1 400 120 25 16 16 1
-6298859 1009214 6161742 -1693981 -143224 -2550430 -2727474 -517615 2130927 -160653 -748592 6750265 -2013622 354520 -7288178 1691972 6333225 -1355105 4263102 -2079514 15624538 -2183702 -6629716 -490941 131760 -1919356 711087 2742302 2967642 -389494 -519978 -1297647 4628426 -719089 3941911 -436707 715769 -2117964 -665092 -2409760 -4924418 -810824 3039192 3233476 -2399074 4839018 909345 8155846 128010 4372628 -1743840 -1377497 1229475 -526662 10741323 1096562 -1393510 4585299 -14811273 185119 2528132 -1977888 8378328 -3216669 -6526328 -141030 -1481243 611211 -717065 -6533300 1999142 1020823 9755032 -153415 1147432 -592583 -6676389 -831111 1331791 -12253334 481302 -3626819 6711895 -1554848 -3656772 -4611712 235308 -2544096 2962386 1664449 -101281 -2921540 -761820 -869061 301106 -888808 9585113 -6315920 3304909 -4014417 308428 -2588478 9451408 3728453 -4618550 -246937 -4113630 -1542558 379319 -1161950 1205362 5582644 -9974230 1283231 -1704661 -24458 -1975698 3736126 1336118 -327473
0 0 657 1445 0 0 0 1259 2036 0 0 319 1158 685 0 0 1014 1881 0 0 573 1905 718 0 0 0 0 0 0 0 0 0 0 0 0 0 0 0 0 0 0 0 0 0 0 0 0 0 0 0 0 0 0 171 0 0 0 1245 830 0 0 0 1144 0 0 0 571 270 0 0 0 806 0 0 0 0 0 0 318 0 0 0 0 1611 0 0 0 986 1635 0 0 0 1443 0 0 0 1266 1972 0 0 0 0 0 1131 0 0 0 946 2827 0 0 0 3186 2019 0 0 1262 2990 0 0 0 2781 1743 0 0 0 0 0 0 0 0 0 0 0 0 0 0 0 0 0 0 0 0 0 0 0 0 0 0 0 960 960 962 0 0 960 968 920 0 0 960 975 0 0 869 977 885 0 0 1177 960 0 0 1215 1010 0 0 1342 2356 1011 0 0 3278 1235 1970 0 879 2852 1473 1776 0 3066 1334 1913 407 909 2792 1273 1826 0 0 0 0 0 0 0 0 0 0 196 0 0 0 0 31 0 0 0 0 0 0 0 0 0 0 0 0 0 0 0 0 0 0 704 3 0 0 0 838 65 0 0 999 802 0 0 0 1312 75 0 0 0 0 2062 932 0 0 0 1307 823 0 0 0 175 0 0 0 0 0 0 0 0 0 0 0 0 0 0 377 65 0 0 0 0 0 0 68 376 0 285 0 247 0 148 0 131 284 0 9 0 0 0 0 0 0 0 0 0 0 0 0 0 0 0 0 0 0 0 0 0 0 0 0 0 0 0 0 0 288 0 0 0 426 0 0 0 0 212 0 0 0 529 0 0 0 0 29 0 0 0 0 0 0 0 0 0 0 0 0 0 0 0 0 0 0 0 0 0 0 0 0 0 0 0 0 0 0 0 0 1710 0 0 0 2085 3055 0 0 0 4003 2231 0 0 2902 4234 0 0 0 4289 2046 0
2516 1374 3652 1820 -677 1260 1380 14 3391 119 3419 -201 -4055 -1768 3251 2105 1708 -581 -2586 -3040 3982 -363 -3391 -1614 -5123
-863 -681 -585 -789 -113 -541 -935 -774 585 -290 353 -283 -1225 91 204 -36 -865 -463 -566 672 -27 -786 360 -933 -423
3717 5377 1708 254 -13908 -339 289 218 1561 -3999 -4500 -2313 -1995 2118 -9117 540 -3193 2320 4397 -8513 2446 -1174 3317 10585 2289
1109 -4494 -4964 -1766 -2971 -1951 -5118 -2429 -1366 -1915 932 -1011 -238 -4064 2640 2040 4441 -237 603 -1778 -121 7942 4022 7283 7047
642 -174 -941 -737 -201 -1107 -946 -252 68 -1171 -865 -160 90 -620 602 -656 -753 147 232 -602 -731 -451 197 -379 -53
-904 -551 -4243 -4295 -2010 -2325 -2853 -3103 -1564 1088 -3508 -4097 -4412 1007 -1203 -4037 -3435 -4008 -2030 -3117 467 -3575 -250 -4164 -1791
-883 -244 184 -472 425 -552 -907 -7 488 735 -697 -826 -723 255 -424 -1767 -951 141 -330 27 -1464 -1773 -879 664 455
216 638 -35 -454 55 153 -593 6 -142 47 532 432 -970 482 -81 -589 -594 -735 57 252 8 -213 -305 -155 638
-2117 4559 122 6943 223 -552 511 -2452 1443 -5315 645 -1678 16 -1089 -7157 -1283 -1616 -499 -4272 -3458 2426 2243 -918 -6592 -6406
-308 103 -418 -140 -1241 -756 -744 -159 37 2 -869 -175 -1425 149 -379 353 -52 86 -1302 153 -801 -789 -381 -449 -754
147 -828 -57 -242 -895 288 252 280 13 -725 29 116 -668 -205 -692 222 573 132 -42 303 -306 -584 -135 483 -627
1313 -590 5821 3292 2419 -1995 -3676 2323 6438 10677 -4508 -4734 84 4440 3172 1086 -1441 -2002 -2854 -1201 1251 3574 1066 3853 241
-982 -45 -757 72 36 -1019 -558 -381 427 -667 284 -396 608 -63 433 -795 68 -705 -304 499 -514 -87 -490 -342 318
-960 653 624 89 223 -611 -862 308 58 126 -269 64 635 -3 341 -405 -413 -227 -62 408 198 150 -456 250 -891
36 604 -4282 3014 -4 437 1651 -6659 -4499 -5425 2180 2889 -4498 -4186 -5908 2072 292 -6938 2292 8103 3113 -3866 -3169 1963 5668
-1303 91 379 -6553 -7703 1059 -460 -1550 71 1917 3141 -1793 -6154 1898 6119 -500 -5561 -3567 5898 5396 -1755 -107 5378 2437 3681
247 223 4146 8184 7777 1092 -678 5817 1129 1746 -1074 -1553 3423 495 -649 1474 3554 3351 7920 -3122 837 -731 1270 550 -345
-956 706 -781 -997 -766 -407 -610 -373 -1657 -1208 -1018 4 626 -644 -610 -1042 -1412 -791 -589 -1208 41 -1417 9 499 -1011
-1983 1465 2391 8000 -3320 1794 -1559 4478 3855 1948 -687 3781 -1291 -851 -2560 656 820 -3013 -4251 -3786 866 1932 2089 -8965 -3052
2 -1199 32 523 -1077 -138 167 -218 -1095 -432 -111 -946 -156 -1046 30 -411 82 270 -179 -509 -1310 493 518 -1468 -1184
57 2489 3989 5212 7934 1760 3067 2980 9019 1724 2943 6551 2856 5984 2266 5061 4910 3378 4400 2313 2159 984 -1739 2128 2671
-752 -528 -551 369 330 -283 -763 -351 58 -896 182 -353 -543 -145 130 -1323 -330 1066 -1107 -3 -263 -181 747 -1661 67
-2710 7701 8201 2148 -8109 32 1541 2580 -1218 -1660 1655 -621 2400 108 3563 -203 -2800 1694 1326 11319 -321 -3499 -1473 2783 5690
-1285 -607 291 -432 922 -975 129 -689 -1134 333 -118 543 -620 -1310 -946 92 -310 -77 -727 -1770 29 -901 906 -1445 -78
-178 312 18 -1006 -106 -24 748 -1025 -904 -276 -1233 80 -842 -896 -533 -22 251 462 -1018 -774 -986 -351 28 -820 122
258 -706 41 522 501 -221 -57 -1392 -636 70 -421 -548 92 -943 574 -147 -2 -419 -162 -106 -685 292 75 107 -313
-846 -1000 -214 -631 189 -443 -406 97 -487 -167 337 -821 156 -461 -854 326 -638 262 -25 -524 -899 -848 -865 154 -295
-1234 667 -1 3605 5973 -3710 -4917 -2584 -713 7947 -3155 -4702 -5359 -604 9462 -907 126 -2978 3772 3861 -872 672 3833 1217 1952
-3151 305 4199 10011 4821 2624 154 -4609 -2138 -2556 491 -923 -997 -1824 1216 -264 -2328 3480 4550 2536 -53 668 2399 2197 -157
-420 2438 -1995 -3653 1630 523 2746 247 2081 -5716 1790 1202 2043 3552 -1545 1290 960 2224 -169 2530 -1695 2849 3129 -1818 2614
226 -597 -591 465 -351 558 -255 -683 -865 -368 373 -403 -665 -307 -1453 -402 623 -70 140 -373 -886 -224 -167 -580 -192
-32 -396 -237 -253 -232 604 -506 -78 467 409 -791 525 -767 -843 -551 517 -569 -989 470 359 -781 -332 -878 -403 -227
-7484 -3786 -7553 -9024 -3775 -7689 -5632 -2738 -4610 -669 -3509 -1424 -5071 1973 837 -149 677 -218 152 589 158 63 -3696 36 -2523
-342 -1077 334 -843 148 134 -1014 176 -90 25 -1318 364 -696 -1 310 -1278 182 -181 351 301 -143 536 -962 -457 -36
838 -2143 295 -34 -4394 -1354 -4669 -4221 -2836 -490 -1486 -2508 -2796 -5366 -4727 -4909 2247 2267 -1034 2336 -914 5932 -9 2927 4796
243 -2235 -1642 6395 7705 -207 -6144 -3633 44 3790 136 -2983 1062 3008 660 -2614 -6856 367 1647 1475 -1110 -2653 4201 761 7149
42 -881 -999 -891 667 -62 -854 82 -67 -306 655 -836 53 198 -325 -419 631 -1300 298 -405 -359 -85 -274 -451 -225
-301 -863 -1454 -874 638 -120 -713 -393 -821 131 -478 -482 -1210 -1279 -68 -195 -1151 247 -812 409 -536 -941 -965 -660 -1000
-48 -1199 -1574 -873 1045 -1027 -869 -1509 340 -415 -581 -377 -634 -270 1034 -314 -607 -1185 -814 -214 -866 -427 -256 566 -1304
-2039 600 5325 -4096 -9444 1414 678 1025 -2211 -16287 -1657 -2290 912 1119 1397 -159 -2496 470 -2727 7307 2031 -3274 -425 2737 6031
2725 -823 -398 -1517 167 -111 -930 -741 542 560 -1344 -414 2416 2315 695 2816 440 3270 -3982 -4560 -1744 1071 -837 -2759 1672
14 471 51 -307 -644 289 -1227 179 -424 368 -613 -1038 60 -1004 572 -535 -240 190 -149 209 -382 -118 -436 42 -1130
-131 1790 -1507 1064 1462 3168 2668 3806 4187 -660 -4586 -1500 -2428 1991 -6616 -3145 -1165 253 -1186 2834 1518 2157 3065 -3914 -1381
-44 72 -3567 -2151 -2382 2834 3188 3935 -584 -2008 404 8627 7818 -3310 -8253 2990 4038 917 -16556 -18729 -958 -3840 -7109 -8129 -13621
-435 -461 -93 -367 15 -64 480 -256 -307 182 353 -534 -324 -424 559 -822 26 -807 -166 -1096 -426 -736 -909 -880 -382
-4518 -2088 -6966 429 -590 2424 -1129 -3270 -4006 1419 4159 -1737 -14310 -3270 4952 3160 -2672 -5427 -1638 -7837 9161 6537 -14743 -15584 -19804
-5031 -7506 -15893 -5926 -5911 -1371 544 -2686 -3004 -4354 318 -1055 -3559 -4078 2024 -183 -4662 -505 -1609 4685 4341 2186 -271 2192 3312
863 1276 -1517 -3093 4505 1537 2119 5441 4323 2523 -2020 594 1697 4862 -322 -2700 439 1955 2501 1552 -3268 6338 9978 4182 -3021
1659 2574 -2281 1864 -8258 2426 2252 -6778 -861 1687 2084 -579 -3194 -1094 966 1160 870 -2754 614 2003 5499 402 -4434 496 428
2121 -725 -1875 -3493 -495 434 4942 1864 4245 3187 -1790 -1309 -4051 -335 1053 -1367 -3760 -376 -1381 4284 -473 -2072 2351 8806 16273
1086 5584 464 243 -3269 4931 1000 -378 -2653 -590 187 -1935 474 1061 -4050 -955 -3104 -3120 -1874 1560 1709 -1600 -2786 -5412 1915
-252 257 284 -281 878 -127 -1343 -1329 694 101 -799 -121 -708 12 -579 -369 -251 -85 202 496 -1047 -877 -1043 -132 196
-1142 -439 3129 8487 7084 -4574 -4594 2002 4288 5115 -2519 -3375 2921 118 -2085 2688 -1477 6673 2846 -14149 3295 1539 292 -1340 -16095
-455 -527 95 -1067 67 -285 388 -1056 12 708 153 108 -110 -1115 -839 -644 -254 -199 -496 605 -207 -616 -587 -769 -964
1578 -2102 -421 3362 2893 -636 -2366 -3634 915 886 725 -1388 866 2908 -392 1525 2259 1429 5139 -1078 3143 5457 -1368 -2139 -1048
6486 7153 1427 -5901 -8119 -165 3525 5092 -363 -1793 -3065 2555 4490 -885 3847 -1724 2881 1994 5412 72 -501 3493 -287 4266 3788
169 -1103 -801 436 -474 454 -282 -464 -728 -804 32 -62 -782 -274 -164 107 -1008 434 612 -61 -122 33 -920 22 -239
1257 1419 1059 5105 6479 -1150 -3129 294 5857 1771 -1315 1732 1794 2533 202 -3223 202 6926 1061 -142 -4804 -4480 -3096 154 -4830
1064 -1315 1842 651 -5882 -54 -218 -3557 1143 1236 1800 -1276 -6303 -5685 2927 -1149 1389 -2172 -2462 -5336 -3248 2237 1815 680 -4799
-136 -439 196 -272 -609 147 519 -108 -698 -269 -657 -551 -1059 -102 -584 -419 -664 -722 193 -900 -414 -1150 469 -867 -574
3406 -1974 -1617 -892 5473 688 790 1624 -2178 -1377 -3140 -18 1349 -4527 -10320 1135 -2364 1839 -2185 -7327 2617 -56 -991 1615 2583
-319 -842 343 -616 -917 -994 -287 -473 264 -667 -435 203 374 209 579 -344 -1014 -276 -662 -504 63 382 -955 -251 -601
1550 6190 2745 1054 5160 3395 7053 3039 2782 378 4066 7684 1998 1558 -922 1451 1667 -303 200 7852 1059 1953 -5938 -2992 -4327
5011 5671 3569 1126 272 2719 3835 -3147 -1061 1315 165 5081 -768 -1561 -1329 3748 2909 -3672 797 -647 1916 4683 4321 6018 3525
-1464 -1337 -3717 947 6031 -1136 1211 -241 3313 -3310 -1526 2443 4970 844 -5551 -2883 1041 3975 2573 4143 2198 2689 3104 -1187 -1485
-356 -358 -270 -212 328 547 -469 -686 87 -571 -368 281 -626 419 548 -453 569 69 -414 -729 -644 -805 -571 -588 -278
-228 696 -741 -533 449 -387 556 76 466 -393 -126 -7 -272 398 -1036 -92 -540 -549 362 -184 -510 -102 -70 -1275 -205
-858 -130 -993 -414 -990 -129 -812 -666 -155 -389 -378 517 245 -787 161 -346 -938 -335 -142 -590 344 195 -438 -302 -28
308 -253 -326 485 -572 212 657 -514 112 -329 -692 -406 -63 81 318 -191 -417 194 278 -485 15 388 -859 -778 -660
110 -1514 4365 -2584 1214 -795 695 1672 393 4404 -2270 -1904 114 1277 1322 -1114 -1399 -3951 -9873 -10609 -2132 -692 1523 1706 4551
-1633 -140 -5323 -5829 -3335 -3588 -3827 -196 2264 351 2945 5684 3485 852 -1725 3918 3335 -886 1855 3485 3448 2962 -4178 5218 10157
-444 -641 -582 437 -837 -1051 -306 331 -248 -393 -888 -836 305 -245 212 -16 -606 666 683 -580 -719 -598 372 -85 -596
2255 -410 -5039 607 212 172 -2288 -2410 -1757 7639 -2689 1682 -3903 -1225 6530 -2879 3404 -3190 -1332 2875 -341 3139 2100 -271 30
-1180 -376 -1352 -716 -744 -293 -831 157 376 -69 -991 -805 -911 481 287 144 -851 -55 -154 -28 -1409 -677 -385 -184 -1268
450 -114 -673 -939 -555 -186 511 275 -61 87 -185 -756 -430 147 -570 -150 -278 268 472 384 -499 -145 -185 -864 -537
34 -244 -801 -81 -877 367 -940 490 177 -146 -669 -556 -90 -666 -37 -1001 132 -460 -494 -114 -162 85 621 -618 649
-1324 -4480 -5290 -6740 -6235 1562 4119 1241 -3628 -4632 2953 2689 -1613 -5866 -5013 -984 -646 -1293 -3658 -530 140 -157 4104 5751 7174
-1103 -793 590 457 324 -586 -330 557 -9 -453 -685 113 3 -611 485 -416 -129 -225 -764 -410 60 -918 -635 -774 59
-3175 2213 -2562 -661 696 -1447 469 1503 428 3075 -2722 4375 3482 4581 4536 -1442 920 303 1111 -505 -249 397 -10575 -17823 -15479
3224 5023 1673 -1975 5221 3313 3473 -194 119 2071 -2398 -812 -1753 1264 1003 -491 -3006 593 2709 -5554 -3858 -1803 -2396 -4928 -1810
-537 -866 -434 -696 -587 374 -413 -112 -469 -260 -527 -968 -232 -763 -611 313 -1162 -861 -97 919 533 236 -361 468 12
-672 6186 2575 37 -2229 1083 558 -3993 -6317 -10072 1006 -1245 -2511 -2072 -12835 -243 -3954 -3873 4161 -790 3539 -1652 3136 7001 3287
3189 614 2184 5944 2626 5772 2864 -1502 -1647 -1755 2756 228 -2613 -1796 -671 2139 2123 1347 1299 -5704 828 5383 6749 3090 729
-656 46 -313 339 -927 -231 949 -1305 -266 -1028 -173 -229 -1367 -2041 -1250 -240 -204 128 -601 -678 237 323 -1299 965 144
-1370 -1078 -898 -2005 -240 -120 -1564 -856 -454 -327 -306 -714 -894 -100 -1574 -545 84 -822 -239 -929 -448 -946 -1342 616 -800
777 2933 1855 1583 2387 407 70 486 1941 -2397 483 -518 4114 -470 833 -4194 76 2367 -1109 2198 1330 -720 -632 213 3129
106 -105 -391 -941 -761 -851 -368 -1044 -439 -391 477 -750 -240 -775 303 304 -1222 -925 -996 -750 100 -735 -814 -1276 -705
-906 -46 -820 66 -1110 186 393 -225 -57 -11 -295 300 -412 95 -936 -702 -904 -1020 -1082 209 -977 128 -866 12 -190
1814 4849 -263 804 -1019 2312 4050 -305 -2049 -20 4038 3807 -234 -2662 6384 -679 -1739 994 1392 2142 1841 4202 313 2486 -5818
4504 -876 -3937 -6583 -5534 1971 1994 -509 -3896 -1452 533 1107 -446 -8295 3815 217 1833 -1128 720 4588 284 1244 -1624 -1489 -4929
2500 -637 -176 5887 -2026 2395 4889 1304 1043 872 1980 7375 3352 -167 637 -789 -560 885 -495 2532 -3585 -4622 625 3155 8428
-1248 -324 -168 -1304 499 15 -669 -279 -509 502 182 -319 -4 -3 -153 -660 -986 -858 -1296 -998 -1530 -899 -756 192 -318
-441 217 -1151 -770 276 -112 -593 -201 -991 -166 433 -1070 -1169 -788 -2009 -96 -554 -997 -1301 137 -848 -955 -1399 -923 106
-10 -1038 333 19 -888 -329 -60 -709 -363 -580 700 -203 -318 -334 -835 214 210 -333 -589 137 490 -372 305 -791 712
-524 574 -536 -128 -26 -61 569 -815 -567 -663 353 -1287 -58 -746 292 -444 -1100 -1058 -169 598 -1187 -559 -1420 -242 -648
-684 647 -678 348 -876 456 -558 87 -502 605 -410 141 -860 -866 -750 -909 -870 -283 -816 280 -650 -347 -144 -516 -3
-2246 -3736 -2003 -11110 -8552 -319 -3428 190 -2534 -674 4261 822 -2254 -2315 592 1129 1656 -4869 -3155 -3613 -119 -1098 -1078 263 -1701
-2681 767 3778 3904 124 -5150 -55 -220 -3984 -10137 -3257 -4157 -655 4667 -5066 -1178 883 909 1187 922 -1265 155 2552 2995 4458
-3058 -6 9617 4005 7927 2772 -313 7427 3032 6857 1102 2093 2423 -6730 750 1513 -1111 -221 -6889 -3349 -10 -4002 -8461 -2423 -4034
-2659 -8932 -4515 -2068 1576 -2400 -1282 -4248 -466 4064 -179 -1518 2148 3897 -668 1822 2367 3621 3099 -1726 1086 2147 -1580 -2939 -3153
420 -328 149 59 797 685 -335 -100 261 -387 174 110 349 -776 411 -99 -190 -832 -582 -101 -747 -961 -379 -97 547
-418 -3440 595 892 -403 -1839 -3932 1963 4456 5695 -4941 -5329 -7753 -4010 -2592 -1189 1 -3352 -6201 -6327 -3142 4956 1882 3332 10696
-637 -767 2637 -1938 2261 2500 1949 628 -72 -5831 2610 -632 -4521 -1165 -2623 2150 -1433 2246 3500 -1892 5072 -6206 -6698 -835 1904
4845 4040 1505 341 -5274 2207 734 1376 -2132 -14382 -2421 1121 417 -2422 -10183 -1506 638 -328 -3316 280 4496 -996 -5049 822 1770
-463 491 4792 -7989 -8297 2999 -546 -2696 -903 1801 -1319 -2866 -2056 6929 2372 -3281 -265 1753 3638 -3203 -270 4281 123 -2346 -3584
-101 -172 -468 -163 94 -353 -610 198 -642 -819 -582 496 -983 259 -184 122 -953 -129 -125 -899 -596 157 -481 327 -950
3444 -635 -6218 -5396 -970 122 -763 -3894 -2907 5246 1485 -1625 5026 2492 7085 -120 619 2366 2332 790 -4054 -4141 -9184 -6791 -9176
329 895 175 -1097 -742 321 378 -731 -484 -533 -511 -728 144 -400 -748 -740 220 290 -340 -763 -541 -917 -1192 134 -696
115 -89 -570 -860 -354 -1110 -773 -1118 -1342 -1625 -279 23 428 224 -308 -690 -594 37 -698 -247 -652 -301 138 -911 -1212
-461 -516 415 -688 -194 -447 -890 -208 -771 680 -65 -296 46 227 -598 -176 -168 352 -541 -252 -219 344 -150 -339 -553
7 49 -921 -482 -466 136 309 -605 -365 -535 288 -288 -869 25 47 -470 483 397 -356 115 -802 150 -838 -545 692
-1244 -1281 -1150 -3179 2326 472 -3444 -3158 2169 5944 -5014 -2119 -10889 -1551 5004 -56 -1908 -8597 1536 6316 864 -624 1594 5384 4268
3190 -3876 -1001 -5 -1842 -332 -814 1030 4527 5246 -3208 1430 1200 7787 3841 1527 2245 2081 495 2287 -826 -833 3376 8038 920
-715 623 -697 -88 -363 -319 505 136 -741 136 -551 -791 -859 520 415 -537 -39 -652 -459 -342 168 -614 -805 132 533
288 -1222 -950 -763 385 -489 -600 -749 -644 -910 -986 -221 -828 -417 -982 -14 -10 126 -90 92 -843 -495 -456 310 231
-248 -781 -924 556 236 -492 -899 -580 641 -567 -44 -903 -665 -247 -866 232 -865 -294 -166 -814 -26 58 -794 -559 -115
200 -16 -1030 286 -794 -102 -851 -959 -911 89 -1035 -622 357 10 80 229 -458 -837 -821 130 -31 -272 392 463 568
943 -3703 -4473 -277 -156 510 -1560 -295 1823 -52 1596 3949 8812 1655 2441 1209 1396 4523 857 5933 -1839 406 -3920 -2713 2938
-7141 -29 3798 4668 891 -8812 488 2080 5041 364 -204 -4849 -903 5568 2995 420 -2049 -3185 2406 789 -851 -3349 -1537 -1016 -3964
339 320 225 428 -995 -766 -635 258 458 -94 -898 -567 40 -618 -892 342 133 -196 -866 -110 -1018 -617 -716 -126 90
1136 -133 345 -573 -488 -906 -476 -838 -253 71 896 -223 1186 589 -901 -285 42 -555 -1528 -14 -542 874 -1262 66 -202
285 -153 44 -212 -619 -224 518 -54 -573 -558 -647 -67 -582 109 437 -7 744 685 -508 72 663 -228 -522 -775 -25
365 597 301 -17 141 -992 -926 -731 757 -580 -427 385 -391 290 124 -1235 744 -455 -642 -124 459 -154 179 -386 1123
235 231 -160 -679 -596 1937 569 -218 490 -592 715 673 161 326 24 -172 -216 -333 683 -456 675 -40 -53 309 853
407 48 -425 587 367 557 -666 101 436 -384 34 -707 717 137 213 615 -785 -563 -226 -678 -12 -727 498 605 536
-746 -478 157 -110 748 -643 620 737 -304 464 453 -27 291 478 -809 -573 -659 664 250 235 -574 220 733 -524 397
-242 -647 245 -696 -478 539 -695 540 -710 529 591 451 -681 185 -84 649 360 -115 148 586 94 286 773 -261 201
-50 -485 377 -269 -343 -237 3 -203 -391 233 88 464 -269 710 -498 -719 408 -40 -325 614 123 -542 201 -265 115
447 -302 1569 -499 590 -699 -265 -653 -382 -414 929 -1009 649 1091 774 -442 1063 -84 -523 -110 723 975 603 1225 -1024
685 198 268 -811 -399 -642 463 160 188 591 52 204 359 -267 158 -114 -193 594 -725 -260 -216 -678 -803 488 626
-442 425 7 171 337 -372 -531 515 165 -202 236 104 -696 -289 -46 239 -747 -511 281 211 53 73 -706 117 -67
820 -452 729 -468 -123 1085 -329 -59 354 -540 739 1791 -355 215 74 -1260 0 -253 716 -194 676 -381 920 160 572
663 -605 153 140 772 265 228 758 754 -417 -644 -240 -354 -468 114 805 541 -120 339 -494 225 -440 538 544 144
-119 -332 373 -756 210 -120 -415 148 292 800 -376 -251 197 -112 94 -256 -485 -684 203 387 477 536 252 800 -440
773 720 838 1122 -479 -1417 1114 -715 -366 -1258 -652 -1115 557 193 -820 -1394 -231 955 163 159 -469 -112 492 399 -209
-380 348 -15 138 151 -1069 -834 146 -611 633 1041 135 866 357 -10 -512 -24 -286 -404 428 504 -842 797 -438 1465
-516 100 793 -77 -830 -987 1012 -426 487 1000 -369 968 227 -585 595 1013 84 216 249 342 -1000 -115 28 385 -105
323 680 -350 394 -443 -799 -116 -361 -94 412 385 -347 -459 -106 -469 -480 422 -505 -540 238 601 -480 560 42 255
417 725 151 -346 278 663 -1518 -171 -625 978 -267 879 147 101 164 -577 -448 951 -440 336 469 382 1226 -1049 397
-18 -261 -519 801 250 -795 -814 -376 -398 -806 473 -33 -797 -30 800 -547 -352 -451 -746 -255 -320 156 -296 118 720
-458 298 -459 -28 -466 913 -96 -662 -1146 -633 -31 406 -1035 477 254 1370 383 -575 379 644 1231 496 276 778 1116
12 328 -559 536 95 -108 682 345 -118 -234 190 -402 -625 18 -592 568 489 377 338 -467 380 -250 -336 538 413
-559 39 -264 -227 848 1451 -970 965 -521 -121 -104 -654 40 821 -758 -194 157 133 765 -606 477 -558 592 -304 -648
-539 498 203 393 173 121 -275 -375 496 341 85 -146 -568 -688 766 312 -774 -699 -796 800 693 -549 -448 -40 406
781 -454 153 -172 656 169 -469 208 -574 124 694 646 599 92 391 -746 154 426 407 -225 463 178 -637 -721 -631
-220 -164 -193 -440 54 547 495 263 -404 -161 696 -564 -350 177 269 108 479 476 -700 -340 198 188 -177 -169 45
-314 -328 41 562 402 -566 404 -454 423 763 -110 230 -217 534 -131 -642 629 -177 483 100 -332 -644 -487 -510 -602
899 477 43 -24 607 347 -1325 94 -27 368 1806 -770 -1357 38 233 -469 -86 -1204 -837 28 978 -1237 -1117 -202 475
1435 -674 -62 632 -491 1460 451 -1069 420 293 1319 -758 -444 228 1136 298 581 730 1214 -409 802 442 -110 934 1559
430 202 -162 -692 -700 -1252 -64 354 -80 213 -880 -1406 1087 779 -316 -889 -480 975 541 -658 539 780 -464 -59 171
36 751 -168 698 -82 -338 -368 630 -623 332 -555 -129 729 681 -583 -57 162 -388 225 -295 790 189 -726 -246 -159
757 -760 -751 -77 117 -313 101 743 -430 -48 -82 -578 283 711 385 779 -569 -470 351 -593 79 402 120 -236 -543
-245 -189 -232 -399 -486 -77 533 100 1120 366 -958 178 916 15 -409 42 86 -31 401 381 393 -995 -963 -373 -506
-246 -639 22 736 -560 -653 -707 -624 207 315 -58 83 -577 764 507 -649 493 -464 -45 -704 547 455 -559 -148 218
-302 191 -726 471 899 898 -463 539 -1210 -206 1848 977 -84 623 -363 -1296 1142 -748 -533 -718 1694 -626 1090 530 -247
-783 307 571 568 -61 74 610 -119 -625 396 10 650 -384 191 17 243 -699 -431 -796 327 10 407 310 -72 152
-297 654 -168 386 -398 278 -664 402 -239 236 -764 -549 -318 -148 -5 -134 160 157 -503 -655 472 -268 -24 -95 -670
-557 377 179 -148 639 601 -646 735 -177 509 -461 533 -396 519 805 325 679 -287 180 -607 223 472 -669 512 712
-61 -407 -228 7 302 -604 -330 175 -272 317 -429 380 783 819 542 796 94 -533 -166 605 -144 347 -354 -711 -288
-806 -161 -258 728 -471 604 385 176 -790 -901 711 709 129 95 363 -250 -1231 -457 82 728 652 -1489 686 -54 730
-220 -53 175 779 -564 349 690 -78 341 -41 244 -1024 848 -627 222 1128 170 304 -820 526 -162 -328 -657 680 -413
366 783 718 -318 -94 542 -624 788 -132 -625 559 -517 -699 553 643 98 447 -559 -459 64 -145 -476 331 569 -211
-246 619 291 645 -354 842 10 -226 -260 -236 -400 -1235 582 -328 229 -936 -38 -368 -573 706 -919 -660 -201 -712 191
-205 910 131 -727 753 434 820 601 779 -78 146 1397 952 -421 589 -804 293 -63 395 92 -273 -383 -1007 -1112 -463
-686 -277 -713 226 -313 -315 -133 217 -728 652 -251 466 347 -777 124 592 -157 711 786 -138 706 -399 -779 407 -70
-795 106 580 -789 235 572 -1236 623 980 -774 291 -174 -173 -79 -1002 -454 965 648 -271 457 393 -1238 216 -79 -864
132 -426 257 341 844 -1719 -826 572 -426 -1083 -622 -589 -827 175 26 -862 127 -813 -693 704 752 -396 939 -740 367
-122 -237 -104 -725 -236 -226 -513 1241 -820 1215 -333 -224 429 609 -522 -143 1786 614 -313 -599 325 139 -211 582 131
-1193 317 1195 269 -475 -760 -784 15 146 -306 -13 889 -171 -271 -428 -293 581 826 -864 -466 463 -829 -758 -1005 -701
-852 484 -1181 -226 -519 -1261 818 -119 624 -1052 695 422 298 245 347 -287 736 779 -251 -691 -413 34 -604 284 362
181 489 -311 729 -48 -1739 -690 -1437 -114 842 174 294 1154 -711 1045 168 -1479 -1215 284 -507 -145 696 -162 845 901
384 689 684 208 374 36 264 697 652 706 303 553 772 400 310 792 -699 -462 -338 -685 -594 -381 161 643 187
-247 600 1067 -730 -197 -1065 213 114 -909 -32 -881 360 719 684 357 700 880 -735 -268 681 -1084 -629 172 562 -287
-762 803 -642 -422 294 -381 -506 188 714 524 -590 -147 -84 -62 787 -695 -783 -661 -369 -342 -103 261 -50 -216 -771
1023 36 -609 -589 496 1115 66 -688 1208 598 1218 -407 225 856 217 -562 -1122 928 -406 -336 -678 29 490 235 -42
151 766 97 47 674 -1175 -190 -38 -327 -113 -442 1216 11 -90 -721 36 848 379 199 744 -888 -588 -890 -260 -953
495 -88 -704 175 671 4 610 722 -577 -151 695 49 -410 391 102 266 188 541 -402 197 -713 504 -120 650 231
621 666 -65 -304 -214 1699 80 -414 -799 1012 818 -219 87 -204 943 649 626 -439 740 -612 -402 382 251 162 500
534 431 733 47 -746 586 99 43 -204 209 -125 -837 1048 -443 713 639 706 -941 -253 360 -1140 673 480 1291 -23
191 226 441 -560 392 -632 -35 -222 608 751 87 -387 555 -639 -166 732 -491 197 -797 -335 481 40 -13 76 174
798 131 -628 -745 512 -309 -544 101 -385 724 588 -486 -1418 650 -1122 -140 462 -398 -196 30 169 230 -541 -582 332
237 -340 -618 -7 662 387 643 1 -424 -240 -78 355 728 -468 143 -350 614 155 617 372 450 -695 813 -543 259
-185 706 -273 -407 856 -136 -404 -1614 -559 -575 -251 -799 -9 490 -822 -732 -518 -1483 257 298 171 -1264 -1182 649 -678
-84 -225 968 6 -241 734 782 -1218 -17 1179 -1800 -1419 836 -21 1145 -332 -534 -380 316 332 549 -807 8 -176 233
1223 -26 18 806 -206 -323 -132 280 -82 -1032 395 934 705 -458 1023 196 -109 306 928 619 536 24 988 108 88
-611 10 -392 381 -736 166 -701 351 -548 -167 -763 -438 -32 -813 -693 -802 -156 350 -330 582 -126 -209 155 389 -765
-199 45 96 537 635 -444 -724 542 224 240 339 237 -60 -538 -713 -385 655 -524 -238 -770 742 494 -378 -58 327
600 448 -400 -815 729 357 45 724 -687 -450 142 -756 -414 -151 -340 -488 -793 -59 374 -501 -220 467 520 -631 487
92 343 -697 -591 -792 -533 486 289 -675 582 499 416 40 -3 -163 465 716 -429 668 -510 -64 413 -352 -301 -426
483 848 -609 -280 619 793 904 1311 106 -771 1126 366 25 -455 -279 1872 356 -361 -398 29 -558 936 816 275 -455
729 -692 -166 -165 -189 428 -494 -300 -831 -1203 756 -176 -38 517 543 -107 -409 -747 -554 675 -1014 -84 450 1144 354
-476 -285 -635 145 -350 299 390 453 538 -500 702 534 -5 192 751 -284 142 -406 -736 -462 709 -591 -237 -463 -773
-443 -204 -1124 289 531 1798 -759 957 -111 -46 693 1070 330 -558 419 -376 1213 -613 -844 200 1306 910 1247 689 1620
294 173 263 278 -45 -467 707 685 438 56 -121 782 683 -340 -374 691 -712 190 -537 523 452 -687 -808 785 -494
-302 -819 -791 580 330 -97 -57 -818 248 -533 -190 -376 807 346 -581 52 -737 -543 -301 154 -65 -539 -117 -352 17
265 18 807 630 -450 350 792 -144 -54 -26 177 705 129 808 -576 65 -802 23 -535 811 403 -299 554 -240 -137
1003 996 754 -125 500 -617 -931 1232 1011 124 1499 -318 -996 -721 -246 795 -402 388 306 -651 -1365 -204 -898 -148 -553
-761 -717 21 -810 86 -429 -683 493 -420 -66 601 -46 557 -375 112 448 667 195 697 180 -593 146 736 -776 -753
727 -659 1437 -242 473 -305 1166 48 -106 537 669 -698 452 -660 235 1390 -144 -498 855 494 -156 803 1071 157 556
-1099 -253 81 -381 197 -425 461 -563 -739 242 -418 87 1233 -1364 233 766 620 -72 9 49 -774 317 -1007 971 -430
-531 807 412 -13 599 -85 196 739 -443 114 -207 432 -425 710 397 462 -655 -273 344 290 632 387 602 734 68
-143 -619 -233 89 -261 286 -101 -949 -216 -21 627 861 493 881 -1057 513 -1196 -221 408 810 342 646 627 -6 -475
-856 301 -957 684 376 -1186 -422 198 572 -108 -287 168 -557 1080 -216 908 -360 305 219 -154 1794 -769 40 263 144
601 -607 -426 -150 275 657 203 34 -426 726 -815 558 -494 694 -758 -258 80 95 -810 -160 -355 -787 -198 -542 -104
455 171 -648 -757 392 660 -141 686 415 587 -1 105 -390 251 163 -311 -486 719 226 -205 746 -212 527 800 765
581 -148 -62 569 -460 -434 -164 -724 -1147 -17 648 1263 -240 -351 -202 -630 744 -701 -1072 -624 120 -1402 543 -328 245
23 594 364 713 -605 539 117 483 513 -364 -150 -272 278 310 -57 247 521 51 -80 414 515 93 -303 -559 -464
211 -252 -172 183 -610 554 -156 560 -641 -386 678 -336 157 -130 202 492 289 605 -573 447 -198 -702 -23 585 241
-449 109 74 -4 -314 -333 -25 -243 134 -491 331 -164 1212 -544 1001 -1450 50 126 91 -431 901 1221 440 1379 -504
-678 -197 -298 -530 -429 270 -506 1034 956 -431 333 -1192 244 974 -1219 -819 -156 599 -149 -694 -336 527 -1070 365 373
656 872 665 -1015 12 857 1156 143 -437 -1050 328 -1952 479 -976 760 -1398 -644 -966 481 -210 491 -949 -57 822 -330
414 267 704 -416 -803 477 697 -368 718 -347 -299 448 -795 410 518 26 750 794 -261 534 -697 -557 677 -763 132
-38 -96 -434 -81 -419 603 253 405 282 -622 100 139 -384 818 -403 327 -364 -814 -515 -463 524 63 610 -545 74
-139 -297 68 -409 -598 -748 259 578 -211 504 -351 -383 349 -585 -475 -42 685 646 786 549 695 -82 -267 314 -369
-203 -190 436 -400 -289 -68 -435 531 -634 -810 27 -763 595 624 790 -723 -541 803 -509 586 195 -444 -301 -99 399
1 738 -668 733 -655 216 -580 -329 682 66 541 -353 469 -432 314 511 695 286 -176 -60 722 562 -797 -164 344
823 -1108 905 69 230 416 -1005 -387 -579 -667 -256 49 -481 503 732 -896 -180 -845 -739 39 414 739 545 1202 629
291 -490 -124 -609 251 -1531 297 1085 -50 193 278 1136 -812 198 -138 478 599 452 1094 386 -1395 728 -739 -315 102
220 -285 787 60 -280 1556 -115 -965 -1135 -789 -119 1196 -542 -1144 510 230 482 -1330 971 -561 1739 -3 -250 458 -41
1708 1012 928 -592 -9 878 -237 1098 392 747 -559 -91 58 664 -1154 128 -624 1124 885 659 -270 1151 -428 -129 -610
-6 435 -289 313 590 8 443 -536 -143 -804 206 571 -300 504 178 616 -814 587 364 272 330 -248 629 421 238
644 -852 -1154 -90 138 863 821 -362 -25 350 -5 -88 -1101 341 -759 590 127 518 -1047 -783 -735 -1197 148 -330 -286
-343 -275 -145 736 -308 736 -664 130 -117 -151 -551 26 -158 1100 893 297 -1093 -423 324 -172 -1431 -228 507 -316 164
780 -731 -315 496 -8 -899 -1222 -532 620 -969 71 -360 1499 -1116 -137 -836 -1730 327 383 -530 -1225 -547 222 -873 931
-164 335 90 453 -847 -399 -650 -510 -776 -170 179 -179 -568 -881 -295 2106 -173 -343 -1564 -419 -514 -1615 651 -75 -336
-226 -424 84 395 7 254 -446 412 617 58 520 -801 156 740 180 -607 -351 277 -696 -575 232 702 -757 542 712
742 602 601 -141 -4 -696 244 -950 -381 -888 -1131 -235 645 -1369 -1104 -702 -1617 283 182 244 -652 -670 -665 -191 -769
602 -260 -200 -68 -347 204 201 106 -419 372 -761 141 -122 -556 -209 158 -259 765 -361 -192 786 649 435 -671 -25
643 -37 33 -281 -746 427 584 275 205 -509 -322 734 533 -695 -502 -203 29 -781 -629 -789 -326 -127 134 -6 705
245 783 500 -21 -475 -281 199 504 326 439 -17 -521 539 813 -505 713 -646 -257 -112 703 93 618 384 480 -514
-598 586 -705 -661 -403 -26 -682 493 -433 -220 -452 -727 551 682 -280 -562 495 769 688 424 -792 -252 -567 -13 530
243 -162 -347 693 688 -6 -496 -273 520 -92 35 -394 -617 -681 -691 -155 -626 -18 -293 -598 -333 847 -894 428 -760
-588 243 461 -328 154 340 -562 425 -622 746 -1250 -146 -616 -1619 -486 396 614 -541 -732 -417 1287 461 761 -557 -189
-398 656 -590 604 -293 -265 104 -798 675 -311 -580 -715 -733 223 471 -440 561 -382 -750 281 506 505 373 46 -367
494 634 459 -317 -251 -132 160 301 -522 87 303 -573 -683 337 625 509 596 203 -437 350 -553 276 636 -407 -419
817 -15 -801 -158 335 -707 -3 787 -640 736 -302 -549 -395 -419 98 -541 -748 122 -449 43 -307 -70 423 56 163
-685 564 -747 -592 -724 613 733 -720 -8 222 306 275 83 -744 11 -594 -394 606 247 -793 -61 -370 391 662 212
-129 602 606 -612 128 -163 -585 -410 -138 -921 146 -985 1557 -135 1072 -898 -264 -640 -365 -1 618 341 364 223 781
90 -616 -619 417 33 691 -107 303 743 -122 452 446 -283 718 -125 -529 692 24 -193 -9 110 811 30 -71 139
-704 -63 618 -126 641 -96 366 -699 -422 -321 -669 -374 138 -752 508 108 741 -740 -124 -134 491 8 115 -490 -130
-2513 -2216 5002 314 -4531 -627 1699 3228 -1485 -1392 -133 -941 1764 1747 2020 -1001 1041 957 2710 1324 -719 972 2237 3469 -1366
-790 76 -838 -106 -1075 -198 -481 245 -1265 -947 494 -1024 -928 62 -230 858 -1124 38 -1042 -27 -330 -580 123 -824 -79
2004 -8715 3430 -2795 -5512 -2567 -1046 -3201 -3090 -7996 -853 1956 -28 -4346 -4549 -836 -1652 747 985 -3559 -3103 -803 -1852 -3299 -945
4647 7334 4907 1680 4904 5650 3705 4486 5587 2936 3796 3316 1891 3345 1485 3365 3458 -801 -3902 -220 2295 -3976 -7806 -6641 -4922
-499 -617 -1190 -959 -1036 -767 -762 -442 -653 -544 -45 -691 -388 -190 217 669 -919 -1042 -370 159 506 -1037 -602 -1 -517
923 3223 1040 -2733 -484 -1956 642 -6224 -1723 -2842 -711 -161 -1139 -992 -185 -619 544 -1046 -1699 903 2413 2263 1496 -2059 -2315
-1530 -671 -263 8 -758 196 -735 474 -1172 -641 -990 -1237 -1529 -41 -189 -294 -561 -598 -972 -312 -13 -510 -1290 -228 -373
-872 -448 -594 164 -687 -250 445 -534 7 -1000 -422 687 -375 -1190 -881 -430 552 -692 46 -1001 444 -883 246 368 -576
5516 872 4821 1566 -2238 2631 1280 2023 -1026 -11435 4775 3947 1960 -4533 -6376 2813 541 -77 -943 -801 6295 2816 3498 -1927 1035
-838 -46 -512 -56 -1023 -689 -265 -93 -227 -464 -38 -169 -994 -727 -888 251 396 411 -369 -408 446 -331 -875 63 -115
-418 -503 -412 -1044 -112 -948 -1130 -1267 -1106 -48 474 -1058 7 -1282 -347 1 -86 -311 -44 -269 -82 474 -1152 -505 -181
-2120 -2874 -5134 -6924 -4447 -7191 -2718 -1121 -2697 -4260 -8842 -1383 3009 1415 2118 384 1624 2492 -1261 2598 833 2637 3287 447 753
69 -305 -1036 -579 244 -545 -1004 -1133 276 -353 412 -1243 59 -1400 -346 215 63 -579 -1 -38 -867 -195 -224 125 -1444
640 28 -569 -731 -26 -348 -381 690 -240 -1281 -877 230 71 -1290 -728 -743 -1427 -164 -403 -1256 -273 155 -351 -1153 -526
-150 1880 -720 2523 1814 -1121 2274 3748 1934 983 -1813 2400 3585 774 -743 -1588 -1829 1053 2020 3586 1321 2053 7912 7041 6228
-5706 -722 -1287 1163 845 -2773 -446 -904 1446 1619 976 -2093 -1384 305 411 -5384 -4584 -3274 -3991 -1389 -3286 -3863 -4836 -720 -3209
1069 761 -4943 -6904 964 -2583 -1923 -3121 -2347 -4541 -873 -3058 -2501 -2143 -2471 8503 1896 -2201 -551 -2967 6035 1936 8555 8322 -2102
-228 -812 -356 -653 -1467 -369 -595 -184 -1227 -337 103 -1242 -697 -1635 -1103 -1178 -1202 -1396 -1249 -997 -1233 -1115 -1455 -1011 -1172
-3132 -5038 -5939 -11179 -11604 1302 -1616 -2953 -1851 -5385 -1782 1507 2956 1716 1512 607 -280 -3421 1376 3061 699 -3222 6854 6377 3909
106 -878 -849 -782 -288 -295 -287 461 529 256 -554 -959 -787 466 -1071 -201 -218 291 -41 105 -202 -636 -1105 207 -447
-6462 -6226 -1972 809 3101 -2285 -1712 -3398 -3156 -5920 -2922 -1029 1212 -2638 3496 -824 -3226 -3780 -2544 2596 1407 2515 -4902 233 -6422
67 -1246 -1009 -925 -496 -761 -416 -685 219 -64 647 52 717 -1055 94 490 835 -338 -659 327 -466 -784 -788 404 -1117
3758 1217 333 1557 5073 -1479 293 1520 563 -7734 636 3170 541 328 7782 1256 1329 1277 534 4877 4442 -1597 861 2592 2894
195 326 -1601 436 784 -1637 57 -949 -540 -64 -590 -407 188 -72 464 -1059 31 -854 35 415 -557 -130 -699 -121 314
-783 417 281 208 161 -318 208 -781 -671 -783 -337 421 -344 -598 249 -718 -594 -977 383 -974 -909 151 503 -641 -1280
-866 -993 -608 -1288 -1138 -885 -460 -439 -922 -995 192 -505 56 -1285 -992 42 -75 5 -538 -632 -1249 -1087 -881 -923 -112
14 -568 -738 -32 373 -488 -317 574 -762 -928 -485 -715 -544 145 628 335 -459 165 -399 -659 669 562 365 -328 96
-6093 -576 -3288 -2146 -5226 -198 -3406 -2852 18 -4725 7599 3973 3062 2276 1756 7602 2675 2102 -402 12 3266 7508 830 750 2671
-2780 -1399 1824 1942 2506 -1024 -2013 -1640 -1989 -3510 736 1452 -227 -4847 1335 -1685 -3278 -3196 -2637 -1336 -3610 -1396 -1850 1674 3114
7180 -251 -911 -2578 4185 1283 -1543 -3492 -3339 563 1909 -4268 -3278 -4945 -6733 -2140 -2359 -4928 2521 2125 4591 6362 5830 4812 2141
117 -998 -166 -55 -822 -1292 111 -88 -1058 -150 -532 -233 -564 -299 -248 403 -681 -966 -1122 94 -627 -227 -794 -130 -209
401 -492 229 299 -283 -941 -193 -938 432 -474 -286 -803 141 182 -809 -717 165 -589 -952 555 -694 -951 -343 210 78
-740 -13472 -1505 -8418 -6148 -9435 744 -6176 -882 3893 595 -725 9 5233 971 1556 2199 2223 -2148 -599 -331 843 1662 1190 1299
-640 -264 380 487 612 -1038 -810 -487 68 630 -11 -54 184 -545 -542 -1479 -587 -926 298 -268 -522 -18 -363 237 232
6705 -146 2140 6077 4791 2484 -1235 3410 5238 7184 4652 -908 2270 182 4716 -1390 -3229 -5468 444 -7211 6872 1255 -743 -4639 3208
-3271 -585 -3404 -4487 -2319 -11412 1629 -2355 1144 2717 -1117 -2798 -2455 182 4055 -6486 -13902 -3486 -2 4936 -3454 -9338 -2826 4321 2201
-549 -980 3 -244 -582 -1140 164 -997 -278 -412 -1214 -652 -248 -913 -333 559 -1039 -818 -875 -268 661 -1061 -584 -1111 -831
-847 512 -443 -219 -1216 -461 74 -1024 -457 -986 34 -1468 -278 -712 -1221 -602 -927 -987 97 -425 -793 -631 -430 -182 57
-1240 -394 -765 -55 -1233 -86 -1497 -776 -439 -818 -239 -1117 -685 128 -314 -672 -1154 -1716 -902 -545 -1220 -1061 -446 -338 -1123
-8028 5760 7228 -998 4875 617 611 4849 1276 -2220 -3163 4803 2409 -2046 992 -690 3821 -339 -84 3711 -2112 -1004 -37 -4883 -3708
2715 -5439 -2003 -6223 2711 587 -5426 -5116 -7115 -1322 1990 -4376 -3141 -77 -876 1241 -1059 2254 4579 5968 -309 -2574 1154 3381 3592
-379 -458 -397 -510 -605 -592 131 273 -1014 263 -791 37 269 241 -36 -895 -573 -706 -1122 -85 181 -885 -900 -676 21
-3343 9348 837 9834 5751 5327 5190 6948 3565 -2954 -5388 -1987 -433 -2486 -13586 -5443 -6185 -5972 -3054 -6628 -4469 -4436 -4587 -1930 998
-1584 361 2142 4184 6202 -3989 525 -198 -1703 41 -2057 568 -1887 3794 -4920 448 -1060 -107 1371 -2596 728 1443 -2406 -9988 -18549
265 -917 414 290 -386 -114 -811 -926 -163 -661 -493 563 -83 179 74 -91 -545 -280 -908 -1049 316 -121 -350 -267 -609
-1168 6303 2155 6627 -4724 -398 7516 3453 4096 2565 3030 1566 1941 -1067 263 402 2289 2608 103 -3359 1675 4027 2862 -2918 -6289
-3722 -7653 28 2755 -4336 4652 5621 5925 3301 -6554 8479 2151 3700 -694 -1521 3379 1472 976 -7166 3046 5091 1609 -1526 -1917 -849
-2149 -799 -3197 -131 -1579 -2058 -3207 -2567 -2541 3733 698 382 74 5 -3072 -7565 -1858 869 -2213 -1480 -8143 -7117 2474 3381 4642
4451 4173 6612 4662 -7532 2999 3109 4100 2272 -3338 3424 2205 8580 4441 -275 580 4778 7149 -2707 -1184 5076 5941 7518 -610 -12038
-2002 2807 4972 2319 6701 1440 5231 1415 -108 -669 3332 1217 2078 1438 2856 4217 4119 5347 1010 4207 6581 4559 3520 -677 -2236
-3794 -3474 3333 3063 -7850 -2529 2128 3914 5335 -4272 -3834 2845 2418 -3390 -6469 -2191 -1467 -2642 -5361 -3212 910 1966 1103 -194 5001
597 -123 -743 518 139 -374 -973 67 -798 -443 -658 -883 -880 331 112 278 -798 -432 -538 -982 -45 -76 21 -343 347
953 -6694 390 -2573 1417 -4039 -1905 -4176 -2031 -4998 1592 522 353 831 -2806 2286 4772 4546 975 -2492 4813 3611 2434 3190 -724
202 409 -355 -23 15 703 724 -610 -763 -1347 330 -444 -290 -1345 -553 496 -1136 -372 -309 -25 385 -209 -1019 126 -317
7697 -1020 -2143 -9031 -9026 -573 2546 -1639 -79 4636 -1913 -737 -967 -3445 -2260 -921 238 -4051 -3791 -1967 -504 -1118 -689 1445 2258
-1850 -5787 -560 3317 6147 -1904 -1352 -3418 5884 11931 -5362 -1812 2306 4409 4176 -5786 -454 832 3017 -2890 -1783 -3144 -334 1005 -1408
-275 -43 181 -69 677 -854 22 -929 -410 386 -836 380 -409 -717 341 -731 -1014 -416 -610 525 512 -271 -440 112 194
6387 -1087 -6913 -3507 -3102 1077 -4698 -3825 -2226 -1486 -4426 -2836 -5168 202 932 -6039 1316 -2465 -2841 -196 -6464 -611 -2445 -2751 -1666
5338 10967 1501 -496 -1338 6842 4026 -562 -389 2341 -3445 -43 -1523 5247 1868 -5642 290 533 2516 -994 -57 1574 4729 1070 5209
-545 154 18 -543 -231 258 -895 -992 -108 -244 -858 635 -949 -350 30 -393 -37 -488 -739 646 100 326 -463 -813 -382
-4793 -5476 1802 6981 6769 -6109 -3657 6291 9502 8265 -6648 -3558 -566 3057 307 -4772 -6503 -5107 -212 -536 -218 674 3038 -202 -7101
-772 -976 421 -78 -724 -553 -936 -573 -45 577 -831 -888 -746 31 -1036 -480 -949 212 -117 33 -31 104 -357 -4 -430
-4662 -3210 -3796 -907 -227 -3352 -5139 -1297 -2423 2527 -1939 -2079 2424 -1266 -497 5121 -1182 2688 -1029 -5304 4836 -253 -96 2893 195
9969 -2128 -4793 -6288 -2084 3641 -4797 -6600 -6673 -6252 833 -2422 -3271 -8140 -5594 245 3149 -2469 -4622 -3783 4252 1610 -4294 -2307 -1779
-3848 -5541 215 1302 1781 -4465 -2963 -2191 -147 494 -2962 1759 -6447 -1707 3202 -1959 1559 1385 -2585 5299 -1599 3910 2630 -577 4753
689 326 -870 -142 -699 -701 71 -302 571 607 -556 -384 -575 -228 -340 -182 81 -200 -556 617 -137 562 537 -861 203
-229 -670 -601 -367 -774 -1280 73 -125 -177 362 -909 -308 128 -263 -1072 -969 -405 -12 78 -983 -1172 -949 -791 -117 -118
-742 441 54 -26 -904 263 -432 46 -1032 -627 -345 -876 -500 -48 -1088 -67 -165 -541 -473 -511 -563 401 63 -176 -664
408 360 -832 -552 -151 -616 -697 571 -142 -203 143 152 363 -354 116 -700 -457 -890 22 -165 -815 -738 -964 -80 -301
990 7852 3743 2491 1623 932 -296 440 1624 -3135 2936 2276 1567 2469 -5844 1673 1884 945 6360 -7315 -4652 2910 7351 -3450 4858
-6933 -6492 -5169 -1984 -1450 -2419 -1241 -416 -167 958 1607 -2555 -3929 1910 156 382 -3007 -2993 1173 1709 -1585 -145 -1811 -1619 1115
-796 -964 -334 -1045 -791 -408 -177 -392 -638 -127 -1135 -525 -709 -742 -734 202 -819 -1022 -1065 -682 -236 -482 -768 -232 -443
5009 -7225 -1117 2255 -10956 -4565 -1380 -3094 -3378 -2959 -9174 -5248 -5215 5028 -142 -7022 2165 -467 56 271 -9719 -4240 -2427 -1404 -3023
-212 -677 -479 -58 421 -610 -737 509 -456 -75 -223 -406 -723 -164 -370 130 -729 -1475 -137 457 -532 -227 -303 239 279
355 5 -363 -952 103 -126 446 617 19 -315 136 -134 478 -353 -681 362 -422 -871 154 -150 -312 -713 -824 -64 -561
-36 -1184 -495 -739 -187 -440 -623 -726 -366 -750 -575 -221 -544 48 -483 -418 -669 -199 620 308 -398 -438 -1273 -341 352
-3231 1390 4191 3307 4148 362 3593 4795 7033 1567 1541 3599 6663 2270 -2221 -3048 -1282 3101 1411 -8287 -2705 -1601 -1427 -4875 -7339
320 -140 -347 -224 377 -771 -1117 -332 -1288 -81 -474 -1330 -636 -170 -123 -1273 -602 -233 -447 -57 -876 -533 -247 -331 162
-3011 -2478 -1332 -4811 -1183 342 -1260 -298 1041 -2055 -1431 -2591 4557 -2459 1680 -3383 -40 -1200 -746 -1153 4367 -670 -1674 -4494 -4794
-3614 8012 -1592 -2188 -3126 1803 152 -2777 253 -5233 8664 4970 1451 1405 -6487 1324 -3524 3025 1255 -4043 1 90 4778 4350 2135
-84 -402 -1190 -804 738 -487 -86 -441 -332 -565 -809 -697 -319 -139 -188 -234 559 -986 -1 309 108 -351 36 -573 -644
354 -4036 -2852 -1469 -143 -1334 1920 884 1884 -931 -583 -120 -343 -4948 1873 604 468 -1389 -1385 -1452 -202 3611 4783 3943 844
3119 -2338 -3803 -3651 -4071 3036 586 2206 -1873 -2498 2139 1679 909 -1815 -4150 2079 -857 -77 -2894 -2580 825 -1967 -10325 -2613 -1287
126 477 -1217 -631 -454 -1295 -458 140 -797 -891 -943 -828 -121 33 -1229 50 526 190 -349 430 -1521 -780 -667 -367 -336
-746 -740 231 -1117 -1213 644 -590 -1505 -1011 1131 -870 -883 -1605 -895 -1350 -403 -473 -1333 -533 -545 -681 -993 -364 -434 1001
-4496 1063 2375 4603 4334 1910 782 156 3129 3698 8863 2993 2405 3654 5112 4224 1499 -245 -1418 2339 661 1417 1167 1737 2198
255 -701 441 188 -769 517 -825 1 -740 -35 -173 721 -1403 176 -592 373 -14 -1116 -62 -383 292 186 -919 172 268
-853 309 595 -517 -943 -980 -137 -5 366 331 339 -379 -96 -64 -801 -306 101 -928 549 -627 439 127 -581 -637 -471
-86 2368 -1513 4080 10857 -4156 -1818 -376 862 5844 -132 -3363 -1910 1229 3500 -8274 -2043 -2604 364 4636 -9411 -7185 1276 8715 8248
2958 639 5346 7773 3454 5746 1106 1324 1772 1780 8779 1075 1973 3519 800 834 2628 1966 3338 7916 -5704 1897 7406 5982 -429
525 -1009 -328 -1719 -5112 6723 -694 -3637 -539 1619 -237 2654 1286 -506 1261 -1210 -134 421 1817 782 -910 1019 -2593 -859 4884
-291 -555 -1190 -454 -572 -195 -1310 100 -542 -261 182 -959 -874 -1449 -705 508 -477 -1386 -302 -881 -1209 -983 -752 -684 -259
-596 113 -26 309 -1265 3 465 -1030 -354 -396 -399 -687 20 -432 -1199 -33 -19 -1357 -383 379 -1212 -901 -1191 -1096 -856
225 155 -1097 14 -517 -727 251 -279 -356 -353 -756 -974 -447 -16 91 -293 -722 -37 -331 -1294 517 -580 -1016 432 -802
-530 -374 -50 -803 -118 -798 -584 -708 -271 17 -693 60 -811 -825 -561 400 -473 -1211 -507 416 -287 -869 -1177 538 -188
46 -994 -945 489 484 66 -538 -352 -1063 -16 -212 415 129 -117 -295 -353 -638 -387 177 -387 215 -337 -655 -952 -460
-12587 -2275 833 1644 -3582 1519 1818 430 -2974 3655 -3310 2341 84 -4452 4333 118 -184 -3778 -1352 2003 -7190 -1536 2110 1413 5592
-1395 -3760 517 7134 9914 -2637 2483 -1133 2354 7489 -6715 -3699 346 822 2685 2912 -33 2997 -551 562 -1815 2122 4668 -3084 -3235
-5278 -2435 1213 7157 2681 -1144 -610 3184 797 -1853 -8915 -3311 -686 2297 1206 -4117 834 -1322 -4070 6669 844 -6339 -6825 -10229 -3120
-5007 -5382 -2337 5710 -2515 -5517 -685 -672 -2037 -3916 -6878 949 -1570 -399 -2908 -3211 -2181 -2388 1115 -4068 -3571 -759 6151 -971 2050
-765 4 -1076 -116 301 172 -29 -180 257 -684 271 -379 109 -1132 -781 -347 353 -561 -490 -797 -737 -279 -918 -1024 -9
2559 -4515 -1376 -4132 -2044 5120 -588 -6788 2792 1209 4355 265 2928 8349 3450 5000 4600 7783 3655 4362 5401 2718 2897 5555 7590
-4015 -3046 -296 7226 2908 896 -563 -3340 -2010 3012 -1048 -2101 -4873 -4486 -4320 -5294 -1835 -5578 -7550 -4124 106 -3171 -5685 -5152 600
5099 1511 -4094 -12036 -18402 2520 -995 -4283 -1033 -14214 57 -1234 -3604 -3494 -7161 -1255 -1709 -1069 2567 2536 1534 1304 3242 -1419 7498
-795 -1527 1931 -1346 -4031 3790 2932 848 1258 -3703 196 -70 85 -112 -1820 244 -1756 -2905 -1602 -9213 -3810 -2743 2263 -3678 -4366
99 337 866 -280 175 458 9 429 -136 37 -88 -221 -153 -689 582 261 303 -702 -578 235 226 39 -116 -863 214
1694 -2804 -7198 -2220 -1261 2357 -2814 -4354 -3175 2767 317 -671 3366 2532 8114 3299 515 4540 2142 6036 1548 8093 2783 -2022 2984
-397 -922 -607 -455 -306 -307 -1207 -778 -435 -635 -679 105 -843 -691 -416 417 -480 -540 -935 -605 -431 -313 -328 -553 -816
-799 -316 -1155 -1658 -1312 66 -871 -450 -634 -143 839 -697 391 -1044 -1008 -76 42 216 -319 -279 -238 -502 -806 -773 -568
117 -45 -123 -838 -44 -159 42 -844 -583 -804 553 -394 481 -313 31 -131 -551 -849 368 194 26 332 537 -485 -906
123 -1185 -744 -756 467 -1015 -1012 -329 -559 -743 -289 -975 1 -711 198 -719 -759 -27 113 170 133 156 -1095 -883 -1344
-10557 -5176 -4764 -835 6985 -2704 -6876 -2141 -1189 -1903 1306 -3919 -9148 -79 -1369 -774 -3311 -9044 -4781 1096 -5885 -4599 -2815 1109 174
480 3259 -1419 5218 3095 935 4008 5380 1343 5020 1359 1195 -521 3535 2979 -1715 -1202 191 -776 -360 -2350 -1725 -8084 -5991 -2919
542 -31 -601 586 -199 -59 -543 -469 361 -327 -1040 -122 296 -712 142 -938 -125 -317 -353 147 410 -683 -301 160 -321
742 -794 -1235 -486 107 -337 -850 -30 -1142 -12 84 -543 -675 -1064 -707 -420 -200 -877 -226 524 -615 -64 33 -464 611
-432 -669 -394 -22 58 -347 -834 543 616 632 -98 -691 -644 111 -668 -201 14 -127 -499 355 -329 -790 279 -579 -297
-969 -540 -262 -795 -833 -844 -1048 -788 375 -1038 -280 -240 -912 -88 -971 384 -1004 -811 -943 -441 -252 -34 -922 -315 -583
-1337 3779 1639 -5864 -7495 205 -461 -4405 -8590 -2038 3516 797 1798 7 -2561 -2072 -270 -3289 945 -398 473 -751 -1747 3083 -589
-3151 -2359 488 -645 -700 -1165 -2865 -2262 -3104 -484 -8421 -8894 -961 -954 -1104 -466 1315 -867 -1098 -122 408 -1038 -5669 237 -1241
245 -53 -62 65 -566 -236 -405 -833 579 114 582 -995 439 -364 -415 470 280 -237 -992 -342 -647 421 -99 529 212
10660 3086 1236 3010 2298 -724 -1685 2411 -532 519 2199 -1398 -2951 -1278 -3974 -1487 -3151 2418 2302 2742 -3605 1242 7209 4230 1188
-582 300 -38 -1128 610 372 -535 392 327 620 76 -691 -300 -809 -173 182 -287 -1206 358 -878 -816 211 219 336 -48
357 4119 1344 695 1221 6292 -335 359 305 1234 1592 4729 3408 6629 -3905 -3251 -6965 4219 1555 -14721 1869 -5343 674 -6415 -11436
-2436 2337 1482 -803 531 1788 -605 1972 -72 3044 412 221 665 -13 10728 21 -226 -4223 -126 4000 -12 -2869 -7433 -6703 -7167
-740 -142 503 -313 597 -807 -817 -467 -720 466 -536 -994 -263 129 15 -325 -741 -840 580 399 514 -650 -1416 101 -434
1309 -316 2039 -3382 -2336 1592 648 -3693 -3495 -106 -1711 -175 -105 1059 -238 -107 893 -1980 1895 -3514 -4282 1068 -459 901 -126
-328 -295 1184 -1129 -1131 -1595 -300 -842 -832 -417 -13 -162 -829 542 778 -235 -1051 -266 -594 -32 -354 -1724 -990 -516 376
102 -895 -854 358 132 568 -890 -479 -273 -527 -185 -788 -863 341 -121 152 97 -118 -142 437 699 -953 -823 -117 -97
6925 1368 148 -6508 -9880 4244 6660 614 -10835 -8539 -970 4804 -1554 -3172 -2620 176 5401 -280 83 -645 390 3579 2507 -766 -3647
-446 -649 -824 -289 -304 263 303 -70 -146 -937 403 67 693 -56 -802 -625 -77 676 -118 -881 -46 -871 476 -638 -1210
308 -616 434 -995 -678 -161 -755 212 361 -657 -594 -198 -392 -18 29 -550 -325 -964 -555 -288 -615 493 94 -246 -493
-6726 2197 2383 1134 1163 -2373 -5030 -549 449 -4467 3009 2604 -4440 -226 8781 2300 4609 -1822 3320 3165 4401 2127 -302 2628 -378
-789 -297 -1050 -623 58 -638 -588 -820 -338 164 52 -65 -241 -187 76 -210 -816 -1334 -836 -225 -211 -662 -110 -533 -88
-105 37 -717 -474 -1041 41 43 -294 -826 112 70 -289 -158 -639 90 -426 141 175 23 8 130 54 -965 -1095 -491
15683 -5236 -2853 -2659 -308 1382 866 4399 1056 8043 -1192 -2517 -678 3765 -1258 450 -363 961 2184 3666 2660 -4374 1765 9516 -2723
-2435 2266 2968 -739 -5320 -292 1166 876 -5547 -8241 -4055 1440 2418 -2037 -5228 -6475 1798 -1807 5513 5549 -5609 -3527 4115 5378 4248
1405 -3023 -2896 -3364 -8365 -2261 -1577 -2866 -726 -2444 930 -801 -3591 -97 2270 2987 577 -1805 -1861 2614 2732 974 864 608 2449
-1100 -1227 -889 -1577 -1237 -950 -271 -1562 -874 -368 -1696 117 -630 -438 217 -544 -1007 -966 -586 -615 -221 -1149 -776 -556 -1089
-824 -963 -1443 901 -3084 -2600 3933 -1121 4672 1217 3981 5802 4951 5743 3534 -139 -1809 1923 91 3791 1662 2133 1636 -3341 -278
-1376 -198 -1063 -972 61 -616 -1380 -165 74 -844 -367 -79 -230 269 -1160 -493 79 -1109 -177 -1518 -235 -1157 -115 -1127 -1452
-5652 -3894 843 -9740 -4970 1351 1089 -3666 -8858 -1213 4272 867 -6440 -5732 -3555 2415 918 -8859 -4758 -4871 4149 3815 -4141 -4181 -423
93 -417 -833 -791 -458 -1088 226 -443 -450 172 -61 -376 -72 -1378 -702 -305 -1168 -283 -979 -976 -1478 -389 -710 -591 167
-5351 981 1740 5825 4827 1552 6 -894 1442 3858 -2817 660 1697 1752 1975 -2925 -2618 -360 -323 -2405 -2805 -5846 -2237 525 -45
-1627 -120 -317 -1238 -927 -175 -464 -144 -169 -514 -1191 -934 696 -707 -515 -564 -782 -883 -365 374 848 -821 -855 -268 309
2 486 205 -356 448 -46 -359 209 -1151 630 -1313 420 481 -423 -98 -443 -786 -494 -568 -446 62 147 -889 -1063 -1085
-545 -875 -43 -554 119 -1155 -603 -29 -503 -588 -952 -706 -466 -170 -705 -416 -1032 -1500 -115 66 -721 -629 -193 -1037 -109
-366 38 -825 -267 193 -900 101 -692 -379 -377 -436 -458 -291 -368 -775 -77 244 -485 250 311 -395 105 -589 -64 -919
1339 -6225 1334 -8096 -2575 -2306 -1489 -2767 -4326 711 -1738 -698 1496 3296 -228 -2819 171 6635 8629 3147 1446 -5905 4842 4538 2584
-13468 6086 6532 8990 10541 -4787 -664 -1510 -1786 -1522 2176 2169 518 -3282 -2197 1693 590 -2294 -5943 -80 1729 -1607 -455 2532 4588
4220 -3922 6422 -1519 -9675 91 3046 -2941 -4003 -2985 -5609 -2857 -2157 -6330 -4255 2373 1179 1786 2964 2267 4981 7321 2155 -956 -535
-672 -398 -515 -438 77 342 -139 -305 483 22 -441 471 501 -52 -934 620 -159 -659 -895 -1354 -691 572 -905 678 244
-69 -410 -657 -310 213 418 -714 183 -468 226 -628 -629 -699 -879 450 122 356 -448 -858 540 591 -784 -181 78 -176
-13398 -15776 -5004 1526 1951 -4908 -1451 991 1231 1048 -2669 2215 1712 620 -305 4342 547 -2822 1190 -493 -431 -2556 1083 2078 948
757 -15 -980 184 158 -902 -894 -261 -157 -810 -742 -501 81 -504 -286 0 -371 214 -934 -1194 -821 -979 -582 -799 -1133
3894 4870 3188 8406 6349 -1688 5895 6227 4840 -85 159 2615 -966 1511 2483 -640 1556 -1481 -859 -6889 -706 -3307 -2745 -822 -2162
-11218 -7891 -9391 -4269 -3345 -15286 -5940 -413 2551 -3212 -14110 -12631 -6667 -476 8639 -14597 -9066 4078 7933 4313 -1194 -9544 6690 -679 7762
133 -171 -378 -192 -219 -704 -994 54 -415 -815 554 -188 -74 -410 -735 -224 -529 -1037 -1156 -804 524 -410 -756 -488 -989
-575 -382 -23 -376 282 144 187 -1149 -13 -893 -389 -79 -166 -185 114 -442 -219 151 568 262 -1288 -724 516 54 -485
-1144 69 -1353 -1105 29 134 -456 63 -204 533 -955 349 1156 -1314 -254 -339 -972 1045 376 -2 -1307 -40 219 -1271 -147
-3183 -1010 -2545 929 5925 -1013 -3001 -522 6701 2873 -3961 -810 2864 -114 -6629 -5389 -1388 3202 -3826 -532 962 2998 -2458 -2196 4
14942 2290 10211 -406 -407 119 961 -1339 -2023 -1287 -2025 -727 -3243 -2158 737 -1459 -1012 -3885 340 875 2025 2904 1333 -1365 2041
186 -909 -557 345 151 -629 102 -890 -485 -94 -31 -45 -1122 127 -840 -151 -241 7 -109 267 -436 -654 -1021 -538 186
7599 3057 9460 982 4762 5050 -1746 2079 2415 3559 -5808 -2697 -3470 -1107 -3388 -3992 586 -1849 -6884 -7861 61 -753 -187 2332 4911
2936 1428 -3871 -1202 -1272 -798 -3029 -3815 -1672 -3900 -1174 -2800 2452 1399 44 -2461 3989 6723 1889 1040 3756 4682 9531 -2235 -5095
381 -784 -210 -867 -134 -775 -814 -376 629 -442 -59 -414 498 -466 -246 -773 196 -154 -941 -72 553 392 -594 -563 -1018
-7462 2130 2853 4101 -4461 5562 -88 1432 -127 1638 2190 3542 -28 2531 -526 990 1978 -3676 -2878 21 -347 552 -1937 -325 2832
-4261 -7396 -7379 -9575 -10214 -440 -2600 -896 -1534 -3941 6993 509 -2652 1264 -1982 753 -738 3153 1918 -895 1103 -4464 4331 3168 3033
1811 831 1997 1871 -572 738 2770 1334 -4036 -2663 -1205 1638 4334 -4344 211 -5060 -643 367 -1278 3108 -23426 -793 -1644 -4338 3688
-609 683 113 2510 7765 -3955 -2160 -2661 1349 -3734 -2539 -2694 -3582 -1651 1097 -749 -1929 109 3084 -1404 -3218 -6352 -2721 7561 -3839
-2076 3029 4746 1358 2568 1979 2380 -1014 333 -426 -3010 -443 -1094 1717 1567 -3320 3741 3112 772 2906 1598 1645 423 2494 1219
-3168 -2974 -4537 -5778 -12799 382 -471 5396 -221 -2521 -2737 5143 3674 7192 -580 1241 2584 -102 -4229 -2124 1627 -79 -3786 391 3651
-361 62 -1247 35 327 -806 -1378 -402 -385 -535 -890 -492 -1000 -720 -503 30 -1290 40 -365 -992 -84 -611 -1066 -601 399
2018 891 -529 -391 1501 2546 390 -3697 -2311 -3150 4187 714 -5437 -4005 1299 2784 -3226 -5623 1438 -1121 -1961 861 3376 4950 -2077
-801 -498 -493 -311 972 -43 -608 -577 -1054 779 143 -660 -963 -602 -289 170 -237 -484 -447 -132 140 312 -715 6 28
8991 -1930 393 -2575 -1003 574 2352 3794 3753 257 -229 603 2414 -25 3309 2513 -2218 -250 1571 -5396 -2067 -4227 148 408 199
9875 1845 -614 -488 3520 2195 751 1788 -3235 4768 -2513 1814 619 458 3334 -789 1895 -352 -521 -2520 2997 2838 -2988 -4772 -2548
-729 -32 -460 -923 297 -539 -382 -762 18 -887 53 519 130 -581 -786 -20 -302 -385 428 -254 -24 391 407 26 -741
-3483 8296 -1214 2837 -5583 511 3103 1267 231 -664 -8379 -1456 -707 -1756 1402 1614 3917 2965 -2902 583 -1850 6568 1351 -1607 2789
5420 -1220 1256 4247 1853 -4726 -1847 -3332 1112 -1552 -2482 -5095 -732 146 4114 2811 -1538 -2903 -1507 8068 1053 1016 -6203 2277 608
-33 -868 89 -787 -769 79 -849 -371 -783 -169 -365 -585 -135 543 -819 -56 318 431 -406 516 -428 291 498 353 167
-1493 -1850 1650 -8766 1496 -4225 -1805 -1575 4528 7227 -4660 -3838 -3581 453 6019 -5977 -2800 671 4512 -1839 -7408 -4990 1323 1479 6186
-857 -131 -213 315 543 -181 -702 -922 302 -787 -824 444 -275 -66 -1036 -991 -984 -388 -880 209 -107 395 -200 292 -996
-1083 -3967 -203 -2877 3962 2223 -767 671 4389 5368 2026 2149 2302 -756 1675 -1085 171 424 -4816 -8238 -90 2070 1006 -373 -46
4451 -3222 -1740 -7546 -330 5573 -1389 -2746 -1896 -2648 4423 1905 -5843 -2804 -610 6451 -2169 -10878 -2516 -1933 8804 86 -4860 -4704 -3383
-2653 -3154 -2161 4518 -10 -700 -789 -3496 -1938 1116 -2199 5846 1270 -2200 -2924 1600 5250 -3711 -1010 2538 1930 -3121 -227 1666 1156
346 596 -647 -108 88 -898 -365 -240 -987 -968 -617 26 409 402 -929 -42 -679 485 -77 -485 508 -712 533 -129 550
-1176 131 97 -309 333 -432 -1029 -553 546 -846 93 -915 -1066 -469 -690 24 27 -503 -1086 84 -652 -934 -1285 -93 158
-629 -717 -334 -276 -677 -770 118 275 -836 -35 377 100 414 -414 -397 -739 -6 441 -804 -888 578 -548 214 -850 -132
-506 -14 149 640 -694 139 -913 97 -806 319 86 -501 -711 -519 -954 -18 195 44 -639 -985 521 97 -985 -89 139
-583 6315 3481 1060 -1749 -647 5197 1595 1795 -6314 274 2141 1112 805 -3313 -3657 5636 379 -1585 -4388 3528 5212 1112 3715 1650
4367 -1443 5026 -4064 149 3178 -2154 889 1197 103 -2212 -942 3075 3461 767 -2009 -3538 -4107 2827 -3449 -5486 -9129 -1736 -5166 -8092
51 146 -750 -287 -678 -890 -605 -525 -268 -1010 -871 222 -413 175 -203 249 -532 -827 -1308 -211 -764 -1177 132 -986 -350
3062 -4204 -3879 -3791 884 -5475 6094 -332 -4771 -2750 1193 7274 5062 -5187 424 -340 4596 1216 3161 1437 2192 1227 1145 -678 3238
28 -976 -976 -299 52 417 73 -800 -199 -708 -913 -378 -902 -593 587 -889 443 -1114 -400 -318 -913 -668 31 -235 403
-186 -215 245 294 -841 -423 -22 -606 -402 -605 -787 74 498 -257 220 562 -293 -919 -765 631 -545 -65 288 -389 -928
-745 -968 142 268 -529 -776 377 -832 482 -803 -431 320 -758 162 527 -421 120 133 -456 -691 -1114 457 400 190 260
-1036 3020 1652 4053 -2205 3878 3897 3187 -2011 4167 1527 1389 2215 3868 83 1106 1787 809 -3381 -9511 6102 -1534 -8037 -5807 -1456
115 -494 -925 71 140 -1032 -943 -696 -168 115 -447 -837 -566 -6 -710 -62 -548 71 -344 414 -488 -884 61 4 589
-2959 -7212 -395 -3441 -5479 -1998 -1181 3399 354 -1122 -2124 1801 -1509 155 76 997 -3589 -1630 2845 1401 -3185 -2669 -7808 1809 -424
5105 390 445 3195 -2421 3672 -2259 -503 -1354 -989 5680 4706 -3349 1435 2348 -696 7096 5427 5796 3702 4487 6715 1514 1864 -3661
-656 555 -313 -240 -867 309 289 -261 58 -455 -278 211 158 -461 552 -578 -531 -568 -1161 -515 878 -842 59 -576 -445
7539 222 -5752 -9055 -3913 -1034 122 2069 1404 2319 1088 1265 -785 3483 1870 3248 2083 4788 -1048 -3518 -1844 1217 1680 -3405 -8697
-4814 1642 -5681 710 701 380 -736 -1045 5742 4822 86 2899 712 31 1001 400 7011 2510 -2009 -50 838 2106 3127 -2186 -254
-289 147 5 -679 -1195 -992 -598 -947 -1868 -1220 -945 -85 453 -1109 -916 -345 249 66 -668 -270 -1093 -582 -312 -488 -44
1117 -290 -1637 -12 -421 58 282 -782 418 -80 -918 428 -1824 -1079 -442 -557 731 -1626 922 -659 -1411 623 216 434 -910
-7246 3654 -2278 7583 1118 2875 -1926 1092 -2423 3430 1599 3773 -788 -1954 1581 2870 2967 -2248 -1241 3443 -2041 3370 -8422 -2487 -1941
-357 -138 -14 -1015 -151 -920 -1161 -1006 -1359 163 9 -70 -1155 50 -845 -1277 -1326 -214 -1160 -286 -452 -442 -66 -336 -965
141 -936 -827 -304 -14 -1060 -25 353 409 -852 -879 573 -309 378 572 -83 -37 -621 -557 -759 -968 -72 -1068 -152 -244
4295 -2858 469 2165 -311 -2278 80 -373 2183 4566 -1431 -1785 -283 822 1944 -3586 -5347 -7249 -890 9954 -6757 -3267 -1298 3368 8442
6732 -323 2339 2956 9430 1351 -2475 -1902 3560 6230 -1627 -3365 1691 -2447 41 568 -1782 -602 -561 1140 1999 7011 2735 2864 4915
3202 -3352 -1283 2717 -3562 3321 3643 -10 623 3513 -551 2707 -1838 -1582 -3032 -763 692 -300 1557 2084 184 3506 -1407 1832 -3597
-200 -585 153 220 -150 -587 -1347 -1244 -1330 -264 -790 -1037 471 -973 -513 -457 500 -234 98 237 -482 -1170 -2 -1319 -1121
70 -809 -887 29 391 605 -978 -1071 -182 136 -565 -905 -210 -1232 -216 -1418 -236 -1100 -1132 -1115 -933 -64 -1199 -1364 -309
-48 -905 -263 286 -430 -275 -918 -630 -814 -446 -531 705 -787 -538 460 364 -318 6 -698 -821 -636 385 -1187 317 109
-68 -904 329 -91 -836 -742 500 -454 297 -210 355 -559 -1362 -219 -39 -56 -207 -733 -332 302 419 -223 -184 -906 268
-892 -201 620 118 -129 368 274 -368 -27 -282 431 377 -728 532 -648 -866 -773 -1020 -280 -654 431 107 683 674 -577
-730 -771 -1294 -9572 -17683 -1811 -1791 -23 -2365 -824 207 266 -541 3225 6174 1484 -3236 184 -1648 4147 5813 979 -761 -3105 -1384
-3841 1739 -7902 -966 4524 -7569 -5009 -4464 357 4256 -6807 1695 -1168 1350 207 3278 137 -2682 1743 5617 -4012 414 6462 1200 -1760
4014 2922 -5144 1588 3934 1561 2632 408 -943 3903 -5058 2047 -1152 2232 8614 -3712 -5717 -5030 692 6288 -3238 -4073 -1708 1556 6139
2679 -5154 -3207 -2241 -682 -3383 -848 2046 537 -2672 -1480 -4557 4616 4990 -3815 -2199 -2596 921 2159 -2025 1529 307 6005 1370 2398
-252 -26 -852 -135 -388 669 -1198 17 -1205 -810 389 -915 -1182 -553 572 594 -789 -1134 -425 -450 -449 -865 -130 -530 -394
-1569 1408 785 1646 5212 1988 -220 546 -8234 -2648 1281 -2472 -62 -1306 6228 -2039 -1057 412 931 -2515 -2277 -638 4042 6148 -3897
-7090 -801 -814 -2126 3505 3642 -3043 -3004 -4557 5751 4249 1312 -6116 102 -1577 3908 -770 -10407 -6034 4572 6002 256 -357 -6012 4929
13968 10307 3805 4164 779 5646 -555 -1571 -1861 -4844 4571 2924 721 -1191 -5428 -160 -1178 -1202 -1234 915 -2543 717 -31 6936 6536
-8618 4701 7680 3253 -4977 -1551 1683 599 2239 -9571 -723 -29 1157 -1662 -7855 3175 1858 -1208 -11592 -6974 3230 -2115 -4891 1876 -6088
-792 -518 -456 -363 460 551 -264 -942 231 -848 -554 -493 630 -846 -602 -171 -873 508 286 -854 195 259 -201 411 -52
-4151 862 -1144 -963 343 -2336 -1629 -3488 -6228 -2191 1379 -3601 99 -1911 1179 -941 2515 4863 2094 5720 4775 9650 -522 725 -752
-385 -1222 -173 -72 -725 -604 -130 -1121 -1107 -811 274 -428 -19 -952 -957 200 236 -498 -1082 -207 120 -228 44 -624 68
-995 -1357 48 -1462 -1444 -1305 -1175 -633 -1504 -1094 -187 -212 -370 -491 88 -852 298 -1104 -968 -995 -649 -353 96 -1270 -848
88 -244 -827 265 -859 -941 643 599 -315 -770 354 -602 -200 116 -387 -459 -791 -556 -550 -858 -177 -519 -610 -394 78
-944 -656 113 14 -173 347 376 383 252 -141 -646 199 21 -387 -800 480 129 -935 532 377 530 -882 -733 263 1
5502 2136 -249 -3216 -4864 507 -2927 -6712 -1433 490 1280 -2519 -2480 1535 5988 238 122 -3788 2452 7118 -781 1662 -1539 -3061 -2887
-12022 -4486 -6103 -3543 -4467 -2205 -2117 -544 -1972 -2603 -1116 1340 -475 3770 -208 2775 2656 3605 -1011 -2207 1593 -1525 1091 1804 69
-691 -367 -718 560 -687 78 -488 300 207 -492 -570 -898 -702 230 -797 -822 -58 -897 -457 -1249 -647 -924 -995 -817 336
-832 4 44 -722 -525 -216 198 -638 -902 -976 -218 192 -426 533 71 494 -519 -141 -539 -526 28 -25 -996 -427 478
235 -417 665 -489 -521 -788 -478 411 653 -568 -885 -796 -387 -473 -589 351 -313 -451 604 -398 -181 417 -32 -535 -900
-1009 -597 -464 -357 -35 331 66 302 -494 -1 -1139 -751 -382 175 -780 -461 -866 -396 -1131 -1091 -327 403 -673 -782 -550
7800 1538 7268 -11657 -501 -4624 656 3482 3816 1272 -3105 220 -326 666 -5053 -234 1999 -1548 266 720 -5143 2302 2546 763 3549
-1961 -5686 -7965 -3954 -9961 -2782 -1000 -6891 -3225 -1149 -5614 -7897 -1953 -2148 -540 3769 -7432 -5134 -2486 2212 2208 6555 -531 -3761 5140
72 -248 559 -559 -520 -513 -792 253 -490 610 -660 -576 -87 -261 -195 -928 513 -725 366 -116 488 -388 -62 28 -684
-775 -190 3734 -193 4008 289 5801 4224 142 2620 -1729 684 757 -1142 -3684 -2929 -459 -2554 -3001 634 -3502 1837 4467 -1661 -951
-347 -760 -433 -612 165 -489 -450 -569 -804 391 188 203 -349 -546 -176 728 -183 -1003 -195 -390 316 -797 -117 -481 -1105
-2654 2910 141 4951 3651 4774 2214 3883 -4030 2187 7235 3672 3350 -4108 395 1893 95 443 -519 -2576 -924 -4423 382 -12657 -2259
999 3716 496 99 -5045 -811 1965 2935 1936 -1999 1559 2868 -386 -2351 3440 -5745 -3976 -6863 -1115 4142 -738 -1812 -7237 -5869 -3169
-95 -782 -656 -1240 -1166 280 -838 66 115 405 -196 42 604 551 -36 373 -317 563 -949 138 400 89 -405 675 -325
-544 759 -2070 -1577 769 -2281 -1586 218 1647 263 -1103 -967 1953 4566 1164 -885 1529 -416 2269 -1410 -1318 -1395 603 -73 420
-1894 1231 -201 -1071 -472 -150 -49 96 -585 -975 -833 -297 -1132 -279 -397 267 -1110 -996 200 -755 -982 -367 175 999 33
-116 -115 -723 -53 -945 9 -687 -243 603 663 610 44 -290 146 -434 163 -443 -401 442 -568 -826 393 70 -66 -559
8483 5068 760 -6175 2137 2789 3831 -5839 -13187 -6192 5263 -367 -11312 -8359 -446 2999 -2412 -4037 -729 -2814 -2122 2085 -1739 1706 -614
-88 310 -154 -558 -680 -47 -103 -1414 -795 -881 -126 -911 404 -1139 -728 -740 41 -119 -813 -601 -248 -384 -165 -437 -1407
69 388 553 56 -172 -139 -103 -482 -61 443 409 169 -796 51 -249 530 -619 129 24 30 159 -833 215 98 59
-4170 -1433 -4547 2611 858 -411 -4818 -1053 -1639 -4048 3561 -1992 4875 -3579 -7191 3233 2237 4290 -993 -932 4927 -1217 -2189 1051 -3709
-229 -80 517 -557 321 -619 -1350 -1075 -541 143 -773 -236 -186 -650 -329 -720 -571 107 -776 -985 -517 -881 -1339 -52 -1250
-96 381 -658 -399 -643 -405 232 -943 -136 265 -120 -693 -458 -7 299 -449 -412 -161 -308 -499 -737 -678 -101 -725 613
2860 -1285 1420 -4632 -8636 -4405 -208 -2319 -6555 -1469 376 338 607 827 -141 5887 -1074 -3526 -617 -1448 4853 -3217 2189 3743 -1609
5107 1438 8307 2620 1297 777 2550 5257 3883 -2414 -8253 -581 506 -1128 -14665 -7650 -1703 4659 4516 -3711 -3414 6080 2290 -5405 -3343
1176 -4389 -8687 -4299 -4363 -1993 -3301 -6821 -4359 -478 4299 2129 1655 940 2666 827 993 3118 1139 4198 1719 847 4749 6088 4125
25 441 -1056 -576 -1030 -112 -983 -1645 -1707 -521 -1524 -1296 -626 -68 -464 -1485 -1325 -448 140 -859 125 -779 -884 -847 115
-8614 -1892 -2894 -1025 -5825 -4777 -4891 3740 2305 -5754 -2147 -2508 2539 6396 -592 -2094 -2870 4384 2800 -2247 -3893 -1855 -2894 3246 3701
-281 -354 383 565 -230 -1539 -1157 -628 -689 -930 -321 -532 -579 -1198 -898 -204 -566 211 -862 -706 48 -311 66 -44 -322
2163 -1819 -3156 -3024 -5498 -1771 -360 -3980 1455 -2296 1476 1587 -4990 -5802 -3487 2186 782 -5169 -2899 1339 4789 -117 -7763 -1493 -3012
-1011 -1441 -160 374 -713 -450 38 -287 -773 -750 1 426 -726 -1351 169 -154 -113 -636 -722 -874 -1442 -112 -450 -198 -732
-1979 67 -2306 590 4974 1365 -1712 -3000 -1525 11475 667 -3548 -130 6826 7352 1538 -2855 -779 -2317 -912 4332 -2174 2172 2922 -1845
-1122 -1167 -1255 -629 390 -1392 -358 115 -1414 -448 -1625 -746 -440 -152 -943 -1139 141 -1789 113 249 -317 -681 -799 -1192 -1789
-767 -425 -847 381 -894 -837 -649 483 -1188 -497 -1440 -940 -230 -362 -1061 129 -76 -807 106 -1156 -1189 -351 -93 -348 -990
-320 240 222 -976 -274 -649 -749 -989 -858 -353 -1327 -547 -1256 -992 261 43 -1053 -354 -358 -125 -441 478 -481 -1008 114
538 -648 -128 -621 333 -894 312 37 184 -834 186 362 -544 -693 -457 173 350 -570 220 -630 -136 -172 -92 -86 -87
1014 -991 -2951 -628 3520 6772 5642 -2437 -4735 67 8180 2960 -1661 661 1561 90 1760 1287 2655 2975 -4895 -1063 -1131 -3493 -1039
-7148 -2950 839 1204 -1254 1190 3576 437 1996 -350 26 -923 4217 3428 -8252 -1032 1906 4959 -3386 474 -3608 -1153 2527 79 8416
-344 1027 908 190 -4719 -3054 -2422 -9256 -4363 -902 -2015 -578 -3235 -5524 -6843 4818 2640 4808 891 -1271 9811 6768 2096 -1172 3466
-198 -224 -27 -74 -272 -809 213 -405 -684 673 255 -113 155 -422 -708 -243 678 -526 -1070 -745 674 -744 -597 304 -414
-503 0 229 -254 -611 275 -229 564 -942 -100 -179 -801 -962 572 259 241 -392 647 -47 -591 110 256 -868 -761 57
-2531 -3193 -2231 6283 2510 1714 -1947 3545 7410 -3515 668 1963 3502 315 -1490 293 1021 2212 -3027 1275 5969 2021 2865 -63 6900
678 -458 -1047 -786 -694 -1317 -1020 -703 -111 -815 -1340 -726 -432 255 -648 -859 -1075 -862 -1204 -536 285 -432 -310 -1166 165
-5270 32 3357 2287 -2922 -4172 -1728 2096 2106 500 561 1681 -479 -5250 -3437 4546 -1457 -3630 -6006 -5046 -873 -1938 -1993 2308 3308
-9254 -661 -598 -1433 -204 -7699 -350 1431 1003 -2908 -5836 2391 3049 -672 5997 -1972 -5586 2220 -1826 -5034 -11 -8612 2656 2508 2913
-809 -119 -503 -467 86 370 -160 -57 84 -192 462 -593 403 -321 -55 -416 110 -288 -270 -51 -211 249 -65 -932 614
384 -363 -527 -1144 -135 -729 -916 -828 515 -412 -947 -38 -221 -663 544 -1059 -1349 -887 -523 -751 -1038 -322 562 -703 -761
-1268 -1042 -245 465 -377 388 -1329 -1147 484 396 -992 -780 -64 277 -230 -182 -91 -448 -402 999 485 551 -189 -702 -326
3878 7573 -1394 -793 -5003 -167 -2474 -659 -1112 9752 2177 1046 -1251 -1648 5115 -566 2711 -2086 -1388 1226 3850 1562 -2525 525 -2727
-860 -4187 -1122 -296 1149 690 893 2127 2475 -521 -796 -1045 -4876 -1114 -4349 -1452 -3563 -781 1767 1115 -2455 1421 5780 -1972 6210
-1273 -988 -1116 425 -525 -471 -98 -1255 -963 -1112 -250 -1030 -829 -955 -218 232 -248 -486 -1028 -124 35 335 -489 -290 124
5699 438 3893 2949 -190 120 -2860 1172 763 -7677 -3544 -5754 -6866 -3752 -3958 -4521 -3327 -3873 -1197 -1428 -2537 -3292 4253 3451 -1671
5135 1562 -2389 -203 -3968 -2304 -1731 1553 4062 630 -666 -1526 2990 5074 -1019 -4149 -25 4867 1852 566 1239 9712 3153 -9180 -13201
596 518 27 -577 353 -121 -1001 -957 11 416 -236 -782 -561 -288 481 -508 7 190 216 -121 -922 147 -867 -786 432
7696 690 2322 330 -6147 2089 512 -282 -2006 576 -1991 782 3097 -2791 -2116 -1416 138 -5480 -2599 3260 -7058 927 1234 4388 1448
10113 3113 3055 460 -1836 5723 2105 2310 -3754 -7186 4474 2025 -3512 -2731 -2764 2355 269 -1211 -1334 -4658 -4314 -6332 -727 -2098 -771
4324 -1631 4455 4113 2471 2009 -1912 65 447 -6727 2818 -2144 469 1862 -1681 -5867 -6010 -1673 -2479 709 -14349 -13331 -6159 6151 6104
432 1812 493 -188 1838 -987 4268 -592 -323 -6914 -2424 937 -1253 3728 2131 -2817 -1420 -1142 -1405 -19 1074 -4997 -587 387 -8
2330 3838 911 -1248 -340 -2634 -1306 -1886 -468 -2574 2600 2304 2695 -1106 2389 3488 6089 4202 -2033 928 1627 3372 -559 -2893 1208
-4175 -2542 -2665 -5762 -1398 -2377 -3115 -2944 -1592 -8950 2744 -229 4129 1881 -5935 3555 4583 276 -164 -6444 3247 7387 508 9858 8357
-700 -8 -681 -44 348 -855 -1118 -1282 -1142 -984 217 -156 -28 357 32 -1100 -521 -265 -776 -387 -42 -149 -957 -1054 -185
802 2809 -1631 566 6058 1104 1544 1135 -1259 4097 2720 1439 -4956 -6059 4710 -682 -4146 -5498 -2108 -1481 4410 3667 1032 4718 668
-600 -135 -199 836 -230 -536 -222 166 -1019 70 877 -42 -1370 -78 -612 -443 -108 -90 -936 -442 1008 701 -685 447 22
2161 -4489 -1116 2465 272 1114 943 -2326 4855 3387 2590 1772 1667 -1529 3433 2581 673 -2243 2921 -3919 -10827 -6363 230 -668 3278
-4239 -2699 3176 5073 1700 -3217 -1811 1770 3848 692 -657 -1497 435 3021 -1293 -3042 1512 -1038 1986 -4025 -4434 -1690 -5103 7235 -204
-589 545 683 237 300 178 -609 636 -560 611 -902 629 165 -643 663 -214 -162 -660 -582 -564 153 -671 216 -818 126
-6997 -1516 2173 -354 -225 -1903 -4271 -383 -1858 1192 -4817 -135 1771 3483 4911 4978 4594 2061 2254 2901 4725 -305 -2745 -2860 4357
1729 642 -913 -247 4048 -2762 -1314 2658 170 6509 -1435 231 2179 5805 10861 1992 -7987 -1479 722 4426 4246 -3428 -6377 2911 2499
-219 565 -930 -295 -214 267 423 595 -404 -519 -893 -739 -510 -570 -829 322 617 225 -443 -721 19 -634 -676 233 -641
-1214 1105 1199 462 5511 -1782 -8562 -5027 4180 7097 -6126 -5327 -4467 5393 2225 -2523 -1582 -272 2341 -704 -1753 -2783 7289 1500 311
37 333 -472 455 -603 -402 362 -480 -303 -902 -238 -516 -571 -373 401 -375 -576 -838 -183 98 258 559 244 -628 -273
-1533 -6864 -3966 1773 -1508 -143 -2181 4419 5694 208 -2745 -3693 -480 117 -1847 -1083 943 2058 -6055 -6052 -2803 -2099 -34 -270 9096
669 975 658 -550 4780 -239 2992 558 -89 -2289 5066 1514 394 -2061 -4892 4634 -2555 -3685 2067 -5874 8691 -8676 -5437 -2231 -4029
-304 -2062 -69 1338 112 1323 -187 2597 2119 5451 -4464 -1708 -4484 2614 1568 1293 -1880 -4950 35 -3773 3485 940 1883 2018 2877
227 -778 -133 269 -930 -399 -766 398 -45 316 -893 -944 -362 -923 -325 -762 -162 -708 -743 395 278 366 -240 -861 594
-1257 -131 396 335 153 -973 -99 -85 49 -717 -538 208 -951 -975 -450 -203 -1070 -529 -335 -94 -857 -844 -298 -236 -245
34 -394 94 -112 82 -214 350 -537 332 -475 10 -476 -47 -202 -105 95 -557 -29 64 437 -894 214 -416 -23 -461
674 -43 137 -368 371 -779 337 -457 111 -637 -150 559 133 -880 -946 -617 214 -598 -54 404 -96 223 -799 179 372
1011 325 1863 6843 5493 825 -983 2076 203 -381 -8766 686 3357 -2161 -6064 -866 1669 803 -1142 -125 3436 3359 4154 273 60
-332 1575 -2159 4073 3549 2005 4539 5871 5215 292 2933 1519 -6519 -2826 171 -4937 -4405 174 3086 2663 -10151 2096 7726 1445 -6381
719 506 -659 -1273 -1127 -579 -1226 -955 144 -1076 -715 88 -933 254 -810 -1272 -333 96 -549 -103 89 495 432 -866 -282
2785 -1533 -4224 -2176 -2123 -1847 2374 551 168 1023 1126 4791 5335 257 -94 2795 4606 7525 4176 494 1316 -1763 -3064 -173 -404
-515 -259 -961 22 -593 -665 146 -63 -1315 -1328 -374 22 200 314 144 -815 -10 -791 -545 164 -796 -688 -1145 -89 -736
-525 -640 -403 41 -63 321 -183 -843 -726 -816 28 -637 -481 -585 -389 -277 -173 532 -709 -90 616 -371 -33 -748 -507
-662 -935 -202 246 -825 -195 -927 -826 -897 -373 505 -150 17 -878 -271 -576 151 -716 61 325 -828 -467 -876 -967 248
3406 8005 7681 630 -5222 64 2193 357 -5175 -6671 -1090 -1036 3658 -299 326 2662 5362 3828 -3026 -2864 4377 -2433 -7027 -5875 -5063
294 -819 286 715 85 226 52 -723 -520 -629 687 -373 -794 -732 165 -290 -508 -664 -979 498 498 -1199 120 24 763
668 -400 -9 666 587 -2478 966 5982 2967 2622 -1201 -2197 -2637 -2974 -2802 -4815 -1367 -263 1745 130 -840 1231 3532 161 3201
-2130 1203 1556 1950 2605 -125 2508 1546 -604 355 -1926 -937 -450 952 2292 -4098 4228 -1668 1501 336 5752 1625 -687 1542 921
-986 101 -1018 159 -834 -1086 -1102 -764 -22 -739 -698 -495 397 -1121 -468 -606 702 114 228 -408 309 -966 137 -412 -349
-5128 316 -846 -3950 612 1025 -568 -1775 -1322 -1179 -3706 -1692 2058 307 -3420 -171 3385 3445 2824 -5986 5408 7668 5742 1955 3775
-1176 -3004 -4025 -377 -2567 -1893 -497 -4919 123 -1907 -1021 578 5179 1275 766 -1844 4825 1584 -2303 2878 1369 -1756 -4633 -3983 3489
-1778 -434 -766 -813 -1609 -334 -488 -588 -944 -1630 -177 66 -809 -810 -866 278 -1049 -1426 -1123 533 -1193 124 -1846 -904 -1822
1161 -66 -1063 279 -383 -837 -1291 -1402 -161 82 -180 852 -335 -191 217 -179 -48 -878 1066 -1022 703 -1476 -851 -1184 -1591
-3745 -1405 57 2860 2184 -1758 -1772 -158 1199 770 1699 -495 -447 3184 -2451 700 -2573 -1229 -1626 -3397 949 1967 -2647 -635 1755
487 -496 -884 -1160 -534 -828 62 -1220 -228 369 -611 127 -50 -139 -190 -408 -60 -1271 15 -292 -421 34 147 107 -403
300 90 -766 59 -871 -434 125 -691 -930 -780 266 -373 -1123 426 335 50 -1 -457 -896 -798 -453 -973 322 253 364
-948 -1157 5511 2151 4757 -3322 968 111 -1047 -3629 -6225 996 4259 -227 -6356 -2822 -2050 -1456 -6127 5268 -2088 4497 4330 -2721 5189
5354 5360 333 -355 -220 3009 4018 2216 3269 5127 2564 991 -119 92 3334 1262 1851 -1461 -1692 34 1289 301 556 1277 2716
6465 4466 1732 2367 2868 4748 3716 1351 2437 8097 994 -2271 -4359 901 5391 1226 -3899 -3770 2498 -120 3861 -3344 -1637 -2962 -2667
-205 -147 -1146 -47 83 -246 -592 -269 -320 -666 -44 -835 -866 -1105 -420 297 -409 -1028 -642 99 -1077 -927 -1399 -476 -226
-51 160 -552 -787 -1563 -739 101 -125 -1041 -1708 255 300 -666 -547 -14 23 -695 -240 -995 222 -100 -319 -418 45 -396
577 157 82 -165 -15 632 436 514 216 154 -20 -804 -746 -883 489 -485 -552 270 -904 -364 -153 352 -645 394 -531
-218 -791 -1150 10 477 83 -935 -476 -517 294 296 -283 -160 -1373 -499 -93 -778 -20 -504 484 -478 -391 -605 -827 -238
93 541 310 -25 -538 -47 428 -921 -374 -330 -639 -578 -544 -456 -894 382 498 -647 -786 -329 -181 292 620 369 -223
-85 -31 -3067 -1143 -6072 1049 3402 -2178 -1973 -3035 3470 2225 1089 517 2528 -3738 1968 4246 2340 3786 -4230 -1502 -809 -2869 1000
-165 -1587 -4602 620 4912 -7375 -9834 -4971 -2030 4552 -2402 798 -1484 4026 -2330 1932 -2191 427 552 -1271 -1182 1035 871 493 -2319
3942 -1016 -1178 -687 8942 -699 -1354 1179 -543 4746 1265 615 734 459 2555 2661 -3970 -3906 200 4597 -4125 802 3602 2400 -3385
-2138 -801 3556 -1548 -5735 221 738 1735 -1388 -7627 342 -506 -4075 -2219 -6095 -318 -3843 830 -284 940 -885 -617 430 1292 -1822
226 -527 -418 251 -343 189 -256 235 -382 292 409 -1102 -496 -125 132 -189 -608 -761 -276 407 -632 710 -817 -607 -360
-2835 -3367 -2212 -1984 1128 -2414 -934 -498 1066 -1298 345 2615 519 217 3566 214 2210 -691 -3184 -6937 -255 672 -98 -2984 -5030
988 -3187 -3959 -1630 -5380 -1307 -1701 2840 -3411 3898 2631 1504 -662 2882 1790 6017 3571 297 1258 3001 931 1169 2932 -1292 5720
-3309 -384 -1854 1097 -578 986 2500 661 -332 -4055 -229 -577 3553 496 -186 1716 39 5422 3676 -155 -528 919 -1038 4716 286
-3162 410 4597 7537 10636 -3229 -789 3768 1060 -3565 -1885 1781 2466 -9637 -12912 -57 -1366 -218 -6360 -11471 -2964 -1435 1466 -5533 -15628
-400 -79 -819 413 -418 230 532 -468 -11 -990 -103 -231 -810 -390 -106 -936 416 376 -186 218 365 -298 -636 -14 -411
-2857 -1646 -122 -738 -6426 -2930 1346 -2433 -874 6531 -2413 -302 -3606 -633 5635 -2142 2257 736 -613 4955 1701 2035 2551 -1673 2084
-233 -7 -1174 -880 -59 -112 -603 -626 -772 -605 -651 429 -558 -215 -722 389 52 -357 -986 -520 -472 -543 -280 128 -327
-1161 -377 -870 -333 -808 -777 -526 -244 52 522 -64 -566 315 -943 -869 -527 -945 87 -209 703 -1030 184 -855 383 -332
583 419 -619 -839 618 -265 682 -841 -649 -352 259 348 513 533 -121 -153 -491 439 -918 -233 403 -602 -421 190 387
-573 -916 274 -597 -444 379 -448 -919 -884 491 -267 -646 561 -336 -826 132 527 -130 620 473 -425 24 661 -898 448
3904 1044 2235 -743 2598 28 2692 -2257 495 -241 -575 -3751 503 4508 3152 -3738 4400 -84 2637 -1206 -6930 6423 -358 481 -1791
-950 -1367 -2846 828 6101 -157 -2875 -7004 -2781 -1893 -739 -1420 -1354 -344 -2250 -1723 1614 -209 -425 -4273 4713 1442 -7789 -11285 -15205
-694 579 -757 -159 -236 -498 -547 -825 -623 -891 -493 -960 -878 168 130 -905 -277 -440 307 -104 -437 -1043 -313 380 -474
-792 351 -1033 399 -574 -777 193 -1158 203 -451 108 -925 -274 -131 -459 130 -1010 -364 -892 -268 -784 -47 -235 -461 -784
-778 -11 224 -959 578 -41 -904 114 170 -557 -711 537 -675 -965 -675 -55 -848 -572 -743 -944 -254 565 253 -956 -582
-174 294 -1129 155 22 485 -930 -624 -23 -863 -582 -501 235 -252 460 -1077 -394 -523 -355 344 -1076 -684 -1006 417 207
1107 228 -2442 -14204 -7342 6667 1898 4365 960 -4699 983 2676 749 1200 835 -2012 -2859 -819 -3396 -1489 -12090 -2215 2243 5994 4318
-8336 -8906 -13553 -9376 356 -3196 -3524 -3521 -5780 2033 530 -1025 -3290 -1460 3939 -305 -2217 -759 1193 3622 10100 6439 -1593 3286 2793
-460 -451 60 188 764 -13 -607 -12 -977 -447 -251 -996 -915 -21 -895 -41 -776 -554 342 -334 -753 -198 -65 -665 -704
-80 489 -462 176 -161 -406 529 -392 -789 -392 -167 432 -723 580 491 -416 228 103 -588 -368 428 631 417 455 622
2 221 -591 -104 -242 169 -17 477 457 -583 103 -116 728 -202 750 375 -13 -208 446 -636 -285 -755 783 -56 759
782 -84 -564 -767 665 720 480 684 -437 -742 -566 112 398 786 175 493 -150 813 -407 779 -1001 326 366 576 575
812 740 425 181 513 95 436 176 780 19 -34 -733 -625 776 20 -59 368 581 634 749 -464 -134 -678 239 -792
354 -742 589 -239 -183 437 -426 -123 -381 759 -324 -788 128 -81 107 -569 -32 14 -478 294 -781 434 818 733 -509
-605 -22 717 -680 -81 -39 -800 589 338 363 267 400 723 227 -634 111 555 -793 -673 -197 224 10 -241 -590 251
49 296 387 -168 423 -523 -428 -748 -547 -97 -241 -7 -30 -208 -395 768 -177 -550 282 186 -776 73 -96 -620 -333
-531 726 800 -55 -423 -82 432 -85 55 333 719 -387 65 -264 452 -379 813 38 -223 -558 317 587 468 643 236
487 -461 -400 -622 -767 457 473 460 159 439 420 461 -807 13 -140 -308 379 -316 -17 -165 -283 -16 -497 756 143
-54 -225 661 153 154 -813 131 -354 133 724 353 -221 525 672 -25 -29 805 -171 76 -150 -787 189 150 -558 476
-43 -749 -114 277 711 -607 567 171 -55 -687 -796 -166 64 296 576 620 335 -297 -483 396 776 389 -288 -533 99
364 -539 -186 -716 242 455 -649 -326 98 -180 396 378 144 9 -583 719 106 -769 -5 -347 -520 -475 717 -464 123
382 -686 609 272 179 687 489 8 -596 -444 -728 -505 -201 506 265 530 309 754 -679 -751 -672 363 -641 -614 750
213 -452 -741 -331 -352 377 -533 409 371 -623 285 -790 347 -328 -752 28 -762 -630 -230 182 484 247 649 293 208
-739 -193 -218 777 -184 -201 -20 -672 71 -355 -517 -46 -72 100 -433 -324 637 -698 -776 -465 -285 -616 157 741 592
-479 640 -597 -713 203 441 586 105 771 645 -585 387 -600 -649 432 277 -251 -3 -630 108 -1129 -276 -418 -601 526
354 319 -59 93 126 693 -197 -329 133 19 526 -819 -488 723 252 -34 220 88 -15 -698 312 453 -598 168 -698
-131 -50 93 -111 -152 213 -788 732 272 -183 246 -403 -397 -606 -141 -809 -599 -81 -680 -201 -157 532 697 -731 656
-602 765 -569 -751 780 817 -140 534 -523 599 222 -559 -408 -450 488 -671 -101 512 682 -721 261 489 -19 -712 -731
721 156 155 -748 -711 -110 -641 551 -104 187 652 -585 -179 -216 -203 359 538 755 774 430 -598 572 77 182 502
-506 -293 321 94 296 399 343 -60 267 -353 561 162 -332 -318 -264 576 368 104 -485 -406 421 -112 639 534 -565
-477 746 -139 127 -322 -51 -703 -335 17 274 241 -7 88 143 -128 559 -730 -210 206 -384 -254 -657 166 -362 365
-287 675 190 117 12 -191 -52 -615 337 -455 518 -73 99 815 -472 352 327 23 698 546 890 -763 670 712 468
-473 -382 125 99 -644 -220 679 642 24 -1 693 489 48 393 461 -297 634 -504 575 -183 -686 -154 751 -437 -619
553 -468 -690 631 422 191 -437 -87 515 786 214 -756 423 -789 -553 -389 -273 -153 598 404 743 -497 -58 -810 51
234 302 750 363 -587 303 -796 -219 148 574 -230 -569 -173 716 -312 696 -182 -248 -352 5 559 128 615 340 774
36 797 741 -242 -45 16 -171 -479 -229 -477 -177 389 426 367 156 499 599 -125 -150 592 757 -269 -497 620 -114
-667 797 -375 -79 -527 547 421 596 -768 -395 546 -248 618 96 -167 -492 -710 734 -484 154 -131 271 -238 128 52
201 -635 672 203 150 346 -154 -819 -562 -678 -523 546 -839 580 788 143 13 -350 308 417 -702 -423 310 776 -645
449 200 -138 -469 -171 -162 -227 -716 772 88 658 117 319 699 -78 -745 726 -393 460 653 -365 590 -220 -222 462
11 -491 -783 -523 -726 -159 274 255 416 -494 -251 -263 731 -93 396 -415 -252 -679 -304 -461 -258 373 -222 412 -755
-382 -95 458 53 113 -282 -626 -738 -5 -457 -107 527 -509 584 -405 -149 596 502 -144 158 674 116 -664 -352 772
-694 702 680 767 72 573 -52 349 638 -217 -738 414 -750 721 -305 523 -543 202 -531 -14 756 270 47 -573 145
-648 222 103 -492 314 317 -393 -667 -499 -157 -749 -14 -241 -452 -636 40 -740 -677 187 -483 399 663 483 -22 473
-260 278 -799 -7 60 -555 -203 -423 -711 264 -474 682 686 50 -490 180 -15 566 -144 179 156 534 -425 31 -75
457 -192 -57 -529 -145 670 -712 -577 -600 442 614 680 792 670 -770 -576 -62 -327 714 321 13 313 -211 198 227
-261 -483 -395 257 688 140 57 769 -749 66 723 -164 -700 686 41 -182 -103 175 -321 328 -440 -350 -595 402 149
-408 -65 424 -321 -465 543 -599 -230 -578 59 -555 605 219 -695 797 -185 477 87 -340 -534 -791 260 485 535 -335
-641 4 -225 -552 37 -272 598 158 700 199 451 -266 -155 -659 423 110 -249 315 237 813 -382 -449 471 -441 -410
579 -77 394 -437 -564 -661 767 -413 185 -724 -334 444 600 -540 -382 670 -341 -534 790 -190 -373 -468 658 324 -188
314 224 504 320 -764 -390 -391 -234 127 -274 9 167 165 411 10 293 -620 -50 -197 -464 454 -651 -184 63 366
19 -76 -243 -759 -566 -25 -691 -202 783 511 -485 -542 152 80 -70 178 -374 -755 390 387 -470 21 -585 163 -360
-650 633 -799 -77 -603 -699 -565 712 -422 602 -180 528 128 353 -354 162 241 -153 515 -402 829 56 -710 451 -132
335 199 361 -454 479 365 167 -106 180 -46 -56 567 -213 -39 440 -799 -419 147 -189 -489 -778 717 -197 145 333
-145 -209 -265 488 -79 136 -599 -786 217 -285 -266 -281 252 46 563 386 -203 -701 -359 676 -544 734 -170 -247 474
-425 583 -39 205 182 -303 -12 696 -568 555 737 332 -735 -413 652 -266 404 -330 573 673 -443 311 -764 88 315
-645 -203 -144 760 -426 -119 -28 181 -197 -259 -456 -288 -131 741 -692 636 813 -815 -328 -496 625 666 776 -257 489
-31 696 92 -157 -779 563 478 -304 490 -111 -608 363 454 -124 791 -228 709 160 -157 -653 -247 492 459 767 478
21 449 440 -56 565 286 -234 535 -93 167 106 502 -208 -616 -193 -151 -18 -450 222 333 1080 -230 237 133 453
402 -538 324 -520 -452 341 -406 -49 606 169 -611 41 -742 771 159 -24 267 -590 -251 71 -94 -18 -815 532 59
-119 117 434 -256 -7 -729 586 -38 515 202 517 768 693 -96 -137 -114 817 -818 -745 -183 849 -277 -695 -465 780
44 749 30 340 -809 -677 -140 -336 -786 -445 190 -66 -231 523 -30 307 -679 705 -560 554 288 -674 -690 240 -327
48 -468 -518 293 754 527 -574 -101 -380 711 -99 682 -347 641 437 786 241 686 308 736 -908 -320 -375 -52 251
168 727 -1 266 -437 -435 -25 -349 695 -407 580 -511 -576 145 191 598 483 -284 380 -87 426 -73 346 -298 300
168 -776 -248 -127 -256 280 423 -346 -285 347 -249 810 28 656 -792 -375 -598 531 22 443 -131 -242 194 196 -498
771 411 -485 -343 -543 -500 203 784 -551 -783 191 -505 385 -760 -613 -132 744 -756 -173 33 -134 66 -614 784 -525
439 -771 36 534 -700 756 198 116 -594 292 -408 -640 355 -709 693 -784 517 817 -41 798 -10 -679 731 394 602
188 735 -20 -304 -411 129 -256 -331 -45 293 671 -698 -198 529 187 102 498 699 531 -566 328 430 643 -173 -444
-615 557 423 481 757 209 279 333 -555 -344 235 359 -653 230 -577 138 -612 479 -554 569 394 190 -471 -361 0
-238 -314 88 -692 164 -756 298 734 290 81 273 550 -548 -552 242 -631 786 -259 803 600 528 13 257 278 798
724 -602 328 -603 -515 -618 133 -784 150 -540 -337 -494 -23 -132 310 705 -517 430 -197 632 -650 -118 -650 -365 754
-689 494 436 -508 -158 -180 -145 -809 347 -129 -794 -182 -193 532 -434 -367 -768 -811 477 260 -158 31 -583 -89 254
-415 338 560 64 409 -182 37 87 -801 -696 -313 -766 654 97 -311 498 -242 49 -758 -292 55 -176 -579 139 -486
-756 -61 -39 304 -247 493 670 286 -358 599 -698 660 103 -303 -246 346 178 -252 -131 407 -785 -784 149 -402 -223
-73 190 -463 739 -271 799 640 -138 562 660 -455 -739 -524 -3 201 -638 685 23 318 397 65 -103 405 407 730
303 284 -405 -408 653 -571 247 -116 -596 -771 737 545 254 -671 475 -114 392 353 -250 531 73 687 337 -415 764
-745 -115 310 668 -64 -90 530 665 768 193 468 678 -511 -473 694 420 259 -107 -194 -681 261 549 -69 -31 -232
-661 538 609 -4 776 -517 -513 -568 -182 762 661 -630 34 475 742 -531 567 210 -24 455 8 815 811 208 445
-76 -726 -766 -553 -625 149 806 -795 -310 398 206 272 -531 -472 59 -639 267 104 -150 732 645 671 -795 685 720
270 -158 443 301 534 -573 353 76 509 374 -452 -114 274 -773 416 574 708 -181 220 69 -35 -525 78 31 -619
-511 -153 329 -776 519 303 220 202 -812 -68 -221 216 220 -24 535 -19 683 -375 570 649 -735 258 -791 -679 -329
149 -434 107 358 565 607 -750 718 703 -626 -266 383 418 -679 -808 -168 -203 1 427 14 -525 -9 -372 -482 -399
-384 262 -561 88 -401 554 -561 339 250 408 346 -75 640 231 -402 336 -230 596 40 -472 -51 -554 -120 -19 -87
378 -271 -333 354 562 129 432 -118 -540 -738 -343 529 -741 -367 -364 -271 681 428 366 449 -82 737 260 -170 817
535 297 -763 519 -490 457 434 530 621 184 -716 87 773 548 723 -598 327 36 -319 -779 647 -383 235 195 -673
-17 43 -182 -284 -401 516 -279 713 -391 -250 -334 -786 -482 769 756 132 -567 469 72 322 -733 -424 139 434 492
-657 599 -803 58 755 236 -164 142 472 -78 -586 -746 -404 389 -434 478 447 287 307 -303 -599 -644 447 242 731
-21 23 -306 504 746 -793 -647 -83 -254 72 609 26 530 -811 -696 -357 32 -523 -726 204 -38 513 502 450 -178
-294 -545 521 -229 -656 -160 498 230 -675 280 798 -538 709 -611 189 -169 731 -25 624 689 752 619 -590 60 565
91 146 -315 474 -521 -643 -385 -13 804 -644 226 -67 654 275 -622 -790 -213 572 -585 551 -320 -493 301 -681 48
-815 58 -570 501 300 432 113 512 178 688 8 -180 508 -390 -258 -299 569 -401 -577 361 700 -592 711 407 -276
-368 -819 -277 -208 214 -96 116 56 663 88 -610 -215 524 -177 228 -703 561 632 -328 -699 -244 -214 -467 241 -804
553 -119 156 -158 -155 151 280 -404 -664 -371 -705 -422 216 162 516 205 -129 701 -298 740 -574 -317 19 -805 -474
-555 -509 541 629 804 -231 -239 620 -544 -21 202 -497 299 -73 19 680 -309 -359 -782 484 -370 724 -427 -687 563
-718 -503 -285 74 -600 -528 251 -4 -436 -338 -145 32 299 658 -535 -551 470 57 814 725 -81 265 -772 -160 -186
781 170 176 -726 668 -222 275 173 302 530 -156 -690 614 -425 -273 -189 -707 -335 585 -39 -369 260 559 -649 -669
-208 -54 -374 770 514 -163 -481 -215 606 684 -233 104 368 -56 -712 266 682 -718 -706 -270 -427 4 -746 672 -155
447 190 -289 475 -705 -584 -494 -123 483 -535 -412 -303 -707 602 -14 255 -46 -764 496 -69 -653 -815 -213 -476 600
531 445 209 -242 -160 622 298 -23 334 -619 -5 807 -381 -118 -539 -748 458 -342 -534 247 64 -639 -363 357 -306
-612 255 -565 294 381 698 567 -207 11 -134 691 318 222 329 177 -290 314 -360 -448 -272 100 -594 -557 658 -609
-718 -654 -222 242 809 618 71 -807 -206 -613 -451 685 -164 -241 -644 -478 665 -414 403 802 499 -798 -575 -712 -142
-337 809 -509 280 82 -454 -99 -809 31 601 -338 604 -428 -657 709 -739 719 -523 461 -146 691 -195 -200 239 340
-89 -242 708 -426 792 435 -304 -467 -734 63 -36 58 353 648 -569 14 -495 -513 -418 45 310 186 767 412 599
-209 -348 -192 229 -164 -30 -148 555 106 -727 -54 -400 117 -618 -352 390 -736 498 -314 162 -784 -130 330 -74 -539
-591 -563 -71 95 391 662 587 416 268 -181 659 507 -472 760 -76 -28 -444 -527 675 -607 476 -15 600 -109 -661
141 262 -795 424 -479 46 428 563 544 201 -395 14 121 613 207 350 -557 83 380 87 233 107 -309 415 559
753 -632 -669 750 -601 193 657 214 -741 -816 -421 553 254 504 -136 -90 102 591 -71 -756 -169 -771 511 262 -773
199 -331 -400 -502 -654 503 759 38 469 393 76 -67 863 -801 174 355 210 -506 519 -647 -181 509 -435 -591 -145
819 615 -425 -169 539 526 790 -254 766 92 321 587 710 -606 23 -667 -243 -459 758 142 -982 810 -429 802 -542
433 39 -413 -382 12 -382 -129 -147 488 -473 -557 -4 194 268 298 -294 -764 -758 562 158 -232 196 -179 -145 -706
-600 644 592 -15 -607 660 478 649 218 -124 397 813 -539 -137 -485 576 -446 776 262 275 340 138 438 -63 70
-216 224 266 -683 449 490 750 -417 -69 -800 -143 -252 53 610 -511 -56 -476 74 525 163 -141 312 135 41 323
-228 158 113 579 -608 -748 456 531 13 -235 292 765 -344 -598 -231 655 64 695 -9 586 464 -564 -96 -755 -516
797 263 -766 -105 -674 533 184 -578 724 80 658 -722 529 515 337 -244 -58 508 46 -556 945 441 735 -588 531
629 -143 482 -454 30 158 -141 -349 437 544 453 216 631 647 566 87 -206 259 809 282 106 -467 308 228 200
-374 729 -376 -714 715 173 -144 236 210 129 631 -748 471 657 0 426 -432 465 -431 243 27 194 663 -260 -42
508 256 233 -188 423 -46 -179 703 -4 -456 355 -445 250 -467 -63 165 -26 -752 46 159 539 -287 -55 -234 373
-8 -290 38 382 614 -101 -647 416 59 -436 -341 -42 -585 -197 590 38 -656 -209 588 50 -470 -776 144 361 -560
-363 64 -189 715 389 472 89 549 49 -724 -666 -818 335 364 552 773 -681 -693 599 -229 496 201 -356 331 381
550 -256 277 703 -814 553 -407 739 87 -145 -475 -351 604 -122 467 -684 -613 609 685 465 512 413 -163 -766 6
-340 386 -239 -436 -369 -115 189 206 -793 340 -166 -649 -798 -450 -546 499 -597 555 222 -767 -269 459 -707 800 -4
586 -400 -418 -276 457 -133 95 424 670 610 578 748 140 529 690 721 -73 -561 -334 429 670 46 243 -455 448
-673 -92 323 -40 699 -303 165 -311 -748 -344 -426 -382 762 -14 212 327 660 -726 253 257 -172 -81 -353 -343 -497
198 -77 -228 380 27 75 -385 210 52 -220 526 176 -335 -5 -166 -663 639 -348 -672 -294 -790 -696 784 -294 -487
-300 806 -409 -799 59 485 9 -478 144 -113 -625 244 434 -723 291 -413 597 -45 766 -796 -695 -726 -749 19 -83
703 727 -279 104 -578 351 326 421 -261 432 443 -426 429 -327 -546 -306 -154 579 -198 -101 -757 319 278 -85 -529
441 -679 -73 -412 178 -206 -155 -160 -793 737 -577 77 149 800 -16 -638 -460 -412 332 674 744 736 -111 494 -330
-456 8 368 -734 583 -520 715 434 327 -51 408 -535 -454 -703 -308 -721 -105 -615 613 578 -206 490 -325 557 533
-258 295 -737 -450 471 813 -487 -207 -151 742 -755 -96 -341 367 -268 685 -770 -625 -392 -773 5 -817 221 -671 -231
35 -199 241 -740 -403 -741 -459 658 334 672 526 -699 -319 -136 601 -104 130 19 804 75 -399 509 813 -625 -90
-2896 -2841 1620 -1607 -3744 -5123 -3846 -1451 -1265 2983 -6886 -216 6307 4582 60 -4609 5027 4164 -97 277 -2565 1169 -3484 -1165 -6674
-1402 -342 -501 145 -179 -808 54 -171 -885 -644 -175 -184 -1163 -1242 -415 -256 -20 -173 -68 -235 157 88 -1166 -30 -757
2803 243 -2202 -5142 1240 2981 -588 -1374 -9977 1434 2367 2998 -1203 -5827 -533 6217 6022 2587 -4144 -3811 64 -17 -17 1472 4371
-4580 -2318 569 -1174 -3328 -4476 -2074 -6868 38 -5445 -8786 792 -8 715 -4574 -8528 -247 2223 1754 -1499 -386 -6154 -4300 2329 2165
-1370 -262 -463 124 -724 14 -551 -1348 -1230 -450 -905 -998 -175 -349 -1280 -262 -134 55 -319 -195 -1142 -305 -719 -1397 -1150
-850 -1497 -514 3439 2607 186 2483 1486 1810 -1100 -418 2526 -645 -1529 -477 -160 -103 -627 -1077 2225 266 1817 117 380 1050
345 -776 -904 844 374 -1453 -593 1126 -392 491 -1 214 340 -1183 -16 -483 -87 -49 -180 -646 -1106 -1039 -203 -876 -505
-257 -77 -175 376 -673 -619 -295 -413 -136 -1121 317 -356 422 122 -273 -861 313 -173 447 -863 214 503 287 327 354
-818 5902 6068 5699 5239 324 -1112 -3559 -5214 -951 -2426 1249 -3380 3103 2541 5960 2270 1640 2035 3677 -1490 -1720 3051 130 -1814
92 -1254 317 -348 -1200 -400 -1240 -881 585 256 -799 -1246 -709 -504 53 -331 -609 -953 -35 239 -847 -1206 -1313 -298 48
-839 -520 252 -168 335 -233 402 -809 -913 149 -1324 -17 -472 -216 -389 -345 -992 -181 -928 222 -1133 379 -445 684 -503
6532 1964 -493 -1928 -4004 9346 2870 -2064 745 -3550 3027 7013 2246 -2862 -9846 -6839 1233 6936 5120 -3136 -4975 -6493 -3572 147 -173
-315 -787 -470 -1140 -1396 -205 -561 -197 -291 -40 -90 144 351 -992 -595 -223 -1107 -38 -921 -834 -1306 -1294 303 -808 -536
139 -1010 -766 -66 352 -504 -1234 -505 289 499 -751 -518 10 -272 479 -1278 -109 -309 559 -971 -922 -58 -796 -488 -684
-2682 -2660 -3379 -6717 -2474 -4233 -3760 -4042 -1502 -613 882 -944 4048 -22 -2451 -1394 -98 683 -4770 -5746 -2814 -620 1983 -2128 -4497
-142 -675 -2092 -524 2302 2753 135 2385 2834 1141 8296 10224 3072 409 6053 6708 5582 -188 1557 -3075 4469 1934 -1035 -3297 -5427
-461 1151 9385 5409 7821 6908 6030 2140 -2686 5063 4797 -9206 -4357 -1443 -5147 -3583 -7247 -7334 -6249 -376 2163 -1110 -287 2359 302
-1122 -13 245 2462 866 236 -700 78 707 -1366 253 212 870 486 -940 -699 -722 48 -79 -63 -996 -544 1333 140 -614
7083 2577 -2120 -4595 -617 2898 5306 -3488 -7429 -2113 2607 2528 6979 -3976 -93 -1981 -837 1095 1833 4520 -2249 -1047 4214 1664 3729
-66 -133 -295 -150 -148 -138 -184 -1143 -1026 -778 250 154 -521 -197 424 139 -1297 -689 385 -7 -787 -786 -566 -755 -732
7956 8035 3754 1755 1952 358 742 4262 5864 3537 -5116 4392 7352 5968 -1719 -2986 210 -2688 2738 3814 2273 -1700 517 3084 61
-1231 -397 -768 -582 -798 35 -905 -889 -565 792 -424 -1364 -1535 72 1074 454 -95 -595 -732 -1305 263 325 -444 268 -449
724 -6677 -5430 -228 -2832 -7927 -1352 -335 -4349 -3558 -1218 -816 2381 -2104 -5277 4674 6444 3323 2035 832 -1895 1990 5518 -1163 -4027
-1081 -507 -36 520 -736 109 297 -646 -604 -803 119 99 -1778 -121 667 8 -650 -226 -420 -443 -770 -573 -1036 -639 -256
350 448 -349 310 -572 765 -283 -76 386 146 1114 -273 -96 -224 -326 -360 -207 -1625 -1129 -371 -364 27 -62 -585 -722
-938 -329 343 -805 -1164 -686 -1313 507 201 -1012 437 -351 -276 838 -162 3 127 -475 571 -1059 -757 -913 -1180 36 -734
-828 -998 199 100 -619 -382 359 -313 -752 394 629 -785 -36 -295 28 472 -447 -279 -352 -80 504 517 118 715 210
2102 -802 -819 1494 -1668 -550 5024 3971 669 1847 -6111 6027 -4508 -509 -2083 -4309 -3866 -5717 -4889 -4726 -2025 374 -3788 -1890 -888
3780 3191 3112 -2922 -426 -1216 -1652 5147 7205 2524 -1430 2234 -1721 1386 2623 116 -3002 -3631 -5471 806 2671 1880 -2725 -1774 -106
-2317 -2532 561 -3878 2276 -959 763 7054 9174 7169 6340 3857 127 5966 1234 1346 -3938 -5607 366 -2853 -3543 -4451 -10424 -4787 -8503
71 -83 -678 154 -694 -1421 -353 -184 53 -684 -62 -806 -302 -247 -975 -274 -1408 -825 556 379 -1171 -328 -1144 -596 -701
-691 -525 -693 444 511 -541 607 38 -39 -40 -61 -474 71 402 -347 144 348 -701 -499 466 -645 -124 -531 -808 -890
1178 2286 3173 3570 -59 12017 13668 2089 3157 -5282 10031 5790 -2914 -806 -3172 -809 -2788 -1363 1264 4200 -2704 2976 -21 932 1563
-1431 -536 -685 23 -392 276 279 -1 849 503 589 315 -348 -66 540 -300 -689 -893 -732 173 -1523 -1081 -316 -784 -1054
2166 -1424 -5192 -2258 -853 2184 -3096 -6811 -7924 -5059 -1241 609 6514 1586 -180 -957 -183 554 -3445 -11 -1138 -5401 -5057 631 -2822
2876 4646 5921 4574 6589 1919 2830 -1936 -2565 5138 3633 3111 2633 -4362 -6529 6109 9887 -1713 -7777 -1330 -23 944 -3630 -2060 -5478
-485 -1082 -244 -631 -304 518 358 199 479 -1333 -1033 -923 -983 -997 -547 -1030 -1047 -455 -65 -710 -26 -148 -1337 -964 -1369
-538 -459 381 -362 404 -1544 -179 -220 -943 -1269 -717 -64 -970 -1156 -520 -1046 -707 -486 147 -834 -269 -1388 -613 -84 -818
319 -1348 -124 -101 -382 -865 -43 -231 -811 -448 -102 61 -854 -821 -796 -411 -1410 -1635 -7 -724 -647 141 -509 -1061 -87
-1101 -4956 -3801 -2805 -5271 -3724 2028 -3840 -8019 -5398 1688 -2253 -8996 -3284 2395 1041 -4080 3710 5809 1696 -184 -386 1247 -178 3365
-1516 -2886 -1171 2352 -541 -3310 176 6109 -678 2081 3334 -597 652 3267 1771 -6960 -10437 -2695 4259 1712 3005 4735 1620 -293 398
-302 -43 -487 -185 42 -479 -357 -587 128 -570 -773 291 -207 -257 322 254 366 4 52 -143 -840 340 -651 186 -94
-1719 2120 7613 -2699 8876 -3797 1286 5934 -271 5006 4821 7854 13247 9055 2797 4553 374 5736 3867 -1993 -889 859 4988 -596 -4557
3205 2862 2431 -687 1621 -2290 -4676 299 1253 3397 1034 -4078 -1090 4785 6215 225 -1585 -1153 5843 7257 1191 -2399 3237 2642 5784
-547 -448 -222 -632 -963 -956 -1299 -456 -666 -251 -604 482 -929 459 -814 168 174 381 377 -804 -1260 -697 -1230 -189 -968
5622 -2763 7294 -828 84 2549 -6414 -4721 -5392 -4982 -2182 3946 3365 164 914 -4523 -2321 -2135 -3733 -26 -4017 -4243 -733 1212 508
-2757 -3173 -3673 248 2460 -3560 -2001 2894 1954 2945 -11945 1034 6189 871 -5457 -3202 2804 5339 -4191 -4954 -3521 3003 3772 1246 3210
2056 -860 -2629 1850 1936 -547 -4611 -2270 2783 1717 -82 -2987 -4335 2291 520 8533 2932 -602 -352 -3838 7855 7259 1829 -421 -4267
-580 1682 5358 -3189 5248 -1270 1279 4228 1318 -2332 286 -2773 -3760 -6799 -12215 -1422 -4018 -3750 -4427 -1643 -793 2884 1495 -1935 165
259 121 -4791 -5321 -6792 -1842 -3994 -5693 -5909 -7788 -460 -2494 -5496 -6441 -3351 -1874 -2842 -5155 -685 -9077 108 2705 -1328 -570 496
394 4410 4955 2498 6278 7119 2965 -3801 -6424 -513 6169 -1530 -1989 -3791 -1413 332 -3973 4324 4278 -1179 485 1055 5953 6445 5402
-581 -1035 899 -425 -942 -573 -1032 -332 -809 -411 -269 -154 215 84 -1140 301 -52 -102 -871 -81 -106 -182 -160 -1251 -1207
-501 1869 -1118 5066 -3074 -1197 150 1646 3097 5472 -1890 -4247 748 4481 6176 -7953 -6294 -3379 2643 4013 -1335 -4829 626 7017 -950
-725 -397 -1109 -36 225 -940 -725 -483 -516 -166 -879 -897 -348 755 2 338 -852 -581 -2144 -471 -224 -395 -286 -874 -771
1586 375 691 6924 5354 7076 4183 2294 3193 1045 1891 1088 -8231 -3786 -167 -1314 -695 4268 -781 884 -1500 2537 4577 -287 -144
-2290 -807 -1978 -5004 -1157 1378 -11020 -5649 4626 5588 4823 -10105 -3078 -1921 -730 -767 -2347 -262 758 2867 3301 -5651 -4481 -4007 1104
564 -365 -655 -474 -698 67 601 -930 521 -854 -895 120 -741 531 577 591 -654 -741 -2 192 -447 -404 50 -280 449
6555 8718 3441 -1533 822 127 1353 8469 3928 -52 9481 -585 -113 -337 -2754 7986 5214 1405 -2250 4335 5892 2431 -857 3421 2050
-6195 -848 2168 -32 -1956 -251 4628 1537 -1271 1014 4717 7231 2021 4785 -4757 -2951 -3083 -3624 90 1920 -352 -5986 -3974 1178 4279
-280 -993 -428 -729 -845 -358 -287 259 -53 -861 16 -204 189 -494 361 -745 325 -540 440 -731 339 -466 -731 -743 585
1806 895 -386 -578 -220 2744 4430 1976 641 -6588 6055 5027 8973 3050 4516 950 2841 3599 2169 4556 -3995 465 -1194 278 4116
-654 -642 -914 -875 116 -189 499 22 95 495 -733 -583 -454 -784 60 -665 -552 -135 -71 -970 -357 -254 262 -51 -159
-359 110 142 3810 672 -8672 -7851 -2018 920 -86 -10956 -6895 -2901 4786 9382 -4306 -493 1636 425 -679 -726 2675 1378 -511 -564
-3270 -534 -3659 751 5871 -4475 4179 3690 6258 7835 -1760 -2631 878 4144 6019 -12448 -704 -973 -986 1086 -4675 -6224 -3085 -118 -728
-2917 -86 -859 4001 3655 2950 4061 -6480 -5684 1543 1102 -1049 -2480 219 6319 -2103 -2209 5207 1921 -1470 474 -2899 -2255 -32 -6436
-444 397 178 -657 434 501 -954 -779 797 298 -112 -245 -400 -573 -840 -786 588 369 -24 178 -340 -529 36 -486 -83
-298 -115 -1232 308 -1148 267 350 -727 -271 -1513 -901 -1197 -1085 -1169 -968 -75 233 255 -5 166 179 -1133 260 -1329 -1211
-556 500 18 -724 401 -902 -696 -774 679 -910 -407 -672 403 -95 113 530 -480 -221 458 -637 -52 -944 -270 -309 -710
-808 15 -370 -200 -715 -552 -267 44 -314 -150 60 -4 -69 163 -436 -734 -1061 -514 -172 710 -600 -1102 -675 29 103
-2990 -5924 -2023 -6087 273 -2026 -538 -4184 4160 5935 726 8421 -6 2440 3446 6702 1772 -1904 1087 -2015 4597 3748 -137 -551 -887
-499 -5041 -1978 -1214 -9370 1027 1023 -2178 -3544 -1408 -1965 -1125 1272 -1912 -1616 748 -4710 3799 1843 -1903 1344 4522 2435 -403 406
-470 -220 124 219 -435 -1080 216 244 -786 -210 -513 -79 -1245 261 100 -875 782 359 -701 -208 -1159 192 -951 -247 -1195
1290 247 -521 15 5366 10041 7456 -1086 -3496 1042 8376 4653 -1774 -836 -357 2972 3455 -325 -3713 -289 -1886 737 3681 -3281 -2124
-844 -317 -1442 -1005 -1033 -51 -478 -190 363 -652 -997 -161 242 -1280 -501 112 -166 -727 -1366 -1455 -726 -945 -570 55 -1210
-366 584 249 -848 -510 -872 780 -265 -462 -501 10 -142 563 444 -36 -208 88 301 235 323 -655 -109 498 -660 -640
461 -600 -670 510 403 244 -556 369 475 -954 -398 -566 -413 -274 -442 165 423 -491 -849 -640 -559 -739 -417 -155 -757
-4825 -2188 2825 339 1064 -5815 -9559 -1532 2953 -1170 -7272 1176 -493 -879 5838 -2543 4311 2374 -2049 2554 -1269 -656 -61 -2750 2857
-441 -646 -791 -314 12 -566 71 -1098 -1190 -1299 -461 -431 -909 -53 -602 -472 -72 -671 -48 -397 -1373 168 -35 -901 193
1597 1391 738 1742 2437 3916 -2217 -6036 -5081 2332 4653 155 -2047 -5796 -2596 2843 758 -1386 -6455 -5691 3243 3869 1316 1238 948
-6394 -4390 -2094 -111 -3292 -12527 -7671 -3915 -1637 -2895 -7260 -9727 -10722 38 605 3778 728 -3658 -1084 -5002 5020 487 -166 1868 -7096
-660 -129 578 456 -702 -205 544 -825 102 -444 406 -135 -549 64 -81 68 367 -529 835 -836 202 16 503 807 -1232
677 -1826 1080 385 -3527 -2835 -3146 -1654 -3742 -337 1805 143 2611 -800 5246 -4115 -1753 -3658 -1201 2658 869 -2861 -732 -473 -43
1001 -1686 -3912 -4305 -1397 -7947 -6281 1254 1479 -1036 603 -3434 7050 -1690 -1792 3876 3896 574 1473 -717 -1174 -3265 2186 4829 -3445
-932 -686 -1004 -1526 -592 -199 -584 -866 1525 529 -235 -766 -776 -52 -1801 -415 -1358 -384 -3 89 -779 -570 -375 -403 -355
-555 -1427 -846 -1749 -1078 -1610 -847 -18 1132 -426 -1442 -1245 -623 415 -223 -614 -886 -129 -160 -146 -1356 -499 -903 -773 -1165
-3742 -2522 -196 4712 -7441 -1015 -1900 -206 -9177 -6224 -7266 -5944 -4078 3845 -1137 -9263 2134 4826 1494 32 -189 -1556 3634 2229 1191
86 -822 -163 268 -159 -478 -386 -495 440 108 -523 -987 100 57 -589 635 -833 -1013 -24 461 148 -726 718 71 -262
-108 -896 -1072 519 5 -287 -1116 318 -1181 -266 -97 101 526 -415 -508 -43 -871 805 -98 -465 -21 542 188 -241 -791
-295 3853 1081 -3554 -2887 -3950 -1217 3067 -1885 -7431 7533 5093 442 -2207 -11380 230 2393 2461 1280 -13046 -2107 -1051 718 -369 -4131
-2133 -2486 -4298 -4632 -3254 -7637 821 4726 1193 -2576 -7700 2305 5967 485 -3492 -3758 -4432 311 -251 -3126 -2083 -4804 -3068 -5863 -6199
-7401 -5618 -9643 -6989 695 -4714 590 1757 -2092 8095 514 2956 -930 -1766 -1841 10286 6440 -801 -7094 -5875 6202 -2863 -2173 1036 -952
-504 -880 -442 607 -1183 -1536 -1421 -902 -651 -1413 -1423 -820 -596 -899 -347 -1009 -1109 -708 -1562 -1562 -1398 -389 -427 77 149
-1279 -801 -158 -618 -1260 -951 -278 62 -1101 -657 -1241 -91 -1441 96 -204 -765 443 405 574 -423 -981 -1980 -979 -958 -172
-334 77 -319 -860 -962 -452 -25 -347 22 101 -246 318 155 -670 -341 -348 -241 376 -221 -450 189 -644 311 -881 -764
-420 -469 -457 -414 -978 -911 -1172 -639 -25 -1226 -1132 -526 364 -150 -636 -1129 127 441 -520 -95 -1031 -462 -782 -785 -619
-635 430 -297 -238 -320 357 -268 241 10 95 203 419 -292 302 -148 -626 292 231 405 -734 358 38 488 -1018 -1092
1564 1883 4361 2944 3213 4872 7343 3996 7005 285 77 154 -1704 3936 454 -1258 1498 2639 -513 -386 2440 5845 1681 -2867 4577
-2787 4654 5273 -4376 -9739 4234 1080 7323 1347 -4023 6266 70 3311 1167 1013 -3482 -2170 -3326 -2799 -580 7486 2640 -4398 -381 -485
2451 5616 152 183 -14 1118 3251 -347 -3360 -7154 4202 1076 -914 -1628 -8838 3978 3709 1777 2668 1345 -3362 3199 1542 -2120 -1227
1009 5772 5278 3728 -42 4819 2566 4994 8899 6258 2570 3442 -240 4919 6958 2635 -1237 -169 -1084 -2560 -1089 -1619 -1419 -1816 -2878
-793 -667 241 -686 -1221 -1123 97 -742 146 -476 -108 -296 40 -935 -644 282 -6 170 201 -945 -1028 343 197 -507 -721
-548 2322 4571 -1434 -2335 -8643 -1172 4257 5406 -4800 -2085 -2670 -2472 -2766 -1984 -3577 -4842 -4561 -10010 -5590 159 3170 2557 -2048 3901
1239 -2039 2368 -344 -5885 -1451 -1220 4997 -1395 -324 -3828 6468 1246 1586 8437 -6761 6590 -1039 1990 4258 -3482 1683 -42 2844 3727
1985 -2784 3065 7457 3886 -6357 -1793 -118 7776 12252 -2578 5390 -1747 325 5466 -2557 5498 3110 76 -1253 3130 5944 1922 4853 6083
-68 1543 -2973 2134 3964 4077 8296 4412 2664 3855 -271 -1274 -3804 -2330 5157 -5555 -3353 4863 2231 3368 -2746 -2295 2933 3785 -1924
-385 -322 -881 -721 408 -13 -720 -1076 508 -745 -431 -731 492 907 -223 -441 -709 -875 112 -25 -164 -841 -676 421 314
-3381 1491 4509 786 7573 -3315 -2596 6321 4762 5735 -347 -3568 -5464 2157 -4851 -2965 -5366 -3000 -852 -538 5295 1029 -192 595 461
-133 -133 -136 445 -138 -750 -388 -496 497 137 207 774 -598 -530 -645 -1191 -615 -243 461 252 -752 -60 379 -961 -354
-796 -345 726 771 -592 -388 104 -1420 -773 298 -481 -603 345 -237 -952 -713 -1007 -1137 -284 -781 -143 -109 -381 -401 391
546 -796 -771 -828 -18 40 -911 -276 -755 232 -643 -671 -686 -722 -631 342 -695 -78 431 -48 238 586 117 -361 -26
-696 2 -828 -43 190 -422 -557 125 126 -607 138 -42 143 -718 -810 -147 -203 -839 -1017 -1138 -504 8 121 -843 421
1430 -4093 -169 3887 751 5656 767 2813 -45 1900 7029 10837 1709 -1945 -5199 -529 7162 627 -1585 2329 279 3282 -778 1235 -710
-2399 720 -144 1515 8272 6474 2929 1804 -378 3100 654 -2708 -3048 -2832 499 -794 1425 1950 1327 -553 -811 -4167 587 2437 -5113
-1311 -616 -909 -912 -1043 -309 -878 -445 -638 6 -118 -1244 -111 432 120 -904 -523 -899 -192 -800 -680 -532 -1138 -1064 147
4 -931 -980 -1095 -169 -428 126 166 216 -567 -306 -673 -347 -901 -844 62 37 299 144 -47 -401 -405 -126 -1297 -50
-160 -40 130 -141 -345 -188 495 -167 700 -115 116 -721 -1 -393 -396 -892 -811 775 -551 385 -483 -436 -705 118 -862
-741 25 -759 -150 -651 -155 -990 50 -189 -624 -870 -676 -407 12 -763 233 -658 414 -617 -1116 -964 34 270 121 -892
-3971 -2302 -3830 -2774 -2593 -11494 4677 628 -3970 -5076 618 2756 2095 1279 -7240 2750 -780 -7260 1600 -8969 2427 178 -1573 738 -2068
2011 -2992 3882 6145 4549 -972 847 1542 -2680 -2222 1280 1931 2626 2634 -8927 5029 2484 351 3770 -1690 3513 1195 1170 1722 -1812
762 -612 477 225 377 -626 -78 410 -110 469 227 366 742 -512 -822 237 620 -119 -167 -781 -932 -1017 0 -765 -823
4110 3350 3750 3866 5707 1603 3094 4994 5359 -726 2539 697 -1398 1553 -5585 1017 -1632 -2711 -4156 -4090 -415 1708 5982 2060 3081
-842 -89 -1199 -188 -628 -842 171 0 -121 -284 124 -577 -434 -1174 -82 -268 -217 42 10 -693 -1033 -390 -957 -528 -911
2402 -1590 2345 4900 688 272 -1411 -960 2901 -2543 -864 268 1625 204 -4992 2762 -648 -3733 2872 -2936 1883 6743 7347 2641 -4505
-1531 -3414 -2582 -2513 -4707 917 396 -1417 -3078 129 2102 -612 -2705 -809 1233 1749 1669 3930 -1012 2774 3312 8772 9450 4572 -925
-931 387 45 -81 -401 -492 -193 183 -156 -872 -736 -1117 -815 -103 122 -547 -524 140 -965 -322 -104 -194 -1011 -1320 -677
-1916 1588 -2863 -537 -1065 -4643 -1780 -756 -66 -1809 -4458 -369 -1532 -1876 932 537 -117 -1009 -1474 -93 -1210 -412 2330 -2541 -1758
114 269 -728 -1421 -1513 811 -403 -614 -587 -923 154 -306 339 -1963 -1106 -171 -788 -1059 -339 -1611 -870 -834 -814 328 -1465
-610 -276 -41 346 -218 -391 -324 -819 -555 -602 598 -529 -613 265 -170 -580 -530 11 -135 546 -152 -899 -256 -610 -354
-2050 -1946 -9440 -7226 86 -177 -976 -12865 -8756 -744 2234 -2095 -7072 -4389 1575 -2093 -324 -2135 787 -5340 2151 -257 -3779 -5658 -1904
-316 -1358 137 -609 -1058 -287 -169 -1193 -1025 -740 -373 454 -857 -7 -595 400 244 -395 -333 -268 -753 -558 -808 -948 -115
-496 367 209 -181 165 -372 -517 21 -746 -935 122 -217 -767 -960 -534 -479 -1181 -425 21 40 -1003 -251 -316 15 -989
-3109 -3340 -3564 -671 221 -671 -2857 -796 -4056 2312 -1368 447 -7814 356 -4055 942 -915 -424 -4514 -3544 6321 2216 4676 1688 453
-1085 -384 -198 -1170 -770 -729 -936 184 -449 -780 -1189 -905 -95 -66 -989 -502 44 -1318 -157 -1318 -430 -1203 601 -426 -818
-825 -666 -1085 16 -43 378 -856 -976 205 -128 -932 -489 318 -561 175 -427 -262 330 -110 -654 -769 -933 -388 -559 137
2345 1246 4111 -1945 525 -312 6936 769 -225 -4430 57 -456 2183 -5645 -9556 2754 1768 4872 1124 -838 1241 -1775 2248 8717 7688
-1024 379 3008 -1670 -5694 -1252 -1049 1549 2337 -2136 -2859 -10324 -6289 -1276 -1123 -558 -1256 -5158 -939 -2673 -2713 2975 7208 3487 -4771
-2257 -2860 -525 2268 3875 378 310 4430 1260 -1996 1687 183 856 2365 6318 1142 4057 5533 4694 1506 -1449 -2137 -2001 -2910 -5829
63 -596 -1219 -759 85 -319 -592 -1065 -1116 -1423 -1101 428 278 -992 -682 -742 -614 -603 -15 -20 -703 -160 -203 -1444 -538
-4643 409 -1145 3631 4830 292 -2883 -44 4679 -911 -1805 -2632 -385 -1511 -5255 -1827 780 2257 -1984 -976 -2577 -816 -6564 -10199 -3117
-1245 -597 451 -939 -517 -383 -164 67 -179 -111 -1058 91 -1408 -865 -812 -838 447 -823 -284 -662 -907 182 -742 359 -153
81 782 3220 414 3231 -3129 2438 -2930 -912 6912 1961 -2873 -4466 -2144 5141 1612 860 384 -6247 1245 7289 1492 -905 3812 -2145
-669 390 690 -135 -427 -432 -749 37 -908 18 -486 -125 -758 -611 244 -302 -74 -54 -1345 -1437 -1216 550 -662 -481 -341
-562 194 4812 4057 11087 -198 1694 2439 2316 5622 -344 2443 4244 3769 829 2936 2109 332 1713 703 6783 2910 -679 6216 3879
-574 -1130 411 -463 -1609 -210 600 -602 -1503 -631 -571 539 -766 -884 -710 572 -1060 397 647 -1412 -727 -423 -1382 -1244 -989
161 -434 -291 -769 -286 124 460 -121 -345 -948 -668 -80 -1375 -959 -561 -827 -155 -1227 320 -413 -474 185 -838 192 418
-893 -492 -474 51 -505 604 -1276 -1474 -185 -475 -880 -1271 -257 -497 -931 -100 -457 -838 -663 -757 201 -209 -739 -1118 -607
-1080 512 208 12 -421 -961 -397 -556 -382 353 -290 -683 412 383 -372 493 -556 50 95 -711 314 -783 -160 -1072 -389
2577 -769 799 5904 6881 3167 13 -1409 6207 7658 3400 -811 -2214 -2420 63 4697 374 -4321 -684 -730 -2755 1224 3539 669 -4962
163 -1234 1927 8396 -921 -1854 2059 -1837 -774 -6574 1795 1152 306 -1749 -4202 -1771 -985 1314 4435 -628 -1384 -8400 -3324 -5211 -5739
-916 2195 -276 -1518 -2529 -828 -3576 291 -674 -2172 -940 -5 3394 1448 -5047 1675 6304 6406 -2864 -593 2497 3452 953 5134 5445
-524 -812 -1287 -553 -925 -1010 14 274 -480 -995 -1426 -1109 -761 -238 80 -1064 -102 -382 -854 -76 -919 -1083 -1038 109 -1111
145 227 486 324 -148 -967 -703 -865 -708 -590 8 274 -496 -455 209 457 454 362 434 251 491 -636 -174 -836 -507
2729 -6257 -3142 -2582 -1007 -5156 -9748 -5135 -6545 -1047 -3991 -2773 -2426 2677 3840 1007 -2888 4435 530 9288 3237 3484 1838 7085 3214
-780 17 -923 117 -797 -21 -293 -871 172 -83 -226 -232 -776 -631 -903 615 295 -503 179 564 233 -28 -51 -901 268
874 3164 1912 1595 -2743 79 -859 672 -3533 -862 -2630 -237 -2447 -6763 -5280 -1395 8718 3446 6414 723 5917 5946 5358 2737 4307
540 -3681 -4373 2926 1020 465 -2435 2119 9099 -1112 -959 -5008 1834 4252 -910 439 -7770 5347 2077 -2227 -1039 488 7698 10001 -270
-650 68 -609 -221 -1386 -675 -979 -1235 100 -680 -466 -706 -764 -363 -1136 -1368 -493 -475 -165 2 -470 -609 151 -327 -888
-1075 -65 -469 -26 76 -466 -260 -912 -344 469 -651 -414 189 -1144 -791 -911 -383 -348 -114 63 -270 -68 -142 -791 -1144
131 -1048 -1418 621 46 -145 -627 -1401 385 40 -658 -306 -763 -334 813 -537 -953 -1140 425 -555 -211 -1162 -561 -191 -788
1889 1157 -7899 -3223 1143 933 -7456 -3363 -5927 -3115 1361 3487 4343 -598 -2946 4433 3420 8098 2857 -3794 4514 4734 1203 180 4794
1033 2929 5721 3636 -3016 1880 3750 6424 6779 5684 3659 11735 10437 4631 735 -1848 1196 -1419 -4319 -1131 -10492 -4502 3780 7953 2296
-1167 -984 -1039 -1022 -41 -374 169 7 -957 -132 -379 -1078 -207 -532 -1161 30 252 -1028 255 237 -735 -809 219 -65 -848
-429 317 4214 3371 1063 -3497 -592 -703 611 -537 -8401 -6824 -2379 -320 1062 -3185 -847 2023 1325 540 -1930 3079 491 3418 -3665
1187 -132 -741 -7204 -4661 -1281 -114 3351 -3551 1006 -3114 669 -652 2963 3794 -808 -998 -4012 -2308 -12876 -3250 -3093 -7984 -8963 -10327
107 -740 -117 -553 -603 -1328 -64 -38 -1095 430 -902 428 -272 -696 -692 421 17 -209 125 -621 36 382 122 -855 437
-643 803 618 2133 -314 152 -2217 57 -1955 -2848 807 -826 2724 -2761 288 1868 833 2281 -1047 -308 -3518 -2658 -1755 -238 146
-138 43 -5226 -6395 -4586 -272 -1497 -2219 1716 -3893 1851 -1994 1413 4179 -55 804 2916 6135 6396 5932 5279 3476 3651 5459 8991
2705 1161 2151 -359 -130 696 2317 345 1391 -2434 -2313 1517 1198 -1847 -3515 -9596 -3213 1210 -1949 -181 -4218 -10902 -10082 1229 1323
2611 1942 5667 6197 2601 -1564 4360 164 809 2312 827 -2811 -119 2709 7205 2717 -1709 -3885 2951 5868 7221 -1005 1020 2655 -1147
1020 3451 1823 -2341 -1539 159 -1415 -4822 2062 5038 -1219 -4924 -1085 1226 8747 722 -829 188 2767 3912 3392 -1079 -4480 139 -3561
-94 -2943 -1113 -968 -5006 -287 -3490 -4111 -4101 -8183 -1496 -5917 -4348 1655 -394 -362 -1756 -5370 -1078 -1171 -4976 -4484 -13072 -11928 24
324 -197 -268 -123 362 -438 -858 -30 408 -715 -1093 -800 334 -398 -893 -1071 -812 -483 -547 -12 281 -177 -89 -36 -777
1005 -1917 2619 6534 8442 -1434 -514 -335 3200 1580 -1928 2956 1115 2123 1491 6457 2096 1073 -1814 -2818 5932 103 -1747 -10839 -6061
-447 -55 -522 -238 -756 293 -376 -1876 783 -485 -180 -248 -1192 -700 -517 -263 -1077 -800 -151 -528 -297 -197 -404 2 -734
-476 -4519 -2290 -747 -1166 3863 -317 3213 3599 749 2518 1620 4332 3558 -2464 429 4210 6388 1342 -1102 -4535 -1040 -1921 1462 975
3691 3373 6241 -1494 -6938 -3222 4947 5168 -6673 704 -2386 2432 -5121 -3005 4112 -1784 -3591 -2953 459 1983 -4429 -1191 -1052 -590 -7874
-114 106 544 -813 -480 63 392 -284 549 -541 -1066 -918 274 444 -112 -759 293 34 -473 585 -517 -606 -914 244 -944
-4565 -2402 -6338 -1605 -304 1036 1903 739 362 -1111 -979 3868 -1512 3562 1001 -2528 -97 1979 2064 -625 -1216 -1608 -2983 -4643 -4902
-2201 2438 2073 3135 6798 -1158 -747 4973 2659 3666 1886 869 4627 4609 2694 2122 1584 -4268 -2982 1476 4471 1312 -1294 -7675 -2226
-392 390 -1113 -941 -814 613 -114 -139 -670 -92 144 -239 292 -234 -456 133 -638 -586 -300 -346 -705 -450 -733 -363 231
-2762 1335 1287 3823 5665 -4214 -3567 -6528 -6109 2063 -7658 -4161 -13559 -7280 -1215 285 -4295 -7357 -8179 -6097 -552 1550 -2738 -3524 -10572
-244 122 -563 -498 780 -807 -783 -952 362 360 -415 -679 569 -44 454 -604 -872 81 -343 -282 -200 375 336 -626 292
885 2477 2152 4183 -5435 1287 4029 5147 2399 1589 -3513 125 -4305 296 -934 -6180 -5827 -11290 -9735 -901 -678 -8501 -10704 -5237 -3515
-70 1966 919 2153 354 527 -155 -2777 -1872 1379 2215 -4739 -5241 -1723 -1086 -788 -4575 -3021 -3601 1140 9412 98 -4021 -234 -5394
-1340 -4113 -726 2927 844 -5798 -5304 1073 2666 799 -3289 -4172 -1569 -7731 -8359 3110 3722 60 -2898 -523 6437 8983 2919 5085 4935
-730 337 349 512 -421 443 -339 -349 -144 -401 -71 -20 -321 -40 -727 -938 -360 -875 240 -659 619 228 -348 -80 -717
-875 47 -920 -1265 45 -1012 501 -167 -456 -321 108 -492 -898 -11 -585 -388 -665 119 -647 -1139 -444 -498 179 -539 96
579 -810 -831 -611 56 602 358 -706 -844 -31 -639 -251 -483 -975 52 215 -524 -4 278 -137 -464 -940 -136 151 239
-259 -285 -604 -312 -108 -55 -645 -180 -474 -1021 474 -774 312 104 -812 -1185 191 -144 535 271 431 -112 -665 550 -495
2735 63 6353 3827 3592 458 -499 -1906 -2052 -6204 -2712 -2212 -5763 -209 567 -1787 3256 -7799 -4515 -1636 1119 4207 4899 4474 4022
-618 -2158 2396 -948 -1273 -22 2084 4300 -332 1333 4388 7341 3295 698 -1777 4320 -5258 -4255 -772 84 -4074 -7702 -5109 -2272 -5894
-1259 -715 -1087 -143 -240 66 -1129 -590 -617 81 -1190 -385 -1176 -223 -796 -1072 73 218 -152 -985 -817 -456 132 -316 -1328
-1442 2610 -1224 -1084 1891 1063 2652 4065 1826 2672 469 3093 859 3163 -926 -70 2919 2423 4411 5705 428 -839 3674 -1961 -2555
364 -1129 9 -558 -813 -475 -641 -950 -616 -1060 -314 -566 -853 227 -236 -330 -279 -884 -609 -640 -646 -42 -748 -402 417
-408 -36 -428 -89 621 146 -484 171 -12 -437 -573 -577 -319 557 293 -64 -87 297 -718 471 -557 305 -659 -231 -484
-471 291 -574 220 -661 135 -609 365 534 77 -45 -170 -342 -258 62 520 82 10 552 -934 -645 -507 -731 615 -501
-366 4179 1862 -3867 -3344 2176 308 -3122 -3405 -7231 -3073 -362 -3370 -3725 5693 -3504 -3986 -5649 2779 -910 -1555 -2377 -412 4029 2780
-1265 -243 -468 -823 -1103 -433 -517 -998 -192 39 -659 -520 -42 -1172 -1239 -325 -1031 412 -1181 -1128 -22 99 -311 234 -996
-2975 -2867 566 -4373 -1841 -4175 4045 4456 -4124 -2936 -239 2317 -1392 1094 -1057 -4156 -677 -5108 -454 4584 4062 -9688 -9011 -1896 5005
2082 4780 3963 123 -443 5671 9161 5655 2883 6318 -2222 2982 -1876 4056 -3818 -3479 -3118 -1862 -1428 -5204 2805 6132 5188 -458 -672
50 792 212 -926 178 129 -187 378 -476 290 240 -545 683 -851 -614 71 610 -210 -654 884 -249 -67 -458 -7 392
1456 4605 592 125 2130 356 3647 2380 349 -3382 -906 4017 -2989 -4734 -12128 -3824 -2843 -2125 -5655 -5806 -2164 2327 1564 -415 -1484
-753 4331 2378 3856 5437 2376 6465 5920 2994 8186 -3382 -103 2004 1844 -3573 -1555 -2472 1673 -4153 -2858 -5680 3268 154 -1037 -1053
-1024 -1331 -583 -579 -1348 500 1062 -1545 -537 -101 -504 693 -167 -56 -821 -299 -230 -815 -894 -501 478 -593 -1102 225 -477
-868 310 -440 -506 -600 -128 -99 -168 6 -2071 -881 114 68 -1474 -1871 -788 -1067 689 -689 9 -284 -413 -1208 -391 -371
-4073 -244 -513 -183 7961 -923 3054 3436 3377 3604 3011 2145 7018 5433 -3860 -41 3406 1368 3763 1954 2846 5184 841 3494 6784
-34 -166 21 -1069 -84 -287 -677 -986 -473 -84 -855 -1087 -1090 -1289 54 180 -874 -741 -276 18 -452 -423 15 -990 -139
158 142 -106 -192 -174 -1184 489 -1043 364 -272 -1075 -861 -749 -103 -1157 -913 -17 -419 -450 -134 -1206 21 85 -754 -271
-1977 2023 -2128 -3076 4965 151 -640 -5172 -1851 2728 -290 1776 -1524 -5299 -2188 -1142 3334 1945 -9327 -7123 22 8831 3113 -4504 -932
2984 3012 3633 -2464 -1013 222 -1387 -2729 -1332 2317 -766 3433 433 2103 -3339 -1714 784 401 1219 3801 1040 2739 -1059 -584 7953
2574 7792 7989 8043 9364 158 7601 991 3989 -899 -1850 -4325 -2845 -725 -4345 -351 -2709 2165 2612 423 3304 4178 5748 3961 2274
-17 -870 550 -213 -210 -232 -427 -381 -334 -350 -630 404 -497 -847 94 18 70 -317 -554 -208 -676 -1077 -66 -613 -1207
-663 -261 -872 -310 -256 -132 -91 -935 -1188 -394 -727 -619 -992 -1378 634 -923 -210 -2014 -1513 -1350 -766 -103 -559 -805 -493
484 -757 -913 -430 53 -190 -14 241 -943 -542 -813 -125 181 467 -466 27 -1043 197 228 -166 -707 106 -1148 -800 171
-1011 -198 -92 -633 -1147 -333 -886 -1377 -316 -50 -314 -1434 0 -47 -316 -252 -817 -975 -503 -1288 -596 -33 -969 -1314 -551
-618 -2 145 458 -980 619 -152 -366 451 -448 142 -560 -301 465 -574 -1008 -316 -657 205 528 -259 418 115 46 447
4258 -1803 -1724 -5239 -5312 869 -3461 1757 -16 1581 1518 1161 5434 4236 6947 -5283 -4850 1976 4214 -3754 -12175 -16113 -11684 -6412 -5855
1318 53 5444 1515 957 -4450 2132 2738 -1518 -4774 -336 2436 4903 -4898 -4451 2660 764 59 -5861 -5361 1348 6325 -1217 2393 -51
1959 -3479 5375 4928 3443 -2259 -2695 2802 5471 3401 -1938 -6968 2714 580 6762 643 -3605 -227 -1962 6212 7420 2882 5399 -1357 1588
968 -1189 -4210 -10233 -7610 -559 3064 1666 1515 -3225 3139 4884 5085 -2088 -1360 -1090 227 1520 -2256 -9240 -1625 -1373 -7387 -3911 1341
52 -801 -77 -724 -52 302 23 -347 -667 -252 -897 381 -1022 -801 -1108 -815 -513 119 -1045 -731 359 -823 -1065 -1113 -705
1669 2689 757 -1953 -3801 1016 8390 3023 -3179 -2450 1403 4939 1594 138 1497 1071 2619 -785 -1676 2988 -2559 775 7171 4955 7759
-2635 6883 4139 -1677 523 2050 4283 5434 -1260 2737 2483 -89 3329 1252 2626 2240 -2822 122 -6190 639 -3916 -1384 -4112 -6985 -6095
224 2687 5513 10033 -2888 2 3265 1501 3651 1316 -2321 5923 3804 3525 -1087 71 927 -1121 8843 3986 -1639 -3369 553 -1396 5393
2510 2378 2796 4748 2825 2008 3517 847 -6223 -6090 1842 608 453 6085 -5626 3066 305 222 -1998 -2696 -4402 -776 -5643 -7364 -2487
-990 -133 512 184 -240 -695 422 -849 -782 577 127 -610 408 221 506 558 381 57 -747 630 492 -222 -478 -102 126
709 -2065 1370 -2921 -5321 4667 4693 5053 -7407 2502 5126 7414 2778 -509 4155 1678 6217 8233 421 6400 1153 -586 -2253 -4751 -60
379 -821 -898 501 -1073 -687 -954 -286 -688 -811 -522 -316 -396 -849 -667 -1296 -1286 -1200 -670 230 -112 409 93 -790 -352
-339 -1012 -309 -797 161 414 -440 -138 -1629 -1545 539 -137 -587 -616 189 -186 212 -647 -1372 -126 -683 -398 -987 -1396 -649
-760 473 -153 216 -278 -109 154 -196 514 -916 -807 42 -564 -42 641 463 -587 -466 -456 -921 -485 57 300 379 215
-281 342 623 -657 264 -42 -515 -257 -816 -11 425 247 -839 -730 74 514 -503 -789 -470 -299 153 -865 332 -315 -445
3681 7700 -1287 -5439 2368 583 6655 2020 -2462 2687 -2942 -7235 -2220 3049 590 -5487 -7421 -8403 1043 5598 4327 361 5830 6508 5546
-74 -1116 -9258 178 751 1387 -3522 -779 1262 -1513 -1247 3162 2707 1636 -654 2769 1758 2910 1869 1013 2919 1556 7877 4924 2840
-791 -873 -1205 -432 -611 -762 -512 -167 -1196 -402 -693 -586 292 -1174 -664 -591 -969 -149 -1230 168 303 -1227 -537 -1228 -394
-454 203 -1104 -387 -213 379 269 76 -949 -356 -1070 -170 -867 -840 171 380 -257 661 -351 -435 44 -282 -291 -355 -865
-264 469 -628 -76 -946 -605 562 -384 -190 -902 -158 -52 -537 242 -9 85 -526 301 5 62 630 307 256 23 -395
-326 -632 -32 -1076 323 336 -1115 103 108 46 -217 -553 -337 -145 -990 -731 -131 -54 715 352 -521 -466 -466 -185 -147
6851 -1212 -3962 2314 305 1748 8515 2838 667 -5759 3025 6583 4649 -973 -758 -223 3127 -1555 3337 -3235 -4685 -1714 -458 -581 -545
-14248 355 3739 -3418 954 -5743 -6143 -23 1211 5400 56 -2636 -2684 970 -192 -1623 300 -4692 -562 381 4308 -595 -2077 1809 1380
2 -873 -932 -59 372 225 -510 -140 253 608 -597 -548 472 -161 -876 -263 276 -916 -584 -844 -978 -539 6 77 -681
-465 -2346 586 -986 -3033 -5066 -9047 -5619 -2186 869 -2911 -710 1298 499 7332 -1831 2034 3668 143 3533 -74 -2918 -5556 -4111 -3866
-834 -468 -1154 -320 112 -538 348 -811 -864 -699 571 -887 259 472 -422 -11 -595 -322 -851 193 -574 -537 -333 -973 -725
-4510 -1874 -1906 -2642 -8001 1592 5097 276 1830 -2980 -14067 -5751 -7424 -4102 -630 -2288 859 -937 1263 3792 -1974 -587 580 1491 -935
3085 2144 3107 3377 5111 -1951 -1186 2736 5926 1185 2453 4815 1800 -865 -9089 3651 -1015 -1730 -1181 -360 1121 3536 3183 1262 4410
-1036 -443 -953 112 -1282 24 -857 -556 -424 -455 172 576 -40 -705 -899 382 -1113 -104 379 89 567 -292 -1006 -561 -801
-1075 -407 -3848 -1810 -2492 -2152 -3777 -519 -324 -235 -242 38 -655 -2698 -4506 -2571 -287 -3973 -4120 -3427 2068 -885 -2111 -1658 -994
-1142 213 95 372 -412 -126 -411 -1128 514 207 531 -55 -350 -344 562 -1595 -932 -642 212 -297 -423 -374 -2111 -374 1342
188 -989 -611 -884 -809 85 392 450 -233 391 -717 173 -868 412 -773 107 315 -110 -462 -149 35 -432 -516 -123 -102
910 4556 7755 2120 -6751 -4946 6507 3826 -777 -2190 -3000 -847 856 618 3799 2166 -252 2123 2118 1479 36 -2081 -3072 -433 1307
-573 -548 -378 -987 -1008 48 -41 193 -139 -573 -563 -698 -477 -277 172 619 -864 417 343 -387 -506 125 -531 -288 567
-74 -745 159 -1111 -20 4 -35 -913 -261 -551 380 -891 403 260 -145 -919 65 12 -410 -630 -197 -539 -648 -866 -1263
4655 2789 3108 -3657 -2748 -3495 2765 1438 -532 -561 3246 1083 4416 4830 406 -1128 2435 1448 5329 2001 2103 3964 -2920 -2208 -1384
449 -849 58 -983 254 -572 -496 -1113 -763 139 -643 -1077 -507 -78 88 -317 -975 -1129 -171 -326 270 79 -27 -24 -704
-370 521 -630 -760 -583 -295 -480 -493 -622 -965 -425 -472 -1002 315 -243 -595 -487 -778 -1041 -7 -145 324 464 141 -296
-95 3095 2929 -1585 708 -1754 -1696 -1156 914 1917 2893 392 -3132 -1370 739 84 -2144 -2671 -1028 6378 2610 1497 -2048 -3337 -2194
-6130 753 348 1649 1998 -2966 1910 -667 -979 1810 5078 -3317 -2310 1829 6483 -94 -1239 1049 4415 7207 617 -1588 -1232 -3190 393
-950 950 -1580 -5067 -3500 4271 -1326 -2875 -1458 -2009 2139 -3557 -2578 -2871 1626 204 -6303 -990 817 -2225 5586 439 -518 1623 347
514 -461 -587 -1005 -545 -36 667 221 -634 -1322 -1035 -346 514 -34 -986 -601 -1463 -267 88 -417 124 -499 -911 -327 78
-1551 -1182 -3064 -10467 -11101 -202 1511 250 -4543 -1752 1823 4074 2651 2577 5645 4203 3296 2102 854 987 78 -989 -1758 3152 1246
-1376 -338 -317 -237 348 -549 -695 -914 569 355 -214 -1018 -645 -1091 -795 -982 94 -1035 -179 -444 -863 -181 -1078 -717 -512
-1845 -2522 884 -670 -2797 -1913 -349 12 53 -3895 1526 1581 -651 -142 985 3600 895 1181 -2106 2580 -1930 -2162 -3539 -2328 -1029
-24 -32 -1351 -170 -722 747 545 -1175 -702 -1019 202 878 -556 -862 364 96 -1101 324 -451 -499 -141 514 55 -402 296
-1806 -1083 -4866 -3586 -9484 2597 2237 3238 3129 1068 -1602 -1486 1224 -2912 -4865 -14 1053 -232 -7365 -1430 -745 1035 3007 -1360 1755
366 -1981 -769 -478 0 -67 435 -1318 247 -1038 49 -689 -909 246 173 751 -1223 -1173 441 25 -480 -51 -422 12 -483
130 -407 1 -367 -788 -446 180 -419 240 138 -1076 -671 400 -1301 -1216 -712 -186 409 -1418 -11 -1331 -1398 -306 -117 -1366
119 -258 144 -599 42 -144 -372 -424 -323 -248 -323 -425 -761 20 31 -877 -174 -155 -368 -895 117 350 -879 -1203 -303
-929 446 346 363 -353 398 -780 -350 -941 -286 -928 -657 187 -281 -792 478 -540 -935 71 -63 -711 -542 145 -64 -418
-781 2989 -966 -4777 -6594 -1485 1674 398 -1638 127 -8603 -1479 -1690 1548 7301 -629 -2102 290 2403 678 796 -2534 -389 2065 5544
1735 -3062 -3239 -7140 -5045 7803 3191 6875 6970 5102 -3439 -5697 -4079 777 136 -6604 -6872 -8227 -7394 -1995 197 -105 879 528 -2970
1123 -1456 1534 2199 1265 -1778 1291 2975 1581 338 1986 2246 2463 2593 4860 -6056 -6332 -4406 840 3352 -8487 -1818 -4626 -137 4173
-1028 -561 -1105 -1105 -381 -340 109 -738 -75 6 -1092 656 12 -806 -310 -629 -880 -844 20 -601 -831 -615 -462 -80 -1009
69 -686 448 -778 100 355 -915 -256 -940 -759 185 -815 -680 -74 535 206 440 -901 -586 -147 -348 -849 -680 459 -598
2906 1320 -2653 -6010 1462 455 -3557 -914 -3336 -1667 97 1223 709 1495 653 -3679 1487 792 323 806 89 880 -1951 1865 2011
548 -186 38 -827 -972 -639 387 -7 -34 -503 -1538 -581 -93 160 -523 -1342 292 -355 -15 -1352 -806 -615 -929 -859 -243
-3885 -7272 -2736 3467 3362 2223 -1172 -612 -1017 -4272 8699 4942 3871 3377 2170 -1162 -1394 -3898 -7429 -5974 2564 -4429 322 679 3885
-2045 2078 -33 2509 1791 -546 -7092 -2274 -1171 -1657 -1391 1906 1702 -2132 3603 -2247 -1038 -2198 1745 2927 -281 -4049 -1445 92 2494
-366 -720 -994 -232 -380 -706 -61 -873 -412 175 -905 -494 -959 -1201 -739 208 -598 -846 -212 286 -342 -332 -945 204 -760
-929 -110 -816 -1024 -238 306 -989 -779 -23 -286 -1086 49 617 -283 54 -1339 310 -682 235 49 35 -748 -262 117 -538
-1164 -573 -1206 -34 56 -422 82 -164 -968 -641 -842 -944 -715 -304 -1028 22 -320 -1743 -951 -1450 -544 -825 -1546 -1359 -420
-167 1785 2291 -778 63 -3455 1986 3457 -5990 2887 -4687 2287 -1764 -1232 -1194 -3247 -4664 -3837 -508 2343 -5288 -8277 -1410 -1653 2745
-110 2723 -1687 -1989 -2008 1248 74 -697 -1991 832 -1078 -5592 -7261 -1491 -842 1090 -1195 53 7340 6632 2156 -1512 1628 -8 1483
-1198 -524 -1003 -678 652 -584 -43 -888 -280 469 -35 -238 308 292 -904 -429 605 -1284 -365 -1083 696 -72 -707 -978 -19
1423 716 -1666 -864 -1696 1561 3212 3190 -828 -6402 3292 2895 -312 -1057 -3308 1589 -1996 -3133 -2042 477 -184 1401 1917 -2232 -926
-2870 4980 3707 6339 2559 -906 1509 -481 1388 963 1722 4707 -2364 -2858 -1543 8154 810 -3379 -2651 -5464 593 -6278 -8613 -5280 -2909
-883 -843 -884 256 -896 -298 -385 -51 549 15 -537 -948 -900 -747 -1022 -1170 264 -179 -128 -740 -1091 482 -680 -900 -888
-1017 490 -2320 -878 360 -2000 -2705 2071 2493 1122 6305 -1286 2817 1204 -4354 3991 -2423 -1623 -3366 -6703 2337 430 -3589 893 -5920
-3345 1914 1683 3862 1534 743 1161 1427 -716 -2767 -2566 2644 6330 521 2065 -4584 755 2158 -1832 -1823 -1022 2232 -2102 -968 -131
714 22 -813 1502 2119 -1449 -665 2855 -1128 -2961 -358 2742 638 -755 -1540 -1727 2122 2264 2191 719 -5272 7507 2192 -2285 -1663
-382 -3200 -54 -1972 -3554 -2064 3185 2495 2568 -507 -3740 -6491 2228 -1926 -5267 -2309 -2706 -1592 -2505 -286 275 2871 148 -6248 -6189
-1976 -3662 1984 2226 4841 -2364 6711 2898 46 -439 -635 3103 2415 -1115 -5620 -1780 -1474 2259 1938 -5172 3364 5060 6424 3506 9729
4906 3041 3154 1802 -1715 5130 -1650 -1795 -1288 -2877 -2039 -2004 -2911 937 4072 -2248 -2304 772 -816 1162 -1235 2795 8265 4256 4726
-241 -740 -1055 -455 446 -483 -820 -825 -98 -1093 -67 -125 -534 26 -633 -327 -1015 -778 -1195 -447 -188 -169 -1083 -1072 -216
-6113 -1311 -2156 -1654 -4158 -2163 -3080 -698 1309 -768 -10945 -2678 1593 1393 -5217 -4075 3034 4818 -695 -4793 -365 1491 5372 1034 -174
12 -596 304 69 -15 277 -1106 -994 -388 212 -361 -862 -667 -286 -1555 -1084 -347 -46 -810 -708 -617 860 -1024 -723 56
46 1311 4276 5402 3409 2295 474 -3095 -1705 -329 3677 -2872 -13000 -13207 -6204 897 -5341 -22519 -22046 -3442 -2412 250 -3187 1591 3186
-811 -8448 -6476 -2482 6201 4497 -7162 -4879 750 -1268 726 -5665 -2353 1504 1420 3865 -3735 -896 -443 -1994 2060 2934 995 1651 -1601
-840 -512 -604 462 584 -268 -644 -2 380 0 673 -340 416 -212 -95 103 291 -353 14 -625 -303 77 -361 -51 -52
1292 2369 4970 2501 1096 -1110 -2435 806 227 1476 -9665 -8792 -3993 -4121 4614 -5729 -10375 -1277 2120 1062 641 2326 251 -101 4527
-729 4576 -392 311 -1074 3492 828 2813 -1810 807 1990 36 -2794 1126 -849 -5085 236 446 6362 5984 -3869 2263 818 1867 -138
-625 -518 -390 -585 436 -248 109 -802 -344 -957 -15 -227 -884 136 -197 -558 -686 -465 268 -553 76 128 -697 338 23
-681 -6183 -2558 2893 7570 3754 -906 4448 4538 -358 2156 1738 2947 3990 -10975 -3251 604 3992 -499 -8339 402 3134 -866 -417 2157
516 -485 -560 -168 551 355 -380 -805 -349 -259 139 615 10 -432 316 -963 -450 -717 -558 -117 -738 -217 -316 -116 -266
-1556 -3276 -5320 -770 3505 475 -318 -2906 3471 4568 4357 4950 -3253 832 1136 4869 1065 5680 1404 1449 2334 1615 1250 345 -475
2455 -192 -2097 -3618 -2693 -1569 -886 1850 -600 60 -4276 -101 592 2610 674 -1127 4530 4631 1608 3297 -5555 375 1299 -318 1411
-2306 3645 -1861 693 2351 1256 5458 -1631 31 -3078 -512 4330 5222 4356 12176 3504 3839 2980 1987 2480 4674 4578 1249 -1834 -4998
140 -935 -594 535 545 -519 262 -364 -559 286 388 368 68 407 -257 -370 511 -945 -843 -217 617 73 -111 403 -417
-1179 -545 529 -62 568 -603 -397 -796 -248 -272 -229 -826 -178 -85 -269 -1174 -1285 -559 -626 116 -729 -472 118 212 -1136
390 -671 -730 253 -138 354 -859 141 -332 -864 -707 -642 -628 -479 -919 -370 213 574 -309 509 -573 146 -563 611 -710
-275 118 -602 -786 508 431 -783 -44 113 138 -590 -231 606 -647 256 -876 -84 386 -258 182 -349 -86 -490 -64 -329
-2446 -3384 -4604 -366 -4293 -1085 619 -1222 1916 348 320 3292 2365 2403 5115 1918 3090 -238 2719 6875 3653 -2752 -4699 5269 3678
-1908 -2710 1504 -392 -1323 -6832 143 957 -378 -1467 -9085 -5169 2444 -706 -1446 -435 1228 3767 2691 5470 2585 1137 1385 1384 4914
629 -299 -979 -240 -425 -1106 -1202 -298 -216 -1025 -1059 -1173 -720 -227 127 -541 99 -635 -184 -784 -103 -1053 -650 -876 -246
-1360 862 -1333 -9954 -2998 -1390 -102 -572 -3 538 -1964 771 703 1489 1690 -7978 -5330 -9272 -2445 -4382 -7060 515 -1815 2470 18
130 335 -754 -944 -51 -627 205 -928 -674 -643 -533 -660 -1198 638 -66 365 -125 -649 -776 340 -133 -449 -1030 -345 216
-139 217 368 -362 -54 -349 -241 -466 154 -647 -857 588 358 -777 -238 337 -804 -696 -299 500 -879 -634 -35 -414 569
-282 -149 -295 -591 -462 -555 93 -715 -315 -825 -547 248 -820 249 348 281 429 -225 -856 -787 -601 -758 -911 -994 -749
-4158 -2596 170 1708 537 -5659 3290 2752 -2315 -3625 -3146 2680 -1339 -2858 -593 4571 2717 -1604 -2523 5580 -1380 1454 3704 -1642 2314
183 -135 107 -71 -588 -467 -1443 -189 -24 550 -1085 292 -468 -139 -936 -347 -512 106 -149 -88 -951 -784 -70 -544 -1047
3191 -820 4759 3835 3842 -4453 -5377 1249 1444 2626 -4586 -4360 1397 -459 5881 4014 2766 1360 -2431 -4890 3592 2630 2533 -1496 -11193
-728 478 2797 -1670 -2010 -4914 -1263 -1596 -1295 2164 -3852 -5453 2885 4346 2856 782 3326 4664 11193 2671 3301 2492 -271 74 -3256
844 -1131 -780 -714 -166 639 205 -876 44 -718 -900 -1280 502 44 -1217 -864 -1047 -953 697 530 -403 -157 -366 -263 -198
2874 -438 3066 -960 -1689 1192 -283 -1901 -2478 1321 -174 -3844 -3606 1844 5062 2223 -2821 261 6353 -471 -3960 -1045 4363 3310 -7096
2526 -532 -3574 -6176 -2757 1944 -5308 -5681 -1986 -4583 4076 -1184 3608 2218 3066 3781 196 -1878 -1862 -2797 -2809 -925 196 1342 -5383
-192 459 -909 386 -1113 -1445 92 -1264 -1403 -1567 -620 -30 -395 355 87 -994 -993 126 -739 -1083 -2121 -1098 -979 117 -1301
-522 -231 -174 721 -587 -810 -790 -1501 645 -714 -691 -245 -278 -1937 -311 1040 1431 631 -663 -1753 -350 -628 -362 -439 -1103
810 1108 4357 3570 2374 2961 -893 580 -2856 -4940 -5835 -5045 -2994 -5818 15 -10495 -6166 -1788 830 2684 -2061 695 3361 1531 -1253
-651 -442 -1173 -506 -596 123 -567 -481 -559 328 412 -54 139 -1216 -197 -744 -768 134 -850 388 -930 -1032 117 -987 -347
-574 -403 60 -655 487 -951 -114 208 -555 492 137 -994 326 -609 -424 370 249 -1299 -528 -743 -558 372 -1176 -737 -1037
-1235 -5233 -1319 -1800 3224 -903 -5253 74 3031 3355 -4459 -4099 -2444 6227 5821 431 -18 3129 7507 7684 2411 1028 3187 999 -3091
-1736 -6575 2656 -1448 3841 -4980 -1283 487 2036 -2798 -1811 2810 6028 1380 -2547 4105 5296 3287 1625 -937 -4092 -4109 -1433 743 -4181
-1222 603 -1821 -5713 -4021 1702 -120 1975 -1654 -4096 -123 1139 -1757 -7652 -4877 2750 593 -5119 -1607 31 -3055 -1045 -2132 600 4221
-311 -227 -1561 -458 608 -320 -1111 -1303 -896 -690 -616 -669 -72 -655 288 -984 -984 -369 -765 -215 -555 -246 -162 -635 -327
903 368 -770 437 -22 116 557 -1646 -1449 -974 -174 -42 101 113 -929 -362 298 -1255 86 291 -1355 -1129 -1670 -1775 -1319
-831 290 -949 -900 95 -515 -826 319 537 -653 157 -466 -994 48 279 -550 159 -492 -294 358 15 -189 -548 -814 -894
-538 547 130 -200 -1453 -787 152 -568 -627 -183 115 -544 -874 -633 -818 203 -1106 326 -361 538 -669 -858 -665 -340 -225
-281 -316 -639 -698 -859 -210 181 -485 243 -651 269 -631 306 103 482 -524 -601 -942 172 575 -248 -783 186 -14 344
-2512 2038 3135 1653 1249 -506 3163 -3184 -309 2319 2755 -2011 -221 -2975 174 -620 -2780 -591 85 -8137 -2786 -1132 -177 1923 137
131 734 4194 2431 4744 -2171 -4952 3146 -2273 -5059 -5382 -6106 1923 1494 28 -2902 -677 3766 8771 289 3149 -1655 1823 1924 -1373
5942 1873 621 1542 2989 -756 1889 451 706 3803 -4007 1522 801 -714 -11128 -2521 3257 2215 -938 -11261 -5185 -1801 -5791 -7722 -5863
2159 -2873 81 1942 4633 -609 -7720 -968 5904 1215 -1794 -4528 3004 474 2640 -858 2662 -2382 3556 3454 1524 440 -3313 2033 187
327 -1078 -903 -514 -859 -564 -584 -819 395 -688 -23 77 -936 356 -482 -174 -244 -193 147 -492 767 63 -697 -515 -235
-822 -1810 -524 -2669 611 4181 3605 769 445 -2795 654 -1095 3178 1926 -5745 -4672 263 -452 -3367 3397 1797 4320 859 -1591 8953
4901 1379 -29 2007 -280 -4885 -2481 1183 -985 -8467 -7317 -8234 -4875 -731 443 -2747 -1348 -129 -3828 1390 -3365 249 -47 -172 -397
-1376 -7986 -4656 -8546 -8620 -1479 -8531 -6277 -2439 194 3410 -2332 397 1654 2587 1514 -5258 -1968 544 1356 -194 -1414 -2142 -887 3673
5400 1712 -2536 -1721 -1336 2293 4601 1371 939 1890 60 -5581 319 1294 3226 5296 -2396 266 2241 -315 2188 -1156 -1011 -2349 4204
-845 -179 -422 60 401 -271 335 130 -189 -526 -260 188 -939 418 -647 -330 442 -972 464 -890 -1049 458 -261 -723 -647
2130 644 -39 -2740 4834 912 -3394 38 2457 5895 2116 -3307 1995 8975 9054 1949 1392 2208 2922 -288 1767 831 2538 1036 -5036
-467 -772 -341 -631 -609 -658 324 -157 -1126 396 -496 356 -874 -952 -1081 -661 -750 -561 -1041 -362 -484 -65 231 -508 10
-28 -1102 -1460 -1667 -927 44 -104 -927 -481 -1523 -754 -1621 -65 -978 -198 482 1382 452 180 -866 -671 -1167 -723 -281 -1149
-303 186 -759 -353 396 -255 -407 105 -310 -535 -328 -179 64 42 -338 -907 -477 359 -787 482 631 267 -232 -117 -806
537 -898 -868 11 98 -873 -130 -830 -324 -739 -699 -303 -26 -569 -71 165 -290 -480 49 295 -699 -894 532 -455 22
3752 -2076 1554 -1255 -3003 -263 915 -2870 -2089 3963 -4971 -5090 -6973 -4639 4351 499 3422 -2533 -2635 658 4313 2474 392 -893 -3348
3736 3743 1534 -2619 2996 4793 2715 -2713 -4930 739 -683 -384 -421 876 6813 1616 4232 5034 2331 1763 -5237 -4627 -4765 -423 -1048
-237 229 -701 339 -964 -605 306 -578 -983 -1159 -487 -407 -1225 -1330 -284 -115 -1223 253 161 -1143 321 -461 -1143 -850 -454
-680 247 -16 -1066 255 60 448 -943 -762 -666 -405 -868 -291 -930 -770 -933 -737 -378 -848 -665 -803 -405 -1020 -938 -212
-568 -223 -438 555 -637 -860 -72 -292 -665 -858 -347 628 -964 -84 602 -836 501 33 623 -929 -220 118 50 -524 -54
-6 -721 349 383 208 761 -458 -605 -435 -559 -521 670 -154 151 -481 -306 -594 -390 -21 -23 175 -735 -1026 -973 269
2865 964 3309 -67 -1076 -4060 1827 1410 3738 3287 -487 1808 787 1063 6210 3790 3494 1641 -603 1768 1840 427 -4738 -1832 545
1037 876 -1775 -5322 -432 1045 -3479 -45 1748 1566 5436 -1541 -1944 -184 104 209 2165 -889 -1066 -58 365 19 5127 1985 -1623
-585 -518 -632 -415 -247 -681 -667 456 -430 202 -198 -807 535 133 -885 470 182 138 -734 10 -750 -586 479 -804 76
3421 318 7552 4148 -5762 -579 721 -3154 1336 789 -278 510 -1448 -976 -1655 4452 1298 1297 2637 -137 -1088 -5207 -1280 2425 -704
-854 32 129 102 -445 631 394 -555 485 -40 24 -902 561 675 -833 25 -283 -20 249 135 692 -3 -253 523 566
4349 3705 4108 -4340 -1356 3494 2280 2167 890 -1681 857 -2056 1523 2223 820 1862 -2217 1157 5446 -1824 2867 -82 6123 2852 -10778
5517 2358 6581 -1276 -6194 1432 -1339 2231 -5821 -5629 -460 1276 3582 -5882 -4092 3903 85 -785 -3033 -5416 -1069 3457 3476 -2245 -2129
370 -944 53 110 -192 -237 408 208 571 -349 28 -370 -674 287 -808 -888 149 -1417 -379 53 -940 -1202 -866 526 574
3273 1854 2640 -775 -97 3379 491 2834 -667 1477 3321 -3334 -2689 420 3736 3520 -478 332 2748 3250 2955 -966 -822 -303 1973
-188 905 787 -443 975 -1301 -568 -734 8 -19 -1261 -903 -16 493 753 217 -59 -1529 -1343 413 -511 -433 -715 -287 302
-359 583 -331 -669 -904 -70 352 -434 -948 500 -365 -652 -917 -510 271 444 63 -17 356 -341 -161 -171 -45 247 -325
12396 5461 -1333 2607 790 4948 1446 2434 -1106 -1537 -323 -2012 5008 749 -1670 -5241 1529 1372 -1851 2345 1682 -769 2941 -65 -1223
540 677 515 -643 -711 -30 -540 95 -1087 -917 619 -854 159 -593 -1362 209 191 153 -380 -349 -854 -581 58 -655 -109
-396 -342 -971 336 -46 369 615 -876 -916 -802 -139 496 361 -123 -710 310 183 -74 -911 -910 276 -752 455 -393 -964
12687 7517 1582 -4503 9097 -1257 1661 -2407 2784 2498 -2553 3783 1584 1569 -111 -29 1366 -613 4615 10533 -3139 1499 -4401 230 4766
79 -790 -864 -11 -393 618 -973 -113 2 -933 -741 -1173 -1020 -813 -390 -49 -299 319 -400 261 372 -567 -1184 -937 426
-965 -83 -737 -712 136 210 -646 -774 17 -226 -750 524 150 -549 -275 -233 216 504 -926 237 -39 479 -746 -557 -155
5298 -1294 656 -1253 5249 -429 -3470 -5130 3075 -3319 -2872 -1493 -1509 5783 5395 687 -1811 -829 4052 2787 -4633 -7259 -93 -415 -1140
8501 4072 1735 -4776 -4280 -6991 -4724 -323 4255 7269 -2063 -3869 -545 1039 7489 -1875 926 -2301 3461 8157 126 3379 -3277 2730 244
-2025 -5211 5052 4302 2285 -1630 1383 -900 318 -377 1130 -1082 205 1960 49 5232 1803 1622 -1126 -2198 5337 2868 -454 -5177 -1570
1358 256 -1808 -866 -606 86 -423 -586 -939 -651 50 -1367 -1005 -718 -874 -1039 123 -1078 198 -210 -975 -1241 -859 -198 -1326
-1885 -8593 -2995 -4768 -3816 -98 -1851 -3910 -1604 -4534 3466 6344 1470 2564 2639 5423 -989 -366 -286 3159 -1146 1691 2913 -2168 2340
-330 -766 -1261 -434 275 -1205 -89 -723 60 -812 -852 -783 -1049 -518 -540 -791 152 -926 -551 -1258 -1183 271 327 -502 -104
-1350 360 -5079 -922 -4805 2826 -3169 1902 685 -1776 2626 243 494 3221 1748 4825 5656 1184 6888 3466 2646 4218 4019 704 -1203
-1297 -1276 -1360 388 -510 -1179 -1156 -267 464 -1138 -900 -721 -1001 -248 85 -460 -1159 543 -367 -1287 211 -837 -587 -260 3
-2643 -1135 -3565 -5377 -3270 1125 -6486 -2937 2168 -2245 -756 254 5032 3168 4695 858 -295 -124 -65 5347 66 -5195 -3840 -4290 -2166
-207 -430 657 367 322 -1450 163 247 -445 -225 -252 -225 -162 -545 -748 -207 11 640 -1277 -592 -149 -981 402 -94 612
-1376 151 -245 -11 -703 -721 -793 -272 21 -686 -54 -141 600 -674 196 -276 -247 -259 -1490 -1003 -386 -422 -711 -277 -119
319 -677 -526 -1250 672 -239 274 -1195 -420 -560 199 657 -33 -566 -549 -985 244 -547 -1148 -1028 105 -67 195 -1380 -1189
208 214 -306 -31 -941 -400 -1071 -1011 -66 -929 390 521 85 204 -556 -764 -1054 -855 -192 -193 -108 191 -146 368 407
-5801 4111 -1997 -6754 3969 3960 -2530 -2966 -5199 -22 -1090 2278 854 1034 -2913 -5517 -7341 2662 7090 1702 -2965 -347 6145 4573 596
-22752 -9160 -5476 -7018 -17595 2498 6173 2826 4190 1065 1091 5701 2486 3864 4961 1734 1205 -4912 -991 -1709 -3030 3447 192 2334 -3377
1015 4822 308 -1685 2369 -2893 -1633 324 167 4888 1386 -2929 -4095 -3104 1720 -3468 942 -713 1635 4171 210 2306 5461 -410 -2411
-354 -472 -112 -777 -105 -1274 -525 94 219 458 15 -227 -773 -709 306 448 479 -289 -473 -275 555 350 -269 -693 -577
-910 63 -758 -593 -657 26 -661 573 -862 307 539 -820 -746 -599 284 -21 297 -770 256 -178 -507 -169 -867 -760 276
-14042 -2107 583 7466 15023 -9642 1385 8852 9259 4863 3470 2988 3320 1678 3267 -257 4165 620 -2065 2597 -2338 539 2644 3238 3825
-72 -203 -287 -675 -105 511 -667 -823 -617 -975 -1105 -1288 -1078 -419 289 -1127 -197 -405 -1053 -1010 -90 365 103 -376 -1142
-4106 5526 -4709 5338 5667 4441 978 441 3526 -9308 1285 1129 3801 -1555 -1976 1230 -5000 -2054 -851 3091 -975 -1282 -2431 -3199 -4358
2491 13125 284 597 3925 -1141 -1543 -3155 -2532 -2935 504 -4504 3811 1799 -835 -2979 -5839 -3050 895 4256 239 4472 -1207 1932 774
440 -845 -286 -22 625 -426 -605 -533 210 -160 597 -906 -1050 -586 -902 141 -324 -1133 425 388 -114 -416 -417 500 672
-295 -555 -648 -691 636 112 -643 157 -1007 139 510 -938 -853 -746 -322 -268 210 361 -131 -129 -92 -1392 -163 -430 -814
-620 -804 -374 -388 328 813 -134 -237 -13 1136 -1428 -130 -1019 -1052 -671 -983 -1256 -24 -641 363 138 1259 -264 -512 -690
-1047 -831 -2556 -1766 -4036 4164 1159 1474 6447 3686 -248 263 5167 1843 776 -4653 -2902 555 -5537 -14557 -1112 -2386 -340 -4120 779
-3870 3755 -2140 1864 4247 -653 4749 3560 -1027 2077 -5163 -4434 -752 -2564 -122 -7035 -5116 -777 2842 5900 412 8060 8883 8485 7476
-401 -574 -363 -902 -411 -50 260 140 -12 369 -728 -1195 -544 66 497 -870 -30 -422 88 -355 703 -699 30 -218 -1029
4922 4541 -10042 1951 7322 578 1750 6002 -889 5543 -1506 2711 3363 5430 2649 -3345 674 190 -2383 -5531 -1668 -2142 -8190 -4901 -8928
188 1654 2996 7418 2195 592 -691 2346 -566 -430 -3926 1715 -575 -3311 -2622 218 1050 1560 -4556 -1817 3565 2526 953 -433 -5746
-961 -946 153 -798 -410 142 -33 -231 704 522 -469 540 743 -374 -688 -157 -101 178 -974 260 363 -55 -297 378 113
-9540 -11373 4050 -3285 2111 1010 -1092 275 -4912 -1409 7406 1898 395 -1504 492 2109 4186 -6026 1182 -881 582 1971 -1915 -3110 -3597
-4707 5375 -3070 1577 -374 -467 1087 2145 1074 2690 2863 -1975 -592 -3237 1065 479 -492 3427 -3556 2851 197 -1982 2498 2424 4621
1777 2458 -677 927 2902 971 -2954 -2138 2054 3165 -2498 -838 -2136 -1344 -3721 -5372 -2665 2839 -644 -241 -1664 2574 736 2707 2443
8596 -2502 -1548 -434 3 -639 -279 -2751 -2765 2089 -4495 1063 -396 -640 -4130 2386 -2512 -170 73 -352 1323 1808 -1910 -703 -135
1579 -2891 -1048 6866 333 -707 -800 -3033 -2114 -816 -113 -4778 -3950 -2187 2172 2673 -3473 -2112 -423 -791 725 -458 2178 -837 738
-7508 346 -3944 9736 566 1415 3153 1419 1227 507 -333 -1777 984 -863 -1720 -462 716 -5269 -6201 -6937 2833 -1942 -3325 6861 11219
-793 48 225 -375 352 -650 -888 131 -190 -228 -681 -492 -499 -78 -920 -1027 584 -57 -149 130 -212 -70 -34 377 -135
-4792 15420 5566 4591 -1484 2231 5462 2040 920 -4290 4449 2912 3443 -3782 -7925 5093 -2784 2282 1004 -5612 1464 3817 2882 3813 -2092
-57 -241 72 -864 23 93 -763 72 -176 987 -556 345 363 -746 712 585 -813 265 -1000 534 331 -380 50 -1096 -860
4851 4680 -379 3817 4622 -863 4605 2906 6633 3551 525 -1393 379 -1074 2437 -3050 1282 -2810 17 767 1437 4103 618 2783 1415
-3344 -5456 8903 1450 5816 -2616 -3131 -281 -1947 -1151 -7518 5231 2201 917 1328 -3380 4542 2794 -653 -1796 -1440 5904 -66 -2334 -1036
-925 -106 492 -674 -844 -470 -770 -515 -170 128 -565 -934 338 -392 -397 -837 -951 -233 -616 104 -367 -567 -47 120 113
-2180 2619 7919 4461 -2836 4393 3838 5269 415 2917 -91 1059 3351 -326 2743 -1807 1099 5251 1911 -418 2032 4811 4404 4157 -3736
-3227 -1320 -564 -970 -99 4171 1176 -641 -2838 -1242 -1438 -1720 -5164 -2870 -6477 4800 5312 1122 -1573 -6173 1845 6061 3095 -349 -6243
201 -555 40 58 -853 -231 -445 -929 -811 -129 -280 -437 462 346 61 475 -858 -910 -213 -589 -460 -451 -486 22 -752
2069 2318 -2732 5424 -9230 -7602 -643 1495 -3178 -3375 2269 4342 3895 -2153 -3412 -2878 -555 2494 3761 2994 -3522 932 1124 5467 3170
154 388 -400 -498 -542 -480 -152 -636 29 -406 -483 -846 -94 318 287 -613 -707 -252 482 -497 -921 -654 515 -236 542
-9101 4356 601 7356 -6230 -6545 -1496 -1170 -1770 -850 5952 -666 -2243 -2649 2453 2152 -1001 -2810 -4167 -7016 1697 2227 51 -76 3587
-1395 -8030 -10150 479 7009 6983 2442 -6873 -6745 -7077 3984 -658 -5150 -7236 -830 5001 2706 -3802 2524 -341 8603 3172 -1533 1223 4442
-9360 338 2321 -599 1650 4650 6682 -5084 -4668 -78 4796 4131 3401 -1340 -2040 -1148 -401 4821 3823 -5014 1686 98 1706 -233 -1511
485 -587 -456 -98 -923 308 129 -523 79 18 257 -212 -854 -835 -815 -203 -328 -450 -539 -667 -579 -44 -200 -104 447
132 -363 -136 169 683 450 712 511 -394 270 -715 -475 -339 -819 -147 -317 61 -520 -318 2 -423 -68 8 -200 -75
-568 652 117 611 -639 1 -818 -309 118 -683 -494 -682 132 167 635 167 -866 -634 -93 44 -95 -284 120 -61 -588
393 -735 171 65 -423 617 -737 696 -490 -349 94 -676 -221 286 439 22 -205 -513 514 -459 -338 160 65 462 -295
614 5955 6749 104 198 -3270 -2331 360 -4007 2499 3276 -528 -1448 -661 -1613 -5472 -1176 -600 -1388 -9638 -3151 653 -4011 1617 5144
5579 -71 -2993 -5794 -8032 611 -459 1385 1571 -3098 4345 -2266 454 487 779 208 -2013 -801 1819 1997 -3461 1707 1454 443 2358
-776 470 -176 -41 -493 361 -472 -395 97 303 -369 -621 -973 -939 -490 -133 -320 -220 -1028 19 162 309 -1185 -554 -800
-8131 -7490 -2544 1324 -6991 1065 605 -3083 -3869 -1774 -7607 2427 829 2117 2933 -4906 5435 43 -571 448 -1642 6473 604 1874 -3067
59 -783 447 -831 -360 634 -461 315 -581 -516 -906 -310 -951 -143 -1242 -388 -1223 -873 -1127 -884 -899 -630 -546 -528 -86
399 172 2 -32 -665 479 345 35 -537 -840 -139 -895 -218 -901 -521 -738 223 -58 -298 -747 -411 -48 21 545 -636
-467 275 150 -642 269 258 84 -242 -15 -287 -584 -791 474 77 -269 537 -863 -768 -548 -31 -20 -499 -563 -756 -98
-789 5657 -1275 -2255 -3788 1204 4070 -2740 851 -4426 1356 328 -2256 649 4406 -1014 1582 2929 1239 -1111 -1108 -678 -1002 -2039 123
414 513 -478 614 -421 -612 -492 -412 177 -552 -1100 65 -209 -746 -565 -185 -865 89 -507 292 133 -266 -844 -1172 -648
-7532 10943 6072 -2924 -2733 2639 2948 7526 6882 3549 2179 1057 -81 -1510 -3972 -2046 -1144 -5675 -3204 444 8705 3963 1782 708 -2254
-7596 412 1525 -718 -118 -5350 -3121 -5214 -3538 -3421 -2608 1717 -2098 -4542 -8643 1803 -908 -2303 -497 -3664 4073 749 -3146 -3907 -3597
379 -689 -1048 -255 -122 106 -235 -332 40 96 -325 -912 135 -1015 -290 -554 -880 -231 -1099 287 771 334 -199 372 -495
2182 -5527 -6574 -6754 -6453 -3281 -4162 -3884 -2843 -4834 1530 -4506 1622 6512 1655 2536 2713 1133 6777 3734 5082 811 237 -1133 -6530
5080 -3431 -7975 6279 2889 1942 -6078 -4890 -2450 3240 -815 674 1912 1245 -3015 2097 4556 3505 2002 -3223 3439 5006 2451 2314 -318
522 375 213 35 458 -2072 -957 -605 -932 -1913 -1209 312 177 -1265 -1674 -1487 803 -283 -543 487 -1213 6 -181 -743 -264
-1 -762 -1061 -1387 143 -72 564 -1083 -1598 -183 -883 -915 -1552 -41 786 -246 -390 -1675 -397 263 872 -480 244 649 -1085
-4587 -245 -854 -1163 -2471 6442 1610 -1214 26 1649 -448 -130 1081 -1346 -859 -238 3582 -2436 -987 -43 8774 5610 1064 -3807 2098
377 -506 -894 -757 133 16 -76 -536 83 476 22 -80 218 217 -802 22 -1274 -377 -1299 -702 -1020 182 -221 -1130 146
268 -1142 -621 -758 -186 292 -1051 395 401 703 289 -885 -552 -117 102 5 -842 32 -509 463 -192 227 84 135 -964
3300 -2133 5192 -2821 -1835 -1636 -1401 -2156 -6658 -3228 2470 1724 113 1401 -431 -1134 1422 -5355 -5538 3871 -4345 -141 -7066 -5310 1921
2170 -1206 -9171 -288 -845 1433 2198 -32 -1153 -306 2443 1872 -6213 -2053 -5024 -4843 -679 -3323 -5446 -7575 -2254 -1839 2422 -2425 1878
-6211 -7786 -3217 411 1140 1903 -267 -1988 -1698 2123 4519 1794 3814 3306 6784 -2860 -2932 2030 -883 2255 -1397 -1237 -2222 2473 -1832
138 -442 -741 -101 535 -641 -396 -1027 -231 -684 317 -351 -218 -1125 -1000 371 -715 -629 -179 1 262 308 -571 -145 -540
-23 -11 -205 413 -381 888 -850 -455 -192 -1198 966 -58 -1284 -1427 -848 -1365 -684 -1048 -126 -123 -764 -1085 -1005 191 -868
93 65 280 -541 344 537 105 -396 310 616 402 -79 -89 426 -91 404 -571 -786 292 -553 -63 624 -829 -815 -837
-760 438 316 -703 -818 102 -715 151 -524 168 -903 -622 -491 -851 445 361 496 -545 -374 -515 -293 153 -218 -651 -122
131 -272 651 -13 580 647 148 80 106 -590 553 71 25 -918 -627 23 -571 204 -598 -260 115 129 307 583 -861
-6712 -3456 -228 1628 -14640 963 -794 -4346 -3152 -1725 1728 -691 -3435 2149 3078 -2072 1190 -1329 -1309 1986 926 2768 4621 5588 7792
-239 -1258 855 -313 8220 -9659 3462 1245 1146 -1684 -3628 3381 172 2227 -7079 4007 5791 2418 1727 -6826 -1910 3541 -1879 -2469 -3614
1186 742 -5368 -566 4247 3476 4239 -2910 3863 2103 -717 6970 642 -384 5967 2673 3594 -5243 1453 7197 591 -3130 -2174 -18 -283
8857 6522 10649 13183 4664 3249 7003 6673 2390 6069 -1074 -1138 3534 6032 6909 -2958 79 4848 4304 -197 -5655 528 634 -2938 -143
-294 -660 336 -459 533 515 185 -1234 -234 -84 105 -778 -870 -594 -344 776 -150 -736 -627 -715 -47 -266 -498 -158 472
-1140 9301 9244 -2672 -3039 -2156 -1133 -1561 -3962 -2561 -4305 -3113 -2723 -9604 -1526 2219 1109 4526 -5842 146 1317 -1164 1918 1300 1324
959 -9646 -10560 -9786 -7954 -3574 585 -2397 -4249 -5710 -2573 -3881 3285 4043 -1890 2853 -433 -2401 4219 -2399 7345 -2052 -9928 -3506 4143
4577 7698 5405 6086 -7233 1933 1596 -4537 1564 -8041 -5956 1819 3142 -1574 3574 4113 2933 1181 -4211 2065 3557 -529 -3277 -3192 3402
-14287 -4099 5454 5161 -13762 -2806 8650 4319 5212 2092 -31 3515 883 2540 7985 -3146 2338 -958 -431 5297 -95 3644 -895 -432 1356
-53 -947 152 -518 361 -561 248 -214 -48 371 479 287 298 213 -406 -597 -781 177 -435 -207 -573 -385 -794 -878 -170
-4840 3898 -385 229 -2195 -5937 -1045 2715 3141 1345 -3718 -1745 1394 2410 -4461 -839 -3318 -3989 -2631 -3324 2623 320 -3017 -4859 -3652
-761 -673 154 -320 -618 -1105 -1215 -112 -1075 -1225 -933 -280 -799 -409 -876 267 -813 -262 -374 -1024 -478 -418 -306 242 -238
-10 -1104 -580 -533 -889 163 -363 -866 -1082 -1540 -21 -716 -1535 -457 -791 220 -1002 -437 -18 -1465 145 357 85 -117 -994
150 -157 -222 -819 -477 -329 -917 -540 -828 -170 -562 -745 -820 119 178 -98 -498 -765 -240 667 -517 492 -458 179 209
-616 -746 203 -87 -325 -300 91 -593 -339 -538 -313 -281 120 393 -96 -79 -351 357 269 300 -374 -256 689 546 361
-10746 1251 -8475 -6634 4586 -3150 -1672 -9149 4479 2983 -8594 -6463 -6622 -801 5359 1931 2133 -1769 -908 8416 -306 -6033 -2193 6746 4000
-1776 -1042 -1503 -1508 5985 5239 891 3488 -1321 5595 -1985 -2723 -3530 473 77 8266 6581 859 8311 5674 3956 2326 -4666 1659 28
250 631 -245 -486 -821 -291 -386 48 -909 593 237 -69 -1227 -917 -31 386 165 -816 -159 141 273 -731 92 217 -143
-814 -515 -301 -44 357 162 -692 266 120 -979 -538 135 -876 -83 -976 156 400 -374 -335 452 -684 -133 -1340 294 -646
-234 -174 -738 -629 177 449 585 -730 322 -441 -250 -772 52 -418 -132 -92 199 170 -849 -917 179 297 92 -428 -732
-359 -361 -930 -1035 -869 -958 -238 -1019 -822 -1144 -725 485 -933 -458 -944 243 232 115 159 -443 -802 161 -773 -982 -852
-1277 238 9747 3356 -13999 4651 1197 2221 469 -2063 -3500 -857 3587 4308 -2500 -8095 2005 -356 -175 -4246 -5280 -1601 -2489 -2013 3029
-4260 -7238 -719 4124 387 -4380 -5966 -3013 1432 -943 628 -2475 2806 946 1559 -4099 -5281 -4213 -6558 -1918 1150 2245 1991 -712 880
214 -648 -497 -161 -654 -298 373 -949 -1009 -229 -969 -563 200 -509 -322 168 -720 -308 76 -93 1 473 289 -508 142
2269 -4579 -4785 -2141 -1509 -1186 -727 -1870 -1794 -3053 1898 -1049 -2987 303 1838 1226 -85 -3803 -1004 -1627 146 -2635 -5350 -1729 1238
-902 -558 -773 -1071 -848 -742 -89 -590 -325 578 83 -521 -534 351 -595 -395 668 -912 400 -334 134 -1136 -802 566 -604
5122 3448 532 596 422 -3147 2480 509 4878 -4984 -4063 -1910 2133 5222 826 -604 1006 1235 4575 520 -56 -4831 4626 6539 -6228
-1158 3538 6233 5566 3912 1427 -4392 1808 4671 987 1718 -2382 767 1691 2814 5912 896 3885 -471 1387 476 1296 3081 2443 2056
146 -877 -887 235 -191 -482 555 -810 -472 -431 32 -608 -405 -62 -667 -463 -1167 -592 -876 -803 -363 -47 -108 -913 -41
151 -2857 -217 -1628 -1315 -1009 -2040 -5217 -4158 -1956 985 -3197 -1756 -3279 -3706 -2742 -4271 -756 -5355 -1043 120 -118 1582 -3401 -2112
-451 -1013 1307 -528 895 -1350 -795 -935 -612 -64 -1029 -946 -1439 520 -511 -769 -1871 -1082 494 215 -127 -865 -1777 -612 299
-767 -583 93 448 -319 -75 -120 -414 -360 20 -707 555 -745 -347 -747 311 18 -70 465 177 677 -793 151 715 470
-5252 -2892 2934 4003 -8049 -3586 -1093 4578 -3250 -7021 2303 -1182 1702 -672 -2100 -833 -1574 2613 1558 553 -2250 2354 -1080 -1085 -1374
-158 -517 -582 -825 -727 158 -633 576 152 -329 -339 64 -176 -1022 -156 -402 2 323 26 -962 -44 -784 -864 -491 -291
539 -697 327 -890 -440 249 -854 -684 -47 -515 -590 17 -733 -53 -81 -562 -140 -911 -245 -438 524 -635 324 -1224 -993
2805 5930 7171 4314 -447 -8436 -2145 4254 7656 7867 -5539 -5068 2680 5036 1581 -323 4379 -175 774 -847 2227 2504 -3396 -1877 -1027
-544 -862 -339 -446 -890 -304 -327 -208 -489 645 495 -117 -1218 -881 514 560 -848 -690 -1246 393 136 -1007 -56 -777 -425
482 -93 438 -149 -584 22 -919 -230 445 285 -366 -179 -139 -3 -871 -225 -138 -261 472 -287 -656 -339 -1097 242 -511
-358 -229 2578 -1577 1993 2712 742 -3824 -2573 -1654 1294 1287 -5681 4270 310 -2718 -4390 -5944 1866 6106 3530 -1264 -3105 103 6487
-5776 -5720 -1139 -131 107 548 -1344 -1862 1628 -663 328 2044 -2159 4385 544 -3826 -777 -2862 5081 4702 -3124 -4043 -2501 1318 1404
2638 3019 -2962 -3453 -6144 5684 3399 -562 -1095 33 915 -1478 2369 -1699 -4644 775 2579 5507 4204 1917 3975 5506 5474 5767 1797
-778 182 -677 -872 -827 -881 -291 1167 -245 -135 -427 -1127 761 40 -429 -988 59 -150 40 -290 269 -1613 -1469 -798 -621
4056 6011 4844 -2125 -2828 -2278 2188 4365 1661 5390 -2763 2567 21 -1164 373 -2209 1944 -1495 -5484 928 -890 3365 -1915 -4083 1630
-1354 -555 -476 -551 -723 -711 -673 -856 -723 585 -1490 -584 -519 452 -120 -807 -234 -774 -1276 -1513 -1335 -799 -813 336 -209
3880 1550 755 3066 1061 5733 2554 2949 1841 -1546 3619 6056 4630 2425 4310 1711 878 -1841 -1313 482 902 2364 1849 -2290 -3532
-143 -1806 -1125 -552 -968 -1101 153 -690 142 -232 -1113 689 -117 -1139 -93 -1188 -677 883 -855 306 -1350 -162 -552 -508 160
4321 8723 3124 3167 -1244 693 2209 3597 -3993 -3955 660 5524 2403 -1229 -1740 1493 4175 -1246 -217 2591 -1722 -1536 -753 -1264 4337
-112 -2239 327 -105 -988 -912 -1508 699 -914 -595 -169 -804 557 -383 745 -570 -566 722 -1058 99 683 -1210 116 -783 -125
-513 -623 -727 -326 212 183 -212 287 -515 274 -1033 -178 -763 -979 -666 -724 237 69 -4 -446 -1136 236 220 -541 -1440
-224 -42 -782 39 -409 -8 660 144 -524 478 -1035 -426 -198 7 -281 -717 -637 -604 123 -1183 74 114 -581 -393 -1221
-878 -458 278 1 -885 371 -65 297 -476 243 -41 388 298 -467 -719 -150 -1093 -259 -60 -861 -74 -751 519 -207 -164
-4386 626 2853 -2788 1688 -5283 1196 -2860 588 1120 -626 -2161 2857 4292 1543 2787 1740 7740 2578 2454 7398 -1525 1990 2832 -2104
-120 2926 4662 -891 258 -794 -968 -5345 -2896 1551 1096 4066 -1010 -47 1261 -2103 -3226 -299 3814 639 -449 -59 -550 -446 2662
799 -913 -4566 -4953 -1941 4682 1295 2208 468 3153 6024 1891 -3285 -1172 727 -1796 -4505 -3788 5045 -507 -2221 -2811 1090 231 2371
285 577 -652 -1264 -606 -830 690 -759 -1418 -649 -559 -172 -511 46 232 63 -132 301 -1282 115 -658 368 253 141 -1166
-121 -180 -679 -1007 -151 -1005 -362 -498 -363 91 -63 -320 530 414 -801 723 332 62 -232 -290 165 135 -730 -836 -888
-2170 -5210 -16485 -7015 2692 -4589 -8751 -13285 3263 7081 -5923 -1370 4458 1075 1048 -358 1898 1685 -4311 -929 -1027 -2585 -616 -4616 -1598
-562 121 -890 73 -963 -1222 -597 9 243 -411 -604 -857 -474 -420 -473 -98 -1118 -1137 -170 -192 -49 -803 288 189 392
951 118 4731 4354 4602 -4446 -4921 -1209 1520 -2656 -1364 -2579 -4936 -966 -2046 -71 1394 2291 -564 -569 3090 -2655 5085 2542 4464
-10711 -7750 334 4391 -162 -4885 2913 -650 4862 7775 -2437 -2069 -4547 1428 5145 333 -1340 -2797 1353 6186 -9345 -2442 -3424 4477 6058
-58 163 -138 -700 459 -697 -758 -902 -561 -377 -732 -510 -1151 -371 661 -102 674 76 -380 -539 486 -814 590 -303 -376
-415 676 -625 -206 283 -981 -866 -93 -37 280 -35 -875 -346 337 -813 534 -433 6 -488 -897 -148 41 -541 -20 -769
-1009 -453 -356 -826 165 21 -54 -841 -1027 -865 -207 1121 -1077 -236 813 -1055 -1052 -209 -459 -171 -1324 -1072 -116 201 -458
2723 2043 3261 -1652 -647 489 335 576 -214 -3147 -4111 -968 4067 3652 3262 -2389 -1692 1029 460 5296 -7944 -5111 -1883 0 -342
1072 99 -1730 471 1231 1766 -2917 -6384 -1144 707 8 -3057 1562 -1231 1717 1567 284 -542 -1029 -2614 1758 -1145 -179 1826 -349
42 143 -598 61 -454 -830 -250 -34 -1247 -443 -754 -333 -810 160 -406 -775 -891 -1203 -543 -740 -36 -909 -941 -310 -23
6525 1536 -588 1440 56 8190 5416 2732 2509 -2150 -511 -1389 -3623 -2605 -5101 -2549 -4537 -219 297 -3568 818 2292 2505 -3549 -3445
1032 -2340 -806 -1207 -283 1980 2886 1422 1128 -964 4754 9428 700 1237 -1358 -375 1737 3429 -1395 -2839 -55 663 91 -1929 -4585
521 -778 93 -325 -485 326 450 512 243 -662 -329 -688 602 -22 -646 347 186 316 -710 305 -306 319 159 -673 -510
-402 3488 -3554 1755 1735 -3466 -148 270 1877 534 -20 -313 -2890 4723 3668 -125 -1066 -4432 -3696 -3644 1689 1706 -4816 -17101 -15771
-1049 -5549 -3168 1169 331 -2292 2053 3490 3833 -1319 853 1266 -508 -4308 -478 1347 -1323 -3013 -5716 -1756 3369 1874 251 -4789 -6499
2615 3412 2205 -276 -1183 2226 3261 583 679 1634 650 2786 1704 894 996 -2411 2003 3460 3231 -658 -8873 4309 9644 -1729 804
1943 1221 -3324 -902 -7530 1931 -176 1003 4732 4533 -741 -3071 2495 7179 183 284 -1366 5719 3626 -2059 3888 2770 1762 1801 -171
-990 -4989 -505 2668 3530 3422 4931 2582 -809 1032 -5925 -903 -2248 -910 -688 -5068 1026 2058 522 -2254 -3162 -2496 4034 8929 4929
1454 -1263 -2508 -4561 -2562 80 1322 -1416 -3521 -2165 -5511 3632 -1522 62 1738 -5681 288 1464 -2250 866 1717 195 -803 -6511 -2865
-365 205 251 15 -173 -95 -180 -1202 -1050 -109 -397 -1174 -764 175 43 -418 -627 -35 231 -501 -411 -319 101 -1058 -98
-7264 1102 -3911 -853 -389 -8584 -3840 148 930 -1024 -5870 -189 3767 2793 -2269 704 5563 4786 -2473 -5362 4964 3326 3756 3861 -5347
-220 -1112 -133 32 0 442 -774 203 -5 647 -713 -368 -493 -1316 -102 303 89 57 301 -416 570 1132 -1212 31 746
216 2311 2600 -29 1879 3241 -1336 1058 3891 1113 -1001 84 -1004 -1106 -1272 -1375 2804 -2184 -780 3261 4297 5626 -2585 -3001 -1808
2705 2230 -3873 -3122 -1354 2389 -1644 -3438 4144 2735 -3054 4438 3120 -684 2839 -5346 2583 -856 592 803 -1058 929 -1058 -2092 2780
-384 -21 -196 -276 -381 -614 267 -925 683 87 223 156 388 -122 -531 -57 -274 397 145 -235 -386 -802 157 20 111
-407 646 5167 1144 3290 1995 1084 4204 1503 2557 -2028 -1462 4952 -3473 469 -10944 -2103 -141 -2903 -1981 -14057 -6788 -959 -712 3968
-3661 2336 661 -2247 -5522 3534 -781 2504 973 1510 -573 784 -1689 -2660 3247 -2546 -731 -4413 -4312 -1555 -4770 773 5570 5626 2991
31 -625 -830 -7 112 -312 467 -392 122 -179 -268 -347 -795 14 341 -922 248 493 180 -143 -754 -343 231 -23 142
797 993 -265 -1351 496 298 4209 2317 4953 5175 -3384 -432 5205 2099 64 -822 -1652 2492 1854 -1148 -2489 3529 767 897 4288
-86 -127 -757 -540 63 333 530 -123 -300 -79 99 -178 267 -1044 401 222 -843 223 -968 -107 -932 32 308 -961 -270
4867 1333 -1269 -3507 3665 9638 8001 3658 7055 3805 7120 5779 3981 6482 381 5074 3747 1136 1138 1165 5783 1282 1741 -5595 -4480
5181 4839 -706 -3846 -1672 5302 1478 -3729 -4520 -1114 5603 3694 -2283 -2697 -3489 567 1421 1565 1508 -1544 2138 4781 2591 2643 -936
-2903 2118 -2396 1034 2459 -8030 4110 3921 -3670 -7818 -2528 2470 6362 -2227 2145 -1529 4783 3208 6570 7485 3003 -1772 1466 -392 279
57 805 -843 -869 -27 187 -980 29 -285 -422 -10 -687 -355 -217 -475 5 175 -313 42 -219 -583 -878 -276 137 -524
23 375 -550 719 219 -499 -919 -931 -350 -28 -762 -1150 -297 -619 -1118 -165 -226 -1079 365 -526 125 -1226 240 -1220 -265
-657 -835 296 167 38 36 499 122 264 162 277 -794 -638 261 -908 -235 157 -830 243 -77 -296 -621 -545 -204 -214
-372 -29 482 266 -919 278 -116 -896 -885 -602 255 -359 378 -140 370 -691 -970 -773 506 59 58 136 -152 319 -445
-549 245 65 -3519 -1019 -3547 951 -462 -6540 -720 -3126 4102 3341 -2922 -7566 -4373 -1899 -2214 -6007 -6824 -7052 -6186 2097 4024 -5515
-3069 -343 -467 -2223 2507 -6188 -1485 -1296 -866 106 1772 457 2849 1225 -375 2838 3873 2492 1131 3281 994 2981 -458 7100 3461
-690 -197 367 -462 -345 201 -706 -1262 -346 -1334 180 -483 -205 -905 -22 -592 -363 -419 -604 -126 -1241 -115 85 -1268 -705
-1104 -3024 -1597 -4555 -6259 -590 669 1009 -1465 925 -6521 975 3394 -398 4564 -13383 624 -3331 -2623 2253 -5750 -1739 -2836 -4651 -3950
-723 570 -689 -1180 -198 -129 745 -270 90 -277 708 40 -375 -268 -326 -544 -808 -198 -945 -81 -357 99 -638 368 -944
-10 179 -188 -117 472 506 -258 44 -708 39 -538 266 152 496 -163 -725 -153 522 65 -88 -312 123 -323 -396 -890
221 248 -281 -154 17 151 -512 -220 -366 -282 -7 -762 -9 -446 -209 -948 486 -909 -111 -534 -989 -302 -558 612 -838
-2821 -4450 -921 3172 2893 -1474 -43 4380 2930 4381 2631 1556 50 2442 -4313 6676 2270 -4039 -4677 -4357 -4640 2453 -592 -1448 1076
-352 -196 -201 -240 76 -543 -595 -547 -893 -392 -427 -546 136 -1175 -248 -763 -289 -1012 -1018 -96 -824 -1294 -280 -22 -682
-3538 -5242 -7442 161 708 -1806 -3963 -1579 6200 3649 -4521 639 7144 5226 2765 -726 1392 -2297 620 -2 539 -2213 -9148 -11347 -18868
6064 1137 1114 535 1687 1768 308 -3128 -4368 2040 1634 246 4280 5745 1551 -2784 -2096 2000 5303 4694 -6888 -4933 -2732 993 4633
819 526 350 -663 286 -25 -787 -919 -49 4 615 830 -44 -417 -345 470 -867 -1005 -669 930 133 532 -680 737 -557
6490 2861 6911 -1448 1916 168 -818 -4703 -3824 789 2238 -3797 -7183 -660 -401 -598 -2137 -1747 6242 2709 -2052 3280 3637 7572 -2105
373 3237 -641 -1452 -3287 7572 3820 -3949 -7580 -7666 4324 -3659 428 -3218 -879 225 -904 -1769 623 1035 -1552 2212 3458 -865 -3173
-1348 639 -534 -628 -1381 -805 -51 406 -1618 -158 -1340 -231 -207 -1229 -209 -844 -893 -225 -704 -938 -933 -443 -601 -526 260
-374 -732 -239 -114 -25 -580 769 -1417 -631 -864 1147 151 -1231 -470 -1042 -745 715 -375 -526 -1094 24 -1070 821 1255 -317
6176 5377 5903 4258 1383 4204 1646 -2181 -1203 -2584 2053 1631 798 -3083 3236 -297 -1765 -1564 -4047 1071 -3901 2741 2626 1147 2490
-282 52 -742 -37 -312 -551 -763 -515 241 274 -740 -997 -708 20 -110 53 31 -1048 -826 -1113 301 -387 -245 87 -254
-401 -619 -563 -970 -58 -820 221 -251 -180 436 444 -57 306 -519 247 -464 -305 -360 -12 -512 -149 -466 438 -85 -248
2837 -1757 -1594 4057 1001 3277 -1778 -2776 668 3978 2370 3744 -630 -577 3422 -2770 -3811 -5727 2508 6056 657 2889 2705 1214 1204
743 -5215 -4788 -1065 -1131 41 -640 -2622 1101 -2541 5302 1852 -1085 2929 4488 3090 2142 5997 4992 8651 -1192 -2129 1399 2276 1743
2833 1547 -3784 -2327 -3691 5144 2024 -1343 -2450 -74 6150 2676 364 -808 -369 -783 -814 -413 1248 7816 -3790 -5072 -1063 2768 3125
-446 -861 -1161 -353 -249 278 102 -70 -245 51 -179 159 -1341 -776 89 68 -545 -665 -293 -1076 -72 467 -1014 -1014 -1175
678 70 -628 -41 -931 -10 -976 0 335 -386 -11 0 -973 -1350 -790 -1334 -988 -466 -987 163 -1149 -278 -862 -717 350
-76 -900 176 342 -259 -420 503 178 394 -778 195 -28 395 66 -531 342 536 137 -503 -769 147 -679 -559 -1179 525
96 -163 -42 -260 -170 603 -348 -16 -240 46 -365 -301 0 -670 466 -711 -954 -508 -150 -901 -130 -1559 -654 128 7
323 402 238 -877 228 -655 -70 -558 -713 -317 576 28 -94 229 248 632 -575 -46 360 583 -817 -8 -267 -882 563
-7217 -2561 -4416 568 3501 -2809 -1014 -3520 -4373 5687 1133 487 -91 -5697 1286 -305 -4732 -1134 -1468 2173 -3090 -558 517 541 1054
-11440 150 -2549 2082 636 -11769 -5660 -6116 -186 -185 -8012 -9432 -3449 2960 2032 -5176 -4548 27 5494 3127 -7260 184 4204 2408 75
729 2149 2593 3834 1419 -155 499 3384 2129 4579 -2186 4331 4795 -3999 -476 -470 1753 -4419 -7598 -6430 -2617 -5384 -9895 -10792 -4925
-15849 -17099 -9305 -499 1438 -13732 -11042 -2294 -195 -3009 -5252 -4681 1743 1019 -568 679 857 3034 4326 1484 2766 3202 -1131 6742 5779
-297 -1135 -488 -381 5 -471 -1008 -635 10 -662 354 -784 -3 -123 496 -336 413 -1185 -246 -277 326 -450 -515 131 -386
840 -110 -38 -1314 4594 4616 -3857 -5471 5463 5635 4244 -5158 -7853 -5640 -6060 1412 -3946 -1521 -3885 -1959 3402 3364 -2455 8583 6636
4038 2200 4741 3513 2718 4570 -1471 826 2097 -5118 4969 -2676 -7370 -2468 -1746 -2973 -5401 -7465 252 -223 -1934 -4240 -4776 3574 2834
8511 2743 -3029 -6979 -5345 3909 -259 -1377 -8184 -8852 3791 2879 -683 -3014 -970 308 -3658 -31 -779 3341 76 -2106 -2096 -5899 -2081
3663 5006 3488 -2115 -9974 4881 -2134 -2877 -5038 -5338 3496 -4843 2118 -2751 -67 2971 -2138 -1367 -1970 -6118 1296 4519 3306 -1599 -88
-92 295 -20 -582 445 -374 -220 -767 -464 389 -782 -303 -96 225 593 -144 555 -810 344 -272 -880 17 46 -146 142
-1585 -6355 -1778 -4540 -3431 6809 -484 -2521 2151 2026 4159 -3294 108 5553 940 -972 -5290 3170 6671 -926 -1846 -965 1939 -706 -4022
-479 -433 138 182 -702 -261 -931 -893 -819 -339 -999 -309 -385 339 -533 -338 -200 421 -423 -700 -439 449 82 -936 -1006
51 -653 -96 -1376 -262 54 533 -490 -945 -888 287 -776 -585 -680 -1285 272 76 502 -421 -216 -818 87 0 -1299 -542
-535 95 -376 -135 -451 -664 -358 -490 -864 -209 568 -553 -106 459 100 213 -603 -444 243 -546 -525 597 -138 -481 577
467 -758 -229 349 524 465 -560 -98 -258 400 -8 658 -553 -836 -321 -796 34 -681 -284 -67 -30 -868 -265 -604 409
-2604 3411 -1608 3656 3392 -280 2404 -5158 -5984 1995 -3007 -2882 -8133 -13540 5136 -416 -3842 -17123 -5526 2725 -3367 1835 -15401 2788 3572
-220 -4402 1476 1924 -205 1205 1121 1687 3750 -164 -13 6487 5 -2077 1048 1781 4480 2496 -4041 -1401 -2042 0 2383 2108 1969
520 -334 -267 95 -434 374 -736 238 370 -613 -699 -505 -966 -820 -852 159 -1231 125 271 124 35 -425 -66 -851 -670
-257 51 -949 -965 -685 512 -482 56 -655 -524 503 -277 -1266 221 259 -271 -344 -477 -229 -709 -563 363 -75 -327 207
-352 113 654 596 -766 -333 -969 -490 -628 -144 426 453 59 617 -689 500 321 -724 554 -49 -3 -238 315 -46 236
-992 -649 -654 -292 -225 -1101 245 257 -990 -1088 97 -78 -344 -47 241 423 428 -313 -398 145 -1057 -106 300 93 139
-5354 -3788 -266 -1849 2829 156 -4769 -2876 1214 2252 5596 4253 2712 3411 3255 3495 2672 912 4209 3277 2298 -1978 -4902 -3710 5972
-5639 6620 2293 1011 -4095 -791 1877 957 3555 -461 -2149 -6958 -4223 3904 4920 2818 -2040 888 270 4449 -2131 -2380 1307 -7781 2286
-240 57 568 225 49 539 322 -343 563 -1005 -32 -402 343 -898 -792 -1004 379 274 192 -248 -463 -714 -429 -646 -851
-2007 -817 9 -1305 -66 -3909 -794 74 453 3215 -5989 4990 5010 5708 4393 -2626 -85 -2088 -1231 -230 6959 3270 -2050 -126 -120
123 138 -595 -379 -592 287 -822 -1274 -183 -200 -542 -195 -1331 -274 -431 -779 -1159 -1134 -866 386 -912 -1060 47 -38 174
-2703 -294 2004 -2091 -4145 653 2293 2568 -1788 -2677 665 1506 -2934 -2041 -1603 -1361 391 -33 -4355 3116 -6555 -916 -4131 714 8983
-1079 -2324 1207 370 -303 2245 2692 828 2625 -1870 -2462 -1643 -1564 1546 -2935 -6359 -8122 -4512 -1642 297 -14669 -4739 -852 -1372 2501
186 -949 -137 -389 -588 -422 -412 -351 24 -392 -579 -1184 -1023 230 -79 -1239 -352 -1261 -292 -131 -438 -1309 -696 411 -880
-1878 -2071 -3486 -2580 2264 -1555 -1575 -1836 1588 2559 1999 299 1507 1408 -109 3014 2251 1179 1313 1889 4708 150 -1816 -421 864
-876 -384 451 -288 162 -180 301 -397 168 -706 -466 549 -855 -168 -783 -890 -1883 -555 87 -661 925 -995 -242 561 -1207
300 -542 -472 -594 -1234 -6 30 -542 -1345 -732 523 -903 -91 136 -544 -513 683 -520 -435 -1137 -105 210 206 -305 -497
-467 4485 1043 -2305 -4271 2956 3851 2508 3234 3646 2002 -4053 -420 2144 3799 3059 -1553 1372 478 -1424 2422 -1197 911 3215 231
-1301 -740 -1117 -75 64 -64 -340 -948 -1539 -701 -499 -391 -734 222 -178 -461 -725 13 598 -105 152 701 -84 -142 -563
-476 -150 -12 -411 -571 -459 148 521 -892 -683 -730 -1002 251 -47 -144 -245 -216 -247 90 172 -635 -853 0 64 -57
-1573 1808 -1504 -4774 -6677 2633 2763 -1409 -4373 -3282 7003 4992 3228 2084 -1381 -6446 2498 3444 4159 420 914 -3086 3190 -1909 -5442
-823 -546 -37 -449 -1035 509 -577 -386 -1077 111 566 -194 -408 -38 -556 248 -905 -797 -3 -1140 -952 -923 -1082 -875 -690
66 -994 58 -1087 -1313 -1049 -256 -1042 179 -1263 -341 -26 -962 -356 -513 -843 -1042 289 -882 492 -81 203 -549 -167 117
1644 2824 1567 -914 873 -3821 4287 1431 1215 3062 2682 1930 -1365 1693 -4746 3737 3354 1662 -1933 1582 3476 6945 357 -5026 -7828
-1150 -1341 923 2633 564 -6634 -2118 1069 1595 5322 -522 2662 3242 -2358 2202 3337 4035 899 -1878 -1977 2101 526 -9530 -8252 -2130
3599 3254 1267 -1378 2860 6709 -1416 -5388 -3084 2550 6903 2239 1196 -2767 -2962 -2566 1192 -2112 -2776 -2855 4567 5542 3018 2192 -173
-861 554 -149 -1800 -521 -1241 557 -94 -447 -984 -937 -321 -822 -118 -140 -583 -407 -627 -1338 -945 -843 -205 -1283 -680 -860
-10320 -5530 -4534 -2913 -5639 -2245 1356 -396 1779 6446 2951 212 1879 2732 4723 828 1683 -462 3377 3575 -3092 -3489 4228 3105 5561
-394 -1454 157 -130 200 -690 -513 72 -94 88 -786 411 377 -1301 -1338 -1030 -1084 -1276 -679 365 -889 -965 398 33 205
2849 174 -988 -1758 -4588 -957 -1068 157 291 273 -2164 2071 -1265 -3174 -1444 -431 4419 1274 -2161 -2408 -2421 1703 -1744 -2323 -169
516 -985 333 613 306 662 40 -463 -429 -753 709 881 -722 -575 -427 668 -1349 1033 -187 389 -1080 -1073 36 -680 -299
-413 -1781 -4909 -5890 -3930 1891 244 4704 3519 4478 -1352 -3198 -4710 1012 -7162 -547 541 1390 -4299 -3477 2964 7496 7033 1815 -266
-26 -1569 -738 -377 210 138 -895 -703 -438 342 -488 697 -1086 548 -147 1304 -598 -1209 -209 -491 -331 -533 -509 140 -1116
-267 -5 44 -663 579 -501 -820 -363 -79 -131 8 -820 -726 597 -339 -1082 -1419 -843 -70 -384 -1180 184 105 183 -566
86 -1059 105 -1150 394 -553 -1054 7 188 -596 251 -778 -614 -1361 -68 -700 302 -1097 -172 -383 -127 -774 -319 -510 210
-115 -41 195 -933 -136 574 209 -801 798 711 55 -191 -864 -267 -333 607 -180 201 -454 -624 -777 -452 -819 -675 -536
1552 637 -1924 -3835 -1886 8450 5413 6418 441 -1317 4212 7198 2681 -712 -1143 -2262 2117 -2574 -2861 -2635 2293 -59 -6632 947 1924
1201 -1950 958 2074 -212 6463 6642 8001 10158 10095 -8253 -1855 -5040 -6728 -339 -2558 -260 288 2431 3057 4024 -376 -1809 -541 -1239
57 -1310 -2130 -3151 -711 -4889 -4708 593 -2484 -3936 -7680 2553 8008 5525 -2332 -8718 -374 2978 4165 -774 279 1518 4314 7989 10313
-47 -403 28 -426 -1147 -1270 159 -458 -979 -820 16 -396 -764 -690 -804 -526 293 -625 -845 -54 101 -341 187 -680 -1232
-549 645 -215 -923 -20 470 594 59 -461 -971 174 -469 -90 -501 -290 -363 -497 -335 350 -297 -816 -390 -566 371 -323
-3693 -5115 549 5541 406 -3255 3086 9768 1142 -6007 -1865 3604 -450 -1648 -750 2756 -2183 2152 1170 843 2764 -421 1197 -880 -302
131 232 -820 -581 -626 -1599 -666 365 -737 316 -28 -351 9 -526 -868 -938 -273 -784 -35 -436 275 317 -410 -814 109
-6870 -1998 -2107 -3856 -4227 3432 -730 709 2499 1013 -97 2591 3778 4589 4932 -2731 -7640 -11906 -10092 -9873 3455 4638 7001 4407 6612
1391 109 -4334 -3058 -735 4570 -4419 -751 -605 -395 -100 3383 2828 -2620 1673 2622 1018 -540 -4187 4474 -2989 -2128 -3380 2517 9392
139 240 -129 -553 -1222 -204 -933 -133 337 -43 -30 -1297 -421 -1382 46 113 -1255 -1219 -1062 -172 -353 -684 -1045 -859 -784
283 -296 116 63 173 171 -929 -1418 -463 124 -1275 -1400 -1213 -801 -292 -289 -131 479 -13 -214 -993 572 -696 -864 245
-1320 -109 -1476 -262 -498 -1117 -304 -508 -940 -1010 -210 -989 -1087 -998 -704 -419 -1492 -1920 -837 -121 -156 -613 -1282 -1516 -100
2044 951 2342 -658 -476 -753 2071 1612 3073 2160 4305 -597 -4221 140 8258 1252 -2687 -3953 1257 1390 -5827 290 6794 1146 -7587
-155 -3363 -4629 -1526 -2709 6148 -2230 -4119 -1182 -938 -3023 -7515 -2288 -244 1288 7121 3761 6460 6395 3396 6317 2449 -3018 -2071 -5559
-869 167 -57 -706 -288 751 -347 -803 231 59 419 -375 -334 -845 -1146 -285 438 129 -192 -556 477 -213 -124 -582 -235
-1666 -3467 -76 1070 -3372 -42 401 -636 -4633 -12621 5842 3871 -522 -4194 -3110 4696 737 -284 -209 133 -2012 2169 1417 -2699 -3787
-2021 1255 1742 830 -908 -2704 1251 3544 2339 1236 1288 -4520 262 762 -2076 2129 -2183 -1559 -379 1458 2995 -8503 -16796 -11729 -10662
-284 -391 -1020 55 -191 -916 -585 -499 -302 -271 -1389 -182 0 -123 -371 317 442 -478 -732 -252 -1044 -1142 -407 -949 -522
3189 -783 -1445 -683 147 1544 651 996 -31 -1380 -1241 4180 5401 2474 -2243 -1763 -67 -1222 927 -3441 -465 5090 3327 1952 -3143
1084 4346 4506 786 1335 2122 743 -774 -3334 705 -4200 926 3636 1419 -2598 1457 -1398 10 -1961 1894 235 678 -2130 -1027 116
878 933 -1443 -1073 1661 -4039 -69 -742 2128 -937 -1 1740 1046 -754 -1502 6991 3332 3104 -3869 -3396 -10481 1204 5627 1561 -882
204 -802 -2573 -1764 -533 391 6127 5535 2163 -5992 3315 8425 -1426 -4633 -7635 2110 2723 2061 -3004 -4536 1163 -1161 -9148 -9415 -5981
-4689 -917 -3596 -4556 -5123 -3295 1365 -2838 -1966 -8294 2863 6579 2782 -5436 -6591 1188 1651 3380 2339 -3056 -2838 -3042 449 2659 5861
1020 4029 2553 2600 1394 2693 279 235 317 510 3924 1360 -2753 -1994 5275 3077 4736 128 1763 4481 1506 1629 7398 4431 3962
-644 -535 -971 -730 -868 -182 -396 -683 415 299 -1244 -1094 119 -1266 -77 -145 -696 -900 309 98 1076 561 412 19 485
-3294 423 -2307 -5824 -2838 5644 2545 1393 -1755 512 3131 -4729 -3536 -1183 2413 -1212 -3931 -1602 2880 567 1548 -168 2391 2647 1777
-458 299 -45 399 -1709 -447 124 -1186 -596 -187 -184 -529 356 372 -1269 -885 -50 61 -503 -753 -334 1181 1135 219 -383
-3185 3133 497 3532 4872 1363 -1171 -4159 -5512 -1311 -1317 -6383 -10953 -8118 -2729 -4572 -1742 -3985 -3840 -4188 -2421 6294 3626 1750 6381
652 -6232 -2169 5006 1817 -3531 -456 2698 3432 2677 1080 -2718 -1048 81 606 889 -2915 -1390 96 2182 671 -5653 -3428 -1272 -5085
-401 -714 -401 499 -866 305 381 449 -456 533 -918 -874 -839 -707 -1023 -598 67 373 -217 490 10 -45 303 328 -874
-3044 1763 2732 139 178 899 -5407 -3535 -8080 -4074 -3885 -7064 -2074 -3113 -1581 1505 -649 605 1310 1755 -187 -1934 3695 6274 3540
493 -1352 876 -2449 1937 3657 80 -359 -1461 2143 1837 393 151 -6 4055 -3077 -3320 -251 3201 1967 -16066 -6575 -1260 -866 3466
-899 580 -127 -675 -468 64 -729 -388 168 -810 403 -166 -313 -390 43 -478 -4 195 627 -885 -95 -905 -575 -1118 -68
-2430 -851 1512 2627 2735 -3516 -2903 1039 2196 -3517 3022 597 2367 1569 -4305 3442 950 -2513 235 -1471 6481 2619 258 -379 -2119
180 -109 -706 -856 539 -596 466 606 489 459 366 305 580 -676 -726 536 579 212 529 -829 81 -113 -329 415 315
-4732 -2786 -32 4808 3544 1810 2452 -2970 -1681 -3776 461 -705 -3220 -7312 -7916 -3328 -4668 -1635 -2973 2214 7774 1334 472 3430 1762
2371 1507 1621 -185 752 -557 2667 3491 2704 1154 -2446 588 4276 -118 -1684 -6996 4992 3149 1783 1471 -4780 956 3009 1697 -77
-1318 3130 2581 -821 -838 4013 4896 -896 -4530 47 -674 -232 1397 6373 4473 1173 -9961 -526 -194 -1784 906 -1025 -2172 -5735 -6287
-25 332 -762 -573 -625 654 -619 -846 65 405 -646 -272 558 -436 -610 29 -605 -931 -334 -330 -617 -129 -409 421 271
-955 -606 -960 477 -877 -110 -1065 -44 -256 -312 138 -432 -567 -904 -393 18 151 -1168 -627 130 -836 -485 -780 -161 -599
617 47 320 129 -642 -712 641 -797 423 -439 417 -76 -931 561 4 -745 -707 -391 -881 -94 235 -41 -414 -738 562
-436 -620 -21 -843 -195 367 -271 734 -970 -1043 53 360 -861 198 -893 -386 -31 -142 -863 -834 -1099 -994 -247 87 66
-4860 -4326 -934 1283 19 -2915 -343 -1517 1641 3548 -3504 1857 3326 2992 1663 4188 2887 2395 5161 3774 2863 461 2380 3235 1195
1962 1419 -1609 539 -4711 -1270 4040 4821 4541 -4883 -6438 -4142 -9776 -1922 -413 -1111 1336 709 -201 1244 8334 4034 1637 -1935 1900
-903 -146 -456 -285 -1094 -959 172 -162 -441 -98 -763 -932 -1046 -757 -630 -526 -667 -249 300 -392 -444 -692 742 604 -991
-554 2009 857 100 406 2364 1578 1454 6010 3647 -948 -837 1505 -1103 717 -2454 -5050 -4618 -2438 2776 -3710 -11232 -8418 -1181 4132
-120 51 -980 -182 -1512 -972 -913 -660 54 -325 -484 -745 -761 -654 518 266 174 -792 -1246 -605 -398 -212 -259 595 5
474 -27 -665 298 -914 667 -171 112 -434 -877 -502 -198 604 150 -446 444 -394 -629 -326 -555 84 585 -536 -860 481
-155 -37 -744 745 -749 411 -792 -460 57 98 523 -486 -213 422 49 -373 -597 48 -1075 -1034 -184 -42 -782 100 202
-2470 1181 423 -1195 -1842 -5769 628 765 -622 1783 -2539 -240 2252 -2078 2515 227 1161 2018 798 4231 -8 -1618 1762 -1357 -5438
145 -35 -965 -823 -884 -1141 -933 -70 -112 -355 -1095 -827 -883 79 70 -946 -123 -1017 -1107 -357 -594 -162 -255 -1294 55
1428 337 2423 3059 2794 -7337 -5139 700 385 -3621 3415 -3326 -8378 -6324 -4854 6638 2177 3141 -751 -6627 4734 4397 -598 1520 781
916 -1932 -132 177 -1718 668 -1673 475 1805 -1162 -5154 -3341 -980 -2850 -2698 3368 1005 -1156 -509 -2043 -4447 -3474 483 1264 -475
-969 11 -748 131 -1045 -685 -144 94 -902 -480 -171 -557 750 -847 707 -406 -197 -329 103 9 -871 -568 -1241 -439 -676
4341 1231 2263 3639 1115 1124 1050 1872 1698 5404 -4358 392 5813 6152 2932 -7496 2436 2700 -4680 -323 5740 1480 -778 2358 3642
1054 -3910 -454 -642 -2227 425 418 4643 208 -7389 -3041 3348 5452 3173 -3164 -8739 -701 893 3468 -2678 -10399 -8044 -6125 2298 391
8 -36 290 -530 161 -180 -1497 -54 -840 -1608 260 -1569 563 830 -510 492 -2332 -85 -856 -1359 -2064 -2078 -1296 -599 -354
-58 -241 -499 -35 -1407 738 567 340 -771 -6 740 837 962 -282 59 -196 -163 -275 -349 -1397 -320 33 -774 -1402 344
3661 1063 -2100 -790 2961 6328 -1257 -2253 334 -18 -7257 -15869 -7100 -1649 1596 -5026 -4735 -604 -6007 446 2219 -3108 1457 -954 2853
153 530 -1018 -162 -781 320 -213 15 -309 -59 -480 -428 -1282 49 -1039 -653 -682 458 269 881 -586 -21 -326 269 -752
-180 -897 -91 -771 -254 -1174 -1108 344 -645 86 248 -292 154 423 -1131 353 -212 332 118 370 -820 344 -897 -368 -599
-982 -1543 -1887 -204 4669 -3543 -1613 -3846 -369 -26 -3317 835 1181 2198 -2480 -1682 1720 4735 864 -4212 -2433 2855 1608 -1275 -7927
-2715 -1199 30 -505 1914 -2334 -3105 -693 -130 207 -3874 -2988 -984 2400 -40 1978 -4130 -564 -138 -2666 1807 -5408 -2783 -1167 -3356
8966 4902 5275 3900 9972 -4696 1000 -1771 -2155 955 -8181 -4652 -3896 -2954 -4469 1201 -4175 -1899 558 -835 -3181 -2339 3274 -357 474
-1009 -1276 -804 -1479 394 458 -219 -766 -441 -417 313 -673 -1361 -1124 -720 201 -404 -1303 297 -666 -399 -351 -189 -35 -1254
708 -63 -944 -870 -1501 -1363 -464 -162 -506 -1683 276 316 -478 -205 460 36 159 -849 -1101 -442 -428 -539 -103 -539 -997
-116 -682 -196 412 -876 -599 -642 -1060 -1224 131 620 -426 -652 -340 -693 295 -357 -852 -1144 -744 8 51 -943 -479 -197
-244 -745 -898 -32 -1021 -407 43 -938 -769 -292 -245 -850 -615 -37 -1267 65 -733 -280 -469 -748 -986 -166 -1264 -665 509
-304 445 -1046 -301 -741 -1019 -404 -794 399 81 243 498 -1012 -487 287 120 -85 -633 -790 -595 -713 87 -460 -154 -115
4209 4028 2529 2134 3830 2374 2242 3100 4117 3212 1992 953 183 804 -2965 1803 529 3393 -89 1586 -1635 1307 1741 4178 6528
3010 2418 2152 1371 222 -3912 -2975 -744 -906 -5694 2413 2293 2719 1262 -1038 912 2395 -2304 -286 -658 -3843 -4007 -900 -451 -1596
1897 977 -1023 -2150 2914 -1229 -919 -713 -3669 -1928 -1105 2954 652 3268 -6143 7431 1818 3528 237 -5031 758 -1819 -5154 -2984 -17475
950 3927 3946 1755 -2149 2191 124 856 -541 -3103 5538 -1018 -264 -3540 -2119 2405 604 -460 549 302 2501 651 255 15 -3312
-1080 -371 126 -635 370 -534 -1161 -1103 32 -370 270 -113 -721 -980 -668 -981 146 -564 279 -34 -290 -538 -845 -674 -787
512 -2484 -64 -1221 2500 2276 -1578 2022 718 -924 -1690 1299 7053 2659 -4882 -2688 -2223 -2100 -1238 4047 540 -2876 -2468 -1193 4645
2080 3150 -191 -1620 -3523 -1343 352 687 -1527 -3349 -8489 -241 -566 920 5320 -4878 2360 5320 3521 -394 2052 3241 1547 1544 3849
-2603 -3871 -2436 -2406 -2161 -71 -6736 1363 3394 4457 -1552 -1352 2366 6219 4259 -8155 1776 351 2377 2293 1120 3420 5256 -13 3768
4928 -204 -1044 1034 5884 893 -717 -101 -2254 1087 2448 -2938 -3232 -3447 -2265 -378 -2310 -3082 -4104 -1092 -3818 952 -2483 -4467 -4440
-167 405 333 -739 -524 240 -833 511 -782 -659 -589 -261 210 -416 -504 -699 -237 -314 -444 -759 -650 -528 -739 45 -736
5173 -809 646 -1737 1477 833 -4173 1502 4655 8278 -5457 -6211 -1266 56 -1148 335 -2577 -3578 -2606 -5586 3218 2785 2370 -468 -1831
3 250 -326 -432 -706 722 425 -935 -397 -864 -334 41 -229 171 -679 -130 -338 312 -451 -27 -444 -1193 -976 -451 -993
-583 -1087 -1098 -129 -991 53 -1024 -56 -582 -422 -1423 -228 -127 -47 -606 -499 -155 688 -257 345 318 -168 96 -1261 -207
256 53 -179 327 256 -471 -188 -407 -113 -922 -23 340 359 -803 -21 -929 515 71 -347 -462 -276 -338 275 -1056 -243
-562 -90 260 -747 261 -564 -228 -147 310 -733 18 -337 -70 304 -404 141 -1011 -49 -555 -507 -70 140 -1254 -485 193
2739 -935 -3232 -1933 2210 -343 -219 1697 4461 6365 862 3008 1180 -168 1423 206 -1311 -3292 927 -8635 4404 3027 385 1784 504
-240 2021 557 -202 3446 7555 1094 -3054 -1936 2398 -2503 2202 890 -662 1358 -2283 -3853 -1775 1029 -3708 -969 -9846 -19738 -14765 -21360
293 -505 -1133 -363 -1180 -904 293 -623 142 -45 352 -645 -217 -80 166 -741 30 -1019 -1092 -1122 -1072 -517 656 -476 -656
752 -1261 -1332 -129 690 239 -230 -275 -1286 -744 688 74 -651 -1013 -597 192 -567 -657 -1198 431 -166 37 237 -242 -666
-379 -456 -898 379 -184 344 25 392 -379 -550 -569 329 -783 -541 410 258 -785 -609 -197 124 -375 122 -536 -732 -192
-838 114 -40 -350 -30 -603 -771 -660 -968 -680 -830 -349 -734 -746 -1141 -81 -457 -166 -198 -291 -468 -163 -106 -967 381
4263 2450 1357 -2166 -1038 -3649 -1544 -751 398 -943 -4591 -379 -409 412 2923 -3209 -4848 -3372 -2331 -1042 2136 -2611 -2668 290 793
-1223 -1465 -1599 -2991 -534 4516 -1730 -440 -372 934 4388 1590 -2214 -3765 -2621 -4151 4 3236 3833 -2437 1005 -481 2382 3325 705
-76 -606 732 195 783 589 485 -934 -958 -703 -932 377 -901 -550 -344 179 159 424 -590 -949 371 398 430 -589 258
2199 2198 2522 -668 4086 -112 -4074 -160 507 1488 -1047 439 5449 3328 5835 -2156 3308 5135 2039 5230 5236 485 -2393 -5430 -4401
-68 -890 166 -931 -641 586 478 -949 393 31 -389 -607 -854 -94 -82 611 -872 -922 -428 250 507 -518 -540 -657 -145
-5381 -3288 -7216 -6534 -5601 -2819 -4757 -3202 -9145 -2892 -8340 3077 -2545 -6043 -7914 1056 388 -56 -206 -2604 5664 3768 -861 3207 2246
2575 5125 1810 696 663 -2910 2406 1659 -119 706 -6087 32 730 914 -2428 -5970 231 459 709 -5964 -1764 -1778 -2779 3123 3432
128 -850 -483 -187 -1350 3 -446 -1435 33 -2 -852 -581 -551 -224 -859 438 -443 202 -340 -360 -1032 -891 194 -795 -765
-262 -584 -4412 -5090 -1503 -2152 -1287 -1417 -918 -4043 -1743 -521 -4151 -3272 -2926 -939 957 -1529 -2050 -1615 3838 1067 -1889 -2791 105
-817 207 663 -154 -798 72 -784 855 -39 916 214 461 -278 -1505 -388 248 -928 -303 456 -1385 -1585 -1584 -430 103 -227
-20 -723 544 122 -403 -771 -940 13 681 296 332 -403 -154 567 88 297 -319 583 -697 236 -155 -791 -784 -1047 -622
-6904 7095 9902 2986 3266 -2416 6604 3467 3001 -1992 4465 5818 1802 -286 3735 276 3535 -1193 -1389 1196 1918 2717 558 -1911 -1360
-207 332 -30 354 -583 -248 -654 -1400 -1180 -288 185 144 -147 -1148 -395 -726 -279 -435 -603 -144 7 -641 419 -728 -1413
-621 -22 -516 219 -585 226 -548 297 -677 202 -921 -115 140 -767 359 -450 -635 172 -535 70 -298 -480 -642 -709 389
3420 -478 -4021 -136 1953 8379 950 -897 -4298 -14591 -1927 -109 -541 -1055 -1483 -4288 -2507 1129 4685 234 -4563 545 -944 -1584 -3001
-1252 -678 -1379 -995 467 -618 140 -339 115 276 -878 -626 -202 -480 -1042 -450 -1287 568 655 -96 -655 -966 -64 -22 -722
-259 -452 -812 -282 -1261 -455 -625 -786 110 -886 239 -196 397 543 261 -339 185 -560 527 -298 -469 108 152 -80 -152
4453 -276 1157 3465 4608 -1002 616 -2434 -907 1861 4418 2743 279 -73 -1735 5720 2550 2853 -5708 -1482 -2515 3948 4574 -4241 -4551
-3071 -2428 2831 1206 -526 1997 1525 1104 3204 4843 7517 3020 -1536 415 7248 8185 3321 -2134 1298 1973 4926 370 -4113 -4239 -5361
1890 1121 916 2563 2330 6588 1986 -276 316 795 4407 -6470 -10554 -8880 -5054 -4229 -11100 -10619 -6101 -5400 -18 -717 -3957 1005 3539
-1041 1773 1818 630 562 -541 413 80 -1254 -824 178 -192 653 -1007 256 -1098 -939 113 -75 -688 -1331 -2206 -57 836 142
4141 -1496 -1475 -4501 -12714 -9091 -8297 -3549 -6383 -9336 1509 3961 -6 -1073 2275 369 424 2062 2091 87 -1440 1003 2931 4083 1881
-453 43 153 266 -555 -919 -190 -199 -278 340 -172 -27 -86 129 91 -649 -790 -538 -846 -1195 -1389 78 -804 -71 -897
-4924 -9358 -5925 2216 -138 -8134 -3855 -1533 5164 -4969 -7413 2350 2988 4628 -3312 1155 272 -4914 3283 4430 636 -1058 -514 2349 1601
-54 149 -953 -145 538 257 -126 -460 -213 -536 132 -360 -198 158 -527 -865 743 -381 -1082 -1163 432 723 984 699 -127
1805 -4223 -8659 -10845 -10776 -2801 1221 711 -1568 -6141 -2439 1173 4219 -2455 -3731 -1359 5196 6908 -553 2433 -486 -648 1216 -657 -779
676 -429 78 -1790 972 477 -927 -277 16 400 -313 -409 -229 -218 138 -174 -455 791 681 -205 -1307 -340 320 -151 -191
-1024 -855 -325 7 -1024 516 272 55 55 -58 35 525 183 75 36 284 -598 -1204 -169 -1502 -1300 192 -1253 -482 -887
-957 242 -1218 198 -226 -591 -919 -942 385 365 -806 -1051 -1084 -543 -518 -637 -433 -107 -1109 -156 -45 -26 -559 -766 -487
-491 333 67 -288 413 -600 -641 -689 -17 -751 158 -649 128 145 -867 -645 -402 -460 -3 -453 -49 665 -329 -435 278
-1948 52 1708 6188 -7344 -903 -1062 -296 -477 1004 -7424 3555 -2207 -2508 -703 -1658 -1943 -3127 -3570 873 392 -945 106 -1393 701
-3900 -10443 -13403 -12777 -17745 2623 2041 3984 1078 2657 781 -490 -1068 5133 5644 1814 -5020 -8493 -3892 945 -2623 2539 -29 -582 438
-1634 -1573 1971 -1407 2655 -4381 6011 10234 2857 -3331 3699 3885 3988 1611 -696 -8546 -3817 -2422 -1617 -6380 -5630 -7970 -7020 -3969 -979
10 -193 -275 -999 -339 -1198 -72 85 -617 -582 -1420 232 -776 -872 17 -825 -309 -534 -295 162 -349 556 -487 -328 -1103
-415 -145 -133 -80 -597 -866 -65 265 -603 389 -205 -477 -942 -477 -528 -457 -986 339 401 -275 -881 -459 28 113 146
3863 -6841 -9437 -13434 2585 3089 -2875 -1278 2880 230 -1817 160 2615 755 -544 -1780 -3135 -1344 1049 672 -1565 -294 136 -600 -904
-825 319 604 -143 41 855 881 408 -242 -552 -743 -800 -565 348 -9 -492 -262 495 224 -1163 -638 -1010 -648 54 -1527
-927 321 2011 -136 103 4196 -2988 -4810 -4232 3121 2402 2281 2472 3386 -1972 -5136 2748 3022 -354 -5394 -601 -1522 -3633 5137 -1982
5228 9134 5108 4819 4426 2214 -2464 -3082 -5583 -8537 3430 2417 3731 -4678 1558 -1183 2128 2830 -4104 -5797 1493 54 -2487 -5588 -656
202 -1126 -486 -637 -1381 -889 -679 126 -307 -1085 -129 -592 -106 -383 -240 -442 -220 -1211 -795 -217 -474 -514 -1384 19 174
-50 -180 -971 -650 -256 -738 179 -203 -439 -984 378 -903 -1238 58 -40 -650 -1459 -492 -260 -77 -1277 -1538 -1301 -433 -880
51 -379 -45 -1347 -1306 -539 -1351 -578 -563 -1449 152 538 -208 -558 265 -643 -485 -1146 -356 -1700 -30 -262 -860 -1503 -1510
-2753 2615 -127 -8428 -6444 -2396 2568 -1092 -15751 -8105 5011 998 -4623 -2918 -1425 2309 1583 71 1770 3539 581 -2536 -2647 195 1339
1633 -2194 -3146 -1627 9 4766 -807 -1523 815 -3371 1241 -1066 1076 5423 -2532 -3389 -4942 -3920 2481 3052 6107 3131 -36 -2726 3606
-494 -89 -235 239 -693 135 -348 -852 446 -724 421 -248 271 -585 -749 89 -672 256 -679 -363 -827 -787 158 -1098 83
1902 -5323 2388 5088 1851 -641 7189 10624 4655 3329 6513 5648 4238 1515 -369 1712 3103 1445 -1307 -5489 2430 -43 -1108 -1451 -5539
-43 1388 5827 1531 2061 474 -911 1754 4222 1061 4861 -1443 -3385 772 1689 -1430 -4551 -3340 2505 920 -983 -2030 -1481 1863 2172
-41 481 563 -104 -65 -563 437 -1045 220 -537 195 -468 -396 325 -1057 71 -234 -157 168 199 -996 99 113 433 -673
6196 3531 -182 -310 -2849 -2988 2389 -2641 -4833 610 4717 -1931 1500 -762 479 958 -74 1659 -1879 -4541 -240 -1594 -59 2145 -2677
-8928 -2927 47 23 186 1512 -1456 1756 3022 1435 -4575 23 1602 -3596 -4189 -1776 -505 1318 -1192 -3978 3280 1326 -1307 -504 3036
423 1226 128 4460 2032 -1022 258 2150 2840 1058 5643 418 29 1915 -221 1319 5649 2217 402 -143 4319 5416 2592 -568 -2622
914 1682 694 778 133 1320 2996 1180 2876 -1896 1940 3008 -5005 -6712 -4866 3820 2118 144 -7945 -594 -2633 2164 806 -2720 -3616
-8153 -6907 -73 1142 2728 -3532 -613 -645 -267 -2824 2394 6564 -3296 -393 -3146 -1028 1147 -5683 -6177 -6497 -47 272 1108 -3628 356
5382 5218 1659 1836 2378 4650 29 -2408 -899 674 10221 2457 -3674 -3149 -4851 4301 -706 1386 1659 1613 -754 4242 2286 3973 5342
-586 -692 -1220 -1010 -281 -1154 -1066 -1067 88 175 -1009 -214 273 -696 -641 -468 73 249 -1137 316 -1314 -1034 -760 -1158 -546
-4283 -2126 -1133 238 -4172 358 -8015 -1469 469 694 -15918 -2903 2059 5314 3092 -5201 -1682 3851 1008 590 -6 -2795 2245 1831 -129
187 -807 87 -1583 -261 489 -936 393 -48 -489 771 -324 -692 439 390 -1708 -32 -657 -52 -1510 328 -272 116 255 -653
-4326 -1156 2657 443 2526 -40 -395 -6957 1337 8133 -1052 -7253 -12709 -6174 3858 -6461 -5597 -7172 -4402 -3308 -403 -175 -2270 -6579 373
-3607 -13024 -7981 -4924 5473 7983 -11902 -7558 4855 7003 -2476 -15959 -1276 5928 1102 -4880 609 3363 4110 4191 -1815 -2082 2921 1778 3271
299 -70 668 -632 -766 578 492 143 -761 -397 208 -901 -702 -454 -99 -901 -772 -687 -56 -653 -684 -956 -212 -655 545
-877 990 3488 2112 -4732 -4137 -767 5476 4492 -2891 5675 -4336 -7812 1668 -3426 -452 -1910 -9321 -4799 4523 1646 -1587 1791 2033 411
-448 3914 7011 2058 -5262 1970 8784 4302 -2949 106 6695 -1408 593 4034 865 -3194 -1298 -2343 123 8265 -7830 -2650 1040 1605 2810
-854 -368 -1159 136 446 -672 -820 -692 -732 -418 431 -834 -713 -403 -568 -201 -165 6 -70 -753 274 -356 -646 -269 332
4609 -1395 -2798 -538 6677 1254 1614 4139 -3169 -5073 7664 7569 8804 1751 237 1493 1252 9028 2232 -417 -970 156 -2450 997 -2105
482 -910 490 -814 505 -174 -107 -797 247 -1001 -665 516 -939 -895 -664 -245 -882 -459 -194 -484 -896 -656 32 194 -895
-5615 -5858 369 180 2831 -4804 -7095 -2050 68 6002 -5789 1032 -741 3143 7180 755 1187 3364 402 1303 4762 2890 310 1486 -5329
-882 -860 2302 1903 2592 -6749 -2905 4280 5737 4164 -7968 10 5046 4087 -1642 -6661 3632 2872 1125 -597 -5561 -2662 1813 916 -1442
-1817 2189 1911 6621 6125 -1132 1762 -2235 473 3276 1257 -1789 -2529 -40 6971 1064 696 3557 -158 -3281 -496 4163 799 -3484 -3281
-570 -383 285 -123 207 -318 384 -181 -506 -477 -688 -962 -715 -744 340 -662 -800 622 -526 -853 278 -459 -376 -579 -353
-594 -255 -811 -966 -706 -37 -981 -336 -1091 -180 -2 -167 45 -101 -1013 -167 359 630 -454 -896 163 -68 -927 270 -1179
440 669 -619 -812 -254 75 -795 238 145 317 -338 610 -1014 18 -925 -386 90 -339 -356 648 -90 551 -228 -959 191
-561 -639 -298 -783 259 692 -273 -77 -859 -285 813 341 227 -402 115 349 15 100 -914 195 319 165 458 -863 811
-4036 1245 324 -2371 4331 -4282 5109 1054 97 6784 1307 4918 726 2231 5707 3833 2318 -2691 2680 -627 548 448 -5364 -2581 1615
-8311 486 -4954 737 -5804 -3173 503 -938 -3699 -5762 -9916 -2024 4105 -422 -1199 -12 1707 6296 4058 1166 3391 1082 2073 1801 1981
158 -523 -796 -1260 -650 -693 493 375 -168 -431 385 310 -173 183 60 -481 -201 -1146 264 163 -99 165 -482 -467 -248
-1463 -1323 -4149 -10119 -9618 6411 -4138 -15134 -7002 5012 1926 -4583 -9214 -3663 1209 -8228 -353 -7178 -4042 -749 -3721 2703 2062 -3905 2287
-142 402 -29 -392 -427 -398 141 -155 -1459 -635 -394 -919 -572 -543 -576 -550 -1449 -560 -294 -482 -14 -683 -1149 -363 -841
-892 -220 -547 -579 136 -362 -796 17 532 -920 -307 -478 -508 330 -322 -933 101 670 -947 605 -798 -606 -78 -580 234
-388 651 687 -664 -308 -1067 -712 187 -498 -869 -571 -684 -119 586 520 -394 -117 403 -538 -294 -18 478 -697 -166 -332
-3963 -3875 4311 3997 3358 -8036 -1488 381 -164 3722 -4296 3488 1298 -320 1136 -108 2010 4250 805 4971 -2886 -65 2762 -94 530
-535 417 -598 -240 55 -1328 77 -829 -49 -87 342 -552 -224 -90 438 -645 288 -174 -36 -249 -191 -17 -1032 -590 -874
-2893 -4248 -1137 802 6006 476 -3095 -462 -251 2784 1699 2221 -2457 -3281 -3514 -3122 4735 1772 -2560 -3261 1999 5473 4755 1986 887
-2976 -385 1727 673 -4576 -6134 -3065 2372 1566 1170 -6452 -6027 -4634 -333 305 3499 1816 -1658 7488 -4397 -1280 599 -1516 -304 -2121
-672 -610 120 -331 338 50 -408 -62 -696 254 242 -815 114 298 -679 -131 -673 499 -567 574 -682 -78 -891 -879 358
5515 6792 4186 995 -2624 7532 -354 -2606 -3291 -5794 1737 -3599 1028 4010 3377 -2022 -3716 -4402 -1146 1858 -414 -3907 -1700 1349 372
-715 -4038 2060 2663 7 434 -1453 -2640 384 -7032 4499 -4960 -404 -2136 -5876 1456 760 559 499 -2183 62 -688 -4165 -1332 -1488
-31 289 -559 1507 784 197 -342 -171 664 -592 -574 -323 -1984 -1547 -762 -46 494 -490 -497 -245 204 -53 58 -333 -23
-1239 462 1147 166 788 -1005 722 429 103 -618 -779 -663 -1203 -263 407 8 796 226 -423 83 -707 -263 -527 -1277 -1445
-4087 -4531 168 -1605 -3758 -1849 -3635 -1871 -5451 -3423 -12020 -12981 -2197 -1075 3591 -17239 -6541 1627 3885 5054 324 -6528 -406 1008 2429
-1324 485 -810 170 -238 41 157 481 598 -600 -105 -551 -1016 -989 -380 303 288 -1027 -98 -957 -628 -91 -388 150 323
-405 -162 -604 -207 -608 -598 -626 390 -642 -539 -822 434 -1004 -486 -565 -759 -676 -1047 723 -401 -289 34 -268 -496 -919
2726 -3728 -1451 525 6556 90 1267 1327 1266 747 5256 1454 1706 6517 621 -3406 -422 5767 7437 -978 -4468 -3509 1764 3347 848
-3317 -5159 -688 -2681 1145 -6890 -229 3429 2427 -1030 -4492 -2652 5064 -114 -1843 -1083 -1435 -2736 -1561 -7061 -3242 -1243 -4536 -5387 -3973
-126 -1700 -1266 -1959 -7746 -4544 -738 -5920 -1012 2353 2920 3214 -1941 -6993 -3239 6861 5869 -2144 -4353 -9715 5368 -1061 -743 229 -3665
254 -516 -127 -523 -295 -558 -522 -42 -1100 319 466 -522 -1406 -735 -981 310 150 -806 48 -1320 -306 -45 13 -52 -1239
-699 -441 -68 706 -415 585 -364 -1131 -624 -681 97 -381 -690 -1088 -1316 942 234 -675 81 43 -199 -1448 -1430 -960 -454
-974 46 -62 299 189 -360 -466 329 336 -927 -258 487 398 -209 386 -932 288 -516 415 -272 -601 -228 84 -460 -28
-865 542 -298 -242 203 -581 -223 -1087 -967 -597 -649 425 -569 -267 -923 -781 395 598 -517 -643 367 43 -272 -505 -974
575 -569 -695 -317 -957 -428 -812 264 -36 -267 -40 -54 404 -1164 -707 -1072 406 -578 -331 -415 -187 131 -325 -270 -357
-526 8275 4251 -744 -2552 2355 5027 2040 2602 2078 -4559 841 -871 3690 -565 -167 3282 -682 598 -820 1592 711 1659 -1237 -251
752 6322 9320 3720 2180 2048 -2265 3760 1776 3578 -3858 -4896 1073 -845 1297 -2951 2168 1740 2349 2484 2884 2035 907 4187 515
1998 973 3322 -1393 4791 3220 2958 3310 -994 734 676 3151 -3450 4936 -539 -2601 374 -2471 -286 1237 -67 2223 -482 -354 -3293
-548 -1714 2746 9799 8527 2762 2941 8149 6567 5040 2923 -5193 1939 909 4196 -2644 -722 227 686 -33 -435 -2037 1228 639 -4410
-1088 -590 -1138 35 -859 -1007 -422 -975 -994 -244 -718 -782 292 241 302 -1206 -710 -102 -616 89 -767 62 -728 391 -638
3883 3184 -1338 295 -3184 1169 -1962 2588 4349 2399 -3047 -7189 -4347 -1406 -4600 -2995 -295 2055 -4484 -214 3443 2946 2154 -754 3487
-5202 -3075 5082 3704 -2458 -4890 1425 -354 -2451 -1251 -11433 2871 1818 -3656 -1236 -7841 1502 1815 -637 -231 2462 -2101 1047 989 360
-4316 -5698 -13799 -8742 -1597 -13364 -8353 -3522 -887 -693 -78 -3525 -2930 -5524 -6295 -1674 1705 3409 342 -734 3043 307 -4102 2861 1642
642 93 3104 726 -677 3274 -1585 375 3550 10012 -626 -2445 -2355 3560 3321 -3217 -4651 3053 8379 2079 -1948 -2338 1201 4650 -1448
-179 -388 -686 -344 -194 -966 225 506 -255 -197 199 158 10 -891 159 -1071 -585 -276 -225 748 381 -142 147 -351 373
778 -787 2594 83 6773 954 -1975 43 3241 5335 -5433 -5541 -599 962 5460 2944 -2602 484 5951 2605 316 47 1251 2707 2718
-932 91 110 -25 -579 352 605 -179 -1093 -736 -522 203 1179 -1144 -456 -509 324 451 -264 209 -28 680 -801 -1125 -20
-42 116 -144 -456 -1134 -753 -1161 -435 -1596 -1393 -724 -877 -264 -790 -1059 -82 668 -610 -966 -783 58 -681 -364 429 903
-652 -336 -517 -456 -233 -81 250 548 -811 -12 -324 -701 -1082 -928 77 -457 497 -177 23 38 -871 112 -544 63 -239
-475 451 -364 -417 -409 -129 -408 22 -570 -676 -848 -19 -412 -666 117 -118 -739 543 -424 -773 667 -12 -211 -834 94
4593 -7003 -4548 -4120 -4405 3838 627 -5366 23 -3161 4886 -70 -3496 -2967 2461 -2455 -1427 -5934 -4894 1665 2339 -904 -665 291 893
6050 3654 -4593 243 9854 2455 3312 -3100 569 3021 1129 1296 -903 2458 4010 807 1419 2789 1445 -540 975 -4142 -5015 -2457 -6387
-541 -214 -1216 -972 -931 193 -963 -900 349 77 -1081 -231 648 -694 -190 322 -564 352 -78 -18 -1276 -646 -1158 -222 196
94 -94 -306 -636 -747 249 1 -607 -629 -697 -612 -610 -410 633 -288 -415 -364 -87 -5 418 84 -605 187 95 -439
425 -10 -390 271 -142 -275 -888 -470 -1 -874 -748 -436 60 -712 -590 -634 -389 -200 -226 -476 -43 -369 -963 -870 -494
381 -1140 194 -408 -92 402 -124 51 -639 265 -804 -623 -969 -1139 -93 -465 -768 -142 -1106 96 99 -811 -621 -267 -313
-1904 -5675 -3739 -312 -2265 -1498 2538 1613 -6865 -2106 -726 -312 4297 1690 -3896 224 3649 2229 2206 -678 2060 1342 -2315 -4039 -1187
-611 1632 -1619 -3025 5093 -7 -1361 -912 -2676 -2099 5408 969 545 3331 1989 1189 72 -1039 2927 2811 581 2015 703 -828 2828
530 -479 -428 -1001 -419 -794 -628 -944 -320 268 -510 -582 -633 -174 -464 263 -697 -688 -401 -941 -474 -80 502 -574 -410
404 -2113 1427 -1879 -2068 -664 -908 1570 955 2504 -3572 64 5800 4852 1627 -7928 -759 2702 5407 -1165 -1912 3973 5130 5658 4639
79 -206 -631 -443 -1026 -366 -536 -1075 -998 -266 673 -172 -1185 -1229 311 -290 -1220 287 -254 -475 -881 134 -505 -1232 -703
632 -4430 -254 -1768 -3641 -1418 122 43 1231 -2363 407 3021 2543 -1715 -2541 -1144 -1470 -2262 -1573 1915 -3678 -3985 -2048 -1496 2454
2281 4459 4545 2903 577 3049 6207 3339 3172 -1253 3086 3112 5207 436 -3751 -2695 -2174 1616 1097 -1938 174 -2251 -2862 -3114 558
-50 -173 -1225 -344 -2 -917 3 -678 98 -319 -787 -1132 -773 103 -541 -877 -66 -520 147 -104 39 -874 -18 -365 127
-2631 -2318 -2838 -3907 643 769 -1960 -4312 -770 -1177 -2654 2239 -179 -2711 -3239 1860 -371 -575 1284 2640 2955 2650 -2422 -771 251
-456 -1427 -792 869 192 -194 310 -421 348 -350 -103 -987 -968 -1190 312 -1100 -1537 -677 -760 -53 368 -48 -780 233 357
-84 -642 -110 460 -689 -100 229 445 -40 66 541 -93 -87 -51 -492 -511 -3 -13 -499 -207 -399 461 293 9 -584
648 6886 2320 -2358 -5177 2794 147 -411 -297 731 1364 -729 -594 2033 192 2390 6774 853 1199 -813 6646 550 -299 373 -4132
-658 -887 -39 -1271 -1286 -987 598 -90 -930 -554 -603 -850 -670 -960 -288 -838 -801 -508 -992 -609 -834 -313 -646 -758 -38
-102 -363 -402 30 -62 -136 273 248 -341 -871 418 504 -352 240 120 -586 -194 -855 -101 24 237 -8 -265 -850 -845
-1313 -4169 -5849 -7101 -4595 5234 281 -1214 -1868 -4868 -1939 -2778 1088 2153 -922 1133 806 4948 3843 620 -1451 6001 6652 894 4122
-532 -274 -229 -938 -780 -278 -1192 -422 -242 606 -807 -869 -454 -1185 -731 -567 -388 -237 -528 -867 -465 -220 -348 182 -139
-600 -151 199 -181 -1239 -260 277 453 -89 -919 111 -484 344 -1078 -52 -789 -688 -438 -689 -67 -484 -542 -870 119 -77
2759 2944 1264 3280 1043 -4075 2381 825 2345 6261 3831 2416 5008 6108 835 3325 28 5524 -118 2531 5870 4584 6642 -64 3214
-1484 1320 2970 2908 376 -3886 -2736 -2108 -862 1074 -2277 -1620 -676 1471 -196 1989 1759 -252 -1721 -2302 -5215 -3703 -1230 -1642 -1354
1734 -2153 -3469 -1784 773 6896 4375 -746 -3789 3420 2434 1349 -1466 -3866 -3302 5039 1023 -3435 -5175 -4689 5885 1765 -1798 -3287 1139
-498 -312 170 389 285 -1031 -1167 -983 -306 -238 -811 -813 -196 21 32 -869 -1032 -211 1 -1087 455 -523 -1298 -1495 -793
-5799 -4647 -3545 -5722 -12061 -3466 1786 -2936 -3103 -4297 -917 1175 3225 2807 418 -1389 284 -928 2366 -1814 1779 1306 -1360 -2097 307
-782 -977 -1025 543 188 -760 -255 -837 269 -595 18 -1147 -50 -293 -287 6 -662 256 -1120 26 -174 73 -1094 -126 453
-4904 -2123 -468 -1875 -3973 134 -4510 -5499 -474 -3652 -950 -2106 -4780 -4858 -795 -6439 -1318 -1409 -2429 1583 -1710 -2963 -6349 -5652 -1161
-82 -412 -727 193 427 -716 -852 -826 -1031 -279 167 473 -824 -94 -831 254 -1075 234 -84 -834 -31 -589 -310 283 -807
1056 -4917 -5527 -4457 -3223 453 2230 3526 3607 3743 -3811 1019 871 -888 -588 -905 74 377 -4231 -2381 -497 377 1877 4016 -1734
-512 -1434 -808 -491 -894 -284 -443 -1248 -528 -759 146 -1127 -662 250 502 -956 -325 -358 -833 117 -738 -430 -783 -660 -1043
-382 -354 393 380 -749 -831 3 122 429 -151 -1274 333 -1236 -1079 -1468 -514 -884 -522 -145 -10 -1032 148 0 242 -1172
-1066 -366 -430 -1003 179 247 -1253 -1098 -999 -752 158 -779 -681 -332 -839 -670 -946 -486 -492 -1059 -1060 -414 -77 -655 -1301
218 625 391 -146 444 -627 412 -1019 -406 -99 1 441 -210 575 411 -141 -346 -939 -195 121 342 -478 -350 482 -243
1978 1087 -5467 -2000 -6573 -3750 1905 3335 -279 455 1252 5806 3663 -3314 3113 1231 7426 265 -586 -972 833 2725 -3827 -3484 1583
-91 -970 -3830 -582 -3255 4699 974 1701 862 1080 -621 1986 3081 157 -1765 -3316 -4036 -1636 -6305 -2959 -7253 -1371 -3537 -304 -2490
-2696 1163 590 1517 4368 4115 -1332 -114 -2984 -1330 -3571 1740 -5653 -5534 -6950 -5763 -1994 882 2793 -2079 3509 865 1531 -213 2687
-1326 -377 -15 -427 -363 -774 -713 -75 -934 -79 -799 401 -415 -40 -894 -483 -891 -1214 -576 -1020 367 -771 -1194 -139 -450
535 -23 -384 -178 -990 -150 -10 -895 -940 -295 -817 798 -101 -293 -686 43 519 439 -698 536 -201 -851 -350 -116 -66
-5334 -7773 -3520 -1533 6812 -6306 749 -259 -321 -4630 -3742 -346 3305 714 1078 -2709 2754 294 1794 5692 -3076 -1270 1996 -606 2786
522 -135 -273 -107 -709 -1447 -309 -882 -993 -708 -1490 177 -203 -531 -1421 -1125 -1156 -641 -262 -120 -1315 -203 -934 -451 -679
2886 4301 3935 5216 4035 2866 3196 1260 2467 2883 1139 181 834 2682 3036 2927 344 -749 -2400 -772 5092 451 -4765 -2565 -857
203 -3161 -5432 -4252 1747 1555 -3409 299 -4584 -4385 -3514 -1748 4542 1089 5214 -1525 1520 492 -3322 2878 2947 -2717 -1865 -343 3253
-475 -1354 -971 -834 -80 -514 -1051 -383 -1030 -272 -111 -71 -1293 222 10 -726 -882 -456 125 28 655 -316 50 -882 298
99 -1109 -662 99 -365 371 46 -353 -1421 -315 -1230 -1244 -781 -104 -664 -1363 -1046 -346 99 544 -541 -592 -316 -521 -995
-1296 -790 -313 -664 -875 -921 -472 -368 297 -1033 -269 -1202 -1291 -1091 -411 -704 -1512 -798 -119 -1230 185 -494 -1519 -1454 -602
-3413 4336 7007 691 -354 -2699 1066 4178 -2725 -987 1177 1296 -1640 -2318 4873 -2455 -1142 -5417 -1617 2537 -1812 87 -2015 -439 -367
2498 -2643 -146 -3805 -1647 800 -5234 -2570 -5687 -690 1074 -3710 -6891 -2044 -2141 -500 1742 1751 1814 169 699 4401 6302 5011 -3785
-823 -1046 168 116 -485 373 -338 -977 29 -833 -493 -212 5 -651 -592 -562 -377 -1178 -427 -1274 533 -265 172 -1025 -383
-560 732 4890 5279 3478 -8803 -2066 1315 -4640 324 -1283 -1777 2382 948 -9033 5602 -319 -2345 1329 -1942 -4143 -2334 -1231 5 250
-3424 -2417 -1065 31 2913 -996 -1514 2402 252 1117 -1940 -326 1534 963 -185 782 1677 -1294 1929 -3249 4770 3695 -3504 -5463 -5389
620 -73 355 -48 26 -592 -160 -993 -245 205 241 -454 -280 71 -407 -934 -550 -658 -955 -645 332 -40 -184 -1097 -465
838 77 -1163 -1732 -431 194 -161 1575 -293 -2780 5666 800 1526 -177 -7009 2331 4684 5110 2413 -688 -4577 2106 4727 -1574 -2859
-1682 -4387 3939 2626 -1490 1621 -710 411 124 -1136 998 601 6030 1138 495 -344 -2041 -1658 -499 -13 -3633 -3357 -1735 -1731 2090
406 274 -3841 723 243 -26 1253 -2007 -2943 164 -1617 -528 2050 513 -3008 -6699 -118 -1036 842 2990 -9514 1938 -1464 1263 190
-1872 2599 3149 329 -457 -2962 487 2117 -3075 763 2970 3500 6936 -588 -5348 7353 2965 1814 468 -901 4497 3284 3968 -6787 -6293
-5552 3998 2807 4915 4519 -1810 471 3068 -3140 -2778 2099 3193 3627 -1773 2036 1512 2234 1661 -297 -4627 5849 1424 5262 420 791
-1547 -821 1286 1332 1124 3265 3794 3098 2770 177 3368 2469 -172 1139 -2994 2341 -906 -395 -2668 2683 -921 1187 -464 -2127 -347
-406 -72 218 -611 -121 -827 162 -94 -242 -605 -312 -138 -197 -475 -578 -779 -34 -654 235 -876 -447 80 60 -559 -68
-469 -1012 -2188 -4132 582 3664 -1680 -2962 -804 -336 2164 -5142 -4158 3357 1366 -2870 -2906 -4037 683 1653 2672 2074 2860 3968 369
-149 -484 -490 297 -1675 33 215 -144 -1094 -926 -656 153 135 242 -775 -1307 -729 -542 -717 113 658 291 -450 -294 -701
-1271 2610 1713 -1473 1289 340 1762 -2786 -3588 -2424 4189 -3237 -4723 -5265 -7596 -1450 -4405 -2817 -4530 -11125 -6560 -5125 -3589 -1574 734
-1475 -1993 600 3875 7242 -993 -5354 -3170 9 2177 -432 -7402 -777 5433 2765 787 -50 1414 5267 -2481 2987 63 411 1819 -684
-514 -86 -485 -925 233 -915 -68 233 164 -898 205 -62 -629 -118 418 -266 -337 141 385 -12 288 312 -805 -80 -449
894 3072 -1445 -2694 -605 1267 -3171 -1456 -1133 -1013 -2258 -3293 -4505 -5245 -1850 3925 2213 -4810 -938 57 3337 -1841 -1461 -132 422
6668 5388 3325 -1146 -2481 5031 2351 3135 -626 -2964 2666 2178 2753 1237 -331 -1285 -4506 -1018 1104 2621 -2945 -1186 -85 5016 2508
-719 -625 -517 168 -152 -513 -201 -276 -811 -302 515 -891 -126 213 -906 158 40 -708 -381 -297 -933 -1104 47 -540 -478
-4807 -8406 -1402 -2979 5962 -1167 410 1346 6192 4923 -9648 -2293 133 3242 3006 -1420 -276 73 4125 -5372 4256 2484 3539 -938 2207
-335 -28 -773 -808 -966 -803 656 254 -973 -881 -278 197 -916 -1043 173 19 328 -256 -864 175 -1044 -490 524 28 -1007
-5335 -6494 -2691 -303 2415 -1802 -2589 -2648 -1046 195 -2447 -489 -575 -2978 -4140 1730 -7351 -754 -3096 1425 3248 -4867 -1435 -2058 1486
2121 2350 -1715 -1301 1154 -1910 -2373 2158 2969 538 -4290 -3954 2657 -1052 -1999 1016 587 651 -3125 -1213 953 1746 1299 -865 104
-2697 -55 -4344 1818 835 58 1894 -380 -1419 -4246 2145 -4460 -3230 -363 -1116 1184 -1313 -4236 -3379 2417 3700 -1131 274 -1265 -1996
364 -761 -681 113 624 -429 -740 397 -417 59 -31 -132 -239 62 54 -971 507 179 -814 -683 403 -678 339 -465 384
325 -478 -587 218 811 -131 277 -1203 -759 257 -901 -1002 -212 -100 -654 -630 -578 -9 -1036 178 -697 -576 -1210 38 87
-905 549 -49 -558 363 -928 -817 229 -904 102 -325 -685 -922 -754 546 -831 -198 230 200 -692 443 -480 493 -168 -912
-894 404 -82 104 -279 -402 376 -878 -796 -612 -456 -919 -273 68 -227 -184 329 12 -671 -502 243 -472 -504 -275 391
-2422 1420 1741 1195 -2408 -1123 3493 1488 -760 251 -4704 2103 125 63 -1851 2544 3573 1402 4966 -5439 4478 7092 4525 4541 -949
2985 33 1241 -2167 -4356 -3213 -238 -1057 1038 -1006 -4951 -6897 -6362 -1722 -1105 -3598 -508 -2687 414 -4501 -5893 -1281 -706 574 363
-41 -507 -1225 -940 38 -923 -744 -285 -190 -394 -626 168 -400 -473 55 -1027 -557 -308 -539 -242 68 -480 -1151 -806 314
1763 2926 -440 -3150 -7713 3691 505 -4892 830 -765 2639 884 1170 2162 -2562 3280 -3100 -4970 2602 -13 -3805 -4803 -399 -1210 5080
9 -693 -1399 -1116 -661 -186 -1223 -181 -378 -535 -449 48 -1066 -499 -729 -286 -388 -432 -421 -470 -589 -630 -367 -678 -763
-192 236 -109 -494 396 626 530 -406 161 -799 509 -838 72 -730 -490 179 -654 191 603 -342 -262 334 -406 525 -117
58 -464 477 126 -182 75 -763 364 73 97 293 384 198 160 464 -75 -265 299 7 472 -697 -894 -1286 -1244 -717
-2391 -790 6980 3957 1373 -3731 -4039 223 287 -11 -1229 1891 3855 138 702 228 -53 3579 3314 -1228 -3736 1237 7011 1931 -2717
-696 -259 -492 -11 -647 64 -45 -1107 -974 -1214 49 -1071 -402 -1259 -1251 -151 -1016 -332 -947 -703 -972 -588 -1437 -1346 -6
-189 810 3063 3136 3419 -2426 -10 -1859 -1275 3215 4512 -4920 -4990 -2930 -7869 2839 -3434 1756 -3933 -3567 891 589 -1309 -1255 -2018
-3124 2192 -3284 36 -4514 2825 1787 2595 791 -1113 2634 508 719 -2179 68 5663 7227 2737 1295 693 8706 5631 3287 1262 -4446
-628 200 -766 -991 -790 -1204 16 -331 127 -968 305 707 -536 708 -667 604 455 396 -313 -177 -391 -580 -1119 -938 65
900 -224 -1016 -453 -1222 -1655 2594 2760 1032 741 -1022 170 733 2577 4050 226 -1393 5064 7112 -1422 -586 -48 5592 4870 -2058
-780 -2138 -1423 -4129 -5193 3987 -808 5142 -3182 -4176 1071 -502 1635 -1224 -1860 3734 947 1516 732 -3253 -3481 -3848 -1640 -4178 -1441
-297 182 -186 -94 -1067 -570 -533 -1290 -1773 -1389 299 -283 -775 -219 -606 -909 -937 556 -423 -685 -968 -1540 -245 -1512 -1513
196 226 -230 -532 -850 144 -1130 -1944 107 -937 -615 238 -1468 -471 -217 996 35 -371 -1277 -570 -30 -316 180 -120 19
477 4004 1865 4524 3473 3734 372 -3289 -1442 1138 1557 -3075 -4564 -3564 -2232 -1022 -5198 -3022 -2308 -343 -2445 -4015 -1270 1299 -3471
-412 -768 -1099 158 37 534 113 -1074 -418 412 -871 -566 -1295 -1257 -1005 -313 -294 -1141 587 -861 -217 197 -490 -370 -479
-96 -939 390 -260 -56 101 241 -464 228 -480 154 -360 -368 -1006 388 -100 -951 -240 -566 -524 121 -507 -984 230 -254
-1002 1213 -1626 283 3767 -4420 106 -1165 1911 5398 -4965 -3634 -1796 2942 -1058 -4040 -3890 2545 2352 -6779 -226 -314 8465 4953 3698
-1370 -567 4123 5646 2588 -4913 -6262 -336 1861 -2723 -6097 -4799 3497 -854 -208 -1856 -1903 -2994 -2123 1574 2052 492 -3310 -1375 146
10360 2165 -1544 -2697 -149 1813 -3339 -1438 -5246 2321 -6847 -2970 -5162 -5466 -2911 -4056 -3786 -6973 -5508 -712 -1474 -6387 -4991 -2809 1908
242 -1056 -320 -839 88 -625 -1245 -1011 -447 -1183 -513 -502 -1022 -1036 -395 -749 -1461 -1135 -253 -115 -1166 -700 -439 -1068 -149
-67 539 -917 -486 -419 617 -680 -14 -57 -1887 -521 -99 130 -122 397 -134 -339 -518 -305 -165 -815 -797 -1414 -1470 -777
31 -1063 -979 -415 -670 158 -126 -127 -818 -203 -514 -441 -271 -664 -161 221 682 84 -57 285 20 -556 -944 -499 -1065
91 410 -1276 -615 -397 372 -388 -1417 -948 -328 459 466 -1112 63 316 -415 -944 -1519 194 354 402 -1385 407 -200 129
-206 -671 -841 -966 590 338 -486 -1130 -794 -195 -1034 421 -99 -150 339 -177 -152 -806 -85 -878 -246 420 191 621 -551
-2730 -3315 2076 123 2081 638 2751 2966 -1332 -1829 -1621 2877 406 -34 -6068 1388 -1668 1353 -479 -5725 -6289 -424 1264 -4789 -814
-775 5681 -343 781 8745 4208 1125 244 -175 4701 -1577 1841 4539 2814 2686 -1008 1234 806 1639 646 6543 3464 1402 -1430 -1066
-779 -2725 724 4850 4944 -1269 -1449 -3495 -191 1742 -5841 -1777 -647 1230 -488 434 -6305 -2911 4188 3765 -2295 -765 -118 946 4421
-1087 299 3204 7154 6939 -4768 2405 4854 2871 4174 -405 -31 -2955 -5257 -3023 -7629 1179 598 -161 2244 -1961 2611 1795 1138 -1529
-49 -1049 -224 -633 -130 -575 -337 -816 -306 -798 -758 -600 -909 -629 -633 -628 -851 -1072 -820 278 -905 -478 -518 -117 292
409 1738 -935 -703 281 4046 -3269 -1523 84 -1659 6703 1963 -2585 962 2974 3277 2072 2348 3631 2599 2539 2226 563 2092 1903
-4923 -885 2468 22 -674 4090 2141 1668 1168 -1973 -1014 2203 -2325 -2087 1768 281 4807 1945 -718 -5036 -3050 4641 1690 -448 1837
-1956 -4708 -7629 -3644 -5693 3382 -841 884 114 -5936 2083 1516 633 2134 4137 -5159 -2578 -207 2189 3739 -5321 -3771 -2768 -682 -793
78 -291 142 4106 4604 2453 3424 -3549 -3334 7986 2420 2140 -1841 -1658 -4412 2817 1885 -1456 696 -6206 -7297 670 -2455 -3770 -3928
461 -969 468 360 488 -748 658 -385 -959 -635 -857 -790 184 95 -205 -548 125 -330 608 205 336 -401 -964 110 -203
3863 -627 764 2127 4554 3388 -1045 -1249 -676 4168 -977 -2255 -3251 119 5692 1215 -357 -4479 -3013 -448 6697 2705 -2066 -2416 -184
-923 -100 -535 -569 -92 -346 483 53 -246 -353 288 -404 -542 -81 44 195 237 -523 123 -691 -703 -341 -359 -1277 -741
74 -732 -790 -1737 -342 -1143 -367 -1063 -264 -557 -1364 -278 733 -1333 -1145 -425 995 405 305 -799 -206 -225 -1185 81 -1052
-513 -367 16 223 581 -445 -611 -822 192 -678 -822 67 -889 -399 -773 371 160 60 -201 -745 -596 -679 491 -185 69
-989 435 614 -461 -108 582 403 -74 275 -379 411 -996 -863 -300 496 -941 409 533 -450 432 -1067 586 489 58 548
2275 -4196 -6874 -5080 -338 -1918 -3517 -1029 953 5017 3141 -841 1271 2424 -518 -3160 155 2221 -1468 -1900 -4070 -533 2227 242 -7319
3002 3437 744 569 3519 5810 789 -1982 -1917 5755 4792 2153 2491 2309 5972 3268 -1806 373 4020 1024 -12125 -6977 -3750 -3244 -704
505 -176 -411 -461 381 -890 -748 86 -891 153 -639 -1202 27 -244 -1138 -759 -89 19 43 -480 -480 -368 -1048 -527 -240
295 -961 -990 -853 -432 -50 144 -1109 174 634 635 -317 -1233 -569 300 -653 -596 354 33 372 563 180 -476 -844 -417
571 -623 452 -935 7 -492 35 561 649 -871 -287 -447 -312 376 614 -663 -514 -756 58 29 -187 -428 145 -297 -51
-1029 237 322 -117 -7 -673 -601 -158 -975 -646 -297 -723 165 -964 -1072 157 196 -152 -852 346 -749 -789 -418 -197 -990
2898 4427 5399 -504 -7707 -2696 -4662 -3139 403 -2591 -5804 -4600 -2095 328 1054 5343 3079 -627 -2665 -3207 -810 1484 369 2738 1623
-1917 -1646 -1945 -2222 3156 397 -4641 -1991 -2755 276 -1388 519 -5389 -2369 -4072 714 -1298 -2115 -573 2410 1580 -1982 -2461 1325 203
-942 228 44 -617 314 -334 282 355 329 -844 403 -768 320 -179 -621 252 -743 -415 -280 -143 -562 -980 439 -739 -594
502 113 -862 1326 925 -1279 1062 -688 -136 -262 850 -224 858 -566 182 818 -197 476 -522 -55 -318 -397 1114 -741 -1473
-526 -138 -659 -664 664 582 179 -71 -538 396 -176 -869 41 150 127 16 726 -363 -132 -622 200 -730 -194 15 -802
-315 -972 -615 402 552 537 295 -651 44 379 -386 573 -980 -134 -579 -24 -232 -671 544 904 81 62 -515 -813 1553
504 -543 -1025 -771 993 -59 234 514 124 182 -989 754 -893 195 725 -277 54 -635 266 -551 464 -326 424 -377 369
-236 251 -378 -309 485 -130 -50 236 89 58 728 115 588 465 497 96 361 -146 -494 665 254 636 -831 220 -581
-495 51 55 385 -96 -813 -617 -3 53 -323 -492 -5 -28 -711 286 217 -303 -725 -603 204 -801 721 753 -351 -335
156 -267 265 706 -13 391 -521 73 -321 466 366 -652 567 -259 -1 -766 -433 484 599 443 75 -298 -731 -207 -756
153 83 -442 -417 109 -229 -106 -249 800 -485 -275 271 116 -440 713 -155 347 -237 137 -26 -575 246 70 -579 -633
777 19 1040 259 -434 628 -269 474 57 -313 164 122 468 14 -219 1056 233 -430 -372 388 -729 646 20 161 -1212
-742 -432 198 125 49 384 131 237 479 -240 600 220 717 -638 672 727 -135 -195 -178 -377 632 29 736 -412 -664
-342 514 -426 -213 56 783 472 -26 -615 761 391 -688 32 663 -259 -586 -851 -2 50 575 282 -816 -509 -255 596
639 -102 -157 464 -651 -562 -822 -904 -348 -72 -701 968 -294 495 -467 104 474 -380 -5 -200 -319 -31 188 -462 -616
531 26 456 -517 157 274 -440 -240 -695 -588 149 162 -278 149 -9 -122 -456 -555 131 -33 37 -8 662 644 -88
-96 634 806 -346 -187 39 -763 382 -351 243 -276 -845 159 476 450 485 -579 -308 242 818 -615 102 32 -844 868
1008 862 389 171 0 -645 -864 519 447 -450 -1080 -150 733 -162 -29 531 -930 -28 544 -805 1325 701 -325 -857 126
257 -403 -1188 -388 854 -242 -663 199 -412 1 -380 -58 745 21 -521 280 702 984 464 -943 -648 -655 650 -445 453
653 -16 684 -601 -337 629 1056 -565 24 825 1679 758 424 -44 672 -1176 -481 -733 117 423 -963 -763 -202 -601 652
785 -723 152 339 -631 100 616 -142 -590 374 31 -384 57 -88 681 -436 37 569 529 -25 211 -362 -20 -597 -23
860 -709 727 -121 -263 1050 631 -724 -604 -43 766 -424 -180 1071 -195 -13 -499 110 -638 -386 -45 301 -810 538 -672
-588 627 -99 787 -448 578 351 218 -196 -1 -479 144 -75 -258 -18 575 22 -786 -547 -805 -297 -276 489 553 -215
-341 292 -611 63 -73 -1004 -882 693 -829 899 -147 578 201 642 -816 54 -708 95 -800 1276 -748 -986 76 -329 334
-359 -383 538 -273 541 -545 -779 -577 742 -28 -629 -509 736 495 758 -420 -653 -515 -613 260 -404 -484 28 531 -396
-201 -347 254 345 293 115 79 -545 1016 -728 -778 122 -970 -567 -727 -52 66 326 -195 -379 111 -337 259 -581 439
-341 593 427 254 463 544 338 -775 -426 -458 352 124 -259 82 -150 -361 -618 532 -382 537 -250 -717 641 -394 618
569 82 -727 -502 557 32 131 180 626 811 499 -486 -477 -864 -632 -23 -103 -617 868 743 -82 513 -279 -235 688
267 -366 -428 -582 617 387 -85 383 -507 689 -509 309 -368 411 143 805 -424 -14 -115 14 -437 450 -17 -852 539
457 -538 -461 478 -582 -425 324 661 -112 7 -762 -757 -466 730 619 -711 498 -224 123 49 -64 619 -175 791 -469
-447 675 301 714 371 1046 452 -310 443 -759 -240 -290 -312 659 -741 -762 307 990 412 75 -475 601 -480 207 199
207 -345 -721 175 -1228 97 -222 -365 -829 957 -952 -35 743 552 281 -880 335 46 492 410 -959 331 -316 18 758
425 471 -512 -155 -98 -341 -331 19 -653 -180 -634 -77 -659 22 -1116 -417 -765 -1005 -383 -538 480 1039 395 269 606
-658 663 -891 420 -376 741 134 602 -787 -683 -611 128 194 558 -810 273 242 -165 533 258 -302 32 -285 -375 -370
-239 -224 -113 591 514 617 -72 -428 -327 -620 499 689 37 703 449 177 232 -137 193 443 -131 788 800 -23 760
-460 333 -103 556 396 606 -1180 -173 -915 472 -606 -605 -876 -263 473 -339 107 -441 302 -161 -391 553 -682 584 -56
-187 347 865 560 -436 -434 -391 -588 -642 642 288 -694 -375 827 -162 -459 -124 864 -332 -691 -62 103 590 -567 -888
819 -155 -755 404 618 587 189 255 1340 -922 -76 159 790 -198 172 618 209 -166 -478 323 -605 -853 -243 -661 410
221 -478 679 646 -855 -508 814 82 448 403 -108 -676 395 293 469 40 388 190 697 -208 -327 -725 -393 265 -433
-25 -338 -471 -383 691 -119 128 312 -710 -571 -636 -489 793 54 -408 322 498 138 -243 470 131 149 600 889 488
727 -511 -175 -370 -512 -143 -17 697 738 -730 -456 -199 573 728 115 122 -557 436 -760 112 543 -691 261 -83 419
-765 -121 776 -475 78 -397 374 623 578 -819 -505 205 -512 453 -780 -636 179 -579 339 814 545 630 98 -70 187
-1346 410 -147 199 -401 811 340 -420 287 333 -1004 -19 -514 -127 1249 -642 -410 222 -1095 42 604 145 -104 48 509
-371 -27 103 1045 603 592 655 685 752 -783 893 552 -784 -437 914 535 -600 -528 86 195 -273 764 -4 1150 -484
132 320 642 202 -513 341 -216 -92 801 -640 124 520 283 -626 316 -238 -718 -616 562 -241 769 794 -237 -672 752
-550 -618 144 277 -299 -259 72 -676 -886 202 -664 205 -913 121 -39 -404 -419 37 284 -148 -202 143 708 775 241
-986 479 209 380 -510 14 698 73 658 790 725 -148 -537 -490 -278 -361 -262 334 -930 805 766 -320 290 176 -59
-763 -698 -39 594 777 424 -770 649 276 457 158 757 695 534 234 -2 -667 -169 191 349 -85 -277 807 788 733
1056 65 -384 -553 324 -426 1080 -478 316 -365 707 -385 -47 -576 425 63 -709 -243 -974 122 -345 442 508 -40 -97
228 593 -705 63 361 852 -212 696 1076 -668 -1199 -884 -365 -700 -270 -234 714 348 -802 57 -266 -188 185 -448 -1125
436 -552 870 816 1043 -10 -185 -122 -190 -351 -408 906 946 600 -615 -424 -1030 -263 505 -638 -47 -127 276 -657 371
-215 619 -382 491 -614 266 -622 315 160 -902 788 388 -398 40 742 256 -185 -270 298 -740 -1043 -644 -250 460 -341
-502 675 291 -737 1308 -61 -520 -928 459 -225 -87 568 -30 461 646 455 228 -505 530 -657 -472 -620 613 -482 984
-269 90 -1007 -616 -419 626 -66 -742 -1308 660 -260 -683 -222 -577 -837 201 811 253 -25 -340 -382 586 247 -721 -1221
701 -391 -195 213 -93 309 296 237 419 668 67 513 176 506 613 -474 20 301 -108 324 307 -122 -724 -734 -754
-617 1143 -797 -206 -706 -29 -870 24 -163 465 -1086 403 -299 -459 -390 -951 -619 -166 203 22 -867 934 -344 1122 985
770 48 667 17 755 645 65 -667 -860 524 421 -750 -562 -393 -106 -245 -404 -871 651 -149 -815 -444 -400 305 -5
173 -135 360 957 -172 -378 129 -643 -677 -630 -256 801 603 -727 -761 424 -899 -1301 -210 470 -318 -362 -127 -222 499
1261 -242 76 405 7 -858 -420 -717 216 353 226 -29 -721 -635 689 0 737 -716 164 -585 -544 -534 -21 115 358
86 -625 -207 -302 802 -458 -325 374 -70 61 -760 131 -454 644 -482 -266 -152 670 -786 -20 -575 567 777 -654 682
179 -46 786 -858 -423 670 -444 -522 186 -218 650 -493 -58 440 486 -167 79 47 -24 678 18 170 -965 482 179
-601 -638 -327 220 556 363 1250 -245 501 849 1030 -536 732 441 994 -1069 207 946 -772 292 1182 40 124 918 243
-15 -453 12 -18 152 -762 636 537 327 -770 94 299 -13 -382 -69 -173 -762 -139 -426 636 722 -327 26 65 366
568 404 58 121 258 -1196 855 -385 -79 486 292 214 720 -512 -250 429 922 117 96 -515 -1144 -80 253 174 298
804 449 -190 -805 -130 296 428 -455 37 -426 -426 -376 685 -78 669 -652 -807 663 -395 454 352 -660 -204 -463 -580
-252 -304 775 204 -1039 310 -483 324 1191 17 1288 -703 547 548 -1014 -171 -1062 -407 -1016 245 1059 -153 -738 -616 -1274
-1028 -158 275 -25 -285 -290 -994 -8 200 355 -895 321 32 -283 -859 -242 -560 561 135 302 -520 1124 -984 462 -81
-411 -635 -1409 -576 597 96 -1173 557 -139 259 -850 -404 -271 259 -521 72 193 1029 -32 -258 195 -143 609 -423 -152
-819 -88 185 381 -203 -193 -443 -98 -285 -237 -792 450 -567 686 476 450 -381 646 -712 -191 550 14 -782 243 -330
-560 -124 -134 720 -208 134 550 -155 -91 -301 -262 523 571 -450 280 103 489 -274 160 366 -626 22 -743 -265 427
-649 244 -289 -345 -819 -708 -11 723 -393 -574 451 -645 -727 -90 -505 -124 -775 -252 -618 5 -252 -287 -586 703 309
486 25 170 684 339 -651 351 -210 -810 -775 -25 -45 -770 192 -574 205 437 419 763 503 -396 29 248 536 198
-114 -73 -596 -700 1021 526 -130 384 454 -1275 -435 -481 597 994 615 -75 -348 752 606 -1091 862 57 660 -38 -1249
-824 -405 367 -667 -740 -527 -842 -239 -607 369 -1439 767 554 -1094 294 -1081 -503 97 173 587 -933 -342 774 -298 1192
316 592 94 21 255 -283 -308 -287 -360 -237 407 -759 468 492 379 -262 695 -342 -350 -270 780 -586 501 644 -751
-449 -335 -301 -1152 -181 -446 358 -648 -1215 -11 181 -162 498 -683 -32 5 376 -696 -130 11 -78 39 -1148 209 -1013
6 55 -568 404 371 -772 338 798 114 482 340 196 10 246 -209 -460 570 470 378 -732 434 196 30 384 -341
171 718 171 747 -232 537 -771 -572 -153 238 -604 264 -276 816 661 632 -196 682 -557 -104 -817 -491 524 675 530
271 424 43 398 149 -525 -398 669 402 -788 -361 -786 791 -599 664 565 214 -790 546 410 226 715 -385 -314 784
438 240 49 459 1037 713 389 -498 653 -399 476 -50 -844 801 573 961 344 -436 -35 -245 -606 -887 -713 399 337
-158 -584 -496 217 267 -322 -28 -681 -571 -738 -399 -592 412 318 -378 22 -644 -3 -112 130 343 -52 -480 -682 838
976 -134 137 -234 -472 -72 -339 -320 144 -605 136 -262 -92 -170 -982 -460 -806 273 141 -190 -216 188 514 -1104 -592
885 1133 321 -919 242 -446 395 -378 -190 -61 724 853 636 19 749 1372 124 103 233 -77 213 519 328 466 -411
672 530 356 497 -54 -499 -243 76 -288 -437 141 -752 -407 67 -508 -535 308 -608 280 503 -518 440 546 -746 792
842 531 -600 458 -825 -696 -110 -982 813 182 -190 463 -236 -579 -301 812 -831 -779 -313 292 363 216 436 -577 738
-171 400 -463 -454 278 -383 291 239 330 73 725 294 228 313 905 659 580 1 354 378 243 648 -344 -428 269
374 -214 -614 86 523 440 -71 -633 -200 -248 -391 42 808 446 355 228 -99 265 -162 92 329 -346 -550 -479 89
539 241 206 525 719 82 -381 -238 -18 774 53 721 365 14 -449 284 22 -543 -680 95 571 -671 558 -27 185
-1256 100 155 -114 305 96 -198 -444 -91 370 346 309 730 205 -20 -139 -476 48 103 -27 452 -51 416 -89 1295
-462 -640 -408 750 -259 284 -246 -736 426 331 682 -253 64 621 -785 -670 21 -142 -682 537 -165 -425 -192 -414 404
-50 379 -397 733 -680 648 -612 236 704 4 -580 841 -405 256 431 -233 -86 78 668 -684 676 -750 302 650 411
506 -458 -639 -1072 -173 -1162 3 -667 702 -619 -199 863 -315 -375 245 -1169 457 68 -1246 -95 709 526 61 686 -38
700 -645 253 -72 969 -425 -282 1128 201 513 213 36 296 -444 258 -1238 -912 17 -161 -403 366 92 886 674 381
547 746 -225 -237 -24 -337 -1146 325 69 286 92 -907 -461 -593 669 548 233 -493 -898 -481 -784 235 -224 601 -678
739 -304 668 673 -484 814 818 -703 -93 -392 -195 654 670 632 -359 341 513 -218 -711 -509 -241 -200 782 -230 405
117 -280 221 -269 -26 -794 540 519 494 620 65 -757 -98 -184 -446 -359 574 -623 669 -604 771 -374 122 -459 828
-637 592 193 749 -625 154 265 525 354 816 219 -59 344 -579 704 -30 -592 656 -136 -17 -144 554 689 -340 295
-382 -753 -369 516 200 -334 -526 736 229 764 220 -205 -769 486 -109 742 426 118 128 -209 -259 -203 -681 -633 -41
-741 -432 -479 781 249 -428 231 147 -316 -689 571 776 200 -457 -630 -393 -234 -757 403 -141 -97 810 -566 -444 800
436 -645 282 865 53 146 624 862 1 1476 53 244 405 198 200 -1199 -106 634 -350 315 -112 434 238 419 -78
249 496 -651 -123 327 402 -312 -240 265 611 -552 11 -305 -435 824 38 347 526 150 -524 186 822 -489 698 192
-1233 397 690 -562 -51 79 -40 9 -549 731 -696 -565 -163 1114 -147 -623 444 380 76 276 -984 442 -803 752 325
691 692 -12 -1156 -193 -326 327 -763 -944 -168 276 505 201 455 -442 -300 -273 315 258 316 -509 170 443 421 -198
271 241 -641 -220 479 377 -523 -149 -810 334 -513 230 -476 788 462 -727 477 34 554 -152 409 804 -99 -514 -31
55 736 1155 734 -344 1091 682 343 -20 125 948 619 -226 -16 182 -442 415 377 1157 153 -349 -132 -122 700 -205
-164 1066 222 -126 -480 287 -356 -490 -485 -38 1317 264 -435 -593 350 453 174 1022 -361 -174 555 594 207 -49 155
-37 983 227 -501 -865 203 69 604 473 -605 -93 -478 802 -1342 619 -1069 329 -380 627 628 -232 -342 1196 -145 151
-901 -9 185 -160 620 -660 -321 332 -678 671 -625 -741 786 140 187 1049 -82 591 -189 -727 -1018 -322 -75 472 -14
579 807 67 -101 312 633 -151 -268 -338 162 -84 791 698 -300 628 -246 115 -517 443 279 -49 29 -319 -304 -249
915 240 1339 227 -921 275 -1151 -281 -141 234 690 -901 641 988 1000 -745 837 -173 969 532 752 316 -627 -560 17
-419 -174 -336 -196 -96 -467 527 -538 287 -766 -804 -447 -101 611 389 140 683 -420 -606 -625 461 -229 -737 -316 -547
-74 393 -317 217 -324 -360 -454 -409 511 -462 -209 -119 752 -274 -103 372 37 -256 -302 -179 225 -419 472 -505 -772
408 513 -662 -444 716 -682 -468 -587 506 289 -777 -407 -534 55 45 442 428 171 -701 481 -299 718 720 778 -493
-99 207 -451 -198 -131 195 54 -605 174 387 744 574 565 -273 -311 340 793 -251 807 -676 -113 -123 -195 89 -199
-542 -232 -314 -490 -837 -799 172 -404 420 502 570 -489 496 -360 184 -396 172 -216 -548 800 45 643 331 -285 -433
-655 -13 101 241 682 -241 930 133 439 -28 595 -55 -425 1236 367 1217 -181 380 1137 -56 679 115 597 -244 496
760 785 -645 -55 812 -565 146 741 -160 511 -216 -254 -302 302 781 -426 -115 -220 8 -525 796 -457 -638 49 -751
-364 94 -67 211 -168 498 553 48 519 -156 106 391 536 193 549 -804 -94 817 116 -321 194 540 -558 251 119
577 772 -187 -78 -249 677 89 -80 590 -304 178 10 -343 -783 -49 -800 323 749 239 -606 -32 -776 52 585 201
730 -267 289 4 352 341 65 -492 738 -187 -375 -370 -606 686 121 756 567 651 -407 523 318 -620 227 455 316
-111 94 -186 389 659 551 -531 253 -800 846 -1266 299 -372 -964 -396 -753 -280 -555 -182 -441 -119 606 491 162 735
135 555 -830 -193 -321 -809 -716 483 590 -561 -438 -6 -284 510 -276 133 694 -360 -664 -767 120 -246 703 564 242
-409 811 591 243 -252 -311 243 -746 -318 795 -447 -612 -563 604 -406 -645 704 -645 -377 -409 258 603 715 418 426
7445 4462 3828 2673 5324 3200 3034 1675 1316 1595 6240 4225 1377 1074 89 -7130 596 352 2822 1890 -6234 -2637 1361 -213 -837
337 465 -284 251 -680 -597 379 -1318 135 -997 -535 -272 -704 -398 -820 -743 788 -846 84 6 -438 -567 -992 -632 -929
1717 -486 -4001 -1214 -2064 1509 629 4700 -230 -1204 7405 1907 2017 -503 -2820 7756 482 1513 225 -1810 -540 2493 2283 -2644 449
2135 -3235 -568 -5129 -7896 822 -458 -361 -757 -1358 6898 3734 207 2006 2723 2733 1732 -3267 -2160 1774 3601 5332 1340 -1596 302
106 -785 -102 -602 57 -1428 -234 -361 -994 -997 -597 -339 26 255 -163 -633 -137 -1295 -428 -368 -105 184 -34 -497 -405
861 -1538 -109 -3328 -3799 2452 -1803 -54 -1890 1837 1166 -3798 -1791 773 4013 523 442 2227 1495 965 374 1371 -1922 -1087 -3686
-373 -950 -162 -437 -829 -202 45 390 -52 -908 650 760 -1632 -681 -359 152 10 -1326 -297 417 -658 -1856 -1349 -584 321
-506 -393 -678 358 286 600 658 -678 -1124 -806 -884 243 437 282 -53 -618 -356 -405 106 202 -789 420 -504 -541 722
-2690 7595 1026 -2687 -6730 -5294 -133 -3796 -6248 -4044 917 -3625 -1075 -3374 -5155 -2701 1 1733 980 -3568 2797 4499 1489 3387 -685
-331 -152 -826 -1117 -799 172 -213 -526 -85 74 -536 231 -1331 -60 -290 701 -752 -817 -90 -978 306 610 6 -516 -97
-208 -685 -66 -144 124 361 -1180 -424 -661 -601 -828 -431 -620 -579 -836 788 342 -38 233 -1116 499 -929 -530 -1373 90
2162 -9864 -4249 -2559 884 -4347 1004 -3386 -72 -6683 -259 2403 -157 -6883 -11036 292 3972 -657 -1973 -1951 5233 510 -1933 3309 439
76 11 143 -715 -764 14 -655 -1227 -893 -549 265 -495 -627 -714 -108 -637 -721 -855 -808 -1044 -18 -516 -342 -364 88
-748 -561 204 243 -788 -153 -860 409 -746 -394 -500 -403 -769 -871 -218 -310 358 -149 13 -742 -603 -166 -874 -34 -277
130 277 -3050 635 -3985 -2559 -169 -2195 -1999 -1323 -3888 2010 762 1812 687 -4012 -1351 -3139 2755 -4586 -2038 -3430 -3185 3154 -1012
1022 -2248 6368 3600 1302 -227 -1765 4358 2430 -1506 -13765 -2242 500 -3133 -6438 -3666 2496 1400 -389 -981 814 7460 4031 2903 944
-2591 -5028 -4356 -2509 451 -1113 -1936 -5685 -4207 2323 -2784 1940 -1083 -517 833 5328 5976 902 414 -38 5125 2040 -2000 84 -337
-979 287 611 493 -943 476 -620 -218 -327 -1762 379 -620 -1146 -1331 -407 -1713 -1061 -862 -145 55 -392 172 -896 -1355 -379
-16370 -9299 -2620 -2298 -2875 -11277 -4751 -1858 686 -3545 -10505 -765 2251 1574 2755 -5308 963 4466 791 -3121 2784 -252 -1528 -1117 -5577
-1104 37 -1360 90 -24 -732 -667 -1015 -727 244 -378 -8 350 41 331 113 -147 -252 -391 -765 -598 -634 -558 -446 -1309
-3118 1407 -2235 -483 -1129 4666 691 -952 -5273 -7368 1884 841 -5391 -11244 -9574 4478 3999 -737 -5435 -973 3526 1445 1054 -1148 1445
202 -203 -701 -916 -661 -762 -1219 284 -204 793 -97 -358 727 -841 -148 348 -935 -325 192 -1097 1030 -786 -540 -708 -552
-4217 -1369 -4815 -2857 -172 -274 -386 -3614 2004 1007 511 -2565 4532 4722 851 2181 -3418 884 1119 -3035 5823 -1564 930 -1379 -1411
557 -22 -1402 52 -1 694 -657 -210 -949 -35 744 -1161 -264 -12 223 -1533 -222 -914 -72 522 -73 508 -550 473 -334
-62 -474 -1111 -219 -299 -53 -209 -637 421 160 -101 -1032 -185 -767 357 -306 -157 -133 -1308 -769 -1477 -1320 -687 -548 -203
-717 -808 79 246 -801 0 -1118 -36 -633 -750 -358 -1043 612 -410 -1217 -580 -827 -1388 -263 67 -34 27 -1431 -193 -466
560 -108 517 -861 126 -945 -447 -359 -573 59 -237 -478 533 380 469 194 -844 349 -21 -861 -386 -183 -8 -669 351
-16069 -4238 -1603 543 -1498 2795 -3779 -784 -3022 505 12541 -3312 -680 -3999 -6578 258 666 4295 4065 2902 29 1639 4176 2846 -1678
-15991 -7646 -3581 -2046 -1768 -3331 1211 3203 1102 -4745 -6443 1818 1574 1331 -2470 -4196 2694 1965 1171 3874 -5922 -2185 -2886 -1522 3614
-936 5221 4683 2436 -224 -470 -5088 -852 -1744 -2389 -4476 -5980 2452 -1805 -3603 3289 2034 991 -972 -491 -272 1014 2748 1132 2562
-956 -96 -318 259 -88 96 -1351 -1364 -1314 -1298 -5 -764 -396 15 -1338 -573 -114 -810 -1100 329 -205 -307 -530 -178 -790
-657 -498 -562 564 -160 -109 230 352 476 424 -573 -852 -95 -710 450 -170 773 -59 -79 -67 -399 -334 592 -147 -187
8142 -3150 -20364 4604 -1958 -5388 -14275 1000 2097 -1644 -5600 -1514 -480 -1715 355 -800 2636 3835 892 -463 579 885 750 3025 1376
-682 483 542 -889 283 -729 -1171 -144 146 -862 -1732 -777 -152 -119 -680 -1245 -1313 -841 -599 47 -412 249 252 -172 -1080
-5196 1674 6867 2776 -2650 -10171 -483 2786 -1116 -965 -3591 -93 3800 -807 -3218 5303 2530 -1817 -2686 2484 623 1475 1297 2093 -1554
1326 -142 833 2190 2001 436 -5746 -3595 -1941 234 -4223 -3142 -4271 -5133 509 2812 134 -6744 -1880 2583 3364 -1652 -1747 -2007 1110
497 -385 -122 -238 -443 124 -499 -178 -1036 -251 -191 -1318 -216 -221 -476 -225 437 -464 -165 -695 664 239 -802 -867 -522
807 112 185 153 -1135 10 -784 -327 -563 -1089 -667 232 -7 73 -205 -240 -825 -194 229 -999 -422 -190 -1069 -498 -706
248 -691 -32 -34 -287 137 -1359 -1601 -1402 -237 340 -1157 -1059 -966 -465 -169 39 161 -489 19 -1004 -299 137 -263 130
1232 -517 -2246 -1582 2497 -3023 -3976 100 2535 3880 1737 4515 5706 1054 2711 1136 420 4521 -3034 -39 2933 1850 -1678 -2084 4792
2856 6330 393 1138 -5426 6194 3884 7564 2642 3366 465 1477 1612 2493 -3290 -2123 193 2660 -4246 -4057 -5121 327 1381 2259 1610
-248 -119 -679 232 256 144 -172 -1246 -839 -831 -659 -966 -2 -346 -1018 651 214 -808 -1136 -783 718 -734 -283 -132 -675
-6717 -2872 2618 4250 4674 -1412 -9590 -1770 -426 124 -7028 -4064 1147 1603 1579 -6982 4199 3512 1281 -5852 -970 -1352 -2215 -3320 -1999
1135 3138 2880 1636 -5981 2013 -2443 3844 6575 1275 -6447 -4494 2843 2821 1906 404 73 4584 -1656 -697 2998 4754 415 -7711 -7413
402 460 -753 410 -725 263 -615 -198 583 -15 -680 -916 248 -351 -582 -168 -1133 -384 -1318 168 356 -189 -901 -701 -823
-7389 -5411 1094 894 170 -2825 -3730 -1647 -2731 -2330 1483 1165 1777 -2372 -1830 -9078 -3179 112 4304 2724 -13655 -1350 8512 4577 3087
-14559 -2843 -889 -13 157 1154 -1259 -1108 -665 -1823 1732 1231 3315 2019 -2284 5775 4738 3663 4309 1481 2665 -1887 -2115 612 4655
695 3096 3165 -2288 1294 -775 -1027 2012 -3953 -629 -4075 -5935 -4609 -1869 1752 -14146 -12116 -624 632 -1405 -13951 -19338 -7317 13 1992
-2369 -1340 -2199 3272 4600 -2605 -3094 -1690 -2241 1717 -56 109 -3663 -1786 3857 -933 -4661 -612 1304 -1025 1300 -4550 -593 -1369 -1838
-1743 5485 3734 4066 -2223 -9946 -715 621 1649 -1311 -1339 1328 2003 -272 -2015 2893 378 2778 -30 -1608 1573 1162 -5445 -1928 -3302
-996 -215 -2056 5119 2639 -8213 2650 -2151 145 2082 -4598 2251 2274 3958 -552 6710 2541 -547 -234 464 988 486 -2979 1209 4688
793 566 -723 -935 -179 246 -424 -1150 331 -460 -234 -39 -750 -891 -6 -291 155 -374 230 -1116 -283 -786 -1125 52 -1133
-5881 4825 851 234 4699 7562 1370 -4395 -2523 3690 5823 1127 -5373 -409 5981 4943 -3167 -5817 2000 -402 5023 1211 -4788 -3473 167
484 -444 444 542 -209 81 -892 538 159 -803 -57 -443 325 -234 -1002 -984 -894 -769 -144 -97 -1274 -37 -663 -487 -67
-1461 2911 -3592 1699 823 -6054 -2253 1679 -315 -2947 1761 1600 1514 2019 1924 -158 5377 -989 562 1722 -5723 1128 4104 1584 -1690
-497 0 10707 1006 -446 -3615 -1310 -2205 -172 -1347 -10125 -6097 -3296 567 4581 -7249 618 -1634 -957 1786 -2885 2438 -2034 -1236 -553
-832 -815 -869 -241 -128 -814 -581 101 67 -868 -626 30 -840 -364 489 260 -603 -600 501 -481 129 -203 -289 -165 -547
-900 -3327 4340 1664 399 -1653 4194 328 -433 -5833 -8517 -3285 1405 -1797 -2630 -2868 417 1017 1376 -88 2756 1433 247 433 -761
1705 -1351 3960 2887 1551 8373 3770 929 317 4333 5053 7958 2466 1310 1029 5668 -2726 -4403 -408 2487 199 -5611 -2555 -5117 -3000
-814 -571 -489 -395 519 728 -246 479 -670 -797 -502 -824 517 326 -89 228 -506 -458 322 -712 -319 -939 239 -578 -541
-1308 -1530 -2759 223 6346 -4688 -6280 -7841 -1294 3603 -4423 -6334 -7737 -223 9280 -6701 862 -3935 -665 2774 -2404 83 -3993 -92 -772
-517 338 -462 -960 -811 -93 -833 -8 -218 -73 290 -397 -569 -790 -995 334 -438 -807 -452 383 -997 423 -755 -301 209
-3800 -4550 -3878 486 3372 -32 2911 683 3061 2333 -2905 -2729 -4725 -2960 1332 4054 -5727 -6585 -3407 -5505 -479 136 -3049 -1663 2351
1215 6627 4437 1637 -551 1440 4885 -3845 1025 455 1168 1214 -3850 -2423 -3716 3113 -975 -4132 -1221 -4593 9151 108 28 -1285 -2665
-14205 -1653 222 2660 -382 -4925 -1704 -451 2584 3247 -1690 -227 -3980 166 -4624 2885 -2337 -10301 -6795 -6335 4385 1186 2520 5252 2924
-529 -498 -764 -639 65 -614 341 293 251 -265 280 594 -84 -723 -63 -977 96 139 -89 -329 474 -563 -877 -628 -935
-430 231 -71 302 -376 24 -814 -738 -809 -380 -271 -501 -1120 310 -839 -562 -875 -793 -724 14 -804 -21 122 -1295 -833
552 -468 158 -582 -725 262 -830 303 191 -495 -941 -234 -184 525 339 -786 -943 -902 534 286 -36 -939 -1 -237 79
-549 -162 -606 106 248 15 -643 -622 -722 -234 -82 -602 -915 708 225 382 212 93 -114 326 320 -210 -95 185 -358
-10730 -1802 1879 3033 7119 -1875 -1730 -2368 570 1653 1024 -8439 -5000 -1721 18 -9330 -4724 932 -1871 1154 -2418 -772 840 1183 -467
2496 96 1919 -690 -2743 5198 6599 5898 3955 1638 4613 7394 -183 2519 2842 -3143 195 -4086 361 1661 -10023 -2985 -1727 1851 -3034
153 631 -302 -536 -1131 -103 -494 -254 292 -817 -1258 164 -180 -70 239 -290 -632 -570 -815 -864 -899 247 26 -1041 226
2848 5111 1503 -594 -3060 7414 -3418 -1291 -977 -450 -4629 4289 1879 475 3517 1561 5923 1995 2515 2054 -1915 6175 2728 2636 1062
-882 638 373 -94 -832 -816 218 -217 -509 -323 -7 -679 -833 -368 -439 168 238 -121 104 -427 -567 -746 -404 -1317 -391
-371 -932 616 -234 -64 151 628 -410 -16 535 -796 -71 -713 -702 471 -385 -81 -19 340 531 224 -157 -453 4 -382
376 -791 -209 -459 -383 -822 -802 104 -280 -140 136 -116 411 30 -682 47 -235 278 649 -808 -1134 -167 -786 -76 -628
152 4187 2829 2390 4141 211 -972 -2614 -517 317 -4254 -2417 1056 2879 4496 -3037 -33 1595 1738 4268 -746 -5616 -5296 -2557 -1408
-177 -862 -1124 -217 -884 -514 -116 -1103 -752 -9 -1088 -1083 199 -664 595 -183 -1104 235 -923 -371 -1184 -1016 -1199 71 78
-8521 1034 3634 3390 -2814 -7712 1153 1304 117 -3413 -3620 -2090 -1171 -1314 -4855 2380 -3275 -1085 4169 4750 2921 -348 3261 6259 5632
4206 -348 7663 522 428 1596 -976 857 -135 5202 -1761 -877 1530 -3413 -921 410 6044 -36 589 -1062 6842 3379 -80 3164 1764
-221 -458 45 -732 -854 266 -106 -165 -116 -56 115 -788 -66 -942 -1375 358 -528 664 -563 -333 -274 340 -228 -175 -484
8298 -623 -2009 -2141 -837 -2615 1658 1416 1270 -283 -85 -92 7395 6023 1661 -2923 -2392 2328 3651 -1434 -793 6137 5640 1410 293
2745 -95 2303 -1022 178 4294 -6585 -1115 2171 289 -2976 -1602 4173 1793 518 301 3324 -55 1060 -1429 3232 2203 3857 1707 -172
-593 -1279 -119 840 14 -388 -424 515 -694 -384 -1002 -1339 217 -733 -1238 -936 -782 37 -464 237 -673 -1034 -469 -2202 -675
-1012 106 -791 342 -391 572 -418 841 -1211 -921 -467 89 -551 -1176 -1474 -991 -927 742 -895 743 -694 -1384 255 -733 -2049
-262 -113 1381 -2230 -756 6158 1420 -1365 1178 4037 531 -5114 -3617 3439 2197 1731 -5115 -5044 -578 1408 7483 1363 -2505 -3353 4554
299 380 -352 -1096 -877 910 -620 -426 85 -1223 445 -975 -1104 -213 -159 35 187 -138 -1291 -224 -142 232 -343 213 -500
-949 -715 -189 6 255 -762 -191 287 -909 -611 -1031 140 -407 -556 359 605 -463 91 -808 -291 -472 -278 -896 95 -726
3115 5687 -1331 332 248 -1873 60 2733 -8510 -5642 -6735 -2337 2586 -1740 -7723 -3548 39 1247 -3438 -1039 1036 -403 -1198 1518 5082
-5130 4658 -4114 -216 3480 6670 -1939 -77 6578 6160 8230 -3218 -4062 -2109 5293 -570 -4786 -3911 2830 1062 421 -4331 738 1935 1681
16880 3303 1584 4173 5017 9197 6442 3962 -1059 1655 153 422 -3193 1047 269 516 -5894 -2316 275 634 8950 -541 -1339 634 -1947
-598 500 -771 -25 96 155 45 -789 -559 158 -208 -532 -561 -88 -204 30 63 -1335 -137 -841 -77 -333 330 -1428 -467
-559 1469 474 -547 -686 -782 -456 -495 -990 175 0 -1251 564 -200 -293 -684 -796 -1275 -494 -605 -1564 -1298 486 -942 116
470 -674 280 -1222 -419 646 332 -820 -444 -48 -379 -183 -419 -139 -930 215 -598 -28 -945 -831 448 328 -986 303 -137
-401 409 -23 -144 -601 -461 -495 241 -1539 222 475 -82 -99 -74 -1236 -370 -416 -129 -65 790 185 646 -106 -933 -4
422 -673 -63 -781 454 -134 -257 -888 495 -724 -545 -98 411 -241 -887 -306 -748 -588 -814 -467 -794 -275 282 -185 -152
538 -1592 -3862 -3369 -8513 385 929 2361 1064 982 1577 -1646 2894 7935 3360 -2011 -1368 880 3117 3742 -5861 -6430 -2939 -1532 1647
2143 2703 1331 2308 -862 584 1527 -2006 -247 1771 -8212 4185 243 6128 1136 539 645 -738 -1225 -5179 1034 63 -2688 339 -4154
-64 2869 1031 819 3809 785 1047 417 -1871 1717 3202 182 4104 1285 3567 1065 -2976 617 1122 2095 2432 2885 2580 -335 2874
787 4475 6534 5358 -2201 -343 1973 4657 3409 2803 579 640 -1646 1008 -3812 -454 37 -239 -2057 -2130 -3047 -2371 -1962 932 -3117
624 -441 156 17 450 59 -474 -882 -596 -124 166 -805 165 262 291 242 -704 -948 268 113 521 571 -1045 -639 -182
2937 47 -1650 -4740 -3414 5633 2076 1724 -2441 -4629 1384 259 1724 -1832 4361 4949 -25 72 -754 -784 3137 191 -2986 -2734 -3649
1704 2468 2151 -1710 -2281 7066 764 2115 2179 2161 2761 4770 4342 5584 4938 2501 3426 -999 116 -372 921 4164 -3073 -6818 -4000
-2268 -1424 5850 -1027 4644 4277 1541 1153 2593 -2039 6450 -1776 1006 2380 -4161 -324 90 1178 249 402 -4211 -5972 -1378 3275 4527
10104 -4650 6333 7192 3741 4241 2174 3534 962 1162 10714 6287 2114 -4527 -1351 6676 1392 -675 -2125 2615 -1666 -2082 -3400 -9338 -4659
-174 44 421 -645 365 -41 52 -128 -649 -513 -326 -376 -436 303 -426 316 595 -403 368 221 428 489 -643 122 662
-1849 784 -2447 -4270 -6866 -1359 175 -2677 -1956 -7802 -3730 -4471 -2457 -3868 -4218 -2650 -397 658 1311 1530 3551 803 2009 803 1229
-1329 94 -402 -678 -619 -64 -599 -840 209 322 -34 -899 -1108 298 -13 -15 -117 -83 -618 467 -423 -612 -261 -344 -1028
-258 -182 -875 -1767 -644 733 -773 -1318 -135 -1584 -769 -796 -670 -419 -1100 -505 -943 164 -137 -609 482 -1454 -431 311 68
44 628 552 -412 25 444 410 -9 505 506 -471 428 -102 306 243 -15 -902 -287 -786 490 377 47 559 -801 -30
159 192 -650 107 138 -1335 -800 -524 125 -162 210 -921 -191 -270 518 -425 96 -438 -134 496 -192 21 -370 -463 -766
1992 1545 4610 -2201 -1880 3494 990 1979 -1888 -109 -843 -58 1061 1485 4391 -3580 1397 3011 -2564 4442 -3003 2128 3640 -1999 -1760
8944 2610 -5163 280 3344 5216 -835 -64 -5873 426 6931 -1211 2340 -1007 -4604 8438 3811 -211 -1044 3606 6299 5734 2143 2622 2917
-232 304 738 -283 -15 -818 613 310 40 723 492 -675 -197 266 -637 -423 -740 -475 41 -445 30 504 -318 87 -766
478 -817 -33 -608 -828 662 -143 -875 -866 472 -612 -779 -475 -211 -517 508 -102 -1041 -956 -789 -57 530 -236 -682 264
-525 294 -81 -361 -475 100 -427 191 -111 -97 296 288 18 614 -100 154 539 -483 472 -163 -751 -271 611 -929 719
-246 -1104 -109 -280 288 -837 -176 -495 379 -149 -415 150 -880 -20 -434 222 -1025 168 419 389 121 -105 -6 -334 -742
7592 1817 845 -4008 -5518 9871 6533 2296 -4761 -6226 4214 2048 319 -2757 -9220 -14023 -6053 992 -1145 -2289 -6702 -1823 -152 -1001 973
-2563 -7102 763 -3799 -4233 -3352 -4981 -7173 -5867 -1893 -8216 5918 -1325 -6860 3231 -1900 -3608 -4126 -113 4528 -433 -507 1093 -1283 3073
380 -634 -596 -440 -236 -757 -355 -812 -851 -846 260 448 -158 475 -508 -376 427 438 -941 185 -231 -263 -978 -387 570
965
0
1183
0
0
0
0
0
0
0
0
0
0
0
0
323
1228
0
1283
0
0
0
1628
0
0
0
0
646
0
157
0
0
1340
0
92
0
0
0
0
268
1173
0
489
1320
0
0
0
0
320
0
0
0
45
0
1574
0
0
1300
0
0
0
0
0
0
0
0
0
0
0
634
0
0
1496
0
0
0
0
0
0
0
0
1026
1785
0
0
974
0
0
0
181
125
0
0
0
0
0
0
1217
1754
0
0
0
0
1007
0
0
0
0
0
0
0
0
538
0
0
0
0
0
0
0
