000000000fff1b686e000000000
000000000fff7ea357000000000
000000000ffceeccc0000000000
000000000fffded25e000000000
000000000ffe092ccc000000000
000000000ff976371d000000000
000000000002c312cd000000000
000000000ffffd73bc000000000
000000000ffdc53652000000000
000000000ffb9d6c46000000000
000000000ffcb0fc38000000000
00000000000187fda6000000000
0000000000007d352f000000000
000000000000417864000000000
000000000fffb17534000000000
000000000fffc48304000000000
000000000fff1b686e000000000
000000000fff7ea357000000000
000000000ffceeccc0000000000
000000000fffded25e000000000
000000000ffe092ccc000000000
000000000ff976371d000000000
000000000002c312cd000000000
000000000ffffd73bc000000000
000000000ffdc53652000000000
000000000ffb9d6c46000000000
000000000ffcb0fc38000000000
00000000000187fda6000000000
0000000000007d352f000000000
000000000000417864000000000
000000000fffb17534000000000
000000000fffc48304000000000
000000000fff1b686e000000000
000000000fff7ea357000000000
000000000ffceeccc0000000000
000000000fffded25e000000000
000000000ffe092ccc000000000
000000000ff976371d000000000
000000000002c312cd000000000
000000000ffffd73bc000000000
000000000ffdc53652000000000
000000000ffb9d6c46000000000
000000000ffcb0fc38000000000
00000000000187fda6000000000
0000000000007d352f000000000
000000000000417864000000000
000000000fffb17534000000000
000000000fffc48304000000000
000000000fff1d8ace0001ec9e4
000000000fff7c73030000feb50
000000000ffcee94f0000209f70
000000000fffd7ecee00008afb4
000000000ffe1bf9e400022eb1c
000000000ff9844f19fffe33ae8
000000000002c03819fffba970c
000000000ffff4e9800001e5ca0
000000000ffdd6471e0004d3838
000000000ffbb1330e000017124
000000000ffcae3a7c0003dd4c0
0000000000018709d600033e61c
0000000000006f623bfffdd7f34
0000000000004ac0d40002bb564
000000000fffb0e3cc0000b3964
000000000fffbd20000001dfe20
ffff8e3bafff38cdda0002ea822
fffdd5de8fff6c7ccd0000b1a38
000451f0affcfe6bc4000422420
ffef69782fff8373410001e746a
0008958ffffecb0c3a0003337b6
000230b59ffa2dd74efffab2b44
fff85111500293e384fff96a36a
000978b5afffa152270001c9c84
0000a2864ffe682ac50008f83f0
0002b6362ffc7ac60dffffc308a
fffc8d567ffca52f7d00069edc8
0008eb14c0017c760e0005d19be
fffed4e0bfffe2abe0fffba3f9a
ffffa5736000820d2d0004f71ae
00017c627fffae97830000ca19e
ffec4cb67fff746a910002328b0
fffbab6d0fff9ed8aa000260978
fff8ea658fff845b5e0001e517c
0010c78e8ffdc6bf030007f73fc
ffd42ddddffea4ed4d00024dd0c
002173962fff6653bfffffd6d64
00050ce40ffc019826fff5f9ffc
ffe65719e001a62653fff0bdffe
00121ff79fff4fd28a00024967e
0001679a7ffe55d531000bf1d2a
000fa1333ffdc4f1370000537c8
ffeb83a50ffd5a975b000c547e0
0022ace6900146d824000925590
fff2c971afff1c7242fff21d4a4
ffffe95eefff658a4a000c48516
000348447fffc410c40000f7602
ffba95e43fff3530ed0004189bc
fffce599efffd396a00004de187
ffeec6ed6fffbb916300028c572
00159f9deffeb55899000b4d2a0
ffe6c694cfff6e898c0003cd5c1
004de4dc800134a00c0002a2a41
0003ecf7dffe3bb984fff1d31bc
ffccdfa11001027241ffeb4d8d7
000b1d5cbfffc8607e0003e99b6
ffea41c5cffe8751900013585a2
002239f40ffe6bbb1d000027041
ffc6c95ceffdf87c250011c67ba
003c9fdfa000805452000df052d
ffdbc6b64ffec1bba1ffeeb2831
001daac55ffedf7c550010489db
fff71ad55fffcebb0f0001a9c81
ff8f86d65fff0e118a0005ff5a2
ffef2ba77fffeca93a001509e03
ffe3a92e4fffcf4da300070e20a
00145dd2efff72a664001e9a0ae
001ca4fd8ffff542b800088bed1
00716e898001154c94000dcc3c7
000160092fff2c7afaffe38061c
ffad31adc000744b6fffcdc0222
ffd4602ff000130f85000e5e6e5
ffd09a34efff3b13670030ef5a5
00366d7f7fff4409b9000660c5f
ffa0524b5fff2aa3850028060d4
003e6533400021382b002063901
ffca11de2fff2e61d8ffdc8190d
0037cbac7fff3834d50027b842c
ffefee3fffffcb01ba00032e9b2
ffa6649cefff6b88f30011133a6
ffcc6a73afff9634900007fd62e
ffe298eb3fffb0f16cfffee61c5
00204ace3fffc915d4002137b38
0045052a8fffc9dee40005b8eb3
005d79cdb0006e78acfff91aa30
ffeca5cc0fff89b87cffd237b81
ff8437152000532dc0ffde31d04
ffbcfcdeafffdb057c00026ef68
ffc4f87fbfff2d877c0034dae1f
004031adbfff625afc0001c8fab
ff942f83cfff102cac0026e560d
003541c0f0004f2714001b7a338
ffb3403f6fff8ee924ffd8a1f57
003cd8706fff966d4c0025f07b9
fff0bf393fffea4ff0fffe48c96
ffdeb1cf7fffe37d540007d3297
ffc1390f1ffeb52f28fff33373c
ffe9c40590001018160003f83d2
002560279fff93828f001c21d18
0041369abfff93f3d6fff8503ce
003e0d81b0004f83b1ffcdb74b0
ffe67a0b0ffe04f8efffd771312
ff91a26b5000e666faffc54ab18
ffbbfe68dffff6a941fff5b9fd0
ffd727946ffeee65bb000aa71b6
002cec7b7ffd54dd18000706eae
ffae1858dffda2adbf002512f4a
0029b170d000baf1dd00057e6a0
ffb2f1fa6fffbff629ffb91f5f6
002b471190007340c800322fe9a
fff72c436fffe55f8dfffbc9ebc
000c0d6fefff975887000435af6
ffd418fceffe7976a1fffc0ef20
fff35c74efffd1464f0000ea084
001799097ffec08c420004bcf30
002f63756fffebb76f00000aca4
001d8a97ffffcb9f16fff5faf28
ffe9492e5ffa82bef1fff90de04
ffbfc98a7001e0aaccfff4f4440
ffde5336e000167ddffffe25fb8
ffead3bf0ffe84bafcfffee5994
001324e20ffbc19b0f0000fd614
ffd0e01b6ffd0713d20005cdad4
0016de4310013cf1d60001ed5d8
ffc824ece0007d3aa8ffeff4b74
0015294640007c6729000aba404
fff63c205fff7a2ce1ffff4e268
001562369fffb91d9d00010590c
000000000fff1b686e000000000
000000000fff7ea357000000000
000000000ffceeccc0000000000
000000000fffded25e000000000
000000000ffe092ccc000000000
000000000ff976371d000000000
000000000002c312cd000000000
000000000ffffd73bc000000000
000000000ffdc53652000000000
000000000ffb9d6c46000000000
000000000ffcb0fc38000000000
00000000000187fda6000000000
0000000000007d352f000000000
000000000000417864000000000
000000000fffb17534000000000
000000000fffc48304000000000
000000000fff1b686e000000000
000000000fff7ea357000000000
000000000ffceeccc0000000000
000000000fffded25e000000000
000000000ffe092ccc000000000
000000000ff976371d000000000
000000000002c312cd000000000
000000000ffffd73bc000000000
000000000ffdc53652000000000
000000000ffb9d6c46000000000
000000000ffcb0fc38000000000
00000000000187fda6000000000
0000000000007d352f000000000
000000000000417864000000000
000000000fffb17534000000000
000000000fffc48304000000000
000000000fff1c1f86000000000
000000000fff7de792000000000
000000000ffceeba0c000000000
000000000fffdc82c2000000000
000000000ffe0f79b2000000000
000000000ff97af02c000000000
000000000002c21df0000000000
000000000ffffa971d000000000
000000000ffdcaee55000000000
000000000ffba40cd8000000000
000000000ffcb00fb9000000000
00000000000187abf2000000000
000000000000789342000000000
0000000000004494c0000000000
000000000fffb1447a000000000
000000000fffc20953000000000
ffffd7ce0fff3ce21f00064364e
ffff3c380fff68663d000084654
000186be0ffcfa02bd000551bf0
fffa23a60fff8c32970001000f2
0003086d0ffec1fb540003de876
0000c61b0ffa108f19fffea2a44
fffd490f00028dbe20fffb10fae
000358ae0fffa5bfa60002c6918
0000396c0ffe68d9120005a2774
0000f5460ffc7ba7630003bd922
fffec8250ffcacf0ab00024f0c4
000326a400017750c6000258b7a
ffff96510fffeeef8ffffe6b7fe
ffffe00200007fe1b60004d9cb2
000086650fffac77e0ffff7294e
fff90a250fff8070e500024d450
0002f542cfffb1fde60008e156a
fff59847dfff84b849ffff5df62
000d58aeaffdb63d40000c708d0
ffc8fef2affeadd80dfffeb1270
0025d2e54fff4d274f0001ac53c
0006b97deffc07ff8cfff6a1d8c
ffdc1919b001a225fcfffb71756
00264d71cfff5621420004962a6
fffa1c92cffe5f81ca00138c5fe
000d07f96ffddb0d8a00053b968
ffee5cc09ffd72dab60007fc4c2
0023433780013d76b000052d122
fffd42b01fff1fd7b4fffd3465e
0009adbcafff6840b60008df4ee
00020c6a5fffc86943fffdf57b4
ffb009bf0fff39165c00037d16c
00017e3df0001b50df001315207
ffeb12a7ffffee2e9a0004414d0
00115c4e2ffeb647f9001e6b69c
ffeb494ca00016c11cfffb43afd
004e85e660004c076cffff0dc65
ffff7f8e9ffe2016b4ffe60230e
ffb5d0c4c0012078ecffda86a99
00077b5c600050616c000a78336
ffe140b92ffe32f553002e2b096
002dc4ea7ffe0b4a43000b208a1
ffc17b110ffebfe6cf002144cc8
003cdf66a00054473b000fe8211
ffe998c91fff84b9c7ffe893f3d
00295fb6affe91239d001f28221
fff8eed47fffdb740bfffea5ac7
ff89d6f83fff5c2256000c3223c
ffe975ccafffe9b2b90017947cb
ffdfa2626fffb7eab3000017d87
001939651fff3c5219002af1142
0036def0c00175a101fffdc8a40
0061e043bffe84dc32fffbedcf6
fffc9c903ffd1c9a5dffd62e2a0
ff928fbdc000b9386cffd8b8355
ffd5f701700112fffd0007fa2f1
ffb55b81bffe03bb81003dc4ab1
00530751bffdce727b000e55ce0
ff95c0569fffffef5600273e861
002cfa421000017eb80014425e7
ffce4c9d7001699595ffe11eac5
0042acd1dffede65ce0028d2509
ffe68a739fffd3f16afffb2ae76
ffb349f8c000e9f9a6000b0b32a
ffc6e6b2f00042310b003667952
ffdb375ecfff8c1dea00060d963
00355c169ffe602202006520fd2
004aee2f5001728a36fff4e1312
003d7b1c5ffc4bb118ffed4a7a3
ffebfeae9ffad68540ffb9f6aa2
ff602a1730001f066cffa5da6f1
ffbb0e8760010d8217001277ea9
ffab35834ffedb0d49005836990
006c0cea9ffe59c8d9002ee7c9c
ff9ad95b40008d2ddc00498fdf7
001dca48dfffc7e937002679160
ffcb13d010026c64c8ffb588b5f
00406349effff75ea600552586e
ffe7ff3a8ffff5933afff5e616c
fff5ac4c1001ecb46c0018f0f52
ffaeabccf000ae1c76002039a77
ffd78e744fff355596fff8ee4a4
004827639ffd8039f6005881bb5
004c263140009699e6ffe3f91fb
001a16b55ffc3bc3c4ffc89739f
ffd097429ffb426c2aff9a0bb59
ff4017024fffe773bcffd3ecb5e
ffc2a9e3f0004ee43a0005d2301
ffb9c0575ffff8ceca008595ee3
00695c36700019ff720021117c3
ffa99d422000697ce00048d1b4d
001c1f437fffd149080015de755
ffc521a0200160239affcad7d4f
002eb548c000cf931c00449ca68
ffe469ba600016ad64ffecddcd0
00238eff7001972c08000f562f6
ffb02f89bfff5e9576fff48fcf7
ffde3e15cfff8c6d4900068e737
003fe52cfffe02449d0043c1b20
003b70416fff834829ffd05071a
000f07873ffcf94b53ff7a2b5b5
ffcb87d8bffd4dc15bffa40ac7f
ff581b420000f6bf8eff8e54d72
ffd34978dfffd9a8afffe5881d7
ffd3ed857ffed7e9af00463d90a
004778d63ffe662547002127820
ffbdcfb16ffe59776d005c91533
001e26855000d47ec1ffeb0a00b
ffc4582140004b1169ff961865a
001e0f6080010181d50053cf8ad
ffead5bf000047d27cffedcea48
002ee893d0007f24a300037f3f1
ffc8930c2ffe7f7362fff7a63ec
ffed81e0fffffc43d10003599cd
00259a165fff0042ca0011c25a8
0029f905cfffae972cfff257701
00071be64fff604f9bffd7d3eb6
ffd8a2099ffaa39d86ffe7ec5f9
ff9b11c9a001764bb5ffd899a3c
ffe752e73ffffad85ffff802996
ffebc16fefff0eecf70005cda29
002014e12ffc1cd528000737b65
ffd6fccf8ffd509dd200189482d
0015efc95001245bf6fffae570a
ffcfa4c1a000bdb131ffd674e1d
000f3a767000f357b6001d5a1f9
fff3b197efff92f920fffc341b6
00250420ffffe9805d0001b0cb7
000000000fff1b686e000000000
000000000fff7ea357000000000
000000000ffceeccc0000000000
000000000fffded25e000000000
000000000ffe092ccc000000000
000000000ff976371d000000000
000000000002c312cd000000000
000000000ffffd73bc000000000
000000000ffdc53652000000000
000000000ffb9d6c46000000000
000000000ffcb0fc38000000000
00000000000187fda6000000000
0000000000007d352f000000000
000000000000417864000000000
000000000fffb17534000000000
000000000fffc48304000000000
000000000fff1c9996000000000
000000000fff7d6a64000000000
000000000ffceead94000000000
000000000fffdaf85a000000000
000000000ffe13acf6000000000
000000000ff97e1636000000000
000000000002c17ab2000000000
000000000ffff8aeb3000000000
000000000ffdcebe57000000000
000000000ffba877e4000000000
000000000ffcaf720f000000000
00000000000187757a000000000
000000000000757ca4000000000
00000000000046a7a8000000000
000000000fffb123fe000000000
000000000fffc062dd000000000
ffffe963efff338e75000047ad6
ffff91df8fff6b762e0000250f8
0000dbcaeffcf5946700004bf28
fffcb40d6fff8f762800001438e
0001b4bd5ffec5b4f00000514aa
00006f6f3ffa18854dffffbd05c
fffe791870029f328cffff5e692
0001e1e1efffa5df8a000046af0
0000204ccffe6908840000b3c54
000089f76ffc6a6f960000035b6
ffff5094dffc9c389b00008ff20
0001c5bc40017e6a0a000078d2a
ffffc48d9fffec377fffffaface
ffffee0120008fb257000065c16
00004b98dfffad7d2d00001a216
fffc15b4dfff77710f000045d30
ffffae124fffaf907f000755aab
fff6b5b08fff889bc2ffff676f6
00101d76cffdb95dcd000cff6dc
ffc251583ffeadd937fffdfa789
002405ff4fff481423fffea4feb
0007e6652ffbf6aba0fffdd3ffe
ffdf59a04001ae22750000be531
0025257c7fff54cdc1ffff1ab3e
ffff84315ffe649eaefffa8b8f0
000c22ef5ffdce42d6000807839
fff0255aeffd7483510001012e2
0023fe9bb0014573fd0003369c5
fffb4ec64fff2b32ccffff591bf
000294cc6fff6db9a4fffe3b5e3
000475eebfffc46722ffff264f1
ffb049fcffff361987fffee66e4
00076980b00015aa34001136800
ffed51c95ffffa1e9dffffe0c06
00126d5ceffeab3d3100168ef96
ffecabc940004592bcfffca6d54
00441c319fffcd9da0fffca871a
000229d35ffdd0dbf2fff426d72
ffc21ea1d0013f4c73fffe8d829
0013a9a850008355400002eadfd
ffdcfe0a7ffdc514c2000b8755d
00338de7bffd92f421000fb72f8
ffc58140affecfc89f0005fbb0c
0035d17ec0005cfbf60008237f2
ffebbf494fffdcb0f7fffdbae14
00265bb92ffe564eb50003721a7
fff2eb737fffe1c093fffd39bd5
ff8350e3ffff88c7c0000435086
ffeec0edcfff5c9a40003299fd4
ffe03e437fffcce59f0001cb00a
001baff9effea68fe2003c6f7e8
003fcc6c50028334b1fffdf014e
0052ae2caffd7897b6fffe98ced
000500d4effb5efd65ffe01c86b
ffa38ad8f001c8d94affe2df72c
ffc693ae8001b2e1de000a09c1f
ffb20bfccffd6312e00036de17a
005fc61a1ffbbf0f96002978178
ff9f9c5a6fff516aea001f50fa8
001920a460004576a700133c46a
ffdca7ed10028619e3fff585225
003a2557bfff93410a0018e975f
ffe19269dfffcd9149fff7ffc67
ffc80967d00143daf8000ca8671
ffc1b8fa6fff1e2046003113119
ffdc3c4e7fff9e530afffb90add
003a38548ffc91f453005e2b3da
006f6a18f002d62f28ffed21a69
000d0c33aff93e6b1bffd75ae59
ffe05a466ff611dd89ffb50e4ab
ff5ed2f62002dedfb8ffe6fa2ca
ffb43f024001c06c3400047adab
ffa1a12ceffe126fc3005bd0237
007a51902ffa2bd48e003277862
ffaba6b3affedf5e2d00367decf
fffb14085000f672b00019f6642
ffd807a68004b48a47ffe2a6fd5
0038e024300219f16d0025e3ce4
ffdbbe9defffd02d0fffefe7b41
00325e28c0026a29ed000b781d5
ffb755034ffff7b18d0053089a8
ffdbc0108fff0ad264fffd89f63
00426dc74ffa4bf65800b191040
0071995c900186d2e7ffccfff87
ffca804f9ff805ea62ff917ec80
ffcb4a8a0ff486d1afff97a1018
ff4ff57a5003bf02b1ffbcd6f86
ffc5a0cb700061a1f9ffebcaf4b
fface5a2efffa54ffe00332ad22
007173c46ffbebe3060072cf669
ffd723234ffe4e369a004e821a0
ffd95fb37001a5a95f000ffb3a4
fff403ed8003eb96aaffbb3d493
0023ac95a0039050f20030d20d0
ffd78ec77fffdb1a69ffe3af8e1
00849572c001e833b90002bb947
ffbc4c5000012d4d3e003710d1e
ffd8fb6e1fff568e95fff15595c
004d2ae9affb19e30d0064a75bb
000517176ffee38e8bffd354e27
ffbc8a587ff8e840bcff760c4bc
ffc6eee8dff9f4f3a3ff9845ccc
ff322f3ad002a7d1980014b7400
00172fe01fff2e9802ffe858c4d
ffccb58f1fff2bbe360064e3469
00604d6bbffee7793200624981d
fff6e4cfffff35b8380018fa4da
fff1abf42001b023bdffe5edeba
0012773af00162507ffff40c15d
000a445b100119e5d60013029c8
ffe96d5b400057e216ffd4f5871
004b2c1940008b33100004e567e
ffc24da24fff973ab7000dee12a
ffe4301f7fffe23bdb0004c2077
0044aed88ffdfd7ce4002d629ab
0008e704c0002490baffcd6b704
ffc7b98afffe2657baff50c614b
ffbeb6e97ffe4029c3ffbbce2e9
ff4fdedbd002635879ffcf6616b
0002688f9ffff53a88ffd7cc599
ffe8bba87ffe099c86007b6e978
0054eebe9ffd301a9d004cd1188
ffec8eb87ffdbc26c5004b5503a
000effdde00116a731ffb519adc
fffc618570007a3489fffdde59d
00011c1c700021cf0a000c04fe6
fff2f837a00041124affdc26552
002367ac4fffcd367dfff992ef4
ffc7da4a5ffe83066d0003e99e5
ffeb25033ffffd38d00003880fa
002c43c3afff02034c000b161a3
0027bde68fffc101b9ffea3e0f1
0002096a7fff65fb9dffcff5875
ffd7884c4ffab0d8b5fff00aed9
ff9bfcc6b001844b5fffe545a13
ffe6fce37000003751fff351650
ffee97ac8fff068d8d001fc70dc
002530956ffc141dd7001326bdf
ffdae0fcdffd52504c001b597bd
001436da4001238fe1ffe54b58b
ffd16f2a5000c9b43300005b33f
0007f394a000ebfd080002c7679
ffee91e4afff9353abfff80f181
00298b5bffffeb6d0afffceb72a
000000000fff1b686e000000000
000000000fff7ea357000000000
000000000ffceeccc0000000000
000000000fffded25e000000000
000000000ffe092ccc000000000
000000000ff976371d000000000
000000000002c312cd000000000
000000000ffffd73bc000000000
000000000ffdc53652000000000
000000000ffb9d6c46000000000
000000000ffcb0fc38000000000
00000000000187fda6000000000
0000000000007d352f000000000
000000000000417864000000000
000000000fffb17534000000000
000000000fffc48304000000000
000000000fff37861600048fb00
000000000fff67e9af00025bc00
000000000ffcf246e80004d5400
000000000fff966343000149700
000000000ffebe0b9200052c500
000000000ffa000d26fffbbce00
00000000000298fd1cfff5b7900
000000000fffa97b9f00047f800
000000000ffe6993b9000b70a00
000000000ffc6c5353000036b00
000000000ffca3b1bd000929000
00000000000179ba160007b0500
000000000ffff66c70fffae3700
0000000000008cd93f000679b00
000000000fffabaf2d0001a9b00
000000000fff81e125000471800
ffff5fab8fffaa4fdc0004b2e9e
fff708dcffff8119db00001ac12
00103bac2ffdadd408000743104
ffbf79aa2ffea090700003c69c8
00227eacafff3ba10c00049b6c8
000876eacffbea15fbfff627500
ffe06af43001a9866bfff6b78d8
0026b28b8fff4e3fa300018fb4c
0000e667cffe5a35d8000e3eadc
000ac1b26ffdceaf12ffffd55ac
fff2276a1ffd6455400009c1156
00230a870001493c7f0008de00e
fffc643b1fff223741fff8f023a
0000b8a9afff6e601d00080a214
000540be5fffc730ea0000a6dfe
ffb1adf3efff3ad43400027ff80
0008a9f630001808dc00035f962
ffec95867ffff581fd00030182f
0010d7910ffeabc7de00178d92e
ffe833a0a000223eb0fffe895af
0049c206f00021602cfff558b3f
0000171c6ffdeb9b92ffed6613a
ffbd7c2610012dba15ffe9ac5a1
0016d1df200064ac9f0000068c8
ffdf1bce8ffe01842b000628c44
002dceabdffdcd37b50005f1977
ffc57870bffeba968500157cfed
003c8ea740005904a30010bd486
ffeb5ddd6fffa116baffe532f7a
002ab7848ffe736f75000f6a6d3
fff4d3ecefffdc46a4000168ee2
ff7e09fd0fff66bffd0003e46e4
fff3d07f1fff26643e001863a0e
ffe2c9f94fffca4bfd0001b1e8d
0011a74bbffe8105b20022fdc76
0055b97310022b9a1c0002e2da8
004b15243ffec6e18effffa53ac
0004ee7d0ffcad5ff7ffe9fbf31
ffaf326d2002464121ffec4ec42
ffc0e96860012fda0d00010ff61
ffac38ab9ffe4e872f000c06705
006008fb7ffc499ab60013b6490
ff9f0fab7ffe87d857001130d7f
000bb5bca0007f693c0014becac
ffe064855001835b7bffee3469a
003c3f30000095c07e000c512da
ffddeabeefffd06c3cffff56a0a
ffd59e1480006ee1dd000656829
ffc24f623ffdc07daf0034e792e
ffe2ca3f6fffc98972fffa4f247
00334999fffd04c37c006010729
00860a3190012cfac9fff847060
ffeff4912ffb9a5911ffdecff37
ffe1de7ecff84d7fd3ffd85c9e1
ff727384c00430cdd90003f001c
ffa2f716900069d3e3fff66083b
ffa17c3e1ffebcdee9fffea98f8
007351405ff9a674b90040f7a6d
ffbf3bd20ffc4823220011022b6
ffdf14d820023b15ad00185d7bd
ffe534e20002c8b53dfff12f56f
0034fa71d00399f876ffffbdacb
ffddc6244fffc5b753fff34f8d6
00673fbf80009ab6d0fffcfe398
ffb3c9a9affd2a0ffb0036ef624
ffe162850fffb72c3cfff582648
004944385ffb200b8c005d6926a
00514c48afff828691ffdf71677
ff9f8f8e2ffb0aad65ffa415b3e
ffcafdc58ff440ce9affc0acbd1
ff5c0d73e0064ebc37001cf944e
ffdd94f47fff546829ffebd3b2a
ffc04a73cffe0a74dc001de9239
006b55cfbff7194e26005710597
fff7afb6fff95a62de00069a0ef
ffc67fe25003df19b4fff6eeb0c
0007ee27800260fc0fffffe5049
00034d8740040f896efff81af5e
ffddaec30fff845963ffe3825e7
009b13f7ffff89d189fffead810
ffbc2a371fff27dd93005085778
ffedb1fa5fff5277e600031448c
0055088f8ffaac723100a3266f4
00018485affd81a7e2ffc609322
ff732918affc7e7de5ff6f93692
ffc7e03b5ff441bd5effa9e2be5
ff792bdda004d36f5efffd2f6f9
001289806ffe76f1ceffdad7c72
fff03bc10ffd44d5b4002acff41
005bff181ff9b868200081713b5
00235659cffa659f66004ee150d
ffd10065a003693b26000afba3f
001a674cd0005665ed000452fc0
ffd27837a00039f4a3ffd29f88e
ffebb7191fff56c339ffe8adfef
0074e1c83ffecd9055fff67a052
ffe6c088100115e4820042704a2
ffe8c7574fff783ebefffced14b
004737e7dffb3e8351004354007
ffd2c7e8efff5f8c89fff718096
ffb06b4f9fffa44c73ff8dee995
ffdc28104ffbc6bffcffabce5e2
ff99fbd2e0035d401700152eabf
004955293fffb4036effcf63ee5
fff0c3f28ffce5a10c002c99b28
00469ac68ffd1624ed006315fd5
001c021c5ffcba852900114c3f3
fff7ad47f0012af514fffba2fc1
001a7b16fffe3ff72d001184cef
ffe6cfbaeffdc03c81ffd02c3f1
ffe0dfee7fffee76aeffe8c1eea
000a146e5ffe219e8000003d734
ffedcb415ffefa77090011a43bb
ffe848d02fff77ff67000792a7c
002a7f639ffe9b05e5fff7f6673
000cf3a51000b3003f003588673
ffe50ffef000623d06ff8a46b06
ffe73ec3affe73471fffe2fff54
ffb32a59c00257b556fff7c1253
ffec873160005b95fcffd1a09be
fff07651dffd426f95004be5ee2
0048dd813ffcc80edb004ad87d5
fff518f87ffd60865d0018709d7
fffb8277a000fb4c96ffde44ed1
00106b521fff89b0a0000d4f1ca
fff38cfd6fff3250dfffeb9c3e0
ffe6a6294fffd3e5c0ffe6157aa
0011c4982fff75c64afffd2f329
ffc6cdc73ffe7b56510003668dc
ffeb6e724ffff89f610001d3787
002b6ab9bfff07b7d7fff55bf07
0027808a9fffc47e1d001b62ee5
0000b12a6fff713536ffe953f6e
ffd78b360ffaaa2ca50004ce55b
ff9808e5400186e92e000ada523
ffe62b41900002664cfff5c5f8b
ffed2b647fff00c0a9001c9ba41
0024b17bdffc0e4ff1001298155
ffdbb129cffd50906200043cb11
0012d188a00126abc7fff757c5a
ffd392756000c606010013f2305
000a27abb000e76ea9fff0d36db
fff0ff97efff8e5188fff9066c6
002d23af4fffea5832fffcd1ee9
000000000fff1d50ae0002ce136
000000000fff7cae9f000173478
000000000ffcee9ae00002f8da8
000000000fffd8a8be0000ca96e
000000000ffe19f9dc00032e64a
000000000ff982cf45fffd6101c
000000000002c085d5fff9ad2b2
000000000ffff5d2140002c41f0
000000000ffdd4765a000708f94
000000000ffbaf1876000021a16
000000000ffcae85900005a2120
0000000000018723c60004ba6ca
00000000000070dab7fffcdb4ae
00000000000049c4040003fb676
000000000fffb0f344000105c76
000000000fffbde92c0002bb830
ffff2a51afffb96e4e001078a0f
fffbef368fff55e01c0000e1384
00081d36affd551a57000fda380
ffe0d8062fff311a4c0004679ab
00101f88fffebc1653000adc1f5
00041d249ffa4d6cd3fff77d7fe
fff191a45001ad3eb2fff0a0333
0011ca2bafff8f0ed2000698c06
000131424ffe69e00c0013d8810
000517e42ffd7fb78c00086572b
fff986277ffd88cd580009d9aac
0010c028c001263acb00099e3c1
fffdce2dbfffd4740ffff8d7a73
ffff55ed6fffa0df2c000f02201
0002ca737fffaa1caffffee2569
ffdaff877fffbfd5fe000619fe8
000f16d93000795b940005ec640
ffedb2a42fffa8169ffffc8e92c
0009962f2ffdceea9d0016d9fbe
ffd8536edfff8e1ab2fffa2a49c
003cb9937fffb824bafff2a326e
000361ca6ffded0f27ffe98576c
ffc3391a500110992bfffc7bd39
002f30aaffffe012f80001b7b57
ffe154b72ffec27f3b001bb65eb
001c3ef44fff107af400080c688
ffda2fe17ffea8cadc000d2f352
002f8affd0006168720005030ee
fffd667cdffefbd74cfff3c00f8
002914d29fff18dab300102fbf3
fff758850ffffab5d1fffa437f5
ff8e9c4fbfff4639b70001fd8fc
0000c1a9efff3fb544000b0f8b9
ffe745f720000039520002e729b
000b66e26fff1d97f8001e43878
003d4cbad0013682a2ffef2f024
00310450dfff71b8fcffe4100c8
00031f7e1ffeea9d8affe5d56fe
ffb086a1b001f2c520ffd974bc5
ffd6136b4000c2947c00005467a
ffb546eccffe4fec10001cc87cc
00605a929ffd1deacc0011276cb
ffb2f7b68ffea829c0001bfd60f
0004b9cc000099dff6fffcfc0e6
fffd4145300087acd6ffe34f2c9
003320baf0000e9e38001eba5e5
ffe614771ffff3c6c6fff9ef6af
ffcab92f8fffcad29c00063622c
ffbe7e929ffddefca00018fe665
ffe5aea29fffbe4225fffc7a777
0037c4214ffed3dadc0032f5931
0080a07800009d27d3fff156fce
ffe96e171ffdc0fab0ffef461e8
ffe3996c0ff9c58cdcffe5febbc
ff7a4beec0027e6d12fffc2a5a7
ff9e0e4110003b6362ffff6862d
ffa850807ffe6ceff20013aa53d
0075631a8ffad89c39001b14cf5
ffc23873effcf909ae0012c629f
ffde362de001a45282000908374
ffe29b68b0022d7550fff93d6b9
002a861e1001b3e69f00070fa4e
ffe0ad902fff9b8dadfff903794
006859a51000c1880cffff6d326
ffa9935a7ffd88b1b1001c0542d
ffe630664fff4acfe1fffee7651
0054db979ffc474d8f006197ca0
0042531dcffe1efaabffd77c01f
ff9c8cc09ffd397482ffb906e4a
ffce14506ff588eed9ffc939ddc
ff71e43740032541a8fffe80f3c
ffd7628cafff0637c4ffec840a5
ffd411dd2ffd78590dffee5ac45
00660d315ff96c51d1003479ae2
fffc2672bff9c4253a00257ec95
ffcd2b1ff002b1db4d0017f163c
fff725f640008089adffe433322
ffeb9e5ee001ad68fdfff0cf269
ffe0cf5b9fff963706fffa0a7c0
0099838fcfffe12b36fff934568
ffc536a3fffd882deb002af4d7b
ffefff409fff07d405000382295
00508436cffb736a68003b7002b
fff4ca95cffcf5fe8ffff76ced2
ff8b256affffbd3250ffb738a54
ffcb878bfff451ce4bffceca38f
ff96c14160036d1cd2000341343
001e80089ffeb643c6ffde64d8c
ffff96775ffbff7a56fff3a6591
003feb896ff888128d004308044
0025a33fcff80664eb00118c84a
ffe58cb1f002f79efa000e61c33
00098f8b3ffe39592dfffc54671
ffd2d87eafff9e8bf4ffd8ba5f1
ffe961360fff3c06c3fff906e62
005d28964ffe6f1779fffededec
fff129d3cffff81229003e004a5
ffed18abefff3d42d900035c499
002ea7ae0ffb78fade002c06047
ffca9978fffebeb0c8002ed14b6
ffdd07a84001cb24d5ffd0c7e02
ffe75369dff76fec19ffe612a0e
ffc26a7e7002d21a59000eba375
0034963edfffbb24ffffe4641dc
000acc4f2ffcebde5a001b22d05
001eea271ffb74f59e00540349f
00143ddd1ffb583e430007a3143
000b4935000157bbde000f7a082
000ee8016ffd7c473d00171df27
ffe2fc718ffda41a5effda25db4
ffece189bfff1de3eefff19deba
fff7b66feffdb85ee500017e72e
00074025000098e5d5001730408
fff0d8f65ffeea1887fffae88e9
0014310f0ffcd9d287000be89c1
fff734ec3000ca283e001f577b9
fffd2fa3700038cdf8ffc8310bb
fff846c9affe4fc4daffde24db2
ffd3a4e9e00299845300247b8b5
002649b4b000566e91ffed70f79
ffe4d2de6ffccc31b9004222a0d
003805158ffe5c36b8002eeb357
ffeb38959ffe373c3f00021f0d5
0005d066b000aa40e7fffcb4d4c
0009b9be1ffe86d52f00167a0b8
000340246ffd996f53ffedbc96a
ffe72616efffd16339ffecb4f29
ffc528230fff0f99880001257ce
ffe593861ffed7db320000419ec
fff14cfe9fffe1009a0005ad8e3
002246f74fff8f2b05000b83b9d
0028141c200028b96ffffc3ff25
000ad42b4fffbf1ff3ffb6a3d40
fffe7b51dffecbf805ffe80b4bd
ffcd170910013933cdffdc860f9
ffbc998230001f516effeaed96d
ffe24468dffea4f218002a7376d
003fbf2c4ffd96fdf4001eb47cd
ffde8b5cbffe174a36002369d61
fffefa662000be293affe5fd69a
fff2188bc00024aaf1fff1ccbe3
000aafb1b000575004000a79b91
fff44ecc1ffff939a0fff38d224
00169f084fffeb3106fffd5f37b
ffc4ff6b5ffe79ec9800003b004
ffea97efefffff8bfd00001e6fe
002e4cccffff10617affff24a72
002901eebfffb6f57600022e19e
00035af0efff71ec5dfffe8c558
ffd879e31ffaac81a000007140a
ff9b2984f0017a69ef0000f3d4a
ffe5362a1ffffd61a3ffff4c636
ffed32473fff0fe3d10001fa0ea
002447e72ffc1438ae00014b766
ffdacc82effd51d0e200002c9e6
0013636ea0012502a2ffff7f4b8
ffceb7b83000c4bc3b00017ba06
0008c62e2000f1b3c8fffeda88a
ffee1586dfff8fcc26ffff84a58
002f3dd74fffe84dc5ffffc7572
000000000fff3c07c6000b67e40
000000000fff66f4d20001ee41a
000000000ffcf5a04c000a2a5bc
000000000fff92dfca000219a32
000000000ffebda922000838b06
000000000ffa011d54fffbe2494
000000000002904588fff3ad5ce
000000000fffa891d500064a5dc
000000000ffe6957ad000dec018
000000000ffc75e92000058f1ce
000000000ffcabb0410007efb16
00000000000176af72000741d2c
000000000ffff5a12afffb25684
000000000000844db8000a4d4d6
000000000fffab82a2000006460
000000000fff84b03b000592910
0008afb6400044c43f00167e367
fff268a8dfffb6ee85fffca4c73
000b6fa82ffd9f1a3a002b4f6ce
ffbf5af72fff37edb7fff90acbc
002be1f08fff096e6bfffaa9550
0008035caffc800656ffec3cabe
ffd2092e7001a7678600003e8e4
003670924fffa5993d0000902d8
fff3a424cffedb2ab3000b0ad44
000c8957effe5b7cbd001546886
ffee7592dffe69dc4c000cef7ad
002611158000ed4425000de96cb
00044c4f5fff6ce21efffad3b29
0012711d2fff73a5900003d2382
0000cf8b9fffd056a9fffbcac43
ffa342e94fff31cab6ffff7d2ba
000c7765b0003da8cb000d2bd7a
ffef7ef5ffffcdb41d00002ccbb
000de7d20ffedf8655002340d5e
00147fd60000ba5bd0ffef9aff2
001d79babfff43931affd8d9044
000394edefff28b9e7ffda06051
ffc6abcb7001589e87fff06f305
0000d6fb00007994b1fffc10292
ffc7dc20cffe1430ae001c7daaa
0055c5d1bffe757bf5001711b1e
ffc81c7ddfff78bae40015df9c3
000cc32fa000525a03000471ef2
0003c8f7200041bf16ffe898bc6
00221ab62ffeb3cf890010d9131
ffea1a1e40000365a9fff87f015
ffa6261aefffed3039000646e61
ffd4e7de0ffe6dc2d20019706f7
ffe728c30fffc672c80000d13b0
003058df1fff1ed5780027e5b67
0070d1d23000d85f3afff9ec47a
ffffd67ddffee5d9f2ffda3b997
fff9db817ffc96f47affe5fe8a9
ffa7d99b60018f175effed37be7
ff9a9afc600070df9afff3a6013
ffaf4708cffe994e1a001a63b16
00733e03affc693e9600253a19e
ffc360b15ffd9dc598001955797
ffe0b8756000cea9cafffca624f
ffe9b4df70012f50defffaa8b12
002281ff1001278cd800028b636
ffdcf2cc4fffe512fefff6c214d
0045db48d0008fed4cfffe506ea
ffa623586ffe0172ea0010db09c
ffe30a515fffb5f5eefffd694d1
0055827ddffdb2c8ef003039ff7
004b23a03fff188f07fff434ba2
ffb434a63ffde17e9dffd526ea9
ffcd0d5cdff7c891a6ffdfe5eff
ff6c41ce10023a3c7d00088e34c
ffc7e73cbfffa35ad0fff565c6b
ffd306b87ffed2463c00034c3a4
0065daa2effaeb41c7002169cd9
ffec60cddffc025df6000d9060c
ffdbba4bb001de22cd000aa8db9
ffe83fabc000ec778efff3aa859
fff3ef91c001e38a65fffab8e69
ffdfc3434fff874c56fff839a66
008f2d8470000298a4fffe22482
ffbf20569ffec93149000f37668
ffea4d006fff597150000137f3e
004a5de3dffc0ed851000f7e574
fff87a518fff083e3ffff98666f
ffb5677e6ffdeb1105ffcfbf92e
ffc6a0d64ff764572bffe8a82d5
ff81b891b003784c57fffc9f9ec
001840cd6fff929c10ffee6d008
fffe3edf0ffd19159a0010df2fd
002ea061fffa67a00d001fe822f
000fba578ffb467bb80009d9497
00007e76a00231e24cfff3960d4
fff43d869000134ec20002d4991
ffe82655300013ee82fff50428c
ffed21478fff8cebd6fff71c8d9
004d88cd0fff56b613ffff60ac6
fff3234c2fff531235000e05e57
fff41c35dfff50c467000252769
0017de28fffc3427740000e8a8e
fff1d134cfff6b8f3b00110718c
ffe38ce8dfff63cd17ffee6c505
ffe4ccdc5ff924c424fffc5dc06
ffd3d476800321907cfffe3299a
001fe4375fffa38a58fff95acad
00076389effdba22ed001c03181
0010cdd3dffbb95639001654ae6
0007ed50fffbd391b5000665d08
0004b5fa9001a380b1fffa58bef
00041f668fff53ad6f000b32d12
ffed7711cfffdd0119fffa90476
fff05db0efff90417bfff97e6d5
0006d9af4ffef4e9fa0001942df
000808e0c0004642a9001c3c095
fff22fc3dfff8e07d5fffd2110e
000e9274affd5adf69003b443c8
ffc3fec43fff68dbcffff7fd843
00233d6e4fff59d327ffee27c9b
0005e372cffc6750ecffee5e828
ffd31794d001fc14e00009ee4cb
0037524fdfffbd27d4fff9b7656
fff2acfdbffe61a9cafff7cd646
0013ff037ffe19f6450023b4551
ffeef29e7ffe2bf310000d791f2
0021623f3000fe13260011597b5
0004e7e53fff2cacc1ffffdcf2f
000d2b910fff0bbe4cfff2ef33f
fffc73874fffbf1f34fffb61bab
ffa5fa84bfff0a6cb7fffa22276
0001843400003f9bfd001288089
fff04c938fffc9347bfffe28622
0014e8760ffedecb910013ccf24
000db3d72000b2bf64fff589c4d
0021c712ffff610800ffdb5193d
000297facfff3b39f6ffddb4688
ffc8e62b1001561ef9000444ace
fff01bab30006f181ffff9a80cf
ffd61e75bffe27cf0c001b7ce0d
004d2085cffe8e91f2001ae16e3
ffca89c1efff739986000263ff8
0014ca32a0005145f4fffd6b9a3
fff97efe10002cabdffffa472d9
0018dbbd6ffebd2bf800038422c
fff050c7e00001ad45fff63717c
ffb285320fffe24a0b0007c19ee
ffc661294ffee3997500074e42e
ffe817e36fffcdb5fa0002fdea5
00317234bfff5c381f00041b720
004f408a1000b3c06f0006cc72b
002600a10ffeed3f56ffd307d98
fff05c472ffd18ed30fff1fb87f
ffa5f84b9001052605fff196354
ffa0191b10006cc76efff076db4
ffd2f65a1ffec8209800317cac1
00495e510ffd4345a70018dec03
ffbb00741ffe65e64b001a881d7
000f1ce01000894e6affed3b738
ffc5db1b000117e5b0000a9337b
001add44c000a278c4fffb461cf
ffeb7f7b2fffe850b4fff6245d8
0029a9e260009fa021fffc648ef
ffbde7806ffec37166fffc16e40
ffe8f0c9afffbe00260000e8308
00301c0d3ffe1e8d460004b3660
0030a4679fff9a909900000ab48
000b05a63ffe0374edfff60f250
ffd6754e6ff9882985fff91be08
ff9375bb10016f6a8dfff50a880
ffe3071e1ffff3dfdafffe29b70
ffe8b0b89fff0a3a20fffee7d28
002273823ffc5a60160000fb628
ffd340f28ffd6d0eca0005c1fa8
00167b4ab0012877aa0001e97b0
ffc3b898e000f1d0bdfff0150e8
000e1a19500136a8e2000aa4a08
ffeca420afffad194bffff4f8d0
003405f4d0004b0296000103818
ffff4eda8fffbfa13600181ca19
fffca12a0fff540415000306314
0006ba0e8ffd4bc468001f6316c
ffe62bbc8fff47ebd9ffffb4071
000d5dd1cffea7044a000971195
000369144ffa24ae42fff6260a0
fff4094b4001add6bcffedb2599
000ebf828fff9c254b0008230aa
0000fd110ffe692171000d70dce
000438f48ffd75c16500107d4eb
fffaa19bcffd969e8500101b63c
000de2fb00011f38b6001166fcd
fffe2e3ccfffedc814fff6acc0f
ffff73018fffa22f59000b8528d
0002504bcfffa7e59700005b5bb
ffe1531bcfffd0053100071ccda
0014cf8ed0008200aa00152dbb6
fff118b0cfff9fba1ffffadf8b5
0006e6746ffdb788140030c0f0e
ffe77e44cfff934acefff5f18a9
0023940e1fff8901b2ffed4fcd4
0006bf304ffdd45fa1ffdc9da2f
ffd31d6b500111a491000a8b881
0032d93aafffe14e7ffffb6b902
ffd8b22bdffec19ee6001268979
00261d91ffff1aa8080016d21ee
ffe38854dffeb2c1000011255eb
0016f4f08000613deb0013f5051
0009375a1fff09a213fffa86a17
002336409fff22133bfffc0a2b2
fff05e407ffffe9290fffb4468c
ffa13e386fff571708fffee863b
fffe9502cfff5bdfca00102ec86
ffeb3bd83ffff947f400027ea54
0012c71c6fff2975a0001d04cfb
004487313001171e2afff918dd9
00075eac3fff71262affc8131d5
0004b382effef8767dffdd3bc31
ffbe0d545001bd844affde838e5
ffc67e3f5000b248b2fff1341b3
ffb9510a4ffe6763a200145f173
0068d523fffd6b65b500245347c
ffcd8d86fffed2793e0012e8404
ffe74457c00088eaa7fff5885c7
0011df570000786fcfffe12035c
0021fe58affff4c92b0016b19a0
ffe5b4c65ffff4ca82fff41b33c
fffd6826bfffd61de60004bb37d
ffac18239ffe28876f0010507a6
ffe62a95bfffb5fbf4fffe20b7d
004a3c716ffefd171700240ec35
00614b482000722c73fffd2400f
ffcb3f9eaffe2b07d4ffdbc70d9
ffd67dfeaffa839886ffedb072d
ff7193ef00020b8e03000ffd360
ffaad5faa0001fac62fff65c4f7
ffc526e3fffeb3f50200160652e
006bf267effbb0f76f001fba004
ffd986af3ffd57501b0010e318a
ffdfe74c000166953600035c449
ffe29ad12001cef642000b360de
0009892f600177df90ffeef0a3e
ffe5e9a4cfffa47ce8fff7c0cdc
008150989000b00c59fffaa2a12
ffb19218dffec8f54a000b9296a
ffe57da33fffa2eac80000cc2ba
004e53a2fffcd489b5001285b8e
000d71451ffec16054fff2d9dff
ffc43040cffd6646acffda47147
ffc4e861cff7d6b051ffe844987
ff6f176c80024bb1eafff7555fc
0002a56dafff7bebe6fff2fc64c
fff2e89b8ffe5a725600047aea9
003487c6cffb644b430016ef21a
ffff4a6acffc182c640008996a2
0001dcfa2001c97b89fff9518bf
ffe6063a00008dbdcdfff7fe328
fff2d93380010a384dfffd1fe6c
ffeb5f1cbfffb45621fffa5b158
005e9a523fffd99bfe0000a4c89
ffe97a695fff3f411a0005a88cd
fff304d94fff54f89a00014beb0
001cba837ffc4cb647fffa6c7d1
fff725521fff651765000eab61b
ffdc883b6fff3cfd36ffec139e2
ffdb672c3ff9471c1afffe8f3ea
ffc021d1300308627f00050dd21
002160471fffa15da6fff6a5b1e
0004c4891ffde7ebbf0011a19c8
00131e5c8ffbd749f2001009509
0005c1e3cffbe9d23d0001e4a37
0006871d4001a234eefff8310bf
fffef63adfff5ead44000c38ad4
fff0c12d00001dd11ffff518614
fff13d07bfff9681fcfffaaff6c
0010c26f8fff04f395fffeb2c2f
fffeefc90fffaed7720009ffa6e
fff6a7985fff64fc5dffff78473
001006610ffd7d7d87000d6e1d1
ffc76a0b3ffed89c600003665d7
001ac0e7afff815d88fffa41180
0003ffd82ffbd6ee53ffff7a479
ffe01fec800200d08b0004425f9
0025cc76ffff678172fffcf74cf
00015e715ffdfb50fcfffdd373d
000b1c77effd8ecb3a000e14277
fff4dad69ffd3fbea8000087b37
001e871780015acfbc00018bf8c
fffdeed0affefcf14700040b0e3
fffebde54fff1824e4fffa6ad65
0001fc2effffb41251fffd4dc84
ffbcbbb14fff15d222fffde43d5
000ed9a9400035a3ed000e5db56
ffef816bbfffdc66bcffff0a945
000d970eeffea1896e0026d5922
fff3a1e54fffe94a50fff2a8d0f
003188fa0000c791a0ffecbaeeb
0003b317affe8e54b0ffee83574
ffcb6ed660011f0a38000c6aecf
001d9566a0000f81b3fffa9c9a4
ffd6cbab3ffea7d21efff545020
00359941affe9b7c6b0014bd85f
ffd01b924ffea7f96d0009db76f
00248bb0200051ad9a000f75812
fff90115ffff2273eafffeec486
002598279ffed17a8dffef9358d
ffeeb8df3fffdb0ef4ffff4fa80
ff90117e0fff23862ffffd46d92
ffedbfac5fff718c7900179ba0b
ffe51bc12fffeae44c00002abaa
001a2222bfff2d2f2b00076cab6
004e29916001226d26000632670
00307375afff7c72ccffed5201a
0003894f2ffebed5c4fff1d516f
ffb11e58a00193af24fffd09254
ffb17bd9d000b26995fff5ee505
ffb8b2aa9ffe83b6d7000d03097
006016a2cffd9b57d5001be3942
ffb5304e9ffef6bdcafffbf78b8
ffff7f91a00070bfc3fff8a9e59
ffeee0c2000089383a000594937
002d3b4eefffe94550fffbc5160
ffe473e04fffec0d6bfff8a5443
fffa508e1ffff3bf4c0003af04d
ffa8de7eeffe9dcf13000385185
ffe1b16f9fffcc636dfffe9b844
00404ae8fffedd782f00024b1df
00592e4eb000a2e145000ddf6bb
fffe8c3c1ffdec0627ffe69dc39
ffcf060b3ffb1e7b83fff9372e5
ff5e6b644001e36dca000e6506b
ffad1ef29000455915fffa709a0
ffccfd679ffef612d80024f0328
00500e2a5ffc4b86980010ca739
ffc23a87bffe01fa2300072d865
0008277000012468b3fff9cd147
ffc8f3b57001cbbc3d000da24f5
001e8749400162d4a6fff998209
ffeda435bfffbb402cfff723c9f
005e8154c000aa2badfffe21f20
ffbdb9f2dfff1bd734ffff62878
ffe9b24d5fffb3c2a800018b78e
0030fa26bffd24c1810008665c0
001d34326fff7f7c1afff25df96
fff160557ffcfc5578ffeba40f4
ffcc6416eff8f9ab43fff5a0d66
ff80803a4002495d64ffee675b8
ffffd8715fffcc901efffbad104
ffecf2a1cffe9dbef80007e7716
001e75e7dffbf8735100053c20e
ffe41f012ffd1debd9000d1815e
00123fee20018590b4fff72fb8c
ffd47b9ff0011ce726fff600b5e
000a4863a0011d955300083f366
fff194e15fffc9efebfffd95d34
0038c6b440002946baffffb06ca
000800e1a00049e98c0023427a0
fff8a3dfcfff891f180001657a5
0001aea22ffd3c3647003466d3e
ffe85a61afffcffb1cfffdfb5a9
0014e21d7ffe7de56d000791c9f
0002b06c9ffab7dec7ffef7d8ee
ffe7c3c79001ba7f06ffee05fdb
001c089bafffe7c8420005d0d72
fff49bb34ffee9a90c0007fe7c4
00057f6aaffdf2b168001bf2c9b
fff7aebb3ffe7f311e00135b5eb
000f7570c000d24d290017fcd7a
0005ac2970002e210ffff3f7b2e
000fed5eefffb60cba000a2f9f3
fffdfd623fffafd903fffef8ed4
ffd6ae52ffffbc2090000507104
00137a6880009f6282000fac2b4
fff48a072fff82452ffff9234ce
0004efbacffdec41e7002205db8
000c015f1000277936fff7196b3
fffe72222ffe9f715affe15264c
000885534ffeef9797ffd5d502c
ffdbf93d80014bcf9b000e96d56
001805e11ffffe49c4fffbab628
ffcba20dbffeb48d6b00256e567
00434c4f7fff8e31da0015688d4
ffe6b92b6fff6344d80009aaa56
fff05ec79000653c560008ae8bb
001acc064fffb5ec16fff8ac971
001792776fff4d40df0005fb915
ffeb1a861000233c0bfff5ddf4b
ffca9ac83fffd78f9500033838e
ffe0a188bffe9d14800009b7ddd
fff1c6b85fffeff228000528a7d
002ae955afff848d8a002a527ac
0054c62f2ffffcdb8dffed95742
ffcda5cff0000cb6a4ffb2c745a
fff82e56dfff0c0c63ffdd3516d
ffbe5e863001690ec3ffd76917c
ffa9ade31fffdfeef9ffe955aad
ffc7a5717fff3b5ba9001185527
0068395f5ffda677a9002828420
ffed4bd1affda25d7700283377a
ffcd5604a000e014eefff2550c1
000e1ea6effff41bd7ffe300061
0008e92820012b6b37000ac03cf
ffe978aa500001842bfff56c934
005964881fffb0e8bbfffc2d130
ffad41764ffe27a3c0000acbb2f
ffe290b000000950a8fffe84d93
005022836fff3090430007d1d77
002223da5ffebe259b00032c926
ffc24b33c0005e27d3fff0a9ada
ffc9829f0ffb540288fff5fd9a2
ff6b77c54001c32fe7000f0c851
ffe8a34f4fff4af289fff94d4fc
ffe7d7626fff94f6280002b713d
004484343ffc532157001093dfb
fff98c0e7ffc861688fffaa0781
fff2db16c0019d9d32000149304
ffeac70c0fffdc4cfc00077566d
fff3cbf270016d043efff388088
ffe80b1c2fff8129fefffbeb71c
0076c39e9fff24d80a00005bc1a
ffd65c22efff074dbb00050e97a
ffec5a841fffc4814d0001603b5
003372e44ffd841e60fffd5033d
ffdea3683fff0168400007be72d
ffd7f452b000399d60ffeb300b1
ffcf96b23ffb9f8b25fffcacf16
ff910ef8a002fd9d8d000072b49
00334104afff63b398fff75b9e3
00039a8d3ffe2ba9760010c2e5d
001f96f1effc121101000e7a4f9
0002bf154ffc0e63c600048c1b1
0015ef193001c35896fff6b9ec8
fff7a612dfff18d96e000946784
fff006602000084cbafff8041e0
fff39c79ffffa5ea04fffb1149f
000796507ffe82ba19fffeb85a6
fff78ec4afff69045d000290f15
fff3a27c3fffa15add00015382b
001a94007ffe5a8c5100002ce9d
ffcac18e6fff04b36100059c38e
002018ac4000b2de35fffef3d79
fffca2086ffc97ccc0ffff1f233
ffd501502001f1b3dafffd9d936
001e01d3dfff7534f00000627a3
000423504ffe14be350009aae3f
00189f9a0ffd437cf7000316226
ffe81f66affd24c5e200047ca53
002b4a30400147b886000244469
fff04ebb6fff0852e2000125922
fff9d5e10ffef77a5300003d248
fffd94470fff9c1a3effffa0d3f
ffae2cd46ffee6bbe6000178481
ffffc7e6b00016cdee0008aac2f
ffeb66905ffff6b3e200020ccc0
00153bd98ffeaa2393001580de2
fff0ee1640001bfb48fffe099c3
00594d7080002b92ce00002973f
0003db7d8ffde1cb69fff47069e
ffc58c4e20012ba484fff68f708
000b4851d00062fedf0001040c3
ffdf149b3ffe02dde50003c6bd1
0028f9265ffdc9723f0005e9159
ffbc60e85ffeb389d800101a97e
00408f70a0005918b60010dd90d
ffd7b1d0ffff99c420fff6eb543
0029afa96ffe7239f10000d8b80
fff12ef60fffdac56f0002da180
ff8511f9efff6127050001e5a9c
fff6e2e4efffdb7cbf000de59b2
ffe613272fffa258af0002cb07f
0013f101cfff04ce95000df4fc0
004c28160001a2b68e000891acb
0043e4548ffeb4f3660001e5137
0009b285affcd3b0c1ffebf649a
ffbfb83da000ecb107ffeb08dd9
ffc9832530010f56900001d1a43
ffb10a3cfffe373ae80013c5563
0061d4618ffdc16aa70007fb61e
ffa416107fffc801b7000e76ed1
0008d08e900006513b00117ad23
ffe0a31fa0016452dbffedc73ba
00311262ffff33008e000f25823
ffdcc88d1fffc8c7470000ce701
ffcbccfd6000e0460b0008eecf2
ffbc01d1dfff146508000c2da01
ffe63aeb2fff7893f10000d13c5
003dd67ecffdd8feb90020f5731
0072b500f000df8a510008ac146
fff46bb88ffc8ecb1affeeac37e
ffe8de2daffa8e61c5ffe754dda
ff87ad6570016b5d1afff194287
ff946649300085eecdfffaa9a3e
ffb5c179cffeaa82de0012f073e
006f3d2b7ffcdffa9800120e8ac
ffc3ba5beffe4f4d760018b1db3
ffe87e8e1000bbfddc001325199
ffda5fbc9001d4e471ffecb4173
002078cac0015906d7000908668
ffe374b48ffffda5fcfffd8a505
0061aab3a00146143a0000e9cd0
ffa6b88feffec6859f0001d266c
ffe0049cdfff897df4fffff4ff8
004f93dc7ffd3601e4000d3c50d
002d6d997fff688fc4ffffae2f8
ffd418345ffcb2c580ffe49d8fa
ffc55cd09ff81543c1ffe767f3a
ff5f2dd4b001e10a24fff1c2f31
ffdfebcc7fffcc842afff881e6f
ffe3a466cffeda47f40007e611a
0043cacadffbfd130e000b7cdb4
ffe98d2d2ffd0ddb0d00086eb06
fffe105e20017f99a80002c2020
ffdb912010013b17fbffe6748b6
fffd7f6d300196f085000fd31ac
ffe7b60e9fffb8145efffb60b4a
00710d0c6000832da500037ad56
ffd5372d6fff403576ffffa79ce
ffefbbc6cfff743c950001bbebe
002a07130ffc54691400010e55a
fffd43ccafff91760a000535b18
ffd770114ffd6d1b40ffea748b2
ffce9e975ff8ad684dfffaef7d8
ff9ca7f27002edd79ffff8c4602
0020542b6fffdc1712fff9588ac
fffebac70ffdb68088000e812f2
0018f2d45ffb809ebc000a190e4
ffff0ed7cffc7a2daa000973f78
000ca1236001ad9160fff97274e
fff0f09e70006eea0ffffdd8254
fff716b37000567f7a00015ec98
fff284c03fffbb7cb8fffbe659a
002066474fffb6db46fffef64a2
000b343de00048681d002aa60c3
fffb722f5fff87102c0001f0ae4
000220428ffd4029e6004d7f852
fff5303fbfffd3b861fff50953d
0001e3633ffe6b6c8bffffe8d92
0005b4879ffaa5d987ffe152505
fff4e4d88001ae6957ffed8b44f
001bfc701ffff1202a0007a9138
ffeda0f7dffecde17800118d861
001233a2dffde448dd0023a4926
fffbb16faffe83a33100235ce78
fffdac47b000cdf2cd002591fe0
000bb48740003a2cafffef38cf4
0009599a2fff9df896000889cea
fff7bb3fffffb116c1ffff92429
ffe07f062fffcc30f500062a4a1
000c4e1b3000a0e5760018f3351
fff69e3e4fff7b93bafffbd78be
000e0863effde13e6c00250a9c9
001258687000366835fff96a513
ffe7ff55effe9e353cffdba872e
0008fc28affeb6f4f8ffc43888d
ffe5385940013bf6a5fff6e7177
0002476c200008704cfff9b4d9a
ffd2d6fb5ffeb94a27003b5ba47
004577420fff8ae728001afc61d
fff7748b3fff6520b600161a370
ffe16fb2b00058397b000bbef7f
0020f6498fffc05e89ffebc2156
000acda2bfff5130db00139933b
ffebf3c180001f607dfff51ce45
fff4355bbfffe7f4a5000a2fc65
ffce06697fff02d28700013c5bb
ffeadd348fffb0e034000784e2a
0043fa5cffffd3a9470022e7c71
000305f0efff45713afffeff47b
ffe16f9480002b4313ffad9d769
fff227ad5fff1561b3ffd4b0d5c
ff9ed4a8900053cfd8ffc7d567e
ffd3f1837fff8b8a04ffe9ace0f
ffe7a7344fff3e078c002fab4aa
005c623d0ffeea728f002264b77
ffedd08eeffe3ba4170038d2c28
fff8ae3790009de6a2fff91aae1
fffe2a14afff9124c5ffd524a23
ffef20d4200047431c001a92f09
fff4c7e94ffffac81bfff519497
0023c45b6ffff87d4bffff9c49a
ffb56fd9afff0408a90005ae0ca
ffe18462dffffb015d0002ea998
00595ecddfffc82124000aefd52
ffe64913effe4b93ca0006067e6
0008c483d0017b659cfff9c4afc
ffcf14b9fffd424a4affeda1d98
ff6e90c21fffe6d597ffea1bea9
000d0c777fff55f404ffffcac83
fff9bb3f1fff86f94d000c673ef
0040cc321ffe63f06200054b5bc
ffd397256ffda8ff1f000dc3f52
003e49b930009d09b0000d4ec46
ffbe598c2ffec6d4d3ffe861ace
fff6bc7a9fffd4482200111272b
ffec3e59afffac147e00007288b
ffe5fa59afff3306fc0007213f8
ffe5e0325fff5a6ebf00077ef3d
ffe41ac9efff9a14560003794ef
002d81b6dffefb3a32000b57f6a
ffed5072ffff4b1d1e000cdd2f0
00560fd6b001a0d82affff32b63
fff5ed541ffdb4586affef603cd
ffb7baa36000d3557cffe9a3102
0008c56a6fffd722a100028a445
ffef1737fffe0f944600207cc88
002e4ed2dffde84e6300049f56e
ffb6958c7ffd8b71c5001739e49
0049c63e30009695b600104149d
ffbdf3cd3ffe8a4a9afff02dcf0
000e1940dffe9a0fd9001026cc5
ffe6825b8fffaceb86000074e70
ff9538343fff1808550006c171d
fff1c3c3bfffb68dbb000b5d7e1
ffe22eaa9ffff1381f0003e75dc
001870832fff343cb70018d189a
00162876c000948669000751d81
007f07d35fffbb886800026db54
0003524eeffce31810ffe4e09d7
ffb02870a000ae5c8cffd7ffb98
ffe2188a4000e0b547000684466
ffcdf717cffdb62b730021ddcc7
00356f014ffd373cde00045e4bb
ff9a146cffff1fb4fa001f05df6
004a3d3a10002a1d3d0017c629f
ffbe8d9f90004f7d80ffdcc13d6
003c85bdaffe5890cf002242121
ffea5e0adfffb971a0000125df9
ff8e2b163000057e08000ad20d1
ffe2c893ffff72d0d2000f0f423
ffdf1616afff88191f00020bff2
00192f7d7ffdf143d10023c747a
0059a4c61002b1a7f40004dcf58
0059d1d98ffd5001dcfffc0395e
fffabaa14ffa6c1528ffdb4dfbd
ff9158d42001f2351dffd62a9fd
ffc2ae4a700193ff9f000743df6
ffa7a4d5bffdf7b271002d8428e
005e777cdffc0f62f300098c3b8
ff8e61624fff15b7d5002370b06
001cb60820003ec1a500188f1f9
ffc93c5a600285effcffd6d7bb1
0046b39cd0005678f7002af479b
ffdf4893cfffc3a623fffdbc56a
ffd12484c001625619000baef27
ffc26e58dfff5fe37f0010bca29
ffe3f5d5cfff759ce4ffff01bf2
0032383d5ffc717772003155099
0081d6c280014a2407fff82d241
fffd30807ff9c8c372ffe5aaec6
ffe6083aeff78b5ed3ffd49dab2
ff79531a900280370dffd7ae72b
ff9ef709b000b7e87900011ebf9
ffa47f7c9ffef3113c0029a030a
007176914ffbfb65be00153e665
ffb7bcd2affeaf636500229d2ef
ffe78936f00137e650000bf3d11
ffdcdadf10033c611fffd39287a
003467af30025d957e002d96b48
ffe04dbe3fffeb1303fff753d9a
005719707001b44c45000732a21
ffa84f7bafff2979a0000522f84
ffe25deaafff49ade1fffd72253
004dc09baffbc4dc67002df6160
0043293ef0000fb800ffe6c60f6
ffbdc1744ffa396001ffcb723c9
ffcc1cb55ff7387f9dffd4d2d46
ff6020ab6003544ab3ffea08958
ffcc36bf3fffd57d6efff9dc87e
ffd2f2971ffe58624d001eb2151
005a7d065ffb77a92500160ffac
ffec96180ffd059385001dca2e7
ffe236c26001ffc809fffdbc374
ffedb4348002580815ffdd3a8e5
ffff343d7002140624001ce7d7d
ffe7c7d0fffff00185fff4f002f
008b619a4000ff9903000126a14
ffc0a9b09fff50657c0001b297d
ffea8c90dfff93e75900017ae07
0041acb49ffc083ecb0012066e1
fff848d85fff136d62ffe929ce8
ffbd59409ffc420a36ffd1073d7
ffc1c0188ff7e9b666ffe6fbf24
ff758b249002f63ae9ffe7cfd45
001d3de70fff92af3bfff618e44
fffd35d1affe16aa30001530163
0028d14daffb7ba30f0010a4dba
0008d9ab9ffc73b9e900153f410
000877ebf001e86f43ffef1fab1
fff41f715000dc6debffef29df2
fff1a1249000ec4ed2000d97c46
fff2b5d42fffd6eb6bfff835fed
0041701b7fffe33552000040205
fff469e25fff3f304000016d09a
fff712256fff703adf0000f7bb2
00103dfa0ffc75884000012bbe0
fffa9332bfffea4fa2fffe07b7c
ffeaa6e76ffe0d6bd4fff2f950e
ffe81e8d2ff9363f71fffd2bac0
ffd98f0c50032fd289fffb8b0f8
001832267ffffe52b6fffc10a12
0003ed637ffd619a28000a6bf82
000bceca0ffb4d830c00065c678
0002ecde3ffc60a77c000676aec
000465068001a40b9cfff8e2062
00008817a00056974f0002eb978
fff502115ffff456c0fffe88e00
fff48869bfffb21f1cfffd74596
0006c2b1ffff929eacfffee8646
0008bff4cffff3b594003ac0945
fff94f3e8fffc304f20002c8b77
000968e9cffcffffdc0054e8e3c
ffe9251e900162686ffff8920e7
000b5fbe4ffb23c946000478f63
0007cc85eff767dbffffdb32fe7
ffecf444500240fd5bffe81e4a6
001e70525001795a2b000c7203a
ffed1af28ffc367908002110634
001cc7f25ffa8481bf002eee7e7
fff2b3cf3ffefa7c0200233ce81
0007f4f45000e0f9ed0028fc6cb
000652a48002e31bc3ffeee502d
00074100dffe707180001043ee4
fff80e08ffffb6a3c7fffcfcf9e
ffc860d6300148affe000d46cbf
fffc51514000c50841003549ef8
fff201b86ffed7bc3cffff9a9db
002274f57ffbccd11c0045b40f5
fff7bc73e0037d69cdfffe541ca
000849655ff9091141ffe3198d1
000b705f7ff53d2e8effaa4dd0b
ffd5df74d00193550bffd9b06f4
fffa3f0f80023ade7600088aa18
ffdc4f509ffca8935b0083aef6f
004ea0a25ffbd25fbc002abce0c
ffe242be7000682808003c199a4
0002ca504fffdb4cd100209dfa6
00048b8a9004acccc2ffe32b53d
0003e86d7fff193cf2002e29d8f
fff025f84fffcfc79bfff2418db
ffcb0b5de0036fe37a00180255a
ffd17d4e2000fdf19a0014bed62
ffdb5ee04ffe994658000afbed0
00444d698ffad59e49004ed3d81
ffff74f4c0019b8d72fffa102c0
0037625f2ff609dad7ffa668e7f
ffeb6955bff4d79781ff9935fd6
ff75aa4920003cc258ff8455886
ffe2fb6c00016cde6efff6a0e1d
ffd831925ffda69c5f008cf0d46
0052ed83fffdc3557a00282e062
ffbe670a5000bf1e8e00767cd63
0037984d2ffff23a25001446472
ffd5cd97f0042468baffa10f30f
001f075cc00079d07f005b0d993
ffebae2cb0004ecc6ffff1dbbcd
ffd310c24003fb6895001285e35
ffc8d3fbb000d6a7bd00118cf91
ffd0aa268ffef7ec4c0008e47f4
0033f6112ffb940435004c4ccf2
002873d5b001d0025efffe0e170
0060319e6ff70bf324ffd82e093
ffd453874ff53a58ecffa7f1894
ff48351880002a6748ff89c7b7d
ffebb6e8f001b8d4dc00055f015
ffc4aa8e1ffd8858160057aa7e2
004eaf5d1ffd29b2a50012e7b10
ff8f6e4ff000dc0e7a005b8946c
004dfe00ffffd0be30002b69147
ffb6f2ea10042883a9ff8e80cde
003d7dd5900009957e00669ff12
ffe0cffd80002d53fdfffbc6ab3
ffbde8788003a9dff3001765e3e
ffd2095e3000c1ec8200126fcb7
ffd7cc94effeb7af2a000247862
002212356ffb4dadf000476a159
003e30e9b00280dee3fffeb5916
006a88c7dff78247d8ffdcc5834
ffe73d9ffff5254ed2ffb1ee79a
ff54b782d000b0d4abffac0d02e
ffda609be001c3bf070004bc721
ffab4fa36ffde0b8e7004fa241f
005141923ffd37e0a80014e168e
ff86b05a3000a28ed90045b0b35
003e8d66efffd25c4d00227b259
ffbd5daaa004471100ffa5a639b
00581f5c60009ec2800056e51f6
ffea6a9b800015331bfff787cbb
ffbf605dd003b53ac900117e191
ffcb5c591fffd904210016b633c
ffddf8031fff0e961300020304d
002603d4effa7f6840005565205
00701178100228c4b6ffeb4f947
002d1457dff719af53ffc76425c
ffe41c222ff5c3bcd1ffb31d37e
ff5fc1a59002900d11ffb024d81
ffb489c7800158df08000185836
ff9f0f812ffe72a51b0045db737
006d30de0ffbd8470400230c0f0
ff99937daffed702460044cec74
000afa4fe000d833020014a4389
ffd2dec9e003e21e47ffaae959f
004ab9f15002ec78aa00506c4e8
ffe480cca00045f046fff300c3c
000fefa23002a9103e000e014cf
ffb8ec345ffe967fa80018dc0fa
ffe0d611cfff18962efffa78329
003976c3bffb1a34080050e8dc1
007cc438e0008eda65ffdd68ec2
ffdb3a679ff8338b1effba1dddf
ffd5c3d32ff45cec1dffbd1f59a
ff5d50784003e63315ffdc66bd0
ffb700e8600014f31ffff68ee11
ffa53f6feffe8dab350030b910c
0070950b7ffa4be399002c85ba8
ffc9815d1ffcd13b90002a87601
ffdae3d2100269beabfffdcda64
ffe9db49c0039f9798ffd07451f
002dc00da00382ad7d002c8583c
ffddc3d1ffffcefe11ffed25c62
00784040c001c0e9370001dfd0c
ffb1e9d33ffee71956001328f35
ffe6c4921fff676c2afffe534fd
004d04192ffa6bacc2004ca4db8
003681b92ffee18e8bffd14e26f
ff941cf31ffa2e92afff9f72ad4
ffcaa319fff51439d8ffc68bb19
ff65e891a00482d75fffe95d45d
ffe388315fff46f493ffedc67b1
ffd4cb357ffdc979ed001b0da99
006307b48ff9d0e245003570670
0004c8bb8ffb0fe5530027bd1c6
ffcc58e53002dc69f9fff24ba90
000aaebd70019842d0ffdecd640
fff14409c0022a8da300110ebad
ffe7ddb32fffdcea49ffeda6460
0093b9ccaffffe28d1fffd35ff0
ffc191af5fff1657230012d0826
ffebbcc56fff5e850efffff3845
004b35122ffb5a73c60019740b4
ffee5ce05fff0e8312ffe791a9a
ffa1be31cffd324f57ffc0aa46a
ffc38a91aff6d93491ffe0bc1f2
ff79a12c300420b348fffdefd9c
001ddc7a5fff84edf3ffedbadb0
0000eb0d3ffce4bfba001f1de32
003409738ffa1481bd00263bf5c
001b76cd1ffb27d4ea0010a8488
fff9ed0940026e3116ffe97614e
000565ee80004bab52000940930
ffe3a61010000ae77dfff381a87
fff215e25fff9976cafff33da8b
005205e63fff395fb1fffe37aa3
ffeeaafa6fff514dc4000786499
fff31875cfff609e200002473ef
001b9e52cffbfaf8affffdfcde6
fff4669fbfffe03fa20006ec104
ffdc0538effe65b7c8ffddedacd
ffdef8464ff8bc0096fff945cec
ffcaabc4b00397464cfffd05b9a
002180c3bffffed300fff2c2353
00075da6fffcf02de3001a56337
0012f7e7affad93b060015e73aa
000985df4ffbe3c0de000989af4
0003c43f2001c21fccffefefba1
0003950e9ffffe452f000c8facc
ffec5d364fff8d0aabfff591588
ffef17714fffa2cdf1fff8646e5
000f1eca4fff3e7c4ffffded04f
fffefbc78fff1db9a80000bec8c
fffe39584fff5fea570000626ba
0002b08fcffcba9a6afffd3ab96
fffea068e000058d7e00070ca9a
fffc2821cffe3d29f0fffb4e308
fffc19068ff965a34300016e35e
fffaeaa72003062cd900031471e
0004ccbd20000ee118fffdbb362
000143d06ffd69fa240006645fe
00022a8d8ffb6c9c9e00042fcf2
00010d7acffc853742000090472
00006176000196230efffe5fd28
0000e8b02000525a0f0004cb8d2
fffd036b4ffff57404fffc4b0de
fffd27f78fffa56772fffe71208
00009fd60fffa9531cffff48c96
000fecc90ffdadc019003f964ae
fff705f260003a44b8fffc45114
ffff0d8f2ffb88c0ef005c33511
fffa543590023b15defff2f97cb
000504962ffbcfb75bfff56a3f0
0004f7151ff71d7348ffe8fceac
ffe3b34e20069c7fcc000686a4c
001de1059001483cc1fffe8169d
ffe129ea7ffce99fe0ffef1ee5e
001b0c371ff656d2a400417f39c
fff770b3cffad3f91a0004a66d2
fffad7d24002bf20cb001681663
00167a776002c01e19fffecefd5
0015d8627002e0f916fff8acbb2
fff587dabfffb1c81bfff686470
ffde1218efff6eedc3000041ab0
0002dc106ffdf8ba720057e4d42
ffec09b53fffd873cefff4d5873
000fd7d5dffa41e1ee006025229
001083a4f0034530e2ffeff3b24
0001401deff70306d0ffd22bdd1
fffb9cf0aff07886efffbfc788b
ffabd561600847142800181a266
fffd730b0001816285000476ae1
ffca31fd5ffc9f97dd0061815e7
0045bf125ff463b557005c8dbc2
ffe6e00f2ffbe2e2280009e04b6
fff8710af003c57a720000c0d04
001e7b2a0006a53fde001370a4d
002536f1c0036ddd7b000d005f3
fff23d2cbfff36d15cffdffd689
ffed7a30f0014aeab9000e75d48
ffd96b638fffd2ec4200473f5f9
ffde11ffffff5e5ec4fffa7fefd
002ac3bc8ff6bcaf2c00754002c
0036f514e0032c5bf7ffcf3df4f
fffa3bbf8ff2aa8445ff7d7660b
ffdd11ab0fef00c2d2ff9a3ef4c
ff5d313d5008e69ffdffd5a0f5c
ffe77ec6600145de63fff54e817
ffb768f0cffc21546000b821306
006250040ff57e23d1006840762
ffcd542fdffc1f7608005468c84
fffd442e4003ac3414ffdbb62b0
0003f141b0072b9728fff902def
002fade600038b0c480030de643
ffe872477ffffd91bfffd31c9de
001a32c84002139e7400089dac3
ffc5df131fff8981ae003801217
ffdbf9217fff4ff345fffb16f43
0036825f0ff6b0aca4008c4b4f8
004b305ac002c81f81ffb01ff50
ffe3137a4ff30f3688ff725d6fd
ffcd17cb3fefcbc858ff8fa0a08
ff42aeb0a008a95248ffb5129c1
ffe4e8ebc000f4d173fff1e88b8
ffb14c312ffd1969bc008453b01
0069db467ff640da9d005d3cba5
ffce2b764ffbca3bff005cd6c6e
fff453f8c003aba65effdf3545e
fffb4f9b500672e54fffc99a6f4
002eaa826004bb1f1e00486dfa3
ffe3e6afb000132e03ffd8816d9
0040993bb001ca550000050b3f9
ffcb04980fff7d0705002b848b1
ffe042e56fff56ee21fff9fa9b5
003517f27ff7b55a79007dc3e8a
00583ee180014add9bffae00ada
ffb885beeff4308b7bff7432f1f
ffcc04ebcff103cf03ff9a7f1e9
ff532f2e9007f36440ffd28a3bd
ffebc7dfd0001bc3ecffee1567f
ffae8d0fbffd8ca89e005dd2c7b
006dfcd13ff77136060053bc130
ffe651216ffbe91063004802f1d
ffd3e969d003eb9fbeffe2329d3
00102af1a005792c1dffd3c48d4
00230e7510043002fd002ef6c4a
ffdd60cb8ffff44278ffdd84e3b
0068d5209001455395000120a51
ffc48a5a4ffeaf76e2002eb2f3e
ffe5b2c14fff23351dfffc5f841
00407560dff8a83ebe006b9615f
003f5effafff9745d3ffbb372d4
ff8b20585ff79319a7ff7b31a35
ffcc7c1daff35b24bdffb22e4a6
ff61ab91d00732876effe3127a6
ffea5ba5ffff23c24cffe337d45
ffc5d95d0ffcbc24b6003a18b6d
006cc6b3bff7c5bfad0058ea841
000992d96ff9c8c3b30036266cb
ffbed0db80040f91b8ffdcf4a59
00260c6ef0030e8e6cffee0ef73
ffffa07b50030f62e7000b50bca
ffe51cd0d000029877ffe1b28fb
0090605190004b756efffa29ab0
ffbadebb9ffe877fc0001ed79a7
ffec838f2fff88a7fdfffe907cf
00522fe85ffa61c426004707bfe
000fcda02ffdc94c6dffd458859
ff705da04ffc074e8dff904c7de
ffc3f1d6aff41a577affc4f43ed
ff7207ebb004fd8e3c00061e5da
000babceeffed12a2effe342a8d
ffeaeec0cffcf4a0160027ded28
005cfabdfff881ca3200451bc84
0021e3690ff973629f002468a32
ffcbf99200036357fdffed5eaaa
001c4ce210007a1827000408e08
ffd887bcd0011a7080ffe9678e8
ffea36150fff957d19ffebbc775
00839d65effee667f6fffa18b58
ffd3704a2ffeeb0b69001ab2882
ffefca091fff2788490004399e0
00441c2d5ffaebcbc00017b0d07
ffe6b0cbefff162527fff9fee8c
ffa2194d2ffeec8c62ffb4ebf52
ffd15d760ff697936cffe20a849
ffa400885004a6134efff8337f1
00218d91ffff977086ffe0c1f67
00088a67cffbbc406c001896eda
002f272ebff92a66f0003583a21
00259a544ff9ecf6320014ed4fd
fff2922b500284f308ffec09f09
000e85b7bfff3cd73f000dad752
ffd7fb6f2ffee9dd73ffe39d8bb
ffed8d461fff6ea0fffff3da688
004537433ffe89b1f3fffbe516a
fff4300f2fff265174000ab4c0e
fff3fb24efff46babb000143c8c
001a1f3eaffbedef8cfff331288
fff1fe39efffcc929100202a6c2
ffdd084b4fff31fcc5ffe8a0201
ffe5261f8ff84e5223ffffb8eb7
ffd8e0740003983eda00106ca00
001e531100000b3cfbfff1ac9e2
000992cdeffca8d28d001477cea
001216ceeffa8aadc90018e8a5e
000d96052ffb7f1635fff9f2122
00004062a001c5370dfff9cc97a
0007d8736fff7d0d9100149a077
ffe8ae256fff33361fffeb563c5
ffee05868fff7b414bfff8950f3
000e8446cffef63c07ffff34acd
fffe9bd38fff1d7a45000189696
fffd91b24fff4891c60000caf35
0003ae75cffc94f0effffa496b3
fffe1ec3e000210bfe000e895a5
fffabd57cffe6b009afff651c64
fffaa8aa8ff955b28a0002f3277
fff90acc2003365dda000659d57
000691d220001c203dfffb525e9
0001bb376ffd2567ec000d2e547
0002f7098ffb4693c70008a2271
000170d8cffc621882000129831
000085660001a05caffffca5cf4
00013e7d20002e5d190009e34e1
fffbe97d4fffbb113dfff85b337
fffc1b838fff9b0643fffcc97e4
0000dac60fff93104dfffe86333
000000000fff1b7132000000000
000000000fff7dc925000000000
000000000ffced6a58000000000
000000000fffdfe34e000000000
000000000ffe0aa954000000000
000000000ff975c421000000000
000000000002c4e033000000000
000000000ffffdf06e000000000
000000000ffdc2b7b8000000000
000000000ffb9c1890000000000
000000000ffcafcb3a000000000
000000000001885e54000000000
0000000000007c028f000000000
0000000000003f61c6000000000
000000000fffb11d08000000000
000000000fffc3c502000000000
000000000000000000000000000
000000000000000000000000000
000000000000000000000000000
000000000000000000000000000
000000000000000000000000000
000000000000000000000000000
000000000000000000000000000
000000000000000000000000000
000000000000000000000000000
000000000000000000000000000
000000000000000000000000000
000000000000000000000000000
000000000000000000000000000
000000000000000000000000000
000000000000000000000000000
000000000000000000000000000
000000000000000000000000000
000000000000000000000000000
000000000000000000000000000
000000000000000000000000000
000000000000000000000000000
000000000000000000000000000
000000000000000000000000000
000000000000000000000000000
000000000000000000000000000
000000000000000000000000000
000000000000000000000000000
000000000000000000000000000
000000000000000000000000000
000000000000000000000000000
000000000000000000000000000
000000000000000000000000000
000000000000000000000000000
000000000000000000000000000
000000000000000000000000000
000000000000000000000000000
000000000000000000000000000
000000000000000000000000000
000000000000000000000000000
000000000000000000000000000
000000000000000000000000000
000000000000000000000000000
000000000000000000000000000
000000000000000000000000000
000000000000000000000000000
000000000000000000000000000
000000000000000000000000000
000000000000000000000000000
00059e47800009186f000004d7c
fffb33e92ffffa711f00001782a
00042501e000181161000058444
fff2afbacfffe93434fffff451e
0002d4866ffffa1140ffffe6928
000f736040000b44ad000064b78
ffeecefb60000b2ed8000062f50
000893110000134517ffffc2478
0003d896e00011dd56000023c70
fffc8e490ffff87ce2ffff7985e
000e980f600013e0c3000033df6
0002aaf280001b1e960000460aa
fff68dd36ffff982de00003c342
fffb1f29e00003fd5cffff9482a
fffda5e68ffff6db3affffcb9dc
ffebf9deefffdc6f1800004c2a4
001157a820005b670b0001b6533
fff989104fffbf9c4c00004eadd
000b400c700112a59ffffeaff3b
ffdf30db9fff105cb600005b5ce
0011b6cdbfffcac355fffac10b9
00204bc4e0005dc28e00056500d
ffd2f82050007cf388fff3cf52c
0023f71ee000d00457fffc91c56
0005c9bdf000c6fdbf0004010fc
fff9d7417fffb17a4efff737989
001f01730000d4f4e1fffff1a00
fffe9d5f1001335bd900026e8c6
ffe59b556fffbadbf2fffdc6c06
fff111d690002ae419fffaf90be
fff40cfabfffa20b5cfffdd756a
ffad03e4effe7d555d000233083
001b2d1e100018e96afffe6f197
fff78aa0bfffa9f1950000857e1
0006fa99e001a269a0fffb8c9cf
ffeecfae4fff1d12a2fffbd15b1
002e52c2c0004e292bfff54d463
00298ff4cfff84272b0008ec1ef
ffc95e08d000a03b94fff0eed12
002e28a140012b77f6fff3d6d15
fffd05e0600109c7360006ce1b7
000079f17fffe46fd6ffe453df5
002216e63000ead52800041017d
ffeb1f89c001cf3ceb0004e3d14
ffd1c984efffb3e822fff747b2b
ffe3f35500005ab56afff6e7c2f
ffeb735b6fffce3f0ffffc9d250
ff6fcff19ffdd687d70000d0072
001b19c7e0001d5c7efff6cca76
ffec19379ffff66732fffe8ca5c
fffdabcef001c00ad9fff68ddd2
00176d77c00059f46afff4673e5
003c37309000ba2dadfff3e8916
003167c8300058f51d000a425f7
ffc2e96c2fffecc5fffffe81f5c
001b2f250fff2e3badfff136971
ffe6a7c010011ff0900000cc004
0009dc28600093a9c3ffe1fa4b1
00209ec1500071b72a000301f36
ffce8e40e001fe33b400027e8de
ffc5900d800031832dfff6b42c1
ffe030d4700095549afffb956f1
ffeb02f3dfffd692e6fffb5f7b7
ff6d34b91ffd3a2c30fffe49d34
001a223b3fffae0a300019c82e5
ffe61f2f10001cde58fff9da087
fffa7cb16001ccb89bffe178162
0027d0c9bfff93bda2ffe7a6027
003d1a6c0000a2ddb6ffc127427
002e5f402000c75b79006cce4bd
ffc47c735ffe8bb45bff80e3ed9
fff0f76e4fffef35f0ffaba8f63
ffdf5564d0018d1adb003db91f5
000804e82000a560b7ffa521333
000f0b87a00119c0ccffcbd4a97
ffbcb651b001b3d34f000c31655
ffc3f103500044f25fffe6586f2
ffe5e3b43000fa9c8affe85de15
ffee566b6fffb3ef2cffdb8d203
ffa46565effcfcaff40015c2f46
000a8104dfff934139ffc1ca8a4
ffe71108700013766ffffb4605b
0002e3f7d0026fefa7ffc21466d
0014d0058ffef0a019ffa429996
0027b5d27000a8546fff8e36e0c
002a889c000114be7100af32947
ffe14c5adffd2e5ba3ff98f4957
ffd8208f400007c317ff6d8c7eb
ffef3cbb1002926a09007fb8b14
00008fd820007d838dfec0ee6e5
0007353e20018138e90009a4eca
ffd4c06aa00357b29400341c9b9
ffcb9d4f7000369e67ffd2e9097
fff19d01a00157b815ffa736ed3
fff559328fff5be01affba8b884
ffefb95e7ffc2143df001bc9f71
fffd3a9e6ffe3b16b5ff5d9f628
fff364f960001de871ffef75112
000deae6f0013cb994ffb7d5b4f
fffe63239000fab661ff9284417
000dc28d3001509d4dff7b5d09d
000c12a8cfff3d16e0005968ae3
ffea57a57ffbc636c70013f80c5
fff17025affe6632c7ff788a9ee
fff26c4d60015228f3ffe256642
000101e83000c99c3bfe5991192
00119e7e2ffffa4bcf007ad27b9
fff2f1c94002c9791f0016ef650
ffed497d70001eb02effd8f3812
fffdd9b2a00103b9d2ffb2af048
fffe9ac16ffffdf3ffffbddc219
000303a92ffef9cb6ffff0f557f
000000000ffeb03355ffcc9944e
00000000000077474dfff701bca
00000000000012600d0002e1373
000000000000f68a00ffc03828f
000000000000db44d1ff9418e29
00000000000029aae3008367252
000000000ffea897780004b76d6
000000000ffd2d239effe5a2eb0
000000000fffae5a17ff9b41732
000000000000f25df8fec88a4d5
000000000fff0ef83f004e77dea
0000000000007c76f3000e28d20
000000000fff7cc26500242aa12
0000000000007f4147ffdb6dc17
00000000000029eccdffca51645
00000000000020209affe9ef416
000000000000000000000000000
000000000000000000000000000
000000000000000000000000000
000000000000000000000000000
000000000000000000000000000
000000000000000000000000000
000000000000000000000000000
000000000000000000000000000
000000000000000000000000000
000000000000000000000000000
000000000000000000000000000
000000000000000000000000000
000000000000000000000000000
000000000000000000000000000
000000000000000000000000000
000000000000000000000000000
000000000000000000000000000
000000000000000000000000000
000000000000000000000000000
000000000000000000000000000
000000000000000000000000000
000000000000000000000000000
000000000000000000000000000
000000000000000000000000000
000000000000000000000000000
000000000000000000000000000
000000000000000000000000000
000000000000000000000000000
000000000000000000000000000
000000000000000000000000000
000000000000000000000000000
000000000000000000000000000
00032052e000000000fffffc590
fffd3b15000000000000002dfc8
00026bf450000000000000bfb70
fff862d31000000000ffffe5678
0001887c9000000000ffffec580
0008fde3e0000000000000abdc0
fff65405300000000000011e140
0004c2474000000000ffff904e0
00026447700000000000002db00
fffdef739000000000ffff1dc98
00083e02000000000000006e118
0001a7301000000000000080fe8
fffa71fa400000000000008b388
fffd29fcb000000000ffff40ea8
fffeaa731000000000ffffa15f0
fff4bac9a00000000000008ed70
0014f2ed70002f36c7ffff8d50e
fff750d8efffe65d77ffffdf8ae
0009a7c830007caa3c00005819a
ffdc33dd2fff7a799100000a4a8
001179c1ffffe4b0b6ffff30c3a
001efb7d600043fcbc0000679aa
ffc90cbf800036f102ffffbd958
002697ce400080ca36fffdb02c0
fffecd0610005fc0c4ffffc7dcc
fffcabec3fffdb6ac9fffdb8296
002998a8c00073054200009fd1c
fffcc8f3c0008fc96700004f184
ffebeb405fffdaaacc00002b128
fff34e1c70001f24ddfffef63f0
fff5b0a6afffcf7468ffff905d0
ffae50de2fff2b04e6000052b92
0020c7f8b0002879110001fcc65
fff551789fffe01752ffff25180
000491c86001188691ffff4b6d9
ffe84dd16ffed28f33fffd6138b
002b00bd400031af82fffdead4b
002ed62b20003fe2ca000733c79
ffb6848650001e89a2fffd558a7
00422d632001be9feffff79ffcf
fff28574d000ec14400002f5719
0002c4e41fffe986d3fffb99953
002aa7fdb00120d1c4fffb1bb7c
ffe2947c1001719620ffff7052a
ffd5520e5fffb5044bffff759da
ffe7ab08f0009c735d00017e438
ffe67c607fffbc41d9fffe3f302
ff5c2d0b3ffd8c6ad1ffffe38f5
0018a1677ffff8172ffffc0f481
ffe9721160000ec436fffd8ecc0
fffbd7f4c0017654fbfff8ba423
002e6f951000835a3cfff866e48
003fc69e2000ab26befffc8f60b
00304c5cd000bd8808000c6438e
ffcef1308ffe3e2d82fffbd5a44
001068acefff97f284fff8a6aa0
ffd38e20800175f6990008ffa90
00111f9920008826d2fffa0f542
00160a498000de6d41fff724734
ffbc5f387001f51e26fffe807e0
ffbf55afa000a0e6e9fffff50d9
ffde9ce4c000e411d700036927a
ffe8f15befffc2ec34fffc2ff20
ff70e922effd438289ffffdf3b1
00148c41ffff4265f0fff7b0d31
ffdc019f4000366636000146312
fffd677a7001e4ab7e0005b371d
0039c2c76fff75eff5fff7361b9
00339abcd0006f566ffffaae4bb
002c671d20012a4fe4001621c51
ffdc605a8ffd8bd94b000e83894
ffe2d6d8dfff309282fff923a58
ffafafe16001b5838c0009985d8
001c57cae000cc4482ffe2f9b57
001fe8f0b001302e8d000623902
ffaf1b4450011fba110006850ea
ffc9de10200069da7b000b390d3
ffe916ec1000f8c73dfff57233c
fff3707f5fff9882c6fff4ef094
ffc7cb1d5ffd9dcdf00008ddad6
0018fd369fff5251c4000619cbc
ffd6f652f000070a24fff59535d
000887beb0021ab894fffc0825f
fff578b4b0001f1fd0ffedd0950
00140cdb8000539b2fffe84aba3
004503f0f000dba4480035d5baf
ffd458a0cffd34444bffedb3a26
fff802436fff184b07ff9c9aad9
ffb69db89001940da8000e0e9e5
0013f4d820013d6e6dffcfe8b47
003b38e7a000f9696effde65a84
ffc923744fff99d7d5fff7d69bf
ffd1bcf0b0017350e8fffef4fa8
fff6632b20004d04db000577f5d
ffef915bffffbefe53ffeaec033
ffe73d655ffe24ebe4000570488
000cc32b8fffe0be5afffaee7d1
ffede0a9d00003e180fff62ef0d
001117d2d0034dc428ffe32330a
ffe1e8b75ffe443361ffb5f3999
0013997a2fffc39a56ffa28a7a3
002ed2cef0026e076a00e551f8f
fff8cfbb8ffd5b794eff8b7a7c8
0001e038efffe61a77ff7c07b32
ffde7718d002b548730085272fc
00072e8e600137267eff2016af4
00164d2d90021a220affc2abd02
ffe330798ffff220790026d6ad8
ffd309eed0017d1ada000e86f59
fff78e66100080a601ffc86ee82
ffeb2b6b1fff228d6affb3770b1
ffe2327bfffc255f7100288c810
fffb9044cffeaced12ff653f6b4
fff128e23fffd39fccffea17ac3
000e693bd0027b0c11ffb006c3a
0001ff3d6fffbd2406ff903ae94
0013838ac0007eb5d2ff9520564
001ca9545fff64e7a5007129f32
00133be1cffaaacb9ffff2db648
fff2eeca3ffeb46990ff56b0f7e
ffecea133002cdf11e00373c11b
000afd01e000e8d928fe7a0b100
001acc6c30008adae9004a51723
fffcc693c0018124cc000d2f238
ffdc8b835001b56136ffe145117
fff10c8e20002ea76fffc7e9068
fffcaaf40fffa42d93ffbe56d27
fff17ebe5fff725b85fff2748e1
ffffc33eeffddb08adffad5c425
ffff272ca000393fc9fff10b8a3
00005714d000459e9cffe51a368
00033bbeb000a7c7e8ffac81dc0
0002e4875000c0a63eff8cf669b
0001d06f0fffe6a93e008efc7b2
000290d29ffc98de87fff608cb9
fffd2a752ffdf52cd7ffec15334
fffff5782fff9aa110ffaa1eaf9
0000a78c100140de12fea33cfbd
0000a2482ffef51dec0051e123a
ffffd104400015cc08ffff4ba84
fffc6eeddfffaaeac5001eddae3
fffd7585e00013a280ffeb6f481
00004e092000076f48ffc1228e6
fffd87e26000572615ffe071887
000000000000000000000000000
000000000000000000000000000
000000000000000000000000000
000000000000000000000000000
000000000000000000000000000
000000000000000000000000000
000000000000000000000000000
000000000000000000000000000
000000000000000000000000000
000000000000000000000000000
000000000000000000000000000
000000000000000000000000000
000000000000000000000000000
000000000000000000000000000
000000000000000000000000000
000000000000000000000000000
0003151f6000000000fffffdda0
fffd4501000000000000001b0d0
000263471000000000000070c60
fff87e1ad000000000fffff05b0
000182fe5000000000fffff4700
0008ddac6000000000000065180
fff676ac70000000000000a8480
0004b13a4000000000ffffbe4c0
00025bb5b00000000000001ae00
fffdf6d95000000000ffff7aef0
0008207a0000000000000040bf0
0001a143d00000000000004be10
fffa85e14000000000000051e50
fffd3425f000000000ffff8f990
fffeaf3ad000000000ffffc8560
fff4e32b2000000000000054060
0010e43f30003c8625000008978
fff7ce469fffdb03b5fffffcfc8
000a1213b000a027cbfffffc038
ffdf7de0bfff684ebc0000188b0
000e3a2dbfffd885c0fffec7968
001fd1f9c0004afb8f000104988
ffd2667060004a6a48fffdf9da0
001f812fe000803a5dfffe56670
00044a93f00076e07200007e960
fffa69006fffce02f6fffd7d6e8
0022612b9000844641000056040
000033751000b4763200008acf0
ffe99a7defffd4d24affffc19b0
fff32444f0001a8c74fffeac9f0
fff6ad7c3fffc327beffff72a90
ffb97cecdfff1355080000830b8
001d927320002b3a0affff539e2
fff5ecba7fffbeb505fffff3134
0009ca70800148667affffb5922
ffe87c702fff1810abfffee1bd6
0026472880001de740fffee7d1e
0025c56ecfffefc8b700012f88a
ffba45156000748f65ffffeddda
0048bf4c300142950cfffdcd9a6
ffe38af5a000d9b0f900004164a
000962bc1fffe31a78fffb588ce
00345c8e3000f318b10000dfa54
ffe38bcb100143e908000069f64
ffdd7306bfffca44b5ffff264f8
ffe93bbc50005320a4ffff6ae1c
ffe947d6cfffc5cd0affffc0634
ff5dc6af7ffe0afb41ffff5e946
001ec189c0004e482cfffe95300
ffe953d28fffe20b8600016e0d7
fff44fb9b001fea1580005a61c8
002fc21790005df9e9fffdeb041
003b0c426000592142fffe51f36
002ff4870000eaf7fc00071421c
ffd73b7d1fffba7998000a8eb6c
0019d6731fffa3ea2dfffcece04
ffc1c3685001305523000111b2c
001a67477000bbd599fff69a4f1
001abcccc00108c44500040b4a5
ffb5ea2a50009a46980004b0d13
ffc802c21000dc98070004e5809
ffe0e967c00061549ffff91d4cb
ffe72c97cfffc41502fffc20026
ff6dbd3e8ffd19f74e000508604
00132a01dfffa24bf6fffa6d7db
ffd7542f3000383cc2ffffc6a7d
fffa8f032001e343770009cb0ee
003b8eec400007a966ffff26576
002ff6286000471ab5fffbb93b3
00395501d000b9889d000531ecd
ffe7eb99effe16e209000f2a352
ffd26c2f1ffdfa0285ffe8ec529
ffb22a62c001b30a46fffc0ac07
0019f66be001258ed6ffea4bbcb
00166209c00086d9c30008cf074
ffabc2190fff78d57700045f8cf
ffc0c641b0017c0a2a000779f1e
ffea86163000382ad2fff50629a
fff1487c3fffd79f38fffa894e7
ffdfe6da8fff07a89d00056ea16
00064d15afff2ae4180003f1ce4
ffdd841e20001cb11800022dea9
000f71115001579bb9000d4c59a
00047a54bfffbaf6effffc21fa4
00097851000001189effe4626df
00261d9fe001400f7b002d226b4
fff66249affc8bc1a0ffe41a377
ffe48aeebfff655521ffdce23ec
ffa9e7a08001142b99000e7b94a
001a95018001430e33ffb1e1808
002b993360008e7463000b15299
ffcc04abbffed98e9f001324610
ffe2318850015b3ca2000903bea
000058accffffdc986ffdd51bac
fff781477fffa98befffeeab2be
001bfc1a9ffed75830000da153e
0020707fffff77cbd0ffe435dbf
ffe32250cffffb8804fffd9626d
000f0c6490017a76e1fffcf3142
ffc31ab19fff8f3400ffec7b5c8
00096dd05fffb612b1ffe9ab2b8
003512f1b0011e04510008abf75
ffd02fff6ffc77fdee000eced17
002744d37fff92a961ffc90b861
ffb8c2f940019d3a24fff944b26
00177b61a000bd2b0aff9ba5fc5
005926890000fd3de2001fd30c8
ffe60c8e0fff4e32ee000848dd7
ffee07daa001824623fff2d1803
fffc99072000080988ffecf47f4
fff04a9effff8bba42fffa7ecf8
ffcda7e33fff434a1efff53246f
001475f2cfff99d58300256ded0
fff42a2f6fffd1ef93000043d18
fffe24d1a002ad949b00001adc2
ffe17ab0dffdfa9188ffd5c708d
001437587fff84c429ff9e7359a
003cc7ef5001f6ec8d00c1bb1c7
ffed61d10ffdb7a66bff8ed81bd
0023ae290001caa944ff8472991
fffbc2835001c9b09f0047f6759
fffece8e9000fe1f01ff47e026f
0008ce4180025b9ad5ffd2c6d4c
ffe7f61d0ffeb2aa63002b4c850
ffd0767ec001296139ffffb8095
fff5b4b860003edde9ffbb952aa
ffe1a4ddcfff4788abffbaab82c
ffac9afcdffca9b6680033db5b2
fffde2752fff91fbdaff6fa29c9
ffed4d1f2ffff8be60ffeb4dce4
0013129790028d2e2effba95fd5
001ee1d2fffff124e9ff935748c
00333b20c000415811ff9e965b1
001df2e1bffffcf6940068a1d04
ffecae24bffbea707c000a2d604
ffdacb246ffd973ab2ff34b8590
fffbab2930030d2ca4004ab7d2c
ffff6ef6f000f78821fe9ded901
000c599f100061b07b0038a72cf
ffe72c42a000e6410700203aaeb
ffc2409470024bbb32ffdcaff69
ffe332158ffff8d57effb6b52e9
fffc24d01fffa37339ffc8ca488
ffd2737d0fff93e03afffa9c1e0
ffff08163ffda20eaeff9d64fdd
fffbb73f100013492dffee76054
0002b851900032aa53ffdb63c55
000d2e4450002178d8ffa4f82e9
000d1086a0007f1e36ff909cf10
0006887c9fffce6016008aaf158
000324de5ffbbceb25fffdac598
fff2aad93fff145e3fffe3d8b75
ffffafec9fffa64d9bffb871d2b
000155a7200117de3afe9ecfb8f
0002ac07bfff41c9bd00516a2c4
fffc95e91fffd36db4fffeaa485
fff11c0d0fffb64f72001c1d93f
fff689fcaffff150c9ffecfe15b
000148903fffeb345effc2add20
fff726a4500086e984ffdcfd2ea
00008a55a000000000000000000
ffff85770000000000000000000
00006b287000000000000000000
fffeaf16b000000000000000000
000043d73000000000000000000
00018de0a000000000000000000
fffe54081000000000000000000
0000d293c000000000000000000
000069d4d000000000000000000
ffffa4a43000000000000000000
00016cb60000000000000000000
00004925b000000000000000000
ffff0a34c000000000000000000
ffff82829000000000000000000
ffffc4f6b000000000000000000
fffe0d4be000000000000000000
00119e9890003ee1d0000042270
fff5298f5fffd992d000000bef0
0008f9a19000a66530ffffd0490
ffddfc19bfff6265c000000c440
000b2dd79fffd6fc00ffff611d0
002195c3c0004de7700000ad250
ffce7362a0004d5080fffe71400
001c4760a000853950ffffb4d80
0002ef6b90007b82200000880e0
fffaa8264fffcc1060ffff09070
002850111000896d90fffff0920
0001bbd19000bb7e2000004a6a0
ffecbf3ecfffd323a0ffffb6680
fff4cf5410001b9540ffff6c6c0
fff9060b7fffc0c8e0ffffbf640
ffc364ea9fff0a1c80000044750
001f10ce700034e57dffffdcd08
fffa23425fffba143dffffd7300
0008ec75a0016cd164ffff5bce8
ffdeaa1ceffecd5dfbffff223b8
0024f07fc00020d082ffff48938
00232eeb5ffffa0cb4000107d68
ffb672e5c0008341d6ffff7ec18
004a9c01000192cae2fffdb1c98
ffefdfe72001028ebc0000ac828
000314363fffcf69e3fffdff7f8
002b120d70011d99c6ffff87160
ffe69de7e001a28a7dfffffb450
ffdfe22f5fffa6c8a4ffff05210
ffec6a35e0006ff94f000010200
ffe73f90ffffb553b8ffffb5d10
ff6046105ffdaa3212ffffc7c88
0019218bb000223b17fffdfa218
ffe8965f8fffe7cdd2000267d68
fff83de20001da117d0009f2ee8
0032d90e1000513bdbfffd04418
0039a447e000a0de8afffe38638
002ed6041000749978000b56850
ffd60b53afff6e1ca200118c430
001e4a4b1fffb19887fffa361d0
ffc1e0c3a00154be14000319c30
001b0861b00088db4ffff144938
0020a5519000d66ed6000664868
ffbaa82a9001cec87a00079fc38
ffc7a3da60007827c500087fe40
ffe00b785000a36531fff4dc268
ffe93ca06fffca6737fff9e1a70
ff690a40bffd11fa8700084d6f8
0013331defff6eda3dfff962ccb
ffd920af50003e524e00021632f
fff91fac20019ee3f200148726d
0045453070005a3457ffff094c0
002d50ef9000996d28fff01dfe1
00341ee09000bd7d050015cd2c9
ffec19dfaffe1931a6000e31a08
ffd3c2119ffe5b86e5ffd478128
ffab8c604001526f4700011f496
001c7f81e001101f89ffc71bb2f
00119cbc50008baf94001382eb6
ffa7afe2400061b92d000fd295e
ffc3fdaa0000dd63e5000d80934
ffe92e8e00009dced6ffded3d30
fff227c35fffdfd4c8fff0baf34
ffdc916e8ffe535ead001154ce1
000bff041fff414883ffef478f2
ffdc78d6e0002c270dfffe39b45
000de1f2a00131f2a20011aa05e
fffc370d7000872f24fff5a183a
000f1c98600028d255ffe5464e4
002fb33d7000b9e432001bb7602
0000d08a5ffd224b320008ebf10
ffd686ed1ffdc848aeffc01f9a1
ffb25bfaa00110eaaffff6c7ee5
0017ca8be00117845eff900b149
002836ded000051d8500206115e
ffced7be8fff4dcf2e000edd16d
ffd9507d10014e0eb50009b78f6
fffc3a3ecffff7329dffe008036
fff635d06fffd538e9fff3b41c4
00250c81afffeabb5cfffe9079b
0000f2b4ffff4fc7210003bb301
ffeed9610ffff484c4fffc85017
000f905fc000f4e4bdfffea3e92
ffd845f1afff8f1e38ffe81c724
fff4cb1e9fff9b4d58ffd613f77
001dfce55000b9807200483765c
000f02afeffe12d91dffdabdbf1
000894af5fffaa3110ffcc68aec
ffd162c1f0006c74050008cd525
001132229000d95d63ff921b5db
002a6bae900073408ffffcadeb4
fffadc57effddc10cc000cc3a02
fff628b8000104aa4b000030b25
0007b8e36fff8c0069ffed3c467
fff782833fffcab98effeba1934
00182d95d0001cf9d3fffe9684d
00170afc10004ae70fffd32f91e
ffed898bdfffc5d3c1fff9c7c4c
000d66c39001ace435ffde5a098
ffd91d835ffe8f1d70ffdd35b34
00033ea5bfff6297eeffed5f273
001aa1929000c28a1300129da0e
ffc369b42fff2bb2e7000776bff
004c8e63d0005e35cbfffe7aa8e
ffb6cba0400177b2b6000aa33b3
001b558f20004a6663ffbcc7375
0059191a0000ea1e67000bd4a99
ffea41b0dfff62045e0001ad6bf
00020826b0010842d3fff586483
fffdca166fff99642dffff4b233
fff4432b9fff83828ffff8d6e9f
ffa1a41b5fff0f3360fff2a6b4a
0024677e7000089bbf002b49b79
fff69b622fff821d6100031f9ae
ffe83341a002860ad60001e2d5b
00094e16cfff0db5dbffe2d63c1
0024d7591fffaca9f9ffa9b8905
0032d3bce0014b62c200ad3e579
fff0c6f71ffe5fadb3ff89a6d8c
000a9b071002346b1dff957695a
fff23b944001692eb80044c3f7e
0003ef731000c27a67ff656d892
ffee515e1002199a53ffd6b0bad
ffcb30f0dfff3f722300201377f
ffd24a7dc0014e88cdfffcfbb49
ffeea02dfffff7f50effc51ad47
ffe254fa7fff701297ffbb479f4
ffa8947c7ffc8b00e90038b0df3
ffff86ce2fffb5c7ccff77f3851
ffdfb3d440002cf7cdffeaeaa68
0012423bd002646d43ffc0f6990
001474cfafffe331a8ff9a17a86
002ef3ba500044433cff9d4fe17
002feb8aa000269b1000656365b
ffe5d891affd6c6de7000581ff0
ffd2b8d8bffcb4836dff24b3448
ffe72599a002b0e47d0045411e6
0005b43be0010277eefea3698c2
001e8a050000257a410035bfae0
ffdc881f10006fc9ce0020c8a4a
ffbf462e6001e7ceaeffdc4de54
ffec47e8c0000773ddffb37b516
fff93ed7bfffc157a4ffc9bdd5b
ffefb9a97fffe2d650fffcdf43b
ffff01c37ffe1549f2ff9bc4a35
fff9ee60afffe9f858ffeea1068
0006f3ed4000511a2cffdb46d7c
0003228dc00014abb0ffa054134
000996ba30005243f2ff91e4550
00034ad03fffb8231e0090d8cc0
ffed2351dffc4efe7affffbd6a6
fff528469fff922762ffe4edbc6
fffc0ff88fffb71dd8ffc1a0471
fffe12852000f3f7a4fe9604f39
00058792ffff58927c00509b433
fff688bd2fffb255fa00027c640
fff660f4affff793ba001d4ccb7
fffe98b70fffaebfc4ffec10baf
00000eadcfffe5a43affc4981aa
0000bbcb400061d8acffd955e3d
000701f0c000000000000000000
fffa8e83b000000000000000000
00048b651000000000000000000
fff081e76000000000000000000
0003c170d000000000000000000
00112335e000000000000000000
ffeb2118d000000000000000000
000ac2f28000000000000000000
00036f7f1000000000000000000
fffc817ac000000000000000000
00118ba51000000000000000000
00026a3b0000000000000000000
fff5d5881000000000000000000
fffa92ac9000000000000000000
fffd34450000000000000000000
ffe7b7c8d000000000000000000
001f37f0900035a9ef000049250
fff6ea565ffff5729fffffe5160
0009f03c40008c2271ffffdb750
ffd813264fff1078a4ffffc2f70
001b5c58affff51960ffffd5a30
001b12d5f000841f7d0000b5590
ffb097a5e0002c7cb8ffffa62d0
0045cf7440013888e7ffff14e70
ffe4d826d0007e45f6000060310
0007816effffe45b32fffff14b0
003d8c12b000c71a93ffff494e0
ffecb3c35000b4d2c6ffffdfda0
fff10c070fffc07b7effffe3b80
fff2daf3f0005fac8c0000406a0
ffef9fb36fffc293daffffd03a0
ff7d6acbbffe6a17b800000d1b0
001e4a829000391227fffeae51c
ffedef799fffe6b8e8000591ae6
fff384e220016e020500174d764
00194a61bfffb77f65fffc1384a
002a10bb40003b1b58fffd84b90
0031ea650000d7abd00015e7bf0
ffccbe2d5ffef2ef3f0023f7510
003758f96001057895fff253428
ffcc6fa9c001502e45000649c20
00148af720003e0946ffe35d002
001beeea80016496c0000d8d182
ffc12de66001327bfa0010037fe
ffd3218f20008ab229001196386
ffe99d2a6000b283b8ffe85fdce
ffe311cb1fffad46e4fff407ab4
ff64198e2ffd309a3b0011b20c4
0012e2d28fff5e44a3fff05d664
ffd8f16ca00050b1c80001f41a6
fffee430a0016b6cf100233ce36
00479e81f0004ab261fffeca342
003877cc4000866f4fffe42f5ec
003597bc2000cbcace002030b10
ffe5a2fb9ffd76a906001c06d5c
ffd475318ffe65edecffab7d4ca
ffae139a2001782cb6fffd29d3a
001b1fde80010a33afff9b04852
00132887f0009a41a00023f0556
ffa55139900026312b0019e8210
ffb97c6df00117471d001734d1e
ffe2e0f77000a85c08ffc6b38ca
fff09774dfffdef91affe6bf44a
ffc7f731affeb47d75001bcfb32
000c3795efff0dd285ffef938e5
ffdbcaf280003cb008fffcad856
000b6db9800102cfd5001c26ca3
000532bcb0005b0e40ffeaa1fc3
0014e363a000198c1dffc6c1791
00333910c0010e27e2004bac87d
0005e9f52ffc80d588fff0235f9
ffd182f41ffe250909ff893b885
ffb608b43000f89596fffe5043b
00180acce0012c7745ff2cfee1f
0025d194800028f3e4002ae46ba
ffce9db49fff0581ba001cb14e0
ffd2ed0bf001490913000f34276
fff71cfd60000ef152ffc64b4f0
fff69cb66fffc6c239ffe4a6b60
001dfe420fffce2a4effffe12b7
0000e119bfff22596bffdd3ae29
ffefc6a7b00007d850fffaee29e
000eefdea00097b5b7fff708393
ffda8493cfff236713ffd27c698
fff799a4dfffbc6433ffceb76e9
001ae0aab0002fbf7200448aa52
000c6e0d0ffd78040d000292625
0003822d3fffa6b352ffd4c1b43
ffd561c3b000c4a01dfff82fc35
000f2d14b0006c6c08ff50efe05
0025d509f0002ef3020020046bb
fff992b65fff3a2b270011904a7
fff63a8a900093dc990001091f6
00081aa20fffce1149ffe7eba17
fff80ef85fffc335c7ffed146a4
001b85363000afc357ffed1d063
00068cdd8fff89aca2ffef5fb6f
fff7581eafffd23267fff9c136d
00080fdba0003888dbffe6a468c
ffe2a729cfffe4b041ffe302c54
fffef4a32fffddfb03ffe2109f9
0018484dcffff99bf8002bf9a88
fff11e4f6ffebb0c03fff3ebd46
001347c58000832e9fffff3454e
fff865dc6ffff11f75fff66b3c6
0001aa18c00042d1a5ffcbb9bdc
001e835c20000b4736fff8c6be3
0004a14d4fff6dc26ffffc514d5
fff5d7f9600047a610fffcbc571
fffdcfcbafffabc0390005e630f
fffa91f8cfffe7c091ffee9d51f
ffeaf0b060000db7defffc08aba
0016327b5000597162ffed1c6de
fff200002fffeec0ebfffb8564b
000e0785b000e95be3ffedda9a1
ffe9f85cdfff0f1e2cfff183815
000b5db19fffc44f8cfffad9e8c
00167baeb000cfca20000ec4654
ffb92584f0003f97e3fffc168dd
005996cc3000f1ba5f000deab6b
ffb9f27f3000abdd030006f8490
0018fdafb000155f3cfff2293aa
004cbb650000f73a41fffbdee0c
ffe10a600ffff095b2fff99354d
fffa7e60800033bed400045a95b
fff702bd60002e31b70009a3e43
fff048190fffb73476fff974704
ff78794a8ffe68a4a6fffbccd38
001f7e0870006a7ff200322dd6e
ffefcef65fffc6ca6c000530041
ffe9408ad00234bee6000aca3a6
00297ca2efff633ee6ffebdeda1
002bcb990fffdf9086ffb211ace
003c495ee0014f4f8800a60a2a4
000f493e2ffee16f70ff8299337
ffec9e4c9001038198ff8946b0f
ffe4fa82b001bc1ebe00570d55f
000af7ef500086267cff6b5da36
ffe71bf64001d32f72ffd6645d6
ffc21c937000266cd400252a558
ffbea36770013ad870fffd134f0
ffe1b36b60005979daffbdba3e0
ffe577ad9fff851102ffc05a1b4
ffb3d46aaffce431b4003b0b0ba
ffffce9f4fff38e65aff74abb99
ffdbe0c780002932ccffeb1eea7
001b00a95001d7b644ffc1707f9
0005784cbfffea5dd8ff9759c92
00283a1c10005f971eff9d978ef
0032a8d4800000567e005ed2ba6
fffa53184ffcff1cfa0010f0d6b
ffce8be4affd7a37aaff1af1246
ffd06a37d00210bbaa003fc55c8
000f7d0b4000e70a8cfe9a21220
002fc9b52000191028003bf8f73
ffdfe6fe800099283200206cc6e
ffc127eab0014ac488ffd63201e
ffecf7c720002f0cd0ffb40b7ef
fffab33a7fffcc72daffcbe8106
000574853fffee730cfff8dad24
fffe3fce2ffe7931a6ff9a3e9d0
fffb0a0e9ffffcf2acffed85b34
0005f02a80003f2e4cffd8cdcf6
fff1182460002ea9d0ff9e39642
fffb8fe3600055484aff9074de2
000890ccafffd005f60095a2da4
00031cf4fffd322a460002aed7b
0005d53ecfff59dc0effee16bb2
fff37998bfffc1ba48ffbe358b5
0004af5b3000cdcbccfe9f2cb51
000e582befff68bf7c004b7e27b
0000a6c3ffffd6061a0002d71cd
fffdea1a5fffed2a0e00225a344
00040c1ecfffd16e54ffed3193a
fffd2c429ffff21cfaffc2e40f9
000750617000485120ffdb429b3
00161044b0003d290a000000000
fff4c0de5fffdaa02a000000000
0007fd823000a1d6d6000000000
ffdbcd2d2fff66b678000000000
000e5b42dfffd81b80000000000
001e60a4d0004bc55e000000000
ffc420fff0004b3290000000000
00253b29700081937a000000000
fff94fb5b000782064000000000
fffed54f2fffcd7c6c000000000
003131d6d00085aa42000000000
fffc7f4dd000b65be4000000000
fff1b24b5fffd45e14000000000
fff5ef6a20001ad3e8000000000
fff83629ffffc283fc000000000
ffb77e333fff10d810000000000
001c99461000474777ffffed7f2
fff272889fffb66d9d0000e8f99
0006e4699001849c580003cb42e
fff04c956fff5d031dffff7942f
00192aceaffffff694ffff9c6b0
0026e91250005657fa000366ab8
ffb3382170007d7d720005a9528
0060776bb00141278efffdca21c
ffc5e3bd6000cae85a0000e7760
00138b37f00022df31fffb85f73
003ad3c1400135fdde00022da03
ffd3c326c00066785900028d81d
ffe603aa100036d2e40002c1511
fff08c74b000341afbfffc37ef5
ffe48dbedfffc41864fffe2097e
ff51c3274ffdc19cd40002d3a6e
001de3fd8000539236000a14748
ffe3087a9000042c1b00081511f
fff2fe9f00021f19e70012d150f
0046a9ff100023d14cffff133ef
003edc56e000354fccffda0ffe0
003a76534000e7c100003b5a5d6
fffa643b7fff75c554ffd7e1942
ffeaea7cfffebcdafbffd69ecf7
ffb7fffaa00197798e001fb6ee3
001cb2e69000ebdc7cffa4d4ae9
0004c09c6000d12d04000fa2dc1
ffa77a080fffe6c2230021feee0
ffb4ee02400162580700059a8c1
ffd9b32e80002adb38ffc3546b3
ffe7f436ffffc8d79bffe42c30f
ff981a5f3ffdf14e2b0022b66d9
000acf724fff5c68c2ffdc2b024
ffd336f1800005b69cffff559ea
000beddcf001b44d5f00034f185
001712bf00003d2702ffe09f75a
0024b871800004ef2cffb503f2d
00422da34000ad1903003c26a72
0005ea36fffd2cacbeffe631182
ffc3a6b3cffe0f0d22ff5ed21f7
ffb34397000161881f0012df6a1
001a900470011f612eff0f6e980
002abc7580004389900037d8f72
ffc628846fff27e44700268debf
ffbdce09c0019054c6ffe21b7b5
ffed7900efffc73597ffad137f9
fff5bd21efffbf7611ffde4b105
001154fd6fffad0116000d6fd80
0002101e5fff219270ffbb97070
ffedd116effff0fae7fff32ad1b
0010a52b2000f9b7eeffe4b0f8d
ffdf5f064fff5c9ca6ffb3897c3
fffd4aa89fffc87c0affab19762
0019cd59b0001da88900622d4ea
00002afe0ffdf2a95f000db04fe
fffaffdfffff4948dfff9d86ecf
ffd5448d30009bf858ffeae5a29
000cc9519000b9a377fef54ccc3
00241552b000024f90002ce6ecb
fff29aacaffec8313e00168a320
fff2c497a000b96f2dfff706ea9
00070f8c4fff86238cffd9b12f1
fff8b332ffffcf1dc3ffdd03207
001caf96f000816113ffe8a75f5
0000a8e8cfffc35416ffd5095a1
fffa4fc57fffcfe1e9fff66b7c2
00060acf40006ce5aeffde86398
ffeaebaf6fffc3de33ffcd9b87b
fffa8a09cfffd4ebaeffd1383b8
000f1c784fffe1ad55004cc7b3b
00029244bfff0ed464fffa19fc3
000be393e0002e3e360019b3204
fff5c3bc900032574cffed64e84
00042d221000433ef3ff8b0f7ad
001398840fffea725d0009aeb3a
00049da41fff83e42affff86a65
fffb7ff87000734e84000fb4b43
0001cd66cfff89f96600036b10d
fffc2502bfffe48888ffe4a5599
fffe7ac0500022cae3fff1f90d1
00155372800017057efffd59729
fff66a942fffd0233dfffe24442
0009062b70009a0b17fff6ab302
ffdd7a17dfff692644fffb20fd2
000ffe2affffd3f2f4fff6d78e9
001cd88e800033f3fe00115be0a
ffc6e33a1fffea44e5ffeb8c344
0028ec08a000a1f1810012d7e01
fff7fc8b100067450dfff8cb4c5
ffff97a69fffdf76f2ffef0268e
002e10dca00072662dffffcf982
fffab5d9300088e53afff4b8e6f
ffeff5a52fffe83e4800047b785
fff4e5f23ffffd8697000bbe9e8
fff67e62ffffc31998fff614161
ffaf67bd8fff3661e8fffe57dea
001c79890000488ec00000bb4ce
fff024472fffbc9c26000114958
0005f745d0016d4ca60004a039c
fff7ccceafff5e7a42ffff6e45a
001bc2815ffffa0db2fffea3421
002887465000679e280006bb55a
ffb889d00000747c2c000395f91
005a7003b0013b8c6affff4d123
ffc060b35000bef48200003debb
0016e9f9d00022c436fff7a7c74
003d576d00012eb03a0002eaa0c
ffd16d73f00053864c00018378c
ffe37b7e9000367f400004663de
ffedfe57200033ae04fffcf7731
ffe5f6029fffc3c080fffc6921e
ff53d2a98ffdd2051e00033b8d8
001fc533800076ac25002d789b5
ffe688faeffff3786900016e23d
fff01c9730026bdffd000511cbf
003611605fffbb1316ffe9fcc52
004534fd4000196ad4ffb1a2645
0049346df0012ddd25009c54f7b
00027ae06fff8982aaff8591c9b
ffc8c2800fff521317ff706067f
fff04aece001d513d60057848f1
000444a7a000d4405eff70fcf02
ffe7db34d0013e46efffcfc454f
ffba9d8060001fc5680025df5b3
ffa2d2e0d00154d4bafff52ede3
ffd55fc44000463d2affbd6c241
ffe7ac6acfffa5b76affc5d1762
ffb5f1b03ffd48b04400367c355
fff9a02adfff26d497ff73857ac
ffdecd19c0000e288affea7f796
00200f931001b0f043ffb52192d
fffe6c953ffff5d58eff927ad6d
00235c9fc00053bfcfffa01d83e
002bbc4b7ffff8e81c00631152b
fff371834ffcd45d2c0000db256
ffdaa739bffdfa8bbfff3cfe543
ffd5ec5a0001c56bbb00472a81b
000d0b0d5000e45b42fea040d20
0033676f500005400d00360c16b
ffe82112e0008a5103001d06dec
ffc75a7f300132c390ffd507842
fff110c4e00008bd07ffbfeaf9d
fffbba184fffc720c0ffd05036b
0001e07b0fffd7576fffeefceeb
ffff88138ffea3b770ffa5448f2
fffeef546fffff422dfff018cca
00013db680003a2c7affcf6e351
fffb7e83c0001e8008ffa5aee7d
fffe17c780004f17b9ff95e9fdd
00027bfe8fffcdb5bf00868607a
0002c96eeffd8da962fff1919fc
0002717acfff77030200040dcc8
fffc86f1afffd1d7b0ffc00b588
0001a594a000aca038fec684bf9
0003f1680fff882a9a0042c7fac
0000fd58afffedb68ffffc9ea52
ffffde0a6fffe3ce8800139033c
00011f058fffe53942fff631d5f
ffff29deeffff499dbffc650e11
0001f00920003c918bffdeba0e2
001aff7a30005f5c61000000000
fff3a0954fffdb5bb1000000000
0007f44c9000fa85b1000000000
ffe10fb56ffeaad74a000000000
00103e9a1fffd93de4000000000
001413ffc000b5fbdd000000000
ffb4e5acc0006057c4000000000
0043778e00018b6e53000000000
ffd259e35000cf999e000000000
000f85107fffc175f8000000000
0045ed9320011ffde7000000000
ffea5770a001309460000000000
fffe57477fffa36d16000000000
fff9355170006ffd3a000000000
fff4e97eefff98dd3a000000000
ff94c202cffdcc699c000000000
0022f95280002cfcd00001bad85
ffef4d41ffffbef5bf0006a4770
ffee7c40e001e4f9d2001869bcb
0015c7f68fffb77153fffccda1f
001f5921e00058bebefff7fcad9
0028e16190005393b7001d260e9
ffce2938bfff2ffb55001968e08
003cb09c5000f9e0ecffee50204
ffb8ae7330018c5ed3000ac7136
001b3250b0002e3300ffd8fdb6a
001b13d8d0016c6033000e6b2d9
ffb7a2088001b883a40014027d3
ffe3d57b10007c975b00106b11d
fff2fc334000a4fdfaffe11a385
ffe220216fffb11498fff0fbe4a
ff745f7efffd1545690015b0387
0014a1ec9fff673dcb000149612
ffd586f300003e9323fffd23466
fffbbd749001b3ecbb00117369b
0039a29db000b3ea1cffefb4f81
0036aeb92000a1d0cdffc20eafa
004768b7b0008ea22100598c6b0
fff2d8031ffe4530c5ffd6219b1
ffbdb5f83ffd7c754cff6470211
ffc29128b00143f5950021af2b9
00122d5f4001312fe1ff6555565
0009cb30d00030e1ff0002702ce
ffadc72960002e9167001de6e62
ffae59c2700100b652000069388
ffe39f222000690878ffbdad928
ffef1fcb7ffff18188ffd4d1b5b
ffe8f3c1dffed337520023f43c8
0003c8550fff2bbb88ffb675df1
ffe15ef6d0002aafe9ffee75c8f
001a257aa000e11334ffdda59bc
ffec246c0ffff21ac5ffae369a0
00134fe160002cd3b1ffaaa9d6e
0027ab598000484cb9007c3b98b
fff43dea9ffda8ce02ffe56e68c
ffdef6446ffe40b823ff665b70a
ffc979f45000d4440f0028dd371
000ea03df000da87e8fed34f706
002ea3a28fffbcac4a001ae17b5
ffe205e3bfffb0b8ae00171699a
ffd9006f7000b9efd2fff6ba8c2
fffbfeedcfffec6cdfffd5037fd
fff903e1bfffdd36bfffd6b5d38
001abd47d000345cbaffeaeb68d
0000555cefff4d04c0ffb761aea
fff818d96fffea4604fff375df3
0008f008f0001a4e87ffcc42a29
ffe14798bfffe0ccccffb1934b6
fff7ad23bfffff139affb9d7428
001549efaffff25591006b0d6b6
00063a52bffe2febf3fff4c442f
0011b128000049e7e6000f1a5d3
fff004c57000077584fff0f3819
0006c2895000447922ff2bf3f12
001bd10b8ffff40f25001edfa99
00069a069fffd342a0fffebd241
fff9c765e00022d3760008d02eb
00031b451fffdc75ad000107cb3
fffa12ba5fffe66909ffd7cdacd
fffeae76800026d57fffe629314
000ec92cf00005237ffff101e91
fff7f5780fffef7dbbfffb91903
0009ba1a10005f93a4ffeb98133
ffe2d3accfff907c24ffef7b212
000cf6679fffe75650ffe2778b8
001f0942c00032498e00234207f
ffd7dca40ffff293d1ffe7bf368
001afcaa60004725bf001cd4059
000578e230004d90e2ffe2ac80c
fffa3e23bfffe7f44effce65f68
001f1d55200054bb2800078f0d7
00013e8880006351d6fff22050b
ffe968115fffdf39590006284fa
fff33f85f000182a36000ab809f
fff7ac1eefffd7fb2affea4c0b9
ffc06999cfff844a3ffffea6d08
001c2d7d10002991870001bb7ba
fff58fe73fffd27c41ffffd0e24
000be3648000fb6547000415725
ffe769b56fff09acaafffedc845
00229e1c80000f5b0afffc98105
0023636b80001e9bb1000aaff1a
ffbaf78230004c45f8fffc2877b
004b1d22400149d2f9ffffb89e9
ffddf7263000b7f704fffd58f23
000b7e4dbfffde9dc0ffef56431
0038eb883000dc3539000291620
ffe4a982b001200bd2ffff1d43a
ffe10b0fdfffbd9f8200061e96d
ffea7077f00057a4a000009caad
ffeaa210ffffc33062fffcd714f
ff611857fffe348252fffe5d6df
001e1aee9000291e6a00021f07c
ffe92e0f0fffea607700064f8c1
fff3c5d240018193000016be23e
003242b8d000327a42fffc97c21
0034ab716000673e15fff633f20
002e7b60100097dff7001ea324e
ffdf3ac18fff5b7bc60013f7a86
0020ce2e400010c822ffeeae2f1
ffb4212dc0011dce81000b1eb74
00207b5f8000706cdaffd69485c
001d7e8d0000ea2ba4000db7980
ffb2facb50012bc2470013da68c
ffcca8fdc000883400000f64818
ffe287a98000887de9ffe12d3d9
ffe697ddafffca7536fff0e00f3
ff6dbd020ffd7cf1550014e1704
001be7a5ffff9cbfb100100354f
ffd895b6b000370c55fffad4a5b
fff60e7e4001a1054c000a97b08
002b68c2e0002967bbffe5af6ba
003d1f16c0005b036affb2575a7
0049b22ec000f769920081603ed
fff00faf5ffe38d380ffb585fec
ffb0ff4c5ffe9d72faff3d88937
ffdc56d1f00158aac70039d8e69
00087369600107a50bff50f152d
000259a38000bcc54affe7cf94c
ffb72d7adfffccfdbf001f62da3
ffadda2ad001151ed0fff7ef960
ffe375c7a00079dda0ffbcc3b3e
ffefce759fffd3a7a7ffc8f8e8d
fff49a252ffe6ce796002b28014
fff984525fff2f9c14ff85526e6
ffe6a979c0002f93a9ffe731d61
001d317e50010f242cffbe65022
ffe4edac3fffee8761ff91f0f34
000b8492400028b2fcffa5e616f
001ce44fb0005c5cc7007e203f0
ffe1b07a2ffcf122d4fff9f4b52
fff54129bffe16f3f2ff6842fc9
ffd9767e20014dd87b0036d8ed9
0007b8d27000d7cb1dfeae48e4b
002eb2fc1fffe64dcf0024090ca
ffed89e46ffff016fa001413dc5
ffe43014b0010ba089fff3347a7
0005003a600004f13effd9f802f
fff983ec6fffcb2a2cffd3b9354
00116de6200035c2dfffdf01146
000000000ffedcde37ffbf86435
000000000ffff249c7fff3918d2
00000000000009ae89ffcb70fc5
000000000fffc61974ffb5938fd
000000000000107fe1ffafd2d38
000000000fffe2a08b007829740
000000000ffd8b21e2ffd9d61e9
00000000000047165c002e8f789
000000000fffebfe3fffda172bc
0000000000005ed988ff1f0712c
000000000fffe07ce700240a2a3
000000000fffd24267fff3663ec
000000000ffff26c6700107a87f
000000000fffe9ffb3000bee02d
000000000fffe40f0dffd01d62d
0000000000004ff960ffe38e537
00162ddde00062e04d000000000
fff079acdfffed785d000000000
000a1e986000f079d2000000000
ffee78572fff14577f000000000
00091362cfffd3800c000000000
0017c65700012508c2000000000
ffbb376540003d6ab0000000000
005395f05001a17ca8000000000
ffb9409e10008e692c000000000
00194be9d00028c7d5000000000
0049f58e30014fefae000000000
ffdf07848fffe646fd000000000
fffbfdd9a00028a4e6000000000
fff8dd6e80005edc7b000000000
fff120625fffb06ddc000000000
ff8395911ffd968782000000000
001c30f1c0002702a60010f7b1a
ffebf2be30001873fd000b5bf06
ffee13fba0018d3f66001b6a228
00313522a00005f871fffb4691e
002001be500034304effd5da214
002fe6071000cf4e65005197e82
0006cbeedffe03f260ffdc26a21
0005ab1e4fff848278ffcfa633f
ffb55f4aa001da1780002c1343b
001d48a290009fd805ff97bcdf9
fffe1399f0010e1123000d0f2db
ffb2a0da70004fa2a8002ac4409
ffd06c0550017e2711000add541
ffe9c30740007cf627ffb898d13
ffe606932fffc3b0e9ffdbea194
ffab7f04fffe503427002dc7462
0014a8589ffeb9fd35ffccee9db
ffd133aa10004a172ffff7ba3b9
000fc9a2d000d44082fffde174a
0001a3d1b0004986abffd28d128
002e05f1000042dc5dffac70057
00515989b000bdafcc0049c68ac
fffceacadffc1111a8fff722ab7
ffbff604bffe02bb9bff1db5ddd
ffc30f173000f90d2800178f04f
001338788001152a2ffef559064
0033ab045ffff85f56002df5851
ffce6cba5fff9a796c0021ef26b
ffb118dc4000f4fd51ffe0d7fb6
ffe57fa1000038119bffae00ec1
fff3fbf53fffcd4cecffd4b603b
000567eab0001a48ac000f6da29
0003520eefff48a548ffa22b610
ffeccd794fffe1b62effef1da77
001bc3e5d000f18944ffebfe074
ffc320bcfffee3e780ff9938fd3
0000a557bfffb5b878ffa3d90f1
002f4e14400070a04600984f80c
ffe946fabffdfa6f4d0030ffbb0
00210863e00051fd06ff9e911dd
ffe55c14f000c9f30efff5300f0
00055c7510003b2c55feb64a9ed
0037b2ac2000984e92003203d65
000009493ffffc5d66001bff125
ffe25a4e2000242726001eaba97
00003fc9fffff9095effd70ee6f
fff01daf3fff9a6a4cffcbabcdb
ffe1b9926fffa02d22ffe7f23b8
000f065f700000f77fffd22dd18
fff813867fff8dd9a7fff6fc108
000ce08a90019a0e67fff75c55c
ffed20ecbffeedee53ffd2a94e2
001d31fb9fffe606ebffc6876e2
002650c84fffbbccfb0065ccb2b
ffe104b5cfffed34ee00006a0c1
00199a00600112364100009c940
0007fad9f001073704ffe3d4bf0
fffb6f296fffd92b15ff582715d
001b7903b000d6c1b4001cefc6d
fffd96b57001449bff000117fb4
ffd60d01efffea07da002c1e26a
ffe6e345bffff5bc5efff2d8015
fff3e66e1fffa6092bffd223888
ffa121d2bffe82eae2ffffc8179
001c461b80000915e7fff8ca82f
fff4aa5affffbb7ff1fffd1c571
0008e4d14001abe8a200127c98d
fff1873c2fffa9cd04fff90306b
0030b7ba8000799e83ffea30f35
0029912e0fff971d020025f8c6d
ffc5bba58000adde21fffc41807
0031431fd00021c9fcffe003109
fff148fd0000da5170ffeb110e0
0005e498100035d7faff9d37132
002e0a0830006f0fca001959a30
ffe83e421001b86c9ffffda7583
ffd2552dffffcd1b3e00176db15
ffe20480500039dcf6fff859753
ffeccc4b2fffdf366affef9bce3
ff688db7fffdec72bbfff9b162b
001a5339c00029adc8000003ecb
ffe9c3dd2fffee584b000176c59
fffa40e2f001b7bf3f001228f18
002445b3d0006a10e1fff697535
003203e3800091f675fff3323b4
002d49978000808242002476500
ffc9058ed000023a18000e14f60
002c1c2c5fff658159fff936e90
ffc33df59000f60bc2fff961d6f
0018ac661000a65f65ffc674fda
002760e6e00097b0bb000c9da4a
ffbf20e7700137de9a000ba159d
ffcfdd6f500069cca80014cb7b8
ffe547cf0000708143fff1ca8e4
ffe89d5a2fffdb6fd7fff61d2a6
ff66ce5ceffd579f050000d9687
001417badfffc4ce5c0009aa585
ffdb79ef7000266e6a0003e3858
fff869ed2001ad15d70009d0489
0046732040002e4f2cfffd8af4d
002ef151800065687fffd64fbf9
0034c99c3000b910ef003ac161b
ffed28764ffe8c5adcffc9aadfd
ffd8c0b85ffe972091ffc866487
ffaf410640016b8fe1001d945af
001b12e7c000e2e58affa59d2e4
000bfa8860009dcaf600069bceb
ffa6ee7880004aced8001b00ae5
ffc11d31b000fe3533ffff5aae8
ffe7019e30006f0123ffcbb3b31
ffefd31dffffd46c01ffe508792
ffd00b8baffe68d784001d166aa
000ff58e9fff483314ffead2676
ffdc247ab0001a5950fff80b70b
000d466d60014b715bffe8012b0
fffac85cd0004c6a03ffce6e70c
001b847f90001dfd97ffad0d92b
00354a7e1000bf875b0065c1676
ffffcab77ffd50ba33ffb67b158
ffc9571ccffe69e202ff51be523
ffc114c2300103a1000031e3fcd
001283080001138276ff1657df5
0024a18310003e7e6d0006c49e6
ffd1302fafff3019fc001a25883
ffcea46420013ebe1bffd5718c5
fff5f43e6ffff5ef7bffc9d2929
fff634a44fffcf25fcffd9a2638
0021d34acfff8c0f3400045aaec
fffb21a57fff49ee06ff9566bf3
fff23443800008df29ffec1d279
001083a46000c68536ffb14f6fb
ffd68d386fff71fffaff98b3a9e
fff3a9531fffd51b9fffb402290
0017d1a070003290430061e0c2e
0008a669dffde6f664000b0782a
001037a75fff21b3aeffd120d96
ffdd2ba5a000c36f61000b07e4d
000d06d8a000920c92ff14416d6
0027e396f00004189a001864fbb
0001cf000fff39c6830006c0f96
fffa32eee000b354fbffed88f41
000b413d4fffbb04c4fff8b69b9
fff82379afffcec951ffdcc216d
001456ca600086eca1ffde96513
000000000fff8176b3ffdc76897
000000000fffd6d5f2fff691860
0000000000003081c8ffd3f0fdb
000000000fffc1c8e4ffd7d5f0f
000000000fffe6a2d3ffd2fe738
000000000fffd7e4a90045c1ef0
000000000ffeb88935ffdc1c020
00000000000074ab0d003c19602
00000000000001e94affe350c29
00000000000035294effaa6b00c
000000000ffff1d930000442399
000000000fffabf0fbffebe6704
0000000000002dc96f000db7568
000000000fffb107480016f5ffd
000000000fffe79c47ffdeb98a9
000000000000297b3efff67caec
001d29464000aeba97000000000
ffeebd2e0fffb89307000000000
0004137ac001af1adb000000000
fff0aeb18ffef3b68d000000000
000fe6b67fff8b9ea9000000000
00228553e0018bf85b000000000
ffb77cee200095251d000000000
0052c2cf4001a34f91000000000
ffbb5373d000e655c8000000000
0017e48c70001c196e000000000
004360293001c8fac8000000000
ffd5a0423fffe9759d000000000
fff2b716000059a08b000000000
fff5f2b7b000380c05000000000
ffeb93754fff7ad032000000000
ff7650861ffcfb123a000000000
001e5bd2f0009e2937002779cbe
ffe676217fff931ad200064a6a0
fff4c32da00383515000096954c
0021da8c7ffee0ded8fff16db4c
0030b5d0bfffc037d3ffbacf75c
004ae72cd0007b99190085c0b92
fffb4c36ffff8e9904ff92bb135
ffe8d4aa6fff910aadff9b2a193
ffe0fbaa9002ebf1c7004e47f77
0008446be000578dc6ff7ceb623
fff6d05b9001c56b31ffe44ced5
ffbe69f7c000e91954002a0a8ff
ffafc621a00185cacbfff8bd2af
ffde9a70400005ab8cffb877291
ffe438ea2fff6b9bedffcd2c3b0
ffaf6e036ffd93edc90034e338e
000dd3505fff2d8d77ff8db9809
ffd90e94efff8f090efff05afd8
002316a380032a7cc2ffcd451aa
ffed99ec8fff28b92effa829f85
003512d770004f2ef4ffa6f47d7
004140597fff910eeb004c14600
ffdd415e3ffea53c8e000aac439
ffe9dc8adffeb7d930ff2f8bcd1
ffcb5e4f4001c602860031783b7
000fdd590000ef1c33febe26533
0049bfa810004fff10003b90b74
ffdd8f48400136aac2001edb502
ffb5d432800081e5e6ffd0a0cb7
ffe39a094fffa86e10ffb8d4efa
fff3ba838fff979cbbffd51df8b
ffcc4beaaffe4dd996fff888535
00157362cfffbec37effa9fecf3
fff34dcbbfff92aa1bfff33fd5b
00048145c0026323daffdbde838
ffe035207fff772c6bffa60c700
00191c38400092325eff86f8720
002cbca28fff84032f009f29b41
ffda823860000643baffe6bfe5c
002b97c2e000330428ffe1a99b8
fff1473840011c212cffd8be6d5
0005d30570009515bbfea58e531
00298c9fb00066e787004419278
fff19b19d001df1874001699219
ffdfbeb0bffffa37f20017358b0
fff3018ec00002fb40ffcf9278c
ffecbd8cbfffc29d08ffbe9983a
ffa1b5783ffd492843fff0c23ba
0019af596ffff9955bffeb0461d
fff0ef86dffff722fefffd38d76
ffff224c8001d18fc7fff573c68
00093d6930002c220bffdd1f994
00335bcf4000ea329effb48a72a
002344fa90001fb6d200572fdd4
ffb922a0bfff761209ffcac6b85
0019b3774fff864403ffd9b9556
ffef8f27b0015df577ffe758dc8
0003a09090008aa2cdff32c8717
001bd06310007f5df50028c09bf
ffd508c2e002ab095d000bab570
ffd58dc250001775eefffcc6895
ffea8d853000c7e28cffdec188c
ffee11e0ffffd3424effdaac8df
ff86f6071ffce8f650fffb831e7
0013fd98efff66dfdcffdc29cb7
ffe91df7e00029d5b1fffd707b5
fff988a360018bcd64fff1171cd
002d26cea00065cd3bffdd77820
002c5e716000e12f16ffda0f255
001b073a7000ace98d002040d52
ffc3496fbffddbe32c000e9447c
001038875fff11620effeb57a1f
ffc1e007b0015f9c42ffedb33fd
0015f3e59000b3dc37ff88d7bda
001d1d557000b614ef002155d57
ffba2f9cf002409960000d26e9e
ffde7487e0002e9621fff637847
fff0f2efe0011701c5ffeb208d3
fff07cf04fffc3d9dffff2fa984
ff9de822bffd50be59fff4c70b5
0014e3257fff17fa4efff901c1b
ffded461f0004d69380000963f0
fff5c38710013fa95bfffcd813e
00352cef50006d5c7afff35f26d
001e06cb2000af32f8ffdffc846
0022b3dbf000964ded0025fa453
ffdf0910affd98a587fff20a9d9
ffe942dc5ffe7ae2b2fffdd0307
ffa57f26e001169b12fff4f1d8a
001e6d99f001061a7fffc273b19
001861b1f0007403fc000c01130
ffac3d0cb000687345000bcd727
ffe0588a2000a47f24000382eae
fff77239c000bd1f7cffe989096
fff3e2534fffeeac64ffed865ae
ffe60974cffeaefa4c000a28cfe
00103b125fff57097e000865f38
ffde5f8480004308b5fffba7e7a
0003a01eb0010501b1fff71b0fd
fffe44e180005eb780ffeb6702b
000bec0d50002b2785ffd228aff
00301bb15000fa7b4e004606930
fff972766ffd5edc4bffc3e6462
ffd9789d7ffe09f886ff9b9e436
ffba16450000f7d97300227933c
00140851900110fb37ff97c11ea
001d43f9d0001efc72ffef0191f
ffcad9d82fff4c591a000c4b263
ffdec1c840012553b7ffec9f156
0000a77d600020c742ffe5c992a
fff400816fffd37b81ffe6b5697
0025b4c32fffa06ee5000b3651d
000060009fff38db0fffc4f4dfb
ffed8f810000042157ffef5fd52
0011f50a2000a2b35bffc47c71a
ffdaf01a8fff6d1a9effb74898f
fffadf8edfffc8cf26ffcc102e1
001b08b270005287130056928ee
00018b09affd856c7cffea3a58a
ffffdc947fffabed3bffb3cd77d
ffd45c865000b4310f002d15fde
000d960d300081770dff6706a63
00279f4df00040a2b0fff136f58
fff54def8fff2704ed00029b7bc
fff39907c000b29b0affeaabb43
0008a899cfffd3cb6cffff405c1
fff810d7dfffc79d76ffe441af2
001c88d59000636643ffeeb93e5
fffeb265cfff870231ffc2ea962
fffd097d3fffe97ebffff329138
000373cf400045dce0ffc44fcaa
fff3773fefffabcdb2ffc9d672c
fffab1dfcfffe06bc5ffda0db35
0006e9334ffff68b46003dc8177
0007c09e7ffeaa559fffea6fdf5
0006cbf36000227c42002a33449
fff656d5d000338cc900009e0e4
000494bf50003cc10cff9f5444b
000af7f40ffffed60e0003eb2bb
0002c0c15fff9bc831ffee78300
ffffa1883000467d8f0005014d4
00031e6ecfffc131080016fabe5
fffdac567fffe30a36ffe40a81d
000563dd9000410f03ffeeedd27
000000000fffda46cf000271939
000000000ffff2b541fffe7f62e
000000000000095a0cfff5c8df6
000000000fffed5a78fffc6ce9a
000000000ffff82e5cfff150043
000000000ffff2a6d0001910f8e
000000000fff9d1a35ffddd19eb
0000000000002fc445001d88cdb
000000000ffffd2ac4ffefb234e
0000000000000c216effe7d6431
000000000ffffe30b400012afa5
000000000fffeaac2effeed1b84
0000000000000a230f0005afe17
000000000fffea05a00011087b2
000000000ffff8c696fff108500
0000000000000a9765fffea224f
0022d848b0008e7fe8000000000
ffebaecc9fffdb5368000000000
fffb9913f001617208000000000
fff85a224ffe939f74000000000
001099be7fffbdc0dc000000000
0026e78a500178dab8000000000
ffbcc24ab00068e00c000000000
0047c25790023982f8000000000
ffb31990b000e30c98000000000
001b597b80001428f8000000000
003e9fa03001cb325c000000000
ffcb6769d0004ca62c000000000
fff2beaef0000f995c000000000
fff6d8024000853e14000000000
ffeaa84b3fff851340000000000
ff82b84cdffcaea048000000000
00282b53b0004cb67f002e06ab6
ffe4b93a6fffed7d5ffffa333ab
fff3fabbe002a054e4ffe480e2c
000cab2bcffed12640ffee4dff7
003ada1d30005dad93ffc05443e
004ca81c1000b621e00074ea8d4
ffe3c1d1effdf3578bff6601ee9
ffe73bd770008f6312ff9643ee3
ffe58eedb0030a515a004b96a07
0004bc3e30003882f7ffaf03384
ffff77317001d6ccc1ffbb068ec
ffbaab5aa002bc5ea0000b8a410
ffb182a42000f9b349ffdf76c90
ffe3787de0010c07e0ffe958466
ffe1744fffff6d4678ffdb5e4de
ffb169ca1ffc846f5400199f85e
00037aa24ffe4c662dff9765608
ffdbad75f0002d4418ffee2c061
001c0180e001d3d305ff94e744a
ffff32e7afffcc7024ff9e4ca41
002b84094001348368ffbca5466
002f5f7900005d9f60004d9305d
ffd173347ffb68c5acffc98eb5b
fffe1d6f8fff7ca8e0ffafab83a
ffbfc7501001ca6494005a699f2
001580d9f000f86140ff25192cc
0045b5f7a000b73e2900060e698
ffd4d30cf0032e02ee0009a2435
ffc99b5edfffea2fc8ffc04c32b
fff1d9bb80015fe93dfff16130c
fff3b3bcbfffa0b1b6ffe544b58
ffcaaa3f9ffd091cafffe3f7e91
0012f55e7ffef58d3affc5ede18
fff170fe8000382b11fff250826
fff5bf973001df44c9ffa54c7c7
00184212b0002c81feffb5c84ef
0015ba209000faf50fffa40829e
000f1467f0010d412a00683688e
ffdca99c9ffcc542bbffa825672
000a2bf73fff39b6fe001032d83
ffce5d1ff001a5947efff39c052
001210627000e74b6cff4abc7ac
0013e807c0011ab1ad00066cedf
ffcfd7cac0027d1999ffeed5363
fff531f380001ea4d1ffdd3f9aa
fffb2fb0a0016a2bdc000b24d6c
fff654d52fffa2524bffcd3196c
ffcf7efd0ffcae119efff34c4db
000eee918fff21f2b2ffd943c1e
ffe7ef91d0003f983dfff6380e2
fff97345900224a984ffcb91810
00185f48e0001b526fffce795a8
000c3f906000ac9240ffd0d9842
001792d75000e6c7e100404bb6c
ffe534c1affd308cc1ffdf1d2c3
000190510ffe5a8e78fffa6b55e
ffb2c381b001dc27c100047bb95
001ad361700128c0bcff9c2b278
001ca0390000f9c389fffb59e2a
ffc46c358000ce2812fff6d75dc
fff3c7619000eef9cbffef4912a
000214efb000e525e600095d8e1
fff4e3980fffbe965cffe30849f
ffee23496ffdd71cc5fff878d6e
000922349ffef8bde9ffdd9c6d4
ffe325e7e00047f6dffff9a91c2
0001152c30019a91f0ffe176365
00122b93a0002c06deffe3e0856
ffff59f180006b1122ffe64c262
001db6f35000e27754002354f89
fffaeb43affc9d0a0afff28eb33
fff37b856ffe01de7b000e50605
ffa6843930016304e3ffffaa8f5
001e1c931001724348ffc304637
00205b74f0004516eb00063fb17
ffc849265fff6bb605fff99b5b1
fff1b6e04001599a2f00023bb0e
00044d9e000041ce740004048d1
fff72180efffcf2d16ffecf8ecb
0013231e8fff0f983afffc8a34a
00077561ffff11212b0005ebc47
ffe74a0bd0001c57defffe4c249
000966c94000f3d1cafffa7c171
fff5b5ba40003bfb1cfff775f73
fff705681ffff00b48ffe45190c
001f75e63000e2e12b002b88cc7
001429502ffc3ccad8ffd3114d9
fff2b81dfffe98e63affe9a6541
ffaf70b7f000f8d56800049c9d6
001c11bc100109f6e7ffc2692ec
00242faff0002fb652fffd90c4e
ffdd4d4dbffeeb259afffe7d6a7
fff2ec61f00162bacafffde1642
0004bdad4fffdc9da4fffa5de2c
fff7d849dfffbcc68dffedbd489
0026993ff00012171e00041c84e
0005c1126fff2df5d3fff03dbf7
fff1242d6ffffe395afff8e17aa
000997404000a12a37ffe7740b1
ffdd751c4fff279406ffe0e6b96
fff656116fffa44f55ffe4f6b65
001c82f5200053c992002e12538
001d495a6ffdcbee6fffea9d6a5
fffee2feefffdb4ba5ffcd84a2a
ffd1a463c000906a3e00180caf5
00129bc880007e342fffb92a58e
00216533a0004dc92ffff214ccc
fff93546affeb2298700018f5fc
fff6e7d660009e0967fff13bf5d
0004efa20fffb4cdeffffea2bed
fff81c820fffc62798fff1b35a5
001f0d70c000950693fffadecfb
fffd998b8fffc821e6ffd96faf8
fffa8aea6fffd4e5b6fff6723cb
00065bde80006eae69ffd8682db
ffe8e9dfcfffa8ec38ffda3a441
fff63a7f8fffc36cb4ffeafdada
000cbaa68ffff994d300276943f
000e476ceffefce1d6fff88478d
000c84c6c0003cb1fe00054207d
ffee34bba00048134e000d2a80f
0008700ea0003ae8d1ffcaa7251
001433e800000ba2d9fff7e20e5
00051212afff645504fff7ccf5d
ffff520060008175e8fffe72c71
0005be9d8fff934f7f000db74d7
fffbb6dcefffded467fff0a8bbf
0009ed8b20002eeeebfff5d3a21
000000000fffd95497fff5f3d8b
000000000fffee50adfffc74842
0000000000001c0636ffefa0752
000000000fffdc19edfff5782ce
000000000fffedefe7fff59d08d
000000000ffff27b86001651362
000000000fff8c404fffeb0d141
0000000000002e4511001832853
0000000000000ba8e6fffc708ea
00000000000012e257ffeb2e465
000000000ffffff7d3fffdcbbcd
000000000fffd21983fff2a4612
0000000000001d14050005f13fb
000000000fffda94b6000f64a6a
000000000ffff48449fff42497e
000000000000149153fffc9ba65
000000000ffffa2e00000227ba8
000000000ffffb3a51ffffd9ff9
000000000000043303ffff2c08f
000000000ffffc61680000a9bdb
000000000ffffd2e48fffe5781c
000000000ffffbae240005003c4
000000000fffec30c3fff71dcf1
0000000000000db2bd0005d35b2
000000000fffff96a7fffdedaa4
00000000000002f126fffc16b9b
000000000ffffefbd5ffffd3ce3
000000000ffff9aa76fffb699b4
00000000000005315c0001ef6e0
000000000ffff7ae590004aca1b
000000000ffffe29b8fffd083f5
00000000000000e8d0ffffa9dce
001bd2f6900041d0c4000000000
ffedf3c0e0000c3e04000000000
fff37c2f8000871b18000000000
000ce24fbfffff915c000000000
0004a283afffdc0bf0000000000
0010964ee001487298000000000
ffdd07341ffff79b80000000000
002bc5da0001198690000000000
ffa316968fffffa210000000000
0024887da000a3b314000000000
0031493060010d8ce8000000000
ffc8b8a5dffe330eb4000000000
000802885000cd1f78000000000
0000a26f6000215b4c000000000
fff421f8bfffeec690000000000
ffc13d4deffe400448000000000
001f333520007bf71c0016743ef
ffe4eb12c00059e268fff7bce42
ffef6c77100188c495fff4c82df
000757543fffc42328ffed43665
001763e25fffa57bf5fff2fec69
00384d97a002147ff10037aba8b
fff46a231ffd9aaf65ffe46cf07
ffebfb380ffebfc549ffb7d4435
ffc7bf00a00217cdf4001d87713
0011151c90010a38b7fffb7c361
00079b1e40013e469affc7ea6ea
ffbe7817cffe3cb912fff62188e
ffd8fbb5f00278f36dfff751728
fffb560ba00035f8240013c623e
ffe8f1b60fffa225f2fff1559ae
fff34aa62ffec81eb8000405ed1
fffd872c4ffea55064ffc7833fe
ffde8fb9e0002d00deffed2774b
00172308e00141e9d0ffc3c7220
fffb39832fff26ed62ffc7e0dd2
000b62b00fff9fbc49fff7d34e0
00233aa900019f6150003ac93bf
ffe9def88ffa15e114fffe8724b
fff7be304ffff4b7d5fff3ee2cf
ffb24703c001a58e53003b87d93
0018e13e60014a003effe480a64
0038fc016001227ec2ffd21e925
ffd78ff0cffdfdc633fff09e467
ffe2ff838001fa6b0200083e184
0002c9bb60000dcc280020ec06b
fff784cf2fff7ab4eaffeed2432
000900a50fff91b7c6fff38c1f0
00046ed47ffed8788cfff065a1b
fff18044400031daeefff567e66
0000d4ba200122420cffdcda45a
000aa37f4fff0991a1ffe6b8f4e
fff8458aafffac9db6fff2520a3
000c63aa500186120c003b0a2a6
0009806eaffaf312f5ffcdabad1
ffff01137000317bed0016b436e
ffc2bc0600017bb6b80013c167a
00168c17600128df3bffdcb62e8
00149f6320011f1292ffe5bc002
ffe2338bfffe2579b5ffdede743
fffeb2e62001b558a9000e51744
000330889000201d01002acdda8
fffbf9351fff89a202ffe699a73
000d2b31afff64543dfff818a19
000425f42ffeffaf3ffff5e2aa6
ffefc21b500024b910fffb38c76
0004d0bb700105a44fffece5537
fffb3910ffff977999fff2921d4
fff39713cfffb7f0acfff54a4c6
00154109200148e6500021d03f4
001b69647ffb13b8b0ffe013d2e
fffc92567fff886165000d81a6d
ffc01edc3001768ad0000e32a8b
001893dc300101aea3ffe501805
001a83766000cc99d4fff5a9bd9
ffe9b57e2ffea08276fff28dcfe
fffac897e001bcf375000739ada
00036239000007abfb000fc68a7
fffa82a82fff93d5a5fff130bbb
001ade33afffd0bba1fffe2f23c
000422bd8ffee4345dfffb55baa
fff35919a000077a8efffdf55e2
0007336c8000dfc1dcfff59e5e0
ffead0faafff7a830cfff87f486
fff557e6efff967939fff3d5840
00159289e000d4d84f0012b6159
001d0366dffc34e4d7ffe79d8d0
ffff88610fff8045fbfffa5d37f
ffd0e54d1000e2a79b00060828b
00132107f000d3b7a5ffdf7ca92
001b7bb060008cf3a1ffffd75a6
fff6e3316ffe3d88f0fffaafa89
fffa727740013973acfffc9696d
00037ec28fffbde97b000306ef0
fffa455c5fffab3e60fff7110fc
0019edb1900081ffd3fffe8a5d1
0000f4ac4fff72e2aafffb72ded
fff97fe37fffe5ad6cfffcce49e
0004f0194000c0b12cfff38959a
ffea73cc6fff0807d2fff1b9b02
fff778b64fff9033affff172819
000ecf82c000186a8c0018eebf6
00135913bffe5118bafff103dd9
000664266fffe2b371ffef08193
ffe975581000a77d0500075050c
000a4682900066259effe00adc3
00132d0080002a4232fff8331e7
000173751ffec789d5fffe68f8a
fffd9e727000b409e8fff991ab5
0003f729cfff7a54f8000242fb4
fffb8bdc3fffc5b2e6fff77c9ce
000e1b5ad000ad53dcfffe0065f
ffff353e0fffbe3e25ffee8535d
fffe32fd8fffc4fecffffb18ea9
0002192a0000479f7effec65c86
fff861c70fffcd51beffee056dc
fffcc68e0fffd2de32fff731347
0004334a0fffd95b520012748c5
0004b6378fff0d998ffffc5c658
00042183000096ede7ffff32e75
fffa20da800007f16400090727d
0002c8c680002df712ffeba6cf8
0006aaa00ffffccce4fff8a31cf
0001ac568fff8adb6cfffbaacf6
ffffc6958000570a25fffe5d57c
0001e5460fff900926000794663
fffe95f78fffe69d9afff8ff8dd
000346a880000f08bdfffbc9d51
000000000ffffeee4afff8c530b
000000000ffffbed54fffdbdfaf
000000000000120beefff643019
000000000fffef1a12fff960879
000000000ffff61986fffb5ac2f
000000000000000494000bc9f9a
000000000fffef9624fff63a8ca
000000000ffffe0ef4000c5cb64
0000000000000e300600008657e
000000000000068d72fff55e1c7
00000000000001cfbcfffe1bf01
000000000fffe8280afff9052db
0000000000001238fe0003831b0
000000000ffff14c020008802fb
000000000ffffbdfd2fffa05fcc
00000000000009e3eafffdc62cf
000000000ffffa4c00000181348
000000000ffffb52eaffffe577d
000000000000041d5effff6c02b
000000000ffffc7410000076827
000000000ffffd3cd0fffed7a0c
000000000ffffbc46800037dd54
000000000fffec96defff9cc355
0000000000000d6c220004113ba
000000000fffff98c6fffe8dbb4
00000000000002e1fcfffd44ee7
000000000fffff0112ffffe124f
000000000ffff9cb1cfffccc104
000000000000051698000159e60
000000000ffff7d93a000343767
000000000ffffe3330fffded8e9
00000000000000e420ffffc3dc6
000000000000000000000000000
000000000000000000000000000
000000000000000000000000000
000000000000000000000000000
000000000000000000000000000
000000000000000000000000000
000000000000000000000000000
000000000000000000000000000
000000000000000000000000000
000000000000000000000000000
000000000000000000000000000
000000000000000000000000000
000000000000000000000000000
000000000000000000000000000
000000000000000000000000000
000000000000000000000000000
0000000000000000000004f5369
000000000000000000001633461
000000000000000000003dfa980
00000000000000000000073993d
000000000000000000ffe219387
000000000000000000001a2cb7e
000000000000000000ffff66068
00000000000000000000112f404
000000000000000000001270856
0000000000000000000008e98f1
0000000000000000000827aff20
00000000000000000008265cb74
000000000000000000080d7881f
000000000000000000081a3631c
0000000000000000000813435e6
000000000000000000000101e6c
0000000000000000000004f5369
00000000000000000006b55df58
000000000000000000e1cd10141
000000000000000000e55d936d3
0000000000000000000e911c344
0000000000000000001aa19e510
0000000000000000000b4ed04b2
00000000000000000007d5cecbf
000000000000000000113fa29a3
000000000000000000f2a76361c
000000000000000000ed225fc4f
00000000000000000012c02c134
00000000000000000004d684115
000000000000000000059324fa8
0000000000000000001fa244e2d
000000000000000000ebdacf776
00000000000000000002613d0d2
00000000000000000007c67fcc9
00000000000000000018ed3e2d7
0000000000000000001aa150298
0000000000000000000cca28577
000000000000000000f34e317f6
0000000000000000001fd4f797c
000000000000000000ecfff5b85
000000000000000000f796069dc
000000000000000000038df1f35
0000000000000000000968d6219
000000000000000000fd9d9ee03
00000000000000000006c60f433
0000000000000000000618c1a80
0000000000000000001ab316890
000000000000000000eab8cc162
0000000000000000001abbe461b
00000000000000000002618244e
000000000000000000037a41a67
0000000000000000001c68b3d00
0000000000000000001979a881d
000000000000000000e8665fc17
0000000000000000000e2376585
000000000000000000188da6414
00000000000000000007d37705e
00000000000000000011a22f26b
0000000000000000000081bd346
0000000000000000000718f7dc8
000000000000000000015310f0d
0000000000000000000386c674f
000000000000000000e880416cb
000000000000000000e9b4a126d
00000000000000000008302cf7a
000000000000000000e184d3c12
000000000000000000128a72eab
0000000000000000001f4d98ccd
00000000000000000019661d633
000000000000000000e847afe5a
000000000000000000f85e57827
000000000000000000eae680ab3
00000000000000000000937bba5
0000000000000000000467444b6
000000000000000000e61f8f133
000000000000000000165e8dbf8
0000000000000000000d53e241f
0000000000000000000b48c3e42
0000000000000000000dab2e17e
000000000000000000f12e9e7cc
00000000000000000015f084537
0000000000000000001d7ab5dba
00000000000000000016ebf75a7
00000000000000000003f041f62
00000000000000000008450917a
000000000000000000142d44243
0000000000000000000c769a454
000000000000000000f17c4f1a1
000000000000000000157f0b50c
000000000000000000e1edbc339
000000000000000000fb74563b3
0000000000000000000c44f2203
000000000000000000034ebe50d
000000000000000000e0e37faff
000000000000000000183a86495
0000000000000000000380c1380
000000000000000000f4ba17f1e
000000000000000000029fac5c4
00000000000000000002ff985b9
000000000000000000eebc0fea2
000000000000000000104b09a44
0000000000000000001958f069d
000000000000000000feccb5521
000000000000000000e7d89f6bc
000000000000000000e1411511c
000000000000000000084eaa042
0000000000000000000f4122315
0000000000000000000a4708314
0000000000000000000710ec5f5
000000000000000000106ce5e7d
000000000000000000f706b12a9
0000000000000000001796c2310
0000000000000000000c00042c0
000000000000000000e9599420c
000000000000000000ff01d0d12
000000000000000000fce5b90b9
00000000000000000006b360255
000000000000000000e3dd7c930
0000000000000000000ed14b3ee
0000000000000000000bed08825
00000000000000000002a69679e
00000000000000000010513eb59
000000000000000000088cfa139
00000000000000000018595b820
000000000000000000079240002
000000000000000000e2af8585f
000000000000000000fa92c1507
0000000000000000000971cff8c
000000000000000000ec7f14e77
000000000000000000066da7156
0000000000000000001d0c789f7
0000000000000000000765b586f
00000000000000000013c5cc10a
000000000000000000eed27323b
0000000000000000000a67f49a6
0000000000000000001a0a834d6
00000000000000000017682b90d
000000000000000000ea6225a51
00000000000000000018958f4ca
0000000000000000000ff5786cb
00000000000000000005347e2f5
000000000000000000187685414
000000000000000000136567dbb
000000000000000000fbf1e37ad
000000000000000000f97e274a2
000000000000000000147095414
00000000000000000011d8ff85f
0000000000000000001ee25e35c
000000000000000000199d91807
00000000000000000006ada5058
00000000000000000006a905398
000000000000000000ee493da11
00000000000000000003f469ace
0000000000000000001b1f34c87
0000000000000000000da793919
000000000000000000fec5385f2
0000000000000000001781ba06d
000000000000000000e0c940169
0000000000000000000796b1437
000000000000000000088c9bd3e
000000000000000000e8e15da93
0000000000000000000bcc70229
000000000000000000f0121391f
000000000000000000f7c0163ed
00000000000000000014e2e2cfa
0000000000000000001d3961695
00000000000000000017e34fc91
00000000000000000002f3b7f17
0000000000000000001f25a8fcb
000000000000000000ee6769585
0000000000000000000562b6e9e
00000000000000000018088cd49
0000000000000000001c8e1daf6
000000000000000000f323c8d2b
00000000000000000019574569a
0000000000000000001168be7b5
00000000000000000002c90cfcb
000000000000000000145b87e39
000000000000000000e2eae21dd
000000000000000000090897063
000000000000000000fd11f6c49
000000000000000000f850a61b9
00000000000000000017d81da3a
0000000000000000001d72abc1e
000000000000000000ec1b9b9b7
0000000000000000000c3790c80
000000000000000000e932f245d
000000000000000000ec106f1f4
000000000000000000ff77319f3
000000000000000000ecaf8e50b
0000000000000000002006fbaa7
0000000000000000001a1a0aafb
000000000000000000ff60af2e6
0000000000000000000796be6c9
000000000000000000f2a43a7b8
000000000000000000fe1c655b7
000000000000000000fa500a6f6
000000000000000000fb4819df1
00000000000000000005226202f
000000000000000000feafb5d3d
0000000000000000000c632a67b
0000000000000000001b1041f7d
0000000000000000000877258ca
000000000000000000f978332c7
0000000000000000001ea3f73fa
000000000000000000030b50a7b
000000000000000000018909e48
0000000000000000001ca9e97e7
000000000000000000015dc643f
000000000000000000fcfc25a40
000000000000000000f159c1142
000000000000000000e947889d3
000000000000000000f78af2431
000000000000000000069b5ebc3
000000000000000000eb61acf8e
000000000000000000e189506ba
0000000000000000000af69d9b1
0000000000000000000bf8b8a22
0000000000000000001f7cc0af1
000000000000000000e63a431f4
0000000000000000001fc82867b
0000000000000000001a08c8cf9
00000000000000000015023156c
000000000000000000f3b4a5167
00000000000000000006c05bc9a
000000000000000000038457c42
000000000000000000e98a65605
000000000000000000e43f74f4d
0000000000000000001542e42cc
00000000000000000005132b1be
000000000000000000e8fadcf25
000000000000000000efa3eecde
000000000000000000064693ee3
0000000000000000001f8646102
0000000000000000001a8456662
000000000000000000fe1e58af0
0000000000000000000dc2f4df6
0000000000000000000aea7e50c
0000000000000000000d03a7c01
000000000000000000001271a58
000000000000000000e3c3f46c9
0000000000000000001a834840b
000000000000000000102615366
00000000000000000008e6cdf75
000000000000000000fc7b8ebee
000000000000000000e2e6610ae
0000000000000000000db0ea869
00000000000000000015a8f3512
0000000000000000001b53c150e
0000000000000000000834acd72
000000000000000000e80ad9f13
00000000000000000017667a9b8
000000000000000000e37a0691f
000000000000000000079763e97
0000000000000000000758e8868
000000000000000000ea662a726
00000000000000000013a0a2981
00000000000000000017222f0eb
000000000000000000e52c223b8
000000000000000000fd96783fb
00000000000000000011d0ec9d6
000000000000000000022431b72
000000000000000000158948f31
0000000000000000000055ff590
00000000000000000005b94ab25
000000000000000000fed51d02b
000000000000000000ed292d612
000000000000000000071d970b9
000000000000000000f6865a3cc
00000000000000000001a308c5e
0000000000000000000818142b1
0000000000000000001edc63994
000000000000000000fd1f711d4
000000000000000000e5a0b0ff6
000000000000000000f56f3c454
000000000000000000151076377
000000000000000000e41c00b2f
000000000000000000f9870096d
000000000000000000f8e470a67
000000000000000000e6dcaea4a
000000000000000000f1fdcf6f3
0000000000000000001ab3dac9c
000000000000000000e28d2d8ec
0000000000000000001f184c118
000000000000000000089ff56f0
00000000000000000010c568e17
00000000000000000006d31b111
000000000000000000e3de1d117
00000000000000000019afb9b99
000000000000000000fb4ee1045
00000000000000000002e8e4edd
000000000000000000140ac436f
000000000000000000133bed01c
00000000000000000002d7c18d7
00000000000000000004b79a058
0000000000000000000a10ef05a
0000000000000000001fb2c5a16
0000000000000000000de7868da
000000000000000000ed19303b6
00000000000000000019744dfb8
00000000000000000001a185000
0000000000000000000b0b061fd
000000000000000000080c678eb
000000000000000000edacb9bce
000000000000000000ed61ca398
00000000000000000006f50fbfa
000000000000000000fd92dda14
000000000000000000fa40bcebf
000000000000000000e38d19d17
000000000000000000ea8f764e4
000000000000000000e2fdf84d0
0000000000000000000c3872b1b
000000000000000000034783fdf
000000000000000000172f41288
000000000000000000e3f44ffaf
00000000000000000009f34f527
000000000000000000f98a55f69
00000000000000000003b37c26a
000000000000000000037446e49
000000000000000000e7e1c7655
000000000000000000e389044d5
00000000000000000001c637980
000000000000000000124bfc974
000000000000000000e940d3d06
000000000000000000f495032b4
000000000000000000200998b3a
0000000000000000001f237e035
000000000000000000014eea511
000000000000000000097df09a8
000000000000000000f404f8051
000000000000000000e9b01affe
0000000000000000001216fe8b9
000000000000000000092535d3a
0000000000000000000f9a574bf
0000000000000000000ddc73b99
000000000000000000f2b695992
00000000000000000004ecd0f59
000000000000000000ec604d899
000000000000000000039686e27
000000000000000000f563fd200
000000000000000000e1784afc4
000000000000000000148222207
0000000000000000000c5a690ea
0000000000000000000ee02bcd1
00000000000000000019ab04e0c
0000000000000000000f0dcf1f9
000000000000000000e18aff46d
000000000000000000089c3a3ee
0000000000000000001beeaab8d
0000000000000000000a1a49eee
000000000000000000f7b2df7cf
00000000000000000016a4c409d
000000000000000000eb32f4f19
0000000000000000001fdb19233
000000000000000000ed47677b5
000000000000000000f56645637
0000000000000000001d72886e9
00000000000000000018e8ce6ba
0000000000000000001342c1524
0000000000000000000948ff84a
00000000000000000007413d8b3
000000000000000000f3dd29cae
000000000000000000e2f7a9afc
0000000000000000001f125526a
000000000000000000eeed6ebbd
0000000000000000000077e2045
00000000000000000006c0909df
0000000000000000001aa1d2f77
000000000000000000ec5b370e0
0000000000000000000e9936fb4
000000000000000000e09cc02ae
0000000000000000001ed4ace79
000000000000000000fec8ed600
000000000000000000045f30c9c
0000000000000000001665efa83
000000000000000000f7f8b2efa
000000000000000000f728132ca
00000000000000000006a705d1c
000000000000000000ed0a01907
000000000000000000079a07a3c
00000000000000000005dbd1f4f
000000000000000000fbb38d201
000000000000000000122319312
000000000000000000ebf7466cb
0000000000000000000b0de42e6
00000000000000000008d484a51
000000000000000000035f8e995
000000000000000000185ac29da
0000000000000000001c929afc2
00000000000000000001eb300c7
000000000000000000ef9e7c921
0000000000000000001486956ef
00000000000000000005ee5a7e9
00000000000000000001307cf86
0000000000000000000f8fb541a
00000000000000000010b377ec7
000000000000000000f82fe2e53
0000000000000000001c0aebd53
0000000000000000001f664e7cd
000000000000000000ffcb60c6a
000000000000000000ede036787
0000000000000000000c1161708
00000000000000000008cfef98e
00000000000000000007f0f2c51
000000000000000000f47f782fb
000000000000000000ed049cee1
000000000000000000064956ffa
0000000000000000001a3089ff7
00000000000000000009241e949
000000000000000000193a7982f
00000000000000000011105950d
000000000000000000f015cd326
000000000000000000f55a423ad
00000000000000000002d364623
000000000000000000ee3497f6b
000000000000000000fa2739fbe
00000000000000000019d8c068a
00000000000000000001fb6886f
00000000000000000000936096d
0000000000000000000b7c414b2
000000000000000000f0a1ad998
0000000000000000001881c2318
0000000000000000001628f2fd9
00000000000000000012f16b085
0000000000000000001d69e458e
000000000000000000047addf95
0000000000000000001c32b82af
000000000000000000e22257811
000000000000000000f51f0ca71
00000000000000000005fa2fa89
00000000000000000010f3310f7
0000000000000000001bc43e3f5
0000000000000000000b09cd069
000000000000000000f222b11ae
000000000000000000e29bbd193
000000000000000000fa0a4124f
000000000000000000072a8bd85
000000000000000000f98bf41b5
000000000000000000f40188c12
00000000000000000008bf61f06
000000000000000000edce83762
000000000000000000e988e6c67
0000000000000000000f03dc774
0000000000000000001e4f6e375
000000000000000000fbfcbdd5e
0000000000000000001e25db112
00000000000000000015f621650
00000000000000000003d22d4f4
00000000000000000017988c226
000000000000000000f5d29dfa4
0000000000000000001d559281d
000000000000000000eac42bec6
0000000000000000000d5742e4f
0000000000000000001481b8163
000000000000000000edf58c867
000000000000000000065fa2e8b
000000000000000000fceebf93e
00000000000000000003b1dcee6
0000000000000000000f89be3de
000000000000000000f23f6fb2c
00000000000000000019b38a367
000000000000000000e5850946e
000000000000000000049b41c4b
000000000000000000fd2012790
0000000000000000001508d3890
00000000000000000008e85a221
000000000000000000ec19186b5
0000000000000000000009b7d7d
00000000000000000016da751e3
0000000000000000000f82d86c3
0000000000000000001e9c3bd11
0000000000000000000ccb57ac4
000000000000000000fa9936743
0000000000000000000292f240c
0000000000000000001565be10e
0000000000000000001337d5950
000000000000000000112f64f42
0000000000000000000abf73a03
000000000000000000f61adec36
000000000000000000ec44a812a
0000000000000000001ded2d507
000000000000000000e57e696be
00000000000000000016cb0ecfa
000000000000000000f72b490a9
000000000000000000ec59a65aa
000000000000000000ff1f02380
000000000000000000f829efefb
0000000000000000001dd51478f
000000000000000000096dd11f3
0000000000000000000f3f48410
00000000000000000007f262e71
0000000000000000000a40fd1c2
00000000000000000003c169300
000000000000000000e1dd00172
0000000000000000000306e2756
000000000000000000f6a19920b
000000000000000000e06147d33
00000000000000000013c939231
00000000000000000010c3a27bb
0000000000000000000cfaad721
000000000000000000e52ea97b1
000000000000000000140a444f0
000000000000000000e47ab815b
0000000000000000000e8815a32
00000000000000000006f865644
000000000000000000ea26cb6e4
00000000000000000007214b839
000000000000000000fd5f1b286
000000000000000000141d2c51c
00000000000000000007bf61d46
0000000000000000001db348152
000000000000000000e2bce1fef
0000000000000000001e72c6c8d
000000000000000000042e75c51
000000000000000000fb7714b55
000000000000000000e33693224
00000000000000000004f71b2fe
00000000000000000004a2b3308
00000000000000000002315bce4
00000000000000000016b453e00
00000000000000000017ff9195c
000000000000000000eab5137b1
000000000000000000fd1a518fb
000000000000000000098009ab6
00000000000000000016d441365
000000000000000000097027577
00000000000000000004db57382
000000000000000000eba36795f
000000000000000000e5b151871
00000000000000000002bfe64b3
0000000000000000001fa0e274f
000000000000000000f795cc4d0
0000000000000000000c87872a1
00000000000000000019dc1d1fa
00000000000000000003f2e0150
00000000000000000017fe0df97
000000000000000000f474bfe3f
000000000000000000f381b525d
00000000000000000009e400fa7
0000000000000000000b22e5f55
0000000000000000001bcb8baaf
0000000000000000000465246e7
0000000000000000000a6ec235d
0000000000000000001b8f6479d
0000000000000000000ac13a00f
000000000000000000106b703a4
00000000000000000007975c6cd
0000000000000000000f8b13166
0000000000000000000ba7b0b20
000000000000000000e578fdab5
000000000000000000efc1fbbd8
000000000000000000e4cd3a700
00000000000000000003b9197f4
000000000000000000f762b1415
000000000000000000fcf52dd44
00000000000000000013cb7a528
000000000000000000ea87c1b20
000000000000000000f3ad41e85
0000000000000000001abb6a12c
0000000000000000001eaa162a4
000000000000000000f4c469240
0000000000000000000e56fe04d
000000000000000000fa37a1930
000000000000000000100b9895b
000000000000000000ec4fbf085
00000000000000000010025c2b5
000000000000000000045f21598
000000000000000000eb1085761
00000000000000000004cf503c4
000000000000000000f5d0508af
00000000000000000011b269c54
000000000000000000ef76e385f
000000000000000000e7dbb544b
0000000000000000000cfe59b66
00000000000000000008782555d
000000000000000000fd30c9f96
00000000000000000004f656d16
00000000000000000013ac25841
00000000000000000012a81d47a
00000000000000000006d8f8d3c
000000000000000000056050074
0000000000000000001b323e866
000000000000000000f124f42ab
0000000000000000001744f1cc4
000000000000000000f52c80143
0000000000000000001dd5b2d7f
0000000000000000000606b6179
000000000000000000e76f60a43
000000000000000000efb16a63e
00000000000000000017d76d450
0000000000000000000083f281d
0000000000000000000d089fab2
0000000000000000001780a809c
000000000000000000ee266a366
00000000000000000007b59be4a
000000000000000000e814092f7
000000000000000000075ba8ddb
000000000000000000e56984112
000000000000000000157eeba2f
0000000000000000000b8b5e113
0000000000000000000e173aaf8
00000000000000000009f1dbfa1
0000000000000000001ef76b93f
0000000000000000001c9bac835
000000000000000000116d0e20d
000000000000000000e4e25616b
0000000000000000000354b6ceb
00000000000000000018232a620
000000000000000000109e41f5d
000000000000000000f63b796ad
0000000000000000001de1e0d71
000000000000000000095f8c429
0000000000000000000f1398662
0000000000000000001f45417a1
000000000000000000f423e39ae
000000000000000000ee2050453
00000000000000000009f7258ff
000000000000000000f78665795
00000000000000000003ca50ba2
00000000000000000001ee7e376
000000000000000000115f68d0e
0000000000000000000827b6603
000000000000000000f3696ba6b
000000000000000000fea68377f
0000000000000000000f857f7a3
00000000000000000013b9a684c
000000000000000000e663d29bd
000000000000000000e61a89f40
000000000000000000198b0ea4b
000000000000000000120f610ca
000000000000000000e5c9f762a
00000000000000000011a17537a
000000000000000000f759d255c
000000000000000000e45d79e15
0000000000000000001af363b41
000000000000000000e07bd73b8
000000000000000000013568af7
000000000000000000fcec6e0ab
000000000000000000e90af678d
000000000000000000ee154c4cc
000000000000000000134267ef6
000000000000000000ff9845dfa
000000000000000000ec22da9f0
00000000000000000005824539b
000000000000000000ef315255b
000000000000000000e827d6915
0000000000000000001861eed37
000000000000000000eb42e65a8
000000000000000000ef691405b
000000000000000000190aa9e8f
000000000000000000013bd971d
0000000000000000000a1463241
0000000000000000000f9893cbf
00000000000000000015da7b85b
000000000000000000ed6a879fa
000000000000000000007461510
000000000000000000f08a85505
000000000000000000fe9eb1728
00000000000000000007143a054
000000000000000000066b1d23a
00000000000000000008a1ce058
000000000000000000187031cf0
000000000000000000e810cf5f0
000000000000000000f9cd90e28
000000000000000000e831f4d35
0000000000000000001ab853326
0000000000000000001f4fbd051
00000000000000000017e18f5c9
00000000000000000009bcd9688
0000000000000000001eec9aefe
0000000000000000000316681fa
0000000000000000000156591a3
00000000000000000017a8bc297
00000000000000000012bc03984
000000000000000000ff1f659ff
000000000000000000f05e47eb6
0000000000000000001638be4d9
00000000000000000016ddc17ae
000000000000000000060bb6ec9
0000000000000000000f020e489
0000000000000000000d61a9e4f
000000000000000000115cd7f76
0000000000000000000f717a24f
000000000000000000f98248b99
00000000000000000001d74f4c2
000000000000000000005505b0a
0000000000000000000c7ff9c62
000000000000000000120e94d2d
000000000000000000e4d372080
000000000000000000f088f9fca
000000000000000000072a4a631
0000000000000000001f73659b9
00000000000000000002d9144ad
000000000000000000f774bb136
0000000000000000000325f3e28
000000000000000000047e39363
00000000000000000013d1d0739
0000000000000000001e7cb12ff
0000000000000000000e3c13af7
00000000000000000012d2e4ab0
000000000000000000e783d8aed
000000000000000000f04e46a9f
00000000000000000011867ba20
0000000000000000000b3bd1e9c
000000000000000000ff805491c
0000000000000000000cdaacf25
000000000000000000feddee914
0000000000000000001f3e91849
0000000000000000001761f01ab
000000000000000000fc7a1770b
000000000000000000ebe4faae3
000000000000000000e09fc7d8f
000000000000000000ff601b08e
000000000000000000ffea8b64e
000000000000000000ec7415fe6
00000000000000000008210caa8
000000000000000000eca3be9ea
0000000000000000000e6fb9110
0000000000000000000f03d7518
0000000000000000001df9ac339
0000000000000000000b7457edf
00000000000000000007c994009
000000000000000000200011122
000000000000000000e1e628400
0000000000000000001a381931a
00000000000000000016d4d0283
000000000000000000fcd8ffd7e
0000000000000000000f3136089
000000000000000000181023a66
0000000000000000000a7647c4d
00000000000000000007bba5a46
000000000000000000088bcb839
000000000000000000098c1b4bc
000000000000000000ed26e8685
000000000000000000e7cd7a83a
000000000000000000f037eedd1
000000000000000000e26ce2d96
000000000000000000eccd140d0
0000000000000000000986dd651
0000000000000000000f4fe72c0
000000000000000000f77202aae
000000000000000000fcd21a5f2
000000000000000000fdfa2af6b
0000000000000000001b8a3fdd4
00000000000000000018f6ed43b
000000000000000000ecdb9b169
0000000000000000001d8d90930
000000000000000000f1b90d630
000000000000000000fcf057715
000000000000000000ec9d2fe96
0000000000000000001fc145a39
000000000000000000ea27849e8
0000000000000000000d08feb73
00000000000000000014ca98785
0000000000000000001ca699749
000000000000000000ea2a6b7b2
000000000000000000fa4797ad6
000000000000000000eeb586a7a
000000000000000000160faaeb4
000000000000000000f1a5ba035
000000000000000000ee87a642d
0000000000000000001ee7f8f9b
000000000000000000e1742f5d4
0000000000000000000b3013c54
000000000000000000fbc789ced
00000000000000000011895529f
000000000000000000efd05ba13
00000000000000000003843c5ae
000000000000000000000dc96b9
00000000000000000004610ad60
000000000000000000f4a5be5ad
000000000000000000ee056298c
0000000000000000000b402a511
0000000000000000001c0639c61
00000000000000000013f2b1749
000000000000000000eed8a11ae
000000000000000000f8cdcd4ae
000000000000000000f3b16eb06
0000000000000000000a194df9b
00000000000000000010f69b75e
000000000000000000066fb32ec
0000000000000000001222a82ae
0000000000000000001a694676f
000000000000000000099e56a37
0000000000000000001197ceff8
000000000000000000f21319575
000000000000000000e072d6c47
0000000000000000000a552e912
000000000000000000f4844a880
000000000000000000f4669e8bc
00000000000000000011bb7b398
000000000000000000f0daf4f71
000000000000000000e74300567
000000000000000000e49694e34
000000000000000000fa02b3ac3
00000000000000000014cdf232d
000000000000000000ffa83c620
0000000000000000000fc669163
0000000000000000000a121ecb3
000000000000000000f83a32db8
000000000000000000e7eeda6a5
000000000000000000137a7c995
0000000000000000001731ba38b
000000000000000000122ced51b
0000000000000000000a05077c5
000000000000000000e916ee54b
00000000000000000009838e23a
00000000000000000011c99d800
000000000000000000115adc4c1
000000000000000000176c6f603
000000000000000000f6fdad461
00000000000000000003c05697a
000000000000000000191379cdc
0000000000000000000b82b430d
000000000000000000e10fb4d67
00000000000000000005aa63ecc
000000000000000000fdf9e727a
0000000000000000000cc65fc86
0000000000000000000b189a386
000000000000000000192be9dc7
000000000000000000f625ba9f6
00000000000000000014d2f0a7a
000000000000000000069241ec8
000000000000000000102ac00f9
00000000000000000014b036a88
000000000000000000eddc79c52
000000000000000000082fecf97
00000000000000000002fb9c3d7
0000000000000000001135c165c
000000000000000000f0224a490
0000000000000000000578fe203
0000000000000000001e2c42110
000000000000000000e0bde173b
000000000000000000f12ba9a60
0000000000000000001ccb43e80
000000000000000000f70e8a426
000000000000000000fadafc8f3
00000000000000000001301899d
0000000000000000001d2bb2300
000000000000000000eb3198b04
000000000000000000087374e41
0000000000000000001a04c02a8
0000000000000000000b0af5a11
00000000000000000009fbdb553
0000000000000000001b5a6aba8
0000000000000000000c7413129
0000000000000000000b7536672
0000000000000000001034fda34
000000000000000000e2c934e2c
0000000000000000001d437d574
000000000000000000020e38745
00000000000000000009bdebafe
0000000000000000001fc0c8c42
0000000000000000001228fe492
000000000000000000eab1f0e39
00000000000000000019cdb6451
0000000000000000001b7a00fba
000000000000000000ea1e55762
0000000000000000001f5624782
000000000000000000ef78d0cc0
0000000000000000000137d8938
000000000000000000ee70eb3e8
0000000000000000001d43e52aa
0000000000000000000d6e90285
000000000000000000094ef9f8a
0000000000000000001f2edea7f
000000000000000000f02a98b0f
00000000000000000014360a055
00000000000000000007a6ea231
0000000000000000000ed991ae7
000000000000000000ec4ac5df5
0000000000000000000a2dcd583
000000000000000000152768f82
00000000000000000016fd7e491
000000000000000000e8d8eb54f
00000000000000000001f06a533
0000000000000000001de34aa14
0000000000000000000b0046deb
00000000000000000004208f082
000000000000000000154092596
000000000000000000f2266964e
0000000000000000001aca58cdc
000000000000000000f9f3f9543
000000000000000000167b3a3ed
000000000000000000fcb18ad12
0000000000000000001c542fe80
000000000000000000e5027b9a4
0000000000000000001dfb6954e
0000000000000000000f65b9894
000000000000000000101e28027
0000000000000000001e1ed5c82
00000000000000000019e95224c
000000000000000000145f90f8e
000000000000000000e9f33cc73
0000000000000000000bccae56b
000000000000000000e1ef1870d
0000000000000000000f81c9745
00000000000000000008f63f05e
0000000000000000001fb3f5406
0000000000000000001f6c626ab
00000000000000000002bae65df
000000000000000000191bd431a
000000000000000000e61086313
000000000000000000fb9bf47e5
000000000000000000e5a32ba64
0000000000000000000a3d9c654
000000000000000000133ae7121
00000000000000000008af748f5
0000000000000000000793f01df
0000000000000000001b1374caf
0000000000000000000768ecace
0000000000000000001a85ffcbd
000000000000000000110c29a7a
000000000000000000e3f7e229d
000000000000000000f572393c1
0000000000000000001ebc25078
0000000000000000000247635a4
0000000000000000001f0ca8432
000000000000000000e3c42bc2c
000000000000000000efe3329a2
0000000000000000000d1502e6b
00000000000000000011ad4b433
00000000000000000007d69a0c9
000000000000000000eec2e5cd9
000000000000000000e3b099b9c
0000000000000000001a05d023e
000000000000000000f7e626216
000000000000000000efd33e853
000000000000000000f9ede5873
000000000000000000184d5860a
000000000000000000128085dd2
000000000000000000f40c6dbf1
0000000000000000001919a0a06
000000000000000000eb061b485
0000000000000000000015cb692
00000000000000000001f79ca95
00000000000000000019cd35913
000000000000000000fae6cda6e
00000000000000000010af40d4e
000000000000000000160e52f8f
000000000000000000f6c503b47
0000000000000000000edb512d3
0000000000000000001aec0ecac
0000000000000000000ee14e493
000000000000000000190014232
00000000000000000016f31df6a
0000000000000000001b3c4eb67
0000000000000000000ad613438
0000000000000000000ca56cd6b
000000000000000000015dbdc07
000000000000000000064b27a34
000000000000000000f3195b953
0000000000000000001834fe44d
000000000000000000fa8c529d0
0000000000000000000605ff361
000000000000000000fe6955c57
0000000000000000000f751a69f
000000000000000000f97391337
000000000000000000e625d7601
000000000000000000fc0a41224
000000000000000000145b5a013
000000000000000000f5ddea856
000000000000000000e74985721
00000000000000000017abbdbc5
00000000000000000001692ad5e
000000000000000000ff890ab86
0000000000000000000081d74b4
000000000000000000eca381d63
0000000000000000001b5fdd752
000000000000000000f5cdebbce
00000000000000000018cbd14ac
0000000000000000001d7020cc5
00000000000000000013ba3f4eb
000000000000000000135aa925c
0000000000000000000966aafb8
000000000000000000138da6c85
000000000000000000038727be1
000000000000000000063787e4e
00000000000000000003a286fae
000000000000000000082abd013
000000000000000000e47c247fd
000000000000000000e552de875
000000000000000000154d6346b
000000000000000000fbbabadce
0000000000000000000f1537c97
000000000000000000113f12a51
00000000000000000016d1ce46a
0000000000000000001752877fb
0000000000000000001a0bfc770
000000000000000000137601771
00000000000000000013ab0cb6d
000000000000000000183e97e23
0000000000000000001ae93f745
000000000000000000f74da7afc
00000000000000000017bb1f948
000000000000000000026c1f541
000000000000000000f4c97fe7b
0000000000000000000dfb462ac
0000000000000000001d4213360
00000000000000000018a61dbc6
0000000000000000000696a38ed
000000000000000000ebcc4c281
000000000000000000f178d3e8b
000000000000000000eaa4107c5
0000000000000000001f8f56a5b
000000000000000000f9b57f181
0000000000000000001748914ac
00000000000000000013dbf2d96
000000000000000000193c4eaa5
000000000000000000027fa0d56
00000000000000000010a274e93
00000000000000000012fb29cf6
000000000000000000feccf09df
0000000000000000001a030ca56
0000000000000000001558a65f3
000000000000000000192d48bce
000000000000000000f1a666552
000000000000000000036914e68
0000000000000000000a72c6387
00000000000000000007414761d
0000000000000000001df1b7e1a
0000000000000000001dd091fa0
000000000000000000e21ce257f
000000000000000000068360fe7
000000000000000000197ebd65d
0000000000000000000cf11123a
0000000000000000000ca4f2eb4
0000000000000000001689cbcff
0000000000000000000fde71ba0
000000000000000000edf523b61
000000000000000000168cdbb95
000000000000000000e4f0c18f3
0000000000000000000a3d40aca
000000000000000000ff9d37c80
000000000000000000ecd0621e8
000000000000000000f4feeedac
000000000000000000e81190e76
0000000000000000000d0611246
00000000000000000011854c279
0000000000000000001f2b67ce6
000000000000000000005566e8f
00000000000000000016cf1e51f
000000000000000000064d9ff41
00000000000000000016d6fa280
000000000000000000e0fb677f3
000000000000000000e543e20d1
0000000000000000000a5596a2b
000000000000000000ecd06a39a
0000000000000000000af1223a3
0000000000000000000bfaa757b
000000000000000000093c054c2
000000000000000000167be8f80
000000000000000000128813847
000000000000000000084e7c50e
00000000000000000006a5009fb
000000000000000000089610d97
000000000000000000154bfeb28
00000000000000000017dce2e86
000000000000000000efeb27c92
0000000000000000000847e6fba
00000000000000000006c184822
000000000000000000f48fc0aee
00000000000000000000377028b
000000000000000000f4c4a3dd2
000000000000000000e40654917
00000000000000000014881be6d
0000000000000000001313747aa
0000000000000000001f997caab
0000000000000000001458c4657
00000000000000000014a45a73a
0000000000000000000f3fd5211
000000000000000000058d8bbf2
00000000000000000010167b247
000000000000000000f7f76ee5f
00000000000000000001fd92c21
00000000000000000011bd6d9b4
000000000000000000e48765f22
00000000000000000018344c6aa
00000000000000000010b0a0321
000000000000000000147e2549a
000000000000000000f0378042e
000000000000000000f20621ae9
0000000000000000000de7262cb
000000000000000000fa654a048
00000000000000000013aa8eb81
0000000000000000000a54d90b1
000000000000000000162b2ff18
000000000000000000e810ae5a5
0000000000000000001da2983cf
000000000000000000fefd81222
000000000000000000ea9f23bb5
0000000000000000000bd23a27a
00000000000000000006bb3c305
0000000000000000001a4749eda
000000000000000000f6794efb1
000000000000000000e819dc969
000000000000000000e30b53f8f
000000000000000000eda2faa85
0000000000000000001a0fbd46a
0000000000000000000b4d8635f
000000000000000000181532855
00000000000000000000884c87f
000000000000000000f24bbfe95
000000000000000000f9fe00794
000000000000000000148eff267
0000000000000000001033f43e8
000000000000000000141c118e3
0000000000000000000187aad24
000000000000000000ed9461390
000000000000000000056baa5fe
00000000000000000013509fe1c
00000000000000000011f0394ec
0000000000000000000ef721125
00000000000000000006a8818ed
000000000000000000f57285d53
0000000000000000000e5c079b9
000000000000000000f3d8aa9c8
000000000000000000150e65d8c
00000000000000000012aedffbf
0000000000000000001038cf738
0000000000000000000803a038b
000000000000000000161e3eda7
0000000000000000000b70aac80
0000000000000000000623a5ebf
000000000000000000febd9a6f3
000000000000000000f75582a7c
000000000000000000f5cb5c957
0000000000000000001744477ec
000000000000000000f9ead8f08
0000000000000000001a99c310a
0000000000000000001e2f4a7ec
000000000000000000165ca4a9c
0000000000000000000617fc05c
000000000000000000060845d94
000000000000000000f0dcfc576
0000000000000000000b39b48f7
00000000000000000004788335f
00000000000000000013fe93350
000000000000000000176b2ddb3
0000000000000000000c67726bf
000000000000000000e42a783c0
0000000000000000001122712f2
000000000000000000193479514
000000000000000000e5618c096
0000000000000000000435de569
0000000000000000001a71d493c
0000000000000000001bd4bb40d
000000000000000000e08852a8d
000000000000000000e3f304d42
00000000000000000017468337f
00000000000000000012803ad55
000000000000000000e38f7d796
000000000000000000095f907b1
0000000000000000001f4a4e800
0000000000000000000c9109910
000000000000000000e1012853a
0000000000000000001f1ce0ed3
000000000000000000fb24d9170
0000000000000000001173b560f
00000000000000000015dcc9287
0000000000000000001754e05d2
000000000000000000e59bd47fd
0000000000000000000e58e4da1
000000000000000000ebc27754b
0000000000000000000cc1cc80b
000000000000000000008d2ed33
000000000000000000f21cf7980
00000000000000000000abbe8f2
000000000000000000119a8f008
000000000000000000042b1864f
00000000000000000009ed3d1ce
0000000000000000001e9aed42a
000000000000000000f8be97aab
000000000000000000f8347da3d
000000000000000000faf69427c
0000000000000000000c08332e9
000000000000000000f21f9e66c
00000000000000000002a612eff
000000000000000000ec418df3c
00000000000000000006fe449ce
000000000000000000f459d1109
0000000000000000000eb0acefd
00000000000000000018969bec6
000000000000000000158d6880e
00000000000000000009217b566
00000000000000000004bd720a3
000000000000000000e6f58b807
000000000000000000f5cb4e82b
000000000000000000e99d80c1f
000000000000000000fdea7262a
000000000000000000fc8f3e6ea
0000000000000000001f0070401
000000000000000000e073cbbd0
000000000000000000f10df7f5a
0000000000000000000450243ef
0000000000000000000042ce74b
00000000000000000000ccee4e9
00000000000000000007c424807
000000000000000000fbe88d65f
0000000000000000000bd9fc43c
0000000000000000000f1046d5c
000000000000000000e325a852b
0000000000000000000e131344c
0000000000000000001b4491409
000000000000000000062c82e4d
0000000000000000001c51834d3
00000000000000000008a01ccfe
0000000000000000000fa57b7e8
000000000000000000e3bb5e798
000000000000000000161d82976
00000000000000000010e6390b6
000000000000000000165e73f84
000000000000000000e36646d71
000000000000000000e45ae4a06
000000000000000000eacfa2983
000000000000000000e3ee9ab1e
0000000000000000001128c8c2b
00000000000000000010d50d35e
000000000000000000126a46c4c
000000000000000000f5048bd4e
000000000000000000f98b741c0
0000000000000000000ed7c3d8e
000000000000000000107cf36b1
000000000000000000fdc86c108
0000000000000000000aa503ea4
000000000000000000f7c8ef8c2
0000000000000000001678ef6ff
00000000000000000007a9136b4
0000000000000000000f739277c
000000000000000000e77481569
000000000000000000063f9ef77
000000000000000000e0f78d2fb
000000000000000000099b97632
000000000000000000f003deab0
00000000000000000007e37b5bb
0000000000000000001c12b50dd
000000000000000000161c07e34
0000000000000000000b88226d2
000000000000000000f567411be
00000000000000000018b340095
0000000000000000001920f2d9d
000000000000000000e10e8ac4d
0000000000000000001126b9589
00000000000000000006a47f3c6
000000000000000000e8082027a
0000000000000000000eb18abd3
0000000000000000001235ec007
000000000000000000e94e222f0
000000000000000000f1f125c43
000000000000000000eb9dd56e1
000000000000000000e49b03df8
000000000000000000f7d2009c6
0000000000000000001d1b2b363
00000000000000000012d20c772
0000000000000000001ebdb0811
0000000000000000000cb3b8cc6
000000000000000000ef8990a48
0000000000000000001115628c2
0000000000000000001b5ce6d2a
000000000000000000e5d98ccbd
0000000000000000001edd70059
000000000000000000159d8e1de
000000000000000000f2134ecff
000000000000000000e5b112877
000000000000000000f70bd6ece
0000000000000000000f567a32b
0000000000000000001f92581fe
000000000000000000148810a4f
000000000000000000e2f12e5b6
000000000000000000fb445e42a
0000000000000000000cc28e145
000000000000000000f1bc76d25
0000000000000000000e1978b73
000000000000000000034990ec2
00000000000000000015dbd93ca
000000000000000000039fad92c
000000000000000000054681e28
000000000000000000f78f859d1
000000000000000000042a3fab2
000000000000000000eb706b933
000000000000000000ec990da64
000000000000000000f56d660c4
000000000000000000006caecd1
000000000000000000f6eb6fb26
00000000000000000013c347c17
000000000000000000ffb3be2da
00000000000000000011b56d25b
00000000000000000006dff0ef0
0000000000000000000bd2fa946
000000000000000000e3f6390a0
00000000000000000017ce9ecc2
0000000000000000001e3994c9c
00000000000000000015695e0c4
00000000000000000017067c2d5
0000000000000000000a894b40a
0000000000000000000c13a915b
0000000000000000001f14b4e84
0000000000000000001708e8464
000000000000000000ec55a1cc3
0000000000000000000c0a3e980
0000000000000000000acdf1520
00000000000000000001bff41fd
000000000000000000f35f12604
00000000000000000017069806b
000000000000000000ea625e278
0000000000000000001ab23e506
0000000000000000000f0460106
000000000000000000056c517df
000000000000000000e4e7bbc7b
00000000000000000014e4bbb6b
000000000000000000fe8d4cbf7
0000000000000000001e1c15265
00000000000000000016243be22
0000000000000000001a9107fe0
000000000000000000f8e5a137a
000000000000000000e01549ebf
00000000000000000019a00b11b
0000000000000000000f69ad51e
00000000000000000013912dd62
000000000000000000eb11153a7
000000000000000000e097be72e
0000000000000000000e76e9fdc
000000000000000000ebeba32ff
0000000000000000000b9e5e6df
0000000000000000001ec437e83
0000000000000000000ad6714b8
00000000000000000014d9945e2
0000000000000000000b88ddfcd
000000000000000000165ffe814
0000000000000000000563e7e38
00000000000000000007f177347
000000000000000000009bd4a4f
000000000000000000160ac11e5
000000000000000000f1a8fffce
0000000000000000000a33e36ab
000000000000000000fa24f8409
000000000000000000f670706a9
0000000000000000001bd1ab12d
000000000000000000e6a86ed97
0000000000000000000a6175831
000000000000000000120b8d89f
0000000000000000000e5ed05ca
000000000000000000124e7460d
0000000000000000000a30595b6
000000000000000000172b989bd
0000000000000000000d4d1ddc2
0000000000000000000dc2c78a7
000000000000000000fdcf80b91
0000000000000000000619169c2
000000000000000000124155392
000000000000000000ea5ad0c33
00000000000000000012f448cbc
000000000000000000029a1c1d7
000000000000000000182c10031
00000000000000000013b05d9cf
0000000000000000000ece2741e
000000000000000000f20b0a491
000000000000000000e1cf800e5
000000000000000000efc5f14a9
00000000000000000004d74420a
0000000000000000000354d3b61
000000000000000000f583a077e
00000000000000000013d57ad0c
000000000000000000f7bcb9807
000000000000000000008077705
000000000000000000f11bdd1f0
0000000000000000001e5570f04
000000000000000000f62214b7e
000000000000000000063e4ffe0
000000000000000000e5afca2e0
0000000000000000001e49e07c9
000000000000000000f095ccd34
000000000000000000100efafe4
00000000000000000007fbbbd25
00000000000000000004e0c260b
00000000000000000008ae4abff
00000000000000000003e59fb1b
00000000000000000006dd4083e
00000000000000000007d6802f2
000000000000000000071f6256f
00000000000000000019cb4ec42
000000000000000000026a7a7be
000000000000000000e0ecedd4e
000000000000000000ff15aa818
000000000000000000eebfb64c0
000000000000000000fd81f52a3
0000000000000000000143d3e7a
000000000000000000e4f238d70
000000000000000000f55b5f8c7
00000000000000000018a56d650
000000000000000000026e0de31
00000000000000000018e569218
000000000000000000facd42d0d
000000000000000000f023eca2b
0000000000000000001497d821d
0000000000000000001b6688932
000000000000000000f84fbd08c
000000000000000000ef1ae218d
000000000000000000006e7ae14
000000000000000000e9a45536d
000000000000000000058c04940
00000000000000000000d854a21
0000000000000000001c2d7d0de
0000000000000000001eeb23f98
000000000000000000ecd1d2dde
0000000000000000001359cbb2b
000000000000000000112790749
0000000000000000000e2e91a42
000000000000000000ea1a3065f
00000000000000000002293e701
000000000000000000ea1bb7a9d
0000000000000000000864a27c7
00000000000000000011c4103ea
00000000000000000006b4982a6
0000000000000000001f3fc3f6d
0000000000000000000fad10f41
00000000000000000006ca180b3
000000000000000000eb95cd6fc
000000000000000000f83a3fc46
000000000000000000013375a25
000000000000000000ffcb6887c
000000000000000000e5c053add
000000000000000000e7b1ff4d6
00000000000000000017f9cb930
000000000000000000eb1b6a42a
000000000000000000e096f21f8
000000000000000000e3b33b4fe
000000000000000000054b3959e
00000000000000000006775d201
00000000000000000014f78eea9
00000000000000000002959723e
000000000000000000e3c3dfe16
000000000000000000f73461edb
00000000000000000011e3dcacc
0000000000000000000160acbba
0000000000000000001361ff599
00000000000000000003f799710
00000000000000000010d16e971
00000000000000000007ef541c4
00000000000000000008ec24905
000000000000000000036ad5c7f
000000000000000000e961cbae1
0000000000000000001972bcbcc
00000000000000000010f16b26b
000000000000000000e1eace3b7
000000000000000000ebbb67aa4
0000000000000000000dd9ddd73
000000000000000000f5b7b5c83
000000000000000000f3cef889a
000000000000000000044923a16
000000000000000000ec3178b3a
000000000000000000fbda488ac
000000000000000000083dcf7e5
000000000000000000083150361
00000000000000000018fce0da4
000000000000000000100107764
00000000000000000002173ad3f
000000000000000000e7d3ce8d4
000000000000000000f8b978883
0000000000000000000a4808006
0000000000000000001f77019be
000000000000000000f88ce2b48
000000000000000000f8eee8ecc
000000000000000000e04eeac5c
00000000000000000014c69872c
000000000000000000fa6b23c71
0000000000000000000d5925c4f
000000000000000000ec7bfb1e9
00000000000000000004815c2c3
000000000000000000edf94e842
00000000000000000015a8f41ba
000000000000000000068fdc8aa
0000000000000000001784d8ae1
0000000000000000000477484e6
00000000000000000013948cba7
0000000000000000001ab8ed331
000000000000000000f137f13f2
0000000000000000001b9eda9ed
000000000000000000f612d941b
000000000000000000efad9082c
0000000000000000000fbc2e5cc
000000000000000000017d5b889
000000000000000000116e3a611
000000000000000000135ad6256
0000000000000000000528d4865
00000000000000000019bdda4eb
000000000000000000fde2f3e38
0000000000000000000681ce521
000000000000000000e5911d5dc
000000000000000000fe1e7fc63
000000000000000000eb3f9ae06
0000000000000000000866a00e4
00000000000000000003e10ea6a
00000000000000000006b1143fa
000000000000000000ffd2631b3
00000000000000000008361af20
000000000000000000003bd1b17
0000000000000000001f6ec4ffc
000000000000000000fd20b6cd7
000000000000000000f99192d4b
000000000000000000f5d094e3c
0000000000000000001815ff28c
0000000000000000000a34109e2
000000000000000000e774c5e4a
000000000000000000107bd08d6
000000000000000000fce2c469d
000000000000000000037a68660
000000000000000000fe51a084d
00000000000000000004a1136bb
00000000000000000012f32644d
000000000000000000157224d2a
00000000000000000017c770ebf
0000000000000000001bd92f949
0000000000000000001c16d9036
0000000000000000000a5a66626
000000000000000000e9e444671
000000000000000000073cdcf40
0000000000000000001368f5839
000000000000000000ed2addd2e
000000000000000000e6543c2e4
000000000000000000116d40e41
000000000000000000ed42ebf95
000000000000000000190a6d9f0
00000000000000000016c0847d4
0000000000000000000e4ea50a8
00000000000000000017e511cd7
000000000000000000fb5aa0e84
000000000000000000eba403d0c
000000000000000000ec9a5c8d4
000000000000000000110a6846e
000000000000000000199fb964d
00000000000000000011e426b2a
0000000000000000001b25ec040
00000000000000000011a48b794
00000000000000000019554dc1e
00000000000000000016a101081
000000000000000000ec6010126
000000000000000000fc2958584
0000000000000000001b85dab8e
00000000000000000006dc696dc
00000000000000000019c78c632
00000000000000000017acab49e
000000000000000000eb06ccd54
000000000000000000f66584040
000000000000000000ecf4432b9
000000000000000000143319410
00000000000000000011ff9b8af
000000000000000000034746a27
0000000000000000001f7cfeda2
000000000000000000109f7a61c
0000000000000000000da967caa
000000000000000000166ebf316
0000000000000000000bbc8ea31
0000000000000000001a7ef968f
0000000000000000001cdd09b19
000000000000000000e011b5636
000000000000000000ede22167f
000000000000000000090c8c1b7
00000000000000000018d5c9907
0000000000000000000094d5383
0000000000000000000bdbc821e
000000000000000000e42a61467
00000000000000000011541c165
000000000000000000198d12d58
0000000000000000000d55a63a0
000000000000000000fb882e6e1
0000000000000000000c8c4f0d0
0000000000000000000e55a6b9c
00000000000000000019b1b976e
000000000000000000fdbe263be
0000000000000000001f716f70d
000000000000000000e437b4a73
00000000000000000006e70dc12
0000000000000000001035dadce
000000000000000000e9aa60eef
0000000000000000000e9d8a020
0000000000000000001444a35c3
0000000000000000000bc8f0a8b
0000000000000000000200ea59f
000000000000000000037f0fa77
0000000000000000001c4005e0a
000000000000000000ef5047890
0000000000000000000c81148c4
000000000000000000ee5b57bb3
0000000000000000001b4254d54
0000000000000000001f8955327
0000000000000000000c5398f55
000000000000000000fa8c9346b
0000000000000000001188eb22a
000000000000000000fd115af06
000000000000000000070864586
000000000000000000ffe9dc57c
000000000000000000f634763dd
0000000000000000000d88bbc31
000000000000000000f1c787196
000000000000000000fa8dcf3c6
0000000000000000001685bb964
0000000000000000001620caea3
000000000000000000efec81d16
000000000000000000eb41bcb62
00000000000000000006163293f
0000000000000000001b134254a
000000000000000000201d288ff
000000000000000000f5a95e9d8
00000000000000000010e69b3ae
0000000000000000001526e3f75
0000000000000000000f7883b2b
00000000000000000000f6266eb
000000000000000000e34425b55
000000000000000000f3e4d3f6b
0000000000000000001d636a7f4
00000000000000000011b811bcd
000000000000000000e70f88e0f
000000000000000000fce3af5c9
000000000000000000029918118
00000000000000000015c0a350c
0000000000000000000a736ce82
00000000000000000000599299b
00000000000000000004d305eca
000000000000000000f5152f7cc
000000000000000000f2aa9b7b7
00000000000000000009bfc7276
0000000000000000001b995a400
0000000000000000000a2ffca3f
00000000000000000017f7081a3
00000000000000000010404586a
00000000000000000003f795219
00000000000000000003326bf47
00000000000000000003c45522a
000000000000000000fc44b1cf9
000000000000000000144da4de6
000000000000000000056e74277
0000000000000000000e99c72f0
000000000000000000122780eb8
0000000000000000000c57ec1b7
000000000000000000ffef8e032
0000000000000000000f66c0377
00000000000000000014b605f99
000000000000000000142e72c97
000000000000000000143934afa
00000000000000000010939e339
000000000000000000f06f742b9
00000000000000000005c3036d1
00000000000000000011b349765
00000000000000000004e8c09ca
000000000000000000ed2b3e791
000000000000000000160e68d82
0000000000000000000333a68b0
0000000000000000001f31bb12f
000000000000000000ee546c392
0000000000000000001b542cc11
000000000000000000f53337b65
0000000000000000000eae27ae5
0000000000000000000662a5a53
00000000000000000007ece6396
0000000000000000000af3ef7a6
000000000000000000f36479629
0000000000000000000da53d85b
000000000000000000fe8722477
00000000000000000006c2b8300
00000000000000000016e60a24f
000000000000000000f97634e76
000000000000000000e6b68d64f
000000000000000000029955676
0000000000000000001a34dbb95
000000000000000000fbec1ffa0
0000000000000000001461fd98d
000000000000000000f805db5b1
000000000000000000e179e189f
0000000000000000000a3b83130
0000000000000000001a6828f1a
0000000000000000000d4737738
0000000000000000000c447bd21
000000000000000000e20e0123a
00000000000000000006519f22c
000000000000000000001d92dcb
0000000000000000001f72f746a
000000000000000000200758db0
000000000000000000ff880f524
000000000000000000ea637cabd
0000000000000000001d7fa68ce
0000000000000000000078d64fb
000000000000000000f48136e1a
0000000000000000000ddda45eb
000000000000000000f60a5eaf8
0000000000000000000e44a683a
000000000000000000f3e3b2c31
000000000000000000e8acdc551
000000000000000000077d30b36
00000000000000000000b7fbc1b
0000000000000000001c9869f8d
00000000000000000003671a1bd
000000000000000000f586efd5c
00000000000000000018a777e28
00000000000000000002bbfa84d
000000000000000000fac8e6490
0000000000000000001435eb2e8
000000000000000000034a2fb25
00000000000000000003ba2a292
000000000000000000141f737ab
0000000000000000001580abd6a
00000000000000000005febad1f
000000000000000000e9a148de4
000000000000000000e51673294
00000000000000000010874df6d
000000000000000000e45980df5
00000000000000000008a51dacb
000000000000000000e3b856e7a
00000000000000000019e80e8c2
00000000000000000006417fd0b
0000000000000000000fc5ffada
000000000000000000161b34e3b
00000000000000000003faa4af6
00000000000000000011dbb83eb
000000000000000000e0fa3c9be
000000000000000000fb4354870
000000000000000000003766772
0000000000000000002015aa6e2
000000000000000000135a9a2b9
000000000000000000101e0abd7
00000000000000000005c0906da
00000000000000000015f3a303a
0000000000000000001aeb80b1e
00000000000000000002f76d0ce
000000000000000000fbc362232
00000000000000000017b8b35ae
0000000000000000000bf22aff0
00000000000000000005a5bf3a0
00000000000000000009ae420e9
0000000000000000000ed1a412d
0000000000000000001857de08f
00000000000000000016adaa845
0000000000000000000108bafa5
000000000000000000fea9a89ac
0000000000000000000d5e77475
0000000000000000000a7600741
00000000000000000009b4b33cd
0000000000000000000ea1a1c5e
000000000000000000f3330fe81
000000000000000000fe3a9f28f
0000000000000000000fd964144
000000000000000000f593bf3aa
0000000000000000000086fc710
000000000000000000edd829830
000000000000000000fd1003db7
0000000000000000001787a2a80
00000000000000000006dd9ff40
0000000000000000000eb10fbc8
0000000000000000001be6e0f86
000000000000000000200fc1ce5
000000000000000000f00fdae6b
000000000000000000f152ecac5
0000000000000000001aabb141e
0000000000000000001ac6aba97
0000000000000000000e03b1fe5
0000000000000000000910780a0
000000000000000000027c3348f
000000000000000000f20a8f2e4
00000000000000000005cf6c37e
00000000000000000007d0aa743
000000000000000000fc4d1476f
0000000000000000001efe81194
000000000000000000e0b422129
000000000000000000e5774d9e1
000000000000000000f308dd17c
0000000000000000000e612cdfc
000000000000000000fe5e5bcc9
0000000000000000001fe27498b
000000000000000000115814cd9
000000000000000000ff7d2fcfa
000000000000000000eb917b97c
0000000000000000001e9e941c6
00000000000000000016ff45821
0000000000000000001bdc7aaf1
000000000000000000ebbc015cd
0000000000000000000ab4f398a
00000000000000000005524d86d
000000000000000000fc00675ae
0000000000000000001b7c4ff60
000000000000000000effd056d6
0000000000000000000741b7a29
0000000000000000000726b7b0e
0000000000000000000c861bb23
000000000000000000087b04e51
0000000000000000000b97be236
000000000000000000ecb63294c
0000000000000000000ef6d9d11
0000000000000000001c25eaa1f
000000000000000000f653d3b27
000000000000000000e87385af9
00000000000000000007568794b
000000000000000000f0e412620
00000000000000000001b8bd8fd
00000000000000000004d16c45a
0000000000000000001c0015ce3
00000000000000000013beb5cc8
0000000000000000000741501f4
000000000000000000e86a8f5ab
0000000000000000001907913e8
0000000000000000001948a31e9
000000000000000000006f9a85b
00000000000000000005c900926
0000000000000000000f1ab1a55
0000000000000000000a2bc7680
0000000000000000001c1b8488e
000000000000000000f4aa2f777
0000000000000000001eb9c1569
00000000000000000006cb4b8c1
000000000000000000ec4484b63
000000000000000000035534ebc
0000000000000000001e691ae24
0000000000000000001e57cc351
000000000000000000f1405edc8
000000000000000000fbe2e057f
000000000000000000f2cbd456a
00000000000000000000a1b10f3
0000000000000000001e21137b4
0000000000000000001465aba84
000000000000000000f1c943791
000000000000000000029c93065
000000000000000000e286bd702
0000000000000000001f1069de8
0000000000000000001f84df915
000000000000000000eb0809fae
000000000000000000f1174444d
0000000000000000001af118dc2
000000000000000000e83919327
00000000000000000010dd2ec6a
000000000000000000e72f4e596
0000000000000000001a3fe6fad
00000000000000000002d87c243
0000000000000000001d357a9bd
00000000000000000008efaf419
00000000000000000002ac449b5
000000000000000000ece70e9ed
0000000000000000001cc189922
000000000000000000f34f82945
000000000000000000f7de1be8f
000000000000000000e9d9616da
0000000000000000000738971ec
0000000000000000001a1c466eb
0000000000000000001feb49f6f
000000000000000000fe9e5e970
000000000000000000ff73b8f04
000000000000000000e9b3a5d5b
000000000000000000e23eb9180
0000000000000000001e6b84166
000000000000000000f3fde5c02
000000000000000000134822fcc
00000000000000000009dc19198
0000000000000000001a9d49930
000000000000000000200418948
000000000000000000f78a7a3ef
00000000000000000004333f2c3
000000000000000000189f5d987
000000000000000000174cd438f
00000000000000000005bfdfcf6
00000000000000000017ede7821
0000000000000000001acf7cbc2
000000000000000000155d1df43
0000000000000000000dbc275cf
000000000000000000eaa0c9d39
000000000000000000164408540
0000000000000000000e4e4d101
000000000000000000ed81e1b27
000000000000000000e3d11c23e
000000000000000000130fc3bbb
0000000000000000001af6c36ef
000000000000000000eb4500eb9
000000000000000000151e9ab2b
0000000000000000001644db83d
0000000000000000001ab01a116
000000000000000000fdd16adf3
000000000000000000e7e3c2ee2
00000000000000000000f27b4de
000000000000000000185426601
000000000000000000e12d99c3f
00000000000000000018e1bd2bf
00000000000000000003312c64d
00000000000000000007eba87f1
000000000000000000eae71b5aa
000000000000000000088ccfed1
000000000000000000f1198134d
000000000000000000fa0ae7f41
000000000000000000e9ac952d3
00000000000000000007c19b327
0000000000000000000a90f0b51
000000000000000000f2b315a91
000000000000000000e96e97298
000000000000000000128800e85
0000000000000000001f90eb112
0000000000000000001ee237b14
0000000000000000000f6a5bfda
0000000000000000001e62dffa8
000000000000000000eef0f3349
000000000000000000eb17d0b9f
0000000000000000000fbf9a577
000000000000000000e0401b56b
0000000000000000000c18b75cf
00000000000000000000721b345
000000000000000000e1bd57949
00000000000000000005fae516c
00000000000000000006f571818
000000000000000000165d6c1a6
000000000000000000135e28d87
00000000000000000009b393494
000000000000000000f5ba452fd
000000000000000000104767456
000000000000000000f51d88b37
000000000000000000f19f88e3a
000000000000000000fa44c5a9a
00000000000000000009995589c
000000000000000000f6db2724e
000000000000000000161d724e7
00000000000000000009d155af9
0000000000000000000476db49c
00000000000000000008c327cc2
0000000000000000001ae2c356a
000000000000000000f18b95845
000000000000000000fdc81b23e
00000000000000000018448fda4
000000000000000000004efc4b0
0000000000000000001651ea3d3
000000000000000000fc31be31e
000000000000000000fef0ab532
0000000000000000000f69934f0
000000000000000000095c5f2c2
0000000000000000001b4268e89
000000000000000000119b1d394
0000000000000000001a1e0f42d
000000000000000000e4fff4b4a
000000000000000000e810592d8
000000000000000000191da52ab
00000000000000000017f89904e
000000000000000000041540288
000000000000000000fc4fbc4c6
000000000000000000000000000
000000000000000000000000000
000000000000000000000000000
000000000000000000000000000
000000000000000000000000000
000000000000000000000000000
000000000000000000000000000
000000000000000000000000000
000000000000000000000000000
000000000000000000000000000
000000000000000000000000000
000000000000000000000000000
000000000000000000000000000
000000000000000000000000000
000000000000000000000000000
000000000000000000000000000
000000000000000000000000000
000000000000000000000000000
000000000000000000000000000
000000000000000000000000000
000000000000000000000000000
000000000000000000000000000
000000000000000000000000000
000000000000000000000000000
000000000000000000000000000
000000000000000000000000000
000000000000000000000000000
000000000000000000000000000
000000000000000000000000000
000000000000000000000000000
000000000000000000000000000
000000000000000000000000000
000000000000000000000000000
000000000000000000000000000
000000000000000000000000000
000000000000000000000000000
000000000000000000000000000
000000000000000000000000000
000000000000000000000000000
000000000000000000000000000
000000000000000000000000000
000000000000000000000000000
000000000000000000000000000
000000000000000000000000000
000000000000000000000000000
000000000000000000000000000
000000000000000000000000000
000000000000000000000000000
000000000000000000000000000
000000000000000000000000000
000000000000000000000000000
000000000000000000000000000
000000000000000000000000000
000000000000000000000000000
000000000000000000000000000
000000000000000000000000000
000000000000000000000000000
000000000000000000000000000
000000000000000000000000000
000000000000000000000000000
000000000000000000000000000
000000000000000000000000000
000000000000000000000000000
000000000000000000000000000
000000000000000000000000000
000000000000000000000000000
000000000000000000000000000
000000000000000000000000000
000000000000000000000000000
000000000000000000000000000
000000000000000000000000000
000000000000000000000000000
000000000000000000000000000
000000000000000000000000000
000000000000000000000000000
000000000000000000000000000
000000000000000000000000000
000000000000000000000000000
000000000000000000000000000
000000000000000000000000000
000000000000000000000000000
000000000000000000000000000
000000000000000000000000000
000000000000000000000000000
000000000000000000000000000
000000000000000000000000000
000000000000000000000000000
000000000000000000000000000
000000000000000000000000000
000000000000000000000000000
000000000000000000000000000
000000000000000000000000000
000000000000000000000000000
000000000000000000000000000
000000000000000000000000000
000000000000000000000000000
000000000000000000000000000
000000000000000000000000000
000000000000000000000000000
000000000000000000000000000
000000000000000000000000000
000000000000000000000000000
000000000000000000000000000
000000000000000000000000000
000000000000000000000000000
000000000000000000000000000
000000000000000000000000000
000000000000000000000000000
000000000000000000000000000
000000000000000000000000000
000000000000000000000000000
000000000000000000000000000
000000000000000000000000000
000000000000000000000000000
000000000000000000000000000
000000000000000000000000000
000000000000000000000000000
000000000000000000000000000
000000000000000000000000000
000000000000000000000000000
000000000000000000000000000
000000000000000000000000000
000000000000000000000000000
000000000000000000000000000
000000000000000000000000000
000000000000000000000000000
000000000000000000000000000
000000000000000000000000000
000000000000000000000000000
000000000000000000000000000
000000000000000000000000000
000000000000000000000000000
000000000000000000000000000
000000000000000000000000000
000000000000000000000000000
000000000000000000000000000
000000000000000000000000000
000000000000000000000000000
000000000000000000000000000
000000000000000000000000000
000000000000000000000000000
000000000000000000000000000
000000000000000000000000000
000000000000000000000000000
000000000000000000000000000
000000000000000000000000000
000000000000000000000000000
000000000000000000000000000
000000000000000000000000000
000000000000000000000000000
000000000000000000000000000
000000000000000000000000000
000000000000000000000000000
000000000000000000000000000
000000000000000000000000000
000000000000000000000000000
000000000000000000000000000
000000000000000000000000000
000000000000000000000000000
000000000000000000000000000
000000000000000000000000000
000000000000000000000000000
000000000000000000000000000
000000000000000000000000000
000000000000000000000000000
000000000000000000000000000
000000000000000000000000000
000000000000000000000000000
000000000000000000000000000
000000000000000000000000000
000000000000000000000000000
000000000000000000000000000
000000000000000000000000000
000000000000000000000000000
000000000000000000000000000
000000000000000000000000000
000000000000000000000000000
000000000000000000000000000
000000000000000000000000000
000000000000000000000000000
000000000000000000000000000
000000000000000000000000000
000000000000000000000000000
000000000000000000000000000
000000000000000000000000000
000000000000000000000000000
000000000000000000000000000
000000000000000000000000000
000000000000000000000000000
000000000000000000000000000
000000000000000000000000000
000000000000000000000000000
000000000000000000000000000
000000000000000000000000000
000000000000000000000000000
000000000000000000000000000
000000000000000000000000000
000000000000000000000000000
000000000000000000000000000
000000000000000000000000000
000000000000000000000000000
000000000000000000000000000
000000000000000000000000000
000000000000000000000000000
000000000000000000000000000
000000000000000000000000000
000000000000000000000000000
000000000000000000000000000
000000000000000000000000000
000000000000000000000000000
000000000000000000000000000
000000000000000000000000000
000000000000000000000000000
000000000000000000000000000
000000000000000000000000000
000000000000000000000000000
000000000000000000000000000
000000000000000000000000000
000000000000000000000000000
000000000000000000000000000
000000000000000000000000000
000000000000000000000000000
000000000000000000000000000
000000000000000000000000000
000000000000000000000000000
000000000000000000000000000
000000000000000000000000000
000000000000000000000000000
000000000000000000000000000
000000000000000000000000000
000000000000000000000000000
000000000000000000000000000
000000000000000000000000000
000000000000000000000000000
000000000000000000000000000
000000000000000000000000000
000000000000000000000000000
000000000000000000000000000
000000000000000000000000000
000000000000000000000000000
000000000000000000000000000
000000000000000000000000000
000000000000000000000000000
000000000000000000000000000
000000000000000000000000000
000000000000000000000000000
000000000000000000000000000
000000000000000000000000000
000000000000000000000000000
000000000000000000000000000
000000000000000000000000000
000000000000000000000000000
000000000000000000000000000
000000000000000000000000000
000000000000000000000000000
000000000000000000000000000
000000000000000000000000000
000000000000000000000000000
000000000000000000000000000
000000000000000000000000000
000000000000000000000000000
000000000000000000000000000
000000000000000000000000000
000000000000000000000000000
000000000000000000000000000
000000000000000000000000000
000000000000000000000000000
000000000000000000000000000
000000000000000000000000000
000000000000000000000000000
000000000000000000000000000
000000000000000000000000000
000000000000000000000000000
000000000000000000000000000
000000000000000000000000000
000000000000000000000000000
000000000000000000000000000
000000000000000000000000000
000000000000000000000000000
000000000000000000000000000
000000000000000000000000000
000000000000000000000000000
000000000000000000000000000
000000000000000000000000000
000000000000000000000000000
000000000000000000000000000
000000000000000000000000000
000000000000000000000000000
000000000000000000000000000
000000000000000000000000000
000000000000000000000000000
000000000000000000000000000
000000000000000000000000000
000000000000000000000000000
000000000000000000000000000
000000000000000000000000000
000000000000000000000000000
000000000000000000000000000
000000000000000000000000000
000000000000000000000000000
000000000000000000000000000
000000000000000000000000000
000000000000000000000000000
000000000000000000000000000
000000000000000000000000000
000000000000000000000000000
000000000000000000000000000
000000000000000000000000000
000000000000000000000000000
000000000000000000000000000
000000000000000000000000000
000000000000000000000000000
000000000000000000000000000
000000000000000000000000000
000000000000000000000000000
000000000000000000000000000
000000000000000000000000000
000000000000000000000000000
000000000000000000000000000
000000000000000000000000000
000000000000000000000000000
000000000000000000000000000
000000000000000000000000000
000000000000000000000000000
000000000000000000000000000
000000000000000000000000000
000000000000000000000000000
000000000000000000000000000
000000000000000000000000000
000000000000000000000000000
000000000000000000000000000
000000000000000000000000000
000000000000000000000000000
000000000000000000000000000
000000000000000000000000000
000000000000000000000000000
000000000000000000000000000
000000000000000000000000000
000000000000000000000000000
000000000000000000000000000
000000000000000000000000000
000000000000000000000000000
000000000000000000000000000
000000000000000000000000000
000000000000000000000000000
000000000000000000000000000
000000000000000000000000000
000000000000000000000000000
000000000000000000000000000
000000000000000000000000000
000000000000000000000000000
000000000000000000000000000
000000000000000000000000000
000000000000000000000000000
000000000000000000000000000
000000000000000000000000000
000000000000000000000000000
000000000000000000000000000
000000000000000000000000000
000000000000000000000000000
000000000000000000000000000
000000000000000000000000000
000000000000000000000000000
000000000000000000000000000
000000000000000000000000000
000000000000000000000000000
000000000000000000000000000
000000000000000000000000000
000000000000000000000000000
000000000000000000000000000
000000000000000000000000000
000000000000000000000000000
000000000000000000000000000
000000000000000000000000000
000000000000000000000000000
000000000000000000000000000
000000000000000000000000000
000000000000000000000000000
000000000000000000000000000
000000000000000000000000000
000000000000000000000000000
000000000000000000000000000
000000000000000000000000000
000000000000000000000000000
000000000000000000000000000
000000000000000000000000000
000000000000000000000000000
000000000000000000000000000
000000000000000000000000000
000000000000000000000000000
000000000000000000000000000
000000000000000000000000000
000000000000000000000000000
000000000000000000000000000
000000000000000000000000000
000000000000000000000000000
000000000000000000000000000
000000000000000000000000000
000000000000000000000000000
000000000000000000000000000
000000000000000000000000000
000000000000000000000000000
000000000000000000000000000
000000000000000000000000000
000000000000000000000000000
000000000000000000000000000
000000000000000000000000000
000000000000000000000000000
000000000000000000000000000
000000000000000000000000000
000000000000000000000000000
000000000000000000000000000
000000000000000000000000000
000000000000000000000000000
000000000000000000000000000
000000000000000000000000000
000000000000000000000000000
000000000000000000000000000
000000000000000000000000000
000000000000000000000000000
000000000000000000000000000
000000000000000000000000000
000000000000000000000000000
000000000000000000000000000
000000000000000000000000000
000000000000000000000000000
000000000000000000000000000
000000000000000000000000000
000000000000000000000000000
000000000000000000000000000
000000000000000000000000000
000000000000000000000000000
000000000000000000000000000
000000000000000000000000000
000000000000000000000000000
000000000000000000000000000
000000000000000000000000000
000000000000000000000000000
000000000000000000000000000
000000000000000000000000000
000000000000000000000000000
000000000000000000000000000
000000000000000000000000000
000000000000000000000000000
000000000000000000000000000
000000000000000000000000000
000000000000000000000000000
000000000000000000000000000
000000000000000000000000000
000000000000000000000000000
000000000000000000000000000
000000000000000000000000000
000000000000000000000000000
000000000000000000000000000
000000000000000000000000000
000000000000000000000000000
000000000000000000000000000
000000000000000000000000000
000000000000000000000000000
000000000000000000000000000
000000000000000000000000000
000000000000000000000000000
000000000000000000000000000
000000000000000000000000000
000000000000000000000000000
000000000000000000000000000
000000000000000000000000000
000000000000000000000000000
000000000000000000000000000
000000000000000000000000000
000000000000000000000000000
000000000000000000000000000
000000000000000000000000000
000000000000000000000000000
000000000000000000000000000
000000000000000000000000000
000000000000000000000000000
000000000000000000000000000
000000000000000000000000000
000000000000000000000000000
000000000000000000000000000
000000000000000000000000000
000000000000000000000000000
000000000000000000000000000
000000000000000000000000000
000000000000000000000000000
000000000000000000000000000
000000000000000000000000000
000000000000000000000000000
000000000000000000000000000
000000000000000000000000000
000000000000000000000000000
000000000000000000000000000
000000000000000000000000000
000000000000000000000000000
000000000000000000000000000
000000000000000000000000000
000000000000000000000000000
000000000000000000000000000
000000000000000000000000000
000000000000000000000000000
000000000000000000000000000
000000000000000000000000000
000000000000000000000000000
000000000000000000000000000
000000000000000000000000000
000000000000000000000000000
000000000000000000000000000
000000000000000000000000000
000000000000000000000000000
000000000000000000000000000
000000000000000000000000000
000000000000000000000000000
000000000000000000000000000
000000000000000000000000000
000000000000000000000000000
000000000000000000000000000
000000000000000000000000000
000000000000000000000000000
000000000000000000000000000
000000000000000000000000000
000000000000000000000000000
000000000000000000000000000
000000000000000000000000000
000000000000000000000000000
000000000000000000000000000
000000000000000000000000000
000000000000000000000000000
000000000000000000000000000
000000000000000000000000000
000000000000000000000000000
000000000000000000000000000
000000000000000000000000000
000000000000000000000000000
000000000000000000000000000
000000000000000000000000000
000000000000000000000000000
000000000000000000000000000
000000000000000000000000000
000000000000000000000000000
000000000000000000000000000
000000000000000000000000000
000000000000000000000000000
000000000000000000000000000
000000000000000000000000000
000000000000000000000000000
000000000000000000000000000
000000000000000000000000000
000000000000000000000000000
000000000000000000000000000
000000000000000000000000000
000000000000000000000000000
000000000000000000000000000
000000000000000000000000000
000000000000000000000000000
000000000000000000000000000
000000000000000000000000000
000000000000000000000000000
000000000000000000000000000
000000000000000000000000000
000000000000000000000000000
000000000000000000000000000
000000000000000000000000000
000000000000000000000000000
000000000000000000000000000
000000000000000000000000000
000000000000000000000000000
000000000000000000000000000
000000000000000000000000000
000000000000000000000000000
000000000000000000000000000
000000000000000000000000000
000000000000000000000000000
000000000000000000000000000
000000000000000000000000000
000000000000000000000000000
000000000000000000000000000
000000000000000000000000000
000000000000000000000000000
000000000000000000000000000
000000000000000000000000000
000000000000000000000000000
000000000000000000000000000
000000000000000000000000000
000000000000000000000000000
000000000000000000000000000
000000000000000000000000000
000000000000000000000000000
000000000000000000000000000
000000000000000000000000000
000000000000000000000000000
000000000000000000000000000
000000000000000000000000000
000000000000000000000000000
000000000000000000000000000
000000000000000000000000000
000000000000000000000000000
000000000000000000000000000
000000000000000000000000000
000000000000000000000000000
000000000000000000000000000
000000000000000000000000000
000000000000000000000000000
000000000000000000000000000
000000000000000000000000000
000000000000000000000000000
000000000000000000000000000
000000000000000000000000000
000000000000000000000000000
000000000000000000000000000
000000000000000000000000000
000000000000000000000000000
000000000000000000000000000
000000000000000000000000000
000000000000000000000000000
000000000000000000000000000
000000000000000000000000000
000000000000000000000000000
000000000000000000000000000
000000000000000000000000000
000000000000000000000000000
000000000000000000000000000
000000000000000000000000000
000000000000000000000000000
000000000000000000000000000
000000000000000000000000000
000000000000000000000000000
000000000000000000000000000
000000000000000000000000000
000000000000000000000000000
000000000000000000000000000
000000000000000000000000000
000000000000000000000000000
000000000000000000000000000
000000000000000000000000000
000000000000000000000000000
000000000000000000000000000
000000000000000000000000000
000000000000000000000000000
000000000000000000000000000
000000000000000000000000000
000000000000000000000000000
000000000000000000000000000
000000000000000000000000000
000000000000000000000000000
000000000000000000000000000
000000000000000000000000000
000000000000000000000000000
000000000000000000000000000
000000000000000000000000000
000000000000000000000000000
000000000000000000000000000
000000000000000000000000000
000000000000000000000000000
000000000000000000000000000
000000000000000000000000000
000000000000000000000000000
000000000000000000000000000
000000000000000000000000000
000000000000000000000000000
000000000000000000000000000
000000000000000000000000000
000000000000000000000000000
000000000000000000000000000
000000000000000000000000000
000000000000000000000000000
000000000000000000000000000
000000000000000000000000000
000000000000000000000000000
000000000000000000000000000
000000000000000000000000000
000000000000000000000000000
000000000000000000000000000
000000000000000000000000000
000000000000000000000000000
000000000000000000000000000
000000000000000000000000000
000000000000000000000000000
000000000000000000000000000
000000000000000000000000000
000000000000000000000000000
000000000000000000000000000
000000000000000000000000000
000000000000000000000000000
000000000000000000000000000
000000000000000000000000000
000000000000000000000000000
000000000000000000000000000
000000000000000000000000000
000000000000000000000000000
000000000000000000000000000
000000000000000000000000000
000000000000000000000000000
000000000000000000000000000
000000000000000000000000000
000000000000000000000000000
000000000000000000000000000
000000000000000000000000000
000000000000000000000000000
000000000000000000000000000
000000000000000000000000000
000000000000000000000000000
000000000000000000000000000
000000000000000000000000000
000000000000000000000000000
000000000000000000000000000
000000000000000000000000000
000000000000000000000000000
000000000000000000000000000
000000000000000000000000000
000000000000000000000000000
000000000000000000000000000
000000000000000000000000000
000000000000000000000000000
000000000000000000000000000
000000000000000000000000000
000000000000000000000000000
000000000000000000000000000
000000000000000000000000000
000000000000000000000000000
000000000000000000000000000
000000000000000000000000000
000000000000000000000000000
000000000000000000000000000
000000000000000000000000000
000000000000000000000000000
000000000000000000000000000
000000000000000000000000000
000000000000000000000000000
000000000000000000000000000
000000000000000000000000000
000000000000000000000000000
000000000000000000000000000
000000000000000000000000000
000000000000000000000000000
000000000000000000000000000
000000000000000000000000000
000000000000000000000000000
000000000000000000000000000
000000000000000000000000000
000000000000000000000000000
000000000000000000000000000
000000000000000000000000000
000000000000000000000000000
000000000000000000000000000
000000000000000000000000000
000000000000000000000000000
000000000000000000000000000
000000000000000000000000000
000000000000000000000000000
000000000000000000000000000
000000000000000000000000000
000000000000000000000000000
000000000000000000000000000
000000000000000000000000000
000000000000000000000000000
000000000000000000000000000
000000000000000000000000000
000000000000000000000000000
000000000000000000000000000
000000000000000000000000000
000000000000000000000000000
000000000000000000000000000
000000000000000000000000000
000000000000000000000000000
000000000000000000000000000
000000000000000000000000000
000000000000000000000000000
000000000000000000000000000
000000000000000000000000000
000000000000000000000000000
000000000000000000000000000
000000000000000000000000000
000000000000000000000000000
000000000000000000000000000
000000000000000000000000000
000000000000000000000000000
000000000000000000000000000
000000000000000000000000000
000000000000000000000000000
000000000000000000000000000
000000000000000000000000000
000000000000000000000000000
000000000000000000000000000
000000000000000000000000000
000000000000000000000000000
000000000000000000000000000
000000000000000000000000000
000000000000000000000000000
000000000000000000000000000
000000000000000000000000000
000000000000000000000000000
000000000000000000000000000
000000000000000000000000000
000000000000000000000000000
000000000000000000000000000
000000000000000000000000000
000000000000000000000000000
000000000000000000000000000
000000000000000000000000000
000000000000000000000000000
000000000000000000000000000
000000000000000000000000000
000000000000000000000000000
000000000000000000000000000
000000000000000000000000000
000000000000000000000000000
000000000000000000000000000
000000000000000000000000000
000000000000000000000000000
000000000000000000000000000
000000000000000000000000000
000000000000000000000000000
000000000000000000000000000
000000000000000000000000000
000000000000000000000000000
000000000000000000000000000
000000000000000000000000000
000000000000000000000000000
000000000000000000000000000
000000000000000000000000000
000000000000000000000000000
000000000000000000000000000
000000000000000000000000000
000000000000000000000000000
000000000000000000000000000
000000000000000000000000000
000000000000000000000000000
000000000000000000000000000
000000000000000000000000000
000000000000000000000000000
000000000000000000000000000
000000000000000000000000000
000000000000000000000000000
000000000000000000000000000
000000000000000000000000000
000000000000000000000000000
000000000000000000000000000
000000000000000000000000000
000000000000000000000000000
000000000000000000000000000
000000000000000000000000000
000000000000000000000000000
000000000000000000000000000
000000000000000000000000000
000000000000000000000000000
000000000000000000000000000
000000000000000000000000000
000000000000000000000000000
000000000000000000000000000
000000000000000000000000000
000000000000000000000000000
000000000000000000000000000
000000000000000000000000000
000000000000000000000000000
000000000000000000000000000
000000000000000000000000000
000000000000000000000000000
000000000000000000000000000
000000000000000000000000000
000000000000000000000000000
000000000000000000000000000
000000000000000000000000000
000000000000000000000000000
000000000000000000000000000
000000000000000000000000000
000000000000000000000000000
000000000000000000000000000
000000000000000000000000000
000000000000000000000000000
000000000000000000000000000
000000000000000000000000000
000000000000000000000000000
000000000000000000000000000
000000000000000000000000000
000000000000000000000000000
000000000000000000000000000
000000000000000000000000000
000000000000000000000000000
000000000000000000000000000
000000000000000000000000000
000000000000000000000000000
000000000000000000000000000
000000000000000000000000000
000000000000000000000000000
000000000000000000000000000
000000000000000000000000000
000000000000000000000000000
000000000000000000000000000
000000000000000000000000000
000000000000000000000000000
000000000000000000000000000
000000000000000000000000000
000000000000000000000000000
000000000000000000000000000
000000000000000000000000000
000000000000000000000000000
000000000000000000000000000
000000000000000000000000000
000000000000000000000000000
000000000000000000000000000
000000000000000000000000000
000000000000000000000000000
000000000000000000000000000
000000000000000000000000000
000000000000000000000000000
000000000000000000000000000
000000000000000000000000000
000000000000000000000000000
000000000000000000000000000
000000000000000000000000000
000000000000000000000000000
000000000000000000000000000
000000000000000000000000000
000000000000000000000000000
000000000000000000000000000
000000000000000000000000000
000000000000000000000000000
000000000000000000000000000
000000000000000000000000000
000000000000000000000000000
000000000000000000000000000
000000000000000000000000000
000000000000000000000000000
000000000000000000000000000
000000000000000000000000000
000000000000000000000000000
000000000000000000000000000
000000000000000000000000000
000000000000000000000000000
000000000000000000000000000
000000000000000000000000000
000000000000000000000000000
000000000000000000000000000
000000000000000000000000000
000000000000000000000000000
000000000000000000000000000
000000000000000000000000000
000000000000000000000000000
000000000000000000000000000
000000000000000000000000000
000000000000000000000000000
000000000000000000000000000
000000000000000000000000000
000000000000000000000000000
000000000000000000000000000
000000000000000000000000000
000000000000000000000000000
000000000000000000000000000
000000000000000000000000000
000000000000000000000000000
000000000000000000000000000
000000000000000000000000000
000000000000000000000000000
000000000000000000000000000
000000000000000000000000000
000000000000000000000000000
000000000000000000000000000
000000000000000000000000000
000000000000000000000000000
000000000000000000000000000
000000000000000000000000000
000000000000000000000000000
000000000000000000000000000
000000000000000000000000000
000000000000000000000000000
000000000000000000000000000
000000000000000000000000000
000000000000000000000000000
000000000000000000000000000
000000000000000000000000000
000000000000000000000000000
000000000000000000000000000
000000000000000000000000000
000000000000000000000000000
000000000000000000000000000
000000000000000000000000000
000000000000000000000000000
000000000000000000000000000
000000000000000000000000000
000000000000000000000000000
000000000000000000000000000
000000000000000000000000000
000000000000000000000000000
000000000000000000000000000
000000000000000000000000000
000000000000000000000000000
000000000000000000000000000
000000000000000000000000000
000000000000000000000000000
000000000000000000000000000
000000000000000000000000000
000000000000000000000000000
000000000000000000000000000
000000000000000000000000000
000000000000000000000000000
000000000000000000000000000
000000000000000000000000000
000000000000000000000000000
000000000000000000000000000
000000000000000000000000000
000000000000000000000000000
000000000000000000000000000
000000000000000000000000000
000000000000000000000000000
000000000000000000000000000
000000000000000000000000000
000000000000000000000000000
000000000000000000000000000
000000000000000000000000000
000000000000000000000000000
000000000000000000000000000
000000000000000000000000000
000000000000000000000000000
000000000000000000000000000
000000000000000000000000000
000000000000000000000000000
000000000000000000000000000
000000000000000000000000000
000000000000000000000000000
000000000000000000000000000
000000000000000000000000000
000000000000000000000000000
000000000000000000000000000
000000000000000000000000000
000000000000000000000000000
000000000000000000000000000
000000000000000000000000000
000000000000000000000000000
000000000000000000000000000
000000000000000000000000000
000000000000000000000000000
000000000000000000000000000
000000000000000000000000000
000000000000000000000000000
000000000000000000000000000
000000000000000000000000000
000000000000000000000000000
000000000000000000000000000
000000000000000000000000000
000000000000000000000000000
000000000000000000000000000
000000000000000000000000000
000000000000000000000000000
000000000000000000000000000
000000000000000000000000000
000000000000000000000000000
000000000000000000000000000
000000000000000000000000000
000000000000000000000000000
000000000000000000000000000
000000000000000000000000000
000000000000000000000000000
000000000000000000000000000
000000000000000000000000000
000000000000000000000000000
000000000000000000000000000
000000000000000000000000000
000000000000000000000000000
000000000000000000000000000
000000000000000000000000000
000000000000000000000000000
000000000000000000000000000
000000000000000000000000000
000000000000000000000000000
000000000000000000000000000
000000000000000000000000000
000000000000000000000000000
000000000000000000000000000
000000000000000000000000000
000000000000000000000000000
000000000000000000000000000
000000000000000000000000000
000000000000000000000000000
000000000000000000000000000
000000000000000000000000000
000000000000000000000000000
000000000000000000000000000
000000000000000000000000000
000000000000000000000000000
000000000000000000000000000
000000000000000000000000000
000000000000000000000000000
000000000000000000000000000
000000000000000000000000000
000000000000000000000000000
000000000000000000000000000
000000000000000000000000000
000000000000000000000000000
000000000000000000000000000
000000000000000000000000000
000000000000000000000000000
000000000000000000000000000
000000000000000000000000000
000000000000000000000000000
000000000000000000000000000
000000000000000000000000000
000000000000000000000000000
000000000000000000000000000
000000000000000000000000000
000000000000000000000000000
000000000000000000000000000
000000000000000000000000000
000000000000000000000000000
000000000000000000000000000
000000000000000000000000000
000000000000000000000000000
000000000000000000000000000
000000000000000000000000000
000000000000000000000000000
000000000000000000000000000
000000000000000000000000000
000000000000000000000000000
000000000000000000000000000
000000000000000000000000000
000000000000000000000000000
000000000000000000000000000
000000000000000000000000000
000000000000000000000000000
000000000000000000000000000
000000000000000000000000000
000000000000000000000000000
000000000000000000000000000
000000000000000000000000000
000000000000000000000000000
000000000000000000000000000
000000000000000000000000000
000000000000000000000000000
000000000000000000000000000
000000000000000000000000000
000000000000000000000000000
000000000000000000000000000
000000000000000000000000000
000000000000000000000000000
000000000000000000000000000
000000000000000000000000000
000000000000000000000000000
000000000000000000000000000
000000000000000000000000000
000000000000000000000000000
000000000000000000000000000
000000000000000000000000000
000000000000000000000000000
000000000000000000000000000
000000000000000000000000000
000000000000000000000000000
000000000000000000000000000
000000000000000000000000000
000000000000000000000000000
000000000000000000000000000
000000000000000000000000000
000000000000000000000000000
000000000000000000000000000
000000000000000000000000000
000000000000000000000000000
000000000000000000000000000
000000000000000000000000000
000000000000000000000000000
000000000000000000000000000
000000000000000000000000000
000000000000000000000000000
000000000000000000000000000
000000000000000000000000000
000000000000000000000000000
000000000000000000000000000
000000000000000000000000000
000000000000000000000000000
000000000000000000000000000
000000000000000000000000000
000000000000000000000000000
000000000000000000000000000
000000000000000000000000000
000000000000000000000000000
000000000000000000000000000
000000000000000000000000000
000000000000000000000000000
000000000000000000000000000
000000000000000000000000000
000000000000000000000000000
000000000000000000000000000
000000000000000000000000000
000000000000000000000000000
000000000000000000000000000
000000000000000000000000000
000000000000000000000000000
000000000000000000000000000
000000000000000000000000000
000000000000000000000000000
000000000000000000000000000
000000000000000000000000000
000000000000000000000000000
000000000000000000000000000
000000000000000000000000000
000000000000000000000000000
000000000000000000000000000
000000000000000000000000000
000000000000000000000000000
000000000000000000000000000
000000000000000000000000000
000000000000000000000000000
000000000000000000000000000
000000000000000000000000000
000000000000000000000000000
000000000000000000000000000
000000000000000000000000000
000000000000000000000000000
000000000000000000000000000
000000000000000000000000000
000000000000000000000000000
000000000000000000000000000
000000000000000000000000000
000000000000000000000000000
000000000000000000000000000
000000000000000000000000000
000000000000000000000000000
000000000000000000000000000
000000000000000000000000000
000000000000000000000000000
000000000000000000000000000
000000000000000000000000000
000000000000000000000000000
000000000000000000000000000
000000000000000000000000000
000000000000000000000000000
000000000000000000000000000
000000000000000000000000000
000000000000000000000000000
000000000000000000000000000
000000000000000000000000000
000000000000000000000000000
000000000000000000000000000
000000000000000000000000000
000000000000000000000000000
000000000000000000000000000
000000000000000000000000000
000000000000000000000000000
000000000000000000000000000
000000000000000000000000000
000000000000000000000000000
000000000000000000000000000
000000000000000000000000000
000000000000000000000000000
000000000000000000000000000
000000000000000000000000000
000000000000000000000000000
000000000000000000000000000
000000000000000000000000000
000000000000000000000000000
000000000000000000000000000
000000000000000000000000000
000000000000000000000000000
000000000000000000000000000
000000000000000000000000000
000000000000000000000000000
000000000000000000000000000
000000000000000000000000000
000000000000000000000000000
000000000000000000000000000
000000000000000000000000000
000000000000000000000000000
000000000000000000000000000
000000000000000000000000000
000000000000000000000000000
000000000000000000000000000
000000000000000000000000000
000000000000000000000000000
000000000000000000000000000
000000000000000000000000000
000000000000000000000000000
000000000000000000000000000
000000000000000000000000000
000000000000000000000000000
000000000000000000000000000
000000000000000000000000000
000000000000000000000000000
000000000000000000000000000
000000000000000000000000000
000000000000000000000000000
000000000000000000000000000
000000000000000000000000000
000000000000000000000000000
000000000000000000000000000
000000000000000000000000000
000000000000000000000000000
000000000000000000000000000
000000000000000000000000000
000000000000000000000000000
000000000000000000000000000
000000000000000000000000000
000000000000000000000000000
000000000000000000000000000
000000000000000000000000000
000000000000000000000000000
000000000000000000000000000
000000000000000000000000000
000000000000000000000000000
000000000000000000000000000
000000000000000000000000000
000000000000000000000000000
000000000000000000000000000
000000000000000000000000000
000000000000000000000000000
000000000000000000000000000
000000000000000000000000000
000000000000000000000000000
000000000000000000000000000
000000000000000000000000000
000000000000000000000000000
000000000000000000000000000
000000000000000000000000000
000000000000000000000000000
000000000000000000000000000
000000000000000000000000000
000000000000000000000000000
000000000000000000000000000
000000000000000000000000000
000000000000000000000000000
000000000000000000000000000
000000000000000000000000000
000000000000000000000000000
000000000000000000000000000
000000000000000000000000000
000000000000000000000000000
000000000000000000000000000
000000000000000000000000000
000000000000000000000000000
000000000000000000000000000
000000000000000000000000000
000000000000000000000000000
000000000000000000000000000
000000000000000000000000000
000000000000000000000000000
000000000000000000000000000
000000000000000000000000000
000000000000000000000000000
000000000000000000000000000
000000000000000000000000000
000000000000000000000000000
000000000000000000000000000
000000000000000000000000000
000000000000000000000000000
000000000000000000000000000
000000000000000000000000000
000000000000000000000000000
000000000000000000000000000
000000000000000000000000000
000000000000000000000000000
000000000000000000000000000
000000000000000000000000000
000000000000000000000000000
000000000000000000000000000
000000000000000000000000000
000000000000000000000000000
000000000000000000000000000
000000000000000000000000000
000000000000000000000000000
000000000000000000000000000
000000000000000000000000000
000000000000000000000000000
000000000000000000000000000
000000000000000000000000000
000000000000000000000000000
000000000000000000000000000
000000000000000000000000000
000000000000000000000000000
000000000000000000000000000
000000000000000000000000000
000000000000000000000000000
000000000000000000000000000
000000000000000000000000000
000000000000000000000000000
000000000000000000000000000
000000000000000000000000000
000000000000000000000000000
000000000000000000000000000
000000000000000000000000000
000000000000000000000000000
000000000000000000000000000
000000000000000000000000000
000000000000000000000000000
000000000000000000000000000
000000000000000000000000000
000000000000000000000000000
000000000000000000000000000
000000000000000000000000000
000000000000000000000000000
000000000000000000000000000
000000000000000000000000000
000000000000000000000000000
000000000000000000000000000
000000000000000000000000000
000000000000000000000000000
000000000000000000000000000
000000000000000000000000000
000000000000000000000000000
000000000000000000000000000
000000000000000000000000000
000000000000000000000000000
000000000000000000000000000
000000000000000000000000000
000000000000000000000000000
000000000000000000000000000
000000000000000000000000000
000000000000000000000000000
000000000000000000000000000
000000000000000000000000000
000000000000000000000000000
000000000000000000000000000
000000000000000000000000000
000000000000000000000000000
000000000000000000000000000
000000000000000000000000000
000000000000000000000000000
000000000000000000000000000
000000000000000000000000000
000000000000000000000000000
000000000000000000000000000
000000000000000000000000000
000000000000000000000000000
000000000000000000000000000
000000000000000000000000000
000000000000000000000000000
000000000000000000000000000
000000000000000000000000000
000000000000000000000000000
000000000000000000000000000
000000000000000000000000000
000000000000000000000000000
000000000000000000000000000
000000000000000000000000000
000000000000000000000000000
000000000000000000000000000
000000000000000000000000000
000000000000000000000000000
000000000000000000000000000
000000000000000000000000000
000000000000000000000000000
000000000000000000000000000
000000000000000000000000000
000000000000000000000000000
000000000000000000000000000
000000000000000000000000000
000000000000000000000000000
000000000000000000000000000
000000000000000000000000000
000000000000000000000000000
000000000000000000000000000
000000000000000000000000000
000000000000000000000000000
000000000000000000000000000
000000000000000000000000000
000000000000000000000000000
000000000000000000000000000
000000000000000000000000000
000000000000000000000000000
000000000000000000000000000
000000000000000000000000000
000000000000000000000000000
000000000000000000000000000
000000000000000000000000000
000000000000000000000000000
000000000000000000000000000
000000000000000000000000000
000000000000000000000000000
000000000000000000000000000
000000000000000000000000000
000000000000000000000000000
000000000000000000000000000
000000000000000000000000000
000000000000000000000000000
000000000000000000000000000
000000000000000000000000000
000000000000000000000000000
000000000000000000000000000
000000000000000000000000000
000000000000000000000000000
000000000000000000000000000
000000000000000000000000000
000000000000000000000000000
000000000000000000000000000
000000000000000000000000000
000000000000000000000000000
000000000000000000000000000
000000000000000000000000000
000000000000000000000000000
000000000000000000000000000
000000000000000000000000000
000000000000000000000000000
000000000000000000000000000
000000000000000000000000000
000000000000000000000000000
000000000000000000000000000
000000000000000000000000000
000000000000000000000000000
000000000000000000000000000
000000000000000000000000000
000000000000000000000000000
000000000000000000000000000
000000000000000000000000000
000000000000000000000000000
000000000000000000000000000
000000000000000000000000000
000000000000000000000000000
000000000000000000000000000
000000000000000000000000000
000000000000000000000000000
000000000000000000000000000
000000000000000000000000000
000000000000000000000000000
000000000000000000000000000
000000000000000000000000000
000000000000000000000000000
000000000000000000000000000
000000000000000000000000000
000000000000000000000000000
000000000000000000000000000
000000000000000000000000000
000000000000000000000000000
000000000000000000000000000
000000000000000000000000000
000000000000000000000000000
000000000000000000000000000
000000000000000000000000000
000000000000000000000000000
000000000000000000000000000
000000000000000000000000000
000000000000000000000000000
000000000000000000000000000
000000000000000000000000000
000000000000000000000000000
000000000000000000000000000
000000000000000000000000000
000000000000000000000000000
000000000000000000000000000
000000000000000000000000000
000000000000000000000000000
000000000000000000000000000
000000000000000000000000000
000000000000000000000000000
000000000000000000000000000
000000000000000000000000000
000000000000000000000000000
000000000000000000000000000
000000000000000000000000000
000000000000000000000000000
000000000000000000000000000
000000000000000000000000000
000000000000000000000000000
000000000000000000000000000
000000000000000000000000000
000000000000000000000000000
000000000000000000000000000
000000000000000000000000000
000000000000000000000000000
000000000000000000000000000
000000000000000000000000000
000000000000000000000000000
000000000000000000000000000
000000000000000000000000000
000000000000000000000000000
000000000000000000000000000
000000000000000000000000000
000000000000000000000000000
000000000000000000000000000
000000000000000000000000000
000000000000000000000000000
000000000000000000000000000
000000000000000000000000000
000000000000000000000000000
000000000000000000000000000
000000000000000000000000000
000000000000000000000000000
000000000000000000000000000
000000000000000000000000000
000000000000000000000000000
000000000000000000000000000
000000000000000000000000000
000000000000000000000000000
000000000000000000000000000
000000000000000000000000000
000000000000000000000000000
000000000000000000000000000
000000000000000000000000000
000000000000000000000000000
000000000000000000000000000
000000000000000000000000000
000000000000000000000000000
000000000000000000000000000
000000000000000000000000000
000000000000000000000000000
000000000000000000000000000
000000000000000000000000000
000000000000000000000000000
000000000000000000000000000
000000000000000000000000000
000000000000000000000000000
000000000000000000000000000
000000000000000000000000000
000000000000000000000000000
000000000000000000000000000
000000000000000000000000000
000000000000000000000000000
000000000000000000000000000
000000000000000000000000000
000000000000000000000000000
000000000000000000000000000
000000000000000000000000000
000000000000000000000000000
000000000000000000000000000
000000000000000000000000000
000000000000000000000000000
000000000000000000000000000
000000000000000000000000000
000000000000000000000000000
000000000000000000000000000
000000000000000000000000000
000000000000000000000000000
000000000000000000000000000
000000000000000000000000000
000000000000000000000000000
000000000000000000000000000
000000000000000000000000000
000000000000000000000000000
000000000000000000000000000
000000000000000000000000000
000000000000000000000000000
000000000000000000000000000
000000000000000000000000000
000000000000000000000000000
000000000000000000000000000
000000000000000000000000000
000000000000000000000000000
000000000000000000000000000
000000000000000000000000000
000000000000000000000000000
000000000000000000000000000
000000000000000000000000000
000000000000000000000000000
000000000000000000000000000
000000000000000000000000000
000000000000000000000000000
000000000000000000000000000
000000000000000000000000000
000000000000000000000000000
000000000000000000000000000
000000000000000000000000000
000000000000000000000000000
000000000000000000000000000
000000000000000000000000000
000000000000000000000000000
000000000000000000000000000
000000000000000000000000000
000000000000000000000000000
000000000000000000000000000
000000000000000000000000000
000000000000000000000000000
000000000000000000000000000
000000000000000000000000000
000000000000000000000000000
000000000000000000000000000
000000000000000000000000000
000000000000000000000000000
000000000000000000000000000
000000000000000000000000000
000000000000000000000000000
000000000000000000000000000
000000000000000000000000000
000000000000000000000000000
000000000000000000000000000
000000000000000000000000000
000000000000000000000000000
000000000000000000000000000
000000000000000000000000000
000000000000000000000000000
000000000000000000000000000
000000000000000000000000000
000000000000000000000000000
000000000000000000000000000
000000000000000000000000000
000000000000000000000000000
000000000000000000000000000
000000000000000000000000000
000000000000000000000000000
000000000000000000000000000
000000000000000000000000000
000000000000000000000000000
000000000000000000000000000
000000000000000000000000000
000000000000000000000000000
000000000000000000000000000
000000000000000000000000000
000000000000000000000000000
000000000000000000000000000
000000000000000000000000000
000000000000000000000000000
000000000000000000000000000
000000000000000000000000000
000000000000000000000000000
000000000000000000000000000
000000000000000000000000000
000000000000000000000000000
000000000000000000000000000
000000000000000000000000000
000000000000000000000000000
000000000000000000000000000
000000000000000000000000000
000000000000000000000000000
000000000000000000000000000
000000000000000000000000000
000000000000000000000000000
000000000000000000000000000
000000000000000000000000000
000000000000000000000000000
000000000000000000000000000
000000000000000000000000000
000000000000000000000000000
000000000000000000000000000
000000000000000000000000000
000000000000000000000000000
000000000000000000000000000
000000000000000000000000000
000000000000000000000000000
000000000000000000000000000
000000000000000000000000000
000000000000000000000000000
000000000000000000000000000
000000000000000000000000000
000000000000000000000000000
000000000000000000000000000
000000000000000000000000000
000000000000000000000000000
000000000000000000000000000
000000000000000000000000000
000000000000000000000000000
000000000000000000000000000
000000000000000000000000000
000000000000000000000000000
000000000000000000000000000
000000000000000000000000000
000000000000000000000000000
000000000000000000000000000
000000000000000000000000000
000000000000000000000000000
000000000000000000000000000
000000000000000000000000000
000000000000000000000000000
000000000000000000000000000
000000000000000000000000000
000000000000000000000000000
000000000000000000000000000
000000000000000000000000000
000000000000000000000000000
000000000000000000000000000
000000000000000000000000000
000000000000000000000000000
000000000000000000000000000
000000000000000000000000000
000000000000000000000000000
000000000000000000000000000
000000000000000000000000000
000000000000000000000000000
000000000000000000000000000
000000000000000000000000000
000000000000000000000000000
000000000000000000000000000
000000000000000000000000000
000000000000000000000000000
000000000000000000000000000
000000000000000000000000000
000000000000000000000000000
000000000000000000000000000
000000000000000000000000000
000000000000000000000000000
000000000000000000000000000
000000000000000000000000000
000000000000000000000000000
000000000000000000000000000
000000000000000000000000000
000000000000000000000000000
000000000000000000000000000
000000000000000000000000000
000000000000000000000000000
000000000000000000000000000
000000000000000000000000000
000000000000000000000000000
000000000000000000000000000
000000000000000000000000000
000000000000000000000000000
000000000000000000000000000
000000000000000000000000000
000000000000000000000000000
000000000000000000000000000
000000000000000000000000000
000000000000000000000000000
000000000000000000000000000
000000000000000000000000000
000000000000000000000000000
000000000000000000000000000
000000000000000000000000000
000000000000000000000000000
000000000000000000000000000
000000000000000000000000000
000000000000000000000000000
000000000000000000000000000
000000000000000000000000000
000000000000000000000000000
000000000000000000000000000
000000000000000000000000000
000000000000000000000000000
000000000000000000000000000
000000000000000000000000000
000000000000000000000000000
000000000000000000000000000
000000000000000000000000000
000000000000000000000000000
000000000000000000000000000
000000000000000000000000000
000000000000000000000000000
000000000000000000000000000
000000000000000000000000000
000000000000000000000000000
000000000000000000000000000
000000000000000000000000000
000000000000000000000000000
000000000000000000000000000
000000000000000000000000000
000000000000000000000000000
000000000000000000000000000
000000000000000000000000000
000000000000000000000000000
000000000000000000000000000
000000000000000000000000000
000000000000000000000000000
000000000000000000000000000
000000000000000000000000000
000000000000000000000000000
000000000000000000000000000
000000000000000000000000000
000000000000000000000000000
000000000000000000000000000
000000000000000000000000000
000000000000000000000000000
000000000000000000000000000
000000000000000000000000000
000000000000000000000000000
000000000000000000000000000
000000000000000000000000000
000000000000000000000000000
000000000000000000000000000
000000000000000000000000000
000000000000000000000000000
000000000000000000000000000
000000000000000000000000000
000000000000000000000000000
000000000000000000000000000
000000000000000000000000000
000000000000000000000000000
000000000000000000000000000
000000000000000000000000000
000000000000000000000000000
000000000000000000000000000
000000000000000000000000000
000000000000000000000000000
000000000000000000000000000
000000000000000000000000000
000000000000000000000000000
000000000000000000000000000
000000000000000000000000000
000000000000000000000000000
000000000000000000000000000
000000000000000000000000000
000000000000000000000000000
000000000000000000000000000
000000000000000000000000000
000000000000000000000000000
000000000000000000000000000
000000000000000000000000000
000000000000000000000000000
000000000000000000000000000
000000000000000000000000000
000000000000000000000000000
000000000000000000000000000
000000000000000000000000000
000000000000000000000000000
000000000000000000000000000
000000000000000000000000000
000000000000000000000000000
000000000000000000000000000
000000000000000000000000000
000000000000000000000000000
000000000000000000000000000
000000000000000000000000000
000000000000000000000000000
000000000000000000000000000
000000000000000000000000000
000000000000000000000000000
000000000000000000000000000
000000000000000000000000000
000000000000000000000000000
000000000000000000000000000
000000000000000000000000000
000000000000000000000000000
000000000000000000000000000
000000000000000000000000000
000000000000000000000000000
000000000000000000000000000
000000000000000000000000000
000000000000000000000000000
000000000000000000000000000
000000000000000000000000000
000000000000000000000000000
000000000000000000000000000
000000000000000000000000000
000000000000000000000000000
000000000000000000000000000
000000000000000000000000000
000000000000000000000000000
000000000000000000000000000
000000000000000000000000000
000000000000000000000000000
000000000000000000000000000
000000000000000000000000000
000000000000000000000000000
000000000000000000000000000
000000000000000000000000000
000000000000000000000000000
000000000000000000000000000
000000000000000000000000000
000000000000000000000000000
000000000000000000000000000
000000000000000000000000000
000000000000000000000000000
000000000000000000000000000
000000000000000000000000000
000000000000000000000000000
000000000000000000000000000
