000000000000000000000000000
000000000000000000000000000
000000000000000000000000000
000000000000000000000000000
000000000000000000000000000
000000000000000000000000000
000000000000000000000000000
000000000000000000000000000
000000000000000000000000000
000000000000000000000000000
000000000000000000000000000
000000000000000000000000000
000000000000000000000000000
000000000000000000000000000
000000000000000000000000000
000000000000000000000000000
000000000000000000000000000
000000000000000000000000000
000000000000000000000000000
000000000000000000000000000
000000000000000000000000000
000000000000000000000000000
000000000000000000000000000
000000000000000000000000000
000000000000000000000000000
000000000000000000000000000
000000000000000000000000000
000000000000000000000000000
000000000000000000000000000
000000000000000000000000000
000000000000000000000000000
000000000000000000000000000
000000000000000000000000000
000000000000000000000000000
000000000000000000000000000
000000000000000000000000000
000000000000000000000000000
000000000000000000000000000
000000000000000000000000000
000000000000000000000000000
000000000000000000000000000
000000000000000000000000000
000000000000000000000000000
000000000000000000000000000
000000000000000000000000000
000000000000000000000000000
000000000000000000000000000
000000000000000000000000000
000000000000000000000000000
000000000000000000000000000
000000000000000000000000000
000000000000000000000000000
000000000000000000000000000
000000000000000000000000000
000000000000000000000000000
000000000000000000000000000
000000000000000000000000000
000000000000000000000000000
000000000000000000000000000
000000000000000000000000000
000000000000000000000000000
000000000000000000000000000
000000000000000000000000000
000000000000000000000000000
000000000000000000000000000
000000000000000000000000000
000000000000000000000000000
000000000000000000000000000
000000000000000000000000000
000000000000000000000000000
000000000000000000000000000
000000000000000000000000000
000000000000000000000000000
000000000000000000000000000
000000000000000000000000000
000000000000000000000000000
000000000000000000000000000
000000000000000000000000000
000000000000000000000000000
000000000000000000000000000
000000000000000000000000000
000000000000000000000000000
000000000000000000000000000
000000000000000000000000000
000000000000000000000000000
000000000000000000000000000
000000000000000000000000000
000000000000000000000000000
000000000000000000000000000
000000000000000000000000000
000000000000000000000000000
000000000000000000000000000
000000000000000000000000000
000000000000000000000000000
000000000000000000000000000
000000000000000000000000000
00000000000000000000023d174
000000000000000000ffe51a44b
000000000000000000ffe2a6248
000000000000000000000e88ff3
000000000000000000fffe7190c
0000000000000000000007dca3f
00000000000000000000014b3d3
000000000000000000ffb6e91f1
000000000000000000ffc3efbb8
000000000000000000002327087
0000000000000000000009d9f91
000000000000000000000b75402
000000000000000000ffd969ba6
000000000000000000ffb868bd8
000000000000000000ffedd66d8
000000000000000000002219a37
0000000000000000000013a086e
000000000000000000fff367a34
000000000000000000ffc841348
000000000000000000ffd4b3010
000000000000000000fffef44e0
000000000000000000001a771dc
000000000000000000fffe60048
000000000000000000fff1ba6b0
000000000000000000000000000
000000000000000000000000000
000000000000000000000000000
000000000000000000000000000
000000000000000000000000000
000000000000000000000000000
000000000000000000000000000
000000000000000000000000000
000000000000000000000000000
000000000000000000000000000
000000000000000000000000000
000000000000000000000000000
000000000000000000000000000
000000000000000000000000000
000000000000000000000000000
000000000000000000000000000
000000000000000000000000000
000000000000000000000000000
000000000000000000000000000
000000000000000000000000000
000000000000000000000000000
000000000000000000000000000
000000000000000000000000000
000000000000000000000000000
000000000000000000000000000
000000000000000000000000000
000000000000000000000000000
000000000000000000000000000
000000000000000000000000000
000000000000000000000000000
000000000000000000000000000
000000000000000000000000000
000000000000000000000000000
000000000000000000000000000
000000000000000000000000000
000000000000000000000000000
000000000000000000000000000
000000000000000000000000000
000000000000000000000000000
000000000000000000000000000
000000000000000000000000000
000000000000000000000000000
000000000000000000000000000
000000000000000000000000000
000000000000000000000000000
000000000000000000000000000
000000000000000000000000000
000000000000000000000000000
000000000000000000000000000
000000000000000000000000000
000000000000000000000000000
000000000000000000000000000
000000000000000000000000000
000000000000000000000000000
000000000000000000000000000
000000000000000000000000000
000000000000000000000000000
000000000000000000000000000
000000000000000000000000000
000000000000000000000000000
000000000000000000000000000
000000000000000000000000000
000000000000000000000000000
000000000000000000000000000
000000000000000000000000000
000000000000000000000000000
000000000000000000000000000
000000000000000000000000000
000000000000000000000000000
000000000000000000000000000
000000000000000000000000000
000000000000000000000000000
000000000000000000000000000
000000000000000000000000000
000000000000000000000000000
000000000000000000000000000
000000000000000000000000000
000000000000000000000000000
000000000000000000000000000
000000000000000000000000000
000000000000000000000000000
000000000000000000000000000
000000000000000000000000000
000000000000000000000000000
000000000000000000000000000
000000000000000000000000000
000000000000000000000000000
000000000000000000000000000
000000000000000000000000000
000000000000000000000000000
000000000000000000000000000
000000000000000000000000000
000000000000000000000000000
000000000000000000000000000
000000000000000000000000000
000000000000000000000000000
000000000000000000000000000
000000000000000000000000000
000000000000000000000000000
000000000000000000000000000
000000000000000000000000000
000000000000000000000000000
000000000000000000000000000
000000000000000000000000000
000000000000000000000000000
000000000000000000000000000
000000000000000000000000000
000000000000000000000000000
000000000000000000000000000
000000000000000000000000000
000000000000000000000000000
000000000000000000000000000
000000000000000000000000000
000000000000000000000000000
000000000000000000000000000
000000000000000000000000000
000000000000000000000000000
000000000000000000000000000
000000000000000000000000000
000000000000000000000000000
000000000000000000000000000
000000000000000000000000000
000000000000000000000000000
000000000000000000000000000
000000000000000000000000000
000000000000000000000000000
00000000000000000000004f0ec
000000000000000000fffc4a1dd
000000000000000000fffbf3778
0000000000000000000002014f5
000000000000000000ffffc9094
000000000000000000000115a49
000000000000000000001e85fa8
000000000000000000ff84f6520
000000000000000000ff77f261d
000000000000000000002feeb07
00000000000000000000067353c
000000000000000000002dd4a14
000000000000000000001417add
000000000000000000ff1086b46
000000000000000000ff444a3d7
00000000000000000000548a8c7
000000000000000000004789b94
000000000000000000002246eb9
000000000000000000ff5591361
000000000000000000ff1c9ab6d
000000000000000000ffe762112
000000000000000000007c9f569
000000000000000000004374046
000000000000000000ffbc24b7e
000000000000000000ff6ae1bd2
000000000000000000ff821c064
000000000000000000002587d50
0000000000000000000058ac203
000000000000000000000678cde
000000000000000000ffd44767c
000000000000000000000000000
000000000000000000000000000
000000000000000000000000000
000000000000000000000000000
000000000000000000000000000
000000000000000000000000000
000000000000000000000000000
000000000000000000000000000
000000000000000000000000000
000000000000000000000000000
000000000000000000000000000
000000000000000000000000000
000000000000000000000000000
000000000000000000000000000
000000000000000000000000000
000000000000000000000000000
000000000000000000000000000
000000000000000000000000000
000000000000000000000000000
000000000000000000000000000
000000000000000000000000000
000000000000000000000000000
000000000000000000000000000
000000000000000000000000000
000000000000000000000000000
000000000000000000000000000
000000000000000000000000000
000000000000000000000000000
000000000000000000000000000
000000000000000000000000000
000000000000000000000000000
000000000000000000000000000
000000000000000000000000000
000000000000000000000000000
000000000000000000000000000
000000000000000000000000000
000000000000000000000000000
000000000000000000000000000
000000000000000000000000000
000000000000000000000000000
000000000000000000000000000
000000000000000000000000000
000000000000000000000000000
000000000000000000000000000
000000000000000000000000000
000000000000000000000000000
000000000000000000000000000
000000000000000000000000000
000000000000000000000000000
000000000000000000000000000
000000000000000000000000000
000000000000000000000000000
000000000000000000000000000
000000000000000000000000000
000000000000000000000000000
000000000000000000000000000
000000000000000000000000000
000000000000000000000000000
000000000000000000000000000
000000000000000000000000000
000000000000000000000000000
000000000000000000000000000
000000000000000000000000000
000000000000000000000000000
000000000000000000000000000
000000000000000000000000000
000000000000000000000000000
000000000000000000000000000
000000000000000000000000000
000000000000000000000000000
000000000000000000000000000
000000000000000000000000000
000000000000000000000000000
000000000000000000000000000
000000000000000000000000000
000000000000000000000000000
000000000000000000000000000
000000000000000000000000000
000000000000000000000000000
000000000000000000000000000
000000000000000000000000000
000000000000000000000000000
000000000000000000000000000
000000000000000000000000000
000000000000000000000000000
000000000000000000000000000
000000000000000000000000000
000000000000000000000000000
000000000000000000000000000
000000000000000000000000000
000000000000000000000000000
000000000000000000000000000
000000000000000000000000000
000000000000000000000000000
000000000000000000000000000
000000000000000000000000000
000000000000000000000000000
000000000000000000000000000
000000000000000000000000000
000000000000000000000000000
000000000000000000000000000
000000000000000000000000000
000000000000000000000000000
000000000000000000000000000
000000000000000000000000000
000000000000000000000000000
000000000000000000000000000
000000000000000000000000000
000000000000000000000000000
000000000000000000000000000
000000000000000000000000000
000000000000000000000000000
000000000000000000000000000
000000000000000000000000000
000000000000000000000000000
000000000000000000000000000
000000000000000000000000000
000000000000000000000000000
000000000000000000000000000
000000000000000000000000000
000000000000000000000000000
000000000000000000000000000
000000000000000000000000000
000000000000000000000000000
000000000000000000000000000
000000000000000000000000000
0000000000000000000003ad965
000000000000000000fff6afc8b
000000000000000000fff536523
00000000000000000000028b3d6
0000000000000000000001129f3
000000000000000000000447826
0000000000000000000066fbf63
000000000000000000ff6c3614b
000000000000000000ff45fd1dc
000000000000000000fff0499d3
0000000000000000000035480ed
00000000000000000000695b6da
000000000000000000004233196
000000000000000000ff1b220e8
000000000000000000ff34b2df0
0000000000000000000000abe6a
0000000000000000000099f2c05
000000000000000000003be8fa4
000000000000000000ff4c484b0
000000000000000000ff124272c
00000000000000000000523d7e6
000000000000000000009ce7149
0000000000000000000070dc8af
000000000000000000ff836513d
000000000000000000ff794fa88
000000000000000000ff74008a0
00000000000000000000756a252
000000000000000000007d0e90b
000000000000000000000bb2f0b
000000000000000000ffa98e168
000000000000000000000000000
000000000000000000000000000
000000000000000000000000000
000000000000000000000000000
000000000000000000000000000
000000000000000000000000000
000000000000000000000000000
000000000000000000000000000
000000000000000000000000000
000000000000000000000000000
000000000000000000000000000
000000000000000000000000000
000000000000000000000000000
000000000000000000000000000
000000000000000000000000000
000000000000000000000000000
000000000000000000000000000
000000000000000000000000000
000000000000000000000000000
000000000000000000000000000
000000000000000000000000000
000000000000000000000000000
000000000000000000000000000
000000000000000000000000000
000000000000000000000000000
000000000000000000000000000
000000000000000000000000000
000000000000000000000000000
000000000000000000000000000
000000000000000000000000000
000000000000000000000000000
000000000000000000000000000
000000000000000000000000000
000000000000000000000000000
000000000000000000000000000
000000000000000000000000000
000000000000000000000000000
000000000000000000000000000
000000000000000000000000000
000000000000000000000000000
000000000000000000000000000
000000000000000000000000000
000000000000000000000000000
000000000000000000000000000
000000000000000000000000000
000000000000000000000000000
000000000000000000000000000
000000000000000000000000000
000000000000000000000000000
000000000000000000000000000
000000000000000000000000000
000000000000000000000000000
000000000000000000000000000
000000000000000000000000000
000000000000000000000000000
000000000000000000000000000
000000000000000000000000000
000000000000000000000000000
000000000000000000000000000
000000000000000000000000000
000000000000000000000000000
000000000000000000000000000
000000000000000000000000000
000000000000000000000000000
000000000000000000000000000
000000000000000000000000000
000000000000000000000000000
000000000000000000000000000
000000000000000000000000000
000000000000000000000000000
000000000000000000000000000
000000000000000000000000000
000000000000000000000000000
000000000000000000000000000
000000000000000000000000000
000000000000000000000000000
000000000000000000000000000
000000000000000000000000000
000000000000000000000000000
000000000000000000000000000
000000000000000000000000000
000000000000000000000000000
000000000000000000000000000
000000000000000000000000000
000000000000000000000000000
000000000000000000000000000
000000000000000000000000000
000000000000000000000000000
000000000000000000000000000
000000000000000000000000000
000000000000000000000000000
000000000000000000000000000
000000000000000000000000000
000000000000000000000000000
000000000000000000000000000
000000000000000000000000000
000000000000000000000000000
000000000000000000000000000
000000000000000000000000000
000000000000000000000000000
000000000000000000000000000
000000000000000000000000000
000000000000000000000000000
000000000000000000000000000
000000000000000000000000000
000000000000000000000000000
000000000000000000000000000
000000000000000000000000000
000000000000000000000000000
000000000000000000000000000
000000000000000000000000000
000000000000000000000000000
000000000000000000000000000
000000000000000000000000000
000000000000000000000000000
000000000000000000000000000
000000000000000000000000000
000000000000000000000000000
000000000000000000000000000
000000000000000000000000000
000000000000000000000000000
000000000000000000000000000
000000000000000000000000000
000000000000000000000000000
000000000000000000000000000
000000000000000000000000000
0000000000000000000009ef432
000000000000000000ffe073651
000000000000000000ffda9ac49
0000000000000000000008c812d
0000000000000000000002dc779
000000000000000000000f702db
000000000000000000008337c08
000000000000000000ff4a0cdaf
000000000000000000ff0a7b8bb
000000000000000000ffb85a8bc
000000000000000000005fbaae0
00000000000000000000ae4bf43
000000000000000000006157253
000000000000000000ff1b3a853
000000000000000000ff599b8d3
000000000000000000ffbae3afc
00000000000000000000e18086e
000000000000000000005f5e0ff
000000000000000000ff6bf3db6
000000000000000000ff1334d37
000000000000000000009fda69c
00000000000000000000a72a8ca
000000000000000000006c87e1d
000000000000000000ff4144075
000000000000000000ffa7902fe
000000000000000000ff88c03b2
0000000000000000000090c3921
000000000000000000007f520e3
000000000000000000fffa22b91
000000000000000000ff79ff5d9
000000000000000000000000000
000000000000000000000000000
000000000000000000000000000
000000000000000000000000000
000000000000000000000000000
000000000000000000000000000
000000000000000000000000000
000000000000000000000000000
000000000000000000000000000
000000000000000000000000000
000000000000000000000000000
000000000000000000000000000
000000000000000000000000000
000000000000000000000000000
000000000000000000000000000
000000000000000000000000000
000000000000000000000000000
000000000000000000000000000
000000000000000000000000000
000000000000000000000000000
000000000000000000000000000
000000000000000000000000000
000000000000000000000000000
000000000000000000000000000
000000000000000000000000000
000000000000000000000000000
000000000000000000000000000
000000000000000000000000000
000000000000000000000000000
000000000000000000000000000
000000000000000000000000000
000000000000000000000000000
000000000000000000000000000
000000000000000000000000000
000000000000000000000000000
000000000000000000000000000
000000000000000000000000000
000000000000000000000000000
000000000000000000000000000
000000000000000000000000000
000000000000000000000000000
000000000000000000000000000
000000000000000000000000000
000000000000000000000000000
000000000000000000000000000
000000000000000000000000000
000000000000000000000000000
000000000000000000000000000
000000000000000000000000000
000000000000000000000000000
000000000000000000000000000
000000000000000000000000000
000000000000000000000000000
000000000000000000000000000
000000000000000000000000000
000000000000000000000000000
000000000000000000000000000
000000000000000000000000000
000000000000000000000000000
000000000000000000000000000
000000000000000000000000000
000000000000000000000000000
000000000000000000000000000
000000000000000000000000000
000000000000000000000000000
000000000000000000000000000
000000000000000000000000000
000000000000000000000000000
000000000000000000000000000
000000000000000000000000000
000000000000000000000000000
000000000000000000000000000
000000000000000000000000000
000000000000000000000000000
000000000000000000000000000
000000000000000000000000000
000000000000000000000000000
000000000000000000000000000
000000000000000000000000000
000000000000000000000000000
000000000000000000000000000
000000000000000000000000000
000000000000000000000000000
000000000000000000000000000
000000000000000000000000000
000000000000000000000000000
000000000000000000000000000
000000000000000000000000000
000000000000000000000000000
000000000000000000000000000
000000000000000000000000000
000000000000000000000000000
000000000000000000000000000
000000000000000000000000000
000000000000000000000000000
000000000000000000000000000
000000000000000000000000000
000000000000000000000000000
000000000000000000000000000
000000000000000000000000000
000000000000000000000000000
000000000000000000000000000
000000000000000000000000000
000000000000000000000000000
000000000000000000000000000
000000000000000000000000000
000000000000000000000000000
000000000000000000000000000
000000000000000000000000000
000000000000000000000000000
000000000000000000000000000
000000000000000000000000000
000000000000000000000000000
000000000000000000000000000
000000000000000000000000000
000000000000000000000000000
000000000000000000000000000
000000000000000000000000000
000000000000000000000000000
000000000000000000000000000
00000000000000000000008a6d8
000000000000000000fff980c7a
000000000000000000fff8e90f0
000000000000000000000382caa
000000000000000000ffff9fc28
0000000000000000000001e6252
000000000000000000002158137
000000000000000000ff9cfd2eb
000000000000000000ff8fec7f1
0000000000000000000019709ee
000000000000000000000daa78f
000000000000000000002dcc304
00000000000000000000a4e1663
000000000000000000feeb133f3
000000000000000000febf61c9b
000000000000000000ffb2c21e1
000000000000000000009d5ee76
00000000000000000000cc16cba
000000000000000000000f69b0c
000000000000000000feccdb00e
000000000000000000ff654b37d
000000000000000000ffeb02ab4
000000000000000000010766968
000000000000000000003049332
000000000000000000ff44c63ed
000000000000000000fee45a7a6
00000000000000000000dad50e5
00000000000000000000d6622b5
00000000000000000000780ff81
000000000000000000ff23a1dff
000000000000000000ffa667ef0
000000000000000000ff8703efe
0000000000000000000093a8263
000000000000000000008152497
000000000000000000fffa8d310
000000000000000000ff7896a41
000000000000000000000000000
000000000000000000000000000
000000000000000000000000000
000000000000000000000000000
000000000000000000000000000
000000000000000000000000000
000000000000000000000000000
000000000000000000000000000
000000000000000000000000000
000000000000000000000000000
000000000000000000000000000
000000000000000000000000000
000000000000000000000000000
000000000000000000000000000
000000000000000000000000000
000000000000000000000000000
000000000000000000000000000
000000000000000000000000000
000000000000000000000000000
000000000000000000000000000
000000000000000000000000000
000000000000000000000000000
000000000000000000000000000
000000000000000000000000000
000000000000000000000000000
000000000000000000000000000
000000000000000000000000000
000000000000000000000000000
000000000000000000000000000
000000000000000000000000000
000000000000000000000000000
000000000000000000000000000
000000000000000000000000000
000000000000000000000000000
000000000000000000000000000
000000000000000000000000000
000000000000000000000000000
000000000000000000000000000
000000000000000000000000000
000000000000000000000000000
000000000000000000000000000
000000000000000000000000000
000000000000000000000000000
000000000000000000000000000
000000000000000000000000000
000000000000000000000000000
000000000000000000000000000
000000000000000000000000000
000000000000000000000000000
000000000000000000000000000
000000000000000000000000000
000000000000000000000000000
000000000000000000000000000
000000000000000000000000000
000000000000000000000000000
000000000000000000000000000
000000000000000000000000000
000000000000000000000000000
000000000000000000000000000
000000000000000000000000000
000000000000000000000000000
000000000000000000000000000
000000000000000000000000000
000000000000000000000000000
000000000000000000000000000
000000000000000000000000000
000000000000000000000000000
000000000000000000000000000
000000000000000000000000000
000000000000000000000000000
000000000000000000000000000
000000000000000000000000000
000000000000000000000000000
000000000000000000000000000
000000000000000000000000000
000000000000000000000000000
000000000000000000000000000
000000000000000000000000000
000000000000000000000000000
000000000000000000000000000
000000000000000000000000000
000000000000000000000000000
000000000000000000000000000
000000000000000000000000000
000000000000000000000000000
000000000000000000000000000
000000000000000000000000000
000000000000000000000000000
000000000000000000000000000
000000000000000000000000000
000000000000000000000000000
000000000000000000000000000
000000000000000000000000000
000000000000000000000000000
000000000000000000000000000
000000000000000000000000000
000000000000000000000000000
000000000000000000000000000
000000000000000000000000000
000000000000000000000000000
000000000000000000000000000
000000000000000000000000000
000000000000000000000000000
000000000000000000000000000
000000000000000000000000000
000000000000000000000000000
000000000000000000000000000
000000000000000000000000000
000000000000000000000000000
000000000000000000000000000
000000000000000000000000000
000000000000000000000000000
000000000000000000000000000
000000000000000000000000000
000000000000000000000000000
000000000000000000000000000
000000000000000000000000000
000000000000000000000000000
000000000000000000000000000
000000000000000000000000000
000000000000000000000814926
000000000000000000ffdbfc6e7
000000000000000000ffd79b4de
000000000000000000000f1a835
0000000000000000000000bcf0a
000000000000000000000d40c79
00000000000000000000573d747
000000000000000000ff118a659
000000000000000000fef7a8c2d
000000000000000000002a10109
00000000000000000000355bf3e
000000000000000000007284ede
0000000000000000000093f4f39
000000000000000000fe78ea03d
000000000000000000fe8f514e1
000000000000000000ffa658ac5
00000000000000000001045c4c7
00000000000000000000da53e32
000000000000000000ffa992f0b
000000000000000000fe65071c9
000000000000000000ffb4cf121
000000000000000000003070656
000000000000000000012af9eaf
000000000000000000fff5281ff
000000000000000000ff545b80e
000000000000000000fedd61c70
000000000000000000010c6add6
00000000000000000000ee8139d
000000000000000000006fab610
000000000000000000fef06865a
000000000000000000ffa839300
000000000000000000ff8799840
00000000000000000000959a7e0
0000000000000000000081d1080
000000000000000000fffa0df60
000000000000000000ff76832e0
000000000000000000000000000
000000000000000000000000000
000000000000000000000000000
000000000000000000000000000
000000000000000000000000000
000000000000000000000000000
000000000000000000000000000
000000000000000000000000000
000000000000000000000000000
000000000000000000000000000
000000000000000000000000000
000000000000000000000000000
000000000000000000000000000
000000000000000000000000000
000000000000000000000000000
000000000000000000000000000
000000000000000000000000000
000000000000000000000000000
000000000000000000000000000
000000000000000000000000000
000000000000000000000000000
000000000000000000000000000
000000000000000000000000000
000000000000000000000000000
000000000000000000000000000
000000000000000000000000000
000000000000000000000000000
000000000000000000000000000
000000000000000000000000000
000000000000000000000000000
000000000000000000000000000
000000000000000000000000000
000000000000000000000000000
000000000000000000000000000
000000000000000000000000000
000000000000000000000000000
000000000000000000000000000
000000000000000000000000000
000000000000000000000000000
000000000000000000000000000
000000000000000000000000000
000000000000000000000000000
000000000000000000000000000
000000000000000000000000000
000000000000000000000000000
000000000000000000000000000
000000000000000000000000000
000000000000000000000000000
000000000000000000000000000
000000000000000000000000000
000000000000000000000000000
000000000000000000000000000
000000000000000000000000000
000000000000000000000000000
000000000000000000000000000
000000000000000000000000000
000000000000000000000000000
000000000000000000000000000
000000000000000000000000000
000000000000000000000000000
000000000000000000000000000
000000000000000000000000000
000000000000000000000000000
000000000000000000000000000
000000000000000000000000000
000000000000000000000000000
000000000000000000000000000
000000000000000000000000000
000000000000000000000000000
000000000000000000000000000
000000000000000000000000000
000000000000000000000000000
000000000000000000000000000
000000000000000000000000000
000000000000000000000000000
000000000000000000000000000
000000000000000000000000000
000000000000000000000000000
000000000000000000000000000
000000000000000000000000000
000000000000000000000000000
000000000000000000000000000
000000000000000000000000000
000000000000000000000000000
000000000000000000000000000
000000000000000000000000000
000000000000000000000000000
000000000000000000000000000
000000000000000000000000000
000000000000000000000000000
000000000000000000000000000
000000000000000000000000000
000000000000000000000000000
000000000000000000000000000
000000000000000000000000000
000000000000000000000000000
000000000000000000000000000
000000000000000000000000000
000000000000000000000000000
000000000000000000000000000
000000000000000000000000000
000000000000000000000000000
000000000000000000000000000
000000000000000000000000000
000000000000000000000000000
000000000000000000000000000
000000000000000000000000000
000000000000000000000000000
000000000000000000000000000
000000000000000000000000000
000000000000000000000000000
000000000000000000000000000
000000000000000000000000000
000000000000000000000000000
000000000000000000000000000
000000000000000000000000000
000000000000000000000000000
000000000000000000000000000
000000000000000000000000000
000000000000000000000000000
000000000000000000002094d49
000000000000000000ffcb8a226
000000000000000000ffbe3ceb9
0000000000000000000000a77ad
000000000000000000000dbaf85
00000000000000000000227d22d
00000000000000000000b4593a4
000000000000000000ff0915960
000000000000000000fec7cddc1
000000000000000000ffb9ce39e
0000000000000000000085b3bfb
00000000000000000000c01009e
000000000000000000009a2ce09
000000000000000000fe91f6fb4
000000000000000000febcb540d
000000000000000000ff7d31ea8
000000000000000000014c49474
00000000000000000000c33889d
000000000000000000ffbd3647e
000000000000000000fe55385ba
000000000000000000003e35e91
000000000000000000006052582
0000000000000000000143a4889
000000000000000000ffb6e1ce6
000000000000000000ff64c2808
000000000000000000fedfbbafc
0000000000000000000128ee608
00000000000000000000f7ed629
000000000000000000006d3d18b
000000000000000000feda3abda
000000000000000000ffa8e7700
000000000000000000ff87ec8c0
0000000000000000000095f7720
0000000000000000000081d1ac0
000000000000000000fff9d0360
000000000000000000ff75e0aa0
000000000000000000000000000
000000000000000000000000000
000000000000000000000000000
000000000000000000000000000
000000000000000000000000000
000000000000000000000000000
000000000000000000000000000
000000000000000000000000000
000000000000000000000000000
000000000000000000000000000
000000000000000000000000000
000000000000000000000000000
000000000000000000000000000
000000000000000000000000000
000000000000000000000000000
000000000000000000000000000
000000000000000000000000000
000000000000000000000000000
000000000000000000000000000
000000000000000000000000000
000000000000000000000000000
000000000000000000000000000
000000000000000000000000000
000000000000000000000000000
000000000000000000000000000
000000000000000000000000000
000000000000000000000000000
000000000000000000000000000
000000000000000000000000000
000000000000000000000000000
000000000000000000000000000
000000000000000000000000000
000000000000000000000000000
000000000000000000000000000
000000000000000000000000000
000000000000000000000000000
000000000000000000000000000
000000000000000000000000000
000000000000000000000000000
000000000000000000000000000
000000000000000000000000000
000000000000000000000000000
000000000000000000000000000
000000000000000000000000000
000000000000000000000000000
000000000000000000000000000
000000000000000000000000000
000000000000000000000000000
000000000000000000000000000
000000000000000000000000000
000000000000000000000000000
000000000000000000000000000
000000000000000000000000000
000000000000000000000000000
000000000000000000000000000
000000000000000000000000000
000000000000000000000000000
000000000000000000000000000
000000000000000000000000000
000000000000000000000000000
000000000000000000000000000
000000000000000000000000000
000000000000000000000000000
000000000000000000000000000
000000000000000000000000000
000000000000000000000000000
000000000000000000000000000
000000000000000000000000000
000000000000000000000000000
000000000000000000000000000
000000000000000000000000000
000000000000000000000000000
000000000000000000000000000
000000000000000000000000000
000000000000000000000000000
000000000000000000000000000
000000000000000000000000000
000000000000000000000000000
000000000000000000000000000
000000000000000000000000000
000000000000000000000000000
000000000000000000000000000
000000000000000000000000000
000000000000000000000000000
000000000000000000000000000
000000000000000000000000000
000000000000000000000000000
000000000000000000000000000
000000000000000000000000000
000000000000000000000000000
000000000000000000000000000
000000000000000000000000000
000000000000000000000000000
000000000000000000000000000
000000000000000000000000000
000000000000000000000000000
000000000000000000000000000
000000000000000000000000000
000000000000000000000000000
000000000000000000000000000
000000000000000000000000000
000000000000000000000000000
000000000000000000000000000
000000000000000000000000000
000000000000000000000000000
000000000000000000000000000
000000000000000000000000000
000000000000000000000000000
000000000000000000000000000
000000000000000000000000000
000000000000000000000000000
000000000000000000000000000
000000000000000000000000000
000000000000000000000000000
000000000000000000000013b00
000000000000000000ffff13740
000000000000000000fffefde00
00000000000000000000007fd40
000000000000000000fffff2500
000000000000000000000045240
00000000000000000000355ab95
000000000000000000ff90178f7
000000000000000000ff70248da
0000000000000000000003eae14
00000000000000000000185e3f6
000000000000000000004d51896
00000000000000000000d258bae
000000000000000000fef8415f3
000000000000000000feb76e3ec
000000000000000000ff60ac728
00000000000000000000d4ef56f
0000000000000000000101a283f
000000000000000000009c8b569
000000000000000000fe82cb3ef
000000000000000000ff05beb1f
000000000000000000ff6d9a54f
00000000000000000001706b539
00000000000000000000b3fdb8d
000000000000000000fffe2cfc0
000000000000000000fe6fd81b9
00000000000000000000798c350
0000000000000000000067038fc
000000000000000000012b60161
000000000000000000ff66a23c9
000000000000000000ff73aef52
000000000000000000fee8128da
00000000000000000001309b1b1
00000000000000000000f70f7a9
000000000000000000006804b85
000000000000000000fecdda691
000000000000000000ffaa08580
000000000000000000ff88cbdc0
000000000000000000009601520
00000000000000000000814a780
000000000000000000fff9d9de0
000000000000000000ff762a1a0
000000000000000000000000000
000000000000000000000000000
000000000000000000000000000
000000000000000000000000000
000000000000000000000000000
000000000000000000000000000
000000000000000000000000000
000000000000000000000000000
000000000000000000000000000
000000000000000000000000000
000000000000000000000000000
000000000000000000000000000
000000000000000000000000000
000000000000000000000000000
000000000000000000000000000
000000000000000000000000000
000000000000000000000000000
000000000000000000000000000
000000000000000000000000000
000000000000000000000000000
000000000000000000000000000
000000000000000000000000000
000000000000000000000000000
000000000000000000000000000
000000000000000000000000000
000000000000000000000000000
000000000000000000000000000
000000000000000000000000000
000000000000000000000000000
000000000000000000000000000
000000000000000000000000000
000000000000000000000000000
000000000000000000000000000
000000000000000000000000000
000000000000000000000000000
000000000000000000000000000
000000000000000000000000000
000000000000000000000000000
000000000000000000000000000
000000000000000000000000000
000000000000000000000000000
000000000000000000000000000
000000000000000000000000000
000000000000000000000000000
000000000000000000000000000
000000000000000000000000000
000000000000000000000000000
000000000000000000000000000
000000000000000000000000000
000000000000000000000000000
000000000000000000000000000
000000000000000000000000000
000000000000000000000000000
000000000000000000000000000
000000000000000000000000000
000000000000000000000000000
000000000000000000000000000
000000000000000000000000000
000000000000000000000000000
000000000000000000000000000
000000000000000000000000000
000000000000000000000000000
000000000000000000000000000
000000000000000000000000000
000000000000000000000000000
000000000000000000000000000
000000000000000000000000000
000000000000000000000000000
000000000000000000000000000
000000000000000000000000000
000000000000000000000000000
000000000000000000000000000
000000000000000000000000000
000000000000000000000000000
000000000000000000000000000
000000000000000000000000000
000000000000000000000000000
000000000000000000000000000
000000000000000000000000000
000000000000000000000000000
000000000000000000000000000
000000000000000000000000000
000000000000000000000000000
000000000000000000000000000
000000000000000000000000000
000000000000000000000000000
000000000000000000000000000
000000000000000000000000000
000000000000000000000000000
000000000000000000000000000
000000000000000000000000000
000000000000000000000000000
000000000000000000000000000
000000000000000000000000000
000000000000000000000000000
000000000000000000000000000
000000000000000000000000000
000000000000000000000000000
000000000000000000000000000
000000000000000000000000000
000000000000000000000000000
000000000000000000000000000
000000000000000000000000000
000000000000000000000000000
000000000000000000000000000
000000000000000000000000000
000000000000000000000000000
000000000000000000000000000
000000000000000000000000000
000000000000000000000000000
000000000000000000000000000
000000000000000000000000000
000000000000000000000000000
000000000000000000000000000
000000000000000000000336aa0
000000000000000000ffe213328
000000000000000000ffdf30880
000000000000000000000f8d2a8
000000000000000000fffeab760
000000000000000000000922748
00000000000000000000761b7e0
000000000000000000fefc445c3
000000000000000000fed2636a7
00000000000000000000169d3e1
0000000000000000000041777bf
0000000000000000000094a516f
00000000000000000000a8f03d2
000000000000000000fe75f97be
000000000000000000fe823ed07
000000000000000000ff8856c2f
0000000000000000000128c65de
00000000000000000000e4b7f3c
00000000000000000000074459d
000000000000000000fe467df85
000000000000000000ff9155976
000000000000000000ffac75de7
0000000000000000000188dbd32
0000000000000000000060cc25b
000000000000000000fff6f6a9d
000000000000000000fefce78d9
0000000000000000000106f24d1
000000000000000000002ccf427
00000000000000000001153af63
000000000000000000ff493604a
000000000000000000ffd0060a1
000000000000000000ff7e5b6b1
000000000000000000015278e07
00000000000000000000ad3adf0
0000000000000000000043d96e9
000000000000000000feea62b6b
00000000000000000000127fc36
000000000000000000ffd9c1acc
0000000000000000000098b7568
000000000000000000005006615
000000000000000000fffd1aba6
000000000000000000ff90d21e4
000000000000000000000000000
000000000000000000000000000
000000000000000000000000000
000000000000000000000000000
000000000000000000000000000
000000000000000000000000000
000000000000000000000000000
000000000000000000000000000
000000000000000000000000000
000000000000000000000000000
000000000000000000000000000
000000000000000000000000000
000000000000000000000000000
000000000000000000000000000
000000000000000000000000000
000000000000000000000000000
000000000000000000000000000
000000000000000000000000000
000000000000000000000000000
000000000000000000000000000
000000000000000000000000000
000000000000000000000000000
000000000000000000000000000
000000000000000000000000000
000000000000000000000000000
000000000000000000000000000
000000000000000000000000000
000000000000000000000000000
000000000000000000000000000
000000000000000000000000000
000000000000000000000000000
000000000000000000000000000
000000000000000000000000000
000000000000000000000000000
000000000000000000000000000
000000000000000000000000000
000000000000000000000000000
000000000000000000000000000
000000000000000000000000000
000000000000000000000000000
000000000000000000000000000
000000000000000000000000000
000000000000000000000000000
000000000000000000000000000
000000000000000000000000000
000000000000000000000000000
000000000000000000000000000
000000000000000000000000000
000000000000000000000000000
000000000000000000000000000
000000000000000000000000000
000000000000000000000000000
000000000000000000000000000
000000000000000000000000000
000000000000000000000000000
000000000000000000000000000
000000000000000000000000000
000000000000000000000000000
000000000000000000000000000
000000000000000000000000000
000000000000000000000000000
000000000000000000000000000
000000000000000000000000000
000000000000000000000000000
000000000000000000000000000
000000000000000000000000000
000000000000000000000000000
000000000000000000000000000
000000000000000000000000000
000000000000000000000000000
000000000000000000000000000
000000000000000000000000000
000000000000000000000000000
000000000000000000000000000
000000000000000000000000000
000000000000000000000000000
000000000000000000000000000
000000000000000000000000000
000000000000000000000000000
000000000000000000000000000
000000000000000000000000000
000000000000000000000000000
000000000000000000000000000
000000000000000000000000000
000000000000000000000000000
000000000000000000000000000
000000000000000000000000000
000000000000000000000000000
000000000000000000000000000
000000000000000000000000000
000000000000000000000000000
000000000000000000000000000
000000000000000000000000000
000000000000000000000000000
000000000000000000000000000
000000000000000000000000000
000000000000000000000000000
000000000000000000000000000
000000000000000000000000000
000000000000000000000000000
000000000000000000000000000
000000000000000000000000000
000000000000000000000000000
000000000000000000000000000
000000000000000000000000000
000000000000000000000000000
000000000000000000000000000
000000000000000000000000000
000000000000000000000013b00
000000000000000000ffff13740
000000000000000000fffefde00
00000000000000000000007fd40
000000000000000000fffff2500
000000000000000000000045240
000000000000000000001bebca4
000000000000000000ffc79e001
000000000000000000ffbdc4770
0000000000000000000009c3b11
000000000000000000000a5d75c
000000000000000000001d42755
00000000000000000000cd67c46
000000000000000000fef352b8f
000000000000000000fea1cb8bf
000000000000000000ff9ee56b8
000000000000000000009696d36
00000000000000000000e64dddd
00000000000000000000a2b1d53
000000000000000000fe906fbc2
000000000000000000febc1a490
000000000000000000ff67d78de
000000000000000000016d52356
00000000000000000000c979fcf
000000000000000000ffec811d6
000000000000000000fe772fd82
000000000000000000006abe851
000000000000000000ffea09d8d
000000000000000000017d035c6
000000000000000000ffeeabf3a
000000000000000000ffd9ca277
000000000000000000ff5a821b2
000000000000000000016d2c569
000000000000000000003c56e74
00000000000000000000c537c60
000000000000000000ff2625c2d
0000000000000000000032b9a5c
000000000000000000ffd664c4e
0000000000000000000125744c3
0000000000000000000065b7992
000000000000000000000e3a44f
000000000000000000ff2a16bda
000000000000000000004869ac8
000000000000000000001735998
000000000000000000004ad0c3a
00000000000000000000139c581
000000000000000000ffe929f4d
000000000000000000ffa8bcdec
000000000000000000000000000
000000000000000000000000000
000000000000000000000000000
000000000000000000000000000
000000000000000000000000000
000000000000000000000000000
000000000000000000000000000
000000000000000000000000000
000000000000000000000000000
000000000000000000000000000
000000000000000000000000000
000000000000000000000000000
000000000000000000000000000
000000000000000000000000000
000000000000000000000000000
000000000000000000000000000
000000000000000000000000000
000000000000000000000000000
000000000000000000000000000
000000000000000000000000000
000000000000000000000000000
000000000000000000000000000
000000000000000000000000000
000000000000000000000000000
000000000000000000000000000
000000000000000000000000000
000000000000000000000000000
000000000000000000000000000
000000000000000000000000000
000000000000000000000000000
000000000000000000000000000
000000000000000000000000000
000000000000000000000000000
000000000000000000000000000
000000000000000000000000000
000000000000000000000000000
000000000000000000000000000
000000000000000000000000000
000000000000000000000000000
000000000000000000000000000
000000000000000000000000000
000000000000000000000000000
000000000000000000000000000
000000000000000000000000000
000000000000000000000000000
000000000000000000000000000
000000000000000000000000000
000000000000000000000000000
000000000000000000000000000
000000000000000000000000000
000000000000000000000000000
000000000000000000000000000
000000000000000000000000000
000000000000000000000000000
000000000000000000000000000
000000000000000000000000000
000000000000000000000000000
000000000000000000000000000
000000000000000000000000000
000000000000000000000000000
000000000000000000000000000
000000000000000000000000000
000000000000000000000000000
000000000000000000000000000
000000000000000000000000000
000000000000000000000000000
000000000000000000000000000
000000000000000000000000000
000000000000000000000000000
000000000000000000000000000
000000000000000000000000000
000000000000000000000000000
000000000000000000000000000
000000000000000000000000000
000000000000000000000000000
000000000000000000000000000
000000000000000000000000000
000000000000000000000000000
000000000000000000000000000
000000000000000000000000000
000000000000000000000000000
000000000000000000000000000
000000000000000000000000000
000000000000000000000000000
000000000000000000000000000
000000000000000000000000000
000000000000000000000000000
000000000000000000000000000
000000000000000000000000000
000000000000000000000000000
000000000000000000000000000
000000000000000000000000000
000000000000000000000000000
000000000000000000000000000
000000000000000000000000000
000000000000000000000000000
000000000000000000000000000
000000000000000000000000000
000000000000000000000000000
000000000000000000000000000
000000000000000000000000000
000000000000000000000000000
000000000000000000000000000
000000000000000000000000000
000000000000000000000000000
000000000000000000000000000
000000000000000000000000000
000000000000000000000000000
00000000000000000000034a5a0
000000000000000000ffe126a68
000000000000000000ffde2e680
00000000000000000000100cfe8
000000000000000000fffe9dc60
000000000000000000000967988
00000000000000000000344977d
000000000000000000ff4d99eaa
000000000000000000ff3f1f2a7
000000000000000000002681fa1
0000000000000000000022f9bf3
0000000000000000000052091d5
00000000000000000000c10bc7f
000000000000000000feb8cd657
000000000000000000fe99b64ad
000000000000000000ff5bfe0c4
00000000000000000000f5aa843
0000000000000000000112a87fe
00000000000000000000792eb63
000000000000000000fe7071515
000000000000000000ff122d194
000000000000000000ff72fe2fa
000000000000000000018336b84
00000000000000000000a613a60
000000000000000000000bd8015
000000000000000000fe93483b4
00000000000000000000b5bea15
000000000000000000003f2b9d0
000000000000000000013969e83
000000000000000000ff654ab3c
000000000000000000ffa3dd641
000000000000000000ff1f9bf32
000000000000000000014e81523
00000000000000000000b820715
0000000000000000000079389c5
000000000000000000feecea7e8
000000000000000000ffedd127f
000000000000000000ffb106b90
00000000000000000000b8f95ea
000000000000000000006df13a3
000000000000000000fff8f8c94
000000000000000000ff5e00d5b
000000000000000000001186d48
0000000000000000000005985ca
00000000000000000000108362f
0000000000000000000004a6cf2
000000000000000000fff8c4e25
000000000000000000ffe85d323
000000000000000000000000000
000000000000000000000000000
000000000000000000000000000
000000000000000000000000000
000000000000000000000000000
000000000000000000000000000
000000000000000000000000000
000000000000000000000000000
000000000000000000000000000
000000000000000000000000000
000000000000000000000000000
000000000000000000000000000
000000000000000000000000000
000000000000000000000000000
000000000000000000000000000
000000000000000000000000000
000000000000000000000000000
000000000000000000000000000
000000000000000000000000000
000000000000000000000000000
000000000000000000000000000
000000000000000000000000000
000000000000000000000000000
000000000000000000000000000
000000000000000000000000000
000000000000000000000000000
000000000000000000000000000
000000000000000000000000000
000000000000000000000000000
000000000000000000000000000
000000000000000000000000000
000000000000000000000000000
000000000000000000000000000
000000000000000000000000000
000000000000000000000000000
000000000000000000000000000
000000000000000000000000000
000000000000000000000000000
000000000000000000000000000
000000000000000000000000000
000000000000000000000000000
000000000000000000000000000
000000000000000000000000000
000000000000000000000000000
000000000000000000000000000
000000000000000000000000000
000000000000000000000000000
000000000000000000000000000
000000000000000000000000000
000000000000000000000000000
000000000000000000000000000
000000000000000000000000000
000000000000000000000000000
000000000000000000000000000
000000000000000000000000000
000000000000000000000000000
000000000000000000000000000
000000000000000000000000000
000000000000000000000000000
000000000000000000000000000
000000000000000000000000000
000000000000000000000000000
000000000000000000000000000
000000000000000000000000000
000000000000000000000000000
000000000000000000000000000
000000000000000000000000000
000000000000000000000000000
000000000000000000000000000
000000000000000000000000000
000000000000000000000000000
000000000000000000000000000
000000000000000000000000000
000000000000000000000000000
000000000000000000000000000
000000000000000000000000000
000000000000000000000000000
000000000000000000000000000
000000000000000000000000000
000000000000000000000000000
000000000000000000000000000
000000000000000000000000000
000000000000000000000000000
000000000000000000000000000
000000000000000000000000000
000000000000000000000000000
000000000000000000000000000
000000000000000000000000000
000000000000000000000000000
000000000000000000000000000
000000000000000000000000000
000000000000000000000000000
000000000000000000000000000
000000000000000000000000000
000000000000000000000000000
000000000000000000000000000
000000000000000000000000000
000000000000000000000000000
000000000000000000000000000
000000000000000000000000000
000000000000000000000000000
000000000000000000000000000
00000000000000000000004f0ec
000000000000000000fffc4a1dd
000000000000000000fffbf3778
0000000000000000000002014f5
000000000000000000ffffc9094
000000000000000000000115a49
000000000000000000002131849
000000000000000000ff8a180d4
000000000000000000ff7c88598
000000000000000000002a0163e
00000000000000000000089fa33
000000000000000000002e9051f
000000000000000000007b1cc1c
000000000000000000fea5cc57f
000000000000000000fea51b2aa
00000000000000000000256d2d3
000000000000000000007bbc33b
0000000000000000000091e3ab9
000000000000000000004503f6d
000000000000000000fe32d2481
000000000000000000fe9b99a2f
000000000000000000ffa3d5bd7
00000000000000000001432e367
00000000000000000000cc0dd64
000000000000000000000b6a0c5
000000000000000000fe4a9c730
000000000000000000ffc1f34de
000000000000000000ffb2b09ce
000000000000000000019788085
0000000000000000000059f494c
000000000000000000000115156
000000000000000000ff08ce934
000000000000000000011f37b3f
0000000000000000000034819df
00000000000000000001094f061
000000000000000000ff3290cb5
000000000000000000ffdc0646c
000000000000000000ff8384ac4
000000000000000000014f5534f
00000000000000000000a20d2e4
000000000000000000004272d54
000000000000000000fef59a701
0000000000000000000018f0ac8
000000000000000000ffe262f91
00000000000000000000907663e
000000000000000000004773c5b
000000000000000000fffbd3317
000000000000000000ff9113f29
000000000000000000000278282
00000000000000000000000ba0e
00000000000000000000053dbff
0000000000000000000001f869d
000000000000000000ffffb724f
000000000000000000fffc2abc7
000000000000000000000000000
000000000000000000000000000
000000000000000000000000000
000000000000000000000000000
000000000000000000000000000
000000000000000000000000000
000000000000000000000000000
000000000000000000000000000
000000000000000000000000000
000000000000000000000000000
000000000000000000000000000
000000000000000000000000000
000000000000000000000000000
000000000000000000000000000
000000000000000000000000000
000000000000000000000000000
000000000000000000000000000
000000000000000000000000000
000000000000000000000000000
000000000000000000000000000
000000000000000000000000000
000000000000000000000000000
000000000000000000000000000
000000000000000000000000000
000000000000000000000000000
000000000000000000000000000
000000000000000000000000000
000000000000000000000000000
000000000000000000000000000
000000000000000000000000000
000000000000000000000000000
000000000000000000000000000
000000000000000000000000000
000000000000000000000000000
000000000000000000000000000
000000000000000000000000000
000000000000000000000000000
000000000000000000000000000
000000000000000000000000000
000000000000000000000000000
000000000000000000000000000
000000000000000000000000000
000000000000000000000000000
000000000000000000000000000
000000000000000000000000000
000000000000000000000000000
000000000000000000000000000
000000000000000000000000000
000000000000000000000000000
000000000000000000000000000
000000000000000000000000000
000000000000000000000000000
000000000000000000000000000
000000000000000000000000000
000000000000000000000000000
000000000000000000000000000
000000000000000000000000000
000000000000000000000000000
000000000000000000000000000
000000000000000000000000000
000000000000000000000000000
000000000000000000000000000
000000000000000000000000000
000000000000000000000000000
000000000000000000000000000
000000000000000000000000000
000000000000000000000000000
000000000000000000000000000
000000000000000000000000000
000000000000000000000000000
000000000000000000000000000
000000000000000000000000000
000000000000000000000000000
000000000000000000000000000
000000000000000000000000000
000000000000000000000000000
000000000000000000000000000
000000000000000000000000000
000000000000000000000000000
000000000000000000000000000
000000000000000000000000000
000000000000000000000000000
000000000000000000000000000
000000000000000000000000000
000000000000000000000000000
000000000000000000000000000
000000000000000000000000000
000000000000000000000000000
000000000000000000000000000
000000000000000000000000000
000000000000000000000000000
000000000000000000000000000
000000000000000000000000000
000000000000000000000000000
000000000000000000000000000
000000000000000000000000000
000000000000000000000000000
000000000000000000000000000
000000000000000000000000000
000000000000000000000000000
000000000000000000000000000
000000000000000000000000000
00000000000000000000068919d
000000000000000000ffd45a96d
000000000000000000ffcfbf5d3
000000000000000000001518da8
000000000000000000ffff160bb
000000000000000000000e50840
00000000000000000000649fcac
000000000000000000ff0926e0c
000000000000000000fef29a194
00000000000000000000221f83b
000000000000000000003fa879f
00000000000000000000798e04e
000000000000000000008a9ac46
000000000000000000fe5e972fa
000000000000000000fe7ba4a15
000000000000000000ffc593de3
0000000000000000000100a9155
00000000000000000000c5fc944
000000000000000000000734cbb
000000000000000000fe29b7e78
000000000000000000ff43ec4a1
000000000000000000ffb8b721a
00000000000000000001803ac25
000000000000000000007a19fd5
00000000000000000000029cbff
000000000000000000fef5b0b0d
00000000000000000000dd9be4d
000000000000000000ffb4ae21e
0000000000000000000166f47c2
000000000000000000ffc19d24f
0000000000000000000012130e2
000000000000000000ffca5d063
000000000000000000018e981de
00000000000000000000131dba7
000000000000000000009cfe8c9
000000000000000000ff2b17b4f
0000000000000000000086db3af
000000000000000000001ec2d8b
00000000000000000001217a8c5
0000000000000000000038bf6e4
000000000000000000000e7c7bb
000000000000000000ff45799f7
0000000000000000000047ac3f5
00000000000000000000194de12
00000000000000000000482c8e7
000000000000000000000f27847
000000000000000000ffed58660
000000000000000000ffb33c443
0000000000000000000002bbb90
00000000000000000000014d6c2
00000000000000000000017543d
000000000000000000000002929
000000000000000000ffff08090
000000000000000000fffd7365f
000000000000000000000000000
000000000000000000000000000
000000000000000000000000000
000000000000000000000000000
000000000000000000000000000
000000000000000000000000000
000000000000000000000000000
000000000000000000000000000
000000000000000000000000000
000000000000000000000000000
000000000000000000000000000
000000000000000000000000000
000000000000000000000000000
000000000000000000000000000
000000000000000000000000000
000000000000000000000000000
000000000000000000000000000
000000000000000000000000000
000000000000000000000000000
000000000000000000000000000
000000000000000000000000000
000000000000000000000000000
000000000000000000000000000
000000000000000000000000000
000000000000000000000000000
000000000000000000000000000
000000000000000000000000000
000000000000000000000000000
000000000000000000000000000
000000000000000000000000000
000000000000000000000000000
000000000000000000000000000
000000000000000000000000000
000000000000000000000000000
000000000000000000000000000
000000000000000000000000000
000000000000000000000000000
000000000000000000000000000
000000000000000000000000000
000000000000000000000000000
000000000000000000000000000
000000000000000000000000000
000000000000000000000000000
000000000000000000000000000
000000000000000000000000000
000000000000000000000000000
000000000000000000000000000
000000000000000000000000000
000000000000000000000000000
000000000000000000000000000
000000000000000000000000000
000000000000000000000000000
000000000000000000000000000
000000000000000000000000000
000000000000000000000000000
000000000000000000000000000
000000000000000000000000000
000000000000000000000000000
000000000000000000000000000
000000000000000000000000000
000000000000000000000000000
000000000000000000000000000
000000000000000000000000000
000000000000000000000000000
000000000000000000000000000
000000000000000000000000000
000000000000000000000000000
000000000000000000000000000
000000000000000000000000000
000000000000000000000000000
000000000000000000000000000
000000000000000000000000000
000000000000000000000000000
000000000000000000000000000
000000000000000000000000000
000000000000000000000000000
000000000000000000000000000
000000000000000000000000000
000000000000000000000000000
000000000000000000000000000
000000000000000000000000000
000000000000000000000000000
000000000000000000000000000
000000000000000000000000000
000000000000000000000000000
000000000000000000000000000
000000000000000000000000000
000000000000000000000000000
000000000000000000000000000
000000000000000000000000000
000000000000000000000000000
000000000000000000000000000
000000000000000000000000000
000000000000000000000000000
000000000000000000000000000
000000000000000000000000000
0000000000000000000000b1cd8
000000000000000000fff7a7afa
000000000000000000fff6e4cf0
00000000000000000000048272a
000000000000000000ffff84628
0000000000000000000002706d2
000000000000000000002bb7d32
000000000000000000ff78b999c
000000000000000000ff69caf9f
0000000000000000000028a6022
000000000000000000001004061
0000000000000000000038f8866
000000000000000000009d8b95b
000000000000000000feae56376
000000000000000000fe993b080
000000000000000000ffd9af583
00000000000000000000a910a8c
00000000000000000000c10dfff
000000000000000000005004881
000000000000000000fe40c3253
000000000000000000febf9bdf5
000000000000000000ff9cb4569
000000000000000000015e08a6a
00000000000000000000bbc62ef
000000000000000000000793b46
000000000000000000fe7d4b96f
000000000000000000003b54d4f
000000000000000000ffc4a63b1
00000000000000000001871a96b
000000000000000000000c6bbca
000000000000000000ffde6a027
000000000000000000ff70f8d2a
000000000000000000016f189d4
0000000000000000000009e0dc7
00000000000000000000e227641
000000000000000000ff3ab5a3a
000000000000000000004f52da6
000000000000000000fff45282a
000000000000000000015e26446
000000000000000000003f74121
000000000000000000002e89a0d
000000000000000000ff39ada83
0000000000000000000077b46ef
000000000000000000002f8c75e
000000000000000000007700b95
000000000000000000000ca3b05
000000000000000000ffe713c11
000000000000000000ff8cede2b
00000000000000000000173d010
000000000000000000000b12bd2
000000000000000000000c657a5
000000000000000000000015df1
000000000000000000fff7c3d10
000000000000000000ffea539d7
000000000000000000000000000
000000000000000000000000000
000000000000000000000000000
000000000000000000000000000
000000000000000000000000000
000000000000000000000000000
000000000000000000000000000
000000000000000000000000000
000000000000000000000000000
000000000000000000000000000
000000000000000000000000000
000000000000000000000000000
000000000000000000000000000
000000000000000000000000000
000000000000000000000000000
000000000000000000000000000
000000000000000000000000000
000000000000000000000000000
000000000000000000000000000
000000000000000000000000000
000000000000000000000000000
000000000000000000000000000
000000000000000000000000000
000000000000000000000000000
000000000000000000000000000
000000000000000000000000000
000000000000000000000000000
000000000000000000000000000
000000000000000000000000000
000000000000000000000000000
000000000000000000000000000
000000000000000000000000000
000000000000000000000000000
000000000000000000000000000
000000000000000000000000000
000000000000000000000000000
000000000000000000000000000
000000000000000000000000000
000000000000000000000000000
000000000000000000000000000
000000000000000000000000000
000000000000000000000000000
000000000000000000000000000
000000000000000000000000000
000000000000000000000000000
000000000000000000000000000
000000000000000000000000000
000000000000000000000000000
000000000000000000000000000
000000000000000000000000000
000000000000000000000000000
000000000000000000000000000
000000000000000000000000000
000000000000000000000000000
000000000000000000000000000
000000000000000000000000000
000000000000000000000000000
000000000000000000000000000
000000000000000000000000000
000000000000000000000000000
000000000000000000000000000
000000000000000000000000000
000000000000000000000000000
000000000000000000000000000
000000000000000000000000000
000000000000000000000000000
000000000000000000000000000
000000000000000000000000000
000000000000000000000000000
000000000000000000000000000
000000000000000000000000000
000000000000000000000000000
000000000000000000000000000
000000000000000000000000000
000000000000000000000000000
000000000000000000000000000
000000000000000000000000000
000000000000000000000000000
000000000000000000000000000
000000000000000000000000000
000000000000000000000000000
000000000000000000000000000
000000000000000000000000000
000000000000000000000000000
000000000000000000000000000
000000000000000000000000000
000000000000000000000000000
000000000000000000000000000
000000000000000000000000000
000000000000000000000000000
000000000000000000000000000
000000000000000000000000000
000000000000000000000000000
000000000000000000000000000
000000000000000000000000000
000000000000000000000000000
000000000000000000000000000
000000000000000000000000000
000000000000000000000000000
000000000000000000000000000
000000000000000000000000000
000000000000000000000000000
000000000000000000000a56c6a
000000000000000000ffd23867e
000000000000000000ffcca38c6
000000000000000000001324294
0000000000000000000000f9c46
0000000000000000000010e20d4
000000000000000000006e087ea
000000000000000000ff0cdf5ae
000000000000000000feef8d20e
00000000000000000000101bd3e
000000000000000000004a0e4c0
0000000000000000000083d56c0
00000000000000000000955280a
000000000000000000fe7b44cb2
000000000000000000fe8da4826
000000000000000000ff968fae4
000000000000000000011625214
00000000000000000000db1101c
000000000000000000002b674dd
000000000000000000fe27f9230
000000000000000000ff4e88adb
000000000000000000ffb6b5ac9
0000000000000000000188f28b5
000000000000000000007ef30d3
000000000000000000fff3da018
000000000000000000feefbb1a7
00000000000000000001003baf7
000000000000000000fff28e879
000000000000000000014ad362b
000000000000000000ff76baa25
000000000000000000ffd19ab63
000000000000000000ff8b30885
0000000000000000000181bc45c
000000000000000000007867114
000000000000000000006458a40
000000000000000000ff022509a
000000000000000000006475368
000000000000000000000b7296a
00000000000000000000ccddd42
000000000000000000003c529db
000000000000000000fff5c551a
000000000000000000ff61c0c40
000000000000000000001d50524
000000000000000000000b6c8b0
0000000000000000000018765e0
000000000000000000000484cd4
000000000000000000fff6f09fe
000000000000000000ffe138244
000000000000000000000000000
000000000000000000000000000
000000000000000000000000000
000000000000000000000000000
000000000000000000000000000
000000000000000000000000000
000000000000000000000000000
000000000000000000000000000
000000000000000000000000000
000000000000000000000000000
000000000000000000000000000
000000000000000000000000000
000000000000000000000000000
000000000000000000000000000
000000000000000000000000000
000000000000000000000000000
000000000000000000000000000
000000000000000000000000000
000000000000000000000000000
000000000000000000000000000
000000000000000000000000000
000000000000000000000000000
000000000000000000000000000
000000000000000000000000000
000000000000000000000000000
000000000000000000000000000
000000000000000000000000000
000000000000000000000000000
000000000000000000000000000
000000000000000000000000000
000000000000000000000000000
000000000000000000000000000
000000000000000000000000000
000000000000000000000000000
000000000000000000000000000
000000000000000000000000000
000000000000000000000000000
000000000000000000000000000
000000000000000000000000000
000000000000000000000000000
000000000000000000000000000
000000000000000000000000000
000000000000000000000000000
000000000000000000000000000
000000000000000000000000000
000000000000000000000000000
000000000000000000000000000
000000000000000000000000000
000000000000000000000000000
000000000000000000000000000
000000000000000000000000000
000000000000000000000000000
000000000000000000000000000
000000000000000000000000000
000000000000000000000000000
000000000000000000000000000
000000000000000000000000000
000000000000000000000000000
000000000000000000000000000
000000000000000000000000000
000000000000000000000000000
000000000000000000000000000
000000000000000000000000000
000000000000000000000000000
000000000000000000000000000
000000000000000000000000000
000000000000000000000000000
000000000000000000000000000
000000000000000000000000000
000000000000000000000000000
000000000000000000000000000
000000000000000000000000000
000000000000000000000000000
000000000000000000000000000
000000000000000000000000000
000000000000000000000000000
000000000000000000000000000
000000000000000000000000000
000000000000000000000000000
000000000000000000000000000
000000000000000000000000000
000000000000000000000000000
000000000000000000000000000
000000000000000000000000000
000000000000000000000000000
000000000000000000000000000
000000000000000000000000000
000000000000000000000000000
000000000000000000000000000
000000000000000000000000000
000000000000000000000000000
000000000000000000000000000
000000000000000000000000000
000000000000000000000000000
000000000000000000000000000
000000000000000000000000000
000000000000000000000000000
000000000000000000000000000
000000000000000000000000000
000000000000000000000000000
000000000000000000000000000
000000000000000000000000000
00000000000000000000009e1d8
000000000000000000fff8943ba
000000000000000000fff7e6ef0
0000000000000000000004029ea
000000000000000000ffff92128
00000000000000000000022b492
00000000000000000000337f22e
000000000000000000ff31ee98a
000000000000000000ff19c0a6a
000000000000000000004b13fbe
000000000000000000000d2d6a0
0000000000000000000051cb83c
000000000000000000009aee182
000000000000000000fe66337bb
000000000000000000fe7b39cc2
000000000000000000ffed7ba9b
00000000000000000000ceffbe2
00000000000000000000c3be16d
000000000000000000ffff8e153
000000000000000000fdfc4b83c
000000000000000000fec2e4920
000000000000000000ffc3097d0
00000000000000000001600f6f3
00000000000000000000a42e81f
0000000000000000000021b490e
000000000000000000fe30f9ded
000000000000000000ffea28644
000000000000000000ffdfd7d93
000000000000000000018a5a523
000000000000000000002381739
000000000000000000ffc09e3a4
000000000000000000ff1b2500e
0000000000000000000155327a7
0000000000000000000057af897
00000000000000000000f5c53f9
000000000000000000ff0a3fc4c
000000000000000000ffd75af64
000000000000000000ff878a0dc
00000000000000000001577950c
000000000000000000009edf52e
000000000000000000001a25b90
000000000000000000ff0e35341
000000000000000000004fd2f6e
000000000000000000001cce4f4
000000000000000000004f8228c
000000000000000000000f17faf
000000000000000000ffeada4df
000000000000000000ffaa1d0da
000000000000000000000625b20
0000000000000000000002ede04
0000000000000000000003477ba
000000000000000000000005c92
000000000000000000fffdd2520
000000000000000000fffa4447e
000000000000000000000000000
000000000000000000000000000
000000000000000000000000000
000000000000000000000000000
000000000000000000000000000
000000000000000000000000000
000000000000000000000000000
000000000000000000000000000
000000000000000000000000000
000000000000000000000000000
000000000000000000000000000
000000000000000000000000000
000000000000000000000000000
000000000000000000000000000
000000000000000000000000000
000000000000000000000000000
000000000000000000000000000
000000000000000000000000000
000000000000000000000000000
000000000000000000000000000
000000000000000000000000000
000000000000000000000000000
000000000000000000000000000
000000000000000000000000000
000000000000000000000000000
000000000000000000000000000
000000000000000000000000000
000000000000000000000000000
000000000000000000000000000
000000000000000000000000000
000000000000000000000000000
000000000000000000000000000
000000000000000000000000000
000000000000000000000000000
000000000000000000000000000
000000000000000000000000000
000000000000000000000000000
000000000000000000000000000
000000000000000000000000000
000000000000000000000000000
000000000000000000000000000
000000000000000000000000000
000000000000000000000000000
000000000000000000000000000
000000000000000000000000000
000000000000000000000000000
000000000000000000000000000
000000000000000000000000000
000000000000000000000000000
000000000000000000000000000
000000000000000000000000000
000000000000000000000000000
000000000000000000000000000
000000000000000000000000000
000000000000000000000000000
000000000000000000000000000
000000000000000000000000000
000000000000000000000000000
000000000000000000000000000
000000000000000000000000000
000000000000000000000000000
000000000000000000000000000
000000000000000000000000000
000000000000000000000000000
000000000000000000000000000
000000000000000000000000000
000000000000000000000000000
000000000000000000000000000
000000000000000000000000000
000000000000000000000000000
000000000000000000000000000
000000000000000000000000000
000000000000000000000000000
000000000000000000000000000
000000000000000000000000000
000000000000000000000000000
000000000000000000000000000
000000000000000000000000000
000000000000000000000000000
000000000000000000000000000
000000000000000000000000000
000000000000000000000000000
000000000000000000000000000
000000000000000000000000000
000000000000000000000000000
000000000000000000000000000
000000000000000000000000000
000000000000000000000000000
000000000000000000000000000
000000000000000000000000000
000000000000000000000000000
000000000000000000000000000
000000000000000000000000000
000000000000000000000000000
000000000000000000000000000
000000000000000000000000000
000000000000000000000000000
000000000000000000000000000
000000000000000000000000000
000000000000000000000000000
000000000000000000000000000
000000000000000000000000000
000000000000000000000897b66
000000000000000000ffde84567
000000000000000000ffda3679e
000000000000000000000d1db75
0000000000000000000001492ca
000000000000000000000ce6ab9
00000000000000000000ae5b18b
000000000000000000fee4d597e
000000000000000000feae3e70a
000000000000000000fff4ea634
0000000000000000000061d260b
00000000000000000000b452d73
000000000000000000009004cde
000000000000000000fe6bb3266
000000000000000000fe799870d
000000000000000000ff993785a
000000000000000000013f958fc
00000000000000000000c0b4fa6
000000000000000000ffed78fb2
000000000000000000fdf5e70ff
000000000000000000ff9ea8b20
000000000000000000ffea72499
000000000000000000019c9361b
0000000000000000000060bee01
0000000000000000000033bdda9
000000000000000000febfd58a6
00000000000000000000b68f81f
000000000000000000ffd0acc6b
00000000000000000001688dac0
000000000000000000ffb59404d
000000000000000000ffcf575aa
000000000000000000ff6f080b7
00000000000000000001759fb06
000000000000000000008a52370
0000000000000000000092264fd
000000000000000000fee0c0267
000000000000000000001d2b6e2
000000000000000000ffbdaa833
000000000000000000010e7a913
0000000000000000000084a1688
000000000000000000fffaedf6c
000000000000000000ff34db076
00000000000000000000164b302
00000000000000000000097de9e
000000000000000000000fd1027
00000000000000000000020b125
000000000000000000fff8b0acf
000000000000000000ffe9ad77f
000000000000000000000000000
000000000000000000000000000
000000000000000000000000000
000000000000000000000000000
000000000000000000000000000
000000000000000000000000000
000000000000000000000000000
000000000000000000000000000
000000000000000000000000000
000000000000000000000000000
000000000000000000000000000
000000000000000000000000000
000000000000000000000000000
000000000000000000000000000
000000000000000000000000000
000000000000000000000000000
000000000000000000000000000
000000000000000000000000000
000000000000000000000000000
000000000000000000000000000
000000000000000000000000000
000000000000000000000000000
000000000000000000000000000
000000000000000000000000000
000000000000000000000000000
000000000000000000000000000
000000000000000000000000000
000000000000000000000000000
000000000000000000000000000
000000000000000000000000000
000000000000000000000000000
000000000000000000000000000
000000000000000000000000000
000000000000000000000000000
000000000000000000000000000
000000000000000000000000000
000000000000000000000000000
000000000000000000000000000
000000000000000000000000000
000000000000000000000000000
000000000000000000000000000
000000000000000000000000000
000000000000000000000000000
000000000000000000000000000
000000000000000000000000000
000000000000000000000000000
000000000000000000000000000
000000000000000000000000000
000000000000000000000000000
000000000000000000000000000
000000000000000000000000000
000000000000000000000000000
000000000000000000000000000
000000000000000000000000000
000000000000000000000000000
000000000000000000000000000
000000000000000000000000000
000000000000000000000000000
000000000000000000000000000
000000000000000000000000000
000000000000000000000000000
000000000000000000000000000
000000000000000000000000000
000000000000000000000000000
000000000000000000000000000
000000000000000000000000000
000000000000000000000000000
000000000000000000000000000
000000000000000000000000000
000000000000000000000000000
000000000000000000000000000
000000000000000000000000000
000000000000000000000000000
000000000000000000000000000
000000000000000000000000000
000000000000000000000000000
000000000000000000000000000
000000000000000000000000000
000000000000000000000000000
000000000000000000000000000
000000000000000000000000000
000000000000000000000000000
000000000000000000000000000
000000000000000000000000000
000000000000000000000000000
000000000000000000000000000
000000000000000000000000000
000000000000000000000000000
000000000000000000000000000
000000000000000000000000000
000000000000000000000000000
000000000000000000000000000
000000000000000000000000000
000000000000000000000000000
000000000000000000000000000
000000000000000000000000000
000000000000000000000000000
000000000000000000000000000
000000000000000000000000000
000000000000000000000000000
000000000000000000000000000
000000000000000000000000000
0000000000000000000000b1cd8
000000000000000000fff7a7afa
000000000000000000fff6e4cf0
00000000000000000000048272a
000000000000000000ffff84628
0000000000000000000002706d2
0000000000000000000020f90b7
000000000000000000ff9a909eb
000000000000000000ff8f08131
000000000000000000001b28a6e
000000000000000000000e3374f
000000000000000000002d1f784
00000000000000000000cfe5566
000000000000000000fef028533
000000000000000000fea40a26a
000000000000000000ff64ea73e
00000000000000000000c27dfa1
000000000000000000010ae3c67
00000000000000000000a8341d0
000000000000000000fe983656c
000000000000000000fee8922be
000000000000000000ff53caaee
000000000000000000017ed15c1
00000000000000000000ca296ba
0000000000000000000046b5ca6
000000000000000000fe8f7cb81
000000000000000000007c46f67
000000000000000000ffcca91d6
000000000000000000017cd0104
000000000000000000ffd2cdf4f
000000000000000000000f5c045
000000000000000000ff7d999d5
000000000000000000016397efb
000000000000000000ffd6984ca
00000000000000000000fdd0aad
000000000000000000ff557c331
000000000000000000004bd4b13
000000000000000000ffef654d0
000000000000000000016c81d42
000000000000000000005731970
000000000000000000003b4b074
000000000000000000ff1af75a0
000000000000000000006bb2df3
0000000000000000000016fd8ac
0000000000000000000098f70d6
000000000000000000003094bf5
000000000000000000ffe498744
000000000000000000ff6e60ba8
0000000000000000000002bbb90
00000000000000000000014d6c2
00000000000000000000017543d
000000000000000000000002929
000000000000000000ffff08090
000000000000000000fffd7365f
000000000000000000000000000
000000000000000000000000000
000000000000000000000000000
000000000000000000000000000
000000000000000000000000000
000000000000000000000000000
000000000000000000000000000
000000000000000000000000000
000000000000000000000000000
000000000000000000000000000
000000000000000000000000000
000000000000000000000000000
000000000000000000000000000
000000000000000000000000000
000000000000000000000000000
000000000000000000000000000
000000000000000000000000000
000000000000000000000000000
000000000000000000000000000
000000000000000000000000000
000000000000000000000000000
000000000000000000000000000
000000000000000000000000000
000000000000000000000000000
000000000000000000000000000
000000000000000000000000000
000000000000000000000000000
000000000000000000000000000
000000000000000000000000000
000000000000000000000000000
000000000000000000000000000
000000000000000000000000000
000000000000000000000000000
000000000000000000000000000
000000000000000000000000000
000000000000000000000000000
000000000000000000000000000
000000000000000000000000000
000000000000000000000000000
000000000000000000000000000
000000000000000000000000000
000000000000000000000000000
000000000000000000000000000
000000000000000000000000000
000000000000000000000000000
000000000000000000000000000
000000000000000000000000000
000000000000000000000000000
000000000000000000000000000
000000000000000000000000000
000000000000000000000000000
000000000000000000000000000
000000000000000000000000000
000000000000000000000000000
000000000000000000000000000
000000000000000000000000000
000000000000000000000000000
000000000000000000000000000
000000000000000000000000000
000000000000000000000000000
000000000000000000000000000
000000000000000000000000000
000000000000000000000000000
000000000000000000000000000
000000000000000000000000000
000000000000000000000000000
000000000000000000000000000
000000000000000000000000000
000000000000000000000000000
000000000000000000000000000
000000000000000000000000000
000000000000000000000000000
000000000000000000000000000
000000000000000000000000000
000000000000000000000000000
000000000000000000000000000
000000000000000000000000000
000000000000000000000000000
000000000000000000000000000
000000000000000000000000000
000000000000000000000000000
000000000000000000000000000
000000000000000000000000000
000000000000000000000000000
000000000000000000000000000
000000000000000000000000000
000000000000000000000000000
000000000000000000000000000
000000000000000000000000000
000000000000000000000000000
000000000000000000000000000
000000000000000000000000000
000000000000000000000000000
000000000000000000000000000
000000000000000000000000000
000000000000000000000000000
000000000000000000000027aec
000000000000000000fffe2335d
000000000000000000fffdf7b78
000000000000000000000101a75
000000000000000000ffffe4694
00000000000000000000008b5c9
000000000000000000000c6e443
000000000000000000ffb48074c
000000000000000000ffad956f6
0000000000000000000022f16a4
000000000000000000000034069
0000000000000000000018db54d
00000000000000000000504416b
000000000000000000fee678d80
000000000000000000fee58d2bd
000000000000000000003c6c36d
000000000000000000004654a4e
000000000000000000006f1b18f
000000000000000000007d4010b
000000000000000000fe5fd35f8
000000000000000000fe88e68e9
000000000000000000ff8a8099d
000000000000000000011a9f8ca
00000000000000000000f106fb7
000000000000000000002d8bbe4
000000000000000000fe47801ee
000000000000000000ff50d9f3f
000000000000000000ff99a47e3
000000000000000000018c10c29
00000000000000000000863e047
00000000000000000000112c573
000000000000000000fefc337e4
00000000000000000001098726a
000000000000000000ffecbcd07
000000000000000000013ead477
000000000000000000ff6d5b6d8
000000000000000000fff008317
000000000000000000ffa94a0fe
00000000000000000001851d721
000000000000000000004298f19
000000000000000000007a81110
000000000000000000ff1fd16b9
000000000000000000007609448
00000000000000000000170e5e1
00000000000000000000e6e05d1
00000000000000000000315c906
000000000000000000fffc3f929
000000000000000000ff5d913f8
000000000000000000003bd25c6
0000000000000000000019acd52
0000000000000000000029baac1
00000000000000000000052080b
000000000000000000ffec472ad
000000000000000000ffc460fc1
000000000000000000000000000
000000000000000000000000000
000000000000000000000000000
000000000000000000000000000
000000000000000000000000000
000000000000000000000000000
000000000000000000000000000
000000000000000000000000000
000000000000000000000000000
000000000000000000000000000
000000000000000000000000000
000000000000000000000000000
000000000000000000000000000
000000000000000000000000000
000000000000000000000000000
000000000000000000000000000
000000000000000000000000000
000000000000000000000000000
000000000000000000000000000
000000000000000000000000000
000000000000000000000000000
000000000000000000000000000
000000000000000000000000000
000000000000000000000000000
000000000000000000000000000
000000000000000000000000000
000000000000000000000000000
000000000000000000000000000
000000000000000000000000000
000000000000000000000000000
000000000000000000000000000
000000000000000000000000000
000000000000000000000000000
000000000000000000000000000
000000000000000000000000000
000000000000000000000000000
000000000000000000000000000
000000000000000000000000000
000000000000000000000000000
000000000000000000000000000
000000000000000000000000000
000000000000000000000000000
000000000000000000000000000
000000000000000000000000000
000000000000000000000000000
000000000000000000000000000
000000000000000000000000000
000000000000000000000000000
000000000000000000000000000
000000000000000000000000000
000000000000000000000000000
000000000000000000000000000
000000000000000000000000000
000000000000000000000000000
000000000000000000000000000
000000000000000000000000000
000000000000000000000000000
000000000000000000000000000
000000000000000000000000000
000000000000000000000000000
000000000000000000000000000
000000000000000000000000000
000000000000000000000000000
000000000000000000000000000
000000000000000000000000000
000000000000000000000000000
000000000000000000000000000
000000000000000000000000000
000000000000000000000000000
000000000000000000000000000
000000000000000000000000000
000000000000000000000000000
000000000000000000000000000
000000000000000000000000000
000000000000000000000000000
000000000000000000000000000
000000000000000000000000000
000000000000000000000000000
000000000000000000000000000
000000000000000000000000000
000000000000000000000000000
000000000000000000000000000
000000000000000000000000000
000000000000000000000000000
000000000000000000000000000
000000000000000000000000000
000000000000000000000000000
000000000000000000000000000
000000000000000000000000000
000000000000000000000000000
000000000000000000000000000
000000000000000000000000000
000000000000000000000000000
000000000000000000000000000
000000000000000000000000000
000000000000000000000000000
000000000000000000000000000
000000000000000000000000000
000000000000000000000000000
000000000000000000000000000
000000000000000000000000000
000000000000000000000000000
0000000000000000000002312e5
000000000000000000fff72b40b
000000000000000000fff60cba3
000000000000000000000385dd6
00000000000000000000004c473
00000000000000000000035ce26
000000000000000000004407704
000000000000000000ff6814f1b
000000000000000000ff5080d0c
000000000000000000001b22e4c
000000000000000000001d6fc1d
000000000000000000004c92bdd
000000000000000000009b2f317
000000000000000000fe955e0a8
000000000000000000fe89de150
000000000000000000ffed54a3f
00000000000000000000b6fb21f
00000000000000000000b0ccfe9
000000000000000000002eb61c4
000000000000000000fe337337f
000000000000000000fee474008
000000000000000000ffab6fd68
000000000000000000016846719
00000000000000000000a765263
000000000000000000fffe4eadf
000000000000000000fe9b90fa6
0000000000000000000060a5e8c
000000000000000000ffb227dab
000000000000000000018c0c336
0000000000000000000011a80a3
000000000000000000fff1a2b86
000000000000000000ff8694e26
0000000000000000000171a43d3
00000000000000000000215e36f
00000000000000000000c9df74b
000000000000000000ff20d7be7
000000000000000000004a027b7
000000000000000000ffe768c8f
000000000000000000014bbdf56
000000000000000000005f8ea67
000000000000000000002306088
000000000000000000ff2dc6c4a
0000000000000000000049f3fef
0000000000000000000014ab47e
000000000000000000005deb005
0000000000000000000018123c3
000000000000000000ffee6959a
000000000000000000ffa6361d5
0000000000000000000006d6ab0
000000000000000000000342346
0000000000000000000003a5e37
0000000000000000000000066fb
000000000000000000fffd939b0
000000000000000000fff99f39d
000000000000000000000000000
000000000000000000000000000
000000000000000000000000000
000000000000000000000000000
000000000000000000000000000
000000000000000000000000000
000000000000000000000000000
000000000000000000000000000
000000000000000000000000000
000000000000000000000000000
000000000000000000000000000
000000000000000000000000000
000000000000000000000000000
000000000000000000000000000
000000000000000000000000000
000000000000000000000000000
000000000000000000000000000
000000000000000000000000000
000000000000000000000000000
000000000000000000000000000
000000000000000000000000000
000000000000000000000000000
000000000000000000000000000
000000000000000000000000000
000000000000000000000000000
000000000000000000000000000
000000000000000000000000000
000000000000000000000000000
000000000000000000000000000
000000000000000000000000000
000000000000000000000000000
000000000000000000000000000
000000000000000000000000000
000000000000000000000000000
000000000000000000000000000
000000000000000000000000000
000000000000000000000000000
000000000000000000000000000
000000000000000000000000000
000000000000000000000000000
000000000000000000000000000
000000000000000000000000000
000000000000000000000000000
000000000000000000000000000
000000000000000000000000000
000000000000000000000000000
000000000000000000000000000
000000000000000000000000000
000000000000000000000000000
000000000000000000000000000
000000000000000000000000000
000000000000000000000000000
000000000000000000000000000
000000000000000000000000000
000000000000000000000000000
000000000000000000000000000
000000000000000000000000000
000000000000000000000000000
000000000000000000000000000
000000000000000000000000000
000000000000000000000000000
000000000000000000000000000
000000000000000000000000000
000000000000000000000000000
000000000000000000000000000
000000000000000000000000000
000000000000000000000000000
000000000000000000000000000
000000000000000000000000000
000000000000000000000000000
000000000000000000000000000
000000000000000000000000000
000000000000000000000000000
000000000000000000000000000
000000000000000000000000000
000000000000000000000000000
000000000000000000000000000
000000000000000000000000000
000000000000000000000000000
000000000000000000000000000
000000000000000000000000000
000000000000000000000000000
000000000000000000000000000
000000000000000000000000000
000000000000000000000000000
000000000000000000000000000
000000000000000000000000000
000000000000000000000000000
000000000000000000000000000
000000000000000000000000000
000000000000000000000000000
000000000000000000000000000
000000000000000000000000000
000000000000000000000000000
000000000000000000000000000
000000000000000000000000000
000000000000000000000013b00
000000000000000000ffff13740
000000000000000000fffefde00
00000000000000000000007fd40
000000000000000000fffff2500
000000000000000000000045240
000000000000000000000a87536
000000000000000000ffd25eee8
000000000000000000ffccb3531
00000000000000000000119788c
0000000000000000000001fcc75
0000000000000000000011d9176
000000000000000000007c7d358
000000000000000000ff1aaf7f5
000000000000000000fef1493fd
000000000000000000ffeb925c1
0000000000000000000058b2b13
000000000000000000009a03fe1
00000000000000000000aba1125
000000000000000000fe909719a
000000000000000000fe9c4f895
000000000000000000ff7cc44bf
0000000000000000000124ddfa7
00000000000000000000e237140
00000000000000000000320828f
000000000000000000fe5349507
000000000000000000ff8ffa470
000000000000000000ffb20c8f0
000000000000000000018287195
0000000000000000000058bad1f
000000000000000000ffed3d3f2
000000000000000000ff1979a7b
00000000000000000001236bcc5
000000000000000000ffedbd50c
000000000000000000012ef27c7
000000000000000000ff70deb68
00000000000000000000074a3d8
000000000000000000ffb249131
000000000000000000017bc45d2
000000000000000000005764d81
000000000000000000005a9289e
000000000000000000ff1c73db1
000000000000000000007656e3b
000000000000000000001d0c37e
00000000000000000000b865412
000000000000000000002b659ad
000000000000000000ffec328fb
000000000000000000ff614e094
0000000000000000000020847b4
000000000000000000000d83972
00000000000000000000183791d
00000000000000000000038dbfd
000000000000000000fff582b0e
000000000000000000ffdefe4a3
000000000000000000000000000
000000000000000000000000000
000000000000000000000000000
000000000000000000000000000
000000000000000000000000000
000000000000000000000000000
000000000000000000000000000
000000000000000000000000000
000000000000000000000000000
000000000000000000000000000
000000000000000000000000000
000000000000000000000000000
000000000000000000000000000
000000000000000000000000000
000000000000000000000000000
000000000000000000000000000
000000000000000000000000000
000000000000000000000000000
000000000000000000000000000
000000000000000000000000000
000000000000000000000000000
000000000000000000000000000
000000000000000000000000000
000000000000000000000000000
000000000000000000000000000
000000000000000000000000000
000000000000000000000000000
000000000000000000000000000
000000000000000000000000000
000000000000000000000000000
000000000000000000000000000
000000000000000000000000000
000000000000000000000000000
000000000000000000000000000
000000000000000000000000000
000000000000000000000000000
000000000000000000000000000
000000000000000000000000000
000000000000000000000000000
000000000000000000000000000
000000000000000000000000000
000000000000000000000000000
000000000000000000000000000
000000000000000000000000000
000000000000000000000000000
000000000000000000000000000
000000000000000000000000000
000000000000000000000000000
000000000000000000000000000
000000000000000000000000000
000000000000000000000000000
000000000000000000000000000
000000000000000000000000000
000000000000000000000000000
000000000000000000000000000
000000000000000000000000000
000000000000000000000000000
000000000000000000000000000
000000000000000000000000000
000000000000000000000000000
000000000000000000000000000
000000000000000000000000000
000000000000000000000000000
000000000000000000000000000
000000000000000000000000000
000000000000000000000000000
000000000000000000000000000
000000000000000000000000000
000000000000000000000000000
000000000000000000000000000
000000000000000000000000000
000000000000000000000000000
000000000000000000000000000
000000000000000000000000000
000000000000000000000000000
000000000000000000000000000
000000000000000000000000000
000000000000000000000000000
000000000000000000000000000
000000000000000000000000000
000000000000000000000000000
000000000000000000000000000
000000000000000000000000000
000000000000000000000000000
000000000000000000000000000
000000000000000000000000000
000000000000000000000000000
000000000000000000000000000
000000000000000000000000000
000000000000000000000000000
000000000000000000000000000
000000000000000000000000000
000000000000000000000000000
000000000000000000000000000
000000000000000000000000000
000000000000000000000000000
000000000000000000000000000
000000000000000000000000000
000000000000000000000000000
000000000000000000000000000
000000000000000000000000000
000000000000000000000000000
0000000000000000000002497dc
000000000000000000ffed34d91
000000000000000000ffeb56218
0000000000000000000009893c9
000000000000000000ffff505a4
0000000000000000000005e186d
000000000000000000002e2da8d
000000000000000000ff5337937
000000000000000000ff461f3c2
00000000000000000000379ac19
00000000000000000000150c575
00000000000000000000437373e
0000000000000000000093eed50
000000000000000000fe954763c
000000000000000000fe94f2603
000000000000000000ffd27e259
00000000000000000000beefa49
00000000000000000000c9097be
000000000000000000003f860f7
000000000000000000fe342043a
000000000000000000fecd04176
000000000000000000ff9d3c629
00000000000000000001638ab92
00000000000000000000b7d6905
00000000000000000000155b4f4
000000000000000000fe7e75361
0000000000000000000045d9658
000000000000000000ffd6450e6
000000000000000000017b9f36d
000000000000000000fff1d1110
000000000000000000ffc35ec83
000000000000000000ff41f23e0
000000000000000000015f5e7c8
0000000000000000000063bf207
00000000000000000000bf1b582
000000000000000000ff059502e
00000000000000000000126416f
000000000000000000ffbae0383
000000000000000000012938790
000000000000000000007991d98
000000000000000000001533145
000000000000000000ff2d7cb1b
0000000000000000000034ddb34
000000000000000000000e3bc90
00000000000000000000431a0ec
0000000000000000000012053f4
000000000000000000fff1ca375
000000000000000000ffbc56bc6
0000000000000000000004c9320
000000000000000000000247d04
00000000000000000000028d93a
000000000000000000000004812
000000000000000000fffe4dd20
000000000000000000fffb894fe
000000000000000000000000000
000000000000000000000000000
000000000000000000000000000
000000000000000000000000000
000000000000000000000000000
000000000000000000000000000
000000000000000000000000000
000000000000000000000000000
000000000000000000000000000
000000000000000000000000000
000000000000000000000000000
000000000000000000000000000
000000000000000000000000000
000000000000000000000000000
000000000000000000000000000
000000000000000000000000000
000000000000000000000000000
000000000000000000000000000
000000000000000000000000000
000000000000000000000000000
000000000000000000000000000
000000000000000000000000000
000000000000000000000000000
000000000000000000000000000
000000000000000000000000000
000000000000000000000000000
000000000000000000000000000
000000000000000000000000000
000000000000000000000000000
000000000000000000000000000
000000000000000000000000000
000000000000000000000000000
000000000000000000000000000
000000000000000000000000000
000000000000000000000000000
000000000000000000000000000
000000000000000000000000000
000000000000000000000000000
000000000000000000000000000
000000000000000000000000000
000000000000000000000000000
000000000000000000000000000
000000000000000000000000000
000000000000000000000000000
000000000000000000000000000
000000000000000000000000000
000000000000000000000000000
000000000000000000000000000
000000000000000000000000000
000000000000000000000000000
000000000000000000000000000
000000000000000000000000000
000000000000000000000000000
000000000000000000000000000
000000000000000000000000000
000000000000000000000000000
000000000000000000000000000
000000000000000000000000000
000000000000000000000000000
000000000000000000000000000
000000000000000000000000000
000000000000000000000000000
000000000000000000000000000
000000000000000000000000000
000000000000000000000000000
000000000000000000000000000
000000000000000000000000000
000000000000000000000000000
000000000000000000000000000
000000000000000000000000000
000000000000000000000000000
000000000000000000000000000
000000000000000000000000000
000000000000000000000000000
000000000000000000000000000
000000000000000000000000000
000000000000000000000000000
000000000000000000000000000
000000000000000000000000000
000000000000000000000000000
000000000000000000000000000
000000000000000000000000000
000000000000000000000000000
000000000000000000000000000
000000000000000000000000000
000000000000000000000000000
000000000000000000000000000
000000000000000000000000000
000000000000000000000000000
000000000000000000000000000
000000000000000000000000000
000000000000000000000000000
000000000000000000000000000
000000000000000000000000000
000000000000000000000000000
000000000000000000000000000
000000000000000000000000000
000000000000000000000000000
000000000000000000000000000
000000000000000000000000000
000000000000000000000000000
000000000000000000000000000
0000000000000000000011ec50d
000000000000000000ffd961a5a
000000000000000000ffd2584f7
0000000000000000000007c2739
0000000000000000000006168eb
0000000000000000000013bfdf5
00000000000000000000850ec44
000000000000000000ff0cfbd5f
000000000000000000fee18a4c5
000000000000000000fffd2f759
0000000000000000000055d02f3
0000000000000000000090e54c5
000000000000000000009684a3f
000000000000000000fe8355af0
000000000000000000fe989deec
000000000000000000ff954bdf9
00000000000000000001249a1f2
00000000000000000000ce71cc9
00000000000000000000209cbef
000000000000000000fe1f7cb2d
000000000000000000ff6f0d986
000000000000000000ffc477690
000000000000000000018f2f8a3
000000000000000000007748608
000000000000000000fff6a3dc4
000000000000000000feff224fe
000000000000000000010db3469
000000000000000000ffee2f197
0000000000000000000148fe4d7
000000000000000000ff71cb5f8
000000000000000000ffd195609
000000000000000000ff90e76f0
0000000000000000000182849f4
00000000000000000000806eac5
000000000000000000005ab972e
000000000000000000fefc6d053
0000000000000000000067710ad
000000000000000000000e5cc5a
00000000000000000000c5d85b2
000000000000000000003b45226
000000000000000000fff49f18d
000000000000000000ff667a410
0000000000000000000015595f4
0000000000000000000007e916a
00000000000000000000133c8a9
000000000000000000000400459
000000000000000000fff99d88e
000000000000000000ffe907527
000000000000000000000000000
000000000000000000000000000
000000000000000000000000000
000000000000000000000000000
000000000000000000000000000
000000000000000000000000000
000000000000000000000000000
000000000000000000000000000
000000000000000000000000000
000000000000000000000000000
000000000000000000000000000
000000000000000000000000000
000000000000000000000000000
000000000000000000000000000
000000000000000000000000000
000000000000000000000000000
000000000000000000000000000
000000000000000000000000000
000000000000000000000000000
000000000000000000000000000
000000000000000000000000000
000000000000000000000000000
000000000000000000000000000
000000000000000000000000000
000000000000000000000000000
000000000000000000000000000
000000000000000000000000000
000000000000000000000000000
000000000000000000000000000
000000000000000000000000000
000000000000000000000000000
000000000000000000000000000
000000000000000000000000000
000000000000000000000000000
000000000000000000000000000
000000000000000000000000000
000000000000000000000000000
000000000000000000000000000
000000000000000000000000000
000000000000000000000000000
000000000000000000000000000
000000000000000000000000000
000000000000000000000000000
000000000000000000000000000
000000000000000000000000000
000000000000000000000000000
000000000000000000000000000
000000000000000000000000000
000000000000000000000000000
000000000000000000000000000
000000000000000000000000000
000000000000000000000000000
000000000000000000000000000
000000000000000000000000000
000000000000000000000000000
000000000000000000000000000
000000000000000000000000000
000000000000000000000000000
000000000000000000000000000
000000000000000000000000000
000000000000000000000000000
000000000000000000000000000
000000000000000000000000000
000000000000000000000000000
000000000000000000000000000
000000000000000000000000000
000000000000000000000000000
000000000000000000000000000
000000000000000000000000000
000000000000000000000000000
000000000000000000000000000
000000000000000000000000000
000000000000000000000000000
000000000000000000000000000
000000000000000000000000000
000000000000000000000000000
000000000000000000000000000
000000000000000000000000000
000000000000000000000000000
000000000000000000000000000
000000000000000000000000000
000000000000000000000000000
000000000000000000000000000
000000000000000000000000000
000000000000000000000000000
000000000000000000000000000
000000000000000000000000000
000000000000000000000000000
000000000000000000000000000
000000000000000000000000000
000000000000000000000000000
000000000000000000000000000
000000000000000000000000000
000000000000000000000000000
000000000000000000000000000
000000000000000000000000000
000000000000000000000000000
000000000000000000000000000
000000000000000000000000000
000000000000000000000000000
000000000000000000000000000
000000000000000000000000000
000000000000000000000000000
000000000000000000000000000
000000000000000000000000000
000000000000000000000000000
000000000000000000000000000
000000000000000000000000000
000000000000000000001ffae8d
000000000000000000fff136c7c
000000000000000000ffe24577a
000000000000000000ffe39f0ed
00000000000000000000135c772
00000000000000000000204bf8b
00000000000000000000bf4130c
000000000000000000ffbb1e518
000000000000000000ff5a73da1
000000000000000000ff32b40ee
0000000000000000000092b951f
00000000000000000000c60fe3a
00000000000000000000f5fb8bd
000000000000000000ffb8c6dc1
000000000000000000ff885c4fb
000000000000000000fed635838
0000000000000000000133283b5
00000000000000000000c1c09bb
00000000000000000000e0a7825
000000000000000000ff87bb556
000000000000000000008b457b9
000000000000000000ff36c60ad
0000000000000000000157413c1
000000000000000000002958d0b
0000000000000000000053fb865
000000000000000000ffe82009a
000000000000000000017f09208
000000000000000000fff3d352c
00000000000000000000cd126ec
000000000000000000ff318d1a5
0000000000000000000045c103d
000000000000000000ffdb0fc5d
00000000000000000001593a1e8
000000000000000000006bc690e
0000000000000000000017e3205
000000000000000000ff2d4328e
00000000000000000000544b6d8
0000000000000000000022ceb10
0000000000000000000044d9ac6
00000000000000000000089b1d3
000000000000000000ffe7f1662
000000000000000000ffac71822
000000000000000000000577720
00000000000000000000029ad84
0000000000000000000002ea87a
000000000000000000000005252
000000000000000000fffe10120
000000000000000000fffae6cbe
000000000000000000000000000
000000000000000000000000000
000000000000000000000000000
000000000000000000000000000
000000000000000000000000000
000000000000000000000000000
000000000000000000000000000
000000000000000000000000000
000000000000000000000000000
000000000000000000000000000
000000000000000000000000000
000000000000000000000000000
000000000000000000000000000
000000000000000000000000000
000000000000000000000000000
000000000000000000000000000
000000000000000000000000000
000000000000000000000000000
000000000000000000000000000
000000000000000000000000000
000000000000000000000000000
000000000000000000000000000
000000000000000000000000000
000000000000000000000000000
000000000000000000000000000
000000000000000000000000000
000000000000000000000000000
000000000000000000000000000
000000000000000000000000000
000000000000000000000000000
000000000000000000000000000
000000000000000000000000000
000000000000000000000000000
000000000000000000000000000
000000000000000000000000000
000000000000000000000000000
000000000000000000000000000
000000000000000000000000000
000000000000000000000000000
000000000000000000000000000
000000000000000000000000000
000000000000000000000000000
000000000000000000000000000
000000000000000000000000000
000000000000000000000000000
000000000000000000000000000
000000000000000000000000000
000000000000000000000000000
000000000000000000000000000
000000000000000000000000000
000000000000000000000000000
000000000000000000000000000
000000000000000000000000000
000000000000000000000000000
000000000000000000000000000
000000000000000000000000000
000000000000000000000000000
000000000000000000000000000
000000000000000000000000000
000000000000000000000000000
000000000000000000000000000
000000000000000000000000000
000000000000000000000000000
000000000000000000000000000
000000000000000000000000000
000000000000000000000000000
000000000000000000000000000
000000000000000000000000000
000000000000000000000000000
000000000000000000000000000
000000000000000000000000000
000000000000000000000000000
000000000000000000000000000
000000000000000000000000000
000000000000000000000000000
000000000000000000000000000
000000000000000000000000000
000000000000000000000000000
000000000000000000000000000
000000000000000000000000000
000000000000000000000000000
000000000000000000000000000
000000000000000000000000000
000000000000000000000000000
000000000000000000000000000
000000000000000000000000000
000000000000000000000000000
000000000000000000000000000
000000000000000000000000000
000000000000000000000000000
000000000000000000000000000
000000000000000000000000000
000000000000000000000000000
000000000000000000000000000
000000000000000000000000000
000000000000000000000000000
000000000000000000000000000
000000000000000000000000000
000000000000000000000000000
000000000000000000000000000
000000000000000000000000000
000000000000000000000000000
000000000000000000000000000
000000000000000000000000000
000000000000000000000000000
000000000000000000000000000
000000000000000000000000000
000000000000000000000000000
0000000000000000000012f8d2d
000000000000000000000fc1bcf
000000000000000000ffffed182
000000000000000000ffd3967d4
0000000000000000000011fda9e
000000000000000000001b83156
0000000000000000000082d4155
0000000000000000000069d36db
000000000000000000000a48bba
000000000000000000feefceb7b
00000000000000000000760ebbd
00000000000000000000a19db84
00000000000000000000ffe2c1b
00000000000000000000d970127
0000000000000000000073e42d8
000000000000000000fe7f68cb7
00000000000000000000c479750
00000000000000000000a1d153d
000000000000000000015fbe271
00000000000000000000f91f57b
0000000000000000000114e0c15
000000000000000000feb9b55d5
00000000000000000000aee1b5c
000000000000000000000efc9e3
00000000000000000000fdcdddb
000000000000000000009e9e7e3
000000000000000000013107389
000000000000000000ffc674738
0000000000000000000039b5b58
000000000000000000ff59049af
000000000000000000008c0c905
000000000000000000002742b7f
00000000000000000000bb421bb
000000000000000000002e4957c
000000000000000000ffe693595
000000000000000000ff5e0549a
000000000000000000000e90752
00000000000000000000065f458
0000000000000000000009bd270
000000000000000000000109baa
000000000000000000fffb2299f
000000000000000000fff1a6062
000000000000000000000000000
000000000000000000000000000
000000000000000000000000000
000000000000000000000000000
000000000000000000000000000
000000000000000000000000000
000000000000000000000000000
000000000000000000000000000
000000000000000000000000000
000000000000000000000000000
000000000000000000000000000
000000000000000000000000000
000000000000000000000000000
000000000000000000000000000
000000000000000000000000000
000000000000000000000000000
000000000000000000000000000
000000000000000000000000000
000000000000000000000000000
000000000000000000000000000
000000000000000000000000000
000000000000000000000000000
000000000000000000000000000
000000000000000000000000000
000000000000000000000000000
000000000000000000000000000
000000000000000000000000000
000000000000000000000000000
000000000000000000000000000
000000000000000000000000000
000000000000000000000000000
000000000000000000000000000
000000000000000000000000000
000000000000000000000000000
000000000000000000000000000
000000000000000000000000000
000000000000000000000000000
000000000000000000000000000
000000000000000000000000000
000000000000000000000000000
000000000000000000000000000
000000000000000000000000000
000000000000000000000000000
000000000000000000000000000
000000000000000000000000000
000000000000000000000000000
000000000000000000000000000
000000000000000000000000000
000000000000000000000000000
000000000000000000000000000
000000000000000000000000000
000000000000000000000000000
000000000000000000000000000
000000000000000000000000000
000000000000000000000000000
000000000000000000000000000
000000000000000000000000000
000000000000000000000000000
000000000000000000000000000
000000000000000000000000000
000000000000000000000000000
000000000000000000000000000
000000000000000000000000000
000000000000000000000000000
000000000000000000000000000
000000000000000000000000000
000000000000000000000000000
000000000000000000000000000
000000000000000000000000000
000000000000000000000000000
000000000000000000000000000
000000000000000000000000000
000000000000000000000000000
000000000000000000000000000
000000000000000000000000000
000000000000000000000000000
000000000000000000000000000
000000000000000000000000000
000000000000000000000000000
000000000000000000000000000
000000000000000000000000000
000000000000000000000000000
000000000000000000000000000
000000000000000000000000000
000000000000000000000000000
000000000000000000000000000
000000000000000000000000000
000000000000000000000000000
000000000000000000000000000
000000000000000000000000000
000000000000000000000000000
000000000000000000000000000
000000000000000000000000000
000000000000000000000000000
000000000000000000000000000
000000000000000000000000000
000000000000000000000000000
000000000000000000000000000
000000000000000000000000000
000000000000000000000000000
000000000000000000000000000
000000000000000000000000000
000000000000000000000000000
000000000000000000000000000
000000000000000000000000000
000000000000000000000000000
000000000000000000000000000
000000000000000000000000000
000000000000000000000000000
000000000000000000000000000
000000000000000000000000000
000000000000000000000000000
000000000000000000000000000
000000000000000000000000000
0000000000000000000002b25bc
0000000000000000000009caa52
0000000000000000000003a6217
000000000000000000ffeeb0998
00000000000000000000055922b
00000000000000000000095beaa
000000000000000000001e5ee50
000000000000000000004290265
000000000000000000001ccae89
000000000000000000ff8e3a827
00000000000000000000256b38d
000000000000000000003d6ba7d
000000000000000000006475325
000000000000000000007f2ae3c
0000000000000000000051e5acc
000000000000000000ff5415f65
000000000000000000003acb452
000000000000000000004b859aa
00000000000000000000aa24f7a
000000000000000000009a642c8
000000000000000000007b897c2
000000000000000000ff5f25eda
000000000000000000002493a13
000000000000000000000bcd6a5
0000000000000000000098e9386
000000000000000000005e90ed7
0000000000000000000065e06d5
000000000000000000ffcffeaf8
000000000000000000fffadb405
000000000000000000ffc2cbde5
000000000000000000004ac9055
0000000000000000000022e3ff0
000000000000000000002c1bd1a
0000000000000000000001573fe
000000000000000000ffe6f42d8
000000000000000000ffba45924
00000000000000000000015f390
0000000000000000000000a75c2
0000000000000000000000bb5bd
0000000000000000000000014a9
000000000000000000ffff83890
000000000000000000fffeb86df
000000000000000000000000000
000000000000000000000000000
000000000000000000000000000
000000000000000000000000000
000000000000000000000000000
000000000000000000000000000
000000000000000000000000000
000000000000000000000000000
000000000000000000000000000
000000000000000000000000000
000000000000000000000000000
000000000000000000000000000
000000000000000000000000000
000000000000000000000000000
000000000000000000000000000
000000000000000000000000000
000000000000000000000000000
000000000000000000000000000
000000000000000000000000000
000000000000000000000000000
000000000000000000000000000
000000000000000000000000000
000000000000000000000000000
000000000000000000000000000
000000000000000000000000000
000000000000000000000000000
000000000000000000000000000
000000000000000000000000000
000000000000000000000000000
000000000000000000000000000
000000000000000000000000000
000000000000000000000000000
000000000000000000000000000
000000000000000000000000000
000000000000000000000000000
000000000000000000000000000
000000000000000000000000000
000000000000000000000000000
000000000000000000000000000
000000000000000000000000000
000000000000000000000000000
000000000000000000000000000
000000000000000000000000000
000000000000000000000000000
000000000000000000000000000
000000000000000000000000000
000000000000000000000000000
000000000000000000000000000
000000000000000000000000000
000000000000000000000000000
000000000000000000000000000
000000000000000000000000000
000000000000000000000000000
000000000000000000000000000
000000000000000000000000000
000000000000000000000000000
000000000000000000000000000
000000000000000000000000000
000000000000000000000000000
000000000000000000000000000
000000000000000000000000000
000000000000000000000000000
000000000000000000000000000
000000000000000000000000000
000000000000000000000000000
000000000000000000000000000
000000000000000000000000000
000000000000000000000000000
000000000000000000000000000
000000000000000000000000000
000000000000000000000000000
000000000000000000000000000
000000000000000000000000000
000000000000000000000000000
000000000000000000000000000
000000000000000000000000000
000000000000000000000000000
000000000000000000000000000
0000000000000000000010c3290
000000000000000000ff9d3865f
0000000000000000000002b64e9
000000000000000000ffff87ecc
0000000000000000000002f57a5
000000000000000000ffefd5aa2
0000000000000000000010c7291
000000000000000000ff9d44660
0000000000000000000002d24e9
000000000000000000ffffa3ecb
0000000000000000000402e57a6
00000000000000000003efc9aa2
0000000000000000000410bf28f
000000000000000000039d34660
0000000000000000000402be4e9
000000000000000000ffff87ecb
0000000000000000000002f17a6
0000000000000000000e6b098be
0000000000000000000f4b04bf7
0000000000000000000d96d5031
000000000000000000081d5bff1
000000000000000000f261628d1
00000000000000000005609a5c4
0000000000000000000bb7d91f2
0000000000000000000defaef43
0000000000000000000a265fad2
00000000000000000008b539796
0000000000000000000a86ad1b9
00000000000000000004677e88f
0000000000000000000ea8186f5
000000000000000000f41dbff5d
000000000000000000ffd933efb
000000000000000000f028fc266
00000000000000000004f474140
000000000000000000098cca572
000000000000000000060b640c5
0000000000000000000170657dd
000000000000000000f0a0bc6c5
000000000000000000ff440e6ae
0000000000000000000d132c2de
0000000000000000000e9b319ff
0000000000000000000246923df
0000000000000000000c86eb58a
000000000000000000f367d6408
000000000000000000097258e12
000000000000000000f8843572a
000000000000000000fc23402bc
00000000000000000007eb32d32
0000000000000000000749fa078
000000000000000000081378d55
0000000000000000000522e7581
000000000000000000f20c7c96f
00000000000000000008ce5c048
000000000000000000f7e4d71b3
00000000000000000000c6cdd79
0000000000000000000aa8d4a12
000000000000000000f178f310b
0000000000000000000ef864c4f
000000000000000000fa57bbb1c
00000000000000000002b1683cc
000000000000000000f9fccc807
000000000000000000048962da3
00000000000000000005e6384fb
000000000000000000f26d9d4c4
00000000000000000002a4e40c6
000000000000000000012cc97d9
0000000000000000000cca4bde3
000000000000000000f8f005b72
000000000000000000f33b8801e
000000000000000000fc3178b78
00000000000000000001aaa7727
000000000000000000f2d313d3a
00000000000000000002fbb3d14
00000000000000000003d133032
00000000000000000003798348d
000000000000000000043fc1333
000000000000000000f48f76718
0000000000000000000ee7d60f1
000000000000000000f3eea14ed
00000000000000000000fb3bd6c
0000000000000000000efc8070b
000000000000000000004c4a2b0
0000000000000000000e61fb6f4
00000000000000000003ac89eb2
00000000000000000008276524c
0000000000000000000c2ea7ee9
0000000000000000000679dff07
000000000000000000068895234
000000000000000000ff56945ec
000000000000000000f049dcbec
000000000000000000f5059ab33
0000000000000000000deba987e
000000000000000000fd2c6e233
000000000000000000fc1212d78
000000000000000000072da5b7a
00000000000000000007c6a0d9c
0000000000000000000661ee435
000000000000000000fbc6065dc
0000000000000000000d0def699
000000000000000000ff57da69e
0000000000000000000d4a5f383
0000000000000000000e58620fe
000000000000000000066969313
000000000000000000fbe9eaa78
0000000000000000000660ccaca
000000000000000000052da4de9
0000000000000000000c7187959
0000000000000000000f11a844c
000000000000000000013478dc2
000000000000000000026993d47
00000000000000000004fa01c8b
0000000000000000000b104bcff
0000000000000000000c574fc8c
00000000000000000009884bed7
000000000000000000080e139f8
0000000000000000000d40f404d
000000000000000000f39572e24
0000000000000000000f78fa50f
0000000000000000000c6e17416
000000000000000000f7558d333
00000000000000000007820a8a6
000000000000000000026658e8f
000000000000000000f93ad8ac0
000000000000000000f0cb554b5
00000000000000000009b66a9d8
0000000000000000000034301dc
00000000000000000007f914116
000000000000000000fc1e700c4
000000000000000000fa259cae4
0000000000000000000b6098554
000000000000000000073ef4063
000000000000000000fda8a69db
0000000000000000000a91c4624
00000000000000000008ddbd0b8
000000000000000000fcf28e84b
0000000000000000000153e7151
000000000000000000f54360feb
000000000000000000082c14269
000000000000000000f7a650c65
0000000000000000000e4b0b86d
000000000000000000f305c6271
0000000000000000000812217b8
000000000000000000053ed1660
000000000000000000f8c418291
0000000000000000000e376df71
000000000000000000f6d60abfd
000000000000000000ffd5715ca
000000000000000000f8a41458e
000000000000000000005b62938
0000000000000000000acc77fbd
0000000000000000000d112e6d7
000000000000000000f854ef63e
0000000000000000000c3e133d9
000000000000000000f1e9bc975
00000000000000000009bd7ae57
000000000000000000fd6f6b789
00000000000000000002457a4a5
0000000000000000000ce7df5df
000000000000000000027f5372b
000000000000000000fa23f15d4
00000000000000000003c0d2cf0
0000000000000000000f5e193e1
000000000000000000fc260eba6
0000000000000000000531ba28b
000000000000000000086b0c6c6
000000000000000000ffd4cb684
000000000000000000023a60092
0000000000000000000db1dd158
00000000000000000003fd6d8a9
0000000000000000000a720105d
0000000000000000000f61d0ff0
000000000000000000f43ff7d5d
000000000000000000fee6c4627
00000000000000000004e76710b
000000000000000000f276f4e05
000000000000000000f36b4654e
0000000000000000000ce7ab386
000000000000000000feb689457
000000000000000000073919d6a
000000000000000000f1cc8b9e2
000000000000000000099333bf2
00000000000000000005811bd53
0000000000000000000b6581f83
0000000000000000000139b3e5b
000000000000000000f302af693
000000000000000000fedd0a89f
0000000000000000000c71c2f03
0000000000000000000535209b6
0000000000000000000b0a64b88
000000000000000000025b8e565
000000000000000000f9c89775a
000000000000000000044667bca
00000000000000000003c14ceb1
0000000000000000000007e2590
0000000000000000000293a0656
0000000000000000000e9ae6f62
0000000000000000000892effb2
00000000000000000001430eea7
0000000000000000000d4003ff9
000000000000000000f1a920ea3
000000000000000000f9905496e
000000000000000000052ef245b
000000000000000000fe8d0d7cf
0000000000000000000942a754b
000000000000000000001cfd229
00000000000000000007f9d3f56
000000000000000000069bbbc35
000000000000000000f0136095e
000000000000000000f080fb9bf
00000000000000000009c945a43
00000000000000000000b98b063
000000000000000000f673f422d
000000000000000000fe44b6c96
000000000000000000f19341a76
00000000000000000007f08e209
000000000000000000017db1e63
000000000000000000fe022281b
000000000000000000f5583b483
000000000000000000fd6a93b7f
00000000000000000006ead4992
000000000000000000f2c7af54f
000000000000000000f26f5d0ba
000000000000000000fe7c0f817
000000000000000000003e38e10
000000000000000000f9408125e
0000000000000000000d840f0c2
0000000000000000000f54b3d50
000000000000000000f06e90977
0000000000000000001006fb029
000000000000000000020bc73a5
00000000000000000002ca4a431
000000000000000000076595875
0000000000000000000f0656a83
0000000000000000000f217c8ba
00000000000000000006dda52e0
0000000000000000000bd088537
000000000000000000f1c35a4c4
00000000000000000007b4e0a0b
000000000000000000ff1be8f4e
00000000000000000005de10a7a
000000000000000000f9c13cc55
000000000000000000fd0052dd8
00000000000000000009f4e8b48
0000000000000000000fc67eedf
000000000000000000f8eec8d3e
000000000000000000080133703
00000000000000000005601f1b0
0000000000000000000a224c10c
000000000000000000049b99be7
0000000000000000000a8f59f83
00000000000000000004e965f79
000000000000000000fa2e08c0d
000000000000000000036c67158
000000000000000000fa27e974a
0000000000000000000b0607fa3
00000000000000000000a83a7cc
0000000000000000000c5bf4581
000000000000000000037670640
00000000000000000001c3afb50
00000000000000000005484416d
000000000000000000f98d45409
000000000000000000f53c00285
00000000000000000005d6bff34
0000000000000000000e571a837
000000000000000000f68cc4ac2
00000000000000000001de36312
0000000000000000000656ee027
000000000000000000016dc4578
000000000000000000f1c99028c
0000000000000000000e14971ab
00000000000000000005ceb97b2
0000000000000000000d3e3a5a7
0000000000000000000ed4cb7e4
000000000000000000023aaad6e
0000000000000000000de359829
0000000000000000000d940cae5
0000000000000000000c2eac5cc
000000000000000000f4c319f57
000000000000000000fab65c88d
0000000000000000000c357a063
00000000000000000006d760629
0000000000000000000559ea2f1
0000000000000000000f7e4fa2e
00000000000000000003c6120c7
000000000000000000fb9b085a4
0000000000000000000391cfed3
000000000000000000f21b1144f
0000000000000000000f235b6dd
00000000000000000005a670fc2
00000000000000000005b8b6fc0
0000000000000000000a25b32c8
0000000000000000000ded42a8f
0000000000000000000c530136f
000000000000000000f42fe9485
000000000000000000ff1a560cf
0000000000000000000981a5233
0000000000000000000737ce4b6
00000000000000000008bb43ecd
0000000000000000000f6a5ca2c
0000000000000000000884e2455
0000000000000000000b2276e25
000000000000000000ffe4492be
000000000000000000f24b34618
000000000000000000fc2514481
000000000000000000f654080b2
0000000000000000000bcff897a
000000000000000000099151928
000000000000000000efad88a64
0000000000000000000c0b8b771
00000000000000000004e31a1c4
000000000000000000023cee154
000000000000000000f8626658d
0000000000000000000b2dab2be
000000000000000000f2ad7f1a7
000000000000000000f55332a01
0000000000000000000b9d07c5e
00000000000000000001979241f
0000000000000000000b86f4f2f
000000000000000000032f71d6b
000000000000000000f13ea8b2d
000000000000000000ff65098bb
000000000000000000ff2a0dfe1
0000000000000000000c83c2721
000000000000000000f4c2fc4ac
000000000000000000067adf900
0000000000000000000f154a965
000000000000000000f0f97c5f5
0000000000000000000c71c54cb
000000000000000000008eb1967
0000000000000000000c2e08112
000000000000000000f3750a9d0
0000000000000000000226a9413
000000000000000000f926a3cb0
000000000000000000044a0933f
000000000000000000f334670f3
0000000000000000000e907203a
0000000000000000000e210a8f4
0000000000000000000c0fca000
000000000000000000016cf9225
000000000000000000f97dd4a77
0000000000000000000d589e751
00000000000000000005e24dcfe
0000000000000000000b39ec9a6
000000000000000000092254c41
000000000000000000f42fa1ebf
000000000000000000023f5db10
000000000000000000f2977858d
000000000000000000fe9f3eb68
000000000000000000096956266
0000000000000000000e9e17c49
000000000000000000f05562822
000000000000000000fb5245756
0000000000000000000515e6e76
000000000000000000f927a8f37
0000000000000000000a14d544a
0000000000000000000961a9c5d
00000000000000000003a857ead
000000000000000000f9078e8e3
000000000000000000fee10dd6e
0000000000000000000ed51759b
00000000000000000004cfbcbb2
000000000000000000065f13a6e
000000000000000000f38c6e4d4
0000000000000000000e3d1796f
000000000000000000f1a84b8a6
000000000000000000052f706df
000000000000000000f587186f3
000000000000000000088af53eb
0000000000000000000c48a22ac
000000000000000000f8c844668
0000000000000000000129b8a1d
00000000000000000001aa40a87
000000000000000000facd03dc6
000000000000000000f6e699a98
000000000000000000fcef8cace
0000000000000000000ba3feaa5
0000000000000000000ee8101f5
00000000000000000007213d11d
0000000000000000000ebda38fa
00000000000000000006f01332e
0000000000000000000a9db9c1d
0000000000000000000b14f2894
0000000000000000000f167a9aa
0000000000000000000747ec2b8
0000000000000000000ce3042c2
00000000000000000008e3c04ce
0000000000000000000116e15df
00000000000000000005060f4b7
0000000000000000000898a8042
00000000000000000006269ddbb
0000000000000000000c59c2bde
0000000000000000000b72efb78
000000000000000000fc359771b
0000000000000000000deb10d6d
000000000000000000f669b6b6d
0000000000000000000f5bbd694
00000000000000000004814fc0c
000000000000000000f2b05bca7
00000000000000000004ada947f
0000000000000000000edcc7903
00000000000000000005bd1a970
00000000000000000003b3c36b3
000000000000000000f7c6f0fdb
000000000000000000f7b3d0674
000000000000000000088a3d8e5
0000000000000000000a05e4d6e
000000000000000000f53e96331
000000000000000000f32e2c6b7
000000000000000000025adae27
000000000000000000061ef9717
0000000000000000000062f53af
000000000000000000f96b5d915
00000000000000000009dfaa60b
000000000000000000085f1294e
000000000000000000fb563a25d
000000000000000000f4fcc3cdc
000000000000000000f5f47fd46
00000000000000000009ac3eafe
000000000000000000065b995ab
000000000000000000ff50f1fb0
0000000000000000000a2fe3da1
0000000000000000000f939a483
0000000000000000000339d93fc
00000000000000000006df95966
000000000000000000fa78748d2
00000000000000000003c7814b7
00000000000000000008c5bbfa7
000000000000000000fe5718b7e
000000000000000000f06a80fcd
00000000000000000000e780612
00000000000000000001c5274b4
000000000000000000f79701414
000000000000000000fbeb0445b
000000000000000000f27747b33
000000000000000000010035cfe
00000000000000000008a2ad99f
00000000000000000009aa91297
0000000000000000000dc90122c
0000000000000000000dade0093
000000000000000000f00392496
0000000000000000000b8d05975
000000000000000000f160235bb
0000000000000000000e4100559
000000000000000000f9bcce64c
0000000000000000000c0c412c3
000000000000000000f8f40903c
000000000000000000f2e7d122c
00000000000000000008262521b
00000000000000000007bc192a5
000000000000000000fef489851
0000000000000000000d3b83005
0000000000000000000f38d8943
0000000000000000000d678a5ca
0000000000000000000eca930b8
000000000000000000fdf0e4939
000000000000000000ff0a1b1d9
0000000000000000000a51a20fa
00000000000000000004d2ef4eb
000000000000000000f55ebeaa6
000000000000000000f01c22e11
0000000000000000000d7fd7785
000000000000000000f5e06196a
000000000000000000f13904f47
0000000000000000000009e6127
000000000000000000fe63dc835
000000000000000000f68846e8f
0000000000000000000cdabee5e
0000000000000000000aae8521a
0000000000000000000d1c2f60b
0000000000000000000ab159af4
000000000000000000097b6b4ba
0000000000000000000bc9c97a2
00000000000000000008bb290cb
000000000000000000000cbd8bc
00000000000000000001e2fafa1
000000000000000000fa1b60bcd
000000000000000000f8470e90d
000000000000000000fd59b36c0
0000000000000000000e58f30e0
0000000000000000000355467ba
0000000000000000000f4efd50c
00000000000000000002aad7127
000000000000000000018153858
000000000000000000fbea3bc46
00000000000000000009ffcae4c
00000000000000000009b461762
000000000000000000029cffb4d
0000000000000000000a4526eb6
0000000000000000000187bad7f
0000000000000000000c4684b32
000000000000000000025b39209
0000000000000000000b194ce6e
0000000000000000000fe56a674
0000000000000000000164f4d6b
0000000000000000000efc122be
0000000000000000000ff632c41
0000000000000000000a1dee019
0000000000000000000c69870f6
0000000000000000000687f652b
000000000000000000032f6dba4
000000000000000000ffa37604e
00000000000000000006465c7de
000000000000000000075bea100
0000000000000000000962aae3c
0000000000000000000ec5700ef
000000000000000000043c4c8a5
000000000000000000052f79d50
0000000000000000000645e6cef
0000000000000000000ab56ce51
0000000000000000000a9825bf8
000000000000000000008f22db1
000000000000000000f64df9eca
0000000000000000000a5e7b35f
0000000000000000000b3329efd
0000000000000000000d2337f2a
0000000000000000000d246a48c
000000000000000000082d7f05c
00000000000000000004f645519
000000000000000000f70c01dd2
00000000000000000005da1b0ff
0000000000000000000a3f9f33b
000000000000000000f727a47d0
00000000000000000009e58c3f1
000000000000000000019fc6a76
000000000000000000011a87860
0000000000000000000842a747e
00000000000000000008b0fadc2
000000000000000000040ea3503
000000000000000000015eafa61
00000000000000000002500f15e
0000000000000000000f3652fd3
000000000000000000f118abd6e
000000000000000000075f4d618
00000000000000000005d1072e4
00000000000000000001ef55c53
00000000000000000002e7a684a
00000000000000000003ee00f40
00000000000000000008f7c7a86
000000000000000000f9cf60a6e
000000000000000000050dc6ec0
00000000000000000009c260f69
00000000000000000004405c9c1
000000000000000000f52f729b7
0000000000000000000ed1f61e8
0000000000000000000ade868b0
000000000000000000ffe57b0c8
0000000000000000000a4e49a33
0000000000000000000664608b5
0000000000000000000da1639ef
000000000000000000f5d5f62aa
000000000000000000f31f7ea1c
000000000000000000fe61def24
000000000000000000f84c83111
000000000000000000053727cd0
00000000000000000007f8da019
000000000000000000f5a168210
0000000000000000000a7b6da57
0000000000000000000a5a8357b
000000000000000000faa732ad6
000000000000000000fd019c632
00000000000000000002b4a9e47
000000000000000000f0530ea31
00000000000000000005a996c59
00000000000000000008571d49c
000000000000000000019d91825
00000000000000000005ae912e5
0000000000000000000a84f5a5d
0000000000000000000d9b07f55
0000000000000000000321cbccb
00000000000000000007ea10df2
00000000000000000004f93c9f1
00000000000000000003fc7c035
0000000000000000000491a2ee4
000000000000000000f5ad743aa
00000000000000000004aee8046
00000000000000000004ddfb706
0000000000000000000e2e60305
0000000000000000000a44a8964
000000000000000000fc890a03c
000000000000000000fdc13f31a
0000000000000000000f722aecf
000000000000000000064e9ca54
000000000000000000ff1ee27a3
000000000000000000047b6d2d1
000000000000000000f13dbcea2
000000000000000000074271101
000000000000000000002526a8a
0000000000000000000e31f4cf3
0000000000000000000eafddd17
0000000000000000000b701fdaa
0000000000000000000ab0af9b2
000000000000000000f91e3604c
000000000000000000016b808b2
000000000000000000fb28bd8fc
0000000000000000000f3ceb7ce
0000000000000000000321dc29a
0000000000000000000087e393d
0000000000000000000474501f1
000000000000000000094e7c89c
000000000000000000f59105f06
000000000000000000f1181e65f
000000000000000000f07095f69
0000000000000000000568bc2c9
0000000000000000000cfe53c71
0000000000000000000382182d5
0000000000000000000d9e1b9ce
00000000000000000007137ed0d
0000000000000000000e7deeb1c
000000000000000000fe106d517
0000000000000000000c57fb722
0000000000000000000dbb8bac9
00000000000000000002e883ed9
000000000000000000f51545751
0000000000000000000213df5b9
00000000000000000006160b678
00000000000000000004fcae98a
00000000000000000009020e01a
000000000000000000007710672
0000000000000000000c7a21449
00000000000000000008f54e3d8
000000000000000000f3a78600a
00000000000000000002ae8c18b
0000000000000000000b02c8e2c
000000000000000000fc01d043b
00000000000000000010086daa4
0000000000000000000b29eebb7
000000000000000000062dcaadb
000000000000000000f92f89ae1
000000000000000000fefc2247f
00000000000000000002f788d90
0000000000000000000260d05ee
0000000000000000000ac5a31b8
000000000000000000fe8b472cf
000000000000000000fbcc1eb85
000000000000000000098515475
0000000000000000000236c5d25
00000000000000000003691280f
000000000000000000029df78e4
000000000000000000000b2919d
00000000000000000001ec389cd
0000000000000000000dd3fa39a
000000000000000000f22f9c0bc
00000000000000000002b75d568
000000000000000000f19dc3ca3
000000000000000000060a9e969
000000000000000000f20e24df4
000000000000000000f6905bd4c
000000000000000000f957e7967
000000000000000000f6876e85b
000000000000000000f73e97586
000000000000000000fcea068a4
0000000000000000000cbc503a7
000000000000000000fa5f3ada4
0000000000000000000a2d53784
000000000000000000fae1020dc
000000000000000000f13a27966
000000000000000000f58af5482
000000000000000000fb1ccebea
000000000000000000f0867eec8
00000000000000000009ae4a9b8
0000000000000000000996f1f88
00000000000000000008cecc70c
0000000000000000000ebc6e57c
000000000000000000fb0d2c660
00000000000000000007fd48e0e
0000000000000000000f9ba4a09
000000000000000000f8d1635ec
000000000000000000072ed679a
0000000000000000000647d0886
000000000000000000f0b1bd044
000000000000000000f1a160399
0000000000000000000cf76afd9
00000000000000000005c8bc7ce
000000000000000000f68963e5e
000000000000000000f2df26acd
00000000000000000001e130ee3
000000000000000000f4b9d328c
00000000000000000008bdc4a70
000000000000000000fcf9a0228
000000000000000000f21218839
00000000000000000005c4d3497
00000000000000000002f3f1f5f
000000000000000000074eb2c69
0000000000000000000d3b93eee
0000000000000000000562597bc
00000000000000000008bba978f
00000000000000000004efefa13
000000000000000000fbbd55f37
00000000000000000009745afa3
0000000000000000000a46c5f29
000000000000000000098bc2d80
00000000000000000008174ee77
0000000000000000000565a77db
000000000000000000f182e4df6
000000000000000000f91a9dd9e
00000000000000000002966f5fe
000000000000000000f63334016
00000000000000000004f3c82e0
000000000000000000ff435bfb6
0000000000000000000b580ab90
00000000000000000004070db22
000000000000000000fb175836b
0000000000000000000c7ea1bc1
000000000000000000ffef488f7
000000000000000000f92d478fe
000000000000000000066175a87
00000000000000000000e11685e
00000000000000000008be25eca
0000000000000000000668d5d04
000000000000000000059137ca2
000000000000000000fa63695f5
00000000000000000006783c007
00000000000000000006fc24337
0000000000000000000c678dc67
000000000000000000f1a04a703
000000000000000000f22ea28b4
000000000000000000f293d7f60
0000000000000000000a313f14f
000000000000000000feba16324
000000000000000000007ad85d9
0000000000000000000e52cfb87
000000000000000000f5681cb5a
000000000000000000fc9cb643e
00000000000000000000e653888
0000000000000000000425bec78
00000000000000000009b46e0f6
00000000000000000007456a462
0000000000000000000a8c04162
000000000000000000f8e97bec8
0000000000000000000c1d0f8e9
0000000000000000000d4d09d54
000000000000000000fe89341a1
0000000000000000000aee8e8d7
0000000000000000000065a0d16
0000000000000000000922ef5e2
00000000000000000002517c440
000000000000000000080e8eae9
0000000000000000000364e4dc1
000000000000000000006cc7328
0000000000000000000188b5311
000000000000000000f88a3330d
0000000000000000000cf0f4201
0000000000000000000518480f0
0000000000000000000a2d90d1e
000000000000000000f319b2a62
000000000000000000f6d3a86d6
0000000000000000000127c8ea0
000000000000000000fd46d74ef
00000000000000000004cee503a
000000000000000000fbfd52b65
0000000000000000000174a90f6
000000000000000000fa33255b1
0000000000000000000e9782084
000000000000000000f1ad6d545
000000000000000000046258cc4
000000000000000000f5961ea10
0000000000000000000feb89334
000000000000000000fbf9ebb2c
000000000000000000083f7eca3
0000000000000000000e03da783
000000000000000000fd576a4ac
00000000000000000001402d6c3
000000000000000000fd6e6d18a
000000000000000000f5c537965
0000000000000000000171f9b74
00000000000000000000316a51b
00000000000000000004c475165
0000000000000000000278f1476
00000000000000000006fdd8f00
000000000000000000ffe9c100b
000000000000000000f85412837
000000000000000000fb0cd085f
000000000000000000f4ebb4db3
0000000000000000000ef413dd5
0000000000000000000417af6e2
000000000000000000027f62604
0000000000000000000c06559fa
00000000000000000006cf21acd
000000000000000000047ae1c29
0000000000000000000931a40bb
000000000000000000fe536699a
000000000000000000f3722ec5f
000000000000000000fe8432169
0000000000000000000f7305037
00000000000000000009af0bdad
0000000000000000000895fb2df
000000000000000000fb91daf8c
000000000000000000f6bbf7376
000000000000000000f5d5e5bd7
0000000000000000000f4504f8c
0000000000000000000f1514945
00000000000000000002805840f
0000000000000000000bd08300f
00000000000000000001681d5d2
000000000000000000f9d69dff3
000000000000000000fe30483e4
0000000000000000000b9b18708
000000000000000000f723750f4
000000000000000000f3f02ab16
000000000000000000f1a0ff92d
000000000000000000062b9ed09
000000000000000000003f4622b
000000000000000000079122c4a
00000000000000000005b18f75b
0000000000000000000e83c514d
00000000000000000003cc59e3e
0000000000000000000565ca42a
0000000000000000000ab3ea2c1
0000000000000000000e92434b9
000000000000000000f8329e234
000000000000000000094549f1c
000000000000000000ff911f1e6
000000000000000000faa56312b
0000000000000000000b7343258
0000000000000000000ce88358d
00000000000000000007f4b7196
000000000000000000036e99922
000000000000000000f2b7b76f9
000000000000000000f9df30487
0000000000000000000bb94a3d6
000000000000000000f18f86a44
000000000000000000073fe500f
000000000000000000066e2cb1f
00000000000000000006904ca06
000000000000000000f1bbf0648
000000000000000000fb21f75ac
000000000000000000f01aad59b
00000000000000000006b7700c1
000000000000000000f8040f04c
000000000000000000f8e42b945
00000000000000000000f9fe393
000000000000000000fac8c62cc
000000000000000000f8a3c4eb8
000000000000000000f9fb2f7df
00000000000000000001cbbcbf2
0000000000000000000f1019bdd
000000000000000000f52cd5428
0000000000000000000336502cf
000000000000000000fb41210a0
000000000000000000fe13d502e
000000000000000000fa5acdd90
0000000000000000000ab2e0024
00000000000000000004b6bf869
000000000000000000f3013a024
00000000000000000000cee6ef2
0000000000000000000aa083511
000000000000000000f4d2a7c3c
00000000000000000000eb2c40e
00000000000000000002e1258c2
000000000000000000f4bce735a
000000000000000000071820130
000000000000000000fd8fa0472
000000000000000000f5a4d7a6f
00000000000000000003724af18
00000000000000000001f02231f
000000000000000000f8b36c453
0000000000000000000b8ab9e39
00000000000000000008a44b919
00000000000000000009b1665d9
0000000000000000000ee98c49d
000000000000000000ff70904fa
000000000000000000fc5e3514b
000000000000000000f57e04e13
000000000000000000f0d7204aa
000000000000000000fb4ca5e6a
00000000000000000007ede1f3b
0000000000000000000aa1af3f8
00000000000000000001c71595d
000000000000000000062b67555
000000000000000000f28891d95
000000000000000000036d22923
00000000000000000009a574f15
000000000000000000f4c47cce5
0000000000000000000748867f7
000000000000000000f8a2d4367
000000000000000000fdb2105b4
000000000000000000fbb5b0a5c
000000000000000000fe292bb24
000000000000000000f41aacd63
00000000000000000003b90a8a3
0000000000000000000ab7422de
00000000000000000003947e85b
0000000000000000000388bc177
0000000000000000000ce8538e2
000000000000000000044e825c3
000000000000000000007825ae3
0000000000000000000ec0064f3
000000000000000000f07d69de7
00000000000000000001704aec6
00000000000000000004d4aa84e
000000000000000000f5b6aa9f6
000000000000000000f47f09768
000000000000000000f9a1fe2f0
00000000000000000001f0bb781
000000000000000000035e99d01
0000000000000000000d8f25cce
000000000000000000f75637f12
00000000000000000001015e7ee
000000000000000000087ad4e59
00000000000000000007398589e
00000000000000000001ed98144
0000000000000000000c60ce620
000000000000000000056d1d18e
00000000000000000008f43f2af
0000000000000000000f630bd1c
000000000000000000ffc47a30b
000000000000000000013054df0
0000000000000000000ecadee4d
000000000000000000f915349ab
000000000000000000f65553d51
000000000000000000f52f9326e
0000000000000000000d5b37901
000000000000000000ffd662fe2
00000000000000000006698d6d7
000000000000000000fa844294a
00000000000000000000da2b540
000000000000000000f8477e459
000000000000000000f14a8f84d
000000000000000000fc3d0ddc5
000000000000000000f40dbc935
000000000000000000041507946
000000000000000000fdcfc0189
00000000000000000008e383dc3
000000000000000000f3a204623
000000000000000000f8b6cc456
00000000000000000008d7966dd
000000000000000000f72d56b8a
0000000000000000000eb2656a4
0000000000000000000f4c0d1de
0000000000000000000dc0e17b8
00000000000000000007636ceaf
000000000000000000f7a8a6f72
0000000000000000000f3c13a52
00000000000000000002729a8e2
000000000000000000f3d46b277
00000000000000000003fa68d25
0000000000000000000307f7687
000000000000000000f74175862
00000000000000000000939c9de
000000000000000000f6062e548
0000000000000000000a4bc9e9b
000000000000000000f7151deb3
0000000000000000000d1831eb6
000000000000000000f75679284
00000000000000000009079359d
0000000000000000000c7d5fef1
0000000000000000000ceba76a9
0000000000000000000c64f0bb4
00000000000000000006e98f6da
00000000000000000009e65fb5a
0000000000000000000e19f55de
00000000000000000003a59d10f
0000000000000000000651942c7
0000000000000000000f461084a
000000000000000000098865528
0000000000000000000955d81d5
00000000000000000008df11a55
0000000000000000000203289f5
000000000000000000005f6a11e
000000000000000000090f29111
0000000000000000000a1eac727
000000000000000000f64560cbe
0000000000000000000652757b9
0000000000000000000fa543b2c
000000000000000000f193dcf5c
0000000000000000000021af4e3
0000000000000000000ae9d86a1
000000000000000000ff0cc0a13
0000000000000000000cdbfe6bc
0000000000000000000ba63caed
0000000000000000000f289745b
000000000000000000081c32bfb
00000000000000000002fc47b6e
0000000000000000000f4b561c4
00000000000000000004bcae6d2
000000000000000000f93a25f20
0000000000000000000c96115d2
0000000000000000000350e7f4c
0000000000000000000e86b7864
0000000000000000000f588849d
00000000000000000003f256e83
000000000000000000fa305e461
000000000000000000fab248f55
00000000000000000004a85b41d
0000000000000000000ca410c46
0000000000000000000862a6344
000000000000000000f6cb259a3
00000000000000000002bccf64e
000000000000000000fa9560837
000000000000000000f6a6b2b08
00000000000000000006011506f
0000000000000000000ea6ab91e
000000000000000000fa256b8f2
0000000000000000000a27ed9d2
000000000000000000fc9e1b182
000000000000000000fdcb180b7
00000000000000000008a62b3df
00000000000000000008033ab65
0000000000000000000b0cf98f4
00000000000000000003598b52e
0000000000000000000a18a6782
0000000000000000000f69ea21e
00000000000000000009d2d2673
000000000000000000fbe2af566
0000000000000000000ec609b54
000000000000000000febe78c83
0000000000000000000d952c57d
0000000000000000000626dd5e2
0000000000000000000da35daf3
00000000000000000006804439a
0000000000000000000230e6cd6
0000000000000000000725e46f4
00000000000000000004903d878
000000000000000000fae71e99d
000000000000000000f6c8e2ac8
00000000000000000007e01bede
0000000000000000000bd99d213
0000000000000000000cc5a202d
0000000000000000000bf70b013
000000000000000000f95bb1c99
00000000000000000009fd7c26c
000000000000000000052466120
000000000000000000f23a19229
000000000000000000036a0a454
000000000000000000032bb8ec1
00000000000000000000a5e26bc
000000000000000000084915aca
000000000000000000fb12d1f41
0000000000000000000133fc6ce
00000000000000000002cffa2db
00000000000000000008dcc7750
0000000000000000000e5cac1a6
0000000000000000000ad7ec3a2
000000000000000000f75611098
00000000000000000001e4defad
000000000000000000f1ce708e6
0000000000000000000fc2e1f2b
000000000000000000f8b4c1760
00000000000000000000fe7bddc
00000000000000000002b6055b6
000000000000000000f0823c657
00000000000000000000ab1f0c3
0000000000000000000eb6396af
00000000000000000000c03b75d
0000000000000000000e23d9eb1
0000000000000000000ecbacc16
000000000000000000f53080579
0000000000000000000c6e4b115
000000000000000000f4c7e15b9
000000000000000000029d71ee4
000000000000000000ffd6810a7
0000000000000000000f8782335
00000000000000000003aeacfbf
000000000000000000fc53592e5
000000000000000000006ce78e8
00000000000000000009d3bb9c8
00000000000000000006fe13e45
000000000000000000fac571f0a
000000000000000000f18aa0d46
000000000000000000fdcdbbe09
000000000000000000fb53e832f
0000000000000000000b2e0ca61
00000000000000000006acd747f
00000000000000000002259c390
0000000000000000000c99e6976
0000000000000000000e711c1de
000000000000000000f284ff3b3
00000000000000000008cfa53da
0000000000000000000a29e8640
0000000000000000000758e57ea
00000000000000000006b404313
000000000000000000fc52636f2
00000000000000000001fb634c0
000000000000000000faa3476da
000000000000000000feceb3567
000000000000000000009a12bb6
0000000000000000000bf7eabc9
000000000000000000f17c81314
000000000000000000ff67f53ce
000000000000000000ff084ad73
0000000000000000000b25f2923
0000000000000000000a7680399
000000000000000000fcf3c7341
0000000000000000000a2f3549e
000000000000000000fdeff9f14
000000000000000000fed8e235e
00000000000000000002a4ab7a7
0000000000000000000279a41c9
000000000000000000091e0960b
0000000000000000000a6e488a2
000000000000000000f1a41db33
000000000000000000fcc55a04b
00000000000000000009c2e54bb
000000000000000000f5c917b1e
00000000000000000006fc6d86b
0000000000000000000a90ecae1
000000000000000000068c9c91d
0000000000000000000042176b5
000000000000000000f5929859b
0000000000000000000d59d5c15
0000000000000000000848834bf
00000000000000000001e2fa1ec
000000000000000000083c4ade5
0000000000000000000cb4b75b7
0000000000000000000820e8d08
00000000000000000009c3a3cb1
00000000000000000008e4d12c8
0000000000000000000edf2724b
000000000000000000fc443ec68
000000000000000000f9df8f8e6
0000000000000000000e5bc76a3
000000000000000000f5becb903
0000000000000000000906c0cf2
000000000000000000fc74f209c
000000000000000000f89e54313
0000000000000000000dd0b6bf5
000000000000000000fe99bd46c
0000000000000000000d8bd59d1
000000000000000000010f4d637
0000000000000000000e4649f2d
000000000000000000f2e2eab48
000000000000000000f3048cda9
0000000000000000000d990300b
0000000000000000000cea30d2c
000000000000000000f5655f705
00000000000000000008caea2b8
00000000000000000004983252a
0000000000000000000846076e1
000000000000000000fdb528f16
000000000000000000097669827
000000000000000000067cc60ff
00000000000000000009f51d3cf
000000000000000000f20ee513d
0000000000000000000c0ed80d7
0000000000000000000c8c81a23
0000000000000000000e6daaa42
000000000000000000f366faa03
00000000000000000000d50acf0
0000000000000000000faf46bc0
000000000000000000fe7cb546e
0000000000000000000eced7951
000000000000000000f54c47c10
000000000000000000fc4c3ad23
00000000000000000008b3097e1
0000000000000000000e4dcaef0
000000000000000000f6e614691
000000000000000000f2487371e
00000000000000000009408ff38
000000000000000000024717ecb
000000000000000000079ac7993
0000000000000000000159c4362
0000000000000000000d24762ca
000000000000000000f0b315a6c
0000000000000000000d2b5ff5f
00000000000000000002fbad03d
000000000000000000027eeb084
0000000000000000000d8abdada
000000000000000000040650df6
0000000000000000000ef2caef4
000000000000000000fa9a415aa
000000000000000000fd1b78ad8
0000000000000000000cd9283fc
000000000000000000fce8c16f7
0000000000000000000be47f5a4
00000000000000000007dceb697
0000000000000000000eb489536
000000000000000000f9ab4aeb0
0000000000000000000570bd283
0000000000000000000373b1b9b
0000000000000000000e56bab03
0000000000000000000ec388724
00000000000000000006f3bcdee
000000000000000000085614acc
000000000000000000081302e11
000000000000000000029759dbc
00000000000000000008f3c0848
000000000000000000056c4edc6
0000000000000000000140ba6b2
000000000000000000ff7f0aa80
00000000000000000001b599e09
0000000000000000000571c80c0
00000000000000000006d0ab205
000000000000000000f268ff625
0000000000000000000f5cbe51f
0000000000000000000d6229b75
000000000000000000015f6c40f
000000000000000000f00b635aa
0000000000000000000452ff066
000000000000000000ff7d8510b
0000000000000000000dac3bf9c
0000000000000000000831f7c4f
0000000000000000000c0d47300
000000000000000000f7be1dae9
0000000000000000000a5855ece
0000000000000000000ef78ef3f
000000000000000000fa1b8be09
0000000000000000000e5a52c9c
000000000000000000f5cbdac84
00000000000000000001b0603ea
00000000000000000006b4c0915
000000000000000000fe1a69c4a
000000000000000000072734b15
000000000000000000ffbf0b7bc
0000000000000000000876024b4
00000000000000000008d367b59
000000000000000000fdcff38f4
000000000000000000fc22e3ea9
00000000000000000005f10175d
00000000000000000004f8785bc
0000000000000000000c6d2ffae
0000000000000000000daff3463
00000000000000000002845b976
0000000000000000000893ad02f
00000000000000000003e3c595f
000000000000000000086956197
0000000000000000000b8e80aa1
0000000000000000000ac286466
000000000000000000058ed7abf
000000000000000000011bc31cc
00000000000000000005a94abcf
000000000000000000ff8452538
00000000000000000005585ed90
000000000000000000f8be03fff
000000000000000000f43f305d2
000000000000000000fe0f9e358
0000000000000000000d336bbe9
000000000000000000072902085
0000000000000000000163fe01b
00000000000000000000a2cb0ee
000000000000000000f449d40b9
000000000000000000ff01b942d
000000000000000000f9be39194
000000000000000000fe69c8660
000000000000000000f6237213b
0000000000000000000164ef958
000000000000000000fe0034119
000000000000000000f9a3f0f22
000000000000000000f5e1b9576
000000000000000000032c11522
0000000000000000000c4e82ea0
000000000000000000051d26d13
0000000000000000000d96bd322
000000000000000000fdbf5d826
0000000000000000000cf045136
000000000000000000055aaea4f
0000000000000000000e4938348
000000000000000000f468dc347
00000000000000000006f16d032
000000000000000000fe8ecb6b8
0000000000000000000667fffe6
000000000000000000f6b7b6ec2
000000000000000000f00fa146f
0000000000000000000ab61b212
000000000000000000030fc6ac6
000000000000000000fd0c01d82
000000000000000000096f990e4
000000000000000000005ed38d7
0000000000000000000745b6600
000000000000000000fab36bee3
000000000000000000fd4205723
0000000000000000000868afd8f
000000000000000000f80536db7
000000000000000000fc8cb172a
000000000000000000059354dda
000000000000000000f7217a659
0000000000000000000fa2fcdf9
000000000000000000fdd2506d9
000000000000000000f7e48a213
00000000000000000004917bfa3
000000000000000000f9f2cd1fc
0000000000000000000a5e74d28
0000000000000000000c9c75f2d
0000000000000000000740b54e2
000000000000000000f65d6bee9
000000000000000000031600468
000000000000000000095bb126d
000000000000000000f2807c313
0000000000000000000d67b75e8
000000000000000000f24a0b35b
000000000000000000fad460ad8
00000000000000000005a4227f5
000000000000000000fde3a1924
000000000000000000fcfacbfbe
000000000000000000f2bbe7026
0000000000000000000a5054667
00000000000000000005b2029f4
000000000000000000f6028affe
000000000000000000071169eaf
0000000000000000000bc03e558
00000000000000000001c1422cc
000000000000000000ff9abeaa0
000000000000000000ffdd3551f
000000000000000000f544f856c
000000000000000000fbd23ad0f
00000000000000000007d884f88
0000000000000000000f9ad328a
000000000000000000094e55fcf
000000000000000000fdc9d7abe
000000000000000000fc938b36e
000000000000000000022b8c8ca
00000000000000000006437630d
00000000000000000006b4b0751
0000000000000000000355c31c7
00000000000000000001eda7618
00000000000000000005f43633f
000000000000000000fdd2b263c
000000000000000000ffd80e9bb
0000000000000000000f3686034
000000000000000000009bfaaec
000000000000000000fd30737c9
000000000000000000028680a49
000000000000000000f15e4d6a2
000000000000000000068daa071
000000000000000000fff45b03d
0000000000000000000b98db33e
00000000000000000001867d1d2
00000000000000000003f0e56c6
0000000000000000000c87ad81b
0000000000000000000bcb549b0
00000000000000000006d1d3a91
000000000000000000f7b88edd6
0000000000000000000261ed47c
000000000000000000f9bc577c8
0000000000000000000d7871ae3
0000000000000000000a59248e6
000000000000000000f1167f118
0000000000000000000f8112291
000000000000000000f18da942d
0000000000000000000d6d4b74a
000000000000000000f3f7b86b8
0000000000000000000685c3db1
0000000000000000000bca3f44f
0000000000000000000dcc0ca52
000000000000000000f6e31b3ad
00000000000000000000542cb28
00000000000000000009187f926
0000000000000000000de50ee98
000000000000000000023de91f5
0000000000000000000f44b8f20
000000000000000000042752fe0
0000000000000000000cc61fd37
0000000000000000000eec4b82e
0000000000000000000e6af342f
000000000000000000004afb16d
000000000000000000fdc1b8c30
000000000000000000f8c6ae39d
000000000000000000077ad12cc
0000000000000000000d7e92ee5
000000000000000000084fb19f3
000000000000000000f2f6ec92a
000000000000000000f73b5d0ab
000000000000000000fef293110
000000000000000000facc62465
000000000000000000f3b7d4a65
000000000000000000fce090c4a
0000000000000000000ec0b8dc8
000000000000000000070d08b17
000000000000000000ffe6a0bcf
0000000000000000000e01ea297
0000000000000000000eec9cc78
000000000000000000fd9779d52
000000000000000000f1196dc27
00000000000000000004ca6d52b
000000000000000000fdb571ec4
0000000000000000000afff7df8
000000000000000000f7bf50137
0000000000000000000f1290109
000000000000000000f2f1a610c
000000000000000000fab7fda8a
000000000000000000001bdcaed
000000000000000000fc9c59967
000000000000000000045618322
000000000000000000f5cd9443d
0000000000000000000856bf588
00000000000000000006c4f13f0
000000000000000000f9fc9ebb1
0000000000000000000e73ae1d6
000000000000000000f2953fbec
000000000000000000f3abc4d75
000000000000000000fe7736c73
00000000000000000006df48d91
0000000000000000000883726e7
000000000000000000f11315460
000000000000000000fe394813d
00000000000000000001fbd7c84
000000000000000000f0b39e2b0
00000000000000000002bcf2cbb
00000000000000000006f67b3db
0000000000000000000247f38e9
000000000000000000f351d9fd1
000000000000000000007d2c715
0000000000000000000a5091f10
000000000000000000f8a618907
000000000000000000089898f05
000000000000000000082fcf1f1
000000000000000000070c9854f
000000000000000000fca20a6a2
0000000000000000000692a68c5
000000000000000000040cdece2
000000000000000000025506afb
0000000000000000000ff453d46
0000000000000000000e0ef8cb6
0000000000000000000baba37a6
000000000000000000037b4b58b
00000000000000000003a557492
000000000000000000f0faa511a
000000000000000000065db2d86
00000000000000000007880975b
0000000000000000000d64bc16d
000000000000000000f9ce8c4b5
0000000000000000000f677c1e2
000000000000000000008b90690
000000000000000000065b29acc
0000000000000000000eac99985
000000000000000000f58116b1a
000000000000000000f89a96f74
000000000000000000f84d792cb
000000000000000000085869206
00000000000000000006dc04b6e
0000000000000000000992fdff3
000000000000000000f56ccd6c3
000000000000000000001846a3a
000000000000000000fadb780e3
0000000000000000000b93f22cb
000000000000000000f9296d68b
0000000000000000000826038d6
000000000000000000fe9644204
000000000000000000089eecd65
0000000000000000000b3c94023
000000000000000000f61d2ef86
0000000000000000000202fd16d
000000000000000000f7ba89147
000000000000000000ff0a28680
00000000000000000000d80ce91
0000000000000000000470b078c
00000000000000000006056e2d6
0000000000000000000b56cc97b
000000000000000000016b612e6
0000000000000000000c78900c2
0000000000000000000d6996547
000000000000000000028e2f99a
0000000000000000000e35cd8a0
000000000000000000f7cb28a4e
000000000000000000089d58aca
000000000000000000f7ec2186c
00000000000000000005f2469d7
00000000000000000001b850928
000000000000000000f8d87948c
0000000000000000000fe78db2b
0000000000000000000ecadb3ee
0000000000000000000f0d5d8a4
000000000000000000f03f94505
000000000000000000053541a98
0000000000000000000b9788607
000000000000000000f2c9e9cf3
0000000000000000000a0635e99
0000000000000000000a3b229fa
00000000000000000004d2c802c
00000000000000000009daa941e
000000000000000000093787896
000000000000000000067f9aa1d
00000000000000000006ba6b10c
000000000000000000079881b80
000000000000000000f0f7728b9
0000000000000000000b2768b7c
0000000000000000000192b8e20
000000000000000000fa3979ae7
0000000000000000000c48d9317
0000000000000000000083495ec
000000000000000000fecc16255
000000000000000000f559e90b4
000000000000000000fac50f5cc
000000000000000000fea303312
0000000000000000000c41ceeb9
0000000000000000000c8285937
00000000000000000008c7d6880
000000000000000000f79ab5474
00000000000000000008c8c94c9
000000000000000000f55fb1a7a
000000000000000000f37566ff1
0000000000000000000116a88f8
0000000000000000000a906f363
000000000000000000f90fcfd35
0000000000000000000b2537646
0000000000000000000ad6b0cae
000000000000000000f8a709569
000000000000000000f052101ff
000000000000000000f11fa115a
000000000000000000fc968bc5f
000000000000000000f4137358c
0000000000000000000f40f17ac
00000000000000000007831d3cd
000000000000000000ffe347988
000000000000000000f811a07f2
0000000000000000000eeb13513
00000000000000000006de76595
00000000000000000004136ea7e
00000000000000000007eb7e7b1
0000000000000000000d1be1b5e
000000000000000000029476d8b
00000000000000000006af20cea
000000000000000000ffbb99f7e
00000000000000000004ee371b5
000000000000000000f8716b168
0000000000000000000be871d3e
00000000000000000006dc5a1e2
0000000000000000000702a78ed
0000000000000000000e5d3a45f
000000000000000000f5b5405e3
0000000000000000000047714e6
000000000000000000f5c016871
000000000000000000f6c3711c1
000000000000000000f98fb9539
000000000000000000fe976d6d3
000000000000000000f49a1baf5
00000000000000000006d2b24d0
0000000000000000000192304e5
000000000000000000f16946fad
000000000000000000f183a94b9
000000000000000000039eb580f
00000000000000000008c272d8e
0000000000000000000277cd2e5
00000000000000000001fcda6b4
000000000000000000ff655aa5e
0000000000000000000d6ce4d2d
000000000000000000fe5b39434
00000000000000000004a714b9c
000000000000000000f4e0eca1f
000000000000000000f84569bda
000000000000000000f08aeab06
0000000000000000000a2ecc3ca
000000000000000000fe2593b8d
000000000000000000f56f8d73e
00000000000000000003ac12107
000000000000000000f83324083
000000000000000000fe174a5ea
000000000000000000f12c0ad18
000000000000000000fda2e9414
000000000000000000058bbf825
00000000000000000005e768729
0000000000000000000158fa4bd
000000000000000000035c5d4d3
000000000000000000f9141a7a4
0000000000000000000c6252cbc
0000000000000000000b711fc8e
000000000000000000f74f68105
0000000000000000000a7a5a7ac
000000000000000000f223272cd
00000000000000000005eafab24
000000000000000000f04c49782
0000000000000000000e972b089
000000000000000000f8c8738a8
0000000000000000000f1f82700
000000000000000000077cad4b7
000000000000000000046704bf0
0000000000000000000b64d86f9
000000000000000000078921818
000000000000000000f017cb5c1
0000000000000000000625f3b15
0000000000000000000f52fc4c0
0000000000000000000b6c6c67f
0000000000000000000ded04743
0000000000000000000ec3485ab
00000000000000000005689cf9d
000000000000000000054d661d0
000000000000000000fbca42cb6
00000000000000000004cea7b88
0000000000000000000f1dae55c
000000000000000000f6cb29bad
000000000000000000f374f1207
0000000000000000000e1471dff
000000000000000000097a3c74c
0000000000000000000c3a9a5f7
0000000000000000000bcccd2ee
000000000000000000f297d9648
000000000000000000feacefdd0
0000000000000000000341732c0
000000000000000000003311996
0000000000000000000ba920be1
000000000000000000f8e0bea7f
00000000000000000001f0be55e
000000000000000000f0855feb6
000000000000000000077545858
0000000000000000000a8e32e10
00000000000000000002fd7d274
000000000000000000091bd19d1
000000000000000000f73240585
000000000000000000f7eb389a7
0000000000000000000e556b8ab
000000000000000000f2cf74914
0000000000000000000df418808
00000000000000000008ce77853
00000000000000000004045beb7
00000000000000000000999b235
0000000000000000000e2365905
000000000000000000f705fa935
000000000000000000f55b57186
0000000000000000000ef6ed12c
00000000000000000005bd369d6
00000000000000000002bee3a2f
0000000000000000000d0a6a240
000000000000000000f0f47525e
0000000000000000000de486f39
0000000000000000000f96a7a41
00000000000000000002c08ccf9
0000000000000000000e88e1653
000000000000000000f8b0c3c54
00000000000000000009a69b045
0000000000000000000b9c4ca65
00000000000000000004c843a3c
000000000000000000f462916c1
0000000000000000000df4552a6
000000000000000000fe212bfd3
0000000000000000000681b7226
00000000000000000006187c6af
0000000000000000000b7a1b196
0000000000000000000b3e24e1c
0000000000000000000cf150a20
000000000000000000f8ac5c4e3
000000000000000000fd4391385
0000000000000000000a0967ca2
000000000000000000f3368b393
000000000000000000f38c97783
0000000000000000000ae8c8f87
0000000000000000000acb54d45
000000000000000000fcd0de8d8
00000000000000000007b0564e2
00000000000000000004e9a1888
00000000000000000009662742c
000000000000000000f945626af
0000000000000000000b4dee6ad
0000000000000000000dfa247cc
0000000000000000000ae6969ed
00000000000000000005a0cbeb9
0000000000000000000e520ae67
0000000000000000000f7bb1222
000000000000000000f207c96b4
0000000000000000000dee901fc
00000000000000000002e967be0
0000000000000000000b62ed80b
000000000000000000f72e5286c
00000000000000000006e924445
0000000000000000000da397cd0
00000000000000000007ea7b7d8
0000000000000000000799fdbca
000000000000000000fdcea1d79
000000000000000000fd982d56c
000000000000000000f2d808db6
0000000000000000000028146c6
00000000000000000000e2cf6c0
000000000000000000039566f2a
0000000000000000000e6d510ea
000000000000000000f841c7882
0000000000000000000e283cec3
0000000000000000000ba7928fd
0000000000000000000c4f9d24d
000000000000000000088997184
0000000000000000000e036fb39
000000000000000000fd4a63bd9
0000000000000000000a7e980b4
0000000000000000000ee084e34
00000000000000000001633b998
00000000000000000003b8cdf3b
000000000000000000fc122d01a
00000000000000000007e25b58f
000000000000000000f01279664
000000000000000000052496ed3
000000000000000000021e5191e
0000000000000000000de7a0f21
000000000000000000f9e4b60b1
0000000000000000000893d8f66
0000000000000000000567cf2c4
0000000000000000000523f3c26
0000000000000000000b96b18b1
0000000000000000000b18453af
0000000000000000000124578ea
000000000000000000f7823af93
00000000000000000002a095fb8
0000000000000000000803b8749
000000000000000000f58fd17a0
00000000000000000003e1e9b5f
0000000000000000000d20bef65
0000000000000000000f3bace3c
000000000000000000014cdafb5
00000000000000000008adf8809
0000000000000000000a452db60
000000000000000000fef5f62f0
00000000000000000005c569621
00000000000000000007f8bcf3e
00000000000000000006cb1d69a
000000000000000000fc3c7d1da
000000000000000000fc8907549
000000000000000000095a86d5e
000000000000000000f399b4cc9
00000000000000000004874a907
000000000000000000fba42b56e
0000000000000000000861b66be
000000000000000000f7643a9ab
000000000000000000f85124aaf
000000000000000000ffbde29d5
0000000000000000000500d58f9
000000000000000000025167e33
0000000000000000000fbeecf09
000000000000000000f347537d3
000000000000000000041a4c03b
0000000000000000000af3c7d49
000000000000000000fd5469022
00000000000000000001f170820
0000000000000000000ae47fc90
00000000000000000008d7aaace
000000000000000000f07211d0d
0000000000000000000cf3f5b26
0000000000000000000505764f0
000000000000000000f6c1bc842
0000000000000000000a6b521fd
0000000000000000000f5af62b5
0000000000000000000b242c10b
000000000000000000020e0633c
000000000000000000f5d0e7565
0000000000000000000299ad022
00000000000000000009191a14b
000000000000000000019f1d314
00000000000000000006505f774
0000000000000000000c063e783
000000000000000000f0eef4720
0000000000000000000fdda1eff
0000000000000000000c687b57f
000000000000000000f4048ef2c
000000000000000000f4b40d226
0000000000000000000dc994cc7
000000000000000000fcb3865a6
000000000000000000f9538baf9
000000000000000000fadf8c522
000000000000000000fe26eb122
00000000000000000005c7fd0e8
0000000000000000000d0be3747
00000000000000000002c3f42c4
000000000000000000fad801b9a
0000000000000000000d19b457f
000000000000000000f21b6c215
000000000000000000fc192c66d
000000000000000000fe9402418
0000000000000000000afefd571
000000000000000000054d89191
000000000000000000f57c1dc10
0000000000000000000cb562862
0000000000000000000d6389340
0000000000000000000c8a18e31
000000000000000000024b2009b
0000000000000000000d3697b51
000000000000000000030acd086
00000000000000000008b650059
0000000000000000000059146dd
000000000000000000018deecfe
000000000000000000fa6383b6b
000000000000000000f45001d7e
00000000000000000006150f455
0000000000000000000b9a34ed5
0000000000000000000abf9e26d
000000000000000000046e6a943
000000000000000000fb67345eb
0000000000000000000f6139d46
000000000000000000f542f3960
0000000000000000000208c3969
000000000000000000070e92aa5
000000000000000000fec51b3ba
0000000000000000000b1482af2
000000000000000000feeddc992
00000000000000000004afbaf4a
00000000000000000002d6a8901
00000000000000000009c0db99f
0000000000000000000de3e7746
000000000000000000f4cf316ca
000000000000000000fa397a978
0000000000000000000e629cc4f
000000000000000000f9790fe36
00000000000000000000d3683b5
00000000000000000001f640550
00000000000000000003628c8e3
000000000000000000fb1b989ca
000000000000000000046db680d
000000000000000000ff7031a81
000000000000000000084b18921
000000000000000000f68aa895b
0000000000000000000906df5ab
000000000000000000045f6a112
000000000000000000f92647921
000000000000000000046dc685d
000000000000000000f3de2891c
00000000000000000003727b5ce
0000000000000000000e8f332ad
000000000000000000fe7aace9a
0000000000000000000bb5a7bab
0000000000000000000ae664ce5
000000000000000000fcf5aba59
0000000000000000000f2abafaa
000000000000000000f58d409f9
000000000000000000fa13b9dbf
000000000000000000071a7b4bf
000000000000000000047f23735
000000000000000000f64240286
0000000000000000000acee8b3e
000000000000000000f1ca184d5
000000000000000000f6e194236
0000000000000000000c51ab9b1
0000000000000000000cf509cd5
000000000000000000060803174
0000000000000000000c0a35086
0000000000000000000ad01d2be
000000000000000000068ba62c8
0000000000000000000d859ca8c
000000000000000000fc937bb4b
00000000000000000005b009b3f
0000000000000000000e2608973
0000000000000000000a4116bb6
000000000000000000072fba2dc
00000000000000000001ad59a16
00000000000000000008d7c67e5
0000000000000000000f1857317
000000000000000000fe1ed81bc
00000000000000000006b72c4ea
000000000000000000044239d5a
0000000000000000000d6ee15cb
0000000000000000000ee6f440c
0000000000000000000e86386af
000000000000000000064e71a2a
0000000000000000000ff69d3a9
000000000000000000f5757be66
000000000000000000ff517c6f9
0000000000000000000bd18bc97
000000000000000000f5c1b29e9
0000000000000000000831be83a
000000000000000000004f587dd
0000000000000000000c8461590
000000000000000000ff182cc23
000000000000000000003eee3a9
000000000000000000facecdd2e
00000000000000000004135be9f
0000000000000000000820ca46c
000000000000000000fde077498
00000000000000000006d51c317
00000000000000000008bf8ec1a
000000000000000000fc4755bd2
000000000000000000f790dca08
000000000000000000f34a1e2fe
000000000000000000014417d65
000000000000000000fb151913c
000000000000000000f9d069a3a
0000000000000000000975f7ee2
000000000000000000fc9dac492
00000000000000000001cc09531
0000000000000000000e72c0a90
0000000000000000000d4d0c801
0000000000000000000579b7a90
0000000000000000000f88bf89e
000000000000000000fdb0f0319
000000000000000000f65c27038
000000000000000000f518f1682
000000000000000000f974ad452
000000000000000000fbc5faf3f
000000000000000000fd7bd7091
0000000000000000000cfc65dd2
0000000000000000000340e0b7b
000000000000000000fbf2ceb33
0000000000000000000122404f5
0000000000000000000b9fa483b
0000000000000000000a09c43fd
0000000000000000000203d849f
000000000000000000fd081e623
00000000000000000005c383b82
000000000000000000fa1fd9177
000000000000000000fe2ee7240
00000000000000000002533ca0c
0000000000000000000e749942f
000000000000000000035988f71
00000000000000000005aeec313
00000000000000000000d10eed7
000000000000000000099f73d32
000000000000000000ff60ddc1f
0000000000000000000bd9ee426
000000000000000000fc8ca6211
00000000000000000000b1875d2
000000000000000000f4dc78108
000000000000000000f7dd4b372
0000000000000000000b6866293
000000000000000000f74f8bfe4
000000000000000000fb6ac2243
00000000000000000008ae22560
0000000000000000000262d2358
0000000000000000000e2426c64
0000000000000000000c1d86e64
000000000000000000060ea27d0
0000000000000000000a28ceb3d
000000000000000000f9f8a6566
00000000000000000007abfe22b
00000000000000000005f674fa9
0000000000000000000872f9b8a
0000000000000000000935046c0
0000000000000000000829c4410
000000000000000000078768500
0000000000000000000fa15b33f
00000000000000000008f33dcc0
0000000000000000000d731f34c
000000000000000000f2ace338d
0000000000000000000beba2bee
000000000000000000f5a18266f
000000000000000000f099ca0eb
0000000000000000000973185e4
000000000000000000004f8395c
000000000000000000014384403
000000000000000000065d315ee
000000000000000000fbea21f8e
00000000000000000006453bfc9
0000000000000000000e0ae5a6c
0000000000000000000b9094aa9
00000000000000000001254cdbc
0000000000000000000fec50707
00000000000000000003bff6356
000000000000000000fca2da292
0000000000000000000ea127e3b
000000000000000000f2cbb84e9
0000000000000000000316c826a
0000000000000000000ee849c19
00000000000000000008c358265
0000000000000000000cf855f7f
0000000000000000000bf59ca43
000000000000000000fd8cdb8f0
0000000000000000000a4ac991f
0000000000000000000b5136a5f
0000000000000000000d046f11a
00000000000000000007e50b672
000000000000000000044eec38c
000000000000000000f1b762f81
0000000000000000000d5fca572
00000000000000000006d243a4a
00000000000000000000bc5b466
000000000000000000ffacc5435
000000000000000000011f5b8ab
000000000000000000f2ebc11b6
0000000000000000000a9a12963
000000000000000000f0d2e149d
000000000000000000f9ddab19c
000000000000000000f0fd0bc5f
0000000000000000000295e7e11
000000000000000000f15f09a1e
00000000000000000004b600309
0000000000000000000413d84a0
0000000000000000000ed9a0a99
000000000000000000fddbfa726
00000000000000000008e594ef3
000000000000000000f9e7ee777
000000000000000000f3e5b6f47
000000000000000000ff71402a1
0000000000000000000b26d8b50
0000000000000000000ad380680
00000000000000000002b54af04
000000000000000000fb55ae970
000000000000000000f57cfe220
000000000000000000f0cf037fa
0000000000000000000bb4a0c58
000000000000000000f6dcc9f0a
0000000000000000000ac16b447
00000000000000000003ca76996
0000000000000000000331ea8ed
000000000000000000049f52910
000000000000000000045074456
0000000000000000000d46ee41a
000000000000000000092be0cd5
0000000000000000000b67c5b16
0000000000000000000e642d070
000000000000000000099d183b7
000000000000000000fa8409037
0000000000000000000cfce20fe
000000000000000000fb0c895ab
00000000000000000001a760726
0000000000000000000ced93d5d
00000000000000000004fec7079
0000000000000000000ea8a3a18
000000000000000000f23bf85fc
000000000000000000f520796ed
00000000000000000003cd16966
000000000000000000f324b3f97
00000000000000000005c6204d6
000000000000000000f7aa79d59
000000000000000000f1b7d15cb
0000000000000000000966a0dbf
000000000000000000fc75a1ffd
000000000000000000073f8c413
000000000000000000fb4d58615
0000000000000000000e9060c51
000000000000000000f348b06d6
000000000000000000f6c81803b
000000000000000000fa1f7149f
000000000000000000f965f5054
000000000000000000f6eb0d439
00000000000000000009515fade
000000000000000000f10f6a472
000000000000000000fb824dc51
000000000000000000fed3e7055
000000000000000000f1da6049b
0000000000000000000c9b25c04
00000000000000000000b675644
000000000000000000065d13ca1
000000000000000000fb2b0190a
000000000000000000f6669c4be
000000000000000000fa1c70e9e
000000000000000000f612b103a
000000000000000000fccdcaf5a
000000000000000000f34f209e1
000000000000000000ff8ba7b37
00000000000000000000b0c67e4
000000000000000000fce61bd52
000000000000000000096b33413
0000000000000000000634cfda6
0000000000000000000836a579d
000000000000000000063278d44
00000000000000000004181e641
00000000000000000009c71d48a
000000000000000000086ff7fb8
000000000000000000fa0bbdc78
00000000000000000003c7ee679
000000000000000000f4e0f38dc
0000000000000000000bac1a1a2
000000000000000000068b137be
00000000000000000007b55b053
0000000000000000000e6a1bbe0
000000000000000000f567e90f3
00000000000000000009a3f8a86
00000000000000000005dc7582c
000000000000000000075dd4cfa
0000000000000000000e4aaa3f6
000000000000000000f3ad66744
00000000000000000007ca9b72c
000000000000000000024f3bc6c
000000000000000000f16feb9a4
00000000000000000002ac82e0a
000000000000000000028cc7d36
000000000000000000024125bd6
000000000000000000f6bf6880a
00000000000000000004c004909
0000000000000000000624d18e5
0000000000000000000e6868846
000000000000000000f2dbce21f
000000000000000000f91418c38
0000000000000000000452d97ca
000000000000000000ff99f0c33
000000000000000000034051859
000000000000000000047065059
0000000000000000000ee7c0b59
00000000000000000004126311c
0000000000000000000fdcdae0e
000000000000000000009d90d8d
000000000000000000f14873ab5
0000000000000000000882c0a50
00000000000000000001bbb6607
000000000000000000039ded52a
0000000000000000000c30cd4a1
00000000000000000008c13dd29
0000000000000000000b9c925ba
0000000000000000000ef2d9c55
0000000000000000000b688b342
0000000000000000000e2053c33
000000000000000000fb9576942
000000000000000000054cafe97
0000000000000000000a31639d9
0000000000000000000f5465341
000000000000000000f13561f5d
00000000000000000003cedec47
000000000000000000085b49c9a
000000000000000000ffa08f6da
0000000000000000000c0e96ccc
0000000000000000000ae5681da
00000000000000000005d517095
00000000000000000000d54c402
0000000000000000000966ae498
0000000000000000000fa9b4b2b
00000000000000000004bbd6785
000000000000000000009bbf9bf
0000000000000000000053022bf
00000000000000000006cceb4d3
00000000000000000009ed0fcfa
000000000000000000f2bf64ff1
000000000000000000f13dfa74c
000000000000000000f5c6ff078
000000000000000000f69fa686f
00000000000000000002cd3a750
000000000000000000fcd8a3c21
0000000000000000000f3a34bc4
00000000000000000005c7ea2c1
0000000000000000000722dbad2
0000000000000000000817f62e4
0000000000000000000174b7886
000000000000000000f05f4ac93
00000000000000000002ef158b3
0000000000000000000eae64fec
000000000000000000fdc001241
000000000000000000065ff1d36
0000000000000000000b3c9380e
000000000000000000061a17af9
00000000000000000004260db9c
00000000000000000002b68a876
000000000000000000f6e70c153
0000000000000000000f343db76
00000000000000000005a141994
000000000000000000f363a812a
0000000000000000000f7948e65
000000000000000000063261ab8
000000000000000000082e01002
0000000000000000000f52f14da
0000000000000000000d633a229
000000000000000000fcb187681
0000000000000000000e9e37170
0000000000000000000af5a5439
00000000000000000007ee1b9ad
00000000000000000003bb539f3
00000000000000000001978b334
0000000000000000000e9cfb368
000000000000000000086819d5d
00000000000000000006fa6d251
0000000000000000000dbc2fbf4
0000000000000000000a692d71a
0000000000000000000bbcbc1f4
000000000000000000fcd7b670e
000000000000000000086881daf
0000000000000000000f1d794b5
000000000000000000059b9de3e
0000000000000000000fbb9a9fc
000000000000000000f03a5f05b
00000000000000000009a52a003
000000000000000000f9f03eefa
000000000000000000fdd360f3d
000000000000000000f33dbb36d
000000000000000000021a94c34
000000000000000000f79c9b0c0
000000000000000000fd7c931e5
0000000000000000000fa4f8ad3
00000000000000000003f1dce58
0000000000000000000000e94b6
000000000000000000f3af49b5f
00000000000000000009ec2463a
000000000000000000064eda0a2
0000000000000000000cbaca85a
0000000000000000000d53b3eff
00000000000000000008980d9ac
0000000000000000000164eb05d
0000000000000000000c8c94269
000000000000000000ff35f5620
000000000000000000ff1aeef8b
0000000000000000000ec2d9411
00000000000000000000e2b7931
0000000000000000000832f6237
000000000000000000f962c89b2
000000000000000000f84ec7382
000000000000000000f0083e69a
000000000000000000f07002e34
000000000000000000088520bfd
000000000000000000f39a316f6
00000000000000000006b431d9e
000000000000000000fc89ec161
00000000000000000001070e4cc
0000000000000000000a440dc12
000000000000000000f6766428d
00000000000000000008432d066
0000000000000000000909a5ec7
0000000000000000000283ac2d0
000000000000000000fc7ab889c
0000000000000000000e265151b
0000000000000000000222f7f48
0000000000000000000c94c9c4f
000000000000000000f61269a8d
000000000000000000fbdc87d54
0000000000000000000368d0a46
00000000000000000004b9f9ba4
0000000000000000000dc6872d6
000000000000000000f1c033f07
00000000000000000002151b88d
000000000000000000f5d92c07a
000000000000000000fc4d6d824
00000000000000000003200a939
000000000000000000efaf2bdde
000000000000000000fa6d02ec5
000000000000000000f2b644125
000000000000000000fa8bf4d69
0000000000000000000e2bd24b6
000000000000000000f8d5c3738
000000000000000000fcc8f5b84
000000000000000000f84d9e68e
0000000000000000000d1e6ec46
000000000000000000ffcafe979
000000000000000000f8347f622
0000000000000000000b216d69c
0000000000000000000c5b39848
000000000000000000093ea21ab
000000000000000000039e52ef5
000000000000000000fc4918462
0000000000000000000a7542148
0000000000000000000e6542e77
000000000000000000fe25ad77c
0000000000000000000875b28dd
000000000000000000f17020dba
000000000000000000013f4241b
000000000000000000f9b6b8909
000000000000000000fda1a5473
000000000000000000f6f09d859
0000000000000000000dfb6b00b
0000000000000000000f9512ce2
0000000000000000000aab5657a
0000000000000000000ad86dd72
0000000000000000000efe081fb
00000000000000000009dd0e6f2
000000000000000000fe3498741
00000000000000000000458f2c2
000000000000000000f894f354e
0000000000000000000f3e901dc
000000000000000000f68336b7a
00000000000000000007a53a205
0000000000000000000f4e55658
000000000000000000087335883
000000000000000000fb505cdcb
000000000000000000ff5106e4c
0000000000000000000363a0ca6
00000000000000000006565b168
0000000000000000000f120863b
000000000000000000fd6450ac2
000000000000000000fc0ec4f88
000000000000000000fa2cd5888
000000000000000000f3367f1c1
000000000000000000082737d6b
0000000000000000000c028fe6f
0000000000000000000cedb46fb
000000000000000000f8c580ac2
0000000000000000000bc472ae2
000000000000000000002ad2c0d
000000000000000000004e39deb
00000000000000000005074bc21
000000000000000000014c0dbe8
000000000000000000074c5f978
000000000000000000fd3053e01
0000000000000000000c28ede3f
000000000000000000f628addd0
000000000000000000ff3286560
000000000000000000082741d7c
0000000000000000000206907ba
00000000000000000001994206d
0000000000000000000e762fd23
000000000000000000074f75861
0000000000000000000ea1dff3c
0000000000000000000ec05295d
0000000000000000000d1d59227
000000000000000000f7b8789f7
0000000000000000000693b6f58
000000000000000000f995f7740
0000000000000000000cff2c068
00000000000000000007c09c2ba
000000000000000000f47e864fa
000000000000000000072bf9f41
000000000000000000f0e952469
000000000000000000fb839fa68
0000000000000000000ce293915
00000000000000000003c99cd1a
0000000000000000000ddb017f4
000000000000000000075f0965f
000000000000000000ff6a5bccd
00000000000000000002f1c7f48
00000000000000000005cb50ec6
000000000000000000f79eda982
000000000000000000fad7e0447
000000000000000000002e8433b
0000000000000000000dba92c19
0000000000000000000008bf4dc
000000000000000000f7afbd3dd
00000000000000000007227f434
000000000000000000021726edf
000000000000000000f8d759819
000000000000000000f12adf939
0000000000000000000e9327559
000000000000000000fbb4601e1
0000000000000000000c7353fc2
00000000000000000004c8de32c
00000000000000000005d5621a6
000000000000000000ffcb1c065
00000000000000000006e8f7165
00000000000000000000e4498f9
000000000000000000fd50992ab
000000000000000000f90b63df6
000000000000000000f6bf3597a
0000000000000000000b6e0bb20
0000000000000000000d105b2f1
0000000000000000000c7479bf8
000000000000000000f0cc6a397
00000000000000000001ff4b984
000000000000000000f5eb7ae04
000000000000000000fcb5b5e1c
0000000000000000000cc1ee8c4
000000000000000000095677a88
000000000000000000faeba1217
00000000000000000003886e8b3
00000000000000000002b17a633
000000000000000000f437c504b
0000000000000000000cae2be7d
000000000000000000ffcb9cd3b
000000000000000000037a71d6f
00000000000000000000ab0eb0d
0000000000000000000b0464493
0000000000000000000c548ae5d
0000000000000000000ed482e99
0000000000000000000bfddfbf7
00000000000000000007d6bb4da
000000000000000000084eb9438
0000000000000000000f1073b34
000000000000000000043d14821
000000000000000000f68da515f
00000000000000000004784c570
0000000000000000000270de86c
0000000000000000000ec21c0db
000000000000000000011663652
000000000000000000f58e47a3a
000000000000000000f405c7b96
00000000000000000005d04fe64
000000000000000000056d49b55
0000000000000000000d1319ce3
0000000000000000000f8ed6f7b
0000000000000000000d8c84848
0000000000000000000bcb1f535
0000000000000000000adfdfb71
000000000000000000f0fa595f7
0000000000000000000035cd2b6
0000000000000000000940acaeb
0000000000000000000c9adb1ea
000000000000000000f265dde65
0000000000000000000596cf0e2
0000000000000000000a2c86b4f
0000000000000000000d2a1e07f
000000000000000000012df4b89
0000000000000000000c37986ab
000000000000000000fd99320d7
000000000000000000086636a24
000000000000000000f72c0c3ed
0000000000000000000a7e10766
000000000000000000022cf4e39
000000000000000000f8f6da0fd
000000000000000000f5d0b9146
0000000000000000000963f1415
000000000000000000f6157ce48
00000000000000000006b495135
00000000000000000001ab85cbb
000000000000000000fa9d84765
0000000000000000000969aee5a
0000000000000000000b81671cc
00000000000000000000eb2f007
000000000000000000f9e801cbd
000000000000000000f50752ac7
000000000000000000f0cebe5f3
000000000000000000fee279329
000000000000000000040d832e1
000000000000000000f1bd26f0e
000000000000000000091f2a4da
000000000000000000fbe725d61
000000000000000000031c39216
000000000000000000083ed1b6f
00000000000000000002428db57
0000000000000000000f1ff99e8
0000000000000000000edc52404
000000000000000000fdeea362e
0000000000000000000a3a3fd2c
0000000000000000000342a5412
0000000000000000000297dee19
0000000000000000000a5b19e4f
00000000000000000003d951c10
0000000000000000000da4f656a
00000000000000000000402a5cc
0000000000000000000cf964cd0
000000000000000000048ece3c6
00000000000000000007d9b4e4d
000000000000000000f2a950d73
000000000000000000fd9042cf9
000000000000000000ff89cadc1
000000000000000000066629e9e
000000000000000000f259685d2
000000000000000000028014230
000000000000000000f4930f3d3
0000000000000000000f09b5a06
0000000000000000000e1d2f103
000000000000000000fbe009aa4
000000000000000000f3ec09d21
00000000000000000006668b3f9
0000000000000000000e37c97fe
000000000000000000f8936ed4d
000000000000000000ffc8f7d38
000000000000000000f47b9e79e
000000000000000000fc68cea2c
00000000000000000008a5892e9
000000000000000000ffbbb81c7
000000000000000000fd2dc5e48
000000000000000000fd3c584fd
0000000000000000000903f254e
000000000000000000fceed343a
0000000000000000000ee207c46
0000000000000000000966719a2
0000000000000000000919cb09e
000000000000000000fdaaf7da5
000000000000000000f9c4e6517
000000000000000000003e5db08
000000000000000000f8a86f12c
000000000000000000f68a6e128
00000000000000000004308542d
00000000000000000007a195a9c
000000000000000000f8480f596
000000000000000000f2b80b9f1
000000000000000000027c1d20d
00000000000000000001ad9b7e4
00000000000000000002439e07c
0000000000000000000ce25d6a5
000000000000000000006ff6e4d
0000000000000000000e7803227
000000000000000000f9bd2a6ba
000000000000000000f549741d9
00000000000000000003345dd8b
0000000000000000000ae449e6f
00000000000000000002b4224ca
0000000000000000000afcfd8a2
000000000000000000ff6ca7c73
00000000000000000002017f25f
00000000000000000009f352e01
000000000000000000f90ec1867
000000000000000000085c88860
000000000000000000f6c16b557
000000000000000000ff3d0a0b2
0000000000000000000a9ae679f
000000000000000000f5a5fbc44
000000000000000000036286bdb
0000000000000000000ba55b2e6
0000000000000000000d06125a5
000000000000000000f27840334
000000000000000000fcd1baf61
00000000000000000002f84abe9
000000000000000000f9fd88763
000000000000000000fe9fe2d11
0000000000000000000db94826e
000000000000000000069dc2232
0000000000000000000cf9bff4c
000000000000000000000501a27
00000000000000000002bd0d598
000000000000000000f3c72a8a5
0000000000000000000e680fdff
000000000000000000050a9c13b
0000000000000000000a7a78f49
00000000000000000009087eff1
000000000000000000fdf343445
000000000000000000f6b3a5332
00000000000000000005d9d06dd
00000000000000000000d9cb1cb
000000000000000000fc9ae9698
000000000000000000f2371e1bd
00000000000000000008f5802fc
0000000000000000000ada25d9e
0000000000000000000ba7aa2bf
00000000000000000004ac3c345
000000000000000000f7390f564
000000000000000000f4daa0c33
000000000000000000f8a5f44b5
0000000000000000000d4eb635d
000000000000000000fb90a09ff
0000000000000000000a3efbbb6
0000000000000000000e63e7017
0000000000000000000dcf253ea
000000000000000000fe83bea71
0000000000000000000caa5b2bc
00000000000000000006362e42e
000000000000000000065359263
000000000000000000fb2208463
0000000000000000000284a1ed0
0000000000000000000835e8d53
000000000000000000fad8567a4
0000000000000000000384b6764
0000000000000000000cbdebdef
0000000000000000000cf3430ba
000000000000000000f8f82fb9d
0000000000000000000e1b504ee
000000000000000000f3d7cdb5f
0000000000000000000d73c9049
000000000000000000095de9d1e
000000000000000000ffd6b6bf1
000000000000000000fcb3d0d9f
000000000000000000f587bb692
000000000000000000084b0ca2d
000000000000000000fbb08a86a
0000000000000000000f95ec73b
000000000000000000fb5656a2e
000000000000000000075af8577
0000000000000000000fc5c5381
000000000000000000031308efc
00000000000000000001e19667f
000000000000000000f96e0b188
0000000000000000000bc080437
000000000000000000fb7c40911
00000000000000000001684bb47
000000000000000000f371e5fc7
0000000000000000000dbe753d6
00000000000000000002eeac98b
00000000000000000006acca05f
0000000000000000000bfed7b5f
000000000000000000f27ee4852
000000000000000000f60289738
000000000000000000f0abad033
00000000000000000002185d734
0000000000000000000dce88c93
000000000000000000fdcb6fcaf
000000000000000000f61d702b4
000000000000000000f683c3541
000000000000000000079bc24f3
0000000000000000000d09f5e2e
0000000000000000000cf6738cd
0000000000000000000d4cda144
00000000000000000001b8e3c78
000000000000000000f66bf59a4
0000000000000000000792fb6c4
000000000000000000f2e8e9cbe
0000000000000000000333d87dc
0000000000000000000977c8c60
000000000000000000f6dcda00f
000000000000000000f08b70f74
0000000000000000000566d81ab
0000000000000000000fe51993d
0000000000000000000d3bb848c
000000000000000000092a13b52
0000000000000000000a25e7ee6
0000000000000000000e263e9e2
000000000000000000f425c7f64
000000000000000000f9cdec213
000000000000000000012025b05
0000000000000000000938d5b6f
000000000000000000f53d52c3a
000000000000000000f9ab64fcf
000000000000000000f934de605
000000000000000000f7984bea2
0000000000000000000a5b7c65c
00000000000000000007ef72022
000000000000000000fb0b77dbb
000000000000000000f7335673b
0000000000000000000a20209fd
0000000000000000000c62e8e9b
00000000000000000004322ff61
00000000000000000000076771f
000000000000000000f15fa3ca5
00000000000000000007baefe94
0000000000000000000c1a02b84
000000000000000000fc6108e5f
0000000000000000000a2a7da04
000000000000000000fd4a9d8a4
0000000000000000000e18ac1e0
0000000000000000000dd5ae082
000000000000000000f77a6affb
000000000000000000f14065e53
0000000000000000000e4bf8a2c
0000000000000000000bc2c1c61
0000000000000000000b2be670c
0000000000000000000a7030e1d
0000000000000000000d7de155a
000000000000000000fbfde7c8c
000000000000000000f7de265d0
00000000000000000002c3689b8
000000000000000000f93583870
000000000000000000fbb5f1b72
00000000000000000006cbbbebe
00000000000000000003d36fcf1
000000000000000000f62baabd3
00000000000000000005087c1a6
0000000000000000000a9b8d1cf
0000000000000000000f55379f1
000000000000000000053c7635d
000000000000000000f9b460f89
000000000000000000f504dede8
0000000000000000000601720c1
00000000000000000008e1fb971
00000000000000000006000be27
00000000000000000004890d705
000000000000000000f7d0136d2
0000000000000000000562c399b
000000000000000000f4d0c6523
000000000000000000055724aba
0000000000000000000892ffe94
000000000000000000f0cc0ee27
000000000000000000fd87ead2b
00000000000000000008d5e888e
000000000000000000f52ce3e90
00000000000000000001acf011e
0000000000000000000f76e7bc4
0000000000000000000b81a0f49
0000000000000000000a53815d1
000000000000000000f8b894b70
000000000000000000074e5d89d
00000000000000000001591c09b
000000000000000000021ad471c
000000000000000000fb937334f
000000000000000000f84784d8d
0000000000000000000674d117f
00000000000000000006b1c109d
000000000000000000fe200d2fa
0000000000000000000e1eec4a4
00000000000000000007eae795c
000000000000000000f0d8c98cf
000000000000000000050f6bbee
000000000000000000069734ddb
00000000000000000004d6467be
0000000000000000000ebc0a6e5
00000000000000000003deceaab
0000000000000000000b7a3bbef
000000000000000000fb220b68f
000000000000000000013364405
0000000000000000000036789ab
00000000000000000003cba0215
000000000000000000061b1e44c
00000000000000000004a27dd7f
0000000000000000000559e8bfa
0000000000000000000419149dd
000000000000000000f10e656d0
000000000000000000f37e15160
000000000000000000024cdffcb
00000000000000000001d4f6911
0000000000000000000149b2f1b
000000000000000000fe18ff0dd
00000000000000000004c0fe082
000000000000000000f952ebc06
000000000000000000f020e8221
0000000000000000000d3b85178
000000000000000000088a16541
0000000000000000000f7460efa
000000000000000000076df8eb8
000000000000000000fc31140ae
0000000000000000000ee285a09
000000000000000000f85d7e5ee
000000000000000000f09fceb95
0000000000000000000fa6883d9
0000000000000000000f868b618
0000000000000000000c8bc1df1
0000000000000000000fc64b8c8
0000000000000000000d5b626ff
0000000000000000000b8524e8f
0000000000000000000a81c27ae
000000000000000000f9b222789
000000000000000000079b9ab27
000000000000000000001476900
0000000000000000000db72b2c7
0000000000000000000031eddc3
000000000000000000089aa710b
000000000000000000f280b34f3
0000000000000000000c06bc474
000000000000000000f3f712f3c
0000000000000000000aa855ed0
000000000000000000055df415f
00000000000000000008ee47afe
000000000000000000081607613
0000000000000000000cbe44505
00000000000000000007ff725c0
0000000000000000000d1c244d4
000000000000000000f2a29bf73
00000000000000000009a4ae27a
0000000000000000000071807cb
0000000000000000000d99aba2a
0000000000000000000efd1510b
00000000000000000006111a8b3
000000000000000000001f8b77b
000000000000000000064c21f74
0000000000000000000c5d59fe2
00000000000000000009f8698f4
000000000000000000f52cbb2f4
0000000000000000000799d41c2
000000000000000000fa3ded729
00000000000000000005bc50d10
000000000000000000f23063edc
000000000000000000038542c13
0000000000000000000ec6c7209
00000000000000000004b74e8dc
000000000000000000f02f734b1
000000000000000000fbb89c5dd
0000000000000000000104d95d8
00000000000000000005441492d
000000000000000000089b647ba
00000000000000000004e2d201c
00000000000000000000d568784
000000000000000000f0e5b9695
00000000000000000006deb5b04
000000000000000000096cc996d
000000000000000000012a73046
000000000000000000f0ae2a210
000000000000000000f49338a16
000000000000000000f5afcb1b7
0000000000000000000560f91fc
0000000000000000000c5805def
000000000000000000018461400
000000000000000000f27b2bb0a
000000000000000000fca150562
0000000000000000000d0233ffb
0000000000000000000b1c074f5
000000000000000000fea6e6592
000000000000000000f62ad7630
000000000000000000ff7a549bf
00000000000000000005f83cd1b
000000000000000000fe234a4cc
00000000000000000002d9f586d
00000000000000000006d691bb6
000000000000000000fee781c53
0000000000000000000f6008446
000000000000000000f7186d16a
000000000000000000026d7a27d
0000000000000000000cf976126
0000000000000000000ee61ebe6
000000000000000000069192bad
0000000000000000000effd226d
00000000000000000008d0b8bf6
0000000000000000000a93686aa
000000000000000000035e2cef4
0000000000000000000bf786523
000000000000000000fb619e4eb
000000000000000000fe3ddba9e
000000000000000000f25060177
00000000000000000001f0ccc91
000000000000000000038c74181
000000000000000000f40d984b2
0000000000000000000e92eae68
0000000000000000000f97b9190
000000000000000000f38fce151
0000000000000000000347188e7
000000000000000000faf41f8a3
000000000000000000f5d8b170e
0000000000000000000a6a27cfa
0000000000000000000e71660e9
00000000000000000005d45bccb
000000000000000000082ab4ba9
000000000000000000fa34283b6
0000000000000000000a9b9e60e
000000000000000000f8f1f0908
00000000000000000007cc7f996
0000000000000000000a421b299
00000000000000000008c12b91d
000000000000000000f41410aa0
0000000000000000000c51b3d70
0000000000000000000b34b1ea9
0000000000000000000b64f1370
000000000000000000f97274d06
000000000000000000f6622dbe7
000000000000000000f010cd5f2
0000000000000000000a69da261
000000000000000000ff86c312b
0000000000000000000908e0289
000000000000000000fd5246fe1
0000000000000000000738cf1ca
000000000000000000f313fb5ef
000000000000000000008c3644e
0000000000000000000ea81ed0c
000000000000000000072c8aa17
0000000000000000000dabd3991
00000000000000000000c7727e6
0000000000000000000320a625f
000000000000000000078619e9e
0000000000000000000969de3d6
00000000000000000001ec01619
000000000000000000f59c162d6
00000000000000000000638d608
00000000000000000002433ef01
000000000000000000f61e1a463
000000000000000000067626c28
000000000000000000034ddbd3d
00000000000000000009cfd8f4e
000000000000000000fce435833
000000000000000000f24a39ed3
0000000000000000000bdc8c035
0000000000000000000f0eb81c5
0000000000000000000d66382ee
000000000000000000092868ba9
0000000000000000000530c9028
000000000000000000f11d7e26d
000000000000000000f9b07a8ea
0000000000000000000a7496eab
0000000000000000000b045a8da
00000000000000000006b43f52c
00000000000000000003d1d12ae
000000000000000000f4e8c8907
000000000000000000f9c2b71ab
000000000000000000f568bc249
00000000000000000006fc63f7e
00000000000000000005ada0e18
00000000000000000003bef7cd7
000000000000000000f05c0fe6f
00000000000000000002ec2a3f6
000000000000000000f5e928c5f
0000000000000000000d6c6abd4
0000000000000000000612fb567
000000000000000000f29a6c2f7
0000000000000000000c494a91d
0000000000000000000348aef73
0000000000000000000863e7988
000000000000000000011f7e4f7
000000000000000000054a245e0
0000000000000000000cd540e84
000000000000000000090641e6b
0000000000000000000b6de9e3d
000000000000000000021bc7992
0000000000000000000f165955d
000000000000000000f4f0fbb31
000000000000000000f86b7df7b
0000000000000000000971bf50c
000000000000000000067b3fa82
000000000000000000f9a33deae
000000000000000000010be4fc0
00000000000000000001e292c32
0000000000000000000156e0d52
00000000000000000003a892cff
000000000000000000ff6d74a2d
000000000000000000fe123bc30
000000000000000000009d23106
000000000000000000f0b84ba82
000000000000000000fd4c616f6
000000000000000000f59d292de
0000000000000000000ec1d4f27
0000000000000000000ae3b15fe
0000000000000000000b1e7a17f
000000000000000000fbe4f122b
00000000000000000001add8fee
0000000000000000000c61bfad0
0000000000000000000f190d18f
000000000000000000f67127fb1
000000000000000000047730b35
00000000000000000004af81357
00000000000000000005d45e022
000000000000000000032349454
0000000000000000000df29edeb
0000000000000000000b8bfaa6a
000000000000000000f643d299d
0000000000000000000432ffabb
000000000000000000039967d11
000000000000000000f3def3a36
0000000000000000000c8ce7706
000000000000000000f35ef6a06
00000000000000000006f7ddc36
0000000000000000000e4ea4e64
000000000000000000013b9796b
0000000000000000000de6497f2
000000000000000000fdf141a18
000000000000000000ffee952a4
0000000000000000000e995a188
0000000000000000000fd9c21d1
000000000000000000094daa655
00000000000000000006a7618f7
0000000000000000000b1eceb6b
0000000000000000000c50cfaee
00000000000000000001102dec3
000000000000000000034a86fcf
00000000000000000006fec15cf
000000000000000000018401df6
000000000000000000f2246deec
0000000000000000000e4813253
00000000000000000004ec74a21
00000000000000000007a3333cf
0000000000000000000379cc927
00000000000000000003408e198
00000000000000000005d391ab0
00000000000000000003b8198d6
000000000000000000071a4e46c
000000000000000000f93494521
0000000000000000000f980c3c1
000000000000000000f29e174de
0000000000000000000246c3567
0000000000000000000e72dd2a9
000000000000000000f0457c3f4
000000000000000000feaed0f1f
00000000000000000007e92d748
0000000000000000000d6883df0
000000000000000000025c82a06
0000000000000000000c36d4c06
00000000000000000006d31e8de
000000000000000000f6afd6852
00000000000000000002a59e670
000000000000000000fc07afd1c
000000000000000000f0f4a31b7
000000000000000000f0fb2d411
0000000000000000000b5fc6e6e
00000000000000000008d42a3a1
000000000000000000fbcea9513
0000000000000000000abcdbb20
00000000000000000008376a05f
000000000000000000088f0c93a
000000000000000000008bdc11d
00000000000000000005fb0e73c
00000000000000000006c951c5b
000000000000000000f5462d891
000000000000000000049cff81d
000000000000000000074d71d29
000000000000000000f20ebc795
0000000000000000000d7296dc1
0000000000000000000b0c177f1
000000000000000000049083c87
000000000000000000fcc3b9b99
000000000000000000f75dcf26f
00000000000000000000da32d61
0000000000000000000ecf46210
000000000000000000075669917
000000000000000000f88a72bd0
000000000000000000015528085
0000000000000000000eb1f3647
00000000000000000002cdec1f1
0000000000000000000076c9e1d
000000000000000000089d507aa
0000000000000000000c1fcfe1f
000000000000000000072a6f8ac
000000000000000000078b4e87c
0000000000000000000e90110ca
000000000000000000f9cf0b420
000000000000000000fb7be04bc
0000000000000000000fc466160
000000000000000000080e624fe
000000000000000000067d49e0d
000000000000000000f0199e20e
000000000000000000069025fc0
0000000000000000000701ada1d
000000000000000000f25aa20b9
000000000000000000f30900ba2
00000000000000000004b8cc775
0000000000000000000feeb52c2
0000000000000000000b0a20aa6
0000000000000000000f7bbe660
000000000000000000059c9680c
0000000000000000000cf5d722b
00000000000000000001eb97488
000000000000000000fe248896d
000000000000000000095eb790e
00000000000000000000ce0be29
0000000000000000000d7f3b83b
0000000000000000000e8e0e3a0
000000000000000000fc543427f
0000000000000000000a0b8a72b
0000000000000000000eb189832
0000000000000000000a0896e3a
0000000000000000000b879ab18
00000000000000000001049968f
0000000000000000000755adca6
000000000000000000feeb75052
0000000000000000000dd22c442
00000000000000000002786fe60
000000000000000000faea6a667
000000000000000000ff0191604
0000000000000000000c5490ffb
0000000000000000000d77f7fc0
000000000000000000071f5b416
00000000000000000008c8fef86
0000000000000000000485fd9f1
000000000000000000f0faae295
000000000000000000f19be21de
000000000000000000f2b0c674a
000000000000000000f536ac7f3
0000000000000000000ca12a48f
00000000000000000002cd98d03
000000000000000000f748bea71
000000000000000000077f3f948
000000000000000000f09bb3a48
00000000000000000000feaf294
0000000000000000000bb1b5c5e
00000000000000000004df95a6e
0000000000000000000389f2cbe
0000000000000000000db08de99
00000000000000000000dd6d718
0000000000000000000c4e5a682
000000000000000000fba0d842f
0000000000000000000102aca41
000000000000000000f8a3e572e
00000000000000000002e028f8f
000000000000000000070769f3b
000000000000000000040e0ffab
000000000000000000016bebc44
0000000000000000000a524c544
000000000000000000070906fd9
000000000000000000fa4fdb15f
00000000000000000000e6e8010
00000000000000000009c43072b
000000000000000000f9457604c
0000000000000000000d41c82c8
0000000000000000000c3caa2ee
000000000000000000f87b137ca
000000000000000000f60728b80
000000000000000000f0367bec5
0000000000000000000c093583b
000000000000000000fa99c6e2d
000000000000000000f68f14f3e
000000000000000000f3f588b66
0000000000000000000203a0d25
00000000000000000003e10d577
000000000000000000066a69729
00000000000000000008b2c350d
000000000000000000f7d133e56
000000000000000000f24873e7b
000000000000000000fc014383a
0000000000000000000a3ec2547
0000000000000000000fcf95db4
000000000000000000050d8965a
000000000000000000f7630da9a
000000000000000000f9c29a159
000000000000000000012ad7fba
00000000000000000005ade6165
0000000000000000000d9c2195a
00000000000000000008a58828d
0000000000000000000cb871cc6
0000000000000000000bd35102b
0000000000000000000ca46e31f
000000000000000000f6a6ff907
000000000000000000f70bf7100
000000000000000000051578bc5
000000000000000000f27449313
000000000000000000f13304811
000000000000000000ff97cfefe
0000000000000000000d6868556
0000000000000000000be42aa86
00000000000000000004b5cd83b
0000000000000000000a21382be
000000000000000000f9cc6dc0b
0000000000000000000ce8292b1
0000000000000000000bf71af3a
0000000000000000000495da457
000000000000000000ffb525a02
00000000000000000004dfcd133
000000000000000000f3a452ebd
000000000000000000023fac4ad
000000000000000000f0f140854
00000000000000000009b523839
000000000000000000f94178e8b
0000000000000000000a6fdd5ea
00000000000000000006ba9e080
0000000000000000000a91de026
000000000000000000018bf5f91
0000000000000000000eddd6356
0000000000000000000e5362742
0000000000000000000019c19ab
0000000000000000000e001a863
000000000000000000fe8b19716
0000000000000000000c121d87e
0000000000000000000ca3daca8
000000000000000000fe9989618
0000000000000000000881a6513
0000000000000000000aded479d
000000000000000000f64655580
0000000000000000000fb296498
000000000000000000f39f4d95c
0000000000000000000e266569c
000000000000000000f08215ebe
000000000000000000f7a3a2fdd
0000000000000000000e14fd80f
00000000000000000004a9c2f8b
0000000000000000000ebf3f75a
0000000000000000000b0da3785
000000000000000000f133260e1
000000000000000000ff132d352
0000000000000000000f676e399
000000000000000000fb3b4187b
000000000000000000fbba4e88c
0000000000000000000f2f6e682
0000000000000000000c9e18890
00000000000000000005a939bce
00000000000000000002a00b4c0
0000000000000000000171bdede
000000000000000000f28608277
0000000000000000000a63903f0
00000000000000000002be512c9
000000000000000000f69a09889
00000000000000000006b318e00
000000000000000000fa3ab682f
0000000000000000000adf09ae2
000000000000000000f909569a0
000000000000000000f84dd3bc3
000000000000000000018ad58e5
00000000000000000009ee70062
000000000000000000f3e6cba66
000000000000000000078d3ee0b
0000000000000000000c798a0e3
000000000000000000f5b25f6c5
000000000000000000090d03f09
0000000000000000000e915b602
00000000000000000002c9c6ee8
000000000000000000fa57beb30
0000000000000000000d8a2319b
00000000000000000006f6684e7
00000000000000000000910038c
000000000000000000f79e3a80b
000000000000000000fbcb993ca
00000000000000000000c1ecb1e
00000000000000000008c1d69a0
000000000000000000f08ea0cbb
00000000000000000003fe12e68
0000000000000000000a6eb416c
00000000000000000005aa9a792
0000000000000000000d958c3ee
000000000000000000090673265
00000000000000000008f1f43bd
0000000000000000000d7b512e0
00000000000000000005359bb91
000000000000000000fde70ee38
000000000000000000085407887
000000000000000000016fc8025
0000000000000000000b95209c5
0000000000000000000a154a147
000000000000000000088c411b9
000000000000000000f80f7e6f6
000000000000000000f0492b93a
000000000000000000fbc7b4ca0
00000000000000000006895a140
000000000000000000f18b39601
00000000000000000000ee51a5d
0000000000000000000d44af507
0000000000000000000100b5b26
000000000000000000f9338c2d9
000000000000000000045ad7ecc
000000000000000000088f8d5b8
0000000000000000000f3d1d0c1
000000000000000000f331c3044
0000000000000000000bc45e1ce
0000000000000000000046c7017
0000000000000000000b16c6dc0
000000000000000000f6403f9b7
000000000000000000fe33b6c61
000000000000000000fbcb2a3e2
0000000000000000000642c7178
000000000000000000f5a6ec92f
000000000000000000f83003bb6
000000000000000000040a717de
0000000000000000000cf10bd3c
00000000000000000006d0ba130
000000000000000000059877193
000000000000000000017fcfad6
0000000000000000000924b67ef
00000000000000000007a4676a5
00000000000000000004576c70a
0000000000000000000292bad07
000000000000000000f6843f092
00000000000000000001e04c354
0000000000000000000ee90a71f
00000000000000000009b37966c
000000000000000000f024b472a
000000000000000000ffca21d85
00000000000000000005928c513
00000000000000000006809f5ce
0000000000000000000cec5312f
0000000000000000000c985d120
0000000000000000000eb7af2d8
00000000000000000001921de42
0000000000000000000e849f208
00000000000000000007423e504
00000000000000000005de0f2b6
0000000000000000000c6ed028d
000000000000000000016ef815d
000000000000000000f7b6c5241
000000000000000000f928b6017
000000000000000000f7c8cc56c
0000000000000000000f2ed678e
0000000000000000000ba19ef23
000000000000000000f1f3a6adb
000000000000000000f2a144fa4
00000000000000000006b881b0b
00000000000000000003b96f5d9
000000000000000000fa52e79fa
000000000000000000fae6f8620
0000000000000000000d1d16007
000000000000000000f6289cbf8
00000000000000000007659ce1a
000000000000000000075638654
000000000000000000f963c634f
0000000000000000000d336896c
0000000000000000000d95272a0
0000000000000000000dd083c08
00000000000000000002f2ccf7d
0000000000000000000b58a0e89
00000000000000000003c6869c3
0000000000000000000e7887afc
000000000000000000fe915c2ea
0000000000000000000b8a1236c
000000000000000000fa5fbe862
0000000000000000000c2ba58d4
000000000000000000f00ac375b
000000000000000000fd25b414a
0000000000000000000b44b361f
0000000000000000000f58b0630
000000000000000000fb46210b4
000000000000000000029faaedd
00000000000000000002b1b8689
00000000000000000008b8b2852
000000000000000000fba4f2ab2
0000000000000000000a2fb970c
000000000000000000f86659ce3
000000000000000000f65cc0c00
00000000000000000009e04a63e
000000000000000000fa8138e06
000000000000000000f86ad0e61
0000000000000000000464964b0
00000000000000000006636e279
000000000000000000fe20ade80
00000000000000000003a3dc3ca
000000000000000000f1828bf97
0000000000000000000f0d61f7a
00000000000000000004f9ea526
000000000000000000028592265
0000000000000000000fb6d2572
000000000000000000065c63808
000000000000000000f0f289f60
000000000000000000f8a73091e
000000000000000000f201bffb7
000000000000000000fb4349fad
0000000000000000000a20d9f37
000000000000000000090e5de08
000000000000000000f731eb735
0000000000000000000992d8861
0000000000000000000aedbed35
00000000000000000008db75eb8
000000000000000000f8a2fc26a
000000000000000000003ac053b
0000000000000000000a6dc9cdf
000000000000000000f2add6623
00000000000000000003d1ee508
000000000000000000071eafb8b
00000000000000000009849567d
00000000000000000001699ce47
00000000000000000007bd8d827
000000000000000000f03aa21b3
000000000000000000f9cb5ef71
000000000000000000fe1814699
0000000000000000000a2af183d
00000000000000000004504cc57
0000000000000000000e471976f
00000000000000000000059c406
0000000000000000000438feaa2
000000000000000000ffe4fbcfe
000000000000000000029360c2a
00000000000000000006ba5e27d
000000000000000000f1d877fef
0000000000000000000b8afc29c
000000000000000000fb896245e
000000000000000000058f8fcc2
00000000000000000009ef464ba
0000000000000000000b9174a61
0000000000000000000d8348259
00000000000000000005fa3f7ae
0000000000000000000c97da278
000000000000000000fb804141c
0000000000000000000b184ee99
0000000000000000000444f6258
0000000000000000000ba4a5572
00000000000000000001a2a6d34
000000000000000000022e069a4
0000000000000000000332f9713
00000000000000000005ebfcf8a
00000000000000000002f8179a1
000000000000000000f56e2b58c
000000000000000000049b13034
0000000000000000000ab5386e0
0000000000000000000475a2ef9
00000000000000000003af92928
0000000000000000000eaf069fe
000000000000000000f8086d958
00000000000000000000b496554
0000000000000000000b37b9932
0000000000000000000120a731b
000000000000000000078b9d93d
0000000000000000000c35de941
00000000000000000004f1324d9
00000000000000000002ea35ba0
000000000000000000f6aca10a8
0000000000000000000361a9cc5
000000000000000000f95968428
0000000000000000000a1b53b31
000000000000000000054adc60a
000000000000000000f5dba7053
000000000000000000012769005
000000000000000000f20075e4f
0000000000000000000ab44985f
000000000000000000f0a8cc1e1
000000000000000000f3dbab129
0000000000000000000a05639c2
00000000000000000006ae92928
00000000000000000000e823028
000000000000000000057e76f4b
00000000000000000006d05387d
000000000000000000fd63a61b0
000000000000000000f0658b964
000000000000000000fe7078c36
0000000000000000000275eb1cd
000000000000000000045fd63d3
0000000000000000000ae3bd258
000000000000000000f11509d33
000000000000000000065025867
000000000000000000051a39a3f
0000000000000000000de8b27c2
000000000000000000fd68ed8f3
000000000000000000039b03c77
00000000000000000004acb7419
000000000000000000f80bdee32
000000000000000000f2b042888
000000000000000000fda7b4a9c
00000000000000000003681917c
0000000000000000000aa2b7eb7
00000000000000000009546ac48
00000000000000000002309bf26
000000000000000000f99f3aa41
000000000000000000001fb53d0
000000000000000000f2afb2bc8
000000000000000000f2b0fb2a4
000000000000000000007270c90
0000000000000000000231ec175
00000000000000000000b9f0e7e
00000000000000000003eebbbbd
000000000000000000f725dfcf8
000000000000000000ffd0b2ec9
00000000000000000008ab2de15
00000000000000000009ed6be60
000000000000000000093a019a3
000000000000000000f838a706f
0000000000000000000f070cc35
0000000000000000000b06f831e
000000000000000000f4983061d
000000000000000000019b45860
0000000000000000000719dbe72
0000000000000000000b06d08ed
00000000000000000002c6a94a0
00000000000000000006ea48a08
00000000000000000001ad055d7
000000000000000000022939746
000000000000000000071642191
00000000000000000008f07cc7a
000000000000000000f3139475a
0000000000000000000f4182f3b
0000000000000000000bf264f32
0000000000000000000c86d04a0
00000000000000000001198607d
000000000000000000f3f96f1b8
00000000000000000005c424872
000000000000000000f4f2d587f
000000000000000000005f78499
000000000000000000fd181c8fc
000000000000000000f0c3b6f29
00000000000000000009edeca81
000000000000000000f77a9bf0f
0000000000000000000ba0f2d8e
000000000000000000039ab0101
000000000000000000f172c5fd3
0000000000000000000a45b3485
0000000000000000000da4a95f4
0000000000000000000966ec900
000000000000000000fcfed830a
000000000000000000f69560409
0000000000000000000065e3391
00000000000000000006209cf62
0000000000000000000e081da90
0000000000000000000b1cf1246
000000000000000000041e35363
000000000000000000fd2eebed2
0000000000000000000d08052d7
000000000000000000f7736b663
000000000000000000046671d61
000000000000000000fee71c833
000000000000000000f2a97a7d9
00000000000000000005a7bf985
00000000000000000003766e797
000000000000000000063cd475a
00000000000000000000a6bddf8
00000000000000000005d4a285e
000000000000000000060c25c2d
00000000000000000009d5e4213
00000000000000000003c75a623
00000000000000000007653eb2e
0000000000000000000301d549b
000000000000000000f14e4c776
000000000000000000f72a3969b
0000000000000000000732f9d94
00000000000000000003a2b69bc
000000000000000000f7d2d5c21
000000000000000000f426fee91
00000000000000000007c909f2b
0000000000000000000bb8d8e39
000000000000000000040064026
000000000000000000093004d94
000000000000000000044505e04
000000000000000000003a74244
00000000000000000007222b44a
000000000000000000088978b04
000000000000000000ff25e33ae
0000000000000000000d52571ae
0000000000000000000f135dc30
000000000000000000fba55464f
0000000000000000000df491479
000000000000000000019ffcbf8
0000000000000000000e9592f12
00000000000000000006b6688da
0000000000000000000e6dc845b
0000000000000000000974281b0
000000000000000000f1495b1e1
000000000000000000000cc7b9a
000000000000000000ff3f7b347
000000000000000000fb6376321
00000000000000000006988f98a
0000000000000000000d517691f
0000000000000000000267ebc33
0000000000000000000ada96eec
000000000000000000022a83c5f
0000000000000000000bc7d2dc0
000000000000000000f288fc156
00000000000000000004ec1d856
0000000000000000000e4f0397d
00000000000000000009d4cb7ac
000000000000000000f13d1c719
00000000000000000000d586a0e
000000000000000000080d5e162
0000000000000000000667cd3dd
000000000000000000fd749e8eb
000000000000000000007bafb81
0000000000000000000b272663c
0000000000000000000b8006609
000000000000000000046c95564
000000000000000000f54dbd7c4
0000000000000000000bc98b055
0000000000000000000da73d9af
000000000000000000f7570e2c1
000000000000000000093236626
00000000000000000000b420cca
0000000000000000000bd320c93
0000000000000000000828cddf2
0000000000000000000996a9e34
00000000000000000008786840a
0000000000000000000c59cd76c
0000000000000000000d12b7c04
000000000000000000fcdbe86d7
000000000000000000ff7e09c9c
000000000000000000f539c1bc0
00000000000000000004f62e5a1
0000000000000000000f74bdd48
00000000000000000009360e7ab
00000000000000000001a4f3ccd
0000000000000000000a5339884
000000000000000000f4268c56b
00000000000000000007378cb20
0000000000000000000b969dffc
0000000000000000000db063766
0000000000000000000aaf466ed
000000000000000000f5f0f8677
0000000000000000000354d38f6
000000000000000000083b821fa
000000000000000000075ad44f5
000000000000000000f09b0919c
00000000000000000003e499ea0
0000000000000000000277afc3c
000000000000000000042c848a9
000000000000000000fccfb5671
0000000000000000000319c592a
000000000000000000f22d60a09
000000000000000000f462091e0
000000000000000000f79c0315c
00000000000000000004d1dd924
00000000000000000007435139d
00000000000000000004546cae0
00000000000000000005c663e6d
0000000000000000000f67a551c
000000000000000000ff1ad9a2c
0000000000000000000c4c9bdfe
000000000000000000ffebab175
00000000000000000007fc2d314
000000000000000000f56d204f0
000000000000000000004247eeb
00000000000000000000339147b
0000000000000000000d3832ab8
000000000000000000f4ab6c307
0000000000000000000c3ca35a6
00000000000000000009dfa0059
0000000000000000000bd7b9a23
000000000000000000058bf9893
000000000000000000f3ef0b026
00000000000000000004c3178c3
0000000000000000000f012962d
0000000000000000000264bedc3
00000000000000000006cde234c
000000000000000000fcbaa13be
000000000000000000f40d31a5c
00000000000000000006527ae4d
00000000000000000002638a58d
000000000000000000f8e2b41e7
0000000000000000000b4fed330
000000000000000000031d0a34a
00000000000000000004d338eb6
0000000000000000000582beb85
00000000000000000006525fe24
00000000000000000002208894c
00000000000000000005781b28e
0000000000000000000fbb80826
0000000000000000000e62cd177
000000000000000000ffa27f010
000000000000000000066545731
00000000000000000000548294a
00000000000000000004687cbf2
0000000000000000000c0f4cc31
00000000000000000001c9f2a7d
000000000000000000083ed9786
000000000000000000082508211
0000000000000000000a5ffc515
00000000000000000008f2dca3f
000000000000000000085d95323
000000000000000000efa72a69e
0000000000000000000cb3314bc
0000000000000000000d63f1270
0000000000000000000c53b8e05
000000000000000000f422d14f2
0000000000000000000bd7b7bc1
000000000000000000f41ba2f4b
00000000000000000002b94dfae
0000000000000000000c01eb53a
0000000000000000000e08900a2
00000000000000000007a03cf4c
0000000000000000000acd97fdd
00000000000000000004c4e3253
00000000000000000001c16aab8
000000000000000000010273be8
000000000000000000fc8b78347
00000000000000000002066e1ea
000000000000000000f6759fd88
000000000000000000023668cfc
000000000000000000ff14adb7d
000000000000000000f9c70ece4
0000000000000000000732e6379
0000000000000000000d943d318
000000000000000000077f03b77
0000000000000000000d7bf4325
0000000000000000000ff5795fe
0000000000000000000781c3b67
000000000000000000072ac0eb1
00000000000000000004edfc967
0000000000000000000e708cb19
0000000000000000000d1826804
000000000000000000f2d651cf6
00000000000000000000f613efa
00000000000000000003e34ba3e
0000000000000000000d34105ed
00000000000000000002199600a
000000000000000000f0021cfb1
0000000000000000000712f580b
0000000000000000000001a81ed
000000000000000000fd5664349
0000000000000000000dc89c716
000000000000000000f23e23d0f
0000000000000000000884d45f1
0000000000000000000f48b2a5d
0000000000000000000283159a0
0000000000000000000b6ad8e85
0000000000000000000d4de4afd
0000000000000000000d07b0c27
000000000000000000094acda05
000000000000000000002795763
000000000000000000f38441f93
0000000000000000000e44318b4
000000000000000000002cf27ad
000000000000000000f9999cae3
00000000000000000005680cb43
00000000000000000008e756574
00000000000000000005776bcf6
000000000000000000f47c45a97
000000000000000000eff46c951
000000000000000000fd17acd62
00000000000000000006909e4ae
00000000000000000006352aab4
000000000000000000037f60942
0000000000000000000f70e7dbc
0000000000000000000cbd0454d
000000000000000000fd3daa5a2
000000000000000000f3a18a9dd
000000000000000000047f2485c
00000000000000000003200777e
00000000000000000008460b593
000000000000000000f74bd51b5
0000000000000000000162e3dff
0000000000000000000f5a709e8
000000000000000000feb89dae0
000000000000000000f68be04ad
000000000000000000f3ca9ffab
00000000000000000003cab2865
000000000000000000f6a56805b
00000000000000000003800304e
000000000000000000060fb7764
0000000000000000000359b73d3
0000000000000000000969d4ceb
0000000000000000000fb1f57db
0000000000000000000ce0e91d9
000000000000000000efd9e9df6
0000000000000000000612bded3
0000000000000000000db3b00d6
0000000000000000000a939a0df
000000000000000000f508dfb17
0000000000000000000b354c979
00000000000000000009ba8082a
00000000000000000007e22c19b
0000000000000000000445a1572
000000000000000000012165f98
000000000000000000f5a4933ed
0000000000000000000813b23d8
00000000000000000006243bfc8
000000000000000000f56a68da3
0000000000000000000b39617a6
00000000000000000002cfbc78b
0000000000000000000527c370f
0000000000000000000d8790057
000000000000000000f5b45c722
000000000000000000fb528d6a9
0000000000000000000d99111d6
00000000000000000007f7dc9f0
000000000000000000fc95b24ee
000000000000000000fced6fe74
000000000000000000042962e4f
000000000000000000f48a67325
0000000000000000000332df2e8
000000000000000000ffb43a738
0000000000000000000cf595791
00000000000000000009291ac44
000000000000000000fd74a0095
0000000000000000000515bf320
000000000000000000056bcd7bb
0000000000000000000dd909ece
0000000000000000000a0755943
000000000000000000073eb3681
00000000000000000007af56166
0000000000000000000ea81c146
0000000000000000000166114e5
000000000000000000fbf7afc37
000000000000000000ff21989e6
00000000000000000000d8614d1
000000000000000000f66d10714
00000000000000000004e8f682d
000000000000000000ffd727058
00000000000000000008259c281
000000000000000000012467831
000000000000000000fef5da68f
000000000000000000f43072bb2
0000000000000000000294e67e2
00000000000000000009316fd09
000000000000000000fcc7b56a0
0000000000000000000498fe735
000000000000000000f384e03cb
000000000000000000051b0a02d
000000000000000000052da6372
000000000000000000fac0d15ca
00000000000000000001d787580
0000000000000000000833eeed4
0000000000000000000e94e84d0
00000000000000000008f0c5edd
000000000000000000043287885
00000000000000000004e6d3668
00000000000000000005ebee12f
0000000000000000000302ed622
00000000000000000006dc8d2a3
000000000000000000f81a41b56
000000000000000000030c4f6f7
0000000000000000000a08d32b1
000000000000000000fdb9153b5
00000000000000000002d73c37b
000000000000000000f1b2319d7
000000000000000000013d1a705
00000000000000000003e2d17f4
0000000000000000000cbfaf6b7
000000000000000000f99e400db
000000000000000000f57e37082
000000000000000000f42612d88
000000000000000000065373733
000000000000000000facdb6032
000000000000000000f5744b2cb
00000000000000000001a9b9858
0000000000000000000f2925b1b
0000000000000000000eb969f72
000000000000000000044014a80
00000000000000000009f9bcd42
0000000000000000000d131b17c
0000000000000000000e2569889
000000000000000000f43fe992b
000000000000000000f9bdb7570
00000000000000000002436fa6b
0000000000000000000fc0ed246
0000000000000000000a19eb9a1
0000000000000000000d9b65947
000000000000000000fe2a70759
0000000000000000000a9dd1ba8
0000000000000000000d50f4400
000000000000000000fffaa1c07
000000000000000000045583cf8
000000000000000000f9cd85bd5
0000000000000000000b47ef284
00000000000000000009018b188
000000000000000000012c9a5cc
0000000000000000000a021bdae
000000000000000000f576105ae
000000000000000000096b91ac7
00000000000000000008d334bb0
0000000000000000000f085caad
000000000000000000f58595254
0000000000000000000100ed4e8
000000000000000000faec44b5a
000000000000000000f042fd3ee
0000000000000000000aa9b31dd
0000000000000000000ffbece9e
000000000000000000fe8090626
0000000000000000000d69029ac
0000000000000000000ecfb5023
0000000000000000000aa8cda1a
000000000000000000f600a17cc
0000000000000000000095a1542
000000000000000000fd665481b
00000000000000000000be18561
00000000000000000000315aaf7
000000000000000000fd5e2b0ca
000000000000000000f00805a37
00000000000000000004d6f3879
000000000000000000fb49d9d83
00000000000000000000dbebb1c
000000000000000000014aeb75f
0000000000000000000457af696
000000000000000000febe6951a
0000000000000000000322aa588
0000000000000000000a4d52b20
0000000000000000000f9a9404b
0000000000000000000c040ec80
0000000000000000000d4181bd7
00000000000000000003b69f7b2
0000000000000000000a452302d
000000000000000000fbedd1e91
0000000000000000000d1471bea
000000000000000000087a0ce8d
0000000000000000000a4e4a16a
0000000000000000000704d14be
00000000000000000004d3e5183
0000000000000000000c822b878
0000000000000000000f8f291bf
000000000000000000029647b8a
000000000000000000ff17ad2b9
0000000000000000000f45d6b83
000000000000000000f6e4f0591
00000000000000000000f10b2cf
000000000000000000fdc313315
000000000000000000fe5b3a2ad
00000000000000000009afd6806
000000000000000000075c8dfa2
00000000000000000006b01c040
000000000000000000016097af0
0000000000000000000f93413e1
00000000000000000003967ef6c
000000000000000000f9df881f7
0000000000000000000e17c5f4e
00000000000000000007b3fa910
000000000000000000f0a4e4811
000000000000000000083383eb5
0000000000000000000028111b7
000000000000000000f1ef99c18
00000000000000000000ea26fb4
0000000000000000000f5c089fa
00000000000000000006e1d75cd
000000000000000000f69859f52
00000000000000000004e165d29
0000000000000000000801f8735
0000000000000000000075279af
0000000000000000001010218fb
000000000000000000f4fca9823
0000000000000000000a44f49ba
000000000000000000f4c8f1f7b
00000000000000000004dccb8ea
0000000000000000000dd2e5bd7
0000000000000000000b135f6dd
0000000000000000000cccd91fc
000000000000000000fa7e9c90f
000000000000000000fa9bc5912
000000000000000000012f3feba
000000000000000000f3537d750
00000000000000000005ca83ceb
000000000000000000f81ae5b60
0000000000000000000f9892f90
000000000000000000065a73e4f
0000000000000000000921c5465
0000000000000000000ec2d49fc
000000000000000000080576fba
000000000000000000f7d3a2112
0000000000000000000ca87a5a0
0000000000000000000ff7c3dd3
000000000000000000fb853f0dd
000000000000000000fbc5aa5c4
0000000000000000000e4327e7b
000000000000000000f49d92e71
0000000000000000000e9640049
0000000000000000000a6d7789c
000000000000000000f9894265c
00000000000000000004a36dff6
000000000000000000fe76bc7f7
0000000000000000000a53e2ef9
000000000000000000f23e4fc05
0000000000000000000847f0c09
0000000000000000000e1babea7
000000000000000000f3c315465
000000000000000000f0121a66e
000000000000000000056cdf148
00000000000000000005bbe1bc0
00000000000000000005e53f727
000000000000000000015916884
0000000000000000000ed132070
00000000000000000008d2e6dd3
00000000000000000004e38b466
000000000000000000f8673d56f
0000000000000000000f475e8cc
000000000000000000ff126b299
00000000000000000000e1e179c
000000000000000000fa610f9a2
0000000000000000000ba5ca6a0
00000000000000000002a564f62
0000000000000000000baed0eb3
000000000000000000073ab7f2f
00000000000000000002a7cd2ef
000000000000000000fee3d4e5f
000000000000000000fd94c8c84
000000000000000000036ee29b7
0000000000000000000dcd0a0f8
0000000000000000000f23ca54d
0000000000000000000290a4109
0000000000000000000818d49ea
0000000000000000000eb0c3e12
0000000000000000000dac1130c
000000000000000000f0976e747
00000000000000000001b8d68b7
000000000000000000f87729815
00000000000000000002ffe2031
00000000000000000008ead256c
000000000000000000050f59905
000000000000000000019336c84
000000000000000000fc8844de6
000000000000000000012a4f4c3
000000000000000000fbdcbabb7
0000000000000000000a6034120
0000000000000000000f7806d35
00000000000000000009b5379fb
000000000000000000feae8c6c6
000000000000000000028be917e
0000000000000000000174bed32
000000000000000000011136da6
0000000000000000000a147bd29
00000000000000000004241a085
000000000000000000f217b2234
00000000000000000009c55c8d0
000000000000000000062698aae
000000000000000000059d006aa
0000000000000000000472650ff
00000000000000000002158f98d
00000000000000000002183f96e
000000000000000000fd4cbb0d6
0000000000000000000eaed83af
000000000000000000f3f0978fe
000000000000000000f08ab5431
00000000000000000005fa08846
0000000000000000000a43705cc
000000000000000000faea61a89
00000000000000000009a296364
000000000000000000046d23e7c
0000000000000000000fce02d9b
0000000000000000000561e0f54
00000000000000000007c7ab6e0
0000000000000000000c0b2648f
000000000000000000014656bcf
000000000000000000f5e44bb37
00000000000000000009e51d428
000000000000000000f886cd6bc
00000000000000000003a1837c1
00000000000000000001d9c79c6
000000000000000000072f9bfef
0000000000000000000f237ac06
000000000000000000003888753
00000000000000000005b163abe
000000000000000000fe936d28f
00000000000000000009b831bbc
000000000000000000078c1158b
0000000000000000000f194676e
000000000000000000f5a445b25
000000000000000000fc002551b
0000000000000000000a8d85e28
00000000000000000002907272d
000000000000000000f56f5529c
00000000000000000000eec0e8c
000000000000000000f034fe128
0000000000000000000cc81234f
0000000000000000000488f0194
000000000000000000f4e1cbb92
00000000000000000000c2e8f87
0000000000000000000d921c898
0000000000000000000ef758704
00000000000000000003c726003
000000000000000000f37dc37df
000000000000000000006f61656
000000000000000000f28c2ade5
000000000000000000f9797a70b
000000000000000000031aeb37c
000000000000000000099467dde
000000000000000000fbf7d24cd
000000000000000000f749fd27c
000000000000000000ff641e0ee
0000000000000000000c4c57c0d
00000000000000000003efbb4aa
0000000000000000000953dea3d
00000000000000000001b79869e
00000000000000000003cc86cf8
00000000000000000003bd8a280
0000000000000000000cf52d409
00000000000000000002eb9a109
0000000000000000000ac34c8a7
000000000000000000fd7630720
000000000000000000f2336e2d9
000000000000000000001c02db5
000000000000000000f4097117b
0000000000000000000f2aad672
00000000000000000006cee2429
0000000000000000000aefc5a4e
000000000000000000fe2917c3a
00000000000000000006c01c32f
000000000000000000f63d292a7
00000000000000000006e8e240b
0000000000000000000670fe994
000000000000000000f9b1fe3ae
0000000000000000000b1ab97c7
000000000000000000f381fc350
000000000000000000025549609
0000000000000000000739e8202
0000000000000000000b863897d
000000000000000000039cc6487
000000000000000000ff1de0919
00000000000000000003c5136d3
000000000000000000035c0167e
000000000000000000f5175ad94
0000000000000000000a1d3326a
0000000000000000000bada5e07
000000000000000000f70751aa2
0000000000000000000b668393b
0000000000000000000bba88a69
00000000000000000002e18dbff
000000000000000000fb634cc8e
0000000000000000000a1fb91c6
0000000000000000000bd912228
0000000000000000000e136ee72
000000000000000000f64aa825d
000000000000000000fbcca19d2
000000000000000000f3ff8c7c2
0000000000000000000cfbe25b6
000000000000000000fce7461ad
0000000000000000000995f7dc7
0000000000000000000c581806e
000000000000000000045fae796
0000000000000000000650965df
0000000000000000000d17e45e2
0000000000000000000dd6aee09
000000000000000000f122bcf9e
000000000000000000fcf1b87f5
00000000000000000007f2904eb
0000000000000000000a2f92175
0000000000000000000ba731419
000000000000000000f7b9bc9c6
000000000000000000055ab8c00
0000000000000000000ccde693f
000000000000000000fb4c52a2b
00000000000000000009583afca
000000000000000000094664137
0000000000000000000e9f0f1fb
0000000000000000000b79c06d9
00000000000000000006924a725
0000000000000000000bdbc5bd6
000000000000000000f6dca7160
0000000000000000000acd307f4
0000000000000000000debbbf6c
000000000000000000f4d83490b
0000000000000000000b39d67db
00000000000000000000c59ac54
0000000000000000000bcbd72d3
000000000000000000f62b3a52b
0000000000000000000840f305d
000000000000000000f8b31fbfa
00000000000000000003f9e3e49
000000000000000000f61254c8c
0000000000000000000af395962
000000000000000000f2e59920f
000000000000000000034537e9b
000000000000000000fe7cdd55f
000000000000000000f063403f6
0000000000000000000ed2e771f
0000000000000000000aa47e00e
000000000000000000089db0c51
0000000000000000000df22eb6b
0000000000000000000436f1172
000000000000000000f2016cb04
000000000000000000005de53ce
0000000000000000000b68f7426
000000000000000000fb82a33a8
0000000000000000000baa1a194
00000000000000000001e3cd148
00000000000000000007ad74140
00000000000000000003b8c4a56
0000000000000000000387b179b
0000000000000000000086d9337
000000000000000000003e2dc97
0000000000000000000419e7f1d
00000000000000000002b2579af
000000000000000000f5184caa1
0000000000000000000b2d925f7
00000000000000000006d5e75f1
000000000000000000ffc238917
00000000000000000001e7bd882
00000000000000000005ce25d79
000000000000000000f5885c0c0
00000000000000000009d65048b
000000000000000000f6d802046
00000000000000000006617a231
000000000000000000011d92701
00000000000000000003a17e697
000000000000000000070056572
000000000000000000fe5bbc80c
00000000000000000001935fe67
0000000000000000000c1242af7
0000000000000000000b6ae29c3
0000000000000000000b97fb126
000000000000000000024555511
00000000000000000004196c353
0000000000000000000378327a1
0000000000000000000e57ef69b
000000000000000000089cd6e8c
00000000000000000003175caf5
0000000000000000000cbafbbc2
000000000000000000056c6c7fd
00000000000000000005b8f6d5b
000000000000000000f6b67b504
000000000000000000f604bd4d9
00000000000000000004cefcdda
000000000000000000f92ff6367
000000000000000000fcad96d27
0000000000000000000381483fb
0000000000000000000f0d915da
0000000000000000000428f2b4e
000000000000000000f6a4e807d
000000000000000000058f00ca3
000000000000000000097e36ce0
0000000000000000000e316ec93
0000000000000000000e9767cb9
00000000000000000005c1f8776
000000000000000000012a52d8f
00000000000000000001830d079
000000000000000000fa28c95bb
0000000000000000000ba4c00ad
0000000000000000000d41fa6a0
0000000000000000000e47b742b
000000000000000000f18249bc8
00000000000000000006cd0487e
0000000000000000000b63e32ec
000000000000000000fa6728125
00000000000000000008e778c90
0000000000000000000fa973aea
0000000000000000000c5370210
000000000000000000f8e158af2
0000000000000000000bdcae0f7
0000000000000000000c95befdc
000000000000000000026ecd342
