000000000000000000000000000
000000000000000000000000000
000000000000000000000000000
000000000000000000000000000
000000000000000000000000000
000000000000000000000000000
000000000000000000000000000
000000000000000000000000000
000000000000000000000000000
000000000000000000000000000
000000000000000000000000000
000000000000000000000000000
000000000000000000000000000
000000000000000000000000000
000000000000000000000000000
000000000000000000000000000
000000000000000000000000000
000000000000000000000000000
000000000000000000000000000
000000000000000000000000000
000000000000000000000000000
000000000000000000000000000
000000000000000000000000000
000000000000000000000000000
000000000000000000000000000
000000000000000000000000000
000000000000000000000000000
000000000000000000000000000
000000000000000000000000000
000000000000000000000000000
000000000000000000000000000
000000000000000000000000000
000000000000000000000000000
000000000000000000000000000
000000000000000000000000000
000000000000000000000000000
000000000000000000000000000
000000000000000000000000000
000000000000000000000000000
000000000000000000000000000
000000000000000000000000000
000000000000000000000000000
000000000000000000000000000
000000000000000000000000000
000000000000000000000000000
000000000000000000000000000
000000000000000000000000000
000000000000000000000000000
000000000000000000000000000
000000000000000000000000000
000000000000000000000000000
000000000000000000000000000
000000000000000000000000000
000000000000000000000000000
000000000000000000000000000
000000000000000000000000000
000000000000000000000000000
000000000000000000000000000
000000000000000000000000000
000000000000000000000000000
000000000000000000000000000
000000000000000000000000000
000000000000000000000000000
000000000000000000000000000
000000000000000000000000000
000000000000000000000000000
000000000000000000000000000
000000000000000000000000000
000000000000000000000000000
000000000000000000000000000
000000000000000000000000000
000000000000000000000000000
000000000000000000000000000
000000000000000000000000000
000000000000000000000000000
000000000000000000000000000
000000000000000000000000000
000000000000000000000000000
000000000000000000000000000
000000000000000000000000000
000000000000000000000000000
000000000000000000000000000
000000000000000000000000000
000000000000000000000000000
000000000000000000000000000
000000000000000000000000000
000000000000000000000000000
000000000000000000000000000
000000000000000000000000000
000000000000000000000000000
000000000000000000000000000
000000000000000000000000000
000000000000000000000000000
000000000000000000000000000
000000000000000000000000000
000000000000000000000000000
000000000000000000fffd53ee0
000000000000000000fff736d89
000000000000000000000019788
000000000000000000000b8bf75
000000000000000000fff174baa
000000000000000000000bf994c
000000000000000000fff41d09c
000000000000000000ffd922c6e
0000000000000000000006ea81f
000000000000000000001af4fe7
000000000000000000fffb1b34d
0000000000000000000018cae1a
000000000000000000ffd4e071d
000000000000000000ffc6a83ea
00000000000000000000131dfc7
0000000000000000000017c539f
000000000000000000001df9cec
0000000000000000000002c2f03
000000000000000000ffce496c4
000000000000000000ffe17eea8
000000000000000000000d7e61c
000000000000000000001302ebc
000000000000000000fffa5b3a0
000000000000000000fff9101dc
000000000000000000000000000
000000000000000000000000000
000000000000000000000000000
000000000000000000000000000
000000000000000000000000000
000000000000000000000000000
000000000000000000000000000
000000000000000000000000000
000000000000000000000000000
000000000000000000000000000
000000000000000000000000000
000000000000000000000000000
000000000000000000000000000
000000000000000000000000000
000000000000000000000000000
000000000000000000000000000
000000000000000000000000000
000000000000000000000000000
000000000000000000000000000
000000000000000000000000000
000000000000000000000000000
000000000000000000000000000
000000000000000000000000000
000000000000000000000000000
000000000000000000000000000
000000000000000000000000000
000000000000000000000000000
000000000000000000000000000
000000000000000000000000000
000000000000000000000000000
000000000000000000000000000
000000000000000000000000000
000000000000000000000000000
000000000000000000000000000
000000000000000000000000000
000000000000000000000000000
000000000000000000000000000
000000000000000000000000000
000000000000000000000000000
000000000000000000000000000
000000000000000000000000000
000000000000000000000000000
000000000000000000000000000
000000000000000000000000000
000000000000000000000000000
000000000000000000000000000
000000000000000000000000000
000000000000000000000000000
000000000000000000000000000
000000000000000000000000000
000000000000000000000000000
000000000000000000000000000
000000000000000000000000000
000000000000000000000000000
000000000000000000000000000
000000000000000000000000000
000000000000000000000000000
000000000000000000000000000
000000000000000000000000000
000000000000000000000000000
000000000000000000000000000
000000000000000000000000000
000000000000000000000000000
000000000000000000000000000
000000000000000000000000000
000000000000000000000000000
000000000000000000000000000
000000000000000000000000000
000000000000000000000000000
000000000000000000000000000
000000000000000000000000000
000000000000000000000000000
000000000000000000000000000
000000000000000000000000000
000000000000000000000000000
000000000000000000000000000
000000000000000000000000000
000000000000000000000000000
000000000000000000000000000
000000000000000000000000000
000000000000000000000000000
000000000000000000000000000
000000000000000000000000000
000000000000000000000000000
000000000000000000000000000
000000000000000000000000000
000000000000000000000000000
000000000000000000000000000
000000000000000000000000000
000000000000000000000000000
000000000000000000000000000
000000000000000000000000000
000000000000000000000000000
000000000000000000000000000
000000000000000000000000000
000000000000000000000000000
000000000000000000000000000
000000000000000000000000000
000000000000000000000000000
000000000000000000000000000
000000000000000000000000000
000000000000000000000000000
000000000000000000000000000
000000000000000000000000000
000000000000000000000000000
000000000000000000000000000
000000000000000000000000000
000000000000000000000000000
000000000000000000000000000
000000000000000000000000000
000000000000000000000000000
000000000000000000000000000
000000000000000000000000000
000000000000000000000000000
000000000000000000000000000
000000000000000000000000000
000000000000000000000000000
000000000000000000000000000
000000000000000000000000000
000000000000000000000000000
000000000000000000000000000
000000000000000000000000000
000000000000000000000000000
000000000000000000000000000
000000000000000000000000000
000000000000000000000000000
000000000000000000ffffa1a20
000000000000000000fffec9baf
000000000000000000000003838
000000000000000000000197c63
000000000000000000fffdfe606
0000000000000000000001a6e54
0000000000000000000007f6e93
000000000000000000ffc405ba8
000000000000000000000204276
0000000000000000000030e5261
000000000000000000ffcbf0377
000000000000000000003fbe5a4
000000000000000000ffeaad2c9
000000000000000000ff5ca3933
000000000000000000001bd571c
0000000000000000000050d1991
000000000000000000002897257
0000000000000000000051cb3e9
000000000000000000ff513779e
000000000000000000ff642f0f4
000000000000000000003d5840c
000000000000000000005331ee0
000000000000000000005523ca5
000000000000000000ffe9632fa
000000000000000000ff78223f5
000000000000000000ffbd7f92a
000000000000000000002ae98ef
0000000000000000000036d80f7
000000000000000000ffef6d4f8
000000000000000000ffdde78fb
000000000000000000000000000
000000000000000000000000000
000000000000000000000000000
000000000000000000000000000
000000000000000000000000000
000000000000000000000000000
000000000000000000000000000
000000000000000000000000000
000000000000000000000000000
000000000000000000000000000
000000000000000000000000000
000000000000000000000000000
000000000000000000000000000
000000000000000000000000000
000000000000000000000000000
000000000000000000000000000
000000000000000000000000000
000000000000000000000000000
000000000000000000000000000
000000000000000000000000000
000000000000000000000000000
000000000000000000000000000
000000000000000000000000000
000000000000000000000000000
000000000000000000000000000
000000000000000000000000000
000000000000000000000000000
000000000000000000000000000
000000000000000000000000000
000000000000000000000000000
000000000000000000000000000
000000000000000000000000000
000000000000000000000000000
000000000000000000000000000
000000000000000000000000000
000000000000000000000000000
000000000000000000000000000
000000000000000000000000000
000000000000000000000000000
000000000000000000000000000
000000000000000000000000000
000000000000000000000000000
000000000000000000000000000
000000000000000000000000000
000000000000000000000000000
000000000000000000000000000
000000000000000000000000000
000000000000000000000000000
000000000000000000000000000
000000000000000000000000000
000000000000000000000000000
000000000000000000000000000
000000000000000000000000000
000000000000000000000000000
000000000000000000000000000
000000000000000000000000000
000000000000000000000000000
000000000000000000000000000
000000000000000000000000000
000000000000000000000000000
000000000000000000000000000
000000000000000000000000000
000000000000000000000000000
000000000000000000000000000
000000000000000000000000000
000000000000000000000000000
000000000000000000000000000
000000000000000000000000000
000000000000000000000000000
000000000000000000000000000
000000000000000000000000000
000000000000000000000000000
000000000000000000000000000
000000000000000000000000000
000000000000000000000000000
000000000000000000000000000
000000000000000000000000000
000000000000000000000000000
000000000000000000000000000
000000000000000000000000000
000000000000000000000000000
000000000000000000000000000
000000000000000000000000000
000000000000000000000000000
000000000000000000000000000
000000000000000000000000000
000000000000000000000000000
000000000000000000000000000
000000000000000000000000000
000000000000000000000000000
000000000000000000000000000
000000000000000000000000000
000000000000000000000000000
000000000000000000000000000
000000000000000000000000000
000000000000000000000000000
000000000000000000000000000
000000000000000000000000000
000000000000000000000000000
000000000000000000000000000
000000000000000000000000000
000000000000000000000000000
000000000000000000000000000
000000000000000000000000000
000000000000000000000000000
000000000000000000000000000
000000000000000000000000000
000000000000000000000000000
000000000000000000000000000
000000000000000000000000000
000000000000000000000000000
000000000000000000000000000
000000000000000000000000000
000000000000000000000000000
000000000000000000000000000
000000000000000000000000000
000000000000000000000000000
000000000000000000000000000
000000000000000000000000000
000000000000000000000000000
000000000000000000000000000
000000000000000000000000000
000000000000000000000000000
000000000000000000000000000
000000000000000000000000000
000000000000000000000000000
0000000000000000000001f61b9
000000000000000000fffa806ee
00000000000000000000001faeb
000000000000000000000389ed4
000000000000000000fffc4ea9c
0000000000000000000005898b2
000000000000000000004ad1acb
000000000000000000ff85ba210
0000000000000000000012dae51
000000000000000000002b42659
000000000000000000ffdc9aaf1
000000000000000000007d0e2ed
000000000000000000001982b50
000000000000000000ff4dc931f
00000000000000000000338e638
00000000000000000000375b537
00000000000000000000625a5ed
000000000000000000006fac5fc
000000000000000000ff449169e
000000000000000000ff9c60fa4
00000000000000000000550c77e
000000000000000000004b772e4
00000000000000000000602f013
000000000000000000ffa002666
000000000000000000ff7e3f73d
000000000000000000ffda25710
000000000000000000003ed27de
0000000000000000000035a15fe
000000000000000000ffdd8b680
000000000000000000ffa73a3d5
000000000000000000000000000
000000000000000000000000000
000000000000000000000000000
000000000000000000000000000
000000000000000000000000000
000000000000000000000000000
000000000000000000000000000
000000000000000000000000000
000000000000000000000000000
000000000000000000000000000
000000000000000000000000000
000000000000000000000000000
000000000000000000000000000
000000000000000000000000000
000000000000000000000000000
000000000000000000000000000
000000000000000000000000000
000000000000000000000000000
000000000000000000000000000
000000000000000000000000000
000000000000000000000000000
000000000000000000000000000
000000000000000000000000000
000000000000000000000000000
000000000000000000000000000
000000000000000000000000000
000000000000000000000000000
000000000000000000000000000
000000000000000000000000000
000000000000000000000000000
000000000000000000000000000
000000000000000000000000000
000000000000000000000000000
000000000000000000000000000
000000000000000000000000000
000000000000000000000000000
000000000000000000000000000
000000000000000000000000000
000000000000000000000000000
000000000000000000000000000
000000000000000000000000000
000000000000000000000000000
000000000000000000000000000
000000000000000000000000000
000000000000000000000000000
000000000000000000000000000
000000000000000000000000000
000000000000000000000000000
000000000000000000000000000
000000000000000000000000000
000000000000000000000000000
000000000000000000000000000
000000000000000000000000000
000000000000000000000000000
000000000000000000000000000
000000000000000000000000000
000000000000000000000000000
000000000000000000000000000
000000000000000000000000000
000000000000000000000000000
000000000000000000000000000
000000000000000000000000000
000000000000000000000000000
000000000000000000000000000
000000000000000000000000000
000000000000000000000000000
000000000000000000000000000
000000000000000000000000000
000000000000000000000000000
000000000000000000000000000
000000000000000000000000000
000000000000000000000000000
000000000000000000000000000
000000000000000000000000000
000000000000000000000000000
000000000000000000000000000
000000000000000000000000000
000000000000000000000000000
000000000000000000000000000
000000000000000000000000000
000000000000000000000000000
000000000000000000000000000
000000000000000000000000000
000000000000000000000000000
000000000000000000000000000
000000000000000000000000000
000000000000000000000000000
000000000000000000000000000
000000000000000000000000000
000000000000000000000000000
000000000000000000000000000
000000000000000000000000000
000000000000000000000000000
000000000000000000000000000
000000000000000000000000000
000000000000000000000000000
000000000000000000000000000
000000000000000000000000000
000000000000000000000000000
000000000000000000000000000
000000000000000000000000000
000000000000000000000000000
000000000000000000000000000
000000000000000000000000000
000000000000000000000000000
000000000000000000000000000
000000000000000000000000000
000000000000000000000000000
000000000000000000000000000
000000000000000000000000000
000000000000000000000000000
000000000000000000000000000
000000000000000000000000000
000000000000000000000000000
000000000000000000000000000
000000000000000000000000000
000000000000000000000000000
000000000000000000000000000
000000000000000000000000000
000000000000000000000000000
000000000000000000000000000
000000000000000000000000000
000000000000000000000000000
000000000000000000000000000
000000000000000000000000000
000000000000000000000000000
000000000000000000000405b5b
000000000000000000fff0b5b31
00000000000000000000024025c
000000000000000000000bcb3c9
000000000000000000fff0da064
000000000000000000001404c6f
000000000000000000005de529d
000000000000000000ff738f2cc
000000000000000000004576561
00000000000000000000234c8c4
000000000000000000ffd395672
00000000000000000000cb7dc5a
000000000000000000003311be5
000000000000000000ff4ebfe3a
00000000000000000000787de74
000000000000000000000a07e9d
000000000000000000008a155c1
000000000000000000008d94e16
000000000000000000ff5dec9cf
000000000000000000ffb22fde8
000000000000000000007dcce55
000000000000000000002b3988a
000000000000000000003b96b2c
000000000000000000ff57d7700
000000000000000000ffa3ef1a6
000000000000000000ffef243e8
0000000000000000000047bc2bd
0000000000000000000021ed1af
000000000000000000ffc76f223
000000000000000000ff7a3b3fc
000000000000000000000000000
000000000000000000000000000
000000000000000000000000000
000000000000000000000000000
000000000000000000000000000
000000000000000000000000000
000000000000000000000000000
000000000000000000000000000
000000000000000000000000000
000000000000000000000000000
000000000000000000000000000
000000000000000000000000000
000000000000000000000000000
000000000000000000000000000
000000000000000000000000000
000000000000000000000000000
000000000000000000000000000
000000000000000000000000000
000000000000000000000000000
000000000000000000000000000
000000000000000000000000000
000000000000000000000000000
000000000000000000000000000
000000000000000000000000000
000000000000000000000000000
000000000000000000000000000
000000000000000000000000000
000000000000000000000000000
000000000000000000000000000
000000000000000000000000000
000000000000000000000000000
000000000000000000000000000
000000000000000000000000000
000000000000000000000000000
000000000000000000000000000
000000000000000000000000000
000000000000000000000000000
000000000000000000000000000
000000000000000000000000000
000000000000000000000000000
000000000000000000000000000
000000000000000000000000000
000000000000000000000000000
000000000000000000000000000
000000000000000000000000000
000000000000000000000000000
000000000000000000000000000
000000000000000000000000000
000000000000000000000000000
000000000000000000000000000
000000000000000000000000000
000000000000000000000000000
000000000000000000000000000
000000000000000000000000000
000000000000000000000000000
000000000000000000000000000
000000000000000000000000000
000000000000000000000000000
000000000000000000000000000
000000000000000000000000000
000000000000000000000000000
000000000000000000000000000
000000000000000000000000000
000000000000000000000000000
000000000000000000000000000
000000000000000000000000000
000000000000000000000000000
000000000000000000000000000
000000000000000000000000000
000000000000000000000000000
000000000000000000000000000
000000000000000000000000000
000000000000000000000000000
000000000000000000000000000
000000000000000000000000000
000000000000000000000000000
000000000000000000000000000
000000000000000000000000000
000000000000000000000000000
000000000000000000000000000
000000000000000000000000000
000000000000000000000000000
000000000000000000000000000
000000000000000000000000000
000000000000000000000000000
000000000000000000000000000
000000000000000000000000000
000000000000000000000000000
000000000000000000000000000
000000000000000000000000000
000000000000000000000000000
000000000000000000000000000
000000000000000000000000000
000000000000000000000000000
000000000000000000000000000
000000000000000000000000000
000000000000000000000000000
000000000000000000000000000
000000000000000000000000000
000000000000000000000000000
000000000000000000000000000
000000000000000000000000000
000000000000000000000000000
000000000000000000000000000
000000000000000000000000000
000000000000000000000000000
000000000000000000000000000
000000000000000000000000000
000000000000000000000000000
000000000000000000000000000
000000000000000000000000000
000000000000000000000000000
000000000000000000000000000
000000000000000000000000000
000000000000000000000000000
000000000000000000000000000
000000000000000000000000000
000000000000000000000000000
000000000000000000000000000
000000000000000000000000000
000000000000000000ffff5ac40
000000000000000000fffde0b9e
000000000000000000000006270
0000000000000000000002ca006
000000000000000000fffc7ca8c
0000000000000000000002e47a8
000000000000000000000ee8b9b
000000000000000000ffc8840f8
000000000000000000000712a41
0000000000000000000023f2774
000000000000000000ffdbab6a2
000000000000000000003c59254
000000000000000000006fe32ea
000000000000000000ff14e37fe
000000000000000000005c5647f
000000000000000000003924ee5
0000000000000000000003e6fef
00000000000000000000fcd90ec
000000000000000000ffe45a7f1
000000000000000000ff2a89d10
0000000000000000000090f451b
000000000000000000002688459
00000000000000000000abf47aa
000000000000000000006dd86f3
000000000000000000ff364c725
000000000000000000ffb1033d0
00000000000000000000943fb48
000000000000000000003d038f9
000000000000000000003263bcd
000000000000000000ff33adabc
000000000000000000ffa2ac196
000000000000000000ffef6aef2
0000000000000000000048b51da
00000000000000000000228685c
000000000000000000ffc6e1657
000000000000000000ff7872502
000000000000000000000000000
000000000000000000000000000
000000000000000000000000000
000000000000000000000000000
000000000000000000000000000
000000000000000000000000000
000000000000000000000000000
000000000000000000000000000
000000000000000000000000000
000000000000000000000000000
000000000000000000000000000
000000000000000000000000000
000000000000000000000000000
000000000000000000000000000
000000000000000000000000000
000000000000000000000000000
000000000000000000000000000
000000000000000000000000000
000000000000000000000000000
000000000000000000000000000
000000000000000000000000000
000000000000000000000000000
000000000000000000000000000
000000000000000000000000000
000000000000000000000000000
000000000000000000000000000
000000000000000000000000000
000000000000000000000000000
000000000000000000000000000
000000000000000000000000000
000000000000000000000000000
000000000000000000000000000
000000000000000000000000000
000000000000000000000000000
000000000000000000000000000
000000000000000000000000000
000000000000000000000000000
000000000000000000000000000
000000000000000000000000000
000000000000000000000000000
000000000000000000000000000
000000000000000000000000000
000000000000000000000000000
000000000000000000000000000
000000000000000000000000000
000000000000000000000000000
000000000000000000000000000
000000000000000000000000000
000000000000000000000000000
000000000000000000000000000
000000000000000000000000000
000000000000000000000000000
000000000000000000000000000
000000000000000000000000000
000000000000000000000000000
000000000000000000000000000
000000000000000000000000000
000000000000000000000000000
000000000000000000000000000
000000000000000000000000000
000000000000000000000000000
000000000000000000000000000
000000000000000000000000000
000000000000000000000000000
000000000000000000000000000
000000000000000000000000000
000000000000000000000000000
000000000000000000000000000
000000000000000000000000000
000000000000000000000000000
000000000000000000000000000
000000000000000000000000000
000000000000000000000000000
000000000000000000000000000
000000000000000000000000000
000000000000000000000000000
000000000000000000000000000
000000000000000000000000000
000000000000000000000000000
000000000000000000000000000
000000000000000000000000000
000000000000000000000000000
000000000000000000000000000
000000000000000000000000000
000000000000000000000000000
000000000000000000000000000
000000000000000000000000000
000000000000000000000000000
000000000000000000000000000
000000000000000000000000000
000000000000000000000000000
000000000000000000000000000
000000000000000000000000000
000000000000000000000000000
000000000000000000000000000
000000000000000000000000000
000000000000000000000000000
000000000000000000000000000
000000000000000000000000000
000000000000000000000000000
000000000000000000000000000
000000000000000000000000000
000000000000000000000000000
000000000000000000000000000
000000000000000000000000000
000000000000000000000000000
000000000000000000000000000
000000000000000000000000000
000000000000000000000000000
000000000000000000000000000
000000000000000000000000000
000000000000000000000000000
000000000000000000000000000
000000000000000000000000000
000000000000000000000000000
000000000000000000000000000
000000000000000000000000000
000000000000000000000000000
000000000000000000000000000
000000000000000000000000000
000000000000000000000179fd2
000000000000000000ffefef887
00000000000000000000004a22e
000000000000000000000ea7f57
000000000000000000ffeee0dd6
000000000000000000001278188
000000000000000000002ab66f9
000000000000000000ff6ae3c0a
000000000000000000001b1ab4d
00000000000000000000502e00f
000000000000000000ffc3e09a7
0000000000000000000097c90f5
00000000000000000000502c1ec
000000000000000000feb735ba7
000000000000000000009d4011f
0000000000000000000047461fd
00000000000000000000635a7f5
000000000000000000012932521
000000000000000000ff845156e
000000000000000000ff07fb124
00000000000000000000cb857d1
000000000000000000003e683e1
00000000000000000000a9ca6ea
0000000000000000000033205aa
000000000000000000ff3f733c9
000000000000000000ffbfd93b2
00000000000000000000a6d48f1
0000000000000000000035eee55
000000000000000000001bdbf72
000000000000000000feff5b50b
000000000000000000ffa4168e0
000000000000000000fff08bfc0
00000000000000000000493ac80
0000000000000000000021d3c40
000000000000000000ffc5f0720
000000000000000000ff7647660
000000000000000000000000000
000000000000000000000000000
000000000000000000000000000
000000000000000000000000000
000000000000000000000000000
000000000000000000000000000
000000000000000000000000000
000000000000000000000000000
000000000000000000000000000
000000000000000000000000000
000000000000000000000000000
000000000000000000000000000
000000000000000000000000000
000000000000000000000000000
000000000000000000000000000
000000000000000000000000000
000000000000000000000000000
000000000000000000000000000
000000000000000000000000000
000000000000000000000000000
000000000000000000000000000
000000000000000000000000000
000000000000000000000000000
000000000000000000000000000
000000000000000000000000000
000000000000000000000000000
000000000000000000000000000
000000000000000000000000000
000000000000000000000000000
000000000000000000000000000
000000000000000000000000000
000000000000000000000000000
000000000000000000000000000
000000000000000000000000000
000000000000000000000000000
000000000000000000000000000
000000000000000000000000000
000000000000000000000000000
000000000000000000000000000
000000000000000000000000000
000000000000000000000000000
000000000000000000000000000
000000000000000000000000000
000000000000000000000000000
000000000000000000000000000
000000000000000000000000000
000000000000000000000000000
000000000000000000000000000
000000000000000000000000000
000000000000000000000000000
000000000000000000000000000
000000000000000000000000000
000000000000000000000000000
000000000000000000000000000
000000000000000000000000000
000000000000000000000000000
000000000000000000000000000
000000000000000000000000000
000000000000000000000000000
000000000000000000000000000
000000000000000000000000000
000000000000000000000000000
000000000000000000000000000
000000000000000000000000000
000000000000000000000000000
000000000000000000000000000
000000000000000000000000000
000000000000000000000000000
000000000000000000000000000
000000000000000000000000000
000000000000000000000000000
000000000000000000000000000
000000000000000000000000000
000000000000000000000000000
000000000000000000000000000
000000000000000000000000000
000000000000000000000000000
000000000000000000000000000
000000000000000000000000000
000000000000000000000000000
000000000000000000000000000
000000000000000000000000000
000000000000000000000000000
000000000000000000000000000
000000000000000000000000000
000000000000000000000000000
000000000000000000000000000
000000000000000000000000000
000000000000000000000000000
000000000000000000000000000
000000000000000000000000000
000000000000000000000000000
000000000000000000000000000
000000000000000000000000000
000000000000000000000000000
000000000000000000000000000
000000000000000000000000000
000000000000000000000000000
000000000000000000000000000
000000000000000000000000000
000000000000000000000000000
000000000000000000000000000
000000000000000000000000000
000000000000000000000000000
000000000000000000000000000
000000000000000000000000000
000000000000000000000000000
000000000000000000000000000
000000000000000000000000000
000000000000000000000000000
000000000000000000000000000
000000000000000000000000000
000000000000000000000000000
000000000000000000000000000
000000000000000000000000000
000000000000000000000000000
000000000000000000000000000
000000000000000000000000000
000000000000000000000000000
000000000000000000000000000
0000000000000000000016a66f3
000000000000000000ffd9173c7
0000000000000000000004679c7
000000000000000000001104669
000000000000000000ffee1d0fa
00000000000000000000293372c
0000000000000000000083fc572
000000000000000000ff28d9ece
000000000000000000003c75172
000000000000000000003901c42
000000000000000000ffee1fc96
00000000000000000000e77168a
000000000000000000005979320
000000000000000000fee530621
00000000000000000000b2ea5cd
000000000000000000002a6f91b
000000000000000000009143bd2
000000000000000000010dc653b
000000000000000000ff8d20710
000000000000000000ff40d937e
00000000000000000000ede797a
00000000000000000000354a7e8
0000000000000000000096ed5d2
000000000000000000ffdcfa496
000000000000000000ff4b751c9
000000000000000000ffcd8c6d4
00000000000000000000ae2b532
00000000000000000000302e696
0000000000000000000011ed73e
000000000000000000fee629759
000000000000000000ffa4a5b60
000000000000000000fff0db340
000000000000000000004956600
00000000000000000000218a540
000000000000000000ffc5a4960
000000000000000000ff75acde0
000000000000000000000000000
000000000000000000000000000
000000000000000000000000000
000000000000000000000000000
000000000000000000000000000
000000000000000000000000000
000000000000000000000000000
000000000000000000000000000
000000000000000000000000000
000000000000000000000000000
000000000000000000000000000
000000000000000000000000000
000000000000000000000000000
000000000000000000000000000
000000000000000000000000000
000000000000000000000000000
000000000000000000000000000
000000000000000000000000000
000000000000000000000000000
000000000000000000000000000
000000000000000000000000000
000000000000000000000000000
000000000000000000000000000
000000000000000000000000000
000000000000000000000000000
000000000000000000000000000
000000000000000000000000000
000000000000000000000000000
000000000000000000000000000
000000000000000000000000000
000000000000000000000000000
000000000000000000000000000
000000000000000000000000000
000000000000000000000000000
000000000000000000000000000
000000000000000000000000000
000000000000000000000000000
000000000000000000000000000
000000000000000000000000000
000000000000000000000000000
000000000000000000000000000
000000000000000000000000000
000000000000000000000000000
000000000000000000000000000
000000000000000000000000000
000000000000000000000000000
000000000000000000000000000
000000000000000000000000000
000000000000000000000000000
000000000000000000000000000
000000000000000000000000000
000000000000000000000000000
000000000000000000000000000
000000000000000000000000000
000000000000000000000000000
000000000000000000000000000
000000000000000000000000000
000000000000000000000000000
000000000000000000000000000
000000000000000000000000000
000000000000000000000000000
000000000000000000000000000
000000000000000000000000000
000000000000000000000000000
000000000000000000000000000
000000000000000000000000000
000000000000000000000000000
000000000000000000000000000
000000000000000000000000000
000000000000000000000000000
000000000000000000000000000
000000000000000000000000000
000000000000000000000000000
000000000000000000000000000
000000000000000000000000000
000000000000000000000000000
000000000000000000000000000
000000000000000000000000000
000000000000000000000000000
000000000000000000000000000
000000000000000000000000000
000000000000000000000000000
000000000000000000000000000
000000000000000000000000000
000000000000000000000000000
000000000000000000000000000
000000000000000000000000000
000000000000000000000000000
000000000000000000000000000
000000000000000000000000000
000000000000000000000000000
000000000000000000000000000
000000000000000000000000000
000000000000000000000000000
000000000000000000000000000
000000000000000000000000000
000000000000000000000000000
000000000000000000000000000
000000000000000000000000000
000000000000000000000000000
000000000000000000000000000
000000000000000000000000000
000000000000000000000000000
000000000000000000000000000
000000000000000000000000000
000000000000000000000000000
000000000000000000000000000
000000000000000000000000000
000000000000000000000000000
000000000000000000000000000
000000000000000000000000000
000000000000000000000000000
000000000000000000000000000
000000000000000000000000000
000000000000000000ffffe8800
000000000000000000ffffb2bc0
000000000000000000000000e00
0000000000000000000000658c0
000000000000000000ffff80180
000000000000000000000069500
000000000000000000001fa6f76
000000000000000000ffc09e8aa
0000000000000000000013a8a5d
0000000000000000000023680d8
000000000000000000ffcb8764e
000000000000000000005d96ae1
0000000000000000000099002d1
000000000000000000ff142236a
000000000000000000008a8a0b3
0000000000000000000017fe2e4
000000000000000000001ce4966
0000000000000000000132287dc
000000000000000000005bc94ae
000000000000000000feeb08bc4
00000000000000000000ec4e72c
000000000000000000000887d97
000000000000000000008c9e81b
00000000000000000000f25918b
000000000000000000ffc215afb
000000000000000000ff6230930
0000000000000000000105260cd
00000000000000000000138b6fa
000000000000000000006f49216
000000000000000000ff8de3d44
000000000000000000ff57fbb50
000000000000000000ffd5326cc
00000000000000000000afd3ee3
0000000000000000000029c6bc5
000000000000000000000b6c9f3
000000000000000000feda09802
000000000000000000ffa5a70a0
000000000000000000fff17afc0
0000000000000000000049112c0
000000000000000000002128400
000000000000000000ffc5c1b60
000000000000000000ff75cf2a0
000000000000000000000000000
000000000000000000000000000
000000000000000000000000000
000000000000000000000000000
000000000000000000000000000
000000000000000000000000000
000000000000000000000000000
000000000000000000000000000
000000000000000000000000000
000000000000000000000000000
000000000000000000000000000
000000000000000000000000000
000000000000000000000000000
000000000000000000000000000
000000000000000000000000000
000000000000000000000000000
000000000000000000000000000
000000000000000000000000000
000000000000000000000000000
000000000000000000000000000
000000000000000000000000000
000000000000000000000000000
000000000000000000000000000
000000000000000000000000000
000000000000000000000000000
000000000000000000000000000
000000000000000000000000000
000000000000000000000000000
000000000000000000000000000
000000000000000000000000000
000000000000000000000000000
000000000000000000000000000
000000000000000000000000000
000000000000000000000000000
000000000000000000000000000
000000000000000000000000000
000000000000000000000000000
000000000000000000000000000
000000000000000000000000000
000000000000000000000000000
000000000000000000000000000
000000000000000000000000000
000000000000000000000000000
000000000000000000000000000
000000000000000000000000000
000000000000000000000000000
000000000000000000000000000
000000000000000000000000000
000000000000000000000000000
000000000000000000000000000
000000000000000000000000000
000000000000000000000000000
000000000000000000000000000
000000000000000000000000000
000000000000000000000000000
000000000000000000000000000
000000000000000000000000000
000000000000000000000000000
000000000000000000000000000
000000000000000000000000000
000000000000000000000000000
000000000000000000000000000
000000000000000000000000000
000000000000000000000000000
000000000000000000000000000
000000000000000000000000000
000000000000000000000000000
000000000000000000000000000
000000000000000000000000000
000000000000000000000000000
000000000000000000000000000
000000000000000000000000000
000000000000000000000000000
000000000000000000000000000
000000000000000000000000000
000000000000000000000000000
000000000000000000000000000
000000000000000000000000000
000000000000000000000000000
000000000000000000000000000
000000000000000000000000000
000000000000000000000000000
000000000000000000000000000
000000000000000000000000000
000000000000000000000000000
000000000000000000000000000
000000000000000000000000000
000000000000000000000000000
000000000000000000000000000
000000000000000000000000000
000000000000000000000000000
000000000000000000000000000
000000000000000000000000000
000000000000000000000000000
000000000000000000000000000
000000000000000000000000000
000000000000000000000000000
000000000000000000000000000
000000000000000000000000000
000000000000000000000000000
000000000000000000000000000
000000000000000000000000000
000000000000000000000000000
000000000000000000000000000
000000000000000000000000000
000000000000000000000000000
000000000000000000000000000
000000000000000000000000000
000000000000000000000000000
000000000000000000000000000
000000000000000000000000000
000000000000000000000000000
000000000000000000000000000
000000000000000000000000000
000000000000000000fffdbef40
000000000000000000fff59d178
000000000000000000000022080
000000000000000000000cbb698
000000000000000000fff027430
000000000000000000000dab520
0000000000000000000044e6995
000000000000000000ff53c7ac5
0000000000000000000023a9516
0000000000000000000052f89c9
000000000000000000ffb68df7c
00000000000000000000bb4086f
00000000000000000000613a33b
000000000000000000feac6e96b
00000000000000000000ab00e2f
000000000000000000003c153a9
00000000000000000000858980a
000000000000000000013912d7c
000000000000000000ffdc7f7ae
000000000000000000fed08c180
000000000000000000011bd4b94
0000000000000000000020172d0
00000000000000000000a8243f2
000000000000000000009b35cc6
000000000000000000ffd5805dc
000000000000000000ffbb93471
00000000000000000000fb5c647
000000000000000000ffe0b12ef
000000000000000000006890fbb
000000000000000000ff501c61d
000000000000000000ffbabd6fe
000000000000000000004be246c
0000000000000000000086dddcd
000000000000000000fff63ccab
000000000000000000ffd5855da
000000000000000000fed753488
0000000000000000000002c2f43
000000000000000000002aee1fe
000000000000000000002fe7295
000000000000000000fffd9b1cd
000000000000000000ffd04fdd8
000000000000000000ff8287b55
000000000000000000000000000
000000000000000000000000000
000000000000000000000000000
000000000000000000000000000
000000000000000000000000000
000000000000000000000000000
000000000000000000000000000
000000000000000000000000000
000000000000000000000000000
000000000000000000000000000
000000000000000000000000000
000000000000000000000000000
000000000000000000000000000
000000000000000000000000000
000000000000000000000000000
000000000000000000000000000
000000000000000000000000000
000000000000000000000000000
000000000000000000000000000
000000000000000000000000000
000000000000000000000000000
000000000000000000000000000
000000000000000000000000000
000000000000000000000000000
000000000000000000000000000
000000000000000000000000000
000000000000000000000000000
000000000000000000000000000
000000000000000000000000000
000000000000000000000000000
000000000000000000000000000
000000000000000000000000000
000000000000000000000000000
000000000000000000000000000
000000000000000000000000000
000000000000000000000000000
000000000000000000000000000
000000000000000000000000000
000000000000000000000000000
000000000000000000000000000
000000000000000000000000000
000000000000000000000000000
000000000000000000000000000
000000000000000000000000000
000000000000000000000000000
000000000000000000000000000
000000000000000000000000000
000000000000000000000000000
000000000000000000000000000
000000000000000000000000000
000000000000000000000000000
000000000000000000000000000
000000000000000000000000000
000000000000000000000000000
000000000000000000000000000
000000000000000000000000000
000000000000000000000000000
000000000000000000000000000
000000000000000000000000000
000000000000000000000000000
000000000000000000000000000
000000000000000000000000000
000000000000000000000000000
000000000000000000000000000
000000000000000000000000000
000000000000000000000000000
000000000000000000000000000
000000000000000000000000000
000000000000000000000000000
000000000000000000000000000
000000000000000000000000000
000000000000000000000000000
000000000000000000000000000
000000000000000000000000000
000000000000000000000000000
000000000000000000000000000
000000000000000000000000000
000000000000000000000000000
000000000000000000000000000
000000000000000000000000000
000000000000000000000000000
000000000000000000000000000
000000000000000000000000000
000000000000000000000000000
000000000000000000000000000
000000000000000000000000000
000000000000000000000000000
000000000000000000000000000
000000000000000000000000000
000000000000000000000000000
000000000000000000000000000
000000000000000000000000000
000000000000000000000000000
000000000000000000000000000
000000000000000000000000000
000000000000000000000000000
000000000000000000000000000
000000000000000000000000000
000000000000000000000000000
000000000000000000000000000
000000000000000000000000000
000000000000000000000000000
000000000000000000000000000
000000000000000000000000000
000000000000000000000000000
000000000000000000000000000
000000000000000000000000000
000000000000000000000000000
000000000000000000ffffe8800
000000000000000000ffffb2bc0
000000000000000000000000e00
0000000000000000000000658c0
000000000000000000ffff80180
000000000000000000000069500
0000000000000000000011792a8
000000000000000000ffd992e63
0000000000000000000001a1c70
000000000000000000001434137
000000000000000000ffed28f0e
0000000000000000000024a8dd4
0000000000000000000098e60f9
000000000000000000ff10a28df
000000000000000000004ce5464
000000000000000000003a5a4cc
000000000000000000ffe505969
00000000000000000001113d5dc
000000000000000000005f8d49e
000000000000000000fee360cdd
00000000000000000000c0ff990
000000000000000000001e50a9a
00000000000000000000b0a9f1c
000000000000000000011660813
000000000000000000ffc08ea0b
000000000000000000ff48cc572
000000000000000000013cc8938
0000000000000000000002a77d6
0000000000000000000093ef526
000000000000000000000b3f02d
000000000000000000ffc33a4c0
000000000000000000002239633
00000000000000000000f8ef379
000000000000000000ffc2b3445
0000000000000000000021c437a
000000000000000000ff166a933
000000000000000000001b29af6
000000000000000000005bd4f32
000000000000000000006f3f994
000000000000000000ffcf587f8
000000000000000000ffa8b0276
000000000000000000ff0cb464e
0000000000000000000038765db
000000000000000000002ab4228
0000000000000000000015b8352
000000000000000000ffe353fda
000000000000000000ffd8519ec
000000000000000000ffa71c763
000000000000000000000000000
000000000000000000000000000
000000000000000000000000000
000000000000000000000000000
000000000000000000000000000
000000000000000000000000000
000000000000000000000000000
000000000000000000000000000
000000000000000000000000000
000000000000000000000000000
000000000000000000000000000
000000000000000000000000000
000000000000000000000000000
000000000000000000000000000
000000000000000000000000000
000000000000000000000000000
000000000000000000000000000
000000000000000000000000000
000000000000000000000000000
000000000000000000000000000
000000000000000000000000000
000000000000000000000000000
000000000000000000000000000
000000000000000000000000000
000000000000000000000000000
000000000000000000000000000
000000000000000000000000000
000000000000000000000000000
000000000000000000000000000
000000000000000000000000000
000000000000000000000000000
000000000000000000000000000
000000000000000000000000000
000000000000000000000000000
000000000000000000000000000
000000000000000000000000000
000000000000000000000000000
000000000000000000000000000
000000000000000000000000000
000000000000000000000000000
000000000000000000000000000
000000000000000000000000000
000000000000000000000000000
000000000000000000000000000
000000000000000000000000000
000000000000000000000000000
000000000000000000000000000
000000000000000000000000000
000000000000000000000000000
000000000000000000000000000
000000000000000000000000000
000000000000000000000000000
000000000000000000000000000
000000000000000000000000000
000000000000000000000000000
000000000000000000000000000
000000000000000000000000000
000000000000000000000000000
000000000000000000000000000
000000000000000000000000000
000000000000000000000000000
000000000000000000000000000
000000000000000000000000000
000000000000000000000000000
000000000000000000000000000
000000000000000000000000000
000000000000000000000000000
000000000000000000000000000
000000000000000000000000000
000000000000000000000000000
000000000000000000000000000
000000000000000000000000000
000000000000000000000000000
000000000000000000000000000
000000000000000000000000000
000000000000000000000000000
000000000000000000000000000
000000000000000000000000000
000000000000000000000000000
000000000000000000000000000
000000000000000000000000000
000000000000000000000000000
000000000000000000000000000
000000000000000000000000000
000000000000000000000000000
000000000000000000000000000
000000000000000000000000000
000000000000000000000000000
000000000000000000000000000
000000000000000000000000000
000000000000000000000000000
000000000000000000000000000
000000000000000000000000000
000000000000000000000000000
000000000000000000000000000
000000000000000000000000000
000000000000000000000000000
000000000000000000000000000
000000000000000000000000000
000000000000000000000000000
000000000000000000000000000
000000000000000000000000000
000000000000000000000000000
000000000000000000000000000
000000000000000000000000000
000000000000000000000000000
000000000000000000000000000
000000000000000000000000000
000000000000000000fffda7740
000000000000000000fff54fd38
000000000000000000000022e80
000000000000000000000d20f58
000000000000000000ffefa75b0
000000000000000000000e14a20
0000000000000000000012cb72d
000000000000000000ff99f5b17
0000000000000000000018b51ef
000000000000000000003c0a489
000000000000000000ffcf76bce
000000000000000000006ed26de
000000000000000000008517c2e
000000000000000000fed3de548
00000000000000000000a9a235b
0000000000000000000026f3c04
000000000000000000003466f12
0000000000000000000150a0c5b
000000000000000000003d85e24
000000000000000000fee2dadc5
00000000000000000000f91a7aa
000000000000000000000a61f55
000000000000000000009b57ce0
00000000000000000000e723b70
000000000000000000ffd295e4f
000000000000000000ff82f93fa
00000000000000000001275d77b
000000000000000000fff717b62
0000000000000000000068aafae
000000000000000000ff8355898
000000000000000000ff89a421b
0000000000000000000000238af
00000000000000000000c2b2f83
00000000000000000000006d2e3
00000000000000000000008819f
000000000000000000fee91f8a2
000000000000000000ffe041b5b
0000000000000000000016b93d2
00000000000000000000504a960
000000000000000000ffff8721b
000000000000000000ffbb2b5c1
000000000000000000ff567df24
000000000000000000000db2c75
00000000000000000000090a856
0000000000000000000005c1040
000000000000000000fff894d36
000000000000000000fff53007d
000000000000000000ffe91c901
000000000000000000000000000
000000000000000000000000000
000000000000000000000000000
000000000000000000000000000
000000000000000000000000000
000000000000000000000000000
000000000000000000000000000
000000000000000000000000000
000000000000000000000000000
000000000000000000000000000
000000000000000000000000000
000000000000000000000000000
000000000000000000000000000
000000000000000000000000000
000000000000000000000000000
000000000000000000000000000
000000000000000000000000000
000000000000000000000000000
000000000000000000000000000
000000000000000000000000000
000000000000000000000000000
000000000000000000000000000
000000000000000000000000000
000000000000000000000000000
000000000000000000000000000
000000000000000000000000000
000000000000000000000000000
000000000000000000000000000
000000000000000000000000000
000000000000000000000000000
000000000000000000000000000
000000000000000000000000000
000000000000000000000000000
000000000000000000000000000
000000000000000000000000000
000000000000000000000000000
000000000000000000000000000
000000000000000000000000000
000000000000000000000000000
000000000000000000000000000
000000000000000000000000000
000000000000000000000000000
000000000000000000000000000
000000000000000000000000000
000000000000000000000000000
000000000000000000000000000
000000000000000000000000000
000000000000000000000000000
000000000000000000000000000
000000000000000000000000000
000000000000000000000000000
000000000000000000000000000
000000000000000000000000000
000000000000000000000000000
000000000000000000000000000
000000000000000000000000000
000000000000000000000000000
000000000000000000000000000
000000000000000000000000000
000000000000000000000000000
000000000000000000000000000
000000000000000000000000000
000000000000000000000000000
000000000000000000000000000
000000000000000000000000000
000000000000000000000000000
000000000000000000000000000
000000000000000000000000000
000000000000000000000000000
000000000000000000000000000
000000000000000000000000000
000000000000000000000000000
000000000000000000000000000
000000000000000000000000000
000000000000000000000000000
000000000000000000000000000
000000000000000000000000000
000000000000000000000000000
000000000000000000000000000
000000000000000000000000000
000000000000000000000000000
000000000000000000000000000
000000000000000000000000000
000000000000000000000000000
000000000000000000000000000
000000000000000000000000000
000000000000000000000000000
000000000000000000000000000
000000000000000000000000000
000000000000000000000000000
000000000000000000000000000
000000000000000000000000000
000000000000000000000000000
000000000000000000000000000
000000000000000000000000000
000000000000000000000000000
000000000000000000000000000
000000000000000000000000000
000000000000000000000000000
000000000000000000000000000
000000000000000000000000000
000000000000000000000000000
000000000000000000ffffa1a20
000000000000000000fffec9baf
000000000000000000000003838
000000000000000000000197c63
000000000000000000fffdfe606
0000000000000000000001a6e54
000000000000000000000b86c2c
000000000000000000ffc3606c9
000000000000000000000291639
000000000000000000002e0de4c
000000000000000000ffcfc7b01
000000000000000000003f8ee1a
000000000000000000003c36a45
000000000000000000fefe24111
0000000000000000000035c058b
00000000000000000000692bb8d
00000000000000000000013d5fb
00000000000000000000ce7fb54
0000000000000000000009789f9
000000000000000000fe8bce807
00000000000000000000d215b9b
0000000000000000000055381d3
0000000000000000000089d8e29
0000000000000000000129774de
000000000000000000ffdf5b88c
000000000000000000feeae45be
0000000000000000000125f0004
0000000000000000000017de4e2
00000000000000000000a7af0fb
0000000000000000000087acc7c
000000000000000000ffdcb1108
000000000000000000ffd02d0c7
0000000000000000000100da5bc
000000000000000000ffd8660a6
0000000000000000000059b4f25
000000000000000000ff37d9317
000000000000000000ffc63a038
0000000000000000000048a301c
00000000000000000000899b6cd
000000000000000000fff1602e2
000000000000000000ffd1e53d0
000000000000000000fee100483
0000000000000000000009732c6
000000000000000000002c32962
000000000000000000002dc2124
000000000000000000fff89f35b
000000000000000000ffd199ba2
000000000000000000ff8492d57
0000000000000000000001b7efa
000000000000000000000256bd8
000000000000000000000155003
000000000000000000ffff3b251
000000000000000000fffe5293d
000000000000000000fffb93ea4
000000000000000000000000000
000000000000000000000000000
000000000000000000000000000
000000000000000000000000000
000000000000000000000000000
000000000000000000000000000
000000000000000000000000000
000000000000000000000000000
000000000000000000000000000
000000000000000000000000000
000000000000000000000000000
000000000000000000000000000
000000000000000000000000000
000000000000000000000000000
000000000000000000000000000
000000000000000000000000000
000000000000000000000000000
000000000000000000000000000
000000000000000000000000000
000000000000000000000000000
000000000000000000000000000
000000000000000000000000000
000000000000000000000000000
000000000000000000000000000
000000000000000000000000000
000000000000000000000000000
000000000000000000000000000
000000000000000000000000000
000000000000000000000000000
000000000000000000000000000
000000000000000000000000000
000000000000000000000000000
000000000000000000000000000
000000000000000000000000000
000000000000000000000000000
000000000000000000000000000
000000000000000000000000000
000000000000000000000000000
000000000000000000000000000
000000000000000000000000000
000000000000000000000000000
000000000000000000000000000
000000000000000000000000000
000000000000000000000000000
000000000000000000000000000
000000000000000000000000000
000000000000000000000000000
000000000000000000000000000
000000000000000000000000000
000000000000000000000000000
000000000000000000000000000
000000000000000000000000000
000000000000000000000000000
000000000000000000000000000
000000000000000000000000000
000000000000000000000000000
000000000000000000000000000
000000000000000000000000000
000000000000000000000000000
000000000000000000000000000
000000000000000000000000000
000000000000000000000000000
000000000000000000000000000
000000000000000000000000000
000000000000000000000000000
000000000000000000000000000
000000000000000000000000000
000000000000000000000000000
000000000000000000000000000
000000000000000000000000000
000000000000000000000000000
000000000000000000000000000
000000000000000000000000000
000000000000000000000000000
000000000000000000000000000
000000000000000000000000000
000000000000000000000000000
000000000000000000000000000
000000000000000000000000000
000000000000000000000000000
000000000000000000000000000
000000000000000000000000000
000000000000000000000000000
000000000000000000000000000
000000000000000000000000000
000000000000000000000000000
000000000000000000000000000
000000000000000000000000000
000000000000000000000000000
000000000000000000000000000
000000000000000000000000000
000000000000000000000000000
000000000000000000000000000
000000000000000000000000000
000000000000000000000000000
000000000000000000000000000
000000000000000000000000000
000000000000000000000000000
000000000000000000000000000
000000000000000000000000000
000000000000000000000000000
000000000000000000000000000
000000000000000000fffe8cef9
000000000000000000ffef49884
00000000000000000000004031b
000000000000000000001247072
000000000000000000ffe9be258
0000000000000000000014d28fa
00000000000000000000367f1c3
000000000000000000ff573c4d4
000000000000000000001d79a0e
000000000000000000005042ba5
000000000000000000ffcfb0ed9
000000000000000000009f9646e
0000000000000000000045fc0f0
000000000000000000fea3db574
000000000000000000008a63eb1
0000000000000000000059cbdc8
0000000000000000000065e5d4f
000000000000000000011a233f7
000000000000000000ffd6ab876
000000000000000000feb7d5152
0000000000000000000108c4079
000000000000000000003bec629
00000000000000000000a6322a2
00000000000000000000c2d35e2
000000000000000000ffe70fdb5
000000000000000000ff8fa066e
0000000000000000000136546aa
000000000000000000ffcc3e150
000000000000000000009613092
000000000000000000ffc9660eb
000000000000000000000347a3a
000000000000000000007be7ffa
00000000000000000000d4b2eb2
000000000000000000ffa0ed8ac
000000000000000000ffee1c60d
000000000000000000ff03e7d3a
00000000000000000000672c6e1
000000000000000000008d5ae50
0000000000000000000056cc50f
000000000000000000ffb398b91
000000000000000000ffb119294
000000000000000000ff1d3e695
0000000000000000000038943b5
000000000000000000002b9344e
00000000000000000000137f34d
000000000000000000ffe34f320
000000000000000000ffdc903ad
000000000000000000ffaf84c5c
00000000000000000000023edca
00000000000000000000013e1ce
00000000000000000000006ece6
000000000000000000fffed91a4
000000000000000000fffecf609
000000000000000000fffd9375e
000000000000000000000000000
000000000000000000000000000
000000000000000000000000000
000000000000000000000000000
000000000000000000000000000
000000000000000000000000000
000000000000000000000000000
000000000000000000000000000
000000000000000000000000000
000000000000000000000000000
000000000000000000000000000
000000000000000000000000000
000000000000000000000000000
000000000000000000000000000
000000000000000000000000000
000000000000000000000000000
000000000000000000000000000
000000000000000000000000000
000000000000000000000000000
000000000000000000000000000
000000000000000000000000000
000000000000000000000000000
000000000000000000000000000
000000000000000000000000000
000000000000000000000000000
000000000000000000000000000
000000000000000000000000000
000000000000000000000000000
000000000000000000000000000
000000000000000000000000000
000000000000000000000000000
000000000000000000000000000
000000000000000000000000000
000000000000000000000000000
000000000000000000000000000
000000000000000000000000000
000000000000000000000000000
000000000000000000000000000
000000000000000000000000000
000000000000000000000000000
000000000000000000000000000
000000000000000000000000000
000000000000000000000000000
000000000000000000000000000
000000000000000000000000000
000000000000000000000000000
000000000000000000000000000
000000000000000000000000000
000000000000000000000000000
000000000000000000000000000
000000000000000000000000000
000000000000000000000000000
000000000000000000000000000
000000000000000000000000000
000000000000000000000000000
000000000000000000000000000
000000000000000000000000000
000000000000000000000000000
000000000000000000000000000
000000000000000000000000000
000000000000000000000000000
000000000000000000000000000
000000000000000000000000000
000000000000000000000000000
000000000000000000000000000
000000000000000000000000000
000000000000000000000000000
000000000000000000000000000
000000000000000000000000000
000000000000000000000000000
000000000000000000000000000
000000000000000000000000000
000000000000000000000000000
000000000000000000000000000
000000000000000000000000000
000000000000000000000000000
000000000000000000000000000
000000000000000000000000000
000000000000000000000000000
000000000000000000000000000
000000000000000000000000000
000000000000000000000000000
000000000000000000000000000
000000000000000000000000000
000000000000000000000000000
000000000000000000000000000
000000000000000000000000000
000000000000000000000000000
000000000000000000000000000
000000000000000000000000000
000000000000000000000000000
000000000000000000000000000
000000000000000000000000000
000000000000000000000000000
000000000000000000000000000
000000000000000000000000000
000000000000000000ffff2bc40
000000000000000000fffd4631e
000000000000000000000007e70
000000000000000000000395186
000000000000000000fffb7cd8c
0000000000000000000003b71a8
0000000000000000000012c4dbd
000000000000000000ffb3a40b6
000000000000000000000583fc4
0000000000000000000032bc804
000000000000000000ffcfd5374
000000000000000000004c8e96b
000000000000000000005fa6ce4
000000000000000000fee9c4cec
00000000000000000000582a700
000000000000000000005357415
0000000000000000000016bbb13
00000000000000000000feb7213
000000000000000000001446f78
000000000000000000feaacace9
00000000000000000000d8aa8ca
0000000000000000000042b6f18
0000000000000000000095868d0
000000000000000000011030247
000000000000000000ffdc7b3cc
000000000000000000ff298fabe
00000000000000000001357797d
000000000000000000fffdf65be
00000000000000000000a4830ed
000000000000000000002f1b445
000000000000000000ffcc2f27a
0000000000000000000030aef72
000000000000000000010e0b8f9
000000000000000000ffb0b0c46
000000000000000000002dbe948
000000000000000000ff2b71c5f
0000000000000000000036e26f3
00000000000000000000847f4b0
000000000000000000008be68b2
000000000000000000ffafb1fa4
000000000000000000ffabd8cc3
000000000000000000ff0b627dd
0000000000000000000060e7863
0000000000000000000048f0ac8
00000000000000000000231505e
000000000000000000ffc915e09
000000000000000000ffc70a271
000000000000000000ff836d498
00000000000000000000131771a
000000000000000000000a9093e
0000000000000000000003ae116
000000000000000000fff634cc4
000000000000000000fff5e21d1
000000000000000000ffeb6434e
000000000000000000000000000
000000000000000000000000000
000000000000000000000000000
000000000000000000000000000
000000000000000000000000000
000000000000000000000000000
000000000000000000000000000
000000000000000000000000000
000000000000000000000000000
000000000000000000000000000
000000000000000000000000000
000000000000000000000000000
000000000000000000000000000
000000000000000000000000000
000000000000000000000000000
000000000000000000000000000
000000000000000000000000000
000000000000000000000000000
000000000000000000000000000
000000000000000000000000000
000000000000000000000000000
000000000000000000000000000
000000000000000000000000000
000000000000000000000000000
000000000000000000000000000
000000000000000000000000000
000000000000000000000000000
000000000000000000000000000
000000000000000000000000000
000000000000000000000000000
000000000000000000000000000
000000000000000000000000000
000000000000000000000000000
000000000000000000000000000
000000000000000000000000000
000000000000000000000000000
000000000000000000000000000
000000000000000000000000000
000000000000000000000000000
000000000000000000000000000
000000000000000000000000000
000000000000000000000000000
000000000000000000000000000
000000000000000000000000000
000000000000000000000000000
000000000000000000000000000
000000000000000000000000000
000000000000000000000000000
000000000000000000000000000
000000000000000000000000000
000000000000000000000000000
000000000000000000000000000
000000000000000000000000000
000000000000000000000000000
000000000000000000000000000
000000000000000000000000000
000000000000000000000000000
000000000000000000000000000
000000000000000000000000000
000000000000000000000000000
000000000000000000000000000
000000000000000000000000000
000000000000000000000000000
000000000000000000000000000
000000000000000000000000000
000000000000000000000000000
000000000000000000000000000
000000000000000000000000000
000000000000000000000000000
000000000000000000000000000
000000000000000000000000000
000000000000000000000000000
000000000000000000000000000
000000000000000000000000000
000000000000000000000000000
000000000000000000000000000
000000000000000000000000000
000000000000000000000000000
000000000000000000000000000
000000000000000000000000000
000000000000000000000000000
000000000000000000000000000
000000000000000000000000000
000000000000000000000000000
000000000000000000000000000
000000000000000000000000000
000000000000000000000000000
000000000000000000000000000
000000000000000000000000000
000000000000000000000000000
000000000000000000000000000
000000000000000000000000000
000000000000000000000000000
000000000000000000000000000
000000000000000000000000000
000000000000000000000000000
000000000000000000000000000
000000000000000000000000000
000000000000000000000000000
000000000000000000000000000
000000000000000000000000000
000000000000000000000000000
0000000000000000000001f1ab2
000000000000000000ffeb85c14
00000000000000000000005ec56
00000000000000000000129ea00
000000000000000000ffea444e8
000000000000000000001782784
000000000000000000004049528
000000000000000000ff5367d8c
0000000000000000000023ab65a
000000000000000000004b1b7fe
000000000000000000ffd4ea0be
00000000000000000000a9ecae4
0000000000000000000053dce32
000000000000000000feb99f0ec
00000000000000000000a1b962c
0000000000000000000042a540a
000000000000000000006a93818
000000000000000000012a7f9a0
000000000000000000fff3678d3
000000000000000000feca84b75
0000000000000000000112833b3
000000000000000000002f6c9c5
0000000000000000000093f3ac8
00000000000000000000bf4e7be
000000000000000000ffd0803d2
000000000000000000ffa417e45
000000000000000000012f47c9e
000000000000000000ffd0423b9
00000000000000000000955fb1e
000000000000000000ff8575812
000000000000000000ffc3512df
00000000000000000000572011e
00000000000000000000b8e3f31
000000000000000000ffd2d05d7
000000000000000000ffcc92c6b
000000000000000000fee22da8f
0000000000000000000049c9453
000000000000000000005b505e6
000000000000000000003e28653
000000000000000000ffd11bfaf
000000000000000000ffb8fe922
000000000000000000ff4c4df8d
0000000000000000000017629d8
00000000000000000000100fe3c
0000000000000000000006c2242
000000000000000000fff441c4a
000000000000000000fff1e22d4
000000000000000000ffe0fba74
000000000000000000000000000
000000000000000000000000000
000000000000000000000000000
000000000000000000000000000
000000000000000000000000000
000000000000000000000000000
000000000000000000000000000
000000000000000000000000000
000000000000000000000000000
000000000000000000000000000
000000000000000000000000000
000000000000000000000000000
000000000000000000000000000
000000000000000000000000000
000000000000000000000000000
000000000000000000000000000
000000000000000000000000000
000000000000000000000000000
000000000000000000000000000
000000000000000000000000000
000000000000000000000000000
000000000000000000000000000
000000000000000000000000000
000000000000000000000000000
000000000000000000000000000
000000000000000000000000000
000000000000000000000000000
000000000000000000000000000
000000000000000000000000000
000000000000000000000000000
000000000000000000000000000
000000000000000000000000000
000000000000000000000000000
000000000000000000000000000
000000000000000000000000000
000000000000000000000000000
000000000000000000000000000
000000000000000000000000000
000000000000000000000000000
000000000000000000000000000
000000000000000000000000000
000000000000000000000000000
000000000000000000000000000
000000000000000000000000000
000000000000000000000000000
000000000000000000000000000
000000000000000000000000000
000000000000000000000000000
000000000000000000000000000
000000000000000000000000000
000000000000000000000000000
000000000000000000000000000
000000000000000000000000000
000000000000000000000000000
000000000000000000000000000
000000000000000000000000000
000000000000000000000000000
000000000000000000000000000
000000000000000000000000000
000000000000000000000000000
000000000000000000000000000
000000000000000000000000000
000000000000000000000000000
000000000000000000000000000
000000000000000000000000000
000000000000000000000000000
000000000000000000000000000
000000000000000000000000000
000000000000000000000000000
000000000000000000000000000
000000000000000000000000000
000000000000000000000000000
000000000000000000000000000
000000000000000000000000000
000000000000000000000000000
000000000000000000000000000
000000000000000000000000000
000000000000000000000000000
000000000000000000000000000
000000000000000000000000000
000000000000000000000000000
000000000000000000000000000
000000000000000000000000000
000000000000000000000000000
000000000000000000000000000
000000000000000000000000000
000000000000000000000000000
000000000000000000000000000
000000000000000000000000000
000000000000000000000000000
000000000000000000000000000
000000000000000000000000000
000000000000000000000000000
000000000000000000000000000
000000000000000000000000000
000000000000000000000000000
000000000000000000000000000
000000000000000000000000000
000000000000000000000000000
000000000000000000000000000
000000000000000000000000000
000000000000000000000000000
000000000000000000ffff43440
000000000000000000fffd9375e
000000000000000000000007070
00000000000000000000032f8c6
000000000000000000fffbfcc0c
00000000000000000000034dca8
000000000000000000000d77ec6
000000000000000000ff9d1294c
0000000000000000000007fc8d2
000000000000000000005043e32
000000000000000000ffa752dba
0000000000000000000070407a2
000000000000000000004f23a5c
000000000000000000feae223bd
0000000000000000000070cf116
000000000000000000006313a8d
00000000000000000000496899c
00000000000000000001123a172
000000000000000000ffcbb81b2
000000000000000000fe7ac4b33
00000000000000000000f35328b
000000000000000000005ba5c08
000000000000000000008efde31
0000000000000000000103892f0
000000000000000000ffe81dab1
000000000000000000ff020de8f
000000000000000000013a405a1
000000000000000000001973dc5
000000000000000000007f90cff
0000000000000000000051a7bec
000000000000000000ffa0b5ab3
000000000000000000fff6606cb
000000000000000000010581fee
000000000000000000ffd557255
0000000000000000000068255c7
000000000000000000ff0fe414d
000000000000000000ffc719613
000000000000000000003e987f4
000000000000000000009302180
000000000000000000ffef65182
000000000000000000ff9bdd78f
000000000000000000fef0a01ab
000000000000000000003f60eb5
000000000000000000002fa5e00
0000000000000000000016c62d2
000000000000000000ffde82990
000000000000000000ffd7b1926
000000000000000000ffa64e25f
00000000000000000000050ce14
0000000000000000000002cb71c
0000000000000000000000f934c
000000000000000000fffd68c48
000000000000000000fffd52e52
000000000000000000fffa8c63c
000000000000000000000000000
000000000000000000000000000
000000000000000000000000000
000000000000000000000000000
000000000000000000000000000
000000000000000000000000000
000000000000000000000000000
000000000000000000000000000
000000000000000000000000000
000000000000000000000000000
000000000000000000000000000
000000000000000000000000000
000000000000000000000000000
000000000000000000000000000
000000000000000000000000000
000000000000000000000000000
000000000000000000000000000
000000000000000000000000000
000000000000000000000000000
000000000000000000000000000
000000000000000000000000000
000000000000000000000000000
000000000000000000000000000
000000000000000000000000000
000000000000000000000000000
000000000000000000000000000
000000000000000000000000000
000000000000000000000000000
000000000000000000000000000
000000000000000000000000000
000000000000000000000000000
000000000000000000000000000
000000000000000000000000000
000000000000000000000000000
000000000000000000000000000
000000000000000000000000000
000000000000000000000000000
000000000000000000000000000
000000000000000000000000000
000000000000000000000000000
000000000000000000000000000
000000000000000000000000000
000000000000000000000000000
000000000000000000000000000
000000000000000000000000000
000000000000000000000000000
000000000000000000000000000
000000000000000000000000000
000000000000000000000000000
000000000000000000000000000
000000000000000000000000000
000000000000000000000000000
000000000000000000000000000
000000000000000000000000000
000000000000000000000000000
000000000000000000000000000
000000000000000000000000000
000000000000000000000000000
000000000000000000000000000
000000000000000000000000000
000000000000000000000000000
000000000000000000000000000
000000000000000000000000000
000000000000000000000000000
000000000000000000000000000
000000000000000000000000000
000000000000000000000000000
000000000000000000000000000
000000000000000000000000000
000000000000000000000000000
000000000000000000000000000
000000000000000000000000000
000000000000000000000000000
000000000000000000000000000
000000000000000000000000000
000000000000000000000000000
000000000000000000000000000
000000000000000000000000000
000000000000000000000000000
000000000000000000000000000
000000000000000000000000000
000000000000000000000000000
000000000000000000000000000
000000000000000000000000000
000000000000000000000000000
000000000000000000000000000
000000000000000000000000000
000000000000000000000000000
000000000000000000000000000
000000000000000000000000000
000000000000000000000000000
000000000000000000000000000
000000000000000000000000000
000000000000000000000000000
000000000000000000000000000
000000000000000000000000000
000000000000000000000000000
000000000000000000000000000
000000000000000000000000000
000000000000000000000000000
000000000000000000000000000
000000000000000000000000000
000000000000000000000272612
000000000000000000fff026947
00000000000000000000004d6ee
000000000000000000000d74897
000000000000000000fff094d56
0000000000000000000011b0508
0000000000000000000078d82b0
000000000000000000ff1b91fd1
00000000000000000000233b313
0000000000000000000054ccae2
000000000000000000ffca2923b
00000000000000000000dc224ce
0000000000000000000049fc506
000000000000000000feb3d0478
000000000000000000009d6804d
0000000000000000000047a6122
00000000000000000000a3c6b6f
000000000000000000011edae89
000000000000000000ffb97982c
000000000000000000fec9a945f
000000000000000000012b5dd2f
000000000000000000004553411
0000000000000000000094e05b5
0000000000000000000096acfb7
0000000000000000000006cca6c
000000000000000000ff727df9f
000000000000000000013b9e94a
000000000000000000ffd9a4324
000000000000000000007f7e2ec
000000000000000000ffc69daa7
000000000000000000ffb7cc434
000000000000000000004eac020
00000000000000000000b76866f
000000000000000000ffd74bc87
000000000000000000000e1da6d
000000000000000000fece8c936
0000000000000000000003f9326
00000000000000000000478c926
000000000000000000005e200b7
000000000000000000fff1d4a90
000000000000000000ffa62b7f9
000000000000000000ff1d273b1
0000000000000000000012015ca
000000000000000000000b59fc8
000000000000000000000478ab3
000000000000000000fff6e0471
000000000000000000fff5b12c5
000000000000000000ffe9ff314
000000000000000000000000000
000000000000000000000000000
000000000000000000000000000
000000000000000000000000000
000000000000000000000000000
000000000000000000000000000
000000000000000000000000000
000000000000000000000000000
000000000000000000000000000
000000000000000000000000000
000000000000000000000000000
000000000000000000000000000
000000000000000000000000000
000000000000000000000000000
000000000000000000000000000
000000000000000000000000000
000000000000000000000000000
000000000000000000000000000
000000000000000000000000000
000000000000000000000000000
000000000000000000000000000
000000000000000000000000000
000000000000000000000000000
000000000000000000000000000
000000000000000000000000000
000000000000000000000000000
000000000000000000000000000
000000000000000000000000000
000000000000000000000000000
000000000000000000000000000
000000000000000000000000000
000000000000000000000000000
000000000000000000000000000
000000000000000000000000000
000000000000000000000000000
000000000000000000000000000
000000000000000000000000000
000000000000000000000000000
000000000000000000000000000
000000000000000000000000000
000000000000000000000000000
000000000000000000000000000
000000000000000000000000000
000000000000000000000000000
000000000000000000000000000
000000000000000000000000000
000000000000000000000000000
000000000000000000000000000
000000000000000000000000000
000000000000000000000000000
000000000000000000000000000
000000000000000000000000000
000000000000000000000000000
000000000000000000000000000
000000000000000000000000000
000000000000000000000000000
000000000000000000000000000
000000000000000000000000000
000000000000000000000000000
000000000000000000000000000
000000000000000000000000000
000000000000000000000000000
000000000000000000000000000
000000000000000000000000000
000000000000000000000000000
000000000000000000000000000
000000000000000000000000000
000000000000000000000000000
000000000000000000000000000
000000000000000000000000000
000000000000000000000000000
000000000000000000000000000
000000000000000000000000000
000000000000000000000000000
000000000000000000000000000
000000000000000000000000000
000000000000000000000000000
000000000000000000000000000
000000000000000000000000000
000000000000000000000000000
000000000000000000000000000
000000000000000000000000000
000000000000000000000000000
000000000000000000000000000
000000000000000000000000000
000000000000000000000000000
000000000000000000000000000
000000000000000000000000000
000000000000000000000000000
000000000000000000000000000
000000000000000000000000000
000000000000000000000000000
000000000000000000000000000
000000000000000000000000000
000000000000000000000000000
000000000000000000000000000
000000000000000000000000000
000000000000000000000000000
000000000000000000000000000
000000000000000000000000000
000000000000000000000000000
000000000000000000000000000
000000000000000000ffff2bc40
000000000000000000fffd4631e
000000000000000000000007e70
000000000000000000000395186
000000000000000000fffb7cd8c
0000000000000000000003b71a8
000000000000000000000e22b5b
000000000000000000ffc69a178
00000000000000000000070e341
0000000000000000000024ded74
000000000000000000ffdcfdca2
000000000000000000003c29b94
000000000000000000009a4769f
000000000000000000ff03863cd
0000000000000000000080088dc
000000000000000000002556df2
0000000000000000000003164f9
000000000000000000013b7fffc
000000000000000000006855c21
000000000000000000feef0c198
00000000000000000000dc4b7b9
0000000000000000000004e7e3f
00000000000000000000a926266
000000000000000000010af83f9
000000000000000000001019bce
000000000000000000ff4acae7a
000000000000000000014887721
000000000000000000ffe5b5e8f
000000000000000000008393c1f
000000000000000000ffef045ae
000000000000000000fffb092b7
000000000000000000002361aa5
000000000000000000011a254e4
000000000000000000ffa032119
000000000000000000003a292f1
000000000000000000ff4551cb5
0000000000000000000031d486c
00000000000000000000936c308
000000000000000000007ee7203
000000000000000000ffb2ce1ea
000000000000000000ffbaa61ec
000000000000000000feeb28ce3
0000000000000000000050f8d7c
000000000000000000004c2ac86
000000000000000000002b1f1b4
000000000000000000ffd711aa1
000000000000000000ffbe3783c
000000000000000000ff645c469
00000000000000000000023edca
00000000000000000000013e1ce
00000000000000000000006ece6
000000000000000000fffed91a4
000000000000000000fffecf609
000000000000000000fffd9375e
000000000000000000000000000
000000000000000000000000000
000000000000000000000000000
000000000000000000000000000
000000000000000000000000000
000000000000000000000000000
000000000000000000000000000
000000000000000000000000000
000000000000000000000000000
000000000000000000000000000
000000000000000000000000000
000000000000000000000000000
000000000000000000000000000
000000000000000000000000000
000000000000000000000000000
000000000000000000000000000
000000000000000000000000000
000000000000000000000000000
000000000000000000000000000
000000000000000000000000000
000000000000000000000000000
000000000000000000000000000
000000000000000000000000000
000000000000000000000000000
000000000000000000000000000
000000000000000000000000000
000000000000000000000000000
000000000000000000000000000
000000000000000000000000000
000000000000000000000000000
000000000000000000000000000
000000000000000000000000000
000000000000000000000000000
000000000000000000000000000
000000000000000000000000000
000000000000000000000000000
000000000000000000000000000
000000000000000000000000000
000000000000000000000000000
000000000000000000000000000
000000000000000000000000000
000000000000000000000000000
000000000000000000000000000
000000000000000000000000000
000000000000000000000000000
000000000000000000000000000
000000000000000000000000000
000000000000000000000000000
000000000000000000000000000
000000000000000000000000000
000000000000000000000000000
000000000000000000000000000
000000000000000000000000000
000000000000000000000000000
000000000000000000000000000
000000000000000000000000000
000000000000000000000000000
000000000000000000000000000
000000000000000000000000000
000000000000000000000000000
000000000000000000000000000
000000000000000000000000000
000000000000000000000000000
000000000000000000000000000
000000000000000000000000000
000000000000000000000000000
000000000000000000000000000
000000000000000000000000000
000000000000000000000000000
000000000000000000000000000
000000000000000000000000000
000000000000000000000000000
000000000000000000000000000
000000000000000000000000000
000000000000000000000000000
000000000000000000000000000
000000000000000000000000000
000000000000000000000000000
000000000000000000000000000
000000000000000000000000000
000000000000000000000000000
000000000000000000000000000
000000000000000000000000000
000000000000000000000000000
000000000000000000000000000
000000000000000000000000000
000000000000000000000000000
000000000000000000000000000
000000000000000000000000000
000000000000000000000000000
000000000000000000000000000
000000000000000000000000000
000000000000000000000000000
000000000000000000000000000
000000000000000000000000000
000000000000000000000000000
000000000000000000ffffd0a20
000000000000000000ffff6442f
000000000000000000000001c38
0000000000000000000000ccae3
000000000000000000fffefe306
0000000000000000000000d4454
000000000000000000fffe9f1d6
000000000000000000ffe0d1d13
0000000000000000000000f0527
000000000000000000001f1451a
000000000000000000ffdc92665
00000000000000000000242e1d6
000000000000000000001cb97ec
000000000000000000ff48ba1e3
0000000000000000000024b5aac
000000000000000000005cde0e9
000000000000000000ffdd42d23
000000000000000000009e48172
000000000000000000003ef107e
000000000000000000fe989e5f6
00000000000000000000bf9bf83
0000000000000000000047344e3
00000000000000000000641f0e8
0000000000000000000144dfe9c
000000000000000000fffb24528
000000000000000000fed43a145
0000000000000000000111feb28
000000000000000000001bcd040
000000000000000000009e9b70f
00000000000000000000c43906b
000000000000000000ffe978e91
000000000000000000ffb79928f
00000000000000000001380b134
000000000000000000ffc4f5591
00000000000000000000769a31c
000000000000000000ff7a0c257
000000000000000000ffe06acb6
00000000000000000000649a956
00000000000000000000ce9a619
000000000000000000ffb8474ef
000000000000000000ffd9fdbe4
000000000000000000fefd9b83e
000000000000000000005aa3662
00000000000000000000698554c
0000000000000000000049f75bc
000000000000000000ffbf3ed3f
000000000000000000ffb1b7619
000000000000000000ff4092da1
00000000000000000000305eeb6
000000000000000000001e3d4a0
000000000000000000000bd3d81
000000000000000000ffe777d43
000000000000000000ffe47316b
000000000000000000ffc55ce44
000000000000000000000000000
000000000000000000000000000
000000000000000000000000000
000000000000000000000000000
000000000000000000000000000
000000000000000000000000000
000000000000000000000000000
000000000000000000000000000
000000000000000000000000000
000000000000000000000000000
000000000000000000000000000
000000000000000000000000000
000000000000000000000000000
000000000000000000000000000
000000000000000000000000000
000000000000000000000000000
000000000000000000000000000
000000000000000000000000000
000000000000000000000000000
000000000000000000000000000
000000000000000000000000000
000000000000000000000000000
000000000000000000000000000
000000000000000000000000000
000000000000000000000000000
000000000000000000000000000
000000000000000000000000000
000000000000000000000000000
000000000000000000000000000
000000000000000000000000000
000000000000000000000000000
000000000000000000000000000
000000000000000000000000000
000000000000000000000000000
000000000000000000000000000
000000000000000000000000000
000000000000000000000000000
000000000000000000000000000
000000000000000000000000000
000000000000000000000000000
000000000000000000000000000
000000000000000000000000000
000000000000000000000000000
000000000000000000000000000
000000000000000000000000000
000000000000000000000000000
000000000000000000000000000
000000000000000000000000000
000000000000000000000000000
000000000000000000000000000
000000000000000000000000000
000000000000000000000000000
000000000000000000000000000
000000000000000000000000000
000000000000000000000000000
000000000000000000000000000
000000000000000000000000000
000000000000000000000000000
000000000000000000000000000
000000000000000000000000000
000000000000000000000000000
000000000000000000000000000
000000000000000000000000000
000000000000000000000000000
000000000000000000000000000
000000000000000000000000000
000000000000000000000000000
000000000000000000000000000
000000000000000000000000000
000000000000000000000000000
000000000000000000000000000
000000000000000000000000000
000000000000000000000000000
000000000000000000000000000
000000000000000000000000000
000000000000000000000000000
000000000000000000000000000
000000000000000000000000000
000000000000000000000000000
000000000000000000000000000
000000000000000000000000000
000000000000000000000000000
000000000000000000000000000
000000000000000000000000000
000000000000000000000000000
000000000000000000000000000
000000000000000000000000000
000000000000000000000000000
000000000000000000000000000
000000000000000000000000000
000000000000000000000000000
000000000000000000000000000
000000000000000000000000000
000000000000000000000000000
000000000000000000000000000
000000000000000000000000000
000000000000000000000000000
000000000000000000000000000
000000000000000000000000000
000000000000000000000000000
000000000000000000000000000
000000000000000000000000000
000000000000000000000092539
000000000000000000fffbe1eee
000000000000000000000013d6b
00000000000000000000038f7d4
000000000000000000fffbe629c
0000000000000000000004a13b2
0000000000000000000027d1a8b
000000000000000000ff9c46e3d
000000000000000000000873c5a
00000000000000000000358c668
000000000000000000ffd080781
0000000000000000000061d4d50
00000000000000000000598d0c5
000000000000000000fedb24cb1
000000000000000000004fc7250
000000000000000000005eff570
000000000000000000002a030f8
00000000000000000000f4dcb9c
000000000000000000fff6b8b4a
000000000000000000fea7d1af9
00000000000000000000e41abf0
000000000000000000004ad1871
00000000000000000000a2fdd6a
00000000000000000000fba3ff8
000000000000000000ffdd137c1
000000000000000000ff357a5b2
0000000000000000000130935c2
000000000000000000fff47c2d8
00000000000000000000ae0c874
000000000000000000002899529
000000000000000000ffdead7a4
0000000000000000000047612f2
00000000000000000000ea26065
000000000000000000ffb4cbea2
000000000000000000001e22be4
000000000000000000ff0c91443
000000000000000000002e30ca5
000000000000000000007e5b724
00000000000000000000722eaca
000000000000000000ffc6797d6
000000000000000000ffb2ba263
000000000000000000ff0477d53
000000000000000000003929d0d
0000000000000000000031ac5a2
000000000000000000001affe73
000000000000000000ffe1976e4
000000000000000000ffd63d60b
000000000000000000ff9fae742
00000000000000000000059e45e
00000000000000000000031be6a
0000000000000000000001153b2
000000000000000000fffd1e2ec
000000000000000000fffd05d9b
000000000000000000fff9ef71a
000000000000000000000000000
000000000000000000000000000
000000000000000000000000000
000000000000000000000000000
000000000000000000000000000
000000000000000000000000000
000000000000000000000000000
000000000000000000000000000
000000000000000000000000000
000000000000000000000000000
000000000000000000000000000
000000000000000000000000000
000000000000000000000000000
000000000000000000000000000
000000000000000000000000000
000000000000000000000000000
000000000000000000000000000
000000000000000000000000000
000000000000000000000000000
000000000000000000000000000
000000000000000000000000000
000000000000000000000000000
000000000000000000000000000
000000000000000000000000000
000000000000000000000000000
000000000000000000000000000
000000000000000000000000000
000000000000000000000000000
000000000000000000000000000
000000000000000000000000000
000000000000000000000000000
000000000000000000000000000
000000000000000000000000000
000000000000000000000000000
000000000000000000000000000
000000000000000000000000000
000000000000000000000000000
000000000000000000000000000
000000000000000000000000000
000000000000000000000000000
000000000000000000000000000
000000000000000000000000000
000000000000000000000000000
000000000000000000000000000
000000000000000000000000000
000000000000000000000000000
000000000000000000000000000
000000000000000000000000000
000000000000000000000000000
000000000000000000000000000
000000000000000000000000000
000000000000000000000000000
000000000000000000000000000
000000000000000000000000000
000000000000000000000000000
000000000000000000000000000
000000000000000000000000000
000000000000000000000000000
000000000000000000000000000
000000000000000000000000000
000000000000000000000000000
000000000000000000000000000
000000000000000000000000000
000000000000000000000000000
000000000000000000000000000
000000000000000000000000000
000000000000000000000000000
000000000000000000000000000
000000000000000000000000000
000000000000000000000000000
000000000000000000000000000
000000000000000000000000000
000000000000000000000000000
000000000000000000000000000
000000000000000000000000000
000000000000000000000000000
000000000000000000000000000
000000000000000000000000000
000000000000000000000000000
000000000000000000000000000
000000000000000000000000000
000000000000000000000000000
000000000000000000000000000
000000000000000000000000000
000000000000000000000000000
000000000000000000000000000
000000000000000000000000000
000000000000000000000000000
000000000000000000000000000
000000000000000000000000000
000000000000000000000000000
000000000000000000000000000
000000000000000000000000000
000000000000000000000000000
000000000000000000000000000
000000000000000000000000000
000000000000000000ffffe8800
000000000000000000ffffb2bc0
000000000000000000000000e00
0000000000000000000000658c0
000000000000000000ffff80180
000000000000000000000069500
00000000000000000000021be3b
000000000000000000ffeb5927e
000000000000000000000191444
00000000000000000000120c1f2
000000000000000000ffeaf81b6
000000000000000000001897a6b
00000000000000000000505d2ff
000000000000000000ff54593ce
00000000000000000000336d1ad
000000000000000000003da3021
000000000000000000ffd7e092d
00000000000000000000be2b9f1
000000000000000000006a12c4d
000000000000000000fecae8b1c
00000000000000000000a990a60
000000000000000000002fd4844
000000000000000000006e889dd
000000000000000000012b85d03
000000000000000000fffbcb862
000000000000000000fef2f3ce1
00000000000000000001192646b
0000000000000000000017ffaf0
0000000000000000000096ad507
0000000000000000000091acd70
000000000000000000ffcef067b
000000000000000000ffd50b447
00000000000000000001314bc0b
000000000000000000ffc17dd74
0000000000000000000070a2c4b
000000000000000000ff759faf7
000000000000000000fff49aba7
0000000000000000000066708b4
00000000000000000000b40bd4b
000000000000000000ffbc8b006
000000000000000000ffc40fed8
000000000000000000fef54e7f0
000000000000000000005b3a99e
0000000000000000000059ede6c
0000000000000000000039fc4fd
000000000000000000ffc6de38e
000000000000000000ffb6419ba
000000000000000000ff50d7f15
000000000000000000001a2bfa2
0000000000000000000010e9b0a
0000000000000000000006cc0a8
000000000000000000fff2c576e
000000000000000000fff0c9edd
000000000000000000ffdf40ed2
000000000000000000000000000
000000000000000000000000000
000000000000000000000000000
000000000000000000000000000
000000000000000000000000000
000000000000000000000000000
000000000000000000000000000
000000000000000000000000000
000000000000000000000000000
000000000000000000000000000
000000000000000000000000000
000000000000000000000000000
000000000000000000000000000
000000000000000000000000000
000000000000000000000000000
000000000000000000000000000
000000000000000000000000000
000000000000000000000000000
000000000000000000000000000
000000000000000000000000000
000000000000000000000000000
000000000000000000000000000
000000000000000000000000000
000000000000000000000000000
000000000000000000000000000
000000000000000000000000000
000000000000000000000000000
000000000000000000000000000
000000000000000000000000000
000000000000000000000000000
000000000000000000000000000
000000000000000000000000000
000000000000000000000000000
000000000000000000000000000
000000000000000000000000000
000000000000000000000000000
000000000000000000000000000
000000000000000000000000000
000000000000000000000000000
000000000000000000000000000
000000000000000000000000000
000000000000000000000000000
000000000000000000000000000
000000000000000000000000000
000000000000000000000000000
000000000000000000000000000
000000000000000000000000000
000000000000000000000000000
000000000000000000000000000
000000000000000000000000000
000000000000000000000000000
000000000000000000000000000
000000000000000000000000000
000000000000000000000000000
000000000000000000000000000
000000000000000000000000000
000000000000000000000000000
000000000000000000000000000
000000000000000000000000000
000000000000000000000000000
000000000000000000000000000
000000000000000000000000000
000000000000000000000000000
000000000000000000000000000
000000000000000000000000000
000000000000000000000000000
000000000000000000000000000
000000000000000000000000000
000000000000000000000000000
000000000000000000000000000
000000000000000000000000000
000000000000000000000000000
000000000000000000000000000
000000000000000000000000000
000000000000000000000000000
000000000000000000000000000
000000000000000000000000000
000000000000000000000000000
000000000000000000000000000
000000000000000000000000000
000000000000000000000000000
000000000000000000000000000
000000000000000000000000000
000000000000000000000000000
000000000000000000000000000
000000000000000000000000000
000000000000000000000000000
000000000000000000000000000
000000000000000000000000000
000000000000000000000000000
000000000000000000000000000
000000000000000000000000000
000000000000000000000000000
000000000000000000000000000
000000000000000000000000000
000000000000000000000000000
000000000000000000000000000
000000000000000000000000000
000000000000000000000000000
000000000000000000000000000
000000000000000000000000000
000000000000000000000000000
000000000000000000fffeda0e0
000000000000000000fff93fe6b
0000000000000000000000177d8
0000000000000000000007f416f
000000000000000000fff62c21e
0000000000000000000008b6a24
000000000000000000000e52192
000000000000000000ffa234d3a
000000000000000000000a7d64d
00000000000000000000404137d
000000000000000000ffc7d5e2b
000000000000000000005dda7c4
000000000000000000005386868
000000000000000000fed34d8ee
000000000000000000006f5d323
0000000000000000000053c4353
000000000000000000002af7a84
000000000000000000010d17c12
00000000000000000000068fcda
000000000000000000fea4b69f2
00000000000000000000e9132ec
000000000000000000003ffe7cd
000000000000000000008f62729
000000000000000000010b6b423
000000000000000000ffe5f2949
000000000000000000ff30da828
0000000000000000000130d98f7
000000000000000000fffba7f5b
000000000000000000009bf9d28
0000000000000000000014fdcd5
000000000000000000ffabe3450
0000000000000000000018eb8d4
00000000000000000000e6eb166
000000000000000000ffd799c6e
000000000000000000002748d59
000000000000000000fefe2ccea
000000000000000000fffc47b96
000000000000000000005020cb8
00000000000000000000726fa52
000000000000000000ffe322fb8
000000000000000000ffafb1a8e
000000000000000000ff1178fc2
0000000000000000000028c0710
00000000000000000000229f31e
00000000000000000000143c36f
000000000000000000ffe9e5575
000000000000000000ffe08ed56
000000000000000000ffb8a145c
0000000000000000000003ee914
00000000000000000000022d01c
0000000000000000000000c204c
000000000000000000fffdfba48
000000000000000000fffdea9d2
000000000000000000fffbc173c
000000000000000000000000000
000000000000000000000000000
000000000000000000000000000
000000000000000000000000000
000000000000000000000000000
000000000000000000000000000
000000000000000000000000000
000000000000000000000000000
000000000000000000000000000
000000000000000000000000000
000000000000000000000000000
000000000000000000000000000
000000000000000000000000000
000000000000000000000000000
000000000000000000000000000
000000000000000000000000000
000000000000000000000000000
000000000000000000000000000
000000000000000000000000000
000000000000000000000000000
000000000000000000000000000
000000000000000000000000000
000000000000000000000000000
000000000000000000000000000
000000000000000000000000000
000000000000000000000000000
000000000000000000000000000
000000000000000000000000000
000000000000000000000000000
000000000000000000000000000
000000000000000000000000000
000000000000000000000000000
000000000000000000000000000
000000000000000000000000000
000000000000000000000000000
000000000000000000000000000
000000000000000000000000000
000000000000000000000000000
000000000000000000000000000
000000000000000000000000000
000000000000000000000000000
000000000000000000000000000
000000000000000000000000000
000000000000000000000000000
000000000000000000000000000
000000000000000000000000000
000000000000000000000000000
000000000000000000000000000
000000000000000000000000000
000000000000000000000000000
000000000000000000000000000
000000000000000000000000000
000000000000000000000000000
000000000000000000000000000
000000000000000000000000000
000000000000000000000000000
000000000000000000000000000
000000000000000000000000000
000000000000000000000000000
000000000000000000000000000
000000000000000000000000000
000000000000000000000000000
000000000000000000000000000
000000000000000000000000000
000000000000000000000000000
000000000000000000000000000
000000000000000000000000000
000000000000000000000000000
000000000000000000000000000
000000000000000000000000000
000000000000000000000000000
000000000000000000000000000
000000000000000000000000000
000000000000000000000000000
000000000000000000000000000
000000000000000000000000000
000000000000000000000000000
000000000000000000000000000
000000000000000000000000000
000000000000000000000000000
000000000000000000000000000
000000000000000000000000000
000000000000000000000000000
000000000000000000000000000
000000000000000000000000000
000000000000000000000000000
000000000000000000000000000
000000000000000000000000000
000000000000000000000000000
000000000000000000000000000
000000000000000000000000000
000000000000000000000000000
000000000000000000000000000
000000000000000000000000000
000000000000000000000000000
000000000000000000000000000
000000000000000000000000000
000000000000000000000000000
000000000000000000000000000
000000000000000000000000000
000000000000000000000000000
000000000000000000000000000
000000000000000000000ac30bd
000000000000000000ffe73d277
0000000000000000000001121df
000000000000000000000e1a741
000000000000000000fff18ec86
0000000000000000000018db2e6
000000000000000000005743386
000000000000000000ff47846f9
000000000000000000002172d38
00000000000000000000491b317
000000000000000000ffd6d99c2
00000000000000000000b62492a
000000000000000000005497095
000000000000000000fec7f4d67
000000000000000000009eab445
000000000000000000003fe573c
000000000000000000007bc9501
000000000000000000011df16bd
000000000000000000ffe930f53
000000000000000000fed296abe
000000000000000000011901162
00000000000000000000336b878
0000000000000000000091921d7
00000000000000000000b0fa30b
000000000000000000ffd5261d0
000000000000000000ffac5642a
000000000000000000012ae6e55
000000000000000000ffcb28d9b
000000000000000000009969c30
000000000000000000ff7d819f8
000000000000000000ffc41ba90
000000000000000000005e330ce
00000000000000000000aebf7fc
000000000000000000ffd59ff1f
000000000000000000ffc4c39e7
000000000000000000fedac5003
000000000000000000004c2f5c1
000000000000000000005bafd2a
0000000000000000000038da266
000000000000000000ffd3729eb
000000000000000000ffbc111da
000000000000000000ff51ab18e
0000000000000000000010eb47a
000000000000000000000c23652
000000000000000000000543450
000000000000000000fff78bc1e
000000000000000000fff5803b9
000000000000000000ffe89a2da
000000000000000000000000000
000000000000000000000000000
000000000000000000000000000
000000000000000000000000000
000000000000000000000000000
000000000000000000000000000
000000000000000000000000000
000000000000000000000000000
000000000000000000000000000
000000000000000000000000000
000000000000000000000000000
000000000000000000000000000
000000000000000000000000000
000000000000000000000000000
000000000000000000000000000
000000000000000000000000000
000000000000000000000000000
000000000000000000000000000
000000000000000000000000000
000000000000000000000000000
000000000000000000000000000
000000000000000000000000000
000000000000000000000000000
000000000000000000000000000
000000000000000000000000000
000000000000000000000000000
000000000000000000000000000
000000000000000000000000000
000000000000000000000000000
000000000000000000000000000
000000000000000000000000000
000000000000000000000000000
000000000000000000000000000
000000000000000000000000000
000000000000000000000000000
000000000000000000000000000
000000000000000000000000000
000000000000000000000000000
000000000000000000000000000
000000000000000000000000000
000000000000000000000000000
000000000000000000000000000
000000000000000000000000000
000000000000000000000000000
000000000000000000000000000
000000000000000000000000000
000000000000000000000000000
000000000000000000000000000
000000000000000000000000000
000000000000000000000000000
000000000000000000000000000
000000000000000000000000000
000000000000000000000000000
000000000000000000000000000
000000000000000000000000000
000000000000000000000000000
000000000000000000000000000
000000000000000000000000000
000000000000000000000000000
000000000000000000000000000
000000000000000000000000000
000000000000000000000000000
000000000000000000000000000
000000000000000000000000000
000000000000000000000000000
000000000000000000000000000
000000000000000000000000000
000000000000000000000000000
000000000000000000000000000
000000000000000000000000000
000000000000000000000000000
000000000000000000000000000
000000000000000000000000000
000000000000000000000000000
000000000000000000000000000
000000000000000000000000000
000000000000000000000000000
000000000000000000000000000
000000000000000000000000000
000000000000000000000000000
000000000000000000000000000
000000000000000000000000000
000000000000000000000000000
000000000000000000000000000
000000000000000000000000000
000000000000000000000000000
000000000000000000000000000
000000000000000000000000000
000000000000000000000000000
000000000000000000000000000
000000000000000000000000000
000000000000000000000000000
000000000000000000000000000
000000000000000000000000000
000000000000000000000000000
000000000000000000000000000
000000000000000000000000000
000000000000000000000000000
000000000000000000000000000
000000000000000000000000000
000000000000000000000000000
000000000000000000000000000
000000000000000000000000000
000000000000000000000000000
000000000000000000000000000
000000000000000000000000000
000000000000000000000000000
000000000000000000000000000
000000000000000000001c8d54e
000000000000000000ffe725ecd
000000000000000000000a8bb91
000000000000000000fffe83e27
000000000000000000fffee0ff4
0000000000000000000021ab801
00000000000000000000abdf610
000000000000000000ff80cecdf
0000000000000000000054720d7
000000000000000000ffe327a06
000000000000000000001122ab7
00000000000000000000cfd7456
00000000000000000000d6cf330
000000000000000000ff9fcc754
00000000000000000000a17085f
000000000000000000ffa79a202
000000000000000000007eb4b97
00000000000000000000cd91f93
00000000000000000000b5e48a3
000000000000000000ffebbb7d9
00000000000000000000fa9b953
000000000000000000ff92cb558
000000000000000000005e13dff
0000000000000000000017d6c15
0000000000000000000034b849a
000000000000000000009810d5b
00000000000000000000cd5fd72
000000000000000000ff8ace01f
0000000000000000000034efc33
000000000000000000ff0f3c0c8
0000000000000000000029c1463
0000000000000000000076c0d88
0000000000000000000079877e8
000000000000000000ffca5784c
000000000000000000ffa0822ad
000000000000000000ff0076e17
00000000000000000000440e1e5
000000000000000000002e17862
0000000000000000000013b977b
000000000000000000ffdc31949
000000000000000000ffd88b30a
000000000000000000ffaacb50d
00000000000000000000047db94
00000000000000000000027c39c
0000000000000000000000dd9cc
000000000000000000fffdb2348
000000000000000000fffd9ec12
000000000000000000fffb26ebc
000000000000000000000000000
000000000000000000000000000
000000000000000000000000000
000000000000000000000000000
000000000000000000000000000
000000000000000000000000000
000000000000000000000000000
000000000000000000000000000
000000000000000000000000000
000000000000000000000000000
000000000000000000000000000
000000000000000000000000000
000000000000000000000000000
000000000000000000000000000
000000000000000000000000000
000000000000000000000000000
000000000000000000000000000
000000000000000000000000000
000000000000000000000000000
000000000000000000000000000
000000000000000000000000000
000000000000000000000000000
000000000000000000000000000
000000000000000000000000000
000000000000000000000000000
000000000000000000000000000
000000000000000000000000000
000000000000000000000000000
000000000000000000000000000
000000000000000000000000000
000000000000000000000000000
000000000000000000000000000
000000000000000000000000000
000000000000000000000000000
000000000000000000000000000
000000000000000000000000000
000000000000000000000000000
000000000000000000000000000
000000000000000000000000000
000000000000000000000000000
000000000000000000000000000
000000000000000000000000000
000000000000000000000000000
000000000000000000000000000
000000000000000000000000000
000000000000000000000000000
000000000000000000000000000
000000000000000000000000000
000000000000000000000000000
000000000000000000000000000
000000000000000000000000000
000000000000000000000000000
000000000000000000000000000
000000000000000000000000000
000000000000000000000000000
000000000000000000000000000
000000000000000000000000000
000000000000000000000000000
000000000000000000000000000
000000000000000000000000000
000000000000000000000000000
000000000000000000000000000
000000000000000000000000000
000000000000000000000000000
000000000000000000000000000
000000000000000000000000000
000000000000000000000000000
000000000000000000000000000
000000000000000000000000000
000000000000000000000000000
000000000000000000000000000
000000000000000000000000000
000000000000000000000000000
000000000000000000000000000
000000000000000000000000000
000000000000000000000000000
000000000000000000000000000
000000000000000000000000000
000000000000000000000000000
000000000000000000000000000
000000000000000000000000000
000000000000000000000000000
000000000000000000000000000
000000000000000000000000000
000000000000000000000000000
000000000000000000000000000
000000000000000000000000000
000000000000000000000000000
000000000000000000000000000
000000000000000000000000000
000000000000000000000000000
000000000000000000000000000
000000000000000000000000000
000000000000000000000000000
000000000000000000000000000
000000000000000000000000000
000000000000000000000000000
000000000000000000000000000
000000000000000000000000000
000000000000000000000000000
000000000000000000000000000
000000000000000000000000000
000000000000000000000000000
000000000000000000000000000
000000000000000000000000000
000000000000000000000000000
000000000000000000000000000
000000000000000000000000000
0000000000000000000014b506e
000000000000000000ffff132ca
000000000000000000001238e85
000000000000000000fff089d48
00000000000000000000044d44e
00000000000000000000198e411
000000000000000000008ba9303
000000000000000000000b5f37d
000000000000000000006bf3306
000000000000000000ff97cbe6d
000000000000000000001c9a292
00000000000000000000906c06f
00000000000000000001037b9a8
000000000000000000007a19aa7
00000000000000000000941d2eb
000000000000000000ff322ef6f
000000000000000000003121b50
000000000000000000006f00d69
000000000000000000014a6b591
00000000000000000000db5cdaf
00000000000000000000b2d1a20
000000000000000000ff07d5553
000000000000000000fff953689
000000000000000000ffcc3f065
00000000000000000000da4ad58
00000000000000000000e7a9cda
00000000000000000000535c750
000000000000000000ff5ea6b9b
000000000000000000ffd0423a7
000000000000000000ff20f04a9
000000000000000000006c1c523
0000000000000000000064b06f0
00000000000000000000324901b
000000000000000000ffc770df5
000000000000000000ffb595429
000000000000000000ff4cb3f4b
000000000000000000000bcf46c
00000000000000000000073b55e
0000000000000000000002c7581
000000000000000000fff9ff905
000000000000000000fff95b6aa
000000000000000000fff1f69fa
000000000000000000000000000
000000000000000000000000000
000000000000000000000000000
000000000000000000000000000
000000000000000000000000000
000000000000000000000000000
000000000000000000000000000
000000000000000000000000000
000000000000000000000000000
000000000000000000000000000
000000000000000000000000000
000000000000000000000000000
000000000000000000000000000
000000000000000000000000000
000000000000000000000000000
000000000000000000000000000
000000000000000000000000000
000000000000000000000000000
000000000000000000000000000
000000000000000000000000000
000000000000000000000000000
000000000000000000000000000
000000000000000000000000000
000000000000000000000000000
000000000000000000000000000
000000000000000000000000000
000000000000000000000000000
000000000000000000000000000
000000000000000000000000000
000000000000000000000000000
000000000000000000000000000
000000000000000000000000000
000000000000000000000000000
000000000000000000000000000
000000000000000000000000000
000000000000000000000000000
000000000000000000000000000
000000000000000000000000000
000000000000000000000000000
000000000000000000000000000
000000000000000000000000000
000000000000000000000000000
000000000000000000000000000
000000000000000000000000000
000000000000000000000000000
000000000000000000000000000
000000000000000000000000000
000000000000000000000000000
000000000000000000000000000
000000000000000000000000000
000000000000000000000000000
000000000000000000000000000
000000000000000000000000000
000000000000000000000000000
000000000000000000000000000
000000000000000000000000000
000000000000000000000000000
000000000000000000000000000
000000000000000000000000000
000000000000000000000000000
000000000000000000000000000
000000000000000000000000000
000000000000000000000000000
000000000000000000000000000
000000000000000000000000000
000000000000000000000000000
000000000000000000000000000
000000000000000000000000000
000000000000000000000000000
000000000000000000000000000
000000000000000000000000000
000000000000000000000000000
000000000000000000000000000
000000000000000000000000000
000000000000000000000000000
000000000000000000000000000
000000000000000000000000000
000000000000000000000000000
000000000000000000000000000
000000000000000000000000000
000000000000000000000000000
000000000000000000000000000
000000000000000000000000000
000000000000000000000000000
000000000000000000000000000
000000000000000000000000000
000000000000000000000000000
000000000000000000000000000
000000000000000000000000000
000000000000000000000000000
000000000000000000000000000
000000000000000000000000000
000000000000000000000000000
000000000000000000000000000
000000000000000000000000000
000000000000000000000000000
000000000000000000000000000
000000000000000000000000000
000000000000000000000000000
000000000000000000000000000
000000000000000000000000000
000000000000000000000000000
000000000000000000000000000
000000000000000000000000000
000000000000000000000000000
000000000000000000000000000
000000000000000000000000000
000000000000000000000000000
000000000000000000000000000
000000000000000000000000000
000000000000000000000000000
000000000000000000000000000
000000000000000000000000000
000000000000000000000000000
0000000000000000000003f6ead
0000000000000000000005a0092
0000000000000000000008aa866
000000000000000000fff891d7a
00000000000000000000004c446
000000000000000000000872503
000000000000000000002547b8d
0000000000000000000026fdf9a
000000000000000000003680df5
000000000000000000ffcb1739b
0000000000000000000001b865b
0000000000000000000033ce67d
00000000000000000000682ca60
000000000000000000005b9fb9a
000000000000000000004d4f8bc
000000000000000000ff94a44c2
000000000000000000fff9c1449
000000000000000000002d58426
00000000000000000000a0f3220
000000000000000000007b36f62
0000000000000000000051bebd7
000000000000000000ff7a10254
000000000000000000ffdd8f44e
000000000000000000ffec42293
00000000000000000000868f94e
000000000000000000005a713b8
000000000000000000001dc8f0e
000000000000000000ffa91501f
000000000000000000ffd633e6e
000000000000000000ffad69113
000000000000000000003d4c1eb
00000000000000000000238ad30
000000000000000000000cdb7ff
000000000000000000ffe05ad14
000000000000000000ffdf49184
000000000000000000ffbc7aace
0000000000000000000001208ca
00000000000000000000009face
0000000000000000000000379e6
000000000000000000ffff6bfa4
000000000000000000ffff67189
000000000000000000fffec885e
000000000000000000000000000
000000000000000000000000000
000000000000000000000000000
000000000000000000000000000
000000000000000000000000000
000000000000000000000000000
000000000000000000000000000
000000000000000000000000000
000000000000000000000000000
000000000000000000000000000
000000000000000000000000000
000000000000000000000000000
000000000000000000000000000
000000000000000000000000000
000000000000000000000000000
000000000000000000000000000
000000000000000000000000000
000000000000000000000000000
000000000000000000000000000
000000000000000000000000000
000000000000000000000000000
000000000000000000000000000
000000000000000000000000000
000000000000000000000000000
000000000000000000000000000
000000000000000000000000000
000000000000000000000000000
000000000000000000000000000
000000000000000000000000000
000000000000000000000000000
000000000000000000000000000
000000000000000000000000000
000000000000000000000000000
000000000000000000000000000
000000000000000000000000000
000000000000000000000000000
000000000000000000000000000
000000000000000000000000000
000000000000000000000000000
000000000000000000000000000
000000000000000000000000000
000000000000000000000000000
000000000000000000000000000
000000000000000000000000000
000000000000000000000000000
000000000000000000000000000
000000000000000000000000000
000000000000000000000000000
000000000000000000000000000
000000000000000000000000000
000000000000000000000000000
000000000000000000000000000
000000000000000000000000000
000000000000000000000000000
000000000000000000000000000
000000000000000000000000000
000000000000000000000000000
000000000000000000000000000
000000000000000000000000000
000000000000000000000000000
000000000000000000000000000
000000000000000000000000000
000000000000000000000000000
000000000000000000000000000
000000000000000000000000000
000000000000000000000000000
000000000000000000000000000
000000000000000000000000000
000000000000000000000000000
000000000000000000000000000
000000000000000000000000000
000000000000000000000000000
000000000000000000000000000
000000000000000000000000000
000000000000000000000000000
000000000000000000000000000
000000000000000000000000000
000000000000000000000000000
0000000000000000000002bfbe6
000000000000000000ffb4f8e5f
000000000000000000fffe1ec15
000000000000000000fff4ae243
000000000000000000000274c92
00000000000000000000056088e
0000000000000000000002c3be7
000000000000000000ffb504e60
000000000000000000fffe3ac15
000000000000000000fff4ca242
000000000000000000040264c93
00000000000000000004055488e
0000000000000000000402bbbe5
00000000000000000003b4f4e60
00000000000000000003fe26c15
000000000000000000fff4ae242
000000000000000000000270c93
0000000000000000000e80946aa
0000000000000000000f3d0154d
0000000000000000000dae95831
0000000000000000000818c471d
000000000000000000f25688c48
000000000000000000056019ab1
0000000000000000000bcd63fde
0000000000000000000de1ab899
0000000000000000000a3e202d2
00000000000000000008b0a1ec2
0000000000000000000a7bd3530
0000000000000000000466fdd7c
0000000000000000000ebda34e1
000000000000000000f40fbc8b3
000000000000000000fff0f46fb
000000000000000000f02464992
00000000000000000004e99a4b7
000000000000000000098c49a5f
0000000000000000000620eeeb1
000000000000000000016262133
000000000000000000f0b87cec5
000000000000000000ff3f76dda
0000000000000000000d0852655
0000000000000000000e9ab0eec
000000000000000000025c1d1cb
0000000000000000000c78e7ee0
000000000000000000f37f96c08
000000000000000000096dc153e
000000000000000000f8795baa1
000000000000000000fc22bf7a9
0000000000000000000800bdb1e
000000000000000000073bf69ce
000000000000000000082b39555
000000000000000000051e4fcad
000000000000000000f201a2ce6
00000000000000000008cddb535
000000000000000000f7fa61f9f
00000000000000000000b8ca6cf
0000000000000000000ac095212
000000000000000000f1745b837
0000000000000000000eed8afc6
000000000000000000fa573b009
00000000000000000002c6f31b8
000000000000000000f9eec915d
00000000000000000004a1235a3
00000000000000000005e1a0c27
000000000000000000f262c383b
00000000000000000002a4635b3
0000000000000000000142545c5
0000000000000000000cbc48739
000000000000000000f907c6372
000000000000000000f336f074a
000000000000000000fc269eeef
00000000000000000001aa26c14
000000000000000000f2e89eb26
00000000000000000002edb066a
00000000000000000003e8f3832
0000000000000000000374ebbb9
0000000000000000000434e76aa
000000000000000000f48ef5c05
0000000000000000000efd60edd
000000000000000000f3e09de43
0000000000000000000112fc56c
0000000000000000000ef7e8e37
000000000000000000004170627
0000000000000000000e617abe1
00000000000000000003c214c9e
000000000000000000081961ba2
0000000000000000000c46686e9
000000000000000000067548633
000000000000000000067dbb5ab
000000000000000000ff5613ad9
000000000000000000f05f679d8
000000000000000000f4f797489
0000000000000000000e036a07e
000000000000000000fd27d695f
000000000000000000fc07390ef
000000000000000000072d25067
00000000000000000007dc2bb88
0000000000000000000653ead8b
000000000000000000fbddc6ddc
0000000000000000000d0957dc5
000000000000000000ff4d00a15
0000000000000000000d49de870
0000000000000000000e6deceea
000000000000000000065b65c69
000000000000000000fc01ab278
000000000000000000065c351f6
0000000000000000000522cb160
0000000000000000000c7106e46
0000000000000000000f2733238
000000000000000000012675718
000000000000000000028154547
00000000000000000004f56a3b7
0000000000000000000b0572076
0000000000000000000c56cf179
000000000000000000099dd6cc3
00000000000000000008001034e
0000000000000000000d58b484d
000000000000000000f390db550
0000000000000000000f6e20886
0000000000000000000c6d96903
000000000000000000f76b1811f
0000000000000000000774071fc
000000000000000000027e1968f
000000000000000000f936411ec
000000000000000000f0c07b82c
00000000000000000009b5e9ec5
0000000000000000000049bafc8
00000000000000000007eb10a6c
000000000000000000fc36308c4
000000000000000000fa2105210
0000000000000000000b55be8cb
000000000000000000073e73550
000000000000000000fdbe317c7
0000000000000000000a83c0f7a
00000000000000000008f57d8b8
000000000000000000fcedf6f77
00000000000000000001490d4c8
000000000000000000f542e04d8
00000000000000000008419f055
000000000000000000f7984d5bb
0000000000000000000e62cc06d
000000000000000000f3012e99d
000000000000000000080747b2f
000000000000000000053e50b4d
000000000000000000f8d9a307d
0000000000000000000e296a8c7
000000000000000000f6edcb3fd
000000000000000000ffd0d9cf6
000000000000000000f8993a905
000000000000000000005ae1e25
0000000000000000000ae202da9
0000000000000000000d032b02d
000000000000000000f86cafe3e
0000000000000000000c397bb05
000000000000000000f1dee2cec
00000000000000000009bcfa344
000000000000000000fd84f6575
000000000000000000023776dfb
0000000000000000000cff9fddf
000000000000000000027abbe57
000000000000000000fa191794b
00000000000000000003c0521dd
0000000000000000000f73a41cd
000000000000000000fc180b4fc
00000000000000000005497aa8b
000000000000000000086674df2
000000000000000000ffc9f19fb
0000000000000000000239df57f
0000000000000000000dc767f44
00000000000000000003ef6a1ff
0000000000000000000a89c185d
0000000000000000000f5d3971c
000000000000000000f4351e0d4
000000000000000000fee643b14
00000000000000000004fcf1ef7
000000000000000000f268f175b
000000000000000000f38306d4e
0000000000000000000ce313ab2
000000000000000000feabaf7ce
000000000000000000073899257
000000000000000000f1e2167ce
000000000000000000098530548
0000000000000000000598dc553
0000000000000000000b60ea6af
000000000000000000012eda1d2
000000000000000000f3022eb80
000000000000000000fef29568b
0000000000000000000c63bf859
000000000000000000054ce11b6
0000000000000000000b05cd2b4
0000000000000000000250b48dc
000000000000000000f9c816c47
000000000000000000045bf29b6
00000000000000000003b349807
000000000000000000001fa2d90
000000000000000000028f08d82
0000000000000000000e900d2d9
00000000000000000008926f49f
000000000000000000015899c93
0000000000000000000d320094f
000000000000000000f1c0e16a3
000000000000000000f98bbd09a
0000000000000000000524187d2
000000000000000000fe8c8ccbc
000000000000000000095832337
000000000000000000000ef9b7f
000000000000000000081194756
000000000000000000069724361
000000000000000000f00886cd5
000000000000000000f0807aeac
00000000000000000009ded082f
00000000000000000000ab879b9
000000000000000000f68bb4a2d
000000000000000000fe401f3c2
000000000000000000f18867ded
00000000000000000007f00d6f6
00000000000000000001933cc4f
000000000000000000fdf41f171
000000000000000000f56ffbc83
000000000000000000fd65fc2ab
00000000000000000006dffad09
000000000000000000f2c72ea3c
000000000000000000f284e7ea6
000000000000000000fe6e0c16d
0000000000000000000055f9610
000000000000000000f93be998a
0000000000000000000d7935439
0000000000000000000f543323d
000000000000000000f0841b763
0000000000000000000ff8f797f
000000000000000000022387ba5
00000000000000000002c5b2b5d
000000000000000000075abbbec
0000000000000000000f05d5f70
0000000000000000000f37076a6
00000000000000000006cfa1c36
0000000000000000000be848d37
000000000000000000f1bec2bf0
00000000000000000007aa06d82
000000000000000000ff1b6843b
00000000000000000005f39b866
000000000000000000f9b3395ab
000000000000000000fd18135d8
00000000000000000009f051274
0000000000000000000fbba5256
000000000000000000f8ee4822b
0000000000000000000816be4ef
00000000000000000005521bb06
0000000000000000000a3a0c90c
000000000000000000049702313
0000000000000000000a84802fa
00000000000000000004e8e5466
000000000000000000fa43939f9
000000000000000000035e63aae
000000000000000000fa3fa9f4a
0000000000000000000b01706cf
000000000000000000009d60b43
0000000000000000000c5b73a6e
000000000000000000038bfb42c
00000000000000000001b5ac4a6
00000000000000000005600496d
000000000000000000f988adb35
000000000000000000f531265fc
00000000000000000005d63f421
0000000000000000000e6ca5623
000000000000000000f67ec1418
00000000000000000001f5f6b12
000000000000000000065256753
0000000000000000000162ea8ef
000000000000000000f1c90f779
0000000000000000000e2a21f97
00000000000000000005c0b6108
0000000000000000000d55fada7
0000000000000000000ed033f10
000000000000000000022fd10e5
0000000000000000000de2d8d16
0000000000000000000da9978d1
0000000000000000000c20a8f22
000000000000000000f4dada757
000000000000000000fab1c4fb9
0000000000000000000c2aa03da
00000000000000000006d6dfb16
000000000000000000056f750dd
0000000000000000000f704c384
00000000000000000003ddd28c7
000000000000000000fb9670cd0
0000000000000000000386f624a
000000000000000000f21a9093c
0000000000000000000f38e64c9
00000000000000000005986d918
00000000000000000005d0777c0
0000000000000000000a211b9f4
0000000000000000000de268e06
0000000000000000000c528085c
000000000000000000f44574271
000000000000000000ff0c52a25
000000000000000000099965a33
000000000000000000073336be2
00000000000000000008b06a244
0000000000000000000f69dbf19
000000000000000000089a6d241
0000000000000000000b147377b
000000000000000000fffc09abe
000000000000000000f2469cd44
000000000000000000fc1a3a7f8
000000000000000000f6538759f
0000000000000000000be583766
00000000000000000009834e27e
000000000000000000efc549264
0000000000000000000c06f3e9d
00000000000000000004d84053b
000000000000000000023c6d641
000000000000000000f877f1379
0000000000000000000b1fa7c14
000000000000000000f2c53f9a7
000000000000000000f54e9b12d
0000000000000000000b922dfd5
00000000000000000001971190c
0000000000000000000b9c7fd1b
00000000000000000003216e6c1
000000000000000000f1566932d
000000000000000000ff6071fe7
000000000000000000ff1f34358
0000000000000000000c8341c0e
000000000000000000f4d887298
000000000000000000066cdc256
0000000000000000000f2d0b165
000000000000000000f0f4e4d21
0000000000000000000c66eb842
000000000000000000008e30e54
0000000000000000000c4392efe
000000000000000000f36707326
000000000000000000023e69c13
000000000000000000f9220c3dc
000000000000000000043f2f6b6
000000000000000000f333e65e0
0000000000000000000ea5fce26
0000000000000000000e130724a
0000000000000000000c278a800
000000000000000000016861951
000000000000000000f972fadee
0000000000000000000d581dc3e
00000000000000000005f7d8aea
0000000000000000000b2be92fc
000000000000000000093a15441
000000000000000000f42b0a5eb
000000000000000000023483e87
000000000000000000f296f7a7a
000000000000000000feb4c9954
000000000000000000095b52bbc
0000000000000000000eb5d8449
000000000000000000f050caf4e
000000000000000000fb476bacd
000000000000000000051566363
000000000000000000f93d33d23
0000000000000000000a06d1da0
00000000000000000009796a45d
00000000000000000003a3c05d9
000000000000000000f8fcb4c5a
000000000000000000fee08d25b
0000000000000000000eeaa2387
00000000000000000004c1b9508
0000000000000000000676d426e
000000000000000000f387d6c00
0000000000000000000e323dce6
000000000000000000f1a7cad93
0000000000000000000544fb4cb
000000000000000000f57915049
00000000000000000008a2b5beb
0000000000000000000c440a9d8
000000000000000000f8bd6a9df
000000000000000000012937f0a
00000000000000000001bfcb873
000000000000000000fabf0071c
000000000000000000f6fe5a298
000000000000000000fceaf51fa
0000000000000000000b9924e1c
0000000000000000000ee78f6e2
0000000000000000000736c7f09
0000000000000000000eafa0250
0000000000000000000707d3b2e
0000000000000000000a9922349
0000000000000000000b0a18c0b
0000000000000000000f15f9e97
000000000000000000075d770a4
0000000000000000000cd500c18
00000000000000000008fb80cce
000000000000000000011249d0b
00000000000000000004fb3582e
00000000000000000008982752f
000000000000000000063c28ba7
0000000000000000000c4bbf534
0000000000000000000b8ab0378
000000000000000000fc30ffe47
0000000000000000000de0370e4
000000000000000000f6693605a
0000000000000000000f7148480
00000000000000000004734c562
000000000000000000f2c81c4a7
00000000000000000004a911bab
0000000000000000000ed1edc7a
00000000000000000005bc99e5d
00000000000000000003c94e49f
000000000000000000f7b8ed931
000000000000000000f7cb90e74
0000000000000000000885a6011
00000000000000000009fb0b0e5
000000000000000000f53e1581e
000000000000000000f343b74a3
000000000000000000024cd777d
0000000000000000000636b9f17
000000000000000000005e5dadb
000000000000000000f96083c8c
00000000000000000009df29af8
00000000000000000008749d73a
000000000000000000fb4836bb3
000000000000000000f514844dc
000000000000000000f5efe8472
00000000000000000009a164e75
000000000000000000065b18a98
000000000000000000ff667cd9c
0000000000000000000a21e06f7
0000000000000000000fab5ac83
000000000000000000033541b28
00000000000000000006d4bbcdd
000000000000000000fa77f3dbf
00000000000000000003dd0c2a3
00000000000000000008b7b88fd
000000000000000000fe6ed937e
000000000000000000f065e96f9
00000000000000000000dca6989
00000000000000000001c4a69a1
000000000000000000f7ac8c200
000000000000000000fbdd00db1
000000000000000000f28f08333
00000000000000000000fb9e42a
0000000000000000000897d3d16
00000000000000000009aa10784
0000000000000000000dde8c018
0000000000000000000d9fdc9e9
000000000000000000f01b52c96
0000000000000000000b886e0a1
000000000000000000f15549932
0000000000000000000e407fa46
000000000000000000f9d259438
0000000000000000000bfe3dc19
000000000000000000f90bc983c
000000000000000000f2e339958
000000000000000000081b4b592
00000000000000000007bb98792
000000000000000000ff0a1463d
0000000000000000000d2d7f95b
0000000000000000000f5099143
0000000000000000000d62f2cf6
0000000000000000000ebfb942f
000000000000000000fdf063e26
000000000000000000ff1fa5fc5
0000000000000000000a439ea50
00000000000000000004eaafceb
000000000000000000f55a271d2
000000000000000000f01149188
0000000000000000000d7f56c72
000000000000000000f5f5ec756
000000000000000000f12b0189d
0000000000000000000021a6927
000000000000000000fe5f44f61
000000000000000000f67d6d206
0000000000000000000cda3e34b
0000000000000000000ac410006
0000000000000000000d0e2bf61
0000000000000000000ac91a2f4
0000000000000000000976d3be6
0000000000000000000bbeefb19
00000000000000000008baa85b8
0000000000000000000022486a8
00000000000000000001d4f78f7
000000000000000000fa33213cd
000000000000000000f84277039
000000000000000000fd4ed9a37
0000000000000000000e58725cd
000000000000000000036ad15a6
0000000000000000000f40f9e62
00000000000000000002c297927
000000000000000000017cbbf84
000000000000000000fbdf61fbd
00000000000000000009ff4a339
00000000000000000009c9ec54e
000000000000000000028efc4a3
0000000000000000000a5ce76b6
0000000000000000000183234ab
0000000000000000000c3baaea9
000000000000000000025ab86f6
0000000000000000000b2ed7c5a
0000000000000000000fd766fca
000000000000000000017cb556b
0000000000000000000ef77a9ea
0000000000000000000feb58fb8
0000000000000000000a1d6d506
0000000000000000000c7f11ee2
0000000000000000000679f2e81
00000000000000000003472e3a4
000000000000000000ff9ede77a
000000000000000000063b82b55
000000000000000000075b695ed
000000000000000000097835c28
0000000000000000000eb76ca45
00000000000000000004540d0a5
000000000000000000052ae247c
000000000000000000063b0d066
0000000000000000000ab4ec33e
0000000000000000000aadb09e4
00000000000000000000811f707
000000000000000000f665ba6ca
0000000000000000000a59e3a8b
0000000000000000000b2850274
0000000000000000000d22b7417
0000000000000000000d39f5278
000000000000000000081f7b9b2
000000000000000000050e05d19
000000000000000000f7076a4fe
00000000000000000005cf41476
0000000000000000000a3f1e828
000000000000000000f73d2f5bc
00000000000000000009d788d47
00000000000000000001b787276
0000000000000000000115eff8c
0000000000000000000837cd7f5
00000000000000000008b07a2af
00000000000000000004242e2ef
0000000000000000000150ac3b7
0000000000000000000267cf95e
0000000000000000000f31bb6ff
000000000000000000f10dd20e5
000000000000000000075eccb05
00000000000000000005e6920d0
00000000000000000001e1525a9
00000000000000000002ff6704a
00000000000000000003e96966c
00000000000000000008eceddfd
000000000000000000f9cedff5b
000000000000000000052351cac
00000000000000000009b45d8bf
00000000000000000004581d1c1
000000000000000000f52adb0e3
0000000000000000000ec71c55f
0000000000000000000ade05d9d
000000000000000000fffb05eb4
0000000000000000000a4046389
000000000000000000067c210b5
0000000000000000000d9ccc11b
000000000000000000f5cb1c621
000000000000000000f31efdf09
000000000000000000fe7769d10
000000000000000000f83e7fa67
000000000000000000054ee84d0
00000000000000000007f442745
000000000000000000f5968e587
0000000000000000000a7aecf44
0000000000000000000a700e367
000000000000000000fa992f42c
000000000000000000fd195ce32
00000000000000000002b012573
000000000000000000f04834da8
00000000000000000005a916146
000000000000000000086ca8288
000000000000000000018f8e17b
00000000000000000005c651ae5
0000000000000000000a805e189
0000000000000000000d902e2cc
00000000000000000003214b1b8
00000000000000000007ff9bbde
00000000000000000004eb39347
00000000000000000004143c835
000000000000000000048d0b610
000000000000000000f5a29a721
00000000000000000004ae67533
00000000000000000004f3864f2
0000000000000000000e205cc5b
0000000000000000000a5c69164
000000000000000000fc8472768
000000000000000000fdb665691
0000000000000000000f71aa3bc
000000000000000000066427840
000000000000000000ff10df0f9
00000000000000000004932dad1
000000000000000000f139255ce
000000000000000000073797478
0000000000000000000024a5f77
0000000000000000000e477fadf
0000000000000000000ea1da66d
0000000000000000000b87e05aa
0000000000000000000aac180de
000000000000000000f9135c3c3
000000000000000000016affd9f
000000000000000000fb3e486e8
0000000000000000000f2ee8124
00000000000000000003399ca9a
00000000000000000000834c069
000000000000000000046976568
000000000000000000094dfbd89
000000000000000000f5a690cf2
000000000000000000f10a1afb5
000000000000000000f08856769
0000000000000000000564249f5
0000000000000000000cf379fe8
0000000000000000000381977c2
0000000000000000000db3a67ba
00000000000000000007057b663
0000000000000000000e95af31c
000000000000000000fe0bd5c43
0000000000000000000c4d21a99
0000000000000000000dbb0afb6
00000000000000000002fe0ecc5
000000000000000000f507420a7
000000000000000000022b9fdb9
000000000000000000061173da4
00000000000000000004f1d4d01
00000000000000000009018d507
000000000000000000008c9b45e
0000000000000000000c6c1dd9f
000000000000000000090d0ebd8
000000000000000000f3a2ee736
00000000000000000002a3b2502
0000000000000000000b0248319
000000000000000000fc175b227
0000000000000000000ffa6a3fa
0000000000000000000b41af3b7
000000000000000000062933207
000000000000000000f924afe58
000000000000000000fefba196c
000000000000000000030d13b7c
0000000000000000000252ccf44
0000000000000000000add639b8
000000000000000000fe86af9fb
000000000000000000fbc144efc
000000000000000000098494962
000000000000000000024c50b11
000000000000000000035b0f165
00000000000000000002b5b80e4
0000000000000000000006918c9
00000000000000000001e15ed44
0000000000000000000dd379887
000000000000000000f24526ea8
00000000000000000002a959ebe
000000000000000000f1b5844a3
000000000000000000060607095
000000000000000000f2034b16b
000000000000000000f68fdb239
000000000000000000f96d72753
000000000000000000f6796b1b1
000000000000000000f75657d86
000000000000000000fce56efd0
0000000000000000000cb17671e
000000000000000000fa5eba291
0000000000000000000a42de570
000000000000000000fad2fea32
000000000000000000f151e8166
000000000000000000f5865dbae
000000000000000000fb11f4f61
000000000000000000f085fe3b5
00000000000000000009c3d57a4
0000000000000000000988ee8de
00000000000000000008e68cf0c
0000000000000000000eb7d6ca8
000000000000000000fb02529d7
00000000000000000007fcc82fb
0000000000000000000fb12f7f5
000000000000000000f8c35ff42
000000000000000000074696f9a
000000000000000000064338fb2
000000000000000000f0a6e33bb
000000000000000000f1a0df886
0000000000000000000d0cf5dc5
00000000000000000005bab9124
000000000000000000f6a12465e
000000000000000000f2da8f1f9
00000000000000000001d65725a
000000000000000000f4b952779
00000000000000000008d34f85c
000000000000000000fceb9cb7e
000000000000000000f229d9039
00000000000000000005c03bbc3
00000000000000000002e9182d6
000000000000000000074e32156
0000000000000000000d511ecda
000000000000000000055456112
00000000000000000008d369f8f
00000000000000000004eb5813f
000000000000000000fbb27c2ae
0000000000000000000973da490
0000000000000000000a5c50d15
000000000000000000097dbf6d6
000000000000000000082f0f677
00000000000000000005610ff07
000000000000000000f1780b16d
000000000000000000f91a1d28b
00000000000000000002abfa3ea
000000000000000000f6253096c
000000000000000000050b88ae0
000000000000000000ff3ec46e2
0000000000000000000b4d30f07
00000000000000000004068d00f
000000000000000000fb2ce3157
0000000000000000000c709e517
0000000000000000000007090f7
000000000000000000f928b002a
00000000000000000006569bdfe
00000000000000000000e095d4b
00000000000000000008d3b0cb6
000000000000000000065ad265a
00000000000000000005a8f84a2
000000000000000000fa5ed1d21
000000000000000000066d6237e
00000000000000000006fba3824
0000000000000000000c7d18a53
000000000000000000f19247059
000000000000000000f246630b4
000000000000000000f28f4068c
0000000000000000000a26654c6
000000000000000000feb995811
0000000000000000000090633c5
0000000000000000000e44cc4dd
000000000000000000f57fdd35a
000000000000000000fc981eb6a
00000000000000000000db79bff
00000000000000000004253e165
00000000000000000009c9f8ee2
000000000000000000073766db8
0000000000000000000aa3c4962
000000000000000000f8e4e45f4
0000000000000000000c1235c60
0000000000000000000d4c89241
000000000000000000fe9ebef8d
0000000000000000000ae08b22d
000000000000000000007d61516
000000000000000000091e57d0e
0000000000000000000246a27b7
000000000000000000080e0dfd6
000000000000000000037a6fbad
000000000000000000005ec3c7e
00000000000000000001a075b11
000000000000000000f8859ba39
0000000000000000000ce61a578
0000000000000000000517c75dd
0000000000000000000a431bb0a
000000000000000000f30baf3b8
000000000000000000f6eb68ed6
0000000000000000000123315cc
000000000000000000fd3bfd866
00000000000000000004ce64527
000000000000000000fc12dd951
0000000000000000000166a5a4c
000000000000000000fa4ae5db1
0000000000000000000e92ea7b0
000000000000000000f1a2938bc
0000000000000000000461d81b1
000000000000000000f5aba97fc
0000000000000000000fdd85c8a
000000000000000000fc11ac32c
000000000000000000083ae73cf
0000000000000000000df900afa
000000000000000000fd56e9999
0000000000000000000155b84af
000000000000000000fd6069ae0
000000000000000000f5dcf8165
000000000000000000016d622a0
000000000000000000002690892
00000000000000000004c3f4652
000000000000000000028e7c262
00000000000000000006efd5856
00000000000000000000018180b
000000000000000000f84f7af63
000000000000000000fb01f6bd6
000000000000000000f4eb342a0
0000000000000000000f099ebc1
0000000000000000000409ac038
000000000000000000029722e04
0000000000000000000c01be126
00000000000000000006c447e44
000000000000000000047a61116
00000000000000000009472eea7
000000000000000000fe45632f0
000000000000000000f389ef45f
000000000000000000fe7f9a895
0000000000000000000f682b3ae
00000000000000000009ae8b29a
00000000000000000008ab860cb
000000000000000000fb83d78e2
000000000000000000f6d3b7b76
000000000000000000f5d14e303
0000000000000000000f3a2b303
0000000000000000000f1493e32
0000000000000000000295e31fb
0000000000000000000bc27f965
000000000000000000017fdddd2
000000000000000000f9d20671f
000000000000000000fe256e75b
0000000000000000000b9a97bf5
000000000000000000f738ffee0
000000000000000000f3e22746c
000000000000000000f1b8c012d
000000000000000000062707435
00000000000000000000346c5a2
0000000000000000000790a2137
00000000000000000005c71a547
0000000000000000000e75c1aa3
00000000000000000003e41a63e
000000000000000000056132b56
0000000000000000000aa910638
0000000000000000000e91c29a6
000000000000000000f84829020
000000000000000000093746872
000000000000000000ffa8df9e6
000000000000000000faa0cb857
0000000000000000000b68695cf
0000000000000000000ce802a7a
000000000000000000080a41f82
000000000000000000036096278
000000000000000000f2cf77ef9
000000000000000000f9da98bb3
0000000000000000000bae7074d
000000000000000000f18f05f31
00000000000000000007556fdfb
000000000000000000066029475
00000000000000000006a80d206
000000000000000000f1b758d74
000000000000000000fb171d923
000000000000000000f01a2ca88
00000000000000000006ccfaead
000000000000000000f7f60b9a2
000000000000000000f8fbec145
00000000000000000000f566abf
000000000000000000fabdec643
000000000000000000f8a3443a5
000000000000000000fa10ba5cb
00000000000000000001bdb9548
0000000000000000000f27da3dd
000000000000000000f5283db54
000000000000000000032b76646
000000000000000000fb40a058d
000000000000000000fe295fe1a
000000000000000000fa4cca6e6
0000000000000000000acaa0824
00000000000000000004b227f95
000000000000000000f2f66039b
00000000000000000000ce663df
0000000000000000000ab60e2fd
000000000000000000f4c4a4592
0000000000000000000102ecc0e
00000000000000000002dc8dfee
000000000000000000f4b20d6d1
00000000000000000007179f61d
000000000000000000fda52b25e
000000000000000000f596d43c5
000000000000000000038a0b718
00000000000000000001eb8aa4b
000000000000000000f8a8927ca
0000000000000000000b8a39326
00000000000000000008b9d6705
00000000000000000009a362f2f
0000000000000000000f014cc9d
000000000000000000ff6bf8c26
000000000000000000fc535b4c2
000000000000000000f57d84300
000000000000000000f0ecab296
000000000000000000fb3ea27c0
0000000000000000000805a273b
0000000000000000000a9d17b24
00000000000000000001bc3bcd4
000000000000000000062ae6a42
000000000000000000f29e1cb81
000000000000000000035f1f279
00000000000000000009bd35715
000000000000000000f4bfe5411
000000000000000000073dacb6e
000000000000000000f8a253854
000000000000000000fdc79b3a0
000000000000000000fba7ad3b2
000000000000000000fe40ec324
000000000000000000f4161548f
00000000000000000003ae30c1a
0000000000000000000ab6c17cb
00000000000000000003aa09647
000000000000000000037ab8acd
0000000000000000000d00140e2
0000000000000000000449eacef
000000000000000000006d4be5a
0000000000000000000ebf859e0
000000000000000000f092f4bd3
00000000000000000001624781c
00000000000000000004ec6b04e
000000000000000000f5b213122
000000000000000000f4742fadf
000000000000000000f9a17d7dd
00000000000000000002064656d
000000000000000000035096657
0000000000000000000da6e64ce
000000000000000000f751a063e
00000000000000000000f684b65
000000000000000000087a54346
000000000000000000074f1068a
00000000000000000001df94a9a
0000000000000000000c788ee20
0000000000000000000568858ba
00000000000000000008e965626
0000000000000000000f628b209
000000000000000000ffda050f7
000000000000000000012251746
0000000000000000000ee29f64d
000000000000000000f9109d0d7
000000000000000000f64a7a0c8
000000000000000000f52f1275b
0000000000000000000d70c26ed
000000000000000000ffc85f938
00000000000000000006814ded7
000000000000000000fa7fab076
00000000000000000000cf518b7
000000000000000000f846fd946
000000000000000000f1601a639
000000000000000000fc2f0a71b
000000000000000000f4257d135
000000000000000000041070072
000000000000000000fdc4e6500
00000000000000000008e3032b0
000000000000000000f3b78f40f
000000000000000000f8a8c8dac
00000000000000000008ef56edd
000000000000000000f728bf2b6
0000000000000000000ea78ba1b
0000000000000000000f4b8c6cb
0000000000000000000dd66c5a4
000000000000000000075569805
000000000000000000f7c067772
0000000000000000000f377c17e
0000000000000000000267c0c59
000000000000000000f3d3ea764
000000000000000000040ff3b11
00000000000000000002f9f3fdd
000000000000000000f75936062
000000000000000000008f0510a
000000000000000000f5fb548bf
0000000000000000000a4b49388
000000000000000000f72aa8c9f
0000000000000000000d0a2e80c
000000000000000000f76e39a84
0000000000000000000902fbcc9
0000000000000000000c7286268
0000000000000000000ceb26b96
0000000000000000000c7a7b9a0
00000000000000000006db8c030
00000000000000000009fe2035a
0000000000000000000e155dd0a
000000000000000000039ac3486
0000000000000000000651137b4
0000000000000000000f5b9b636
000000000000000000097a61e7e
000000000000000000096d989d5
00000000000000000008da7a181
00000000000000000001f84ed6c
000000000000000000005ee960b
0000000000000000000924b3efd
0000000000000000000a10a907d
000000000000000000f65d214be
000000000000000000064dddee5
0000000000000000000f9a69ea3
000000000000000000f1935c449
00000000000000000000373a2cf
0000000000000000000adbd4ff7
000000000000000000ff2481213
0000000000000000000cd766de8
0000000000000000000b9b62e64
0000000000000000000f2816948
0000000000000000000831bd9e7
00000000000000000002ee444c4
0000000000000000000f63169c4
00000000000000000004b816dfe
000000000000000000f92f4c297
0000000000000000000c9590abf
000000000000000000036672d38
0000000000000000000e78b41ba
0000000000000000000f7048c9d
00000000000000000003edbf5af
000000000000000000fa25847d8
000000000000000000fab1c8442
00000000000000000004bde6209
0000000000000000000c960d59c
000000000000000000087a66b44
000000000000000000f6c68e0cf
00000000000000000002b1f59c5
000000000000000000fa94dfd24
000000000000000000f6bc3d8f4
00000000000000000005f3119c5
0000000000000000000ebe6c11e
000000000000000000fa20d401e
0000000000000000000a1d13d49
000000000000000000fc9d9a66f
000000000000000000fde0a2ea3
000000000000000000089827d35
000000000000000000081afb365
0000000000000000000b0862020
000000000000000000034eb18a5
0000000000000000000a1825c6f
0000000000000000000f7f7500a
00000000000000000009c4cefc9
000000000000000000fbfa6fd66
0000000000000000000ec172280
000000000000000000feb39effa
0000000000000000000d94aba6a
000000000000000000063c683ce
0000000000000000000d955a449
000000000000000000069804b9a
000000000000000000022c4f402
000000000000000000071b0aa6b
000000000000000000048fbcd65
000000000000000000fafca9789
000000000000000000f6badf41e
00000000000000000007f7dc6de
0000000000000000000bd50593f
0000000000000000000cbac83a4
0000000000000000000bf68a500
000000000000000000f9713ca85
00000000000000000009ef78bc2
000000000000000000053c26920
000000000000000000f23581955
000000000000000000035f307cb
000000000000000000032b383ae
00000000000000000000bb6d4a8
000000000000000000083b12420
000000000000000000fb2a92741
000000000000000000012f64dfa
00000000000000000002c520652
00000000000000000008dc46c3d
0000000000000000000e7236f92
0000000000000000000ac9e8cf8
000000000000000000f76dd1898
00000000000000000001e0476d9
000000000000000000f1c396c5d
0000000000000000000fc261418
000000000000000000f8ca4c54c
00000000000000000000f078732
00000000000000000002cdc5db6
000000000000000000f07da4d83
00000000000000000000a04543a
0000000000000000000eb5b8b9c
00000000000000000000d5c6549
0000000000000000000e15d6807
0000000000000000000ee36d416
000000000000000000f52be8ca5
0000000000000000000c637148c
000000000000000000f4c760aa6
00000000000000000002b2fccd0
000000000000000000ffc87d9fd
0000000000000000000f9f42b35
00000000000000000003aa156eb
000000000000000000fc487f65c
000000000000000000006c66dd5
00000000000000000009e9467b4
00000000000000000006f01079b
000000000000000000fadd3270a
000000000000000000f18609472
000000000000000000fdc2e2180
000000000000000000fb536781c
0000000000000000000b439784d
000000000000000000069ed3dd5
000000000000000000023d5cb90
0000000000000000000c954f0a2
0000000000000000000e6642555
000000000000000000f2847e8a0
00000000000000000008e5301c6
0000000000000000000a1be4f96
0000000000000000000770a5fea
00000000000000000006af6ca3f
000000000000000000fc4789a69
00000000000000000001fae29ad
000000000000000000fab8d24c6
000000000000000000fec0afebd
00000000000000000000b1d33b6
0000000000000000000bf3532f5
000000000000000000f171a768b
000000000000000000ff67748bb
000000000000000000ff1dd5b5f
0000000000000000000b17ef279
0000000000000000000a8e40b99
000000000000000000fcef2fa6d
0000000000000000000a245b815
000000000000000000fdef79401
000000000000000000feee6d14a
0000000000000000000296a80fd
0000000000000000000291649c9
000000000000000000091971d37
0000000000000000000a636ec19
000000000000000000f1a39d020
000000000000000000fcdae4e37
00000000000000000009b4e1e11
000000000000000000f5e0d831e
00000000000000000006f7d5f97
0000000000000000000a8612e58
000000000000000000068c1be0a
0000000000000000000057a24a1
000000000000000000f58494ef1
0000000000000000000d7196415
0000000000000000000843ebbeb
00000000000000000001d820563
000000000000000000083bca2d2
0000000000000000000cca423a3
0000000000000000000812e565e
00000000000000000009db644b1
00000000000000000008e0399f4
0000000000000000000ed44d5c2
000000000000000000fc43be155
000000000000000000f9f51a6d2
0000000000000000000e4dc3ff9
000000000000000000f5d68c103
00000000000000000009022941e
000000000000000000fc6a18413
000000000000000000f89dd3800
0000000000000000000de6419e1
000000000000000000fe8bb9dc2
0000000000000000000da3961d1
000000000000000000010ab5d63
0000000000000000000e3b702a4
000000000000000000f2e26a035
000000000000000000f31a17b95
0000000000000000000d8aff961
0000000000000000000d01f152c
000000000000000000f560c7e31
00000000000000000008c01062f
0000000000000000000497b1a17
000000000000000000085b924cd
000000000000000000fda72586c
000000000000000000098e2a027
00000000000000000006782e82b
00000000000000000009ea43746
000000000000000000f20e6462a
0000000000000000000c2462ec3
0000000000000000000c7e7e379
0000000000000000000e856b242
000000000000000000f3626312f
00000000000000000000ca31067
0000000000000000000faec60ad
000000000000000000fe924025a
0000000000000000000ec0d42a7
000000000000000000f56408410
000000000000000000fc47a344f
00000000000000000008a82fb58
0000000000000000000e4d4a3dd
000000000000000000f6fb9f47d
000000000000000000f23a70074
000000000000000000095850738
0000000000000000000242805f7
000000000000000000078fedd0a
00000000000000000001594384f
0000000000000000000d3a010b6
000000000000000000f0a5123c2
0000000000000000000d432075f
00000000000000000002f715769
0000000000000000000274113fb
0000000000000000000d8a3cfc7
000000000000000000041bdbbe2
0000000000000000000ee4c784a
000000000000000000fab201daa
000000000000000000fd16e1204
0000000000000000000cce4e773
000000000000000000fce840be4
0000000000000000000bfa0a390
00000000000000000007cee7fed
0000000000000000000ecc49d36
000000000000000000f9a6b35dc
0000000000000000000565e35fa
000000000000000000037331088
0000000000000000000e6c458ef
0000000000000000000eb58507a
000000000000000000070b7d5ee
00000000000000000008517d1f8
000000000000000000080829188
0000000000000000000296d92a9
00000000000000000009094b634
000000000000000000055e4b71c
00000000000000000001587aeb2
000000000000000000ff7a731ac
00000000000000000001aac0180
0000000000000000000571475ad
00000000000000000006e635ff1
000000000000000000f25afbf7b
0000000000000000000f747ed1f
0000000000000000000d5d922a1
000000000000000000015492786
000000000000000000f00ae2a97
000000000000000000046889e52
000000000000000000ff6f81a61
0000000000000000000dc3fc79c
000000000000000000082d6037b
0000000000000000000c026d677
000000000000000000f7bd9cfd6
0000000000000000000a6de0cba
0000000000000000000ee98b895
000000000000000000fa334c609
0000000000000000000e55bb3c8
000000000000000000f5c100ffb
00000000000000000001afdf8d7
00000000000000000006ca4b701
000000000000000000fe0c665a0
000000000000000000073ef5315
000000000000000000ffba73ee8
000000000000000000086b2882b
00000000000000000008d2e7046
000000000000000000fde57e6e0
000000000000000000fc14e07ff
0000000000000000000608c1f5d
00000000000000000004f3e0ce8
0000000000000000000c6256325
0000000000000000000daf72950
0000000000000000000299e6762
0000000000000000000885a9985
00000000000000000003fb8615f
0000000000000000000864be8c3
0000000000000000000b83a6e18
0000000000000000000ac205953
00000000000000000005a4628ab
000000000000000000010dbfb22
00000000000000000005c10b3cf
000000000000000000ff7fbac64
000000000000000000054d85107
000000000000000000f8bd834ec
000000000000000000f454bb3be
000000000000000000fe019acae
0000000000000000000d4b2c3e9
00000000000000000007246a7b1
000000000000000000015924392
00000000000000000000a24a5db
000000000000000000f45f5eea5
000000000000000000fef3b5d83
000000000000000000f9d5f9994
000000000000000000fe6530d8c
000000000000000000f618984b2
00000000000000000001646ee45
000000000000000000fe15bef05
000000000000000000f995ed878
000000000000000000f5f979d76
000000000000000000032779c4e
0000000000000000000c43a9217
000000000000000000051ca6200
0000000000000000000dac4810e
000000000000000000fdb15a17c
0000000000000000000d0805936
00000000000000000005561717b
0000000000000000000e3e5e6bf
000000000000000000f4685b834
0000000000000000000706f7e1e
000000000000000000fe80c800e
000000000000000000067fc07e6
000000000000000000f6b31f5ee
000000000000000000f004c77e6
0000000000000000000ab59a6ff
0000000000000000000325518b2
000000000000000000fcfdfe6d8
0000000000000000000987598e4
000000000000000000005a3c003
000000000000000000073adc977
000000000000000000fab2eb3d0
000000000000000000fd579050f
000000000000000000085aac6e5
000000000000000000f81cf75b7
000000000000000000fc8819e56
00000000000000000005887b151
000000000000000000f720f9b46
0000000000000000000fb887be5
000000000000000000fdc44d02f
000000000000000000f7fc4aa13
000000000000000000048ce46cf
000000000000000000f9e7f3573
0000000000000000000a5df4215
0000000000000000000cb200d19
0000000000000000000732b1e38
000000000000000000f6752c6e9
000000000000000000031168b94
0000000000000000000950d75e4
000000000000000000f27ffb800
0000000000000000000d7d423d4
000000000000000000f23c07cb1
000000000000000000faec212d8
000000000000000000059f8af21
000000000000000000fdd8c7c9b
000000000000000000fcfa4b4ab
000000000000000000f2d171e12
0000000000000000000a4250fbd
00000000000000000005c9c31f4
000000000000000000f5fdf372a
000000000000000000070690226
0000000000000000000bbfbda45
00000000000000000001d6cd0b8
000000000000000000ff8cbb3f6
000000000000000000fff4f5d1f
000000000000000000f54060c98
000000000000000000fbc761086
00000000000000000007d804475
0000000000000000000fb05e076
000000000000000000094052925
000000000000000000fde1982be
000000000000000000fc8ef3a9a
0000000000000000000220b2c41
0000000000000000000642f57fa
00000000000000000006ca3b53d
0000000000000000000347bfb1d
000000000000000000020567e18
00000000000000000005ef9ea6b
000000000000000000fdc7d89b3
000000000000000000ffd78dea8
0000000000000000000f4c10e20
000000000000000000008df7442
000000000000000000fd4833fc9
0000000000000000000281e9175
000000000000000000f15373a19
000000000000000000068d2955e
0000000000000000000009e5e29
0000000000000000000b8ad7c94
000000000000000000019e3d9d2
00000000000000000003ec4ddf2
0000000000000000000c7cd3b92
0000000000000000000bcad3e9d
00000000000000000006e75e87d
000000000000000000f7aa8b72c
0000000000000000000279adc7c
000000000000000000f9b7bfef4
0000000000000000000d6d97e5a
0000000000000000000a58a3dd3
000000000000000000f12c09f04
0000000000000000000f730ebe7
000000000000000000f1a569c2d
0000000000000000000d68b3e76
000000000000000000f3ecdea2f
00000000000000000006854329e
0000000000000000000bdfca23b
0000000000000000000dbe093a8
000000000000000000f6fadbbad
000000000000000000004f95254
000000000000000000090da5c9d
0000000000000000000de48e385
000000000000000000025373fe1
0000000000000000000f36b5876
000000000000000000043f137e0
0000000000000000000cc188463
0000000000000000000ee171ba5
0000000000000000000e6a7291c
000000000000000000006085f59
000000000000000000fdb3b5586
000000000000000000f8de6eb9d
0000000000000000000776399f8
0000000000000000000d73b925c
000000000000000000084f30ee0
000000000000000000f30c77716
000000000000000000f72d59a01
000000000000000000ff0a53910
000000000000000000fac7cab91
000000000000000000f3acfaddc
000000000000000000fce010137
0000000000000000000ed643bb4
00000000000000000006ff0546d
000000000000000000fffe613cf
0000000000000000000dfd529c3
0000000000000000000ee1c2fef
000000000000000000fd96f923f
000000000000000000f12ef8a13
00000000000000000004bc69e81
000000000000000000fdcd326c4
0000000000000000000afb60524
000000000000000000f7b4764ae
0000000000000000000f120f5f6
000000000000000000f30730ef8
000000000000000000faa9fa3e0
00000000000000000000339d2ed
000000000000000000fc97c2093
000000000000000000044b3e699
000000000000000000f5cd1392a
000000000000000000086c4a374
00000000000000000006b6edd46
000000000000000000fa145f3b1
0000000000000000000e6f16902
000000000000000000f28a65f63
000000000000000000f3ab44262
000000000000000000fe8cc1a5f
00000000000000000006d1456e7
000000000000000000089b32ee7
000000000000000000f10e7db8c
000000000000000000fe2e6e4b4
00000000000000000001fb57171
000000000000000000f0c92909c
00000000000000000002aeef611
000000000000000000070e3bbdb
00000000000000000002435c015
000000000000000000f34700348
000000000000000000007cabc02
0000000000000000000a661ccfc
000000000000000000f8981525d
00000000000000000008b059705
000000000000000000082b3791d
0000000000000000000701be8c6
000000000000000000fca189b8f
00000000000000000006a8316b1
00000000000000000003fedb638
000000000000000000026cc72fb
0000000000000000000fefbc472
0000000000000000000e041f02d
0000000000000000000bab22c93
0000000000000000000390d6377
000000000000000000039753de8
000000000000000000f1126591a
00000000000000000006591b4b2
000000000000000000077d2fad2
0000000000000000000d643b65a
000000000000000000f9e4172a1
0000000000000000000f5978b38
00000000000000000000a350e90
0000000000000000000656921f8
0000000000000000000ea1bfcfc
000000000000000000f58096007
000000000000000000f8b021d60
000000000000000000f83f75c21
000000000000000000087029a06
00000000000000000006d76d29a
00000000000000000009882436a
000000000000000000f56c4cbb0
000000000000000000002dd1826
000000000000000000facd74a39
0000000000000000000babb2acb
000000000000000000f924d5db7
000000000000000000081b29c4d
000000000000000000fe95c36f1
00000000000000000008b477b51
0000000000000000000b2e90979
000000000000000000f634ef786
00000000000000000001fe65899
000000000000000000f7afaf4be
000000000000000000ff09a7b6d
00000000000000000000ed97c7d
0000000000000000000462ad0e2
000000000000000000061d2ead6
0000000000000000000b52350a7
00000000000000000001608765d
0000000000000000000c780f5af
0000000000000000000d7f21333
00000000000000000002802c2f0
0000000000000000000e4d8e0a0
000000000000000000f7c69117a
00000000000000000008927ee41
000000000000000000f7eba0d59
0000000000000000000607d17c3
00000000000000000001aa4d27e
000000000000000000f8f039c8c
0000000000000000000fe2f6257
0000000000000000000ec001765
0000000000000000000f0cdcd91
000000000000000000f0551f2f1
00000000000000000005273e3ee
0000000000000000000baf48e07
000000000000000000f2c55241f
00000000000000000009fb5c210
0000000000000000000a3aa1ee7
00000000000000000004e852e18
00000000000000000009cca5d74
000000000000000000094f48096
000000000000000000067b03149
00000000000000000006af91483
00000000000000000007980106d
000000000000000000f10cfd6a5
0000000000000000000b19654d2
00000000000000000001aa79620
000000000000000000fa34e2213
0000000000000000000c3dff68e
0000000000000000000082c8ad9
000000000000000000fee1a1041
000000000000000000f54be5a0a
000000000000000000fadccfdcc
000000000000000000fe9e6ba3e
0000000000000000000c36f5230
0000000000000000000c8204e24
00000000000000000008dd6166c
000000000000000000f78cb1dca
00000000000000000008e089cc9
000000000000000000f55b1a1a6
000000000000000000f36a8d368
000000000000000000011627de5
0000000000000000000aa5fa14f
000000000000000000f901cc68b
0000000000000000000b3cf7e46
0000000000000000000ad2193da
000000000000000000f89c2f8e0
000000000000000000f0518f6ec
000000000000000000f1352bf46
000000000000000000fc88885b5
000000000000000000f42b33d8c
0000000000000000000f3c59ed8
000000000000000000077843744
000000000000000000ffe2c6e75
000000000000000000f8272b5de
0000000000000000000edd0fe69
00000000000000000006f636d95
000000000000000000040ed71aa
00000000000000000007e0a4b28
0000000000000000000d1b6104b
00000000000000000002aa01b77
00000000000000000006a11d640
000000000000000000ffd35a77e
00000000000000000004e99f8e1
000000000000000000f866914df
0000000000000000000be7f122b
00000000000000000006f1e4fce
00000000000000000006f4a4243
0000000000000000000e74fac5f
000000000000000000f5b0a8d0f
000000000000000000003c9785d
000000000000000000f5bf95d5e
000000000000000000f6d8fbfad
000000000000000000f981b5e8f
000000000000000000feaf2ded3
000000000000000000f49584221
00000000000000000006c7d8847
0000000000000000000191af9d2
000000000000000000f17ed1d99
000000000000000000f175a5e0f
00000000000000000003b67600f
00000000000000000008bddb4ba
000000000000000000026cf365c
00000000000000000001fc59ba1
000000000000000000ff7ae584a
0000000000000000000d5ee1683
000000000000000000fe72f9c34
00000000000000000004a27d2c8
000000000000000000f4d612d96
000000000000000000f844e90c7
000000000000000000f0a0758f2
0000000000000000000a20c8d20
000000000000000000fe3d5438d
000000000000000000f56af5e6a
00000000000000000003a13847e
000000000000000000f832a3570
000000000000000000fe2cd53d6
000000000000000000f11e0766e
000000000000000000fdbaa9c14
000000000000000000058727f51
00000000000000000005dc8eaa0
0000000000000000000158799aa
0000000000000000000371e82bf
000000000000000000f906170fa
0000000000000000000c7a134bc
0000000000000000000b6c883ba
000000000000000000f7448e47c
0000000000000000000a79d9c99
000000000000000000f238b20b9
00000000000000000005dcf747a
000000000000000000f06409f82
0000000000000000000e92937b5
000000000000000000f8bd99c1f
0000000000000000000f1f01bed
0000000000000000000792382a3
000000000000000000045901546
0000000000000000000b7c98ef9
000000000000000000078489f44
000000000000000000f00cf1938
000000000000000000062573002
0000000000000000000f68872ac
0000000000000000000b5e68fd5
0000000000000000000e04c4f43
0000000000000000000ebeb0cd7
000000000000000000055dc3314
000000000000000000054ce56bd
000000000000000000fbdfcdaa2
00000000000000000004c0a44de
0000000000000000000f356ed5c
000000000000000000f6c6922d9
000000000000000000f36a1757e
0000000000000000000e13f12ec
000000000000000000098fc7538
0000000000000000000c2c96f4d
0000000000000000000be48daee
000000000000000000f29341d74
000000000000000000fea216147
0000000000000000000340f27ad
00000000000000000000489c782
0000000000000000000b9b1d537
000000000000000000f8f87f27f
00000000000000000001ec26c8a
000000000000000000f07a8622d
0000000000000000000774c4d45
0000000000000000000aa3bdbfc
00000000000000000002ef79bca
0000000000000000000933921d1
000000000000000000f72da8cb1
000000000000000000f7e05ed1e
0000000000000000000e54ead98
000000000000000000f2e4ff700
0000000000000000000de61515e
00000000000000000008e638053
00000000000000000003ffc45e3
000000000000000000008ec15ac
0000000000000000000e22e4df2
000000000000000000f71b85721
000000000000000000f54d53adc
0000000000000000000f0ead92c
00000000000000000005b89f102
00000000000000000002b409da6
0000000000000000000d09e972d
000000000000000000f10a0004a
0000000000000000000dd68388f
0000000000000000000fae68241
00000000000000000002bbf5425
0000000000000000000e7e079ca
000000000000000000f8b043141
00000000000000000009bc25e31
0000000000000000000b8e493bb
00000000000000000004e00423c
000000000000000000f45df9ded
0000000000000000000de97b61d
000000000000000000fe20ab4c0
000000000000000000069742012
000000000000000000060a79005
0000000000000000000b91db996
0000000000000000000b398d548
0000000000000000000ce676d97
000000000000000000f8abdb9d0
000000000000000000fd591c171
00000000000000000009fb645f8
000000000000000000f34e4bb93
000000000000000000f387ffeaf
0000000000000000000addef2fe
0000000000000000000acad4232
000000000000000000fce6696c4
00000000000000000007a252e38
000000000000000000050162088
00000000000000000009618fb58
000000000000000000f93a88a26
0000000000000000000b4d6db9a
0000000000000000000e0faf5b8
0000000000000000000ad893343
00000000000000000005b88c6b9
0000000000000000000e4d73593
0000000000000000000f70d7599
000000000000000000f20748ba1
0000000000000000000e041afe8
00000000000000000002db64536
0000000000000000000b7aae00b
000000000000000000f729baf98
00000000000000000006de4a7bc
0000000000000000000da3171bd
0000000000000000000800065c4
000000000000000000078bfa520
000000000000000000fde662579
000000000000000000fd9395c98
000000000000000000f2cd2f12d
000000000000000000002793bb3
00000000000000000000f85a4ac
000000000000000000038763880
0000000000000000000e85118ea
000000000000000000f83d2ffae
0000000000000000000e1d6323a
0000000000000000000ba711dea
0000000000000000000c6528039
000000000000000000087b93ada
0000000000000000000e1b30339
000000000000000000fd45cc305
0000000000000000000a73be42b
0000000000000000000ee004321
0000000000000000000178c6784
00000000000000000003aaca891
000000000000000000fc29ed81a
00000000000000000007ddc3cbb
000000000000000000f0079f9db
0000000000000000000524163c0
0000000000000000000233dc70a
0000000000000000000dd99d877
000000000000000000f9fc768b1
000000000000000000088f41692
000000000000000000055cf563b
000000000000000000052373113
0000000000000000000bac3c69d
0000000000000000000b0a41d05
000000000000000000013c180ea
000000000000000000f77da36bf
0000000000000000000295bc32f
000000000000000000080337c36
000000000000000000f5a55c58c
00000000000000000003d3e64b5
0000000000000000000d387f765
0000000000000000000f3715568
00000000000000000001420132c
00000000000000000008ad77cf6
0000000000000000000a5ab894c
000000000000000000fee7f2c46
00000000000000000005dd29e21
00000000000000000007f42566a
00000000000000000006c043a11
000000000000000000fc3bfc6c7
000000000000000000fc9e92335
000000000000000000094c836b4
000000000000000000f3b1754c9
0000000000000000000482b3033
000000000000000000fb99518e5
000000000000000000086135bab
000000000000000000f779c5797
000000000000000000f84321405
000000000000000000ffd5a31d5
00000000000000000004fc3e025
00000000000000000002468e1aa
0000000000000000000fbe6c3f6
000000000000000000f35cde5bf
000000000000000000040c48991
0000000000000000000b0b88549
000000000000000000fd4fd174e
00000000000000000001e696b97
0000000000000000000ae3ff17d
00000000000000000008ed358ba
000000000000000000f0640e663
0000000000000000000d0bb6326
0000000000000000000500dec1c
000000000000000000f6b6e2bb9
0000000000000000000a6ad16ea
0000000000000000000f70810a1
0000000000000000000b1628a61
0000000000000000000225c6b3c
000000000000000000f5cc4fc91
000000000000000000028ed3399
000000000000000000091899638
00000000000000000001b4a8100
00000000000000000006425c0ca
0000000000000000000c1dfef83
000000000000000000f0ea5ce4c
0000000000000000000fd2c8276
0000000000000000000c67faa6c
000000000000000000f41a19d18
000000000000000000f4a609b7c
0000000000000000000de1554c7
000000000000000000fcaeeecd2
000000000000000000f948b1e70
000000000000000000fadf0ba0f
000000000000000000fe3c75f0e
00000000000000000005b9f9a3e
0000000000000000000d23a3f47
00000000000000000002bf5c9f0
000000000000000000facd27f11
0000000000000000000d1933a6c
000000000000000000f230f7001
000000000000000000fc0b28fc3
000000000000000000feabc2c18
0000000000000000000afa65c9d
0000000000000000000542af508
000000000000000000f57b9d0fd
0000000000000000000ccaed64e
0000000000000000000d5585c96
0000000000000000000ca1d9631
0000000000000000000246887c7
0000000000000000000d2bbdec8
000000000000000000030a4c573
00000000000000000008cbdae45
000000000000000000004b11033
00000000000000000001a5af4fe
000000000000000000fa5eec297
000000000000000000f445280f5
00000000000000000006148e942
0000000000000000000bafbfcc1
0000000000000000000ab19abc3
00000000000000000004862b143
000000000000000000fb629cd17
0000000000000000000f56600bd
000000000000000000f54272e4d
000000000000000000021e4e755
00000000000000000007008f3fb
000000000000000000fedcdbbba
0000000000000000000b0feb21e
000000000000000000fee302d09
00000000000000000004af3a437
00000000000000000002ec336ed
00000000000000000009b2d82f5
0000000000000000000dfba7f46
000000000000000000f4ca99df6
000000000000000000fa2ea0cef
0000000000000000000e621c13c
000000000000000000f98e9ac22
00000000000000000000c564d0b
000000000000000000020e00d50
000000000000000000035df500f
000000000000000000fb10bed41
000000000000000000046d35cfa
000000000000000000ff85bc86d
000000000000000000083d15277
000000000000000000f6a26915b
000000000000000000090247cd7
000000000000000000045490489
000000000000000000f925c6e0e
000000000000000000048351649
000000000000000000f3d025272
000000000000000000038a3bdce
0000000000000000000e8a9b9d9
000000000000000000fe6fd3211
0000000000000000000bb527098
0000000000000000000afbefad1
000000000000000000fce7a83af
0000000000000000000f427b7aa
000000000000000000f588a9125
000000000000000000fa08e0136
0000000000000000000719fa9ac
0000000000000000000494ae521
000000000000000000f6343cbdc
0000000000000000000ae6a933e
000000000000000000f1c580c01
000000000000000000f6d6ba5ad
0000000000000000000c512ae9e
0000000000000000000d0a94ac1
00000000000000000005f9ffaca
0000000000000000000c21f5886
0000000000000000000acb859ea
0000000000000000000680cc63f
0000000000000000000d851bf79
000000000000000000fca906937
00000000000000000005a206495
0000000000000000000e3dc9173
0000000000000000000a3c7f2e2
0000000000000000000724e0653
00000000000000000001acd8f03
00000000000000000008ed515d1
0000000000000000000f0a53c6d
000000000000000000fe36989bc
00000000000000000006b294c16
0000000000000000000437600d1
0000000000000000000d6e60ab8
0000000000000000000efc7f1f8
0000000000000000000e7835005
00000000000000000006663222a
0000000000000000000ff205ad5
000000000000000000f56aa21dd
000000000000000000ff50fbbe6
0000000000000000000be716a83
000000000000000000f5b3af33f
00000000000000000008497f03a
000000000000000000004ac0f09
0000000000000000000c7987907
000000000000000000ff17ac110
000000000000000000005479195
000000000000000000fac0ca684
000000000000000000042b1c69f
000000000000000000081c32b98
000000000000000000fdd59d80f
00000000000000000006d49b804
00000000000000000008d519a06
000000000000000000fc3952528
000000000000000000f7a89d208
000000000000000000f34586a2a
00000000000000000001393e0dc
000000000000000000fb1498629
000000000000000000f9e5f4826
0000000000000000000967f4838
000000000000000000fcb56cc92
00000000000000000001c771c5d
0000000000000000000e67e6e07
0000000000000000000d4c8bcee
000000000000000000058f4287c
0000000000000000000f7abc1f4
000000000000000000fdc8b0b19
000000000000000000f6578f764
000000000000000000f50e179f9
000000000000000000f9742c93f
000000000000000000fbdb85d2b
000000000000000000fd6dd39e7
0000000000000000000d14265d2
000000000000000000033c492a7
000000000000000000fbe7f4eaa
0000000000000000000121bf9e2
0000000000000000000bb52f627
00000000000000000009fbc0d53
000000000000000000021b98c9f
000000000000000000fd0386d4f
00000000000000000005b8a9ef9
000000000000000000fa1f58664
000000000000000000fe447202c
000000000000000000024539362
0000000000000000000e8c59c2f
0000000000000000000354f169d
00000000000000000005a41268a
00000000000000000000d08e3c4
00000000000000000009b4feb1e
000000000000000000ff52da575
0000000000000000000bf1aec26
000000000000000000fc880e93d
00000000000000000000a6ad949
000000000000000000f4dbf75f5
000000000000000000f7f2d615e
0000000000000000000b5a62be9
000000000000000000f7674c7e4
000000000000000000fb662a96f
00000000000000000008a3488d7
000000000000000000026251845
0000000000000000000e39b1a50
0000000000000000000c0f837ba
000000000000000000062662fd0
0000000000000000000a2437269
000000000000000000f9edcc8dd
00000000000000000007ab7d718
000000000000000000060bffd95
0000000000000000000864f64e0
000000000000000000094cc4ec0
00000000000000000008252cb3c
000000000000000000077c8e877
0000000000000000000fa0da82c
0000000000000000000908c8aac
0000000000000000000d651bca2
000000000000000000f2c4a3b8d
0000000000000000000be70b31a
000000000000000000f596a89e6
000000000000000000f099495d8
0000000000000000000988a33d0
0000000000000000000041802b2
000000000000000000015b44c03
000000000000000000065899d1a
000000000000000000fbdf48305
0000000000000000000644bb4b6
0000000000000000000e2070858
0000000000000000000b82913ff
000000000000000000013d0d5bc
0000000000000000000fe7b8e33
00000000000000000003b51c6cd
000000000000000000fca25977f
0000000000000000000eb6b2c27
000000000000000000f2bdb4e3f
000000000000000000032e88a6a
0000000000000000000ee3b2345
00000000000000000008b87e5dc
0000000000000000000cf7d546c
0000000000000000000c0b2782f
000000000000000000fd7ed8246
0000000000000000000a628a11f
0000000000000000000b4c9f18b
0000000000000000000cf995491
00000000000000000007e48ab5f
000000000000000000046477178
000000000000000000f1a95f8d7
0000000000000000000d778ad72
00000000000000000006cdac176
00000000000000000000b1817dd
000000000000000000ffac44922
0000000000000000000134e6697
000000000000000000f2ddbdb0c
0000000000000000000ab1d3163
000000000000000000f0ce49bc9
000000000000000000f9d2d1513
000000000000000000f0fc8b14c
00000000000000000002ab72bfd
000000000000000000f15106374
00000000000000000004cdc0b09
000000000000000000040f40bcc
0000000000000000000ecec6e10
000000000000000000fddb79c13
00000000000000000008fb1fcdf
000000000000000000f9d9eb0cd
000000000000000000f3fd77747
000000000000000000ff6ca89cd
0000000000000000000b1bfeec7
0000000000000000000ad2ffb6d
00000000000000000002cad5cf0
000000000000000000fb47ab2c6
000000000000000000f594bea20
000000000000000000f0ca6bf26
0000000000000000000ba9c6fcf
000000000000000000f6dc493f7
0000000000000000000ad6f6233
00000000000000000003bc732ec
0000000000000000000349ab0ed
000000000000000000049abb03c
00000000000000000004459a7cd
0000000000000000000d466d907
00000000000000000009416bac1
0000000000000000000b59c246c
0000000000000000000e7bed870
000000000000000000099880ae3
000000000000000000fa792f3ae
0000000000000000000cfc615eb
000000000000000000fb2214397
00000000000000000001995d07c
0000000000000000000d055455d
00000000000000000004fa2f7a5
0000000000000000000e9dc9d8f
000000000000000000f23b77ae9
000000000000000000f536044d9
00000000000000000003bf132bc
000000000000000000f33c74797
00000000000000000005c188c02
000000000000000000f79fa00d0
000000000000000000f1b750ab8
000000000000000000097c2bbab
000000000000000000fc679e953
00000000000000000007574cc13
000000000000000000fb48c0d41
0000000000000000000e8586fc8
000000000000000000f3482fbc3
000000000000000000f6dda2e27
000000000000000000fa116ddf5
000000000000000000f97db5854
000000000000000000f6e675b65
000000000000000000094685e55
000000000000000000f10ee995f
000000000000000000fb97d8a3d
000000000000000000fec5e39ab
000000000000000000f1f220c9b
0000000000000000000c968e330
00000000000000000000ab9b9bb
000000000000000000065c9318e
000000000000000000fb408c6f6
000000000000000000f65898e14
000000000000000000fa343169e
000000000000000000f60e19766
000000000000000000fcc2f12d1
000000000000000000f34e9fece
000000000000000000ffa132923
00000000000000000000a2c313a
000000000000000000fcfddc552
00000000000000000009669bb3f
0000000000000000000629f611d
000000000000000000083624c8a
000000000000000000064803b30
000000000000000000040a1af97
00000000000000000009deddc8a
000000000000000000086b606e4
000000000000000000fa00e3fef
00000000000000000003c76db66
000000000000000000f4f67e6c8
0000000000000000000b9e16af8
00000000000000000006a2d3fbe
00000000000000000007b0c377f
0000000000000000000e5f41f57
000000000000000000f567685e0
00000000000000000009b983872
00000000000000000005ce72182
0000000000000000000775954fa
0000000000000000000e4612b22
000000000000000000f3a28cabb
00000000000000000007ca1ac19
0000000000000000000264c6a58
000000000000000000f161e82fa
00000000000000000002c44360a
000000000000000000028830462
00000000000000000002364bf4d
000000000000000000f6bee7cf7
00000000000000000004d58f6f5
0000000000000000000616ce23b
0000000000000000000e8029046
000000000000000000f2d73694b
000000000000000000f9093efaf
000000000000000000045258cb7
000000000000000000ffaf7ba1f
00000000000000000003324e1af
000000000000000000048825859
0000000000000000000ee329285
000000000000000000040789493
0000000000000000000fdc5a2fb
00000000000000000000b31bb79
000000000000000000f13a7040b
000000000000000000089a81250
00000000000000000001b71ed33
0000000000000000000393138a1
0000000000000000000c304c98e
00000000000000000008d6c8b15
0000000000000000000b8e8ef10
0000000000000000000f0a9a455
0000000000000000000b63f3a6e
0000000000000000000e1579faa
000000000000000000fb94f5e2f
00000000000000000005623ac83
0000000000000000000a236032f
0000000000000000000f6c25b41
000000000000000000f130ca689
00000000000000000003c404fbe
000000000000000000085ac9187
000000000000000000ffb61a4c6
0000000000000000000c0093622
0000000000000000000afd289da
00000000000000000005d07f7c1
00000000000000000000ca72779
00000000000000000009662d985
0000000000000000000fbf3f917
00000000000000000004add30db
00000000000000000000b3801bf
000000000000000000004e6a9eb
00000000000000000006c21184a
00000000000000000009ec8f1e7
000000000000000000f2d4efddd
000000000000000000f12ff70a2
000000000000000000f5debf878
000000000000000000f69b0ef9b
00000000000000000002c260ac7
000000000000000000fcd82310e
0000000000000000000f4fbf9b0
00000000000000000005b9e6c17
000000000000000000073a9c2d2
00000000000000000008135ea10
0000000000000000000169ddbfd
000000000000000000f05eca180
0000000000000000000304a069f
0000000000000000000ea061942
000000000000000000fdd7c1a41
000000000000000000065b5a462
0000000000000000000b31b9b85
000000000000000000061996fe6
000000000000000000043b98988
00000000000000000002a8871cc
000000000000000000f6fecc953
0000000000000000000f2fa62a2
000000000000000000059667d0b
000000000000000000f36327617
0000000000000000000f8ed3c51
00000000000000000006245e40e
0000000000000000000845c1802
0000000000000000000f4e59c06
0000000000000000000d58605a0
000000000000000000fcb106b6e
0000000000000000000eb3c1f5c
0000000000000000000ae7a1d8f
0000000000000000000805dc1ad
00000000000000000003b6bc11f
000000000000000000018cb16ab
0000000000000000000e9c7a855
000000000000000000087da4b49
00000000000000000006ec69ba7
0000000000000000000dd3f03f4
0000000000000000000a6495e46
0000000000000000000bb1e256b
000000000000000000fcd735bfb
000000000000000000087e0cb9b
0000000000000000000f0f75e0b
00000000000000000005b35e63e
0000000000000000000fb703128
000000000000000000f02f853d2
00000000000000000009a4a94f0
000000000000000000fa05c9ce6
000000000000000000fdc55d893
000000000000000000f3557bb6d
0000000000000000000215fd360
000000000000000000f791c1437
000000000000000000fd7c126d2
0000000000000000000fba838bf
00000000000000000003e3d97ae
0000000000000000000018a9cb6
000000000000000000f3aab228b
00000000000000000009e14a9b1
000000000000000000064e5958f
0000000000000000000cd055646
0000000000000000000d45b0855
00000000000000000008afce1ac
000000000000000000016053789
0000000000000000000c81ba5e0
000000000000000000ff3574b0d
000000000000000000ff3079d77
0000000000000000000eb4d5d67
00000000000000000000fa78131
000000000000000000082e5e963
000000000000000000f957eed29
000000000000000000f84e4686f
000000000000000000f01dc9486
000000000000000000f061ff78a
000000000000000000089ce13fd
000000000000000000f39599e22
00000000000000000006a958115
000000000000000000fc896b64e
000000000000000000011c992b8
0000000000000000000a360a568
000000000000000000f68e24a8d
000000000000000000083e95792
00000000000000000008fecc23e
00000000000000000002832b7bd
000000000000000000fc9043688
0000000000000000000e184de71
000000000000000000023ab8748
0000000000000000000c903237b
000000000000000000f6078fe04
000000000000000000fbdc07241
000000000000000000037e5b832
00000000000000000004abf64fa
0000000000000000000dde47ad6
000000000000000000f1bb9c633
000000000000000000020a41c04
000000000000000000f5d8ab567
000000000000000000fc62f8610
00000000000000000003120728f
000000000000000000efc6ec5de
000000000000000000fa686b5f1
000000000000000000f2ab6a49c
000000000000000000fa8b74256
0000000000000000000e415d2a2
000000000000000000f8c7c008e
000000000000000000fce0b6384
000000000000000000f84906dba
0000000000000000000d1394fbd
000000000000000000ffca7de66
000000000000000000f84a0a40e
0000000000000000000b1369ff2
0000000000000000000c72fa048
000000000000000000093a0a8d7
00000000000000000003937926c
000000000000000000fc489794f
0000000000000000000a8accf34
0000000000000000000e573f7cd
000000000000000000fe3d6df7c
00000000000000000008711b009
000000000000000000f16547131
000000000000000000013ec1908
000000000000000000f9cc436f5
000000000000000000fd93a1dc9
000000000000000000f7085e059
0000000000000000000df6d3737
0000000000000000000f8a39059
0000000000000000000aaad5a67
0000000000000000000aedf8b5e
0000000000000000000ef004b51
00000000000000000009f4ceef2
000000000000000000fe3000e6d
000000000000000000003ab5639
000000000000000000f89472a3b
0000000000000000000f541afc8
000000000000000000f675334d0
00000000000000000007bcfaa05
0000000000000000000f49bdd84
00000000000000000008685bbfa
000000000000000000fb4fdc2b8
000000000000000000ff6691c38
00000000000000000003559d5fc
000000000000000000066e1b968
0000000000000000000f0d70d67
000000000000000000fd5976e39
000000000000000000fc0e44475
000000000000000000fa4260674
000000000000000000f3287bb17
000000000000000000083ef856b
0000000000000000000bfdf859b
0000000000000000000ce2daa72
000000000000000000f8c4fffaf
0000000000000000000bd9fd8ce
000000000000000000001ccf563
0000000000000000000065fa5eb
0000000000000000000502b434d
000000000000000000014133f5f
000000000000000000074bdee65
000000000000000000fd45debed
0000000000000000000c1aea795
000000000000000000f6406e5d0
000000000000000000ff2deec8c
000000000000000000081c680f3
00000000000000000002060fca7
00000000000000000001aecce59
0000000000000000000e682c679
000000000000000000076736061
0000000000000000000e9d48668
0000000000000000000eb578cd4
0000000000000000000d1cd8714
000000000000000000f7ce037e3
0000000000000000000685b38ae
000000000000000000f9adb7f40
0000000000000000000cfa94794
00000000000000000007b5c2631
000000000000000000f47e059e7
000000000000000000074184d2d
000000000000000000f0db4edbf
000000000000000000fb9b60268
0000000000000000000cddfc041
00000000000000000003bec3091
0000000000000000000dda80ce1
00000000000000000007749444b
000000000000000000ff5c58623
000000000000000000030988748
00000000000000000005c6b95f2
000000000000000000f79400cf9
000000000000000000fad75f934
00000000000000000000440f127
0000000000000000000dac8f56f
00000000000000000000207fcdc
000000000000000000f7ab25b09
0000000000000000000717a57ab
0000000000000000000216a63cc
000000000000000000f8ece4605
000000000000000000f11cdc28f
0000000000000000000eaae7d59
000000000000000000fbafc890d
0000000000000000000c687a339
00000000000000000004c85d819
00000000000000000005eaecf92
000000000000000000ffbd189bb
0000000000000000000700b7965
00000000000000000000dfb2025
000000000000000000fd45bf622
000000000000000000f90ae32e3
000000000000000000f6d4c0766
0000000000000000000b6008476
0000000000000000000d281baf1
0000000000000000000c6fe2324
000000000000000000f0c19070e
00000000000000000001fecae71
000000000000000000f60105bf0
000000000000000000fca7b2772
0000000000000000000cd9af0c4
0000000000000000000951e01b4
000000000000000000fae0c758e
0000000000000000000387edda0
00000000000000000002c70541f
000000000000000000f429c19a1
0000000000000000000cc5ec67d
000000000000000000ffc705467
000000000000000000036f980e6
00000000000000000000aa8dffa
0000000000000000000b19ef27f
0000000000000000000c46877b3
0000000000000000000eec43699
0000000000000000000bf948323
00000000000000000007cbe1851
000000000000000000084e38925
0000000000000000000f25fe920
000000000000000000042f11177
000000000000000000f6a56595f
0000000000000000000473b4c9c
000000000000000000026604be3
0000000000000000000ec19b5c8
000000000000000000012bee43e
000000000000000000f58044390
000000000000000000f41d88396
00000000000000000005cbb8590
00000000000000000005626fecc
0000000000000000000d12991d0
0000000000000000000fa461d67
0000000000000000000d7e8119e
0000000000000000000be2dfd35
0000000000000000000adb4829d
000000000000000000f0ef7f96e
00000000000000000000354c7a3
0000000000000000000956378d7
0000000000000000000c8cd7b40
000000000000000000f27d9e665
00000000000000000005923780e
0000000000000000000a21acec6
0000000000000000000d299d56c
00000000000000000001437f975
0000000000000000000c2995001
000000000000000000fdb0f28d7
00000000000000000008619f150
000000000000000000f72132764
0000000000000000000a7d8fc53
00000000000000000002427fc25
000000000000000000f8e8d6a53
000000000000000000f5e879946
000000000000000000095f59b41
000000000000000000f60aa31bf
00000000000000000006b414622
00000000000000000001c110aa7
000000000000000000fa8f810bb
00000000000000000009816f65a
0000000000000000000b7ccf8f8
00000000000000000000e05537e
000000000000000000f9e7811aa
000000000000000000f51cdd8b3
000000000000000000f0c0baf49
000000000000000000fefa39b29
0000000000000000000408eba0d
000000000000000000f1b24d285
000000000000000000091ea99c7
000000000000000000fbfcb0b4d
000000000000000000030e35b6c
00000000000000000008569236f
000000000000000000023df6283
0000000000000000000f151fd5f
0000000000000000000edbd18f1
000000000000000000fe042e41a
0000000000000000000a2c3c682
000000000000000000035a65c12
000000000000000000029347545
0000000000000000000a50401c6
00000000000000000003d8d10fd
0000000000000000000dba81356
000000000000000000003226f22
0000000000000000000d11254d0
000000000000000000048a36af2
00000000000000000007cedb1c4
000000000000000000f2a8d0260
000000000000000000fda5cdae5
000000000000000000ff7bc7717
000000000000000000067dea69e
000000000000000000f254d0cfe
00000000000000000002753a5a7
000000000000000000f4928e8c0
0000000000000000000f1f407f2
0000000000000000000e0f2ba59
000000000000000000fbf7ca2a4
000000000000000000f3e77244d
000000000000000000065bb1770
0000000000000000000e3748ceb
000000000000000000f8a8f9b39
000000000000000000ffbaf468e
000000000000000000f4935ef9e
000000000000000000fc6437158
000000000000000000089aaf660
000000000000000000ffbb376b4
000000000000000000fd4350c34
000000000000000000fd2e54e53
000000000000000000091bb2d4e
000000000000000000fcea3bb66
0000000000000000000ed72dfbd
0000000000000000000965f0e8f
000000000000000000092f55e8a
000000000000000000fd9cf46fb
000000000000000000f9dca6d17
0000000000000000000039c6234
000000000000000000f89d954a3
000000000000000000f689ed615
000000000000000000044610219
0000000000000000000793923f2
000000000000000000f85fcfd96
000000000000000000f2b37411d
000000000000000000027143584
00000000000000000001ad1acd1
000000000000000000025928e68
0000000000000000000cd459ffb
0000000000000000000087b764d
0000000000000000000e736b953
000000000000000000f9b250a31
000000000000000000f548f36c6
0000000000000000000349e8b77
0000000000000000000ad6467c5
00000000000000000002cbe2cca
0000000000000000000af865fce
000000000000000000ff61cdfea
0000000000000000000200fe74c
0000000000000000000a08ddbed
000000000000000000f900be1bd
000000000000000000087449060
000000000000000000f6bcd3c83
000000000000000000ff3230429
0000000000000000000a9a65c8c
000000000000000000f5bb86a30
000000000000000000035483531
0000000000000000000bbd1bae6
0000000000000000000d017acd1
000000000000000000f26d666ab
000000000000000000fcd13a44e
000000000000000000030dd59d5
000000000000000000f9ef850b9
000000000000000000feb7a3511
0000000000000000000db4b099a
0000000000000000000692e85a9
0000000000000000000cf93f439
000000000000000000001a8c813
00000000000000000002af09eee
000000000000000000f3deeb0a5
0000000000000000000e637852b
00000000000000000004ffc24b2
0000000000000000000a79f8436
000000000000000000091e09ddd
000000000000000000fde53fd9b
000000000000000000f6cb65b32
00000000000000000005d538e09
00000000000000000000cef1542
000000000000000000fc9a68b85
000000000000000000f24ca8fa9
00000000000000000008e77cc52
0000000000000000000af1e659e
0000000000000000000ba3129eb
00000000000000000004a1626bc
000000000000000000f7388ea51
000000000000000000f4f02ba1f
000000000000000000f897f0e0b
0000000000000000000d6676b5d
000000000000000000fb8c0912b
0000000000000000000a3421f2d
0000000000000000000e6366504
0000000000000000000de4b01d6
000000000000000000fe75bb3c7
0000000000000000000cc21babc
000000000000000000063196b5a
00000000000000000006487f5da
000000000000000000fb2187950
000000000000000000029a2ccbc
0000000000000000000827e56a9
000000000000000000faf016fa4
00000000000000000003801ee90
0000000000000000000cb312166
0000000000000000000cf2c25a7
000000000000000000f90dba989
0000000000000000000e0d4ce44
000000000000000000f3ef8e35f
0000000000000000000d6f31775
000000000000000000095310095
000000000000000000ffd6360de
000000000000000000fcc95bb8b
000000000000000000f579b7fe8
0000000000000000000862cd22d
000000000000000000fbabf2f96
0000000000000000000f8b12ab2
000000000000000000fb55d5f1b
000000000000000000077083363
0000000000000000000fb7c1cd7
000000000000000000032ac96fc
00000000000000000001dcfedab
000000000000000000f963314ff
0000000000000000000bbfff924
000000000000000000fb91cb6fd
000000000000000000015a4849d
000000000000000000f389a67c7
0000000000000000000db9ddb02
00000000000000000002e3d2d02
00000000000000000006ac4954c
0000000000000000000c146294b
000000000000000000f270e11a8
000000000000000000f61a49f38
000000000000000000f0a71575f
000000000000000000020d83aab
0000000000000000000dce08180
000000000000000000fde0faa9b
000000000000000000f60f6cc0a
000000000000000000f69b83d41
00000000000000000007972ac1f
0000000000000000000cff1c1a5
0000000000000000000cf5f2dba
0000000000000000000d6264f30
00000000000000000001aae05ce
000000000000000000f683b61a4
000000000000000000078e63df0
000000000000000000f2de10035
000000000000000000033357cc9
000000000000000000098d53a4c
000000000000000000f6ced6965
000000000000000000f0a331774
0000000000000000000562408d7
0000000000000000000fda3fcb4
0000000000000000000d3b37979
000000000000000000093f9e93e
0000000000000000000a17e483c
0000000000000000000e3dff1e2
000000000000000000f42130690
000000000000000000f9c31258a
000000000000000000011fa4ff2
000000000000000000094e6095b
000000000000000000f52f4f590
000000000000000000f9c3257cf
000000000000000000f93046d31
000000000000000000f78d72219
0000000000000000000a5afbb49
0000000000000000000804fce0e
000000000000000000fafd74711
000000000000000000f74b16f3b
0000000000000000000a1b89129
0000000000000000000c580f212
0000000000000000000431af44e
000000000000000000001cf250b
000000000000000000f151a05fb
00000000000000000007d2b0694
0000000000000000000c156b2b0
000000000000000000fc562f1d6
0000000000000000000a29fcef1
000000000000000000fd6028690
0000000000000000000e0aa8b36
0000000000000000000ded6e882
000000000000000000f775d3727
000000000000000000f1358c1ca
0000000000000000000e4b77f19
0000000000000000000bd84ca4d
0000000000000000000b1de3062
0000000000000000000a87f161d
0000000000000000000d7949c86
000000000000000000fbf30e003
000000000000000000f7dda5abd
00000000000000000002d8f37a4
000000000000000000f927801c6
000000000000000000fbcdb2372
00000000000000000006c7245ea
00000000000000000003c896068
000000000000000000f62b2a0c0
000000000000000000051e06f92
0000000000000000000a8d89b25
0000000000000000000f6cf81f1
0000000000000000000537dea89
000000000000000000f9a987300
000000000000000000f5045e2d5
0000000000000000000616fcead
00000000000000000008d3f82c7
0000000000000000000617cc627
000000000000000000048475e31
000000000000000000f7c539a49
000000000000000000056242e88
000000000000000000f4e65130f
000000000000000000054921410
00000000000000000008aac0694
000000000000000000f0c777553
000000000000000000fd7d110a2
00000000000000000008d567d7b
000000000000000000f5426ec7c
000000000000000000019eeca74
0000000000000000000f8ea83c4
0000000000000000000b7d09675
0000000000000000000a48a7948
000000000000000000f8b81405d
0000000000000000000763e8689
000000000000000000014b189f1
000000000000000000023294f1c
000000000000000000fb8edba7b
000000000000000000f83cab104
00000000000000000006745066c
00000000000000000006c74be89
000000000000000000fe1209c50
0000000000000000000e36acca4
00000000000000000007e650088
000000000000000000f0cdefc46
000000000000000000050eeb0db
00000000000000000006acbfbc7
00000000000000000004c843114
0000000000000000000ed3caee5
00000000000000000003da371d7
0000000000000000000b6f61f66
000000000000000000fb218ab7c
0000000000000000000148ef1f1
000000000000000000002875301
00000000000000000003e360a15
000000000000000000061686b78
0000000000000000000497a40f6
0000000000000000000559680e7
000000000000000000042e9f7c9
000000000000000000f10062026
000000000000000000f395d5960
0000000000000000000248486f7
00000000000000000001ca1cc88
000000000000000000014932408
000000000000000000fe2e89ec9
00000000000000000004b2fa9d8
000000000000000000f96aac406
000000000000000000f01c5094d
0000000000000000000d30ab4ef
000000000000000000088995a2e
0000000000000000000f89ebce6
000000000000000000075ff580e
000000000000000000fc48d48ae
0000000000000000000eddee135
000000000000000000f852a4965
000000000000000000f09f4e082
0000000000000000000fbc131c5
0000000000000000000f7887f6e
0000000000000000000ca3825f1
0000000000000000000fc1b3ff4
0000000000000000000d5088a76
0000000000000000000b84a437c
0000000000000000000a974d59a
000000000000000000f9a41f0df
00000000000000000007b35b327
000000000000000000000fdf02c
0000000000000000000dac5163e
00000000000000000000316d2b0
00000000000000000008b031ef7
000000000000000000f272afe49
0000000000000000000c1e7cc74
000000000000000000f3f27b668
0000000000000000000a9d7c247
000000000000000000055d7364c
0000000000000000000903d28ea
000000000000000000080803f69
0000000000000000000cd604d05
00000000000000000007fadacec
0000000000000000000d114a84b
000000000000000000f2a21b460
00000000000000000009ba39066
00000000000000000000637d121
0000000000000000000db16c22a
0000000000000000000ef87d837
000000000000000000060640c2a
000000000000000000001f0ac68
0000000000000000000661acd60
0000000000000000000c4f56938
0000000000000000000a102a0f4
000000000000000000f52823a20
000000000000000000078efa539
000000000000000000fa3d6cc16
00000000000000000005d1dbafc
000000000000000000f22260832
000000000000000000039d03413
0000000000000000000ec22f935
00000000000000000004ac74c53
000000000000000000f02ef299e
000000000000000000fbce273c9
00000000000000000000f6d5f2e
000000000000000000055bd512d
0000000000000000000896ccee6
00000000000000000004d7f8393
00000000000000000000d4e7c71
000000000000000000f0fb44481
00000000000000000006d0b245a
00000000000000000009848a16d
0000000000000000000125db772
000000000000000000f0a350587
000000000000000000f492b7f03
000000000000000000f5c555fa3
0000000000000000000552f5b52
0000000000000000000c6fc65ef
000000000000000000017fc9b2c
000000000000000000f27051e81
000000000000000000fca0cfa4f
0000000000000000000d17bede7
0000000000000000000b0e03e4b
000000000000000000febea6d92
000000000000000000f6263fd5c
000000000000000000ff6f7ad36
00000000000000000005f7bc208
000000000000000000fe38d52b8
00000000000000000002cbf21c3
00000000000000000006ee523b6
000000000000000000fee2ea37f
0000000000000000000f552e7bd
000000000000000000f717ec657
000000000000000000028305069
0000000000000000000ceb72a7c
0000000000000000000efddf3e6
000000000000000000068cfb2d9
0000000000000000000ef4f85e4
00000000000000000008d0380e3
0000000000000000000aa8f3496
00000000000000000003502984a
0000000000000000000c0f46d23
000000000000000000fb5d06c17
000000000000000000fe3301e15
000000000000000000f24fdf664
000000000000000000020657a7d
000000000000000000037e70ad7
000000000000000000f42558cb2
0000000000000000000e8e53594
0000000000000000000f8cdf507
000000000000000000f38f4d63e
000000000000000000035ca36d3
000000000000000000fae61c1f9
000000000000000000f5f071f0e
0000000000000000000a6590426
0000000000000000000e668c460
00000000000000000005d3db1b8
00000000000000000008403f995
000000000000000000fa2624d0c
0000000000000000000ab35ee0e
000000000000000000f8ed59034
00000000000000000007c1a5d0d
0000000000000000000a419a786
00000000000000000008d6b6709
000000000000000000f4060d3f6
0000000000000000000c6974570
0000000000000000000b301a5d5
0000000000000000000b5a176e7
000000000000000000f971f41f3
000000000000000000f677b89d3
000000000000000000f002c9f48
0000000000000000000a819aa61
000000000000000000ff822b857
00000000000000000008fe06600
000000000000000000fd51c64ce
000000000000000000074e59fb6
000000000000000000f305f7f45
00000000000000000000a3f6c4e
0000000000000000000ea387438
0000000000000000000721b0d8e
0000000000000000000dab52e7e
00000000000000000000dcfd5d2
0000000000000000000312a2bb5
000000000000000000079dda69e
000000000000000000096546b02
00000000000000000001e127990
000000000000000000f59b957c3
0000000000000000000079183f4
00000000000000000002353b857
000000000000000000f635dac63
00000000000000000006718f354
0000000000000000000343020b4
00000000000000000009cf5843b
000000000000000000fcf9c061f
000000000000000000f23c36829
0000000000000000000bf44c835
0000000000000000000f0a208f1
0000000000000000000d5b5e665
0000000000000000000927e8096
000000000000000000054653e14
000000000000000000f10f7abc3
000000000000000000f9c83b0ea
0000000000000000000a6fff5d7
0000000000000000000af980c51
00000000000000000006b3bea19
00000000000000000003e75c09a
000000000000000000f4dac525d
000000000000000000f9da779ab
000000000000000000f56424975
00000000000000000006f18a2f5
00000000000000000005ad20305
00000000000000000003d482ac3
000000000000000000f04e0c7c5
0000000000000000000303eabf6
000000000000000000f5e49138b
0000000000000000000d6190f4b
00000000000000000006127aa54
000000000000000000f2aff70e3
0000000000000000000c3b47273
00000000000000000003606f773
000000000000000000085f500b4
0000000000000000000114a486e
0000000000000000000549a3acd
0000000000000000000ceacbc70
00000000000000000008f83e7c1
0000000000000000000b85aa63d
0000000000000000000217300be
0000000000000000000f0b7f8d4
000000000000000000f4f07b01e
000000000000000000f88108d67
0000000000000000000963bbe62
000000000000000000069300282
000000000000000000f99ea65da
00000000000000000001010b337
00000000000000000001e21211f
000000000000000000016c6bb3e
000000000000000000039a8f655
000000000000000000ff853522d
000000000000000000fe0da435c
00000000000000000000924947d
000000000000000000f0b7caf6f
000000000000000000fd61ec4e2
000000000000000000f58f25c34
0000000000000000000ed995727
0000000000000000000adf19d2a
0000000000000000000b13a04f6
000000000000000000fbe470718
00000000000000000001c363dda
0000000000000000000c53bc426
0000000000000000000f30cd98f
000000000000000000f66c906dd
000000000000000000046c56eac
00000000000000000004af00844
00000000000000000005e9e8e0e
000000000000000000031545daa
0000000000000000000e0a5f5eb
0000000000000000000b8763196
000000000000000000f638f8d14
00000000000000000004327efa8
00000000000000000003aef2afd
000000000000000000f3d0f038c
0000000000000000000ca4a7f06
000000000000000000f35a5f132
00000000000000000006ed03fad
0000000000000000000e4e24351
000000000000000000015122757
0000000000000000000dd846148
000000000000000000fe0902218
000000000000000000ffe9fd9d0
0000000000000000000e8e804ff
0000000000000000000fd9416be
000000000000000000096335441
00000000000000000006995e24d
0000000000000000000b368f36b
0000000000000000000c4c3821a
00000000000000000001055423a
000000000000000000034a064bc
00000000000000000007144c3bb
0000000000000000000175fe74c
000000000000000000f23c2e6ec
0000000000000000000e437b97f
00000000000000000004e19ad98
00000000000000000007a2b28bc
000000000000000000038f57713
00000000000000000003328aaee
00000000000000000005eb522b0
00000000000000000003b382002
000000000000000000070f747e3
000000000000000000f93413a0e
0000000000000000000fad971ad
000000000000000000f29013e34
000000000000000000025e83d67
0000000000000000000e6e459d5
000000000000000000f03aa276b
000000000000000000feae5040c
00000000000000000007feb8534
0000000000000000000d5a80746
000000000000000000027443206
0000000000000000000c323d332
00000000000000000006c844c55
000000000000000000f6af55d3f
00000000000000000002bb2945c
000000000000000000fbf9ac672
000000000000000000f10c639b7
000000000000000000f0f695b3d
0000000000000000000b54ed1e5
00000000000000000008d3a988e
000000000000000000fbe4342ff
0000000000000000000aaed8476
000000000000000000084f2a85f
000000000000000000088a75066
000000000000000000008102494
00000000000000000005fa8dc29
00000000000000000006dedca47
000000000000000000f5382a1e7
00000000000000000004b4c001d
0000000000000000000748da455
000000000000000000f203e2b0c
0000000000000000000d72162ae
0000000000000000000b21a25dd
0000000000000000000482805dd
000000000000000000fcdb7a399
000000000000000000f7593799b
00000000000000000000cf590d8
0000000000000000000ecec56fd
000000000000000000076bf4703
000000000000000000f87c6f526
000000000000000000016ce8885
0000000000000000000ead5bd73
00000000000000000002c312568
00000000000000000000764930a
00000000000000000008b2db596
0000000000000000000c11cc775
0000000000000000000742300ac
0000000000000000000786b6fa8
0000000000000000000e8537441
000000000000000000f9ce8a90d
000000000000000000fb916b2a8
0000000000000000000fb662ab6
000000000000000000082622cfe
0000000000000000000678b2539
000000000000000000f00ec4585
000000000000000000068fa54ad
000000000000000000071738809
000000000000000000f24c9ea0f
000000000000000000f320c13a2
00000000000000000004b434ea1
0000000000000000000fe3db639
0000000000000000000b099ff93
0000000000000000000f914944c
000000000000000000058e93162
0000000000000000000d0d97a2b
00000000000000000001e6ffbb4
000000000000000000fe19aece4
000000000000000000095e36dfb
00000000000000000000e396c15
0000000000000000000d7138191
0000000000000000000ea5ceba0
000000000000000000fc4f9c9ab
0000000000000000000a00b0aa2
0000000000000000000eb108d1f
0000000000000000000a1e21c26
0000000000000000000b799746e
000000000000000000011c59e8f
0000000000000000000751163d2
000000000000000000fee09b3c9
0000000000000000000dd1ab92f
000000000000000000028dfac4c
000000000000000000fadc66fbd
000000000000000000ff1951e04
0000000000000000000c4ff9727
0000000000000000000d6d1e337
000000000000000000071eda903
00000000000000000008de89d72
0000000000000000000477fa347
000000000000000000f1126ea95
000000000000000000f1974a90a
000000000000000000f2a5ecac1
000000000000000000f5362bce0
0000000000000000000cb6b527b
00000000000000000002bf95659
000000000000000000f7607f271
000000000000000000077aa8074
000000000000000000f090d9dbf
00000000000000000000fe2e781
0000000000000000000bc740a4a
00000000000000000004d1923c4
00000000000000000003a1b34be
0000000000000000000dabf65c5
00000000000000000000d293a8f
0000000000000000000c4dd9b6f
000000000000000000fbb66321b
00000000000000000000f4a9397
000000000000000000f8bba5f2e
00000000000000000002db916bb
00000000000000000006fc902b2
000000000000000000040d8f498
000000000000000000018176a30
0000000000000000000a4448e9a
0000000000000000000720c77d9
000000000000000000fa4b4388b
00000000000000000000dc0e387
00000000000000000009c3afc18
000000000000000000f95b00e38
0000000000000000000d33c4c1e
0000000000000000000c546aaee
000000000000000000f8767bef6
000000000000000000f5fc4eef7
000000000000000000f035fb3b2
0000000000000000000c1ec0627
000000000000000000fa8bc3783
000000000000000000f6a6d573e
000000000000000000f3f0f1292
00000000000000000001f8c709c
00000000000000000003e08ca64
000000000000000000067ff4515
00000000000000000008a4bfe63
000000000000000000f7e8f4656
000000000000000000f243dc5a7
000000000000000000fbf669bb1
0000000000000000000a3e41a34
0000000000000000000fe520ba0
00000000000000000004ff85fb0
000000000000000000f77ace29a
000000000000000000f9be02885
000000000000000000011ffe331
00000000000000000005ad65652
0000000000000000000db1ac746
000000000000000000089784be3
0000000000000000000cd0324c6
0000000000000000000bceb9757
0000000000000000000c9994696
000000000000000000f6a67edf4
000000000000000000f72181eec
00000000000000000005077551b
000000000000000000f28c09b13
000000000000000000f12e6cf3d
000000000000000000ff8cf6275
0000000000000000000d67e7a43
0000000000000000000bf9b5872
00000000000000000004a7ca191
0000000000000000000a38f8abe
000000000000000000f9c7d6337
0000000000000000000cdd4f628
0000000000000000000bf69a427
00000000000000000004ab65243
000000000000000000ffa722358
00000000000000000004f78d933
000000000000000000f39fbb5e9
0000000000000000000234d2824
000000000000000000f0f0bfd41
00000000000000000009caae625
000000000000000000f933757e1
0000000000000000000a879ddea
00000000000000000006b6067ac
0000000000000000000a870439d
000000000000000000018b7547e
0000000000000000000ef361142
0000000000000000000e455f098
0000000000000000000031821ab
0000000000000000000dfb82f8f
000000000000000000fe803fa8d
0000000000000000000c119cd6b
0000000000000000000cb965a94
000000000000000000fe8b85f6e
000000000000000000089966d13
0000000000000000000ada3cec9
000000000000000000f63b7b8f7
0000000000000000000fb215985
000000000000000000f3b4d8748
0000000000000000000e1861ff2
000000000000000000f099d66be
000000000000000000f79f0b709
0000000000000000000e0a23b86
00000000000000000004a942478
0000000000000000000ed4ca546
0000000000000000000affa00db
000000000000000000f14ae68e1
000000000000000000ff0e95a7e
0000000000000000000f5c94710
000000000000000000fb3ac0d68
000000000000000000fbcfd9678
0000000000000000000f216afd8
0000000000000000000cb5d9090
00000000000000000005a4a22fa
000000000000000000029531837
00000000000000000001713d3cb
000000000000000000f29b93063
0000000000000000000a558cd46
00000000000000000002d611ac9
000000000000000000f69571fb5
00000000000000000006a83f177
000000000000000000fa3a35d1c
0000000000000000000af4948ce
000000000000000000f8fb532f6
000000000000000000f865943c3
00000000000000000001863e011
00000000000000000009e3963d9
000000000000000000f3e64af53
00000000000000000007a2c9bf7
0000000000000000000c6b86a39
000000000000000000f5ca1fec5
00000000000000000009086c635
0000000000000000000e8681979
00000000000000000002c9463d5
000000000000000000fa6d4991c
0000000000000000000d7c1faf1
000000000000000000070e28ce7
000000000000000000008c68ab8
000000000000000000f79360b82
000000000000000000fbcb188b7
00000000000000000000d77790a
00000000000000000008b3d32f6
000000000000000000f0a6614bb
00000000000000000003f97b594
0000000000000000000a63da4e3
00000000000000000005aa19c7f
0000000000000000000dab171da
00000000000000000008f86fbbb
0000000000000000000909b4bbd
0000000000000000000d76b9a0c
000000000000000000052ac1f08
000000000000000000fde68e325
000000000000000000086992673
0000000000000000000161c497b
0000000000000000000bace11c5
0000000000000000000a10b2873
000000000000000000088167530
000000000000000000f80efdbe3
000000000000000000f05eb6726
000000000000000000fbb9b15f6
00000000000000000006a11a940
000000000000000000f186a1d2d
00000000000000000000e377dd4
0000000000000000000d442e9f4
000000000000000000011640912
000000000000000000f92588c2f
0000000000000000000472986cc
000000000000000000088af5ce4
0000000000000000000f3243438
000000000000000000f33142531
0000000000000000000bd9e8fba
0000000000000000000038c396d
0000000000000000000b2e875c0
000000000000000000f63ba80e3
000000000000000000fe28dcfd8
000000000000000000fbcaa98cf
000000000000000000065851f64
000000000000000000f598e9285
000000000000000000f847c43b6
0000000000000000000405d9f0a
0000000000000000000ce6320b3
00000000000000000006d03961d
00000000000000000005ae01f7f
0000000000000000000171cc42c
000000000000000000093c76fef
000000000000000000079fcfdd1
000000000000000000044c92a81
00000000000000000002923a1f4
000000000000000000f699c9e7e
00000000000000000001d248caa
0000000000000000000f00caf1f
00000000000000000009aee1d98
000000000000000000f019daaa1
000000000000000000ffc9a1272
00000000000000000005a8172ff
00000000000000000006729bf24
0000000000000000000d041392f
0000000000000000000c93c584c
0000000000000000000eacd564f
00000000000000000001919d32f
0000000000000000000e9a29ff4
00000000000000000007343ae5a
00000000000000000005f5cfab6
0000000000000000000c6a389b9
00000000000000000001641e4d4
000000000000000000f7b64472e
000000000000000000f93e40e03
000000000000000000f7bac8ec2
0000000000000000000f4696f8e
0000000000000000000b9d0764f
000000000000000000f1e8cce52
000000000000000000f2a0c4491
00000000000000000006ce0c8f7
00000000000000000003ab6bf2f
000000000000000000fa6aa81fa
000000000000000000fae260d4c
0000000000000000000d123c37e
000000000000000000f6281c0e5
000000000000000000077b27c06
000000000000000000074834faa
000000000000000000f97b86b4f
0000000000000000000d2ed1098
0000000000000000000d8a4d617
0000000000000000000dd0030f5
000000000000000000030857d69
0000000000000000000b4a9d7df
00000000000000000003de471c3
0000000000000000000e73f0228
000000000000000000fe8682661
0000000000000000000b8991859
000000000000000000fa754964e
0000000000000000000c1da222a
000000000000000000f02283f5b
000000000000000000fd211c876
0000000000000000000b39d9996
0000000000000000000f582fb1d
000000000000000000fb5babea0
0000000000000000000291a7833
00000000000000000002c978e89
00000000000000000008b41af7e
000000000000000000fb9a18e29
0000000000000000000a2f38bf9
000000000000000000f87be4acf
000000000000000000f64ebd556
00000000000000000009f80ae3e
000000000000000000fa7ca1532
000000000000000000f85ff71d8
00000000000000000004641599d
0000000000000000000678f9065
000000000000000000fe12aa7d6
00000000000000000003bb9cbca
000000000000000000f17df46c3
0000000000000000000f02882f1
00000000000000000004f969a13
000000000000000000029b1d051
0000000000000000000fa8ceec8
000000000000000000067424008
000000000000000000f0edf268c
000000000000000000f89c56c95
000000000000000000f2013f4a4
000000000000000000fb58d4d99
0000000000000000000a12d688d
00000000000000000009261e608
000000000000000000f72d53e61
0000000000000000000987febd8
0000000000000000000aed3e222
00000000000000000008f100ca4
000000000000000000f894f8bc0
000000000000000000005280d3b
0000000000000000000a693240b
000000000000000000f2a2fc99a
00000000000000000003d16d9f5
00000000000000000007343a977
000000000000000000097691fd3
00000000000000000001815d647
00000000000000000007b8f5f53
000000000000000000f02fc852a
000000000000000000f9cade45e
000000000000000000fe2d9f485
0000000000000000000a1cee193
00000000000000000004680d457
0000000000000000000e4281e9b
000000000000000000fffac277d
00000000000000000004387df8f
000000000000000000fffa86aea
00000000000000000002855d580
00000000000000000006d21ea7d
000000000000000000f1d3e071b
0000000000000000000b8022613
000000000000000000fb88e194b
00000000000000000005a51aaae
00000000000000000009e142e10
0000000000000000000ba935261
0000000000000000000d7eb0985
00000000000000000005ef65b25
0000000000000000000c9759765
000000000000000000fb95cc208
0000000000000000000b0a4b7ef
000000000000000000045cb6a58
0000000000000000000ba00dc9e
0000000000000000000197cd0ab
000000000000000000022d85e91
0000000000000000000348844ff
00000000000000000005ddf98e0
000000000000000000030fd81a1
000000000000000000f56993cb8
0000000000000000000490393ab
0000000000000000000ab4b7bcd
000000000000000000048b2dce5
00000000000000000003a18f27e
0000000000000000000ec6c71fe
000000000000000000f803d6084
00000000000000000000a9bc8cb
0000000000000000000b3738e1f
000000000000000000013632107
000000000000000000077d9a293
0000000000000000000c4d9f141
00000000000000000004ec9ac05
00000000000000000002df5bf17
000000000000000000f6ac20595
000000000000000000037734ab1
000000000000000000f94b64d7e
0000000000000000000a3314331
000000000000000000054644d36
000000000000000000f5d0cd3ca
0000000000000000000126e84f2
000000000000000000f21600c3b
0000000000000000000aa6461b5
000000000000000000f0c08c9e1
000000000000000000f3d713855
00000000000000000009fa89d39
00000000000000000006ae11e15
00000000000000000000fdade14
0000000000000000000570738a1
00000000000000000006e81407d
000000000000000000fd5f0e8dc
000000000000000000f05ab1cdb
000000000000000000fe6ff8123
000000000000000000028b75fb9
0000000000000000000451d2d29
0000000000000000000afb7da58
000000000000000000f1107245f
00000000000000000006454bbde
0000000000000000000519b8f2c
0000000000000000000dfe3d5ae
000000000000000000fd5aea249
00000000000000000003b2c4477
00000000000000000004a81fb45
000000000000000000f801051a9
000000000000000000f2afc1d75
000000000000000000fdbd3f888
000000000000000000035a15ad2
0000000000000000000aba786b7
000000000000000000094fd3374
0000000000000000000225c229d
000000000000000000f99eb9f2e
0000000000000000000035401bc
000000000000000000f2a1af51e
000000000000000000f2c8bbaa4
000000000000000000006dd93bc
0000000000000000000227124ec
00000000000000000000b97036b
0000000000000000000404469a9
000000000000000000f717dc64e
000000000000000000ffe8736c9
00000000000000000008a696541
00000000000000000009e2921d7
000000000000000000093980e90
000000000000000000f84e31e5b
0000000000000000000ef90958b
0000000000000000000b1eb8b1e
000000000000000000f49398d49
00000000000000000001906bbd7
00000000000000000007195b35f
0000000000000000000b1c5b6d9
00000000000000000002b8a5df6
000000000000000000070209208
00000000000000000001a86dd03
000000000000000000021e5fabd
0000000000000000000715c167e
000000000000000000090607a66
000000000000000000f305910b0
0000000000000000000f594373b
0000000000000000000bedcd65e
0000000000000000000c7bf6817
00000000000000000001190556a
000000000000000000f40ef9fa4
00000000000000000005b6211c8
000000000000000000f50a9607f
000000000000000000005ae0bc5
000000000000000000fd0d42c73
000000000000000000f0c336416
0000000000000000000a037786d
000000000000000000f76c98865
0000000000000000000bb8b358e
00000000000000000003961882d
000000000000000000f167ec34a
0000000000000000000a4532972
0000000000000000000dba343e0
0000000000000000000958e9256
000000000000000000fd1698b0a
000000000000000000f690c8b35
000000000000000000005b09708
00000000000000000006201c44f
0000000000000000000e1da887c
0000000000000000000b0eedb9c
0000000000000000000435f5b63
000000000000000000fd2a545fe
0000000000000000000cfd2b64e
000000000000000000f772eab50
000000000000000000047bfcb4d
000000000000000000fed919189
000000000000000000f2c13afd9
00000000000000000005a3280b1
000000000000000000036b94b0e
000000000000000000063c53c47
00000000000000000000bc48be4
00000000000000000005c69f1b4
0000000000000000000623e642d
00000000000000000009d14c93f
00000000000000000003bc8099a
0000000000000000000764be01b
000000000000000000031760287
000000000000000000f140490cc
000000000000000000f741f9e9b
000000000000000000072e624c0
0000000000000000000397dcd33
000000000000000000f7d25510e
000000000000000000f43c89c7d
00000000000000000007bb06881
0000000000000000000bd099639
00000000000000000003fbcc752
00000000000000000009252b10b
0000000000000000000444852f1
000000000000000000004fff030
000000000000000000071427da0
00000000000000000008a139304
000000000000000000ff214bada
0000000000000000000d477d525
0000000000000000000f12dd11d
000000000000000000fbbadf43b
0000000000000000000de68ddcf
00000000000000000001b7bd3f8
0000000000000000000e90fb63e
00000000000000000006ab8ec51
0000000000000000000e6d47948
0000000000000000000989b2f9c
000000000000000000f13b57b37
00000000000000000000248839a
000000000000000000ff3ae3a73
000000000000000000fb589c698
00000000000000000006980ee77
0000000000000000000d670170b
0000000000000000000259e8589
0000000000000000000af2576ec
0000000000000000000225ec38b
0000000000000000000bbcf9137
000000000000000000f2887b643
0000000000000000000501a8642
0000000000000000000e41002d3
00000000000000000009ec8bfac
000000000000000000f13884e45
00000000000000000000caacd85
000000000000000000080cdd64f
000000000000000000067d581c9
000000000000000000fd669b241
000000000000000000009370381
0000000000000000000b228ed68
0000000000000000000b752c980
000000000000000000046c14a51
000000000000000000f563485b0
0000000000000000000bbb879ab
0000000000000000000dbefe1af
000000000000000000f752769ed
00000000000000000009275c99d
00000000000000000000b3a01b7
0000000000000000000be8aba7f
000000000000000000081aca748
00000000000000000009ae6a634
0000000000000000000873d0b36
0000000000000000000c4ef3ae3
0000000000000000000d12370f1
000000000000000000fcf1734c3
000000000000000000ff70065f2
000000000000000000f551823c0
00000000000000000004f196ccd
0000000000000000000f69e40bf
00000000000000000009358dc98
00000000000000000001ba7eab9
0000000000000000000a45361da
000000000000000000f43e4cd6b
0000000000000000000732f524c
0000000000000000000b8bc4373
0000000000000000000dafe2c53
0000000000000000000ac4d14d9
000000000000000000f5e2f4fcd
000000000000000000036c940f6
0000000000000000000836ea926
000000000000000000074ffa86c
000000000000000000f09a88689
00000000000000000003fa24c8c
0000000000000000000269ac592
0000000000000000000444450a9
000000000000000000fccb1dd9d
000000000000000000030eebca1
000000000000000000f22cdfef6
000000000000000000f47793fcc
000000000000000000f78dffab2
00000000000000000004e99e124
000000000000000000073eb9ac9
000000000000000000044992e57
00000000000000000005c5e335a
0000000000000000000f7d30308
000000000000000000ff0cd6382
0000000000000000000c645c5fe
000000000000000000ffe7138a1
00000000000000000007f15368b
000000000000000000f56c9f9dd
0000000000000000000057d2cd7
00000000000000000000258ddd1
0000000000000000000d4ff32b8
000000000000000000f4a6d4a33
0000000000000000000c31c991d
00000000000000000009df1f546
0000000000000000000bed4480f
000000000000000000057df61e9
000000000000000000f406cb826
00000000000000000004be7ffef
0000000000000000000ef64f9a4
00000000000000000002643e2b0
00000000000000000006e36d138
000000000000000000fcac9dd14
000000000000000000f424f225c
000000000000000000064de3579
0000000000000000000258b0904
000000000000000000f8e2336d4
0000000000000000000b657811c
000000000000000000030f06ca0
00000000000000000004eaf96b6
000000000000000000057e272b1
00000000000000000006478619b
000000000000000000022007e39
000000000000000000058da607a
0000000000000000000fad7d17c
0000000000000000000e7a8d977
000000000000000000ff9de773c
000000000000000000065a6baa8
000000000000000000005401e37
000000000000000000047e079de
0000000000000000000c0149587
00000000000000000001e1b327d
000000000000000000083a41eb2
000000000000000000081a2e588
0000000000000000000a5f7ba02
00000000000000000009086782b
000000000000000000084f91c79
000000000000000000efbeeae9e
0000000000000000000cae99be8
0000000000000000000d59175e7
0000000000000000000c53382f2
000000000000000000f4385c2de
0000000000000000000bc9b4517
000000000000000000f4336374b
00000000000000000002b4b66da
0000000000000000000bf7118b1
0000000000000000000e080f58f
00000000000000000007b5c7d38
0000000000000000000abf94933
00000000000000000004dca3a53
00000000000000000001bcd31e4
00000000000000000000f799f5f
000000000000000000fc8af7834
000000000000000000021bf8fd6
000000000000000000f6679c6de
000000000000000000024e294fc
000000000000000000ff10162a9
000000000000000000f9bc3505b
000000000000000000073265866
0000000000000000000da9c8104
0000000000000000000771004cd
0000000000000000000d93b4b25
0000000000000000000ff0e1d2a
0000000000000000000776e9ede
000000000000000000072a4039e
000000000000000000050387753
0000000000000000000e628946f
0000000000000000000d2fe7004
000000000000000000f2d1ba422
00000000000000000000eb3a271
00000000000000000003e2caf2b
0000000000000000000d499b3d9
000000000000000000020b92960
000000000000000000f019dd7b1
000000000000000000070e5df37
000000000000000000fff6ce564
000000000000000000fd55e3836
0000000000000000000dde27502
000000000000000000f23020665
000000000000000000089c94df1
0000000000000000000f441b189
00000000000000000002783bd17
0000000000000000000b6a58372
0000000000000000000d636f8e9
0000000000000000000cf9ad57d
00000000000000000009628e205
0000000000000000000022fde8f
000000000000000000f3796830a
0000000000000000000e43b0da1
00000000000000000000427d599
000000000000000000f98b99439
000000000000000000057fcd343
00000000000000000008e2beca0
000000000000000000056c9206d
000000000000000000f47bc4f84
000000000000000000f009f773d
000000000000000000fd09a96b8
00000000000000000006a85ecae
0000000000000000000630931e0
000000000000000000037486cb9
0000000000000000000f70672a9
0000000000000000000cd28f339
000000000000000000fd2fa6ef8
000000000000000000f3b94b1dd
000000000000000000047a8cf88
00000000000000000003152daf5
00000000000000000008458aa80
000000000000000000f7615ffa1
0000000000000000000154e0755
0000000000000000000f72311e8
000000000000000000feb40620c
000000000000000000f68106824
000000000000000000f3ca1f498
00000000000000000003e03d651
000000000000000000f697649b1
0000000000000000000397c384e
000000000000000000060b1fe90
000000000000000000034edd74a
0000000000000000000969541d8
0000000000000000000fc7805c7
0000000000000000000cd2e5b2f
000000000000000000eff1aa5f6
000000000000000000060e265ff
0000000000000000000da8d644d
0000000000000000000a93195cc
000000000000000000f51e6a903
0000000000000000000b27492cf
00000000000000000009d24102a
00000000000000000007dd948c7
000000000000000000043ac78e9
0000000000000000000120e5485
000000000000000000f5ba1e1d9
0000000000000000000805aed2e
000000000000000000063bfc7c8
000000000000000000f565d14cf
0000000000000000000b2e87b1d
00000000000000000002cf3bc78
000000000000000000053d4e4fb
0000000000000000000d798c9ad
000000000000000000f5cc1cf22
000000000000000000fb4df5dd5
0000000000000000000d8e3754d
00000000000000000007f75bedd
000000000000000000fcab3d2da
000000000000000000fcdf6c7ca
00000000000000000004412364f
000000000000000000f485cfa51
00000000000000000003280565f
000000000000000000ffb3b9c25
0000000000000000000d0b2057d
000000000000000000091b1759a
000000000000000000fd8c60895
000000000000000000051127a4c
0000000000000000000560f3b32
0000000000000000000dd8893bb
0000000000000000000a1ce072f
0000000000000000000730affd7
00000000000000000007c716966
0000000000000000000ea384872
000000000000000000015b3785c
000000000000000000fbf72f124
000000000000000000ff37237d2
00000000000000000000ca5de27
000000000000000000f684d0f14
00000000000000000004e45ef59
000000000000000000ffcc4d3cf
00000000000000000008251b76e
0000000000000000000139f261d
000000000000000000fee7d6fe5
000000000000000000f448333b2
00000000000000000002904ef0e
000000000000000000092696080
000000000000000000fcc734b8d
00000000000000000004ae89521
000000000000000000f376dcd21
0000000000000000000532ca82d
00000000000000000005290ea9e
000000000000000000fab5f7941
00000000000000000001d706a6d
000000000000000000084979cc0
0000000000000000000e86e4e26
0000000000000000000908866dd
000000000000000000042deffb1
00000000000000000004dbf99df
00000000000000000005eb6d61c
00000000000000000003187840e
00000000000000000006ce89bf9
000000000000000000f83202356
0000000000000000000307b7e23
00000000000000000009fdf9628
000000000000000000fdb8948a2
00000000000000000002ecc7167
000000000000000000f1a42e32d
0000000000000000000154daf05
00000000000000000003de39f20
0000000000000000000cb4d5a2e
000000000000000000f99dbf5c8
000000000000000000f593c1e6e
000000000000000000f4180f6de
000000000000000000066b33f33
000000000000000000fac91e75e
000000000000000000f56971642
00000000000000000001a938d45
0000000000000000000f3eb0907
0000000000000000000eab668c8
0000000000000000000457d5280
00000000000000000009f52546e
0000000000000000000d08414f3
0000000000000000000e24e8d76
000000000000000000f45574717
000000000000000000f9afb3ec6
000000000000000000025b3026b
0000000000000000000fbc55972
0000000000000000000a0f11d18
0000000000000000000d9ae4e34
000000000000000000fe3ffb545
0000000000000000000a8fce4fe
0000000000000000000d68b4c00
000000000000000000fff60a333
000000000000000000044aaa06f
000000000000000000f9cd050c2
0000000000000000000b5d7a070
00000000000000000008f387ade
00000000000000000001445adcc
00000000000000000009fd844da
000000000000000000f56b36925
000000000000000000096b10fb4
00000000000000000008e8bf99c
0000000000000000000efa59403
000000000000000000f59d55a54
00000000000000000000fc55c14
000000000000000000fae16aed1
000000000000000000f0427c8db
0000000000000000000abf3dfc9
0000000000000000000fede97f4
000000000000000000fe9850e26
0000000000000000000d646b0d8
0000000000000000000ec4db39a
0000000000000000000aa84cf07
000000000000000000f6162c5b8
00000000000000000000879de98
000000000000000000fd7e1501b
00000000000000000000b980c8d
000000000000000000002680e6e
000000000000000000fd5daa5b7
000000000000000000f01d90823
00000000000000000004c8f01cf
000000000000000000fb619a583
00000000000000000000d754248
000000000000000000014011ad6
00000000000000000004572eb83
000000000000000000fed3f4306
0000000000000000000314a6ede
0000000000000000000a6513320
0000000000000000000f95fc777
0000000000000000000bf934ff7
0000000000000000000d41010c4
00000000000000000003cc2a59e
0000000000000000000a371f983
000000000000000000fc0592691
0000000000000000000d0fda316
000000000000000000086f33204
0000000000000000000a4dc9657
000000000000000000071a5c2aa
00000000000000000004c5e1ad9
0000000000000000000c99ec078
0000000000000000000f8a918eb
000000000000000000028b6df01
000000000000000000ff172c7a6
0000000000000000000f5b6196f
000000000000000000f6d6ecee7
0000000000000000000108cbacf
000000000000000000fdbe7ba41
000000000000000000fe5060624
00000000000000000009af55cf3
000000000000000000077218d8e
00000000000000000006a218996
0000000000000000000178582f0
0000000000000000000f8ea9b0d
000000000000000000038ba52e3
000000000000000000f9df076e4
0000000000000000000e2d50d3a
00000000000000000007a5f7266
000000000000000000f0bca5011
000000000000000000082eec5e1
000000000000000000001d3752e
000000000000000000f1ef19105
00000000000000000000ffb1da0
0000000000000000000f4e05350
00000000000000000006f997dcd
000000000000000000f693c267e
00000000000000000004d68c0a0
000000000000000000080177c22
000000000000000000008ab279b
00000000000000000010021e251
000000000000000000f5146a023
0000000000000000000a405d0e6
000000000000000000f4be182f2
00000000000000000004dc4add7
0000000000000000000de8709c3
0000000000000000000b055c033
0000000000000000000ce4999fc
000000000000000000fa7a0503b
000000000000000000fa90ebc89
000000000000000000012ebf3a7
000000000000000000f3690853c
00000000000000000005bc80641
000000000000000000f832a6360
0000000000000000000f93fb6bc
000000000000000000064f9a1c6
000000000000000000092144952
0000000000000000000ed85f7e8
00000000000000000007f773910
000000000000000000f7eb62912
0000000000000000000ca3e2ccc
0000000000000000000fecea14a
000000000000000000fb84be5ca
000000000000000000fbdb353b0
0000000000000000000e35247d1
000000000000000000f4b553671
0000000000000000000e91a8775
0000000000000000000a629dc13
000000000000000000f988c1b49
00000000000000000004b8f8de2
000000000000000000fe68b914d
0000000000000000000a6ba36f9
000000000000000000f239b8331
000000000000000000083d16f80
0000000000000000000e1b2b394
000000000000000000f3d8a0251
000000000000000000f00416fc4
00000000000000000005849f948
00000000000000000005b74a2ec
00000000000000000005da65a9e
000000000000000000015895d71
0000000000000000000ee6bce5c
00000000000000000008c4e3729
00000000000000000004fb4bc66
000000000000000000f862a5c9b
0000000000000000000f3c84c43
000000000000000000ff11ea786
00000000000000000000f76c588
000000000000000000fa530c2f8
0000000000000000000bbd8aea0
00000000000000000002a0cd68e
0000000000000000000ba3f722a
000000000000000000073a3741c
00000000000000000002bd580db
000000000000000000fed5d17b5
000000000000000000fdac89484
000000000000000000036a4b0e3
0000000000000000000dc23046f
0000000000000000000f2349a3a
00000000000000000002a62eef5
000000000000000000080ad1340
0000000000000000000ec884612
0000000000000000000da779a38
000000000000000000f08c94abe
00000000000000000001b855da4
000000000000000000f88cb4601
00000000000000000002f1de987
000000000000000000090292d6c
000000000000000000050ac2031
00000000000000000001885cffb
000000000000000000fc87c42d3
000000000000000000013fda2af
000000000000000000fbceb750d
0000000000000000000a77f4920
0000000000000000000f736f461
00000000000000000009aa5dd72
000000000000000000feae0bbb3
00000000000000000002a173f6a
0000000000000000000166bb688
0000000000000000000128f75a6
0000000000000000000a0fe4455
0000000000000000000419403fc
000000000000000000f21731721
00000000000000000009dae76bc
000000000000000000061895404
00000000000000000005b4c0eaa
000000000000000000046dcd82b
000000000000000000020ab5d04
0000000000000000000217bee5b
000000000000000000fd6245ec2
0000000000000000000ea0d4d05
000000000000000000f408580fe
000000000000000000f0861db5d
00000000000000000005ef2ebbd
0000000000000000000a42efab9
000000000000000000faffec875
000000000000000000099492cba
0000000000000000000484e467c
0000000000000000000fc96b4c7
0000000000000000000557072cb
00000000000000000007c72abcd
0000000000000000000c20b127b
000000000000000000013853525
000000000000000000f5fc0c337
00000000000000000009e085b54
000000000000000000f87bf3a33
00000000000000000003a102cae
00000000000000000001ef527b2
000000000000000000072198945
0000000000000000000f3b3b406
0000000000000000000033f0e7f
00000000000000000005a689e35
000000000000000000fe92ec77c
00000000000000000009cdbc9a8
000000000000000000077e0dee1
0000000000000000000f3106f6e
000000000000000000f59fae251
000000000000000000fbf54b892
0000000000000000000a8d05315
00000000000000000002a5fd519
000000000000000000f56151bf2
00000000000000000001068168c
000000000000000000f03066854
0000000000000000000cbd386c6
00000000000000000004886f681
000000000000000000f4f75697e
00000000000000000000b4e58dd
0000000000000000000da9dd098
0000000000000000000ef2c0e30
00000000000000000003bc4c37a
000000000000000000f37d42ccc
0000000000000000000084ec442
000000000000000000f27e2773b
000000000000000000f9913af0b
000000000000000000031653aa8
00000000000000000009898e155
000000000000000000fbf7519ba
000000000000000000f75f88068
000000000000000000ff561aa44
0000000000000000000c641840d
00000000000000000003eb23bd6
000000000000000000094904db4
00000000000000000001b717b8b
00000000000000000003e211ae4
00000000000000000003af86bd6
0000000000000000000d0cedc09
00000000000000000002e702835
0000000000000000000ab872c1e
000000000000000000fd75afc0d
000000000000000000f248f90c5
000000000000000000000dff70b
000000000000000000f4213197b
0000000000000000000f2615d9e
00000000000000000006c4087a0
0000000000000000000aef44f3b
000000000000000000fe3ea2a26
00000000000000000006b218c85
000000000000000000f654e9aa7
00000000000000000006e44ab37
000000000000000000066624d0b
000000000000000000f9b17d89b
0000000000000000000b30445b3
000000000000000000f373f8ca6
000000000000000000026d09e09
00000000000000000007355092e
0000000000000000000b7b5ecf4
000000000000000000039c45974
000000000000000000ff336b705
00000000000000000003b710029
0000000000000000000373c1e7e
000000000000000000f512c34c0
0000000000000000000a12595e1
0000000000000000000bad252f4
000000000000000000f71cdc88e
0000000000000000000b5880291
0000000000000000000bd249269
00000000000000000002dcf632b
000000000000000000fb5873005
0000000000000000000a1f386b3
0000000000000000000bee9d014
0000000000000000000e056b7c8
000000000000000000f66268a5d
000000000000000000fbc80a0fe
000000000000000000f3f4b2b39
0000000000000000000cfb61aa3
000000000000000000fcfcd0f99
0000000000000000000987f471d
0000000000000000000c6fd886e
000000000000000000045b16ec2
0000000000000000000645bc956
0000000000000000000d1763acf
0000000000000000000dec39bf5
000000000000000000f114b98f4
000000000000000000fd0978ff5
00000000000000000007edf8c17
0000000000000000000a24b84ec
0000000000000000000ba6b0906
000000000000000000f7cf477b2
000000000000000000054cb5556
0000000000000000000ce5a713f
000000000000000000fb47bb157
000000000000000000094d61341
0000000000000000000945e3624
0000000000000000000eb499fe7
0000000000000000000b6bbd02f
00000000000000000006aa0af25
0000000000000000000bd72e302
000000000000000000f6d1cd4d7
0000000000000000000accafce1
0000000000000000000e0146d58
000000000000000000f4ca31261
0000000000000000000b5196fdb
00000000000000000000c103380
0000000000000000000bc0fd64a
000000000000000000f62ab9a18
00000000000000000008567de49
000000000000000000f8a51c550
0000000000000000000411a4649
000000000000000000f60dbd3b8
0000000000000000000ae8bbcd9
000000000000000000f2e5186fc
000000000000000000035ac2c87
000000000000000000fe6ed9eb5
000000000000000000f07b00bf6
0000000000000000000ece4fe4b
0000000000000000000a99a4385
000000000000000000089d3013e
0000000000000000000e07b9957
0000000000000000000428edac8
000000000000000000f2192d304
00000000000000000000594dafa
0000000000000000000b5e1d79d
000000000000000000fb8222895
0000000000000000000bbfa4f80
00000000000000000001d5c9a9e
00000000000000000007c534940
00000000000000000003b42d182
000000000000000000037cd7b12
000000000000000000008658824
0000000000000000000053b8a83
000000000000000000040be4873
00000000000000000002ca181af
000000000000000000f513b51cd
0000000000000000000b22b896e
00000000000000000006d566ade
000000000000000000ffd7c3703
00000000000000000001d9ba1d8
00000000000000000005e5e6579
000000000000000000f583c47ec
00000000000000000009cb76802
000000000000000000f6d781533
00000000000000000006770501d
000000000000000000010f8f057
00000000000000000003b93ee97
00000000000000000006fbbec9e
000000000000000000fe50e2b83
0000000000000000000192df354
0000000000000000000c27cd8e3
0000000000000000000b5cdf319
0000000000000000000bafbb926
0000000000000000000240bdc3d
000000000000000000040e926ca
0000000000000000000377b1c8e
0000000000000000000e6d7a487
000000000000000000088ed37e2
000000000000000000032f1d2f5
0000000000000000000cb6642ee
000000000000000000056192b74
00000000000000000005b876248
000000000000000000f6cc062f0
000000000000000000f5f6b9e2f
00000000000000000004e6bd5da
000000000000000000f92b5ea93
000000000000000000fca2bd09e
0000000000000000000380c78e8
0000000000000000000f231c3c6
000000000000000000041aef4a4
000000000000000000f6bca887d
000000000000000000058a693cf
00000000000000000009735d057
0000000000000000000e30ee180
0000000000000000000eacf2aa5
00000000000000000005b3f50cc
00000000000000000001421358f
000000000000000000017e757a5
000000000000000000fa1def932
0000000000000000000ba43f59a
0000000000000000000d578548c
0000000000000000000e39b3d81
000000000000000000f19a0a3c8
00000000000000000006c86cfaa
0000000000000000000b5909663
000000000000000000fa66a7612
00000000000000000008fd03a7c
0000000000000000000f9b70440
0000000000000000000c6b30a10
000000000000000000f8dcc121e
0000000000000000000bd1d446e
0000000000000000000c953e4c9
00000000000000000002845812e
