000000000ffd0202df000000000
000000000fff281be4000000000
000000000ff9b39e33000000000
000000000ff6f09e41000000000
000000000ffa9b7962000000000
000000000ff73f3cef000000000
000000000fff40da3d000000000
000000000ffc13fb30000000000
000000000ffd2c6876000000000
000000000ff7a6e40c000000000
000000000ff6d4e25a000000000
00000000000238797a000000000
000000000001fa7264000000000
000000000fffbea4ed000000000
000000000ffc651bf2000000000
000000000ffe3093b8000000000
000000000ffd0202df000000000
000000000fff281be4000000000
000000000ff9b39e33000000000
000000000ff6f09e41000000000
000000000ffa9b7962000000000
000000000ff73f3cef000000000
000000000fff40da3d000000000
000000000ffc13fb30000000000
000000000ffd2c6876000000000
000000000ff7a6e40c000000000
000000000ff6d4e25a000000000
00000000000238797a000000000
000000000001fa7264000000000
000000000fffbea4ed000000000
000000000ffc651bf2000000000
000000000ffe3093b8000000000
000000000ffd0202df000000000
000000000fff281be4000000000
000000000ff9b39e33000000000
000000000ff6f09e41000000000
000000000ffa9b7962000000000
000000000ff73f3cef000000000
000000000fff40da3d000000000
000000000ffc13fb30000000000
000000000ffd2c6876000000000
000000000ff7a6e40c000000000
000000000ff6d4e25a000000000
00000000000238797a000000000
000000000001fa7264000000000
000000000fffbea4ed000000000
000000000ffc651bf2000000000
000000000ffe3093b8000000000
000000000ffd0202df000000000
000000000fff281be4000000000
000000000ff9b39e33000000000
000000000ff6f09e41000000000
000000000ffa9b7962000000000
000000000ff73f3cef000000000
000000000fff40da3d000000000
000000000ffc13fb30000000000
000000000ffd2c6876000000000
000000000ff7a6e40c000000000
000000000ff6d4e25a000000000
00000000000238797a000000000
000000000001fa7264000000000
000000000fffbea4ed000000000
000000000ffc651bf2000000000
000000000ffe3093b8000000000
000000000ffd0202df000000000
000000000fff281be4000000000
000000000ff9b39e33000000000
000000000ff6f09e41000000000
000000000ffa9b7962000000000
000000000ff73f3cef000000000
000000000fff40da3d000000000
000000000ffc13fb30000000000
000000000ffd2c6876000000000
000000000ff7a6e40c000000000
000000000ff6d4e25a000000000
00000000000238797a000000000
000000000001fa7264000000000
000000000fffbea4ed000000000
000000000ffc651bf2000000000
000000000ffe3093b8000000000
000000000ffd101f3f000ee5052
000000000fff23891400028393f
000000000ff9b2d723000a791da
000000000ff717d7f1000216056
000000000ffab455b20004938b0
000000000ff7487e2fffff4adf9
000000000fff3f56ad0000c6318
000000000ffc17970000046926d
000000000ffd3bd2c6000c5206f
000000000ff7be482c000e94175
000000000ff6dfd64a00043b750
00000000000239b17a000ca381b
000000000001e68584fff912b85
000000000fffc3bb5d000cb0b83
000000000ffc65fd02fffd9157b
000000000ffe2d0c38fff786e24
0000000000003facbb003c6ac59
000000000ffec9d07a000098795
000000000ffc3c1af4003582a73
000000000ffa902101000f75154
000000000ffdd946910007ddde7
000000000ff889e3160003e5d40
000000000fff0050580001b8d60
000000000ffd83ca77001404ca5
000000000fff942acd002b4de26
000000000ffbefc0f70035d5a76
000000000ff86c05ed000e93999
000000000001d22a8a001f0fa34
00000000000082dca4fff6c431d
000000000ffe6343b5002f8c450
000000000ffd46f6b1ffe9bf8ea
000000000ffdba9733fff3090a6
fffaead080006003f80011a16c4
ffec0adf6fff1852cffff9ff617
004bd5a77ffd88513400395f18f
ffffa03a5ffbfe3e82ffeaef628
fffafdce0fffc4a3e2fff00073d
00110cf55ffcf3dd9cfff058fec
ffeb38cf4fffd70776fff4a8272
005554c47ffdf5e36bfff7a20ba
ffd204e4cffefafd54001e62fb1
fffc8ba23ffeb864d7fff74b340
ffd2088a5ffc49536b0041e86f5
00040b345001116935000d97fc9
000b2440ffff3862fbfff5d5ce0
fff76a740ffd3209100026c7889
0052f5231fffe7bf6dffe5f0202
ffc6c4c0fffe20df3d001890767
ff9e7ac81ffcad396cffd3b40b9
fff56f80ffffb4d2d7000491ff4
0021c6963ffd108b680025e3225
000e9e5a2ff922fc88ffef6021b
ff9d28ebaffdcf1898ffe643f99
fff3f2470ffe7e4f47000437fa4
ffed9f15a00010163effef48d40
ffd64568dffdbff159fff0be122
fff756583ffced5a41fffbedc05
fff97e80bffaa9a1e4000cb1fc1
ffa4e74bbffbcd2c270005eacac
ffff9389b000da7b56ffef6f463
ffc244c6f000abe468ffe41d6d0
fffd2a8e2ffebf5760002a2fdee
0072bf382ffd72c7f4ffd1c0466
002792cc1fff255871000d3309e
0015606baffc7895d5000000000
ffef19edafff9b4770000000000
003d3b14dffc1d9293000000000
001a1d590ff7f2f153000000000
ff8e94cadffbd72b22000000000
0018da78aff98915be000000000
ffd8d1227fff1d393d000000000
002555f40ffd8c794b000000000
00076ec81ffd6ec9c4000000000
004a7ca89ff7f425be000000000
0026e8eebff7e5315b000000000
0003685ef0019466b3000000000
ffb77f6780020036b3000000000
fff4e5b8a000475a6c000000000
00147fef7ffaf35015000000000
003578f07ffe955728000000000
000000000ffd0202df000000000
000000000fff281be4000000000
000000000ff9b39e33000000000
000000000ff6f09e41000000000
000000000ffa9b7962000000000
000000000ff73f3cef000000000
000000000fff40da3d000000000
000000000ffc13fb30000000000
000000000ffd2c6876000000000
000000000ff7a6e40c000000000
000000000ff6d4e25a000000000
00000000000238797a000000000
000000000001fa7264000000000
000000000fffbea4ed000000000
000000000ffc651bf2000000000
000000000ffe3093b8000000000
000000000ffd0202df000000000
000000000fff281be4000000000
000000000ff9b39e33000000000
000000000ff6f09e41000000000
000000000ffa9b7962000000000
000000000ff73f3cef000000000
000000000fff40da3d000000000
000000000ffc13fb30000000000
000000000ffd2c6876000000000
000000000ff7a6e40c000000000
000000000ff6d4e25a000000000
00000000000238797a000000000
000000000001fa7264000000000
000000000fffbea4ed000000000
000000000ffc651bf2000000000
000000000ffe3093b8000000000
000000000ffd0202df000000000
000000000fff281be4000000000
000000000ff9b39e33000000000
000000000ff6f09e41000000000
000000000ffa9b7962000000000
000000000ff73f3cef000000000
000000000fff40da3d000000000
000000000ffc13fb30000000000
000000000ffd2c6876000000000
000000000ff7a6e40c000000000
000000000ff6d4e25a000000000
00000000000238797a000000000
000000000001fa7264000000000
000000000fffbea4ed000000000
000000000ffc651bf2000000000
000000000ffe3093b8000000000
000000000ffd0202df000000000
000000000fff281be4000000000
000000000ff9b39e33000000000
000000000ff6f09e41000000000
000000000ffa9b7962000000000
000000000ff73f3cef000000000
000000000fff40da3d000000000
000000000ffc13fb30000000000
000000000ffd2c6876000000000
000000000ff7a6e40c000000000
000000000ff6d4e25a000000000
00000000000238797a000000000
000000000001fa7264000000000
000000000fffbea4ed000000000
000000000ffc651bf2000000000
000000000ffe3093b8000000000
000000000ffd0202df000000000
000000000fff281be4000000000
000000000ff9b39e33000000000
000000000ff6f09e41000000000
000000000ffa9b7962000000000
000000000ff73f3cef000000000
000000000fff40da3d000000000
000000000ffc13fb30000000000
000000000ffd2c6876000000000
000000000ff7a6e40c000000000
000000000ff6d4e25a000000000
00000000000238797a000000000
000000000001fa7264000000000
000000000fffbea4ed000000000
000000000ffc651bf2000000000
000000000ffe3093b8000000000
000000000ffd0202df000000000
000000000fff281be4000000000
000000000ff9b39e33000000000
000000000ff6f09e41000000000
000000000ffa9b7962000000000
000000000ff73f3cef000000000
000000000fff40da3d000000000
000000000ffc13fb30000000000
000000000ffd2c6876000000000
000000000ff7a6e40c000000000
000000000ff6d4e25a000000000
00000000000238797a000000000
000000000001fa7264000000000
000000000fffbea4ed000000000
000000000ffc651bf2000000000
000000000ffe3093b8000000000
000000000ffd9a9101003713f92
000000000ffeff3f0500052d6c7
000000000ff9d6d38800272c08e
000000000ff836c2fa000d6ab28
000000000ffb7f9139000afd4d0
000000000ff792ac2b000849dbf
000000000fff32531a000527a38
000000000ffc41a8af0013065cd
000000000ffdc5847d0029fc10b
000000000ff88e7af2003721d2c
000000000ff737468f0001ee21d
0000000000023bd4da001e35192
000000000001540f4afff27a520
000000000fffc6296a002bb207c
000000000ffc6e9d5dffed61efd
000000000ffe11dea0ffe8fd358
fffc585a0000833472004b50b57
fff85a60efff383d73fff917125
002977278ffcc7a6c0007805832
fffad8114ffcca2f7f00087e186
0009038fcffed8e750fff70cd0b
000c87f00ffa049c00fff15d123
fff9766a2fff06c226fffcaf3c8
00175aaeaffe25fd6b001f6cb85
fffc72578ffedcb59c003fcdf87
00002d7baffd463aa6004ddfa67
ffedd0090ff9ba9423002d6360d
000b7353c0018bdd2c0038e41e2
0000974ce0005ef65a0001597f1
fffa61414fff0365950030e4a15
001bae0d4fff49f99ffff03bdbd
ffdea8fe2ffd3efe410005eaa48
ffceafafe000e089a5fffc1e18d
ffeb0497efff593e55fffd4bfba
0053e4a48ffe0b75f1005c00934
00042ba3affe97566bffcab5983
ffde0de80fffdbfb8affcbc17a7
ffff26d1cfff08d0e80002ef4c9
ffd98ab8c0001434d0ffe7d4d8a
0065278d2ffedc06e5ffe6d6c00
ff9f5aaf4fff8da2fe00166e86a
ffedde94efff9dbb0b0007483ef
ffac346c4ffe2c508a00483d663
fff509b1a00097e44cfff8dff19
fffcc5fe6fffe8f00effed902af
ffdf2eb80ffe374f14003a13f7b
00884b3b2001ccda8dffcc9912b
ffd5c2a64fff452bae0028619f4
ff9579a9effc718da4ffdc6eb86
ffe8298900000d37420005fb8e4
0046a341affd4fc34b001ffcfe6
fff7dac22ffaade630000d1d7e0
ff147f6feffcea2f21ffda3afe5
0002957beffec6eb5d001459fda
ffd6420c40005dd031fff3951ee
ffcc575d6ffde561b9fff8a0a7e
ffdb06432ffe0edcb5000c64284
00090a21affafec935001df7945
ff94c1d12ffda89bad000b93a18
00006a9fc000a1ad58ffe74ea48
ffa9cb5360012d5c280002b5cc9
ffeabaf720004cc9780017fa8f4
00b460e0affd547d5dffc904b70
0059522d80009c215d000538b69
000e1db54ffc226723000000000
ffe584ac8ffff1de23000000000
004b06f0cffc920ff6000000000
0021ad670ff877fb23000000000
ff4a2c3deffb77209c000000000
00325cde2ff8f7c014000000000
ffd1630c8fff2458c6000000000
004761edcffdaa8995000000000
000982584ffddc81c1000000000
006f75c7eff80a7df5000000000
0021c64ceff87d30af000000000
fffef9cfe00188602f000000000
ffa6517fe0021de5eb000000000
fff8359d200120de1d000000000
fff53eea6ffa81e920000000000
00325723effef81df9000000000
000000000ffd0202df000000000
000000000fff281be4000000000
000000000ff9b39e33000000000
000000000ff6f09e41000000000
000000000ffa9b7962000000000
000000000ff73f3cef000000000
000000000fff40da3d000000000
000000000ffc13fb30000000000
000000000ffd2c6876000000000
000000000ff7a6e40c000000000
000000000ff6d4e25a000000000
00000000000238797a000000000
000000000001fa7264000000000
000000000fffbea4ed000000000
000000000ffc651bf2000000000
000000000ffe3093b8000000000
000000000ffd0202df000000000
000000000fff281be4000000000
000000000ff9b39e33000000000
000000000ff6f09e41000000000
000000000ffa9b7962000000000
000000000ff73f3cef000000000
000000000fff40da3d000000000
000000000ffc13fb30000000000
000000000ffd2c6876000000000
000000000ff7a6e40c000000000
000000000ff6d4e25a000000000
00000000000238797a000000000
000000000001fa7264000000000
000000000fffbea4ed000000000
000000000ffc651bf2000000000
000000000ffe3093b8000000000
000000000ffd0202df000000000
000000000fff281be4000000000
000000000ff9b39e33000000000
000000000ff6f09e41000000000
000000000ffa9b7962000000000
000000000ff73f3cef000000000
000000000fff40da3d000000000
000000000ffc13fb30000000000
000000000ffd2c6876000000000
000000000ff7a6e40c000000000
000000000ff6d4e25a000000000
00000000000238797a000000000
000000000001fa7264000000000
000000000fffbea4ed000000000
000000000ffc651bf2000000000
000000000ffe3093b8000000000
000000000ffd0202df000000000
000000000fff281be4000000000
000000000ff9b39e33000000000
000000000ff6f09e41000000000
000000000ffa9b7962000000000
000000000ff73f3cef000000000
000000000fff40da3d000000000
000000000ffc13fb30000000000
000000000ffd2c6876000000000
000000000ff7a6e40c000000000
000000000ff6d4e25a000000000
00000000000238797a000000000
000000000001fa7264000000000
000000000fffbea4ed000000000
000000000ffc651bf2000000000
000000000ffe3093b8000000000
000000000ffd0202df000000000
000000000fff281be4000000000
000000000ff9b39e33000000000
000000000ff6f09e41000000000
000000000ffa9b7962000000000
000000000ff73f3cef000000000
000000000fff40da3d000000000
000000000ffc13fb30000000000
000000000ffd2c6876000000000
000000000ff7a6e40c000000000
000000000ff6d4e25a000000000
00000000000238797a000000000
000000000001fa7264000000000
000000000fffbea4ed000000000
000000000ffc651bf2000000000
000000000ffe3093b8000000000
000000000ffd0202df00025ba86
000000000fff281be4000065e35
000000000ff9b39e330001a875e
000000000ff6f09e410000548b2
000000000ffa9b79620000b9790
000000000ff73f3cefffffe3533
000000000fff40da3d00001f608
000000000ffc13fb300000b2c2f
000000000ffd2c68760001f3545
000000000ff7a6e40c00024ed87
000000000ff6d4e25a0000ab870
00000000000238797a0002003a9
000000000001fa7264fffee7437
000000000fffbea4ed000202521
000000000ffc651bf2ffff9d6c9
000000000ffe3093b8fffea898c
000000000fff1798db0048aa4ac
000000000ffeca68b600006e199
000000000ffafb40d70050565db
000000000ff9ba674b00173ddfa
000000000ffcf247b500025867e
000000000ff814f5250014b0a99
000000000fff14de3f000982359
000000000ffcdfaffb0024b3a37
000000000ffef2c51c003123c70
000000000ffa75c8b100627158c
000000000ff7de64d5ffe9c3805
000000000002114df400222a5e5
000000000000a480020000f4dcc
000000000fff148c53002f53463
000000000ffcaf9a68ffe7d0026
000000000ffde4820bffef40cc4
fff7eddda00082f19c0039770ab
ffe5242fefff561782fff19fb26
00727fe4affd5eed8400849d0b8
fffc78164ffd3421f8ffefbce6c
000b67c38fffd1d89dffce02db1
001f126deffc0178e7fffbb573f
ffe923824fff681136fffd0bd7b
0061ca6a2ffe425bb3001934b9a
ffdfe1596ffe8aec5f003b9c0dc
ffffa1c30ffe7f0c3c003f3a2f7
ffc6509f0ffb5cf26d0031bc76f
0017ecdb60013dd56b0019823ff
00062a318fffada59b002650214
fff8ddee6ffe4dd49e0008d97f1
00659deb00004767cffff5755ee
ffa4ff25cffd5237330023a25f4
ff736ea86fffacfe90ffed6317c
ffe55691bfffcf99cf0008018f3
0072fce0efff1e6ff70051828d4
000be80e0ffc0eb8faffe0a5a63
ff9151052ffeb51adaffab1e013
ffeddec90fff909ea60021ab3b1
ffc1145710001e3ee3ffed38063
0049cc4bdfff40c810fff310fff
ff77d80bcffe70a75b00297a49b
ffe042e3bffe05210700352a8c5
ff53778fcffdb7a3740024c7b53
ffe1ceffe0003784f8ffd9efdb2
ffcebb59f0015a65a0000a48180
ffc65699cffde122f7001fdeb46
00f0b20e60012c278bffb9ac0f6
fff6fc4dbfff9e11cf0010df643
ff9b8f5e6ffc926064fffede6a2
ffd679e0ffffcb828200045d603
008ddac23ffc83514b0008b5cc0
fffa09065ff963ffb0002af9c33
fe714747effa3aebe1ffdd76888
0017c1e59ffb5dbcdd000b0a8d2
ffab95ae10002074b1fffb76ca0
ffe386de7ffe06fab9000a68ef5
ffd00a2edffe95e875002767b29
003fcb72cff9cdb9f5001e28b28
ffa67f880ffcbf732d001f2c258
000be1f6e000a339d8ffef1b334
ff69419e40020b51a80026d06ca
ffcdab67300128f578ffefacd5f
00ee06687ffd162dddffe0c0eba
009c5eda70017b84ddfff4c60ec
000601122ffc13b063fff7325b5
ffdd633f2fff9d47230000030b3
004b57684ffa8150f6000b5ce8a
00202e45cff8417963fff782cc2
ff23f5c51ff9d3fd9cffff4a3f6
0046b9d05ff770ca5400030eaa8
ffcf6e59cfff332e06fffc64e39
005c503b6ffcb81615fff9296fe
00056938effd354b01fff7f05ee
008656ae2ff81166f5ffffe7a68
00236f970ff90b256ffffff90b0
00041ee09001ad9b6fffffed4d9
ff9942c9d001f9fa2bfff3febb4
0002145e70022b071d0010cb720
ffdf34965ffa8c18e0fff652dcb
002b11b52ffeda82b900070f861
000000000ffd0202df000000000
000000000fff281be4000000000
000000000ff9b39e33000000000
000000000ff6f09e41000000000
000000000ffa9b7962000000000
000000000ff73f3cef000000000
000000000fff40da3d000000000
000000000ffc13fb30000000000
000000000ffd2c6876000000000
000000000ff7a6e40c000000000
000000000ff6d4e25a000000000
00000000000238797a000000000
000000000001fa7264000000000
000000000fffbea4ed000000000
000000000ffc651bf2000000000
000000000ffe3093b8000000000
000000000ffd0202df000000000
000000000fff281be4000000000
000000000ff9b39e33000000000
000000000ff6f09e41000000000
000000000ffa9b7962000000000
000000000ff73f3cef000000000
000000000fff40da3d000000000
000000000ffc13fb30000000000
000000000ffd2c6876000000000
000000000ff7a6e40c000000000
000000000ff6d4e25a000000000
00000000000238797a000000000
000000000001fa7264000000000
000000000fffbea4ed000000000
000000000ffc651bf2000000000
000000000ffe3093b8000000000
000000000ffd0202df000000000
000000000fff281be4000000000
000000000ff9b39e33000000000
000000000ff6f09e41000000000
000000000ffa9b7962000000000
000000000ff73f3cef000000000
000000000fff40da3d000000000
000000000ffc13fb30000000000
000000000ffd2c6876000000000
000000000ff7a6e40c000000000
000000000ff6d4e25a000000000
00000000000238797a000000000
000000000001fa7264000000000
000000000fffbea4ed000000000
000000000ffc651bf2000000000
000000000ffe3093b8000000000
000000000ffd0202df000000000
000000000fff281be4000000000
000000000ff9b39e33000000000
000000000ff6f09e41000000000
000000000ffa9b7962000000000
000000000ff73f3cef000000000
000000000fff40da3d000000000
000000000ffc13fb30000000000
000000000ffd2c6876000000000
000000000ff7a6e40c000000000
000000000ff6d4e25a000000000
00000000000238797a000000000
000000000001fa7264000000000
000000000fffbea4ed000000000
000000000ffc651bf2000000000
000000000ffe3093b8000000000
000000000ffd0202df000000000
000000000fff281be4000000000
000000000ff9b39e33000000000
000000000ff6f09e41000000000
000000000ffa9b7962000000000
000000000ff73f3cef000000000
000000000fff40da3d000000000
000000000ffc13fb30000000000
000000000ffd2c6876000000000
000000000ff7a6e40c000000000
000000000ff6d4e25a000000000
00000000000238797a000000000
000000000001fa7264000000000
000000000fffbea4ed000000000
000000000ffc651bf2000000000
000000000ffe3093b8000000000
000000000ffd44f8490018b80b2
000000000fff126829000385247
000000000ff9afed9c0011738b6
000000000ff7aabffe00045d63c
000000000ffb1171450006a7d10
000000000ff76b277b00008d5cb
000000000fff39ab2e0001a5cf8
000000000ffc251adb0007bff1d
000000000ffd758e790013e1853
000000000ff815e2da0018634e2
000000000ff708db930004da09f
0000000000023e41fa00125bba8
0000000000019be5c2fff66b2be
000000000fffd6c93e00148c926
000000000ffc6947e9fffa70a01
000000000ffe1fd470fff3416a0
000000000000553be600439cb45
000000000ffef50193fffb62889
000000000ffc76e94200845fc20
000000000ffb72c55f000ecc4b0
000000000ffe61368cfff860eb5
000000000ff9426b0effff3c729
000000000fff034ee00002ce5fa
000000000ffdb932db002c68acd
000000000fff4c7932002c7aaa1
000000000ffc73f86a0078f88f8
000000000ff8e3572bfff8723c2
000000000001bcb690004053ad3
0000000000006cc3ce0005b7a7a
000000000ffe93658500231b19a
000000000ffdf758110001582ad
000000000ffd7c378dfffe5e9a4
fffbcf206000b7e9090016b4bfb
ffe6037adfff5f811bfff76ae87
004bf8198ffdf07a27007dd5d5d
0005c7d28ffdcc9fefffc356807
ffdadfe96fffe58844ffbc3b0a5
000818894ffdd07878ffffe07fb
ffdcf12edfffdf90eaffeee5fee
008b85391ffea8018dfff9f0a37
ff935837effeff28820013e879c
fff4acb03fff6bba8d002b60a08
ffbe3ae6affd4b4af200431d9ca
ffe68aeca000c91a94001434aaf
001ccce8dfff99a61200177cdcb
ffef30494ffdf9f8dcffff3dbee
007c392340017f3a0b0008a9457
ffce26283ffe71e3fa002ead9ea
ff7c7a75bffc8febe4fff3b7be7
ffe52e2720004b30aa00081cc18
004f67634ffca094fa002d6adc5
ffeba5539ffc68858c0012b1db3
fece6f072ffcbe6a58ffb79c681
ffef439eefff40e9ec003e90a77
ffb95a0a90003dab96fff382703
00130f066ffe765a58fff993881
ff441b37cffc92a4160011ad60c
ffe063c32ffb52e84e00466214e
ff28d45f4ffe15ed04000ae856c
ff927a895000701cd8ffd1afd64
fff1dafa20018f4c78002847fff
ffb437ac80016e69a60007a89db
0106e0bef000235a12ffbfa4fc2
005abecc10000fd72a0004bb346
ffc8f9f15ffc7d6e78001a1fbc4
ffcfd85bdfffc091cefffe974cb
00a7d22f4ffbc20f6b000251dbd
fff9b4724ffa0c0cd8002325ad0
fde7dfecbffa9d6f15fff077f78
00430bf22ffa563c050018b399e
ffa3b4be7fff7a2ee900099d79c
001f6d2fcffd948429000aa06a6
ffd2d34defff013939001de4fcf
007580673ff8006729001334041
ff9870aafff9cc4db500105478f
ffd34f61600163b650fff9a55d9
ff911df5f002fe8710002d9d273
ffb95c6520023127f8ffebed311
009696accffae1a355fff31c212
009c2c7ab00093eca5fffcb6b94
fff745418ffc7b24cffff39f4e5
ffe307552fffc35a13000233f7a
003b51122ffa5395660005d5a7b
001e62cdcff7c11c7fffffce52d
ff2cb5ab6ff9d128ccfff4a8187
004634c04ff5d08570fffd5156c
ffde6c438fff5513b2fffb9a90a
006178ac8ffc19918d0000027f2
0009c35d4ffe0c7ded0006907b3
00763a7e5ff7bfa065000559ff3
ffffe213fff7aaf3630002a38c4
fff383b6e0024209fbfff84268b
ffbc0ed0a0023897a7fffe4d4a0
00014583a00123574d000248a7a
ffbb9a146ffbdbcb24fff4e6050
000dcc375ffedf346dfffeaf3fc
000000000ffd0202df000000000
000000000fff281be4000000000
000000000ff9b39e33000000000
000000000ff6f09e41000000000
000000000ffa9b7962000000000
000000000ff73f3cef000000000
000000000fff40da3d000000000
000000000ffc13fb30000000000
000000000ffd2c6876000000000
000000000ff7a6e40c000000000
000000000ff6d4e25a000000000
00000000000238797a000000000
000000000001fa7264000000000
000000000fffbea4ed000000000
000000000ffc651bf2000000000
000000000ffe3093b8000000000
000000000ffd0202df000000000
000000000fff281be4000000000
000000000ff9b39e33000000000
000000000ff6f09e41000000000
000000000ffa9b7962000000000
000000000ff73f3cef000000000
000000000fff40da3d000000000
000000000ffc13fb30000000000
000000000ffd2c6876000000000
000000000ff7a6e40c000000000
000000000ff6d4e25a000000000
00000000000238797a000000000
000000000001fa7264000000000
000000000fffbea4ed000000000
000000000ffc651bf2000000000
000000000ffe3093b8000000000
000000000ffd0202df000000000
000000000fff281be4000000000
000000000ff9b39e33000000000
000000000ff6f09e41000000000
000000000ffa9b7962000000000
000000000ff73f3cef000000000
000000000fff40da3d000000000
000000000ffc13fb30000000000
000000000ffd2c6876000000000
000000000ff7a6e40c000000000
000000000ff6d4e25a000000000
00000000000238797a000000000
000000000001fa7264000000000
000000000fffbea4ed000000000
000000000ffc651bf2000000000
000000000ffe3093b8000000000
000000000ffd0202df000000000
000000000fff281be4000000000
000000000ff9b39e33000000000
000000000ff6f09e41000000000
000000000ffa9b7962000000000
000000000ff73f3cef000000000
000000000fff40da3d000000000
000000000ffc13fb30000000000
000000000ffd2c6876000000000
000000000ff7a6e40c000000000
000000000ff6d4e25a000000000
00000000000238797a000000000
000000000001fa7264000000000
000000000fffbea4ed000000000
000000000ffc651bf2000000000
000000000ffe3093b8000000000
000000000ffd0202df0005b3432
000000000fff281be40000f64cf
000000000ff9b39e3300040213a
000000000ff6f09e410000cc5f6
000000000ffa9b79620001c05b0
000000000ff73f3cefffffbaae9
000000000fff40da3d00004bd98
000000000ffc13fb300001b021d
000000000ffd2c68760004b70ff
000000000ff7a6e40c0005944a5
000000000ff6d4e25a00019ea50
00000000000238797a0004d63eb
000000000001fa7264fffd595b5
000000000fffbea4ed0004db4d3
000000000ffc651bf2ffff11b4b
000000000ffe3093b8fffcc1de4
000000000ffe8fdc730034d9cc8
000000000ffecfe292000195e15
000000000ffa6ca7db002c0de45
000000000ff971ddc7000ef251e
000000000ffc97601d000693852
000000000ff7f54d3d00096783d
000000000fff1ee57b0004427e3
000000000ffc9958e3001392643
000000000ffe9ebf300025e7882
000000000ff9d5566d0034f4194
000000000ff7aaafb5000122145
0000000000022c3e1c0017e699b
000000000000b15072fff983ab4
000000000fff6cc20f002825cb1
000000000ffc7de68cffeb43710
000000000ffdf06a27fff18d76c
fff4cacb000079fa5c00268771a
ffe88cde1fff554286fff28a013
007f27d64ffd41b784008318434
fff0305e6ffd2f657cfffcc3fe0
001ba43d2fffddf349ffde4a086
00266d480ffb9dd423fffde2d47
ffebf3e07fff40ff36ffff0301a
00479de43ffe2f1b73001ec8e47
fff51a7e4ffe902353002395875
00008b79bffe1ee0fc004f96644
ffc83a478ffab07d85000985d05
00231d0b200164d2a7001ff2107
0001cff81fffd3c6bf0019dd26a
ffeec4066ffe74c0b2000e2d009
0054e1b06fffd412affff929295
ff99c3067ffd11f70b001f307e2
ff6ff393ffff9434ea0012be16c
ffe9de770fffdb2a5200064a7b5
007c8ae76ffefe0d860054f021c
00035cda5ffb5413e1ffd05fc77
ffbe574a2ffe580447ffb8f987a
ffe7bab94fff2b313a001e666a0
ffbaf5589000297816fff3f9656
00692e5ecfff0d6fe1fff734d38
ff5fcb114ffe4bed24002f42df4
ffd464be8ffd9c969900352fdb4
ff61446e6ffd42036b0027a738c
fff008adf0004fa0b0ffee618da
ffd3dc792001abb8b200071c3ef
ffab930d8ffd8cab62001fadb24
00e67ca1d00171ea44ffd212d32
ffdcd83b5fff9fc953000d49722
ff781a5feffc272e7b000b7024a
ffdac5893fffb84802000522ed0
00837995cffc297d73002cadbd0
ffba6e123ff7ef29b9003612fbb
fe22d2f49ff93a77d2ffd46d7be
00025c260ffa7a99560004b8fa5
ff8e98b92000247ea9fff7fca3a
ffefa6009ffdbaca01001539425
ff33fc973ffe84ca7a003aa0937
000a85001ff8d0269b003ed8ec5
ff75b315cffc1b9101003120f22
ffda5bb1a000b7925600035b748
ff93a1b1d00275d19c002d9cd22
ff7e76bcb0010a540bfff260198
013652f45ffc6f557bffe0c4cf3
00bd3ae3f001c7e9eefff139ae2
ffdade30effc010d7cfff9406fe
ffc5aff1dfff87cb7dffff2b206
0083987f4ffa07e61f00212e7f9
ffd9c4fc9ff79a85f5ffe5cf5dc
fdf7c64a8ff91d74befff66a0ba
006eb0056ff5ee85ba00064f4fb
ffb27bedafff04b502fff3fff76
005e33108ffc8a49b3ffee09a14
ffc396e60ffcf81635fff0e8921
0090cfd07ff7a4ca3e0000bc574
ffdef2763ff85e5bbc0013fdb03
0009c1918001cf72e5000288e9a
ff93f40b90020763c5ffeb84cb9
ffd49e9ee0026b00b00021590e7
002fc99e8ffa361324fff0ba117
00642fa36ffe9281dc0012f65ec
ffe64fac0ffd27adfafffd7b96a
ffe82317affef37f97000061a42
000ac7e53ff90f8d9a00081cda4
00041a7f0ff6a75fb60007289d6
ff75881caffa69cec8fffab14c9
003ffbcc9ff715482b000cc5246
fff808a6bfff4299cdffff3dfb4
004a87532ffbcc3817fffcdad22
fffafe35fffce48bf0ffff06f16
004cd4a1cff79b44810008705cd
fff705a4aff6a3811c00029a9f0
000241ffc0024c490afffce06a4
ffdd244c5001e9338a00040e64b
0016193cdfff907d7d0007eed50
ffafe3cc0ffca626b1fff2a31e2
ffe901f0affe011b3a000395101
000000000ffd0202df000000000
000000000fff281be4000000000
000000000ff9b39e33000000000
000000000ff6f09e41000000000
000000000ffa9b7962000000000
000000000ff73f3cef000000000
000000000fff40da3d000000000
000000000ffc13fb30000000000
000000000ffd2c6876000000000
000000000ff7a6e40c000000000
000000000ff6d4e25a000000000
00000000000238797a000000000
000000000001fa7264000000000
000000000fffbea4ed000000000
000000000ffc651bf2000000000
000000000ffe3093b8000000000
000000000ffd0202df000000000
000000000fff281be4000000000
000000000ff9b39e33000000000
000000000ff6f09e41000000000
000000000ffa9b7962000000000
000000000ff73f3cef000000000
000000000fff40da3d000000000
000000000ffc13fb30000000000
000000000ffd2c6876000000000
000000000ff7a6e40c000000000
000000000ff6d4e25a000000000
00000000000238797a000000000
000000000001fa7264000000000
000000000fffbea4ed000000000
000000000ffc651bf2000000000
000000000ffe3093b8000000000
000000000ffd0202df000000000
000000000fff281be4000000000
000000000ff9b39e33000000000
000000000ff6f09e41000000000
000000000ffa9b7962000000000
000000000ff73f3cef000000000
000000000fff40da3d000000000
000000000ffc13fb30000000000
000000000ffd2c6876000000000
000000000ff7a6e40c000000000
000000000ff6d4e25a000000000
00000000000238797a000000000
000000000001fa7264000000000
000000000fffbea4ed000000000
000000000ffc651bf2000000000
000000000ffe3093b8000000000
000000000ffd0202df000000000
000000000fff281be4000000000
000000000ff9b39e33000000000
000000000ff6f09e41000000000
000000000ffa9b7962000000000
000000000ff73f3cef000000000
000000000fff40da3d000000000
000000000ffc13fb30000000000
000000000ffd2c6876000000000
000000000ff7a6e40c000000000
000000000ff6d4e25a000000000
00000000000238797a000000000
000000000001fa7264000000000
000000000fffbea4ed000000000
000000000ffc651bf2000000000
000000000ffe3093b8000000000
000000000ffd6565cd00229ec0e
000000000fff07e58b0004445b9
000000000ff9ae242600188353a
000000000ff804e490000707fbc
000000000ffb4a92f300085dc70
000000000ff7806c330002875fd
000000000fff3630880002ad388
000000000ffc2d65d9000b4a7c3
000000000ffd98fb67001b44d5d
000000000ff84ba40600225a7a2
000000000ff722073d00049622d
000000000002410efa00170d11c
0000000000016e1b8efff487036
000000000fffe27a58001c42896
000000000ffc6b4d1ffff6a9e97
000000000ffe17b820ffef7d810
000000000000396fa4003ecd517
000000000ffee39a8dfffb7c664
000000000ffc80b4d600630fb0e
000000000ffb131ecb000b1bd2a
000000000ffeb65fcafffc65ce1
000000000ff9a49e36fff8dab74
000000000fff12a518fffebd8f4
000000000ffd823b83001d2d9b6
000000000fff61cafc002ebb808
000000000ffc5cf738004c4b519
000000000ff8c24eb7001678814
000000000001ce691c00314654e
0000000000003ed082ffffa5d45
000000000ffe2a8e250028abc03
000000000ffd744799fff5d9d30
000000000ffd6fec41000063744
fffda87fb000a5703bfff900806
ffdc850c6fff73248ffff895e18
0060e57e7ffe536abb008259b84
0014c884cffd7c8b89ffcb8cfe3
ffebb618e0004193c0ffc8b06ac
001274fb9ffd9a9ceafff88af91
ffe1f9b49fffc30bc8ffee877bc
009cb247effec64861fffc91ec2
ffb349ed1ffeda30b40004d8bf0
fffdc8297fff54f8f90031e6e57
ffbe9c8e0ffccd57e80028051aa
00032a657000d49dbe001b0730e
000f47fd1fff7a917c0004c2009
000c951e3ffdac5154000b09b2f
008de8c560015080650003de6a5
ffb556aadffe154d18002dd7d9e
ff6eb50f2ffbee5c240017dfb34
ffe56cb40000488b760007b2a77
00463bebfffbda9344003ad85db
000a88feaffb84e9f40004bef15
feffbfe20ffc246067ffc478633
ffe278e62fff37d37e003c5dd93
ffb7b7f5500048f152fff755b88
00192b4ceffe1fc3df0001e53b7
ff42b0442ffbc567d20019aa71e
ffe24dafdffa5671dd0055cece0
ff1eacc04ffd8e2bff0001733a6
ff82801f900088b846ffe207dc3
ffe2302ca001dfadde001b3b379
ffc48723d00185179e00176e22d
0114e163300043667effca9d405
0057045acffffe3f4ffffd91adb
ffcdcab3effbe3c7610037d8fac
ffd830799fffb8c498fff9e1c25
00b65697dffac9337000214bac3
ffe9c317aff99d0e13002e37d42
fda7d652bff9affb23ffe55cc90
0029a90e4ff93e0f61001bfdb00
ff8726eb8fff569190000af2ea4
000d7164fffd37712900139b68c
ff9039db2ffece5ab6003d91487
00635f48eff6ab50e8002143014
ff8232e4aff8cbbd49002b22600
ff9ae5e98001a85345fffd834f2
ffa02e565003707253003efa640
ff7b5ee4b00304a169fff5de902
00cffd9d8ffa361404ffe19cbb4
00daf8a2f000a3336d0003a3854
fff044a55ffc83f4e5ffe19abee
ffd95d98dfffb692bc000376044
005eb77b4ff9b13549002425e94
fffc72552ff79e175ffff117019
fe8e1a76eff97f1df1ffdd9f8cc
005b13bd5ff4bc9ff3ffff61e76
ffce538d7fff33d8b5fff3f07ed
006d3d7e9ffbae37b0fff9a2b74
ffed23dbcffe1e3e6300120d0ac
007f57193ff7424c04000c4545b
ffe2bbac1ff6c4088a000d82639
ffefe663900293f4d8ffec34d1f
ffc3b243c0026d26b8fff5616ce
ffe040f170015acf780017fc975
ffd508136ffb9e3f84ffd736de7
002abec2fffe976907000999dfe
ffee45e8effd1fb9dbfff636bb1
fff5390dafff24bdb100022da72
fffb3510fff98e888800038fab7
fffd34548ff6c6ef7b00034d84d
ffc6d14c3ffa980240fff47a5e9
001fb4ceaff6ebcef1fffe69b10
000203ca9fff479c9afffcae8a6
0022b0778ffbe8cb040001827de
fffb3598fffd48fb130008813bb
001e6b925ff793e0b900066eaf5
fff639b37ff680bcd60002efe34
000224a5100259998afff817bcb
fff7872d0002035e340002678ca
000f046b6fff79fa2efffe8ca42
ffd128669ffcb6802bfff619b00
ffeaa28a7ffe26b3d1fffd3b196
000000000ffd0202df000000000
000000000fff281be4000000000
000000000ff9b39e33000000000
000000000ff6f09e41000000000
000000000ffa9b7962000000000
000000000ff73f3cef000000000
000000000fff40da3d000000000
000000000ffc13fb30000000000
000000000ffd2c6876000000000
000000000ff7a6e40c000000000
000000000ff6d4e25a000000000
00000000000238797a000000000
000000000001fa7264000000000
000000000fffbea4ed000000000
000000000ffc651bf2000000000
000000000ffe3093b8000000000
000000000ffd0202df000000000
000000000fff281be4000000000
000000000ff9b39e33000000000
000000000ff6f09e41000000000
000000000ffa9b7962000000000
000000000ff73f3cef000000000
000000000fff40da3d000000000
000000000ffc13fb30000000000
000000000ffd2c6876000000000
000000000ff7a6e40c000000000
000000000ff6d4e25a000000000
00000000000238797a000000000
000000000001fa7264000000000
000000000fffbea4ed000000000
000000000ffc651bf2000000000
000000000ffe3093b8000000000
000000000ffd0202df000000000
000000000fff281be4000000000
000000000ff9b39e33000000000
000000000ff6f09e41000000000
000000000ffa9b7962000000000
000000000ff73f3cef000000000
000000000fff40da3d000000000
000000000ffc13fb30000000000
000000000ffd2c6876000000000
000000000ff7a6e40c000000000
000000000ff6d4e25a000000000
00000000000238797a000000000
000000000001fa7264000000000
000000000fffbea4ed000000000
000000000ffc651bf2000000000
000000000ffe3093b8000000000
000000000ffd0202df00036d962
000000000fff281be40000941f7
000000000ff9b39e3300026912a
000000000ff6f09e4100007ae86
000000000ffa9b796200010da30
000000000ff73f3cefffffd6501
000000000fff40da3d00002d9d8
000000000ffc13fb30000103e15
000000000ffd2c68760002d5ea7
000000000ff7a6e40c00035af5d
000000000ff6d4e25a0000f95d0
00000000000238797a0002e8ab3
000000000001fa7264fffe67ded
000000000fffbea4ed0002ebb5b
000000000ffc651bf2ffff70b13
000000000ffe3093b8fffe0cc44
000000000ffee8af0f0043189fc
000000000ffec6d1a800028f2b6
000000000ffacbfddd003b9ecff
000000000ff987b9bd001346198
000000000ffcd660e1000783c20
000000000ff8095c01000e3fdea
000000000fff1998090006e26f1
000000000ffcbf6067001b7c1f2
000000000ffee0a53a002ff0f1b
000000000ffa37a283004b2581d
000000000ff7c19e25fff9cd9b3
0000000000021d5950001fef870
000000000000a4909afff8e691f
000000000fff1fa8050031128fe
000000000ffc836fbeffe7aa355
000000000ffdeb50fdffec20d3c
fff5255b00007bf63c0039e9289
ffe94a591fff57c2f8fff4a88e2
007b24624ffd5cfecc0080a1ffd
fff0b0206ffd20a7e6fff902110
001ac4e32fffde0b8fffe126d51
002536c80ffbcd8969fff3f473b
ffec95dd7fff5670befffbcfb02
00455b353ffe3c8713001a53db8
fff5728a4ffe809c150039608c1
00008712bffe5cc2340042a64e0
ffc9fcef8ffb1112d1002f86dd4
0022015120014d3a4d0028ed40f
0001c1531fffb21279001272e5d
ffef4f486ffe5082a4001b90153
005233d260001a4bf7fff3c3c3f
ff9cfd237ffd2a5ea70018f59d6
ff7615640fffbd1f70fffdbd67e
ffea41789fffc6b7a40005e23ab
006db714afff0a1108005c988fb
000824348ffbf8fc21ffd5095bb
ffb5ba47effebdb8b9ffbe922a7
ffe2eee00fff880c4200137ae3d
ffbb7210f0001f55e6ffeae1cb0
00703fe94fff32c551fff005a31
ff5684c7fffe6ec9940025f782c
ffd444bf7ffdfedeb5002c96c5f
ff6624b77ffd94039100336682b
ffe7015b700041669cfff1c43f4
ffd8fba1100159654efff470bde
ffb068cffffdbb78ee0035e1ed0
00e479aea0014bf476ffc2f6c27
ffe82830efff9266110013bf135
ff80373fdffb9e1107000044382
ffe00f21bfffabd465ffff3f65d
006b111feffbab6af7004b07d72
ffb1129fbff7d5e1840023e65c6
fdff61259ff9a0861cffd43ff42
fffcdd0a2ffb17edbd000d6e503
ff8d87a1a0003e371bfff913162
ffdf4199cffd4871f1001544036
ff1b784bbffe53489c001f5e896
000676ee6ff869bc72004c5e151
ff6f0538effbfc2fc3000d3f6d2
ffb5c2e2f000e582e2000386794
ffa7e2aef0021757aa00254f35c
ff7284be70010a8c56fffc68fe9
012aa679affbd94843ffe3bd531
00da7647e001ab3a55000585494
ffea2a08dffbca055c0000210d2
ffc8f5ea7fff8a1d5bfffe2adbe
008b69596ffa771d720033448ff
ffc2c4984ff6e64452ffdb5753a
fdba289d3ff9f9cdd0ffdc17f21
007568b86ff5e78a1900126da5b
ffab92843ffed3705ffffa62bee
006540e09ffc67070ffff787663
ffa8aa184ffd0c0836fffa2f4d4
008fb2d1eff70b70a30018ae0e5
ffd2649a8ff70791fe0006ab679
ffebaaa3a0021374f6fffbf563f
ffb488e2d001e854260009a843b
ffb1f2a1a001c35163ffff85d57
001da9e87ff8f967cf000040c91
006fb9842ffdfae4e00016c5d37
ffd995e54ffd4af6cd000429f0e
ffe605384ffee83ec40004021d6
00097247dff931c05bffff0ac80
fff2d57c8ff5f4939b001a61b96
ff49ef273ffaede3f0ffe07e60c
004af499aff6b6b15700191ca8f
fffbe35a5fff2527570000203db
0056fb6a2ffbba4e7a0005be2f5
fff07a601ffcab30660012d4b9d
0049232e5ff7678bc4001d2f7d6
ffe504ffbff59030ae0009479a5
000591a870027cd252ffebf02a6
ffecb9f2a001c23aec00283072c
000f2e97effeaeea25ffe5ed7d8
ff9f611a5ffce18942fff223250
ffdce5637ffd690d40fff76145c
fff873af4ffd2956eb0007b1553
fffc18c04fff00986200000b94f
fff8d4c9eff97e7591fffc57298
fffb4ddd0ff6b3e861000f2bc26
fff43dc6affac74d26fffd160c1
000b0b688ff7818f4b000a13bc6
0002e366afff3d9a170003529e3
00091caa8ffc064314000367a30
fffb93d7effcfa56d80005c2bf6
000718c46ff79cb1b20007a39b3
fffeda84aff68f85a2000236388
0004bd8760023df652fffe1c915
fffdeb48c001ece694000facdff
0008c3b30fff5b6257fff7820e4
fff0886f6ffc98dbe0fffda39a3
fff5c005affe038062fffd01074
000000000ffd0202df000000000
000000000fff281be4000000000
000000000ff9b39e33000000000
000000000ff6f09e41000000000
000000000ffa9b7962000000000
000000000ff73f3cef000000000
000000000fff40da3d000000000
000000000ffc13fb30000000000
000000000ffd2c6876000000000
000000000ff7a6e40c000000000
000000000ff6d4e25a000000000
00000000000238797a000000000
000000000001fa7264000000000
000000000fffbea4ed000000000
000000000ffc651bf2000000000
000000000ffe3093b8000000000
000000000ffd0202df000000000
000000000fff281be4000000000
000000000ff9b39e33000000000
000000000ff6f09e41000000000
000000000ffa9b7962000000000
000000000ff73f3cef000000000
000000000fff40da3d000000000
000000000ffc13fb30000000000
000000000ffd2c6876000000000
000000000ff7a6e40c000000000
000000000ff6d4e25a000000000
00000000000238797a000000000
000000000001fa7264000000000
000000000fffbea4ed000000000
000000000ffc651bf2000000000
000000000ffe3093b8000000000
000000000ffd0202df000000000
000000000fff281be4000000000
000000000ff9b39e33000000000
000000000ff6f09e41000000000
000000000ffa9b7962000000000
000000000ff73f3cef000000000
000000000fff40da3d000000000
000000000ffc13fb30000000000
000000000ffd2c6876000000000
000000000ff7a6e40c000000000
000000000ff6d4e25a000000000
00000000000238797a000000000
000000000001fa7264000000000
000000000fffbea4ed000000000
000000000ffc651bf2000000000
000000000ffe3093b8000000000
000000000ffda5e9ff00208504c
000000000ffef2fc7400048a732
000000000ff9aa96030016f7e10
000000000ff8b83c510005ddf46
000000000ffbbc3d520008a0440
000000000ff7aabcaf0000f70dc
000000000fff2f448d000237c30
000000000ffc3de5a0000a413be
000000000ffddf7666001a13a06
000000000ff8b6966c00201c63d
000000000ff7541b2a000615255
00000000000246a17a0017ca441
0000000000011301c4fff3a8da1
000000000ffff9bd3d001af6943
000000000ffc6f5222fff8798a4
000000000ffe079538ffef6a6ec
fffd1c7d000041ddab003f78b34
fff9f4bf7fff052ff2fff90f65f
0020c5efcffcbd0888006eea727
fffbecc2affbc17471000f08206
00071fd5efff5d16b1fff8ac7d8
0009e7780ffa7f56d2fffe91422
fffad53e1fff1c2fcc00003bdaa
001275645ffd9d2cb70022f9afd
fffd3107cfff26bf91002a59102
000023f2dffcd0f7c7005a7aa91
fff1a00c8ff925a40d0007d8691
00090cd7e001c1ad82002f588a2
00007795700015b6dc000706b10
fffb8edaaffe2ab8750025052b3
0015e0a0affde342d5fff656b9e
ffe5a6281ffd2f1afb0004d34e2
ffdbae49700015f918001c1b037
ffdb2f861fffb58967fff960866
006b27326ffec577db008a045c1
001d4fc97ffc060d04ffce193a7
ffeae7d2cfff6fccd0ffc3ff424
000bb520cffdd67c93000b2eb81
ffde2c008fffe32855fff4fa325
009411e25ffed7bf5500027d227
ffb8ee1c2ffe7aa8af0020ac07e
fffa40ae3ffe57733b0041541bc
ffacffb88ffc78bf390029a1a4f
00115f307000b2891b0014257af
fff4f69bb0007f3ded000bb6d8d
000c27eecffd508b3e001bf5514
00a8bb08b001636664ffef20ff6
ffb6aed9effe87413f002783a23
ff71f4809ffc83f366001be0a6b
ffe2a142c00026ccf80007e8f80
005bc5329ffc1a03f400490abfc
0002deb33ffb16eebe001162724
fef3cc747ffadc24d5ffbac55bd
ffe84aeb9ffd23248a002b6d2e3
ffa9f264c0001c1a4efff4c94db
001a4d21bffe7c8f6b0008d6ab9
ff372c551ffca8d838003d9bc27
ffedc964fffa4fd687005580606
ff2d68d1bffd544b8700244f47e
ff892cfb40006e84c6ffe7994b0
ffcecf8690025019e20021fdb46
ffb4a395b001c937860019ea29d
012285adb000087f22ffbc230be
00607418c000969bcffffa90e5e
ffc0d1908ffc21bf3b000b4ce1f
ffda3a98cfff6634c6fffc1021b
00c043d2effa0e53910041cc009
ffd8d19a4ff8f131050012edf6a
fda1c4af3ff906a5f5ffdb7118d
002ae97c9ff8c1039e000604b24
ff8574e34fff873563fffc8f63e
000263f0affcaadf71000b291a5
ff8f90bdeffeba151300252fb4c
005c3601fff74455e200286b1a8
ff82d38fdff99d01b7002945d59
ffad65dcd0019b90fb000a53510
ff9abe68f002fbd7a900239f1b5
ff6a3c87d002c00111fffc4fef2
00d087cf3ffa224943ffebf90f4
00d7800c7000be6013000ec18e2
ffebce646ffc5c43e7ffe64bc1e
ffd6fdae8fffc02607000466611
00574dad6ffa18efa6001bcac97
fff44c932ff74e2a4fffe7489de
fe9a5539cff9c2713affdee9727
0061684a4ff4eb1923000c6d6b2
ffd0ea5fcfff263cf8fff1ff4b4
007a77862ffbea3c62fff1baa98
ffe928edaffdadf387fff8b7f73
008172c1aff77c5cd7000fc9180
fff7341a6ff6f4d8ec0005e69d1
000a0042e0026c5058ffec4fbe9
ffbae691800218bceafff66a972
ffe60610c0012a964400104aa57
ffc6b9be4ffb739cb3ffe828daa
001d50ca8ffe4a9d19000a66eb7
ffea6b744ffd36aafb000a9fabd
fff489940ffefd2512000049a82
ffedc5114ff96d9981fffad5ff3
fff41f880ff6a0e79100173a6b1
ffd8d1c9effac86d06fffa71165
0020a969aff765eaeb000f0c520
00075c548fff3ff5770004ae266
001c8d2acffbf54b4400054a616
fff4689c4ffd024ad800098cf97
0016e0872ff794fe82000c2d391
fffb63dbaff66c1a620003a2444
000bdc95e0024ab2b2fffc5a7ef
fff9604ee001ef7fd40017e61ba
001802bd2fff3c1ed7fff309bea
ffd1ccfc6ffcba44f0fffb708e8
ffe334572ffdfd4d22fffb3318e
000000000ffd0202df000000000
000000000fff281be4000000000
000000000ff9b39e33000000000
000000000ff6f09e41000000000
000000000ffa9b7962000000000
000000000ff73f3cef000000000
000000000fff40da3d000000000
000000000ffc13fb30000000000
000000000ffd2c6876000000000
000000000ff7a6e40c000000000
000000000ff6d4e25a000000000
00000000000238797a000000000
000000000001fa7264000000000
000000000fffbea4ed000000000
000000000ffc651bf2000000000
000000000ffe3093b8000000000
000000000ffd0202df000000000
000000000fff281be4000000000
000000000ff9b39e33000000000
000000000ff6f09e41000000000
000000000ffa9b7962000000000
000000000ff73f3cef000000000
000000000fff40da3d000000000
000000000ffc13fb30000000000
000000000ffd2c6876000000000
000000000ff7a6e40c000000000
000000000ff6d4e25a000000000
00000000000238797a000000000
000000000001fa7264000000000
000000000fffbea4ed000000000
000000000ffc651bf2000000000
000000000ffe3093b8000000000
000000000ffd0202df000000000
000000000fff281be4000000000
000000000ff9b39e33000000000
000000000ff6f09e41000000000
000000000ffa9b7962000000000
000000000ff73f3cef000000000
000000000fff40da3d000000000
000000000ffc13fb30000000000
000000000ffd2c6876000000000
000000000ff7a6e40c000000000
000000000ff6d4e25a000000000
00000000000238797a000000000
000000000001fa7264000000000
000000000fffbea4ed000000000
000000000ffc651bf2000000000
000000000ffe3093b8000000000
000000000ffd040be3000637276
000000000fff27730600010c8fd
000000000ff9b3817d00045ed0e
000000000ff6f646930000ded82
000000000ffa9f0f500001e8e10
000000000ff74092a7ffffb46ab
000000000fff40a257000052b48
000000000ffc14806e0001d7307
000000000ffd2ea1a400052428d
000000000ff7aa43b800061561f
000000000ff6d676c40001c41f0
00000000000238a67a000546291
000000000001f792b0fffd1c04f
000000000fffbf60c700054bac9
000000000ffc653c68fffefc2b1
000000000ffe301168fffc76d6c
000000000fff9925db003e03a86
000000000ffeb5495d000126d24
000000000ffb8b3cc60034d4339
000000000ff9b5c01c0012991e2
000000000ffd5901b100066abde
000000000ff837f98f000d4858c
000000000fff0f840c00059e679
000000000ffd0ac7810017fc690
000000000fff62b72d002bc2307
000000000ffafd8b94003fea0e0
000000000ff7f10849fffd9c8a6
000000000001ffb48e001982d7f
000000000000897e6afffad8164
000000000ffe849148002e21acf
000000000ffc8eede3ffe669017
000000000ffddf74dcfff06f47c
fff7b570d00080059e00248d3af
ffe6c54a6fff5d6391fff44dfb2
0070314f1ffd975478008758202
fffa82f7cffd03bf6dfff31e914
000dbb0bafffe17462ffdc8e7ab
001f1d65fffc2f754efff27ceae
ffea82b53fff80fd34fffc40aa6
005982a66ffe591757001ad2b22
ffe4c1177ffe630020002a1707a
ffffcd505ffed7d158004840200
ffc8e4340ffbd02385001dd24a9
0018e6a090011dff8a002aa220e
00052e863fff6f4ad8001452a1c
fff76bf4dffe065bfd000d356db
005ecc362000a5ee71000028c96
ffa6a12cfffd5b26c3001e6f0ba
ff7709a45ffdde34b3000a24ce0
ffe5d3941ffff1b0a9000577bc0
0073f2abeffd4f0c110068e8ae7
0005d38aeffb8935f5ffd6e1ea2
ff8b49954ffd7d3004ffb5e86dc
ffe92fcd5fff8f00ea001ee56de
ffb878019000324bd2ffeeee35b
0064a0e07ffea1b1f3fffc28953
ff506260bffceaa8d8002131d3a
ffd8acbd1ffc14a5a1004d9e0f8
ff4e8f172ffd68c2660019c6e80
ffd0e976600064c5befff347762
ffde870100019d373000061d82d
ffb40b6d0fff6c8bc00020fd783
00f92625f000dd8313ffd497839
fff613898fffaee48a0010194ca
ff8200321ffbbabe6e0023ea91d
ffdcf853bfffb9fa74fffdbc0bb
007ded42affb3f8fb9004914b50
ffc6a2f91ff895bd1c002d8beac
fde0aa9dbff97aceb5ffc8d2c8c
ffffd7cd6ffa0836a700213abf4
ff871d4bcfffc79e17000040399
fff518a59ffd46f2dd001a0b7fc
ff288af64ffe80629700365837e
0017f3193ff7720d350053f0fb7
ff6381f00ffa54facd001cb8d29
ffa9a4f3800142974afffbf7f50
ffa0ad987002e8a07a0043abecf
ff721efac0020ea250fff01a46d
0129ac580ffb17958fffdfa91f3
00dee8dc40012d113f0003712f3
ffeb3d070ffc30d13b00000da14
ffc5ca9d5fff9c16ad00006de19
008ed3a10ff9f6039a002bab1bb
ffd1525d3ff748d769ffee52e5e
fdc098f3cff9790706ffd362750
0075e8feaff51c00580017154e8
ffada9e74fff052c26fff956342
0061e8c61ffc0dc533fff7eb475
ffbb2a5feffd9eae4b0012d698e
009667c25ff7229fcd001598d07
ffd062ebdff6f9cbf90018ac2d1
ffee2477e0024e9c2fffed011a0
ffaa4273d0023fb9a30010d299c
ffc399804001b3492d0008d5dff
0028b2bf9ffa6ca84effe1e1670
0070b6496ffe68633d0010ec3aa
ffdfb6860ffd308c1dfff699f5b
ffe8017b0fff045da0000424fc8
000bed134ff93e1e770004aeaaf
00040e374ff670a0470017f081d
ff600d69fffa9976a2ffe5b012e
0045a4a79ff6c002bf000ca5529
fffa509defff3b65bbfffd5cc6b
00555d8fcffbc431fa00054ecdd
fffc722c6ffcfb66800014eb486
004f83bf6ff783c1d40016dcc34
ffe76d798ff63008ca0008853dd
fffad5b550026906aeffee584f7
ffe69f2af001e6ab2c001773505
00129952ffff3eaebffff56bf0a
ff9db689bffcc8457affe86aec8
ffe0166b2ffdda29e2fff8d19b1
fffe947ecffd10c57f0000c663f
ffff4405cfff1947740000012ab
fffea6c32ff99faac3ffffa19f8
ffff1ddb0ff6d9d5410001873fe
fffdc9b86ffaabec42ffffb4da5
000213e38ff758210f000103e1e
00008b186fff3fa1ed000055b0f
0001b6d18ffc0ed510000057cf0
ffff2b052ffd199de600009490e
000155c4aff7a3105c0000c501f
ffffc8ca6ff6bada1a0000390a8
0000e449a0023a88baffffcf4c9
ffff9bc94001f55ce400019441b
0001a6150fff99641dffff24ff4
fffd1721affc788802ffffc31cf
fffe12616ffe1fa8e8ffffb2bc4
000000000ffd0202df000000000
000000000fff281be4000000000
000000000ff9b39e33000000000
000000000ff6f09e41000000000
000000000ffa9b7962000000000
000000000ff73f3cef000000000
000000000fff40da3d000000000
000000000ffc13fb30000000000
000000000ffd2c6876000000000
000000000ff7a6e40c000000000
000000000ff6d4e25a000000000
00000000000238797a000000000
000000000001fa7264000000000
000000000fffbea4ed000000000
000000000ffc651bf2000000000
000000000ffe3093b8000000000
000000000ffd0202df000000000
000000000fff281be4000000000
000000000ff9b39e33000000000
000000000ff6f09e41000000000
000000000ffa9b7962000000000
000000000ff73f3cef000000000
000000000fff40da3d000000000
000000000ffc13fb30000000000
000000000ffd2c6876000000000
000000000ff7a6e40c000000000
000000000ff6d4e25a000000000
00000000000238797a000000000
000000000001fa7264000000000
000000000fffbea4ed000000000
000000000ffc651bf2000000000
000000000ffe3093b8000000000
000000000ffd0202df000000000
000000000fff281be4000000000
000000000ff9b39e33000000000
000000000ff6f09e41000000000
000000000ffa9b7962000000000
000000000ff73f3cef000000000
000000000fff40da3d000000000
000000000ffc13fb30000000000
000000000ffd2c6876000000000
000000000ff7a6e40c000000000
000000000ff6d4e25a000000000
00000000000238797a000000000
000000000001fa7264000000000
000000000fffbea4ed000000000
000000000ffc651bf2000000000
000000000ffe3093b8000000000
000000000ffd27aca9002acaab8
000000000fff1d23c1000580f7c
000000000ff9b7d548001e462f4
000000000ff74b30a600085f75e
000000000ffad7f657000aabfa0
000000000ff7558af700028490e
000000000fff3d13b600032e400
000000000ffc1e92fd000dce00c
000000000ffd5399510021e78f8
000000000ff7e2409c002a64d31
000000000ff6ef3b0d00066f0e7
0000000000023a4fae001d69c99
000000000001cc55f6fff12539d
000000000fffc55fee00231c3ff
000000000ffc6774b1fff4ff17a
000000000ffe283b36ffeb2128c
fffbccd10000372b840056df2c3
fff7366f3fff1b0203fffd1a04f
002fa636cffc713b17008355da9
fffa13392ffb30f87b000d7232c
000a5bb16ffd9c3c6e00005523f
000e66580ff8b47ba1fff2c66c1
fff87cd45ffefaa981fffdf39d7
001ad64b9ffde552610026a7493
fffbeaaecffef398a700418b7c6
000034441ffc2cc88000694e34f
ffeb19ae8ff8ddd8650021f5ceb
000d287b6001a337cc004baa661
0000addd3000f05bc2fff776f6d
fff98ab12ffeeb7c11003adba56
001fcecf2ffe838842fff66485c
ffd9b0265ffd9a16d3fff8eae8c
ffc9c35340002f967d001d77a42
ffdfb5ec2fff7024e7fff94b3cc
006b7ab92ffd6225f5009414228
0014085beffc1452f4ffc8e54c7
ffdf9a380ffdc9b2e4ffccbe50c
000412098ffcdd0bdcfff88dc6b
ffd670c6a000014454ffe7a535e
008a28c0dffe66f262fff67e886
ffa0b9c55ffe91b713001f152c6
fff17c99affe321d440031108ce
ff9f30799ffd214357005467a2d
000468323000ae03440023c863a
fff3f8e9a000d2076efff3ae88a
fff34090bffe45da8f0039222eb
00af9c04c00196341fffe7be54f
ffc11b64bfff2f99c2002c1cfaa
ff73f7ec4ffbc965350005dcde1
ffe0b64b9ffff479a50004ac5bc
005f10997ffb861822006e199b0
fff1e1f49ff93d58a1000097346
feb9aed4dffa0d15beffc194514
ffeb055a3ffc44d448002dadc48
ffa3192f7000420470ffeec0fbe
001b92b69ffd933683fffe8a68d
ff281c295ffd104373001d565e3
ffef4b4fbff943fd12005d74eb5
ff37d1379ffcd8887f0017ad6ed
ff9346c9b000b229b8fff689db8
ffcb7d5f800239e91600081c9b8
ffa66715d00187fb66003836f66
012b17ea6ffdee657cffb7fc994
0077d8b5e00100d3b7000fb7749
ffc168d50ffbc96a26000f9842f
ffd6707f9fff85bac1fffb5cd8e
00b1a9cf8ffa4ee8b7004a48409
ffca8f6e2ff7c2556d0002df4eb
fd8c2f82aff94b6fc6ffd4726c0
003b274dfff7090a5c000e3aea2
ff890bed5fff1eb9f4fffcbc9a8
000fed05cffca5bb770008d6de5
ff7dff520ffded4a5b001ac88ee
0063ecf0dff6b7cef4002fecc44
ff838e070ff7f3b4d200207adaa
ffa87225a001ddf721000916e44
ffa5c7da6002a641090026af434
ff6f9085d00265f81efff5f93b2
00b375a49ff977df96fff6ce666
00cc22ce7fff7a2b1a00141f3d7
ffe81879fffcd5d6a4fff133c82
ffd798a48fff45477f0004cfb18
00576e091ff9434daa00178e5ce
ffee51293ff6a1e734fff6aae9a
fe8bf7baaffa1a801affd5bba93
006246270ff57aca43001818d89
ffd29cc1efff1db813fff5b6363
007abd0edffba2a535fff6e239f
ffe5d117dffd249a60000395011
007c34f5aff74d98d1001a5db51
ffec48f12ff6199a28000a5bb61
0006e04570028ac832ffe6feff8
ffc4c3d72001ff5732000d7dfdb
ffe11b61a00020a8c5000024f1c
ffc4c2f4affc107b29ffe74bcd6
001aea373ffdcbada20005e964d
ffe7d86a2ffd352283000b0dcaf
fff302df4fff02dee60000b4d53
ffecc864cff9702895fffa6d7a0
fff384ad0ff6a3eed1001c487a6
ffd13ac83ffac0efdefff771cc5
0025207dbff74e3ad30011b3bce
0007c4baefff418ab3000509037
0021449f2ffbf0a45c0006916c0
fff393e54ffd0ebcc4000cd1d06
001af6665ff7939ac6000f9c0ef
fffa24455ff669ca920004d3ec8
000c63ddf0024f1042fffa54439
fff83b845001f30df4001cef283
001a53787fff40fd73fff0485c4
ffcb4092bffcbeef64fff8e7fe7
ffe0094c9ffe02e13efff9ceaf4
000000000ffd0202df000000000
000000000fff281be4000000000
000000000ff9b39e33000000000
000000000ff6f09e41000000000
000000000ffa9b7962000000000
000000000ff73f3cef000000000
000000000fff40da3d000000000
000000000ffc13fb30000000000
000000000ffd2c6876000000000
000000000ff7a6e40c000000000
000000000ff6d4e25a000000000
00000000000238797a000000000
000000000001fa7264000000000
000000000fffbea4ed000000000
000000000ffc651bf2000000000
000000000ffe3093b8000000000
000000000ffd0202df000000000
000000000fff281be4000000000
000000000ff9b39e33000000000
000000000ff6f09e41000000000
000000000ffa9b7962000000000
000000000ff73f3cef000000000
000000000fff40da3d000000000
000000000ffc13fb30000000000
000000000ffd2c6876000000000
000000000ff7a6e40c000000000
000000000ff6d4e25a000000000
00000000000238797a000000000
000000000001fa7264000000000
000000000fffbea4ed000000000
000000000ffc651bf2000000000
000000000ffe3093b8000000000
000000000ffd0202df000000000
000000000fff281be4000000000
000000000ff9b39e33000000000
000000000ff6f09e41000000000
000000000ffa9b7962000000000
000000000ff73f3cef000000000
000000000fff40da3d000000000
000000000ffc13fb30000000000
000000000ffd2c6876000000000
000000000ff7a6e40c000000000
000000000ff6d4e25a000000000
00000000000238797a000000000
000000000001fa7264000000000
000000000fffbea4ed000000000
000000000ffc651bf2000000000
000000000ffe3093b8000000000
000000000ffd0202df000000000
000000000fff281be4000000000
000000000ff9b39e33000000000
000000000ff6f09e41000000000
000000000ffa9b7962000000000
000000000ff73f3cef000000000
000000000fff40da3d000000000
000000000ffc13fb30000000000
000000000ffd2c6876000000000
000000000ff7a6e40c000000000
000000000ff6d4e25a000000000
00000000000238797a000000000
000000000001fa7264000000000
000000000fffbea4ed000000000
000000000ffc651bf2000000000
000000000ffe3093b8000000000
ffff32c20ffc753a3d00381fbd5
fffe52946fff6ab127ffff3f8fd
000918858ffa1f46860033ed520
fffede764ff48d9a70001504324
0001fa2ecff9451286000109f6b
0002bfb00ff6bcce03001694400
fffe90e2afff53e93a0008b334b
00051f792ffc0112a4001ad3065
ffff38758ffc710881002523529
000009fa2ff68dfefd0044c6751
fffc02ad0ff63bf1f4ffea65058
00028302c002151f0c000df478c
00002130600333016800048e05a
fffec4664fff22e78c0025449b6
000612624ffc6249d1ffe4dcb3f
fff8afc6affe645509fff4e2c02
fff1c9519ffd189ab7008586d02
ffe9e4ce4fffe97f9cfffcfc5fb
00541686bffb45c0f500b55110c
0004db14aff2bdeecb000bfc7f0
0001941feff5b4a71dffe84da0b
001286d79ff3a23eaf00097cc9c
ffec7aebdfff1f03d1000a68a5d
00528698cffd51ac56003bc1bd6
ffe05eb3dffbd31d3b0079d7342
fffe5bd79ff644572f009b1e0f5
ffceb3610ff651c760001c80372
00115473d0015a5853004aec334
ffff2f30b005afc9f9000c5b5ef
fffebb6cbfff8cdcab004915682
005b4ab2cffee8c450ffdc35e85
ffc04c0ddfff38d347fff52bdab
ff95ade4effd32d66000552cbfa
ffe8c307bfff0dcb5800019a200
00593a222ff72f195b00b4894a6
0000a23a7ff44b90abffe18548a
ff6fe846cff1026708ffb4835fe
ffeb5eb53ff146107bffecc9dbb
ffbbaf13efffa520acffe18c8ff
005525f9affca88e9d0009606e3
ff4cf5dd6ffc9a6d070082cf08b
ffe1a7537ff64934810054002e7
ff627c7ffff98db93c009b7e2c2
ffb8124ea00107edd100289e948
ffee4fa6e005c314d9fff97c307
ffb875447003137c21005d2e50e
00de92ab80004f6c88ffb3bedbe
0013d2ae800215bc09000e2a33a
ff97db41effb9d0606ffdd46488
ffe412d7bffe821b4cfffe8cf46
0074730beff42653ea00a6c9d4d
ffc009a65ff6757fa8fff5cd299
fde6210efff1dc3db7ffb255386
0003e1e64ff19c259e000ac20b7
ff9025006fffbb9ccdffd8b4efd
fff455ea3ffa696965fff185150
ff30d8245ffd5219fb002120ec9
001592790ff5f93df2004b34f29
ff610cd5fffa8f5d10004eb7c58
ff92f1e9a001e1b75cffff8d7ad
ffc4962d10036945ceffeef92c3
ff68e57ab005dd5461005e8942e
00fa74653ffb122389ff97f341e
00d39fa0e001c84c2200305208e
ffeadbc34ffc149a5dffe28457b
ffcba3759fff42939600017a5d2
0083180f7ff7c5a23f004785fa9
ffcc91a82ff6f90d0bffd35d36f
fddb7b782ff7ef0ddbffd0096ec
0070d4acfff371ca31001d672a4
ffb6976a0fff059fe3ffef0f068
00648d467ffaf7afa2ffe669cae
ffbbf1946ffce6c3cffff77d465
0087799b0ff7043a8e00181b406
ffcb924c0ff737948c000f77648
ffecdb3bf0028d2de2ffeb79dc9
ffc01a35a002142a5affef50b5d
ffbf0be34002bafdee002f2dde4
00131d3dfffa2bddf8ffceefc6a
005f097d5ffe14efe30021cd279
ffdca4dcbffd3e9b3bfffe72780
ffe87af8dfff038a9b0003af2f6
0003c5c1cff94d8652ffff94132
fffcfaaf4ff64b1b67001bb32da
ff69c7df0ffabf2d4cffe6bb9ac
00450643dff6b07861001002fdc
fffe61b75fff378344ffffe1a0e
0050fbd37ffbc0b81800072f00c
fff7eea88ffcfce665001576326
0047a8af3ff776d45b0017d5b10
ffe724ce1ff5ea538200085da40
ffffb6dfd00276a2deffef36b88
ffebf05b8001e34580001f456fe
00159ec87ffefe4e1cffed5cfb4
ff9defae4ffce4d039ffee7d3a2
ffdaa31a1ffdbf6303fff6fb3d4
fffdaa90affd16fc7f000234e88
fffecb0d2fff1308f4000003528
fffdc8967ff9974443fffef3440
fffe8c528ff6d03d4100045a110
fffc5d4bdffab2d942ffff2a058
00036a2e4ff7629c0f0002e4010
0000e49bdfff3f1e6d0000f4008
0002d1374ffc0caa100000fa080
fffea1f57ffd11b4660001a7090
000231b5bff7a173dc000230f88
ffffa542dff6afe41a0000a26c0
0001773330023b66baffff75538
ffff5b4b6001f338e400047f1a8
0002b5b58fff89b49dfffd90660
fffb37c73ffc80b582ffff52a08
fffcd4b75ffe188968ffff23fe0
000000000ffd0202df000000000
000000000fff281be4000000000
000000000ff9b39e33000000000
000000000ff6f09e41000000000
000000000ffa9b7962000000000
000000000ff73f3cef000000000
000000000fff40da3d000000000
000000000ffc13fb30000000000
000000000ffd2c6876000000000
000000000ff7a6e40c000000000
000000000ff6d4e25a000000000
00000000000238797a000000000
000000000001fa7264000000000
000000000fffbea4ed000000000
000000000ffc651bf2000000000
000000000ffe3093b8000000000
000000000ffd0202df000000000
000000000fff281be4000000000
000000000ff9b39e33000000000
000000000ff6f09e41000000000
000000000ffa9b7962000000000
000000000ff73f3cef000000000
000000000fff40da3d000000000
000000000ffc13fb30000000000
000000000ffd2c6876000000000
000000000ff7a6e40c000000000
000000000ff6d4e25a000000000
00000000000238797a000000000
000000000001fa7264000000000
000000000fffbea4ed000000000
000000000ffc651bf2000000000
000000000ffe3093b8000000000
000000000ffd0202df000000000
000000000fff281be4000000000
000000000ff9b39e33000000000
000000000ff6f09e41000000000
000000000ffa9b7962000000000
000000000ff73f3cef000000000
000000000fff40da3d000000000
000000000ffc13fb30000000000
000000000ffd2c6876000000000
000000000ff7a6e40c000000000
000000000ff6d4e25a000000000
00000000000238797a000000000
000000000001fa7264000000000
000000000fffbea4ed000000000
000000000ffc651bf2000000000
000000000ffe3093b8000000000
0001a41dc000000000ffffee5df
fff877288000000000ffffe95f3
fffabb40a000000000ffffa00ab
00005a4bc000000000ffffe0908
000859212000000000ffffb58bb
000381e68000000000000091a91
fff83e3fc000000000fffff2ef0
00001c33a00000000000000afb9
fffaabf3400000000000006248a
00099956a000000000fffe8cc69
00052542000000000000002d096
fff051800000000000000058bba
fff42924c000000000ffffd220e
fff48f948000000000fffff23bf
0004cb77c000000000ffffc2bf6
ffffb0336000000000ffff9f5e3
0001a41dc000000000ffffee5df
fff877288000000000ffffe95f3
fffabb40a000000000ffffa00ab
00005a4bc000000000ffffe0908
000859212000000000ffffb58bb
000381e68000000000000091a91
fff83e3fc000000000fffff2ef0
00001c33a00000000000000afb9
fffaabf3400000000000006248a
00099956a000000000fffe8cc69
00052542000000000000002d096
fff051800000000000000058bba
fff42924c000000000ffffd220e
fff48f948000000000fffff23bf
0004cb77c000000000ffffc2bf6
ffffb0336000000000ffff9f5e3
0001a41dc000000000ffffee5df
fff877288000000000ffffe95f3
fffabb40a000000000ffffa00ab
00005a4bc000000000ffffe0908
000859212000000000ffffb58bb
000381e68000000000000091a91
fff83e3fc000000000fffff2ef0
00001c33a00000000000000afb9
fffaabf3400000000000006248a
00099956a000000000fffe8cc69
00052542000000000000002d096
fff051800000000000000058bba
fff42924c000000000ffffd220e
fff48f948000000000fffff23bf
0004cb77c000000000ffffc2bf6
ffffb0336000000000ffff9f5e3
0001a41dc000000000ffffee5df
fff877288000000000ffffe95f3
fffabb40a000000000ffffa00ab
00005a4bc000000000ffffe0908
000859212000000000ffffb58bb
000381e68000000000000091a91
fff83e3fc000000000fffff2ef0
00001c33a00000000000000afb9
fffaabf3400000000000006248a
00099956a000000000fffe8cc69
00052542000000000000002d096
fff051800000000000000058bba
fff42924c000000000ffffd220e
fff48f948000000000fffff23bf
0004cb77c000000000ffffc2bf6
ffffb0336000000000ffff9f5e3
0001a41dc000000000ffffee5df
fff877288000000000ffffe95f3
fffabb40a000000000ffffa00ab
00005a4bc000000000ffffe0908
000859212000000000ffffb58bb
000381e68000000000000091a91
fff83e3fc000000000fffff2ef0
00001c33a00000000000000afb9
fffaabf3400000000000006248a
00099956a000000000fffe8cc69
00052542000000000000002d096
fff051800000000000000058bba
fff42924c000000000ffffd220e
fff48f948000000000fffff23bf
0004cb77c000000000ffffc2bf6
ffffb0336000000000ffff9f5e3
00099787e000371b7300043c5ae
ffef8b05efffd4956c0001ba88c
fff314420fffcd98000000f1607
fff7d2776000428703000108c5f
000ee00a00006be6a0fff7c1157
001c8a792ffff6f79d000ac6d5f
ffee1a274fffe7b521ffff56853
00086e5fc0003d7b5afffe7f7f1
fffea6bd2fffe53f0d0003fe6d7
0015bed2e0004a73ddfffd4322c
000c2beacfffcd58fe0014fd282
ffe1e6a0800063f37900084b9e4
ffdb16faefff7c1a1dfffceb5ea
ffe8014f0000045b3dfffb03665
fff4c3420fff98ff3bfff0dbc1a
ffe8afe08ffeebad21fffce031b
001d985660016f5732fffa56e92
ffe64e2ceffee6059cfffa51656
ffe695d66ffead904fffebfb9d0
ffee350bf002fffc4efff8546b8
0024087e600581ecf2fff29a202
0020b4502ffd9f360d0027abfa6
ffd88db67fff63c039000210904
003ee0a8b0040970a9fff1c4839
fffbe32ebffdeb9e3d0011acd64
003fedf58003a1dc7dffcdcd1f1
0038ac9d3ffca7ea2e00122ab15
ffaac8bd0002b98cd60015d285b
ffb153698ffd8a5fd000088fc1c
ffaf38dc4001f0f367000547008
fff53cb6bffdc2b92dffeb95134
ffbf97a2dff7ea2979fff39c65e
0015edd66ffda4fb8f003dcc5a6
ffebdb359fff025744fffb20662
ffd18a836fff825cb7ffe260961
ffed1612e004a03314ffef8bae9
00220f2c400747b1acffb1ed4e4
ffe3f6707ffcbdeac0009390b80
ffe32a9f8ffe26e165fff41e31b
00074185fffe76e3a2ffe26e2ce
ffef92a45ffdd773cd005fbfef1
00152ee53ffe71513eff6cce2af
0031c3b73000be5174007d59127
ff9dda2e80031da34b005aae158
ffa0aaf90ffd816365ffed3e0b2
ffb90b91dfff3a0ca1ffd6825a4
0021a9514004c90bf0ff8da1725
fff462b64ffd981c89ffbdfd575
ffdab2b7bffa7343d5ff65ce7fe
ffd7fbc44000559b90ffe6a5ad4
ffdfb4abd00091d497ffaff7174
0015aee0f00416c3bcffe245dac
0031a9b0a003acc47bffdae658c
000f057c8ffdb31fb3005dacf16
ffd48cf7affe5ee3bdfffc69db6
ffbfc937bffa06735afff732660
ffe20b40effcfc95860025cb6a2
002004940fff878a8afe8403d96
ffdece257001338efa000ae7ba0
ffd698ae90012feb840025096ed
ff967b75fffb15c6e500018fecc
ffd949df2fff9c6236ffe699398
0018b3344002840fc8fff0a1f36
00184205700407f405ffc01aacc
00043d198ffdd3f6b90025f39a6
fffc009bd0001c4aa3fff46f752
fffc5c10b0006ff8c3ffe4e1d34
fffcdfc0600176dd850035e7852
00047cc94000563d980008f4280
00013c283fff2895a000211b0f2
fffb8a0d9fff5b8b9bffe7dc278
0005027e5ffead707d004118d3a
fffdb64aeffee74eee000a289ae
0007abef20008a9b97ff57ba38a
0007c534300048f31cffbaf4c76
fff32ff3bfffdd3a01002d2af5a
fffb062f2ffe4949a10023a42ec
fff6e0c5800019f19c000577099
00031c61ffff9586ab002bf0c49
fffcddf5000150482affd3da5d9
0001a41dc000000000ffffee5df
fff877288000000000ffffe95f3
fffabb40a000000000ffffa00ab
00005a4bc000000000ffffe0908
000859212000000000ffffb58bb
000381e68000000000000091a91
fff83e3fc000000000fffff2ef0
00001c33a00000000000000afb9
fffaabf3400000000000006248a
00099956a000000000fffe8cc69
00052542000000000000002d096
fff051800000000000000058bba
fff42924c000000000ffffd220e
fff48f948000000000fffff23bf
0004cb77c000000000ffffc2bf6
ffffb0336000000000ffff9f5e3
0001a41dc000000000ffffee5df
fff877288000000000ffffe95f3
fffabb40a000000000ffffa00ab
00005a4bc000000000ffffe0908
000859212000000000ffffb58bb
000381e68000000000000091a91
fff83e3fc000000000fffff2ef0
00001c33a00000000000000afb9
fffaabf3400000000000006248a
00099956a000000000fffe8cc69
00052542000000000000002d096
fff051800000000000000058bba
fff42924c000000000ffffd220e
fff48f948000000000fffff23bf
0004cb77c000000000ffffc2bf6
ffffb0336000000000ffff9f5e3
0001a41dc000000000ffffee5df
fff877288000000000ffffe95f3
fffabb40a000000000ffffa00ab
00005a4bc000000000ffffe0908
000859212000000000ffffb58bb
000381e68000000000000091a91
fff83e3fc000000000fffff2ef0
00001c33a00000000000000afb9
fffaabf3400000000000006248a
00099956a000000000fffe8cc69
00052542000000000000002d096
fff051800000000000000058bba
fff42924c000000000ffffd220e
fff48f948000000000fffff23bf
0004cb77c000000000ffffc2bf6
ffffb0336000000000ffff9f5e3
0001a41dc000000000ffffee5df
fff877288000000000ffffe95f3
fffabb40a000000000ffffa00ab
00005a4bc000000000ffffe0908
000859212000000000ffffb58bb
000381e68000000000000091a91
fff83e3fc000000000fffff2ef0
00001c33a00000000000000afb9
fffaabf3400000000000006248a
00099956a000000000fffe8cc69
00052542000000000000002d096
fff051800000000000000058bba
fff42924c000000000ffffd220e
fff48f948000000000fffff23bf
0004cb77c000000000ffffc2bf6
ffffb0336000000000ffff9f5e3
0001a41dc000000000ffffee5df
fff877288000000000ffffe95f3
fffabb40a000000000ffffa00ab
00005a4bc000000000ffffe0908
000859212000000000ffffb58bb
000381e68000000000000091a91
fff83e3fc000000000fffff2ef0
00001c33a00000000000000afb9
fffaabf3400000000000006248a
00099956a000000000fffe8cc69
00052542000000000000002d096
fff051800000000000000058bba
fff42924c000000000ffffd220e
fff48f948000000000fffff23bf
0004cb77c000000000ffffc2bf6
ffffb0336000000000ffff9f5e3
0001a8314000000000fffff309f
fff8724a8000000000ffffeecb3
fffab7cc2000000000ffffa3dbb
000055ad4000000000ffffeac48
00085c082000000000ffffa03bb
00038f3d80000000000000abf61
fff839044000000000fffff1640
00001fb420000000000000074f9
fffaae8ac000000000000067fea
00099e8f2000000000fffe92729
000528400000000000000068876
fff04ab2000000000000006b38a
fff41b1ec000000000ffffd1f1e
fff48a328000000000ffffe80af
0004c1fb4000000000ffff9ca96
ffffa399e000000000ffff9c313
00161741a000f9dd98000d00936
ffe2d7476fff5b054e000042510
ffe2e9970fff079ac800003bdc5
ffebf65540013cb0cefff5a4e95
001e11884002470dbdfffa86d78
00405e1aafff93bb020008c75c3
ffdd16292fffad0821ffff612b5
001ea06ba001826a89fffe613a7
000005c8cfff6ec59400088773b
0034a5c4a001a4c3a9ffef59b08
001dbfc0effebd1626000815437
ffc4103c4001c5b2ef0009e1b6a
ffbc14d7effde49592fff24ffa8
ffc8ef08400089850afff7d6931
ffe67132affe32561efff31a514
ffc9eae26ffb2dad83fff762e53
0026c5092000d9b0570001c0f02
ffde41947ffdd91209000410790
ffe80e1d0fff2a6cabfff35f3bc
ffe7fcbcd005d45188fff71da06
003056b2b009411778ffe69ee24
fff104043ffab1b246001d733db
ffcbabed2ffe2cb481ffff4b424
006d47d0d0057f1028fff9e018e
fff7a4fb5ffb85cb3a00112af0d
005cef399004208234ffcc45d17
00603dabdffbb12204003cd9a5a
ff765052000366cd9c001daecdf
ff9e3bc8dffd6dcabbffdd6b1ac
ff863253a001f6e942ffedfb665
001366a1afff90ea1affd4c2fdf
ffb9ca349ff56753f5fff0684fe
000c08449ffc63e05d002b6bb37
ffcdb32f5fff2129fafffcb94e7
ffa87a6f9ffff78749ffdb2896d
ffe68cfc6006f09d32ffb63dfba
0045c99ef009f0bc33ffaffa4a7
fffa51d57ffbcb8a32008ab4e8f
ffc685195ffde6982bffff181c2
ffbedea73ff959030fffe3c5d7a
ffd288f78ffc58ce40003d15597
0028fb63dffe080cf6ff20ed66d
0022751c20016ba8f6008cc845a
ff70813fe0039ce3c700790f7df
ff6ecfc30ffd0f54c1ffb039fb0
ffa0b9663ffe7ee35cffce314c7
003ea9861007184483ff66886cc
000f8d6d80001c9702ffb56f4af
ffde2ed02ff90b643cff5afe1ec
ffcb58e1d0000bf997ffdeb5058
ffec106bd0016ba5f2ff7d57558
00335686b005fe657bffe29b3ae
00380ad3a002cd2adbffd6fef19
0023bae39ffd2a7c8c0071280ed
ffcf1de94ffda43505fff61582e
ffc1bfbd8ff98b2006ffe7efb3d
ffd500803ffd0d0833001bf37a0
002055d8dfffff9152fe166bb6d
ffde177d4002b62952000927f2d
ffd36942c000465fcd0052b5cc3
ffa29b180ffbab9398fff69d254
ffdc6b97effefc7123ffe492db5
0016b312100101a05ffff9eae69
0025a230a00457500cffba3ca28
0004405b4ffda889fd0026eafa8
fffc4dca4ffff1fbabfff22e4ae
fffc20840000b0c9e0ffde8c55d
fffc29dfc001c9e4a1002aa600a
000459046fffd7e3b4ffff6f169
0000a56a8fff16e71600208e149
fffb9b186fff232b8effe72b3cd
0004c7ac8fff3e7009005697ad7
fffe3246efff2c51ab0003f596a
00079459a00097082cff3a5726f
0007a4288000c38432ffaece04c
fff33042cfff8774ba002df3e95
fffac6008ffec53d09001450745
fff6d34b8fffe71cd500111a5be
000321e9efff04d15b00294e957
fffc83aa0000f9694cffcce6400
0001a41dc000000000ffffee5df
fff877288000000000ffffe95f3
fffabb40a000000000ffffa00ab
00005a4bc000000000ffffe0908
000859212000000000ffffb58bb
000381e68000000000000091a91
fff83e3fc000000000fffff2ef0
00001c33a00000000000000afb9
fffaabf3400000000000006248a
00099956a000000000fffe8cc69
00052542000000000000002d096
fff051800000000000000058bba
fff42924c000000000ffffd220e
fff48f948000000000fffff23bf
0004cb77c000000000ffffc2bf6
ffffb0336000000000ffff9f5e3
0001a41dc000000000ffffee5df
fff877288000000000ffffe95f3
fffabb40a000000000ffffa00ab
00005a4bc000000000ffffe0908
000859212000000000ffffb58bb
000381e68000000000000091a91
fff83e3fc000000000fffff2ef0
00001c33a00000000000000afb9
fffaabf3400000000000006248a
00099956a000000000fffe8cc69
00052542000000000000002d096
fff051800000000000000058bba
fff42924c000000000ffffd220e
fff48f948000000000fffff23bf
0004cb77c000000000ffffc2bf6
ffffb0336000000000ffff9f5e3
0001a41dc000000000ffffee5df
fff877288000000000ffffe95f3
fffabb40a000000000ffffa00ab
00005a4bc000000000ffffe0908
000859212000000000ffffb58bb
000381e68000000000000091a91
fff83e3fc000000000fffff2ef0
00001c33a00000000000000afb9
fffaabf3400000000000006248a
00099956a000000000fffe8cc69
00052542000000000000002d096
fff051800000000000000058bba
fff42924c000000000ffffd220e
fff48f948000000000fffff23bf
0004cb77c000000000ffffc2bf6
ffffb0336000000000ffff9f5e3
0001a41dc000000000ffffee5df
fff877288000000000ffffe95f3
fffabb40a000000000ffffa00ab
00005a4bc000000000ffffe0908
000859212000000000ffffb58bb
000381e68000000000000091a91
fff83e3fc000000000fffff2ef0
00001c33a00000000000000afb9
fffaabf3400000000000006248a
00099956a000000000fffe8cc69
00052542000000000000002d096
fff051800000000000000058bba
fff42924c000000000ffffd220e
fff48f948000000000fffff23bf
0004cb77c000000000ffffc2bf6
ffffb0336000000000ffff9f5e3
0001a41dc000000000ffffee5df
fff877288000000000ffffe95f3
fffabb40a000000000ffffa00ab
00005a4bc000000000ffffe0908
000859212000000000ffffb58bb
000381e68000000000000091a91
fff83e3fc000000000fffff2ef0
00001c33a00000000000000afb9
fffaabf3400000000000006248a
00099956a000000000fffe8cc69
00052542000000000000002d096
fff051800000000000000058bba
fff42924c000000000ffffd220e
fff48f948000000000fffff23bf
0004cb77c000000000ffffc2bf6
ffffb0336000000000ffff9f5e3
0003844240000818d30000a3967
fff63d118ffff99eec00009449b
fff920562ffff8980000001e1dd
fffe3ca5c00009c6630000ffaa0
0009b22820000fdaa0fffd118db
0009a0588ffffeac3d0003d419b
fff5d6ffcffffc6e41ffffc089a
0001bdcca00009089affff97421
fffbd8964ffffc11ad000125526
000c071520000af07dffff13331
00068a378ffff88ebe00077ceb2
ffed2c2900000eaf990002b0de4
ffedc04fcfffec9ebdffffa2340
fff20dcb800000a3ddfffe98ced
000078f5cffff0dd9bfffafea2a
fff9ebe86fffd76641ffff25e79
001284ba200201c8270001a96cc
ffde96fc8ffee2559efffd8daf2
ffe414778ffe250d73fff78fb5d
ffedf12de002d5b55bfffc579f3
002b2755e00559d45afff981b19
002e5382cffe163b500012eeda9
ffd3b33bafff6a887a0000d585b
004350888004011fa1fff976b23
fff67582effe3887d20009f401d
005a8ea4c00447ef30ffec7ade8
003281f7cffc8c5a1c00089451c
ffabb9ff800319fbf9000a5e4a8
ffc08b5ccffd063d61000363d32
ffa9929680022b89fa00028a0b5
fffdb1006ffcb19590fff5c9be8
ffcafa29cff6ca7eaefff9dc1c7
002af3cd7fffb6fdc1001e745c4
ffd25a930ffd7dde44fffc87534
ffcbbad8bffee8f57cfff2bc030
ffd882f1a008286882ffeda99a0
003a8ecd400cdcb9ceffe0f5991
ffe988aa6ff8d342cf003bb1b74
ffc8f84d4ffcf63e58fffabf052
0049d0ffc004355767fff33d3b7
ffe9001ccffa89d9ec002d089ce
00639d05f0039d4b65ffb0b1507
0062e9c1dffc8d269600293b010
ff5609c0000483d4b300263a559
ffb0610e6ffd7ffa1dffecaf0bc
ff7f2bd40001f713f6ffe97af26
003b595ea0026bd275ffd25354e
ffe5fe116ff509883effde98390
000a9abcbff95d131500362aa0e
ffb6bfc6afffaa990afff605900
ffaefd5e9000b3a4aaffb03970c
000437c56008965d93ffbad0a83
0054abc0c00ac7de45ffb145cf8
002141bc2ffb3bb92c0097be186
ffb80413fffcf56af1000086ae2
ff8c19fe6ff5118262ffdb4699b
ffc5f38d5ffb4de6d20084c4730
0028ba009ffe286369fef9b4021
00016ea4d002e2dd940070ba4ae
ff6ecc3ef0036727f2006bdfaa9
ff85983c2ffb9c5f45ff99fc499
ffaf6e43effe90dc5affe1cc978
0040c71f4007b28a89ff8854520
002fc8744003ca9b61ffa38f876
ffee2e9b4ff85312a9ff6ebf4f7
ffd0705e50001a62baffde617db
fffe18206001e52519ff696eb06
003c19d9800666756affd41db38
002c73842001b77c42ffb69884e
0029edd35ffd3afdc90073b1211
ffd869808ffd396ff0fff76cca5
ffd647832ff98f4e78fff74ba6d
ffd964943ffd39940700481e48e
00170c040000de67e6fe30e37e5
ffe7aa9410035da8f2000ec950c
ffdc20297fff83bdad003747bff
ffcc425aeffbed0368ffc84c0d1
ffe99d84cfff391292000048656
000d8e298fff4e80c8fff66050e
0023efb29004b4b819ffb440bf3
0004405b4ffe037d5a0015444f1
fffc4dca4fffdceab3fff4d8897
fffc20840000d15ce8ffe70a381
fffc29dfc0017f32ac000de11dd
000459046fff6c9b77ffee39a20
0000a56a8fff5bc96000154408e
fffb9b186fff1c7789fff0187dc
0004c7ac8fffe867250064bc65a
fffe3246efffa42060000ebaef0
00079459a0008b3a2cff53caaea
0007a4288001065c14ffb86a914
fff33042cfff554d47000d1ee33
fffac6008fff6be2b1fff228e43
fff6d34b8fffdb90cb001e90052
000321e9effea2c3a10017d356b
fffc83aa0000869a69ffcbae607
0001a41dc000000000ffffee5df
fff877288000000000ffffe95f3
fffabb40a000000000ffffa00ab
00005a4bc000000000ffffe0908
000859212000000000ffffb58bb
000381e68000000000000091a91
fff83e3fc000000000fffff2ef0
00001c33a00000000000000afb9
fffaabf3400000000000006248a
00099956a000000000fffe8cc69
00052542000000000000002d096
fff051800000000000000058bba
fff42924c000000000ffffd220e
fff48f948000000000fffff23bf
0004cb77c000000000ffffc2bf6
ffffb0336000000000ffff9f5e3
0001a41dc000000000ffffee5df
fff877288000000000ffffe95f3
fffabb40a000000000ffffa00ab
00005a4bc000000000ffffe0908
000859212000000000ffffb58bb
000381e68000000000000091a91
fff83e3fc000000000fffff2ef0
00001c33a00000000000000afb9
fffaabf3400000000000006248a
00099956a000000000fffe8cc69
00052542000000000000002d096
fff051800000000000000058bba
fff42924c000000000ffffd220e
fff48f948000000000fffff23bf
0004cb77c000000000ffffc2bf6
ffffb0336000000000ffff9f5e3
0001a41dc000000000ffffee5df
fff877288000000000ffffe95f3
fffabb40a000000000ffffa00ab
00005a4bc000000000ffffe0908
000859212000000000ffffb58bb
000381e68000000000000091a91
fff83e3fc000000000fffff2ef0
00001c33a00000000000000afb9
fffaabf3400000000000006248a
00099956a000000000fffe8cc69
00052542000000000000002d096
fff051800000000000000058bba
fff42924c000000000ffffd220e
fff48f948000000000fffff23bf
0004cb77c000000000ffffc2bf6
ffffb0336000000000ffff9f5e3
0001a41dc000000000ffffee5df
fff877288000000000ffffe95f3
fffabb40a000000000ffffa00ab
00005a4bc000000000ffffe0908
000859212000000000ffffb58bb
000381e68000000000000091a91
fff83e3fc000000000fffff2ef0
00001c33a00000000000000afb9
fffaabf3400000000000006248a
00099956a000000000fffe8cc69
00052542000000000000002d096
fff051800000000000000058bba
fff42924c000000000ffffd220e
fff48f948000000000fffff23bf
0004cb77c000000000ffffc2bf6
ffffb0336000000000ffff9f5e3
0001b570a0000000000000010df
fff862790000000000ffffff0f3
fffaac918000000000ffffaf4eb
000046aa2000000000000009608
00086576e000000000ffff604bb
0003ba9840000000000000fadd1
fff82802e000000000ffffecc30
00002b15c000000000fffffc4b9
fffab6f7200000000000007920a
0009af86c000000000fffea3769
000531f9800000000000011b016
fff0349480000000000000a2afa
fff3ed8b4000000000ffffd164e
fff478b40000000000ffffc977f
0004a326a000000000ffff2a676
ffff7aa70000000000ffff92aa3
000c75c3800087067f00050c3dd
ffed1ad78fff9a4dca0001cbaa5
ffefe7796fff8193c80001b522f
fff54af2c000a537c5ffff38616
001178e9c001162a7dfff71fa83
00243cfe8fffdffa2b000ba7189
ffeae15e8fffc8789effff2a542
000bf10d4000a6761bfffe7f439
ffff62abcfffbaeead00040b91c
001a84e32000c2a5f2fff9b2e0f
000f4d82efff76306c0016179a6
ffdc72e46000f4fa240009bcdca
ffd3fb832ffec56f3bfffb275d2
ffe2a967e0001bfa53fff8fb47f
fff0c32d6fff04686dffeec8116
ffe1d4a02ffd5dac40fffba0597
000f9ab430020465aafff031f9e
ffd524530ffe154296fffd33974
fff85e92dffe98b964fffae5465
ffecffeff005564b9bfff33d9ef
003045ff4008f3256afffc7ccb0
0003310eeffb06a51a000c5b16b
ffc777591ffeab5964000016775
006e46fdb00683c30afffc86d1f
fff699453ffbbaba69fffc4ce31
00709b65d005ec2434ffc94afae
004af2ff4ffa8a8e460004230cb
ff8fda14e003611a5f000d1004a
ffa62b4f4ffdacbcebfffc66466
ff93b87f800327cd50fff613fc1
000951c75ffd92d9fdfff522764
ffb9a3d7dff43f9e9efff6a5273
00190d3ebfff09f29800280c328
ffcd3f411ffdfe938f0000d70ee
ffc46d0dfffec86485ffe4063cb
ffdb7c8f7009d3b7380004495da
00446d1ca00eb3faa2ffd9e6f0d
ffce64fb7ff7fee9e9004c83cbc
ffc4c4eb8ffc9ffbbffffc00e8d
000b50f18ffe8d1657fff0fc2f2
ffcac85bbff9eff0d1002f9866d
0054a0c4a00359a2c0ffbb353b7
0055af3c9ffe1bddb8005236517
ff51a753300459efc4003d7d2f8
ffa0d6cd4fff6f74d9ffeef13af
ff882de2d001d6c2a6fff4a8666
005ae3449005723d84ffc1931fd
000420317ff8e56cb9ffe1f69ab
ffede98c7ff790a6f5fff99c874
ffac3920b000157daeffe567b5e
ffbed4c6100216e7e6ffadff9f5
00279c4a2009034a31ffb13a0de
0055c63cd007ac3c2cffb10bc5c
004ad7079ffc1fe54500af61ed8
ffbb194c6ffc07bcdeffff2f421
ff871d625ff31e499dffcd0b63a
ffac8b387ffc819553006310eed
002f4e900fff089601fec777023
ffebe52fe005cdcd3c0047181d0
ff980584c00141ec2c0064ca232
ff968b14effd5daa1affe4f50df
ffc711c39ffe87ddc8ffeb0fcf9
0036f8f46004dd3d9eff96c3716
0046902bd006adf522ffa9e2a80
00012224aff8f72dcfffb2cd2bd
ffe2e2148000006002ffe050f01
000e76a1d00283021fff8423570
0031faf27005a6ffe1001e968d0
00158e51dfff6087f0ffcb6857c
002221178ffe0b4b610083eb1f6
ffec3a9b6ffd11919effe74fd1f
fffbd9703ffba75925000727946
ffe654918ffe7256b8007a07942
000aff293001d83374fe6b57868
fffc7ad50004027f78fff3e02bc
ffecaceb6ffe404391002efb796
fffce9f19ffdb8b725000b5c2f9
fff89877ffff8773cafff70d3c3
0001e3d42ffc81fa1e001cb7a0d
001544f85003c70540ffa79d6d7
0002338deffeea74f90007362e6
fffb71b96fffc18b26fff95f552
fffa360b6000c953e2fff4c5132
fffbec407000e1a70b000697688
0005bd400ffefea8c1ffec798d0
0000c3810fffca1eb6000e0705e
fffaaa4bbfff4695ebfff746c52
000336051000d122160057e311a
fffcd19cb00051bd6f001f794da
0008e93ff000589d32ff86a997a
00070d0b30012740d6ffccb49f6
fff26d8ebfff36ec55fff3482e6
fff643170000705912ffeae758c
fff55a9e2fffc5d956001b33615
00042d0a4ffe7694c0000e98feb
fffd213d6fffc7fdbbffd1b6d17
0001a41dc000000000ffffee5df
fff877288000000000ffffe95f3
fffabb40a000000000ffffa00ab
00005a4bc000000000ffffe0908
000859212000000000ffffb58bb
000381e68000000000000091a91
fff83e3fc000000000fffff2ef0
00001c33a00000000000000afb9
fffaabf3400000000000006248a
00099956a000000000fffe8cc69
00052542000000000000002d096
fff051800000000000000058bba
fff42924c000000000ffffd220e
fff48f948000000000fffff23bf
0004cb77c000000000ffffc2bf6
ffffb0336000000000ffff9f5e3
0001a41dc000000000ffffee5df
fff877288000000000ffffe95f3
fffabb40a000000000ffffa00ab
00005a4bc000000000ffffe0908
000859212000000000ffffb58bb
000381e68000000000000091a91
fff83e3fc000000000fffff2ef0
00001c33a00000000000000afb9
fffaabf3400000000000006248a
00099956a000000000fffe8cc69
00052542000000000000002d096
fff051800000000000000058bba
fff42924c000000000ffffd220e
fff48f948000000000fffff23bf
0004cb77c000000000ffffc2bf6
ffffb0336000000000ffff9f5e3
0001a41dc000000000ffffee5df
fff877288000000000ffffe95f3
fffabb40a000000000ffffa00ab
00005a4bc000000000ffffe0908
000859212000000000ffffb58bb
000381e68000000000000091a91
fff83e3fc000000000fffff2ef0
00001c33a00000000000000afb9
fffaabf3400000000000006248a
00099956a000000000fffe8cc69
00052542000000000000002d096
fff051800000000000000058bba
fff42924c000000000ffffd220e
fff48f948000000000fffff23bf
0004cb77c000000000ffffc2bf6
ffffb0336000000000ffff9f5e3
0001a41dc000000000ffffee5df
fff877288000000000ffffe95f3
fffabb40a000000000ffffa00ab
00005a4bc000000000ffffe0908
000859212000000000ffffb58bb
000381e68000000000000091a91
fff83e3fc000000000fffff2ef0
00001c33a00000000000000afb9
fffaabf3400000000000006248a
00099956a000000000fffe8cc69
00052542000000000000002d096
fff051800000000000000058bba
fff42924c000000000ffffd220e
fff48f948000000000fffff23bf
0004cb77c000000000ffffc2bf6
ffffb0336000000000ffff9f5e3
000552b410000e47de0001f97bb
fff41f600ffff4bfb80001aae0f
fff78b923ffff2f0000000f3850
fffc38923000113d7e0002a450c
000b05ad40001bf640fff8be02b
000f79df6ffffda8c200092b8e2
fff388eb9ffff9b46affff6bfc9
00035ba730000feec4fffedaa9d
fffcef7dbffff91122000277cb8
000e6d6c9000134b42ffffb1845
0007ec502ffff2dfac0013633ec
ffea1bd1800019e6da00069acfb
ffe7ad2bcfffddd1c2ffff1a5b3
ffef91fd0000012102fffc44aba
fffc68307fffe54eaefff31f228
fff46ff9bfffb8646afffe42ab2
0016b3d3300195ee6bfffd738e1
ffe814794ffee88111fffe8cdaf
ffe7e6581ffe62776cfffff088a
fff0b00870024fbcdffff1f4f2f
001efb71100454a328fff47a721
00282c5eeffef1b4470018b4f4a
ffde4d745fff758ba6ffff3cee7
002cc3ae4002f1fa9ffffa7ceec
fffc26261ffed331f20002c8e6e
0036cbc0d002f13b47ffcf9b5ee
0028e09d5ffd91a7bc00155c6e0
ffbd297e10030e175f0014a91e2
ffbfcd0a3ffc84a0c2fffbc6eda
ffc00e673001249233fff11e51b
fff32bca0ffd1932caffe4e0cd3
ffcc10c25ff7b8b074fff2ad21b
00153d8df00028bd59ffee5be96
ffd74d9e4ffd311073fffa59896
ffd9c938ffff6081c1ffe5c669f
ffe72627900867e37f0004cec32
003afe5a700cda47f4fffdc6350
ffec6f414ff7d063b8001867d3a
ffc8669dbffd246671fffd41bf3
006132e7a0066a80d3fffa53c76
ffe9c79dfff95b26a1000b54add
0071f5542004cc8c28ffa9c59f5
005905ab5fface07fe0000de316
ff705f4fe003e6a0c00015f1705
ffa52d405ffdd0d610000418ea5
ff7d3c2510027c5c54fffc0422e
002f5641b001a175e00002d1843
ffd9000aeff40e02fafff1c2cfd
000e48d9cffcaaec4b00416985b
ffbe649c3fff0011edfffdc6bc1
ffadba262fffe23d39fff4c6d53
ffe44345100ac669eaffd9894c1
0049e6f3b00e71072effda18114
fffe1b72bff8051b4900414c8ef
ffc09d9c5ffcb36143fff8989c0
ffb50c78bff6d93445fffe4f383
ffd011d14ff8cabaec00306b687
0039576340028b1bd0ff9166406
001c9637ffffbd4ba4002c2fac9
ff634a3bc0032a95f7003bc2e40
ff94a3babfffa01ecbffcb75cd3
ffa5a6f8a0010be40cffdf66beb
004fafb17007c459a9ffbe66c12
00289b9980003a32daffcf01257
fff48bdc9ff83f319dffe23696d
ffc1509120000d7228ffefc3fd7
fff113809002e4326cff903204c
003bf3b21008601819ffc40f198
003d962660032c0040ffd6eacbf
0037a6f1cffdc5a26b0054ab561
ffc906316ffc211de8000760577
ffa7f5467ff3f62c36ffdf3ea2d
ffca33b60ffe6ea72a005d4d961
001938f8b000424cdefeeb7e088
ffe0390490075e7b7e002320848
ffc22fdfcfff291dfc003efbf36
ffc41e083fff9da401ff9efdaa5
ffe38166effe211aca00030f93a
001a2fb4900066753affdc12af6
002fae446006883977ffc233635
00023a04dffab27d66ffe20360a
fff401fddfff68ce71ffeadb2ea
000569d680030f269bff9e0c5f7
00141712000485b89bffe88570e
000793039ffda47bdeffc2f7fd6
0011ab8e3ffeb2bc04004166013
fffa5aa9affd5f7aedfff4577a9
000f6d01efffb8dccc001aad65b
fff0cb295fffcd821700357c410
0009e2bc900183aa09ff0dfbd93
000aa68cf003fac260fff26857d
fff659ba1ffd7e36cd001cb257c
0001748b5fffe3fce1ffcb3ad21
fff92cdc5fff0fca6e001c9ac9e
0000a7044ffb10ae8f000261a9f
00066f2f60012d7410ffd04afbc
0001aa8eefffc5d004fff9f8c04
fffa250f7fffbeef6ffffd8f368
fff9aad100003c2f1ffffd45c77
fffcd7bfd000a2543afff0205bf
00075a058fff73f369ffea1693e
0000d793dfffbe450e0000c4c5a
fff8fa363fffc1e1f8000073d4b
fffff0f6d000a34fbd0038fbef8
fffcbe4060003bddfd0013f83f8
000937b9f00004474bffc9af400
00051c67c0008e4ca2ffe8e040e
fff0c466efff9c7c4cffe7e5468
fff37708800096e355ffde5f92c
fff475a6afffa2e32e00180229b
0004cc992fff74b621fffca154a
fffdea319fff8c8b51ffe6764c6
0001a41dc000000000ffffee5df
fff877288000000000ffffe95f3
fffabb40a000000000ffffa00ab
00005a4bc000000000ffffe0908
000859212000000000ffffb58bb
000381e68000000000000091a91
fff83e3fc000000000fffff2ef0
00001c33a00000000000000afb9
fffaabf3400000000000006248a
00099956a000000000fffe8cc69
00052542000000000000002d096
fff051800000000000000058bba
fff42924c000000000ffffd220e
fff48f948000000000fffff23bf
0004cb77c000000000ffffc2bf6
ffffb0336000000000ffff9f5e3
0001a41dc000000000ffffee5df
fff877288000000000ffffe95f3
fffabb40a000000000ffffa00ab
00005a4bc000000000ffffe0908
000859212000000000ffffb58bb
000381e68000000000000091a91
fff83e3fc000000000fffff2ef0
00001c33a00000000000000afb9
fffaabf3400000000000006248a
00099956a000000000fffe8cc69
00052542000000000000002d096
fff051800000000000000058bba
fff42924c000000000ffffd220e
fff48f948000000000fffff23bf
0004cb77c000000000ffffc2bf6
ffffb0336000000000ffff9f5e3
0001a41dc000000000ffffee5df
fff877288000000000ffffe95f3
fffabb40a000000000ffffa00ab
00005a4bc000000000ffffe0908
000859212000000000ffffb58bb
000381e68000000000000091a91
fff83e3fc000000000fffff2ef0
00001c33a00000000000000afb9
fffaabf3400000000000006248a
00099956a000000000fffe8cc69
00052542000000000000002d096
fff051800000000000000058bba
fff42924c000000000ffffd220e
fff48f948000000000fffff23bf
0004cb77c000000000ffffc2bf6
ffffb0336000000000ffff9f5e3
0001c745f000000000000013bdf
fff84d2dc000000000000014bf3
fffa9d73d000000000ffffbe92b
00003274b000000000000032308
000872298000000000ffff0b0bb
0003f4f4e000000000000164111
fff8111e9000000000ffffe6970
00003a67f000000000ffffed9b9
fffac24df00000000000008ff8a
0009c65df000000000fffeba269
00053f10c000000000000208f96
fff016cf40000000000000eca3a
fff3b0310000000000ffffd0a8e
fff461274000000000ffffa0b3f
000479a5f000000000fffe920f6
ffff43877000000000ffff85f63
001106974000e4596e000ca989e
ffe9071b0fff545b040003681d4
ffea7e8c8fff29fcd00003d9550
fff13440d0011791eafffb88177
00161f7c1001d76c42ffef09a97
0030b5898fffc9207600165317c
ffe56a77ffffa261b4fffe57864
00126bf200011aa8fefffcfae05
00004225bfff8af0ca0008deb29
00236ffc40014a115cfff12f94c
0014d2246fff15f22800294fb00
ffd2fcdad0019e4cf00013c5441
ffc8db693ffdeca516fff3623b3
ffd91a521000309206fff0ccff4
ffeaf15e8ffe56933affdddda84
ffd6f2aedffb8bcdc8fff6175c6
001dee659000d6943dffe34ef2e
ffe0450b4ffdff4293fff8e0b54
ffed894ddffee75b4affe9f5035
ffec876e00057fa82bffe7841a7
002b0d447009b32d10fff8888fd
00019721affb661227001d04b27
ffcfb9175ffec339c40001d9f2f
005fb090500656c027fff5095ce
fff99afc7ffc1bdc82000318406
005521060003cbe63bff92430d4
004e6e0aeffb390b7c0005c2168
ff8f76205004503653001a95021
ffa3d0cb3ffbe986bcfff6c970e
ff97d204b001fca3abfff62af80
0005b4162ffed15752ffeeb404f
ffb9a33d3ff4684bbaffed13c9a
fff92a6b6ffe3cbada000b88d6f
ffc910092ffde3fc700000331d5
ffcff421affe166301ffe63545e
ffe927e7800ab919a0001aeff33
00475bed800f53dc4dffdfe8fe4
ffc3391eeff66d3c33003a084f9
ffc0f3464ffc5ed524fff4eaab9
001a3043bfff0914770000e5c3e
ffcee6d3cff849d59b001962053
006742bd40041df970ffacedf31
00417901effcc385b0003f3b52b
ff65305e80049a086a00305c8f4
ff901170effdce4ac00001510fc
ff86f167f00258c74bfff112765
005cc671f00616ef22ffdd3e511
000c107ecff8c6def3ffe971008
ffffda8fcff92d39e1ffe817846
ffb6275d8fffec867bffee2b4bc
ffb53be2c0025c5721ffdc1af9a
000797c8900988f4ebffcde2d3c
004e0420d009b6387fffde111c8
003f3c90cffa595987005fd4cce
ffc0e70a1ffbe6dcec000430190
ff7d3ae8eff368225dffed998ba
ffb81601fffa6b1511001d0f451
0029b591b0016368d9ff460878b
fff4aff57003a38588001409a81
ff8e3b8ff0009e5b2400372995b
ffacaa646fffbdb41a000896aea
ffc92fca70002261e2ffff19e13
003bbbd83005959583ffc5162df
003dd64810064d4866ffd1919c3
00015b809ff9cd0e3c0002fecfe
ffda4478d0002845c9ffe3bee82
001318d22002f0c6f9ffa311d55
00439b6f50065def55002763cdb
001af8a37fffa6d322ffe110f37
00305e623fff2a745e0081d9b67
ffe81aa09ffd1f048dffea21ed3
fffa446aeff7a63292ffe5ea1fb
ffdc73278fffb694b70071ef241
000c35e41001972679ff094b0ae
fffb552000063eaab0ffeeec956
ffea1927fffdfd7ed3003863551
ffffc92710004f13af003674702
fff93b42affeb7607efffeb96ee
000190fb4ffc857a370018ce2a3
001e64d410050445bcffc0c0822
00023c51bffd390bbefffac48f7
fffbce2d1fff316993fff60f363
fffacbcf700213d69bffe5f8a82
fffc3c846002a929f8000e2ec9c
00054a994ffd1f98ebffda3fdf2
000074e53fff452c3a00314377e
fffafbd5fffe103346fff64bb4f
00043d3e600282d591002bf239e
fffd7ec00000f7b2eb0057eadda
0008998c5000d62c07ff95d828c
0006f667d0033c68eeffee10f68
fff3186edffdc97ddeffe5a8d40
fff69fd4700191f6c1fffaa7ee9
fff5a3528fff227b9a001093f31
0003a6a30ffbdd4839000aaf1cd
fffcd2caefff138897ffd0091bb
0001a7998000000000fff8b5a78
fff8c9b5700000000000008f9e0
fffa7b8f70000000000005622f8
ffff97c42000000000fffe06662
000832df4000000000fff6c6ff0
0002e0ac50000000000001089b6
fff8507a100000000000018b542
ffffdd4a5000000000001ad187a
fffb308f4000000000001a29856
0009801d2000000000fff259c1a
000501e9d000000000fff9c7e0a
fff051d49000000000ffe7e259c
fff3e47f2000000000fff278a86
fff4812a800000000000087018b
0004d1623000000000ffff78eef
ffff4fa06000000000fff0e5a93
0001a41dc000000000ffffee5df
fff877288000000000ffffe95f3
fffabb40a000000000ffffa00ab
00005a4bc000000000ffffe0908
000859212000000000ffffb58bb
000381e68000000000000091a91
fff83e3fc000000000fffff2ef0
00001c33a00000000000000afb9
fffaabf3400000000000006248a
00099956a000000000fffe8cc69
00052542000000000000002d096
fff051800000000000000058bba
fff42924c000000000ffffd220e
fff48f948000000000fffff23bf
0004cb77c000000000ffffc2bf6
ffffb0336000000000ffff9f5e3
0001a41dc000000000ffffee5df
fff877288000000000ffffe95f3
fffabb40a000000000ffffa00ab
00005a4bc000000000ffffe0908
000859212000000000ffffb58bb
000381e68000000000000091a91
fff83e3fc000000000fffff2ef0
00001c33a00000000000000afb9
fffaabf3400000000000006248a
00099956a000000000fffe8cc69
00052542000000000000002d096
fff051800000000000000058bba
fff42924c000000000ffffd220e
fff48f948000000000fffff23bf
0004cb77c000000000ffffc2bf6
ffffb0336000000000ffff9f5e3
0001a41dc000000000ffffee5df
fff877288000000000ffffe95f3
fffabb40a000000000ffffa00ab
00005a4bc000000000ffffe0908
000859212000000000ffffb58bb
000381e68000000000000091a91
fff83e3fc000000000fffff2ef0
00001c33a00000000000000afb9
fffaabf3400000000000006248a
00099956a000000000fffe8cc69
00052542000000000000002d096
fff051800000000000000058bba
fff42924c000000000ffffd220e
fff48f948000000000fffff23bf
0004cb77c000000000ffffc2bf6
ffffb0336000000000ffff9f5e3
00049fba60000c4c9800020a93b
fff50334effff64f6000012120f
fff81210effff4c0000000a9a20
fffd0e1d10000ed918000116f0c
000a94092000181500fffacae2b
000d1ac36ffffdfbe80006a4bf2
fff4736efffffa9408ffff8c299
0002d82cf0000db8d0ffff380dd
fffc69507ffffa0768000222bd8
000da5e06000109de8fffe6fec5
00077ca0bffff4b1f0000d6db4c
ffeb35fa6000164ec800050a60b
ffea45236fffe28fe8fffe76783
fff05c84200000f8e8fffce6f6a
fffe38725fffe902d8fff698b48
fff6bb867fffc25408fffe3df22
0019af490001e4f41c000e6dc59
ffe03fb49ffee4e5a6fffd18d1b
ffe1a79aeffe0375bcfffa2e848
ffeb22068002bfb07cffe796201
0026c635800572cd0cfff61995c
00383d60bffe6cd02c0018d0a9a
ffd579698fff7fd0aaffffe6ab1
003857439003f2f786fff8bd68e
fffc269c5ffe802a66000fbd442
004994361003ec35f8ffc8a1aa2
002fc8749ffcb1567c00096514f
ffaf6f59e0038026340016a7728
ffb3a49b2ffc560702ffed2d3f8
ffb182423001f5b2ccfff2ec3eb
ffeeb88feffc9aee12ffe7f27d9
ffc0542caff67bed86ffeccab3f
00235da54fffa0383efff131bf1
ffda3b2efffd3bcba9fff9fa351
ffd6de704ffed5b30affd10168c
ffe3002a1008c5cec6ffff922b3
003826e1f00d902d04fff65e946
ffdf512edff7ca1106001712608
ffca975f1ffca8b685ffff5267f
005c4cc7f00556f8a9fff76fd4d
ffebcf646ff9a5ccd500212e8cb
0061c809c00444b0f2ffa5ff782
0063635e0ffbc10dae000361aeb
ff632008f0048c04ea00105c2e8
ffa1a54f6ffd5371dbffe92a0c2
ff7cbac900025f383e0006fedca
0032490490028ae4210008034f6
ffd75b79fff42731c5fff01f9f0
fff5b04a6ffb41b7300032ebd88
ffb5d94f3fff26b5050003652de
ffb42b4df0006dbb78fffe00c6d
fff53100000b179c76ffd68e3a2
00530d05900eddd745ffc4db74d
fffda90c5ff7b1646c003d59a3c
ffb7f9667ffc526954fff9e4d6b
ffa9af3a3ff6c69691000b973d0
ffc74fb10ff8228ee3002558f56
00426f0eb002c3159bffab5c3c2
000938b59fff9d242400503147a
ff6db3ae2003297e58003161202
ff7d478daffe510527ffbbed5b1
ffa5bb48c0016a2f70ffe1c2abf
00523cab60077dfc2effa644ae0
0030e43d2000fa0777ffd51c728
fffa2b08dff8ac4697ffa8a3ae3
ffc8f46b4ffff67c6efff3cb2c3
fff0f92da002b1f84cffbbcc332
002fc9930008d7fabaffc792762
0035888ac003853b17ffebfd6e8
0033a8054ffcd77d92002e33ab9
ffd0c9822ffbe55b9700081efdf
ffb03a3cdff38cee41fff0a76fb
ffccd2946ffd83ee5a0011a9d43
001684575001315d62fef78f046
ffe9290d8006d4cf04001656167
ffc6d2fb2ffec09969002ebb99b
ffd3995e50008f1a77ffc1c897b
ffe800334ffe989868fff108772
0019309b9000eaefdaffe10f2b2
002a06b2a006bfb1e4ffd573d2f
0001ebc0effb3046e50009e9ac4
fff1fe371fff7b2cd5fff0daa66
00076d50f003b06688ffbd79fca
00194ea82004626e23000b3be3e
00087786cffd993404fff05e6d2
0015af21ffff8053320028b4eb9
fff9f0c25ffd8b5ba2fff059fe0
001119b3fffe7a5559001889d80
ffed5146600050f3af000853e9f
000a767cc00179b470ff487d94f
000b6a3970049a0cc6ffdcdadfc
fff6c7b8fffd405ba20036378b1
00035329c000da3a33fff82c128
fff9c5ab8ffec494db000e319c1
00005df85ffa8c0d790015b60cd
0008c7fc4001941b44ffe0c45ae
0001a67a4fff75e2a8fffdd4142
fffa4dd9efff658fb6fffd65d24
fff9a8bb40008eda96fff9a7d62
fffcb06b0001814e84fff53ad1f
00072b686ffeb393bafff13914e
0000d5ecafff63fb4c00050a8fc
fff9315befff6c8eb0ffff8320a
00005eea800183a3820016c824c
fffcb04840008e1a020008c57be
00093c0020000a27ceffe1d7e44
000561d5a00151c394fff6c207b
fff0fcb22fff13ca78fff8447e8
fff3ae138001662672ffefe0021
fff486e58fff22fc8c000c6b68c
0004c0cdaffeb561eafffc51be2
fffdd2bceffeedf3cafff4a3cb6
0001a41dc000000000fffede258
fff87728800000000000001275a
fffabb40a0000000000000ac5ad
00005a4bc000000000000011d28
000859212000000000fffeb7adb
000381e680000000000000b3ffb
fff83e3fc00000000000002dc85
00001c33a000000000000364421
fffaabf3400000000000047a6ee
00099956a000000000fffd856f9
000525420000000000ffff8c3d0
fff051800000000000fffcb71c3
fff42924c000000000fffe68643
fff48f9480000000000000d16f0
0004cb77c000000000ffffdf0c1
ffffb0336000000000fffd99550
0001a41dc000000000ffffee5df
fff877288000000000ffffe95f3
fffabb40a000000000ffffa00ab
00005a4bc000000000ffffe0908
000859212000000000ffffb58bb
000381e68000000000000091a91
fff83e3fc000000000fffff2ef0
00001c33a00000000000000afb9
fffaabf3400000000000006248a
00099956a000000000fffe8cc69
00052542000000000000002d096
fff051800000000000000058bba
fff42924c000000000ffffd220e
fff48f948000000000fffff23bf
0004cb77c000000000ffffc2bf6
ffffb0336000000000ffff9f5e3
0001a41dc000000000ffffee5df
fff877288000000000ffffe95f3
fffabb40a000000000ffffa00ab
00005a4bc000000000ffffe0908
000859212000000000ffffb58bb
000381e68000000000000091a91
fff83e3fc000000000fffff2ef0
00001c33a00000000000000afb9
fffaabf3400000000000006248a
00099956a000000000fffe8cc69
00052542000000000000002d096
fff051800000000000000058bba
fff42924c000000000ffffd220e
fff48f948000000000fffff23bf
0004cb77c000000000ffffc2bf6
ffffb0336000000000ffff9f5e3
0001daa2900000000000000f5cb
fff8360f400000000000000fa9f
fffa8d0a7000000000ffffbafec
00001c83d0000000000000289fc
00087ff2c000000000ffff1f06b
00043452200000000000014b68e
fff7f843f000000000ffffe8095
00004b0a5000000000fffff10cd
ffface9d900000000000008a9e0
0009df2a5000000000fffeb4d55
00054d4740000000000001d1334
ffeff67cc0000000000000db4e7
fff36d948000000000ffffd0d4f
fff44795c000000000ffffaa41e
00044c969000000000fffeb5c40
ffff07ae5000000000ffff88f06
000f2f566000c958ff0008dcbaa
ffea8fb9dfff687b8c000279bde
ffecf7b98fff436640000231be0
fff2d6e8b000f66e7ffffd893d0
0014497020019f2e08fff2bc333
002b3e595fffcff921001206db2
ffe7749b4fffad4eadfffed406e
001054c1e000f8aa0afffd565a4
fffff2003fff98e8e100070bccd
0020086d7001229899fff512cbf
0012e47fefff321e26002041456
ffd681f5f0016d4ed5000f2a0ee
ffccddc74ffe2b2a21fff7caa0c
ffdcba94b0002a3381fff55c693
ffed4370fffe88da17ffe5f096b
ffdaf0a55ffc1287bdfff8ba4d1
001a3dfd40016fd633ffe974248
ffdadc4e3ffdebd897fff74780e
ffec92a7effee67ca9ffe544651
ffebc40cc005d2bb51fff1b15f9
00323c06d009d12ad7fffa8f455
000604619ffa9c0e0e001f28254
ffc95e5f9ffe9313680002c408f
006ce2773006d05f57fff29700a
fff598e2effb6e7747000ad8dce
006aa95bb00531d269ffaea6b5c
0053379c9ffa8ac8f0fffd269d7
ff8735959003b53d92001311a8f
ffa454e5affd2fc7de0005f3e0c
ff8b4d6d1002c7d4e0000563514
000af9cdaffe6c8e7dfff964383
ffb809823ff4266618fff277491
000e64b56ffec58f74000eda4a7
ffc8a9e8fffe13decbfffbfd973
ffbe57d19ffe4fb839ffed8e2a1
ffdcfc51300a83cffe001beb9e7
00478ced500f693102ffe34fe11
ffcf800e3ff732af55003850010
ffc24bfc8ffc87db07fff3df216
000c34c99ffdd88360ffff10001
ffcf7c6afff921fd3e002494938
005bc26bd003f8b9b3ffc9135d1
004c254c7ffd99a7c200226bfb8
ff529c95d0048488620019fe24b
ff9330443fff0d62860016ad655
ff8441d7100242798cfff81aa51
005cf2da0005f2aef2ffef686e0
000ca7b4eff9415ceaffebb2a3a
fff59bac6ff880bc5a00138a424
ffaf7a21afffbc4668fff60b20e
ffbe8cec40029d6f42ffee632f9
001d73df700a424bb1ffce5de29
0054663d4008c6516fffdcb15b7
0041c496cff9f9b3760055e83f1
ffb9cf015ffb3bacff00027941b
ff7a2e959ff3e3208efff5836bd
ffb6b3d45ffaa26031003f559a0
002a3893b001d3ac61ff7138e25
ffe7127c50049a4b28001ed71fb
ff92c2c11fffece877002b87f3c
ff9d05d5a0006d5e51ffe80b420
ffc8be55c0001372b4fff07dece
00380413c004a8ec62ffbee9bd9
004260e0a00634945effc816d7e
00018318cff9d8dac9ffd7d4c42
ffe1245b00003bcf9effeae4466
000f1a9f4003427a2fff99dc26a
00368536e0061020a2000e78769
001658f34fff984b71ffe095778
0027aba8cfff857e61005ab250c
ffec17750ffd270921fff4cec94
fffc0366cff77dfedcffe7545d0
ffe344640fffd03a56005bccb41
000ab4b5c001aa5c10ff0904ed5
fffccd25200647a2960003fe27e
ffed2d7b6ffde6ef62002a458b7
fffecd794000559935fffc15431
fff973d42ffecc954e000112646
0001106e0ffc2854ae00123b916
0017b8cfa0052d0f47ffcdf477e
0002330b8ffd47e44f000151438
fffbf6508fff18993dfff721fd8
fffb095ac00212cea1ffea5fecd
fffc62b96002db67b3fff920930
00051afc2ffcfeb860ffde24e27
00004eb10fff2a90c8001b3c86f
fffb1e064ffe0d8689fff90346b
0004b55c6002b85e130036d2cf7
fffdcb7640010a79ae0026391e2
00087ade8000c9af6dff9e806cd
0006e741a003582c0cffe393310
fff3681f6ffdb52c8bfff39faaa
fff6afd90001d0efbfffeb0c3bd
fff5bd9a4ffef9c1480019480d1
00036aea2ffbd38d25000254148
fffcaffa4ffede57f6ffdc04a69
0001a953c000000000fffbc3f78
fff8f2a6000000000000007b368
fffa5bf9200000000000038c7dc
ffff374ac00000000000003525a
00081fe62000000000fffb87a8c
000290b70000000000000108dda
fff8598440000000000000daa3e
ffffbe172000000000000db3ac6
fffb72534000000000001026c36
0009739aa000000000fff9d24c6
0004f0628000000000fffd6e102
fff051fe8000000000fff225d68
fff3c273c000000000fff9c848a
fff47a0480000000000003b4caf
0004d451400000000000000df57
ffff1fbb6000000000fff790497
0001a41dc000000000ffffee5df
fff877288000000000ffffe95f3
fffabb40a000000000ffffa00ab
00005a4bc000000000ffffe0908
000859212000000000ffffb58bb
000381e68000000000000091a91
fff83e3fc000000000fffff2ef0
00001c33a00000000000000afb9
fffaabf3400000000000006248a
00099956a000000000fffe8cc69
00052542000000000000002d096
fff051800000000000000058bba
fff42924c000000000ffffd220e
fff48f948000000000fffff23bf
0004cb77c000000000ffffc2bf6
ffffb0336000000000ffff9f5e3
0001a41dc000000000ffffee5df
fff877288000000000ffffe95f3
fffabb40a000000000ffffa00ab
00005a4bc000000000ffffe0908
000859212000000000ffffb58bb
000381e68000000000000091a91
fff83e3fc000000000fffff2ef0
00001c33a00000000000000afb9
fffaabf3400000000000006248a
00099956a000000000fffe8cc69
00052542000000000000002d096
fff051800000000000000058bba
fff42924c000000000ffffd220e
fff48f948000000000fffff23bf
0004cb77c000000000ffffc2bf6
ffffb0336000000000ffff9f5e3
0001a41dc000000000ffffee5df
fff877288000000000ffffe95f3
fffabb40a000000000ffffa00ab
00005a4bc000000000ffffe0908
000859212000000000ffffb58bb
000381e68000000000000091a91
fff83e3fc000000000fffff2ef0
00001c33a00000000000000afb9
fffaabf3400000000000006248a
00099956a000000000fffe8cc69
00052542000000000000002d096
fff051800000000000000058bba
fff42924c000000000ffffd220e
fff48f948000000000fffff23bf
0004cb77c000000000ffffc2bf6
ffffb0336000000000ffff9f5e3
00061adf000013c7fd0002f2b82
fff34dd2affff06a54000253790
fff6be024fffede80000017bdb8
fffb6c1cd00017e16d000377cfb
000bb0f8e00026bb60fff61a967
0011dc576ffffcc1f3000c6dc3c
fff291ebbffff747afffff36a10
0004361a70001611c6fffe68905
fffd4443fffff66583000357585
000fabb400001ab9b3ffffd9fe0
0008a853dfffedd162001a92660
ffe8ab00200023e0d700090ec11
ffe5611eafffd0a773fffe9399b
ffee431e6000019053fffabdc84
fffaf9e81fffdb06b5ffee43164
fff24cd9ffff9ccfaffffd9e86e
00194db40001ac3d4afffc506d1
ffe4e7bd4ffeeea721fffbc55a5
ffe5684d4ffe3a62bffffd3abb6
ffee54f4800295c096ffe7f4ecc
0023696350050f37acfff7a30ae
002bb7d26ffe8c669700199f27c
ffd985f7bfff81b158ffffb352f
0036869cb003999220fff907990
fffbb4da5ffe98a71200039fddd
0040ea020003746075ffb9e3413
002fcf5efffd056e28000772367
ffb34bf2800344c98200168427c
ffb83b54bffc8277d5fff9245f3
ffb5c27db001a93015ffefd1023
fff2b2d4fffcf8ec58ffe83652b
ffc4bf4a0ff731d122ffee10ed7
001256a00fffeac247fff9365be
ffd551873ffd4b3140000055d0c
ffdcadfe2fff04de19ffe213b5b
ffe6d69c70089b8202001545892
003b709ba00d05fa0dffef36840
ffd8fed5bff79fa44a0023b2e67
ffc7d1636ffcc8315efffa2f53b
006066ca900573964cfffb8a6d6
ffe6e7955ff966a2350017d07de
0071d00cd004c9f945ffb2142c4
005bbf32affb676e56002c6bcc8
ff697f7e9003efa7f10021205f4
ffa4a666cffe1cd69ffff7936dd
ff7c4b246002a07239fff50aa96
003b8f88c002497385fff08ef95
ffe1b2be9ff4a781bbffefcefca
0006278b9ffbf8c90dfff4db5b2
ffb725839fff51ce74fffe86036
ffac56141000b40939000643b3f
ffe9feaa400a7235d3ffd8740b0
0050e0a8a00dcb91f3ffd7adacd
000887c6dff827def00037ad1cb
ffbaeea49ffc93c914fffcb14b3
ff9e3d25eff6438e5d00062fc92
ffc603710ff8b5d903fff384e51
003c9eed5002b7227aff8468fa1
001084482000150026003de5aa2
ff6545d640024d599000330407f
ff92b0fee000429c07ffeac278b
ffa9458a60015ad1a3ffdd7efe7
00537f61c0078717e0ffb04d324
00322640d0021592b8ffdfc9e71
fff98c694ff957b8adffe15ac69
ffc368b590000df506ffee0fc39
fff8beddc002c7d4faffbc4cec7
00412bc0c0085d5d96fff50c2ca
0037d0f200023e4bdbffff99e32
003cfbe95ffd8ccd6d004af113c
ffcecff32ffc076017fffcf62a2
ffb5cf21cff3cda3f9ffe8a3cf4
ffc824c19ffe5fb2ec001f12c66
00166bc76001c8801cff08ad222
ffe7a486d00747b410fff828eb3
ffc87a5ddffe24f2ed00496d013
ffd6a8cca001c0b62300064a108
ffe9aec00ffec380e6fff411f13
001632040fff77d458fffab6a4e
00301250f006986490ffd1a2416
0001f094effb863c360006d628f
fff427a48fff53ec08ffeebeadf
0005e8da0003dbd1e4ffbe63e50
00145de800041949670017ee0cf
00077398affcec7615ffe41eb6c
00117ce14fffbea3ea0041b71ea
fffa6d93effd6bac21ffece9563
000f7f9e6fffa2fc9b0006ddc4d
fff0b630a000eefca20030f4f03
0009ca260001718e82ff56a0c70
000a7505c00500211affec06151
fff6eead8ffceea9a10026dacb8
0001973ee001b1b6da000da69cc
fff9799c4ffeb4af0a000590b5f
000079cc8ff9f094380015a8583
00063fb0c000df8c47ffdb60b89
0001a523cfff7f9b4cfff873b3f
fffa5b39afff706e7dffff72d59
fff9a80c400084cc8d000291f9e
fffca385c001662fcefff8779c2
00071c1feffecaf98bfff10ad21
0000d561efff6ef68a0001717a5
fff94370afff76ef68000150b2d
000082f74001685ac70026ae4eb
fffcabb3c000841987001a2900c
00093d66e0000970d1ffe38569b
00057899200139fd86fff3eb86f
fff10f272fff246aa4ffe60614e
fff3c01f80014cf10fffea4331b
fff48c8d0fff328aea000ea334c
0004bcefaffecca733fffe09faa
fffdcb0c2fff013dc3ffec52ef5
0001a41dc000000000ffffc9e24
fff877288000000000ffffeee0e
fffabb40a000000000ffffc4005
00005a4bc000000000ffffe72a8
000859212000000000ffff9385b
000381e68000000000000096433
fff83e3fc000000000fffffad21
00001c33a00000000000007de01
fffaabf340000000000000eec1e
00099956a000000000fffe697b9
0005254200000000000000177c8
fff051800000000000ffffdc24f
fff42924c000000000ffffa1a5f
fff48f94800000000000001025c
0004cb77c000000000ffffc68a5
ffffb0336000000000ffff59f0c
0001a41dc000000000ffffee5df
fff877288000000000ffffe95f3
fffabb40a000000000ffffa00ab
00005a4bc000000000ffffe0908
000859212000000000ffffb58bb
000381e68000000000000091a91
fff83e3fc000000000fffff2ef0
00001c33a00000000000000afb9
fffaabf3400000000000006248a
00099956a000000000fffe8cc69
00052542000000000000002d096
fff051800000000000000058bba
fff42924c000000000ffffd220e
fff48f948000000000fffff23bf
0004cb77c000000000ffffc2bf6
ffffb0336000000000ffff9f5e3
0001a41dc000000000ffffee5df
fff877288000000000ffffe95f3
fffabb40a000000000ffffa00ab
00005a4bc000000000ffffe0908
000859212000000000ffffb58bb
000381e68000000000000091a91
fff83e3fc000000000fffff2ef0
00001c33a00000000000000afb9
fffaabf3400000000000006248a
00099956a000000000fffe8cc69
00052542000000000000002d096
fff051800000000000000058bba
fff42924c000000000ffffd220e
fff48f948000000000fffff23bf
0004cb77c000000000ffffc2bf6
ffffb0336000000000ffff9f5e3
0001a41dc000000000ffffee5df
fff877288000000000ffffe95f3
fffabb40a000000000ffffa00ab
00005a4bc000000000ffffe0908
000859212000000000ffffb58bb
000381e68000000000000091a91
fff83e3fc000000000fffff2ef0
00001c33a00000000000000afb9
fffaabf3400000000000006248a
00099956a000000000fffe8cc69
00052542000000000000002d096
fff051800000000000000058bba
fff42924c000000000ffffd220e
fff48f948000000000fffff23bf
0004cb77c000000000ffffc2bf6
ffffb0336000000000ffff9f5e3
001147783000a4786f001051a31
ffe88ab97fff89dd4e0000fa955
ffe971b21fff626fb80002405e2
fff0dcc5e000cbf469fff312f20
001722ee300163b5f3fff8c7adc
003223c69fffcce0e70009e1bfe
ffe4b208dfffc140ecfffeedebd
0013bc55c000de22f9fffec5ed3
ffffdb70afffa790a500093421e
0025ce042000fc1130ffec239e7
0015b1dd9fff475a80000c54ab9
ffd17dd720012a7d76000c816f1
ffc8caaf1ffe8b63d7ffed92b35
ffd72957e00037467ffff3b1cb6
ffeb64bf1ffece8271ffee60662
ffd69e724ffccdf72afff556e4e
001cec4760019bcca9fff365703
ffde9d26effe1b4533fffb9713b
ffed8a70effea02ba0ffdc5607d
ffec5fb0f005531478fff4a49b1
002dde28b009157658fffafee77
fffbf3462ffb343f69000e66b56
ffcddc8b9ffeab77b0000437780
006706da1006416cebfff5e71e5
fff76c2c3ffbf0567d0013dfb11
005e1dbc300536726dffc43d88c
0052bb759ffae7a86a0002ae06f
ff890beff003a6650e000cf0c7d
ffa7b5f9affd2e755fffe90570f
ff91557dc002cd58af000b45635
000d631eeffe0a0d7d00005dc4c
ffbd33b4fff4802b70fff6c1e30
ffff860abffed84a750023df1f5
ffc649a41ffde85dcb0000b7a33
ffc63c4b2ffea87270fff6dd944
ffe4afe3f00a2092b5ffec63216
00485806600ed2d5a0ffcc3bae5
ffce1722fff775169d003ce3200
ffc0a1581ffc715f7bfff7e8673
0004decd3ffed1c785000089cd5
ffce1ddfcff94d159900215de21
005e64dda003d8b938ffbca1da2
003d338faffd9f1fc80046df6d1
ff605d5f20045110c6002a8fdd6
ff905290bffefb90d8ffdc37849
ff8b743d9002148accffe8ad223
005c60298005608c8bffbc3d273
0012109c7ff8aef2c0ffe10d361
fffbdd853ff8bfa8c3ffd6f0272
ffb5ee757fff9b3ce8fff73bba2
ffc2608ec002c43ae1ffd47b7fc
00165374a009f1e6bcffc4c089b
004ce1f3900884927dffdd6cadf
003f8c84bffa57234b004734616
ffc087357ffb89f9ea000564f6e
ff8257806ff377cd07fff4079e1
ffb915b5affaa4a69b00269f674
0026c3e74000f2db5fff18ef01d
ffee4e360004951dae00304c869
ff98279d40000a7e9a0037ba1ee
ffaeff0380001252f3ffc4fb795
ffce8be4ffff479b63ffe59908e
00358d3d9005397e5effbf25b40
003d36eb20065336a2ffc8f7fd8
000188f2affa2eda10ffe0b7628
ffe00cd100000205e0ffeb0b9cc
00107cf8b00375730affa0eb3d4
003a383c90062ac0c1000330a49
001670111fff8816c3ffea38d7d
002b17860fff4db65e0045977a8
ffec94e6affd87dd65fff36d6c6
ffff651f7ff85cd77bffffda49a
ffe018f5cfff787fa20022a789e
000b39799001886794fef4f02b4
fffef4d320058affbaffecdeb46
ffeded9b0ffdd8fa4900403e1db
0000ff4e9000333946fff5f54cb
fff9e878bffe6ffe7000060cca2
0000adfb4ffc1a0d440010a4f7c
00193f69f004978665ffd36fb12
0001f0d1affdeee720000664535
fffbe8faaffeff0679fff78250b
fffae27b2001af80b9ffe8e72b1
fffc67d4f002df6552fffedc463
000536438ffd30f24bffe8616e2
000045c9cfff08d66a0018a1018
fffb0c3dfffe60d9b4fff7cefec
0004ac629002cbb38b00275b408
fffdba2730010d372f0015868cc
000899dab00082fc0dffa5c7494
0006d0187003083516ffe5efda8
fff36acefffde877c80003b79eb
fff62a0cc002281263fff5dc5c9
fff598de2ffeba68ca0011ecdca
0003777ecffc7b418f0005703c7
fffcb788effe8202cbffe4d711d
0001a9e4c000000000fffc95219
fff9001240000000000000503f5
fffa519de00000000000029b2ad
ffff17a94000000000ffffbd98c
000819ada000000000fffc11e4d
0002767fc0000000000000e2f03
fff85c7b00000000000000ae4e4
ffffb3dc6000000000000b894c3
fffb87e34000000000000cccf82
00096f80a000000000fffa15cd3
0004eaa34000000000fffdb289e
fff0520c4000000000fff4f544e
fff3b74a4000000000fffa7d27e
fff477ac800000000000034bc77
0004d5478000000000ffffdd570
ffff10076000000000fff904e83
0001a41dc000000000ffffee5df
fff877288000000000ffffe95f3
fffabb40a000000000ffffa00ab
00005a4bc000000000ffffe0908
000859212000000000ffffb58bb
000381e68000000000000091a91
fff83e3fc000000000fffff2ef0
00001c33a00000000000000afb9
fffaabf3400000000000006248a
00099956a000000000fffe8cc69
00052542000000000000002d096
fff051800000000000000058bba
fff42924c000000000ffffd220e
fff48f948000000000fffff23bf
0004cb77c000000000ffffc2bf6
ffffb0336000000000ffff9f5e3
0001a41dc000000000ffffee5df
fff877288000000000ffffe95f3
fffabb40a000000000ffffa00ab
00005a4bc000000000ffffe0908
000859212000000000ffffb58bb
000381e68000000000000091a91
fff83e3fc000000000fffff2ef0
00001c33a00000000000000afb9
fffaabf3400000000000006248a
00099956a000000000fffe8cc69
00052542000000000000002d096
fff051800000000000000058bba
fff42924c000000000ffffd220e
fff48f948000000000fffff23bf
0004cb77c000000000ffffc2bf6
ffffb0336000000000ffff9f5e3
0001a41dc000000000ffffee5df
fff877288000000000ffffe95f3
fffabb40a000000000ffffa00ab
00005a4bc000000000ffffe0908
000859212000000000ffffb58bb
000381e68000000000000091a91
fff83e3fc000000000fffff2ef0
00001c33a00000000000000afb9
fffaabf3400000000000006248a
00099956a000000000fffe8cc69
00052542000000000000002d096
fff051800000000000000058bba
fff42924c000000000ffffd220e
fff48f948000000000fffff23bf
0004cb77c000000000ffffc2bf6
ffffb0336000000000ffff9f5e3
0001a41dc000000000ffffee5df
fff877288000000000ffffe95f3
fffabb40a000000000ffffa00ab
00005a4bc000000000ffffe0908
000859212000000000ffffb58bb
000381e68000000000000091a91
fff83e3fc000000000fffff2ef0
00001c33a00000000000000afb9
fffaabf3400000000000006248a
00099956a000000000fffe8cc69
00052542000000000000002d096
fff051800000000000000058bba
fff42924c000000000ffffd220e
fff48f948000000000fffff23bf
0004cb77c000000000ffffc2bf6
ffffb0336000000000ffff9f5e3
000e420e6000c997cc000ac6f12
ffe63a972fffbec059fffce2b3c
ffe623d80fff2c3c3efff3eb93f
fff287e1e0012075f8fffb1175d
0021c51ac00277fa9cfffcaea92
0029e2146ffef76240000ebf5d9
ffdede1a8fffebf2af000171733
002b501cc0020bbc17fff94efab
fff74db02fff3a8b0f0010a0523
00437ca8a002120d28fff4af88c
0022ebc24ffe39794afffdcad1d
ffc1038480012e5a520006c4474
ffd2fa0cafff29b6d9fffec99f2
ffbfd03500016e30e800080f283
ffff083d4ffeb9acf1fffd9a6a4
ffdccfa68ffc95fe95fffa0d58d
0024399170016400e8fffd792ed
ffd2cb20dffee2e2bbfffbf9085
ffd7b482dffea5c0d0fff20e465
ffdd67c9200535e5ba0001abf0f
0034ca6810080df1d5fff2036c8
fffd175ebff9bcdaf2001457518
ffcad0d79ffdfe52b4fffd08ba4
00511f9e2004269a6dfffb3677e
fff1ab5f8ffb7a1049001938c86
00662a1d2006771e27ffe802580
005589c1fffbdb235400041f426
ff6d718e0001343b42fffe06a70
ffb818ead002270dab0001ff207
ff8baa88c0047435820001cddea
00276b18f0002f975e00002cde5
ffdc353e4ff96faa3bfff7a81bf
001080296fff1949860031c6b51
ffbf4bd2e0000868affffed0afd
ffc5295860002ab256fff5bd960
fff9054580066fec11ffdeb67be
00490efb5008f1a5b2ffe2a842e
fff84419effb2487b10031c5b52
ffbe28760ffcf527a00000cd4e1
ffba13a30ff91bf9b9fffef0351
ffcefb444ffc7d7f9e003bf17f8
003187c0d004aeb7beffc423455
0019fa19e00141e67e0020a1751
ff6a41533000560d75001c33b0f
ff9aeb1da004f5f2dfffd142421
ffabdcb6a003463dd3fff5e5c5d
0047f95f900333cba6ffce9e9bf
0020eeef000167341bffd8f53c5
ffecbd1bbffa76fc7bffe543dda
ffc515eee00059572bffefbc52e
ffeb177aa002e4707cffa4de650
003579217005bd7ef4ffd90f507
003acb24000043de1effd845e83
003669542fffb7d344004bcc223
ffce34a4fffc0461000002b3714
ffb3835f8ff60c0d0cffe0b863e
ffc564333000d6c36c0052a0357
001d909fb001bd8a2eff351e6af
ffe75efc100851e2a40016c7d0a
ffc8f19e6ffdc75a000026cc9fb
ffbc4f6bb0031a4f76ffc7b8e21
ffe179a42fff77db290007fa3c2
001b1716affd6475a1ffec336e8
002d9439700592cfa5ffd2e415b
00021d0bdffb54b297fff1c820a
fff4c1687fff6bdda3fff22e3aa
00052337e003a8e640ffc5029e8
0012a2cb40037f2463fff47a58e
00073367dffcc89a96ffd21d1ce
001042f81fffbcfef2002ed8301
fffa8a2a0ffd41bec0fff7bf58a
000ef27d80009a517d00202874b
fff1d66dd000e8647500379a9f0
0009a1c9100191ed44ff6626713
000a4418d004b0751efff1c77ac
fff6a3f97ffd06dab00003b3c1d
0000f5f710012707a9ffdca0334
fff93495dfff373c510018884da
00009d126ff9de03cf000338832
00058d8c6000aee7baffd81fe79
0001a7e1efffb17210fff98391c
fffa3fceffffa8293cfffee6c76
fff9a9730000513ffc000012e5a
fffcbdf55000db25e8fff544851
00073b748fff42ee24fff03cb85
0000d67e5fffa74338000123237
fff91e5fbfffac23e0000130ca8
000039105000dc797400245ea93
fffcb517600050d27400138ad04
00093a87700005c6acffe237f53
000549eec000c01b88fff3f7d06
fff0e950efff79a730ffea9c38f
fff39b208000cbb3d4ffe91831b
fff480f5afff824bb8000f675c2
0004c4dd2fff43f504fffc9d194
fffddad01fff6421c4ffee99ae7
0001a41dc000000000ffffae619
fff877288000000000fffff3079
fffabb40a000000000ffffdf1bf
00005a4bc000000000ffffec248
000859212000000000ffff79dfb
000381e68000000000000099bb5
fff83e3fc000000000000000c42
00001c33a0000000000000d47c9
fffaabf34000000000000158a72
00099956a000000000fffe4ee09
0005254200000000000000073da
fff051800000000000ffff7e394
fff42924c000000000ffff7d1a0
fff48f948000000000000026b29
0004cb77c000000000ffffc9664
ffffb0336000000000ffff259a5
0001a41dc000000000ffffee5df
fff877288000000000ffffe95f3
fffabb40a000000000ffffa00ab
00005a4bc000000000ffffe0908
000859212000000000ffffb58bb
000381e68000000000000091a91
fff83e3fc000000000fffff2ef0
00001c33a00000000000000afb9
fffaabf3400000000000006248a
00099956a000000000fffe8cc69
00052542000000000000002d096
fff051800000000000000058bba
fff42924c000000000ffffd220e
fff48f948000000000fffff23bf
0004cb77c000000000ffffc2bf6
ffffb0336000000000ffff9f5e3
0001a41dc000000000ffffee5df
fff877288000000000ffffe95f3
fffabb40a000000000ffffa00ab
00005a4bc000000000ffffe0908
000859212000000000ffffb58bb
000381e68000000000000091a91
fff83e3fc000000000fffff2ef0
00001c33a00000000000000afb9
fffaabf3400000000000006248a
00099956a000000000fffe8cc69
00052542000000000000002d096
fff051800000000000000058bba
fff42924c000000000ffffd220e
fff48f948000000000fffff23bf
0004cb77c000000000ffffc2bf6
ffffb0336000000000ffff9f5e3
0001a41dc000000000ffffee5df
fff877288000000000ffffe95f3
fffabb40a000000000ffffa00ab
00005a4bc000000000ffffe0908
000859212000000000ffffb58bb
000381e68000000000000091a91
fff83e3fc000000000fffff2ef0
00001c33a00000000000000afb9
fffaabf3400000000000006248a
00099956a000000000fffe8cc69
00052542000000000000002d096
fff051800000000000000058bba
fff42924c000000000ffffd220e
fff48f948000000000fffff23bf
0004cb77c000000000ffffc2bf6
ffffb0336000000000ffff9f5e3
000000000000000000ffed70382
0000000000000000000018048df
000000000000000000003d281d4
000000000000000000001ac3fbf
000000000000000000ffec6d3df
000000000000000000001e28f98
0000000000000000000012f57d7
0000000000000000000020d1d4c
000000000000000000001c99e4a
000000000000000000fffd39719
00000000000000000007f81b58a
000000000000000000081b3d3d6
000000000000000000081400045
000000000000000000081ba37c6
00000000000000000008169c020
000000000000000000fffd2eab6
000000000000000000ffed70382
00000000000000000006b72f3d6
000000000000000000e1cc3d995
000000000000000000e5711dd55
0000000000000000000e9b7039c
0000000000000000001aa59a92a
0000000000000000000b625fc21
00000000000000000007e571607
0000000000000000001149cbf97
000000000000000000f29bb3444
000000000000000000ecf2cb2b9
00000000000000000012b50c996
00000000000000000004dd0b93b
000000000000000000059492452
0000000000000000001fa59d867
000000000000000000ebd6fc3c0
0000000000000000000249b80eb
00000000000000000007c851147
00000000000000000018ec6bb2b
0000000000000000001ab4da91a
0000000000000000000cd47c5cf
000000000000000000f3522dc10
0000000000000000001fe8870eb
000000000000000000ed0f984cd
000000000000000000f7a02ffd0
000000000000000000038241d5d
000000000000000000093941883
000000000000000000fd927f665
00000000000000000006cc96c59
000000000000000000061a2ef2a
0000000000000000001ab66f2ca
000000000000000000eab4f8dac
0000000000000000001aa45f634
0000000000000000000263538cc
00000000000000000003796f2bb
0000000000000000001c7c3e382
0000000000000000001983fc875
000000000000000000e86a5c031
0000000000000000000e3705cf4
000000000000000000189d48d5c
00000000000000000007dda0652
00000000000000000011967f093
0000000000000000000052289b0
000000000000000000070dd862a
000000000000000000015998733
000000000000000000038833bf9
000000000000000000e8839a105
000000000000000000e9b0cdeb7
0000000000000000000818a7f93
000000000000000000e186a5090
0000000000000000001289a06ff
0000000000000000001f612334f
00000000000000000019707168b
000000000000000000e84bac274
000000000000000000f871e6f96
000000000000000000eaf6233fb
000000000000000000009da5199
000000000000000000045b942de
000000000000000000e5effa79d
00000000000000000016536e45a
0000000000000000000d5a69c45
0000000000000000000b4a312ec
0000000000000000000dae86bb8
000000000000000000f12acb416
00000000000000000015d8ff550
0000000000000000001d7c87238
00000000000000000016eb24dfb
0000000000000000000403cc5e4
000000000000000000084f5d1d2
00000000000000000014314065d
0000000000000000000c8a29bc3
000000000000000000f18bf1ae9
000000000000000000158934b00
000000000000000000e1e20c161
000000000000000000fb44c1a1d
0000000000000000000c39d2a65
000000000000000000035545d33
000000000000000000e0e4ecfa9
000000000000000000183ddeecf
000000000000000000037cedfca
000000000000000000f4a292f37
00000000000000000002a17da42
00000000000000000002fec5e0d
000000000000000000eecf9a524
00000000000000000010555da9c
000000000000000000195cecab7
000000000000000000fee044c90
000000000000000000e7e842004
000000000000000000e14b3e710
0000000000000000000842f9e6a
0000000000000000000f118d97f
0000000000000000000a3be8b76
000000000000000000071773e1b
000000000000000000106e53327
000000000000000000f70a09ce3
0000000000000000001792eef5a
0000000000000000000be87f2d9
000000000000000000e95b6568a
000000000000000000ff00fe566
000000000000000000fcf94373b
00000000000000000006bdb42ad
000000000000000000e3e178d4a
0000000000000000000ee4dab5d
0000000000000000000bfcab16d
00000000000000000002b0bfd92
00000000000000000010458e981
000000000000000000085d657a3
000000000000000000184e3c082
0000000000000000000798c7828
000000000000000000e2b0f2d09
000000000000000000fa9619f41
000000000000000000096dfcbd6
000000000000000000ec678fe90
000000000000000000066f785d4
0000000000000000001d0ba624b
00000000000000000007793fef1
00000000000000000013d020162
000000000000000000eed66f655
0000000000000000000a7b84115
0000000000000000001a1a25e1e
000000000000000000177254f01
000000000000000000ea5675879
0000000000000000001865fab34
0000000000000000000fea58f2d
000000000000000000053b05b1b
0000000000000000001877f28be
0000000000000000001368c07f5
000000000000000000fbee103f7
000000000000000000f966a24bb
000000000000000000147266892
00000000000000000011d82d0b3
0000000000000000001ef5e89de
00000000000000000019a7e585f
00000000000000000006b1a1472
00000000000000000006bc94b07
000000000000000000ee58e0359
00000000000000000003fe930c2
0000000000000000001b1384aaf
0000000000000000000d77fef83
000000000000000000feba18e54
000000000000000000178841893
000000000000000000e0caad613
000000000000000000079a09e71
0000000000000000000888c8988
000000000000000000e8c9d8aac
0000000000000000000bce416a7
000000000000000000f01141173
000000000000000000f7d3a0a6f
00000000000000000014ed36d52
0000000000000000001d3d5daaf
00000000000000000017f6df400
00000000000000000003035a85f
0000000000000000001f2fd25bf
000000000000000000ee5bb93ad
000000000000000000053322508
00000000000000000017fd6d5ab
0000000000000000001c94a531c
000000000000000000f325361d5
000000000000000000195a9e0d4
0000000000000000001164eb3ff
00000000000000000002b187fe4
000000000000000000145d592b7
000000000000000000e2ea0fa31
000000000000000000091c216e5
000000000000000000fd1c4aca1
000000000000000000f854a25d3
00000000000000000017ebad1a9
0000000000000000001d824e566
000000000000000000ec25c4fab
0000000000000000000c2be0aa8
000000000000000000e9035dac7
000000000000000000ec054fa56
000000000000000000ff7db9219
000000000000000000ecb0fb9b5
000000000000000000200a544e1
0000000000000000001a1637745
000000000000000000ff492a2ff
00000000000000000007988fb47
000000000000000000f2a36800c
000000000000000000fe2fefc39
000000000000000000fa5a5e74e
000000000000000000fb4c1620b
0000000000000000000535f179e
000000000000000000febf58685
0000000000000000000c6d53c6f
0000000000000000001b0491da5
000000000000000000084790f34
000000000000000000f96d13b29
0000000000000000001eaa7ec20
000000000000000000030cbdf25
000000000000000000018c62882
0000000000000000001ca616431
000000000000000000014641458
000000000000000000fcfdf6ebe
000000000000000000f158ee996
000000000000000000e95b13055
000000000000000000f79546489
000000000000000000069f5afdd
000000000000000000eb753c6fd
000000000000000000e198f3002
0000000000000000000b00c6fa5
0000000000000000000bed0884a
0000000000000000001f4d2c15b
000000000000000000e62f23a56
0000000000000000001fceafea1
0000000000000000001a0a361a3
000000000000000000150589fa6
000000000000000000f3b0d1db1
00000000000000000006a8d6cb3
0000000000000000000386290c0
000000000000000000e98992e59
000000000000000000e452ff5cf
000000000000000000154d38324
0000000000000000000517275d8
000000000000000000e90e6c694
000000000000000000efb391626
0000000000000000000650bd4d7
0000000000000000001f7a95f2a
0000000000000000001a54c1ccc
000000000000000000fe1339352
0000000000000000000dc97c61c
0000000000000000000aebeb9b6
0000000000000000000d070063b
000000000000000000000e9e6a2
000000000000000000e3ac6f6e2
0000000000000000001a8519889
000000000000000000102542bba
00000000000000000008fa585f7
000000000000000000fc85e2c46
000000000000000000e2ea5d4c8
0000000000000000000dc479fd8
00000000000000000015b895e5a
0000000000000000001b5deab02
0000000000000000000828fcb9a
000000000000000000e7db4557d
000000000000000000175b5b21a
000000000000000000e3808e145
0000000000000000000798d1341
000000000000000000075c412a2
000000000000000000ea6257370
00000000000000000013891d99a
000000000000000000172400569
000000000000000000e52b4fc0c
000000000000000000fdaa02a7d
00000000000000000011db40a2e
00000000000000000002282df8c
000000000000000000159cd86a0
0000000000000000000065a1ed8
00000000000000000005c374119
000000000000000000fec96ce53
000000000000000000ecf998c7c
00000000000000000007127791b
000000000000000000f68ce1bf2
00000000000000000001a476108
000000000000000000081b6cceb
0000000000000000001ed8905de
000000000000000000fd07ec1ed
000000000000000000e5a282474
000000000000000000f56e69ca8
0000000000000000001524009f9
000000000000000000e42654b87
000000000000000000f98afcd87
000000000000000000f8f8001d6
000000000000000000e6ec51392
000000000000000000f207f8ce7
0000000000000000001aa82aac4
000000000000000000e25d98f56
0000000000000000001f0d2c97a
00000000000000000008a67cf16
00000000000000000010c6d62c1
00000000000000000006d673b4b
000000000000000000e3da49d61
000000000000000000199834bb2
000000000000000000fb50b24c3
00000000000000000002e812731
000000000000000000141e4e9f1
000000000000000000134641074
00000000000000000002dbbdcf1
00000000000000000004cb297c7
0000000000000000000a20919a2
0000000000000000001fbcef00a
0000000000000000000ddbd6702
000000000000000000ece99ba20
00000000000000000019692e81a
00000000000000000001a80c826
0000000000000000000b0c736a7
000000000000000000080fc0325
000000000000000000eda8e6818
000000000000000000ed4a453b1
00000000000000000006f6e1078
000000000000000000fd920b268
000000000000000000fa5447541
000000000000000000e3976dd6f
000000000000000000ea93728fe
000000000000000000e31187c3f
0000000000000000000c4815463
0000000000000000000351ad5d3
0000000000000000001723910b0
000000000000000000e3c4bb619
00000000000000000009e82fd89
000000000000000000f990dd78f
00000000000000000003b4e9714
00000000000000000003779f883
000000000000000000e7ddf429f
000000000000000000e3717f4ee
00000000000000000001c808dfe
000000000000000000124b2a1c8
000000000000000000e9545e388
000000000000000000f49f5730c
000000000000000000200d94f54
0000000000000000001f370d7a4
000000000000000000015e8ce59
000000000000000000098819f9c
000000000000000000f3f947e79
000000000000000000e98086668
000000000000000000120bdf11b
000000000000000000092bbd560
0000000000000000000f9bc4969
0000000000000000000ddfcc5d3
000000000000000000f2b2c25dc
00000000000000000004d54bf72
000000000000000000ec621ed17
0000000000000000000395b467b
000000000000000000f57787882
000000000000000000e1829f01c
00000000000000000014861e621
0000000000000000000c6df8859
0000000000000000000eefce619
00000000000000000019b52e400
0000000000000000000f021f021
000000000000000000e15b6aad7
00000000000000000008911ac50
0000000000000000001bf5323b3
0000000000000000000a1bb7398
000000000000000000f7b638209
00000000000000000016a0f0ce7
000000000000000000eb1b6ff32
0000000000000000001fdcea6b1
000000000000000000ed4695009
000000000000000000f579cfcb9
0000000000000000001d7cdc741
00000000000000000018eccaad4
000000000000000000135650c93
0000000000000000000958a2192
000000000000000000074b66ea7
000000000000000000f3d179ad6
000000000000000000e2c815166
0000000000000000001f0735acc
000000000000000000eef3f63e3
00000000000000000000794f4ef
00000000000000000006c3e9419
0000000000000000001a9dffbc1
000000000000000000ec43b20f9
0000000000000000000e9b08432
000000000000000000e09bedb02
0000000000000000001ee8374fb
000000000000000000fed341658
00000000000000000004632d0b6
00000000000000000016797f1f2
000000000000000000f80855842
000000000000000000f7323c8be
000000000000000000069b55b44
000000000000000000ecda6cf71
000000000000000000078ee829e
00000000000000000005e259775
000000000000000000fbb4fa6ab
000000000000000000122671d4c
000000000000000000ebf373315
0000000000000000000af65f2ff
00000000000000000008d655ecf
000000000000000000035ebc1e9
000000000000000000186e4d05c
0000000000000000001c9cef01a
00000000000000000001ef2c4e1
000000000000000000efb20c090
000000000000000000149638037
00000000000000000005f883ddd
0000000000000000000124ccdae
0000000000000000000f6020a84
00000000000000000010a858729
000000000000000000f8366a679
0000000000000000001c0c591fd
0000000000000000001f69a7207
000000000000000000ffc78d8b4
000000000000000000edc8b17a0
0000000000000000000c1332b86
00000000000000000008cf1d1e2
00000000000000000008047d2d3
000000000000000000f489cc353
000000000000000000ed08992fb
000000000000000000065ce6769
0000000000000000001a402c93f
000000000000000000092e47f3d
000000000000000000192ec9657
00000000000000000010e0c4b77
000000000000000000f00aadb88
000000000000000000f560c9bd3
00000000000000000002d4d1acd
000000000000000000ee37f09a5
000000000000000000fa2366c08
00000000000000000019c13b6a3
00000000000000000001fd39ced
00000000000000000000928e1c1
0000000000000000000b8fcbb34
000000000000000000f0ac019f0
0000000000000000001885be732
000000000000000000163c82748
00000000000000000013010d9cd
0000000000000000001d740db82
000000000000000000046f2ddbd
0000000000000000001c0323919
000000000000000000e21738073
000000000000000000f52594297
00000000000000000005fb9cf33
00000000000000000010f689b31
0000000000000000001bc06b03f
0000000000000000000af248082
000000000000000000f2248262c
000000000000000000e29aea9e7
000000000000000000fa1dcb8d1
0000000000000000000734dfddd
000000000000000000f98ff05cf
000000000000000000f41518381
00000000000000000008cf0484e
000000000000000000edd8acd56
000000000000000000e97d36a8f
0000000000000000000ed447dde
0000000000000000001e444ebd7
000000000000000000fc0345584
0000000000000000001e27485bc
00000000000000000015f97a08a
00000000000000000003ce5a13e
00000000000000000017810723f
000000000000000000f5d46f422
0000000000000000001d54c0071
000000000000000000ead7b6548
0000000000000000000d6196ea7
0000000000000000001485b457d
000000000000000000ee091bfd6
000000000000000000066f457d3
000000000000000000fcf8e8f32
00000000000000000003a62cd0e
0000000000000000000f5a29a48
000000000000000000f2345038e
00000000000000000019ba11b8d
000000000000000000e58676918
000000000000000000049e9a685
000000000000000000fd1c3f3da
00000000000000000014f14e8a9
00000000000000000008ea2b69f
000000000000000000ec1845f09
000000000000000000001d423ff
00000000000000000016e4c923b
0000000000000000000f86d4add
0000000000000000001eafcb480
0000000000000000000cdafa40c
000000000000000000faa35fd37
000000000000000000028742234
000000000000000000153629778
000000000000000000132cb61b2
0000000000000000001135ec768
0000000000000000000ac0e0ead
000000000000000000f61e37670
000000000000000000ec40d4d74
0000000000000000001dd5a8520
000000000000000000e5803ab3c
00000000000000000016ca3c54e
000000000000000000f73ed372b
000000000000000000ec63fa602
000000000000000000ff22fe79a
000000000000000000f83d7f66a
0000000000000000001de4b70d7
0000000000000000000977fa7e7
0000000000000000000f3398238
00000000000000000007c2ce4db
0000000000000000000a35dda24
00000000000000000003c7f0b26
000000000000000000e1de6d61c
000000000000000000030a3b190
000000000000000000f69dc5e55
000000000000000000e049c2d4c
00000000000000000013cb0a6af
00000000000000000010c2d000f
0000000000000000000d0e37da3
000000000000000000e538fd809
000000000000000000140e4090a
000000000000000000e48e478ca
0000000000000000000e97b837a
00000000000000000007028ec38
000000000000000000ea1b1b50c
00000000000000000006f1b6ea3
000000000000000000fd53fbae8
0000000000000000001423b3d42
00000000000000000007c0cf1f0
0000000000000000001db6a0b8c
000000000000000000e2b90ec39
0000000000000000001e5b41ca6
0000000000000000000430470cf
000000000000000000fb76423a9
000000000000000000e34a1d8a6
00000000000000000005016f356
00000000000000000004a6af722
0000000000000000000244eb453
00000000000000000016c3f6748
0000000000000000001809baf50
000000000000000000eaa9635d9
000000000000000000fceabcf65
0000000000000000000974ea318
00000000000000000016dac8b8b
000000000000000000097194a21
00000000000000000004deafdbc
000000000000000000eb9f945a9
000000000000000000e599cc88a
00000000000000000002c1b7931
0000000000000000001fa00ffa3
000000000000000000f7a956b52
0000000000000000000c91db2f9
00000000000000000019e019614
00000000000000000004066f8bf
000000000000000000180db08df
000000000000000000f47ee9433
000000000000000000f37605085
00000000000000000009b46c611
0000000000000000000b17c67b7
0000000000000000001bd2132d5
000000000000000000046691b91
0000000000000000000a721ad97
0000000000000000001b8b913e7
0000000000000000000aa9b5028
000000000000000000106d41822
000000000000000000079689f21
0000000000000000000f9e9d7e8
0000000000000000000bb204b78
000000000000000000e57cf9ecf
000000000000000000efd58b347
000000000000000000e4dcdd048
00000000000000000003c342de8
000000000000000000f7570123d
000000000000000000fcc5993ae
00000000000000000013c05ad8a
000000000000000000ea8e49346
000000000000000000f3aeaf32f
0000000000000000001abec2b66
0000000000000000001ea642eee
000000000000000000f4ace4259
0000000000000000000e58cf4cb
000000000000000000fa36cf184
000000000000000000101f22fdd
000000000000000000ec5a130dd
0000000000000000001006586cf
0000000000000000000472b0d07
000000000000000000eb20280a9
00000000000000000004d9799b8
000000000000000000f5c4a06d7
0000000000000000001182d52be
000000000000000000ef6bc40c1
000000000000000000e7e23cc71
0000000000000000000cffc7010
000000000000000000087b7df97
000000000000000000fd2cf6be0
00000000000000000004ded1d2f
00000000000000000013adf6cbf
00000000000000000012a74acce
00000000000000000006ec833be
000000000000000000056aa40cc
0000000000000000001b363ac80
000000000000000000f13883a1a
00000000000000000017549460c
000000000000000000f536a9737
0000000000000000001dca02ba7
00000000000000000005d7217e3
000000000000000000e764412a5
000000000000000000efb7f1e64
00000000000000000017d8da8fa
00000000000000000000874b257
0000000000000000000d04cc6fc
0000000000000000001769230b5
000000000000000000ee283b7e4
00000000000000000007b4c969e
000000000000000000e82793979
0000000000000000000765fce33
000000000000000000e56d8052c
00000000000000000015927b19e
0000000000000000000b9b00a5b
0000000000000000000e21640ec
00000000000000000009e62bdc9
0000000000000000001ec7d6fa9
0000000000000000001c908d097
000000000000000000117395a33
000000000000000000e4e3c3615
00000000000000000003580f725
000000000000000000181f5726a
0000000000000000001086bcf76
000000000000000000f63d4ab2b
0000000000000000001de10e5c5
000000000000000000097316aab
0000000000000000000f1dec6ba
0000000000000000001f493dbbb
000000000000000000f4377311d
000000000000000000ee2ff2d9b
0000000000000000000a014eef3
000000000000000000f77ab55bd
000000000000000000039abc20c
00000000000000000001e35ebd8
0000000000000000001165f0534
000000000000000000082923aad
000000000000000000f36cc44a5
000000000000000000fea2b03c9
0000000000000000000f6dfa7bc
00000000000000000013bb77cca
000000000000000000e66300211
000000000000000000e62e145c2
000000000000000000199562aa3
00000000000000000012135d4e4
000000000000000000e5dd86d99
00000000000000000011b117cc2
000000000000000000f763fbb50
000000000000000000e451c9c3d
0000000000000000001ac3cf1ab
000000000000000000e070b7c1a
000000000000000000013bf031d
000000000000000000fceddb555
000000000000000000e90e4f1c7
000000000000000000ee1179116
000000000000000000132ae2f0f
000000000000000000ff9a17278
000000000000000000ec2208244
0000000000000000000595cfa1d
000000000000000000ef3ba65b3
000000000000000000e82bd2d2f
00000000000000000018757e4a6
000000000000000000eb5288ef0
000000000000000000ef733d64f
00000000000000000018fef9cb7
000000000000000000010c44d87
0000000000000000000a0943aa3
0000000000000000000f9f1b4e5
00000000000000000015dbe8d05
000000000000000000ed6de0434
00000000000000000000708e15a
000000000000000000f0730051e
000000000000000000fea082ba6
0000000000000000000713678a8
000000000000000000067ea78bc
00000000000000000008ac220b0
00000000000000000018742e10a
000000000000000000e8245ed5f
000000000000000000f9dd33770
000000000000000000e83c1e329
0000000000000000001aaca314e
0000000000000000001f20286bb
00000000000000000017d66fe2b
00000000000000000009c360eae
0000000000000000001eee083a8
0000000000000000000319c0c34
000000000000000000015285ded
0000000000000000001791372b0
00000000000000000012bdd4e02
000000000000000000ff1e93253
000000000000000000f071d2538
000000000000000000164312531
00000000000000000016e1bdbc8
000000000000000000061f46638
0000000000000000000f11b0dd1
0000000000000000000d6bd3443
000000000000000000115127d9e
0000000000000000000f41e58b9
000000000000000000f977293fb
00000000000000000001ddd6ce8
000000000000000000005672fb4
0000000000000000000c835269c
000000000000000000120ac1977
000000000000000000e4bbed099
000000000000000000f08acb448
000000000000000000072977e85
0000000000000000001f86f003b
00000000000000000002e368505
000000000000000000f778b7550
000000000000000000033983597
000000000000000000048ddbcab
00000000000000000013dbf9d2d
0000000000000000001e7101127
0000000000000000000e0c7f161
00000000000000000012c7c5312
000000000000000000e78a60313
000000000000000000f04fb3f49
0000000000000000001189d445a
0000000000000000000b37feae6
000000000000000000ff68cf935
0000000000000000000cdc7e3a3
000000000000000000fedd1c168
0000000000000000001f521becb
000000000000000000176c44203
000000000000000000fc7e13b25
000000000000000000ebf88a252
000000000000000000e0af6a6d7
000000000000000000ff6a44682
000000000000000000ffdedb476
000000000000000000ec4481650
0000000000000000000815ed30a
000000000000000000ecaa46210
0000000000000000000e71265ba
0000000000000000000f072ff52
0000000000000000001df5d8f83
0000000000000000000b5cd2ef8
00000000000000000007cb65487
0000000000000000001fff3e976
000000000000000000e1f9b2a82
0000000000000000001a426d372
00000000000000000016d8cc69d
000000000000000000fcec8f4ed
0000000000000000000f40d89d1
000000000000000000181a4d05a
0000000000000000000a6a97a75
000000000000000000078c110b0
0000000000000000000880ac09b
0000000000000000000992a2ce2
000000000000000000ed2855b2f
000000000000000000e7d0d3274
000000000000000000f0341ba1b
000000000000000000e2555ddaf
000000000000000000eccee554e
00000000000000000009860aea5
0000000000000000000f6371942
000000000000000000f77c56b06
000000000000000000fcd616a0c
000000000000000000fe0dba6da
0000000000000000001b99e271c
000000000000000000190116a2f
000000000000000000eccfeaf91
0000000000000000001d5dfbf9a
000000000000000000f1adede92
000000000000000000fcf6def3b
000000000000000000ec9e9d340
0000000000000000001fc49e473
000000000000000000ea23b1632
0000000000000000000cf179b8c
00000000000000000014cc69c03
0000000000000000001ca5c6f9d
000000000000000000ea3df5e34
000000000000000000fa51ebb2e
000000000000000000eeb982e94
00000000000000000016233a623
000000000000000000f1b55c97d
000000000000000000ee91cfa21
0000000000000000001edc48dc3
000000000000000000e1449ac3e
0000000000000000000b24f44b6
000000000000000000fbce11513
000000000000000000118ac2749
000000000000000000efd3b444d
0000000000000000000380691f8
000000000000000000fff6446d2
0000000000000000000462dc1de
000000000000000000f4a4ebe01
000000000000000000ee18ed00e
0000000000000000000b4a7e569
0000000000000000001c0a3607b
000000000000000000140640eb8
000000000000000000eee843af6
000000000000000000f8d7f6aa2
000000000000000000f3a5be92e
00000000000000000009e9b9605
00000000000000000010eb7bfc0
00000000000000000006763ab12
000000000000000000122415758
0000000000000000001a6c9f1a9
000000000000000000099a83681
00000000000000000011804a011
000000000000000000f214ea9f3
000000000000000000e0720449b
0000000000000000000a68b8f94
000000000000000000f48e9e8d8
000000000000000000f46a9acd6
00000000000000000011cf0ab07
000000000000000000f0ea978b9
000000000000000000e74d29b5b
000000000000000000e48ae4c5c
000000000000000000f9d31f12d
00000000000000000014c2d2b8f
000000000000000000ffaec3e46
0000000000000000000fc7d660d
0000000000000000000a15776ed
000000000000000000f8365fa02
000000000000000000e7d7556be
000000000000000000137c4de13
0000000000000000001730e7bdf
000000000000000000124077b9d
0000000000000000000a0f5b81d
000000000000000000e91aea965
00000000000000000009971d9a9
00000000000000000011d940148
000000000000000000116505ab5
0000000000000000001760bf42b
000000000000000000f6ce18acb
00000000000000000003b5371dc
000000000000000000191a01502
0000000000000000000b84217b7
000000000000000000e1130d7a1
00000000000000000005a690b16
000000000000000000fde262293
0000000000000000000cc831104
0000000000000000000b17c7bda
000000000000000000193f74449
000000000000000000f6300ea4e
00000000000000000014d6ece94
00000000000000000006a5d1637
000000000000000000103a62a41
00000000000000000014ba6007c
000000000000000000edd0c9a7a
000000000000000000080058601
00000000000000000002f07cc39
000000000000000000113c48e82
000000000000000000f023b793a
000000000000000000057c56c3d
0000000000000000001e286ed5a
000000000000000000e0a65c754
000000000000000000f12d7aede
0000000000000000001cca716d4
000000000000000000f72214aa8
000000000000000000fae55094b
000000000000000000013414db7
0000000000000000001d3f41a6f
000000000000000000eb413b44c
000000000000000000087d9e435
00000000000000000019f9100d0
0000000000000000000adb6107b
00000000000000000009f0bbdb5
0000000000000000001b60f23ce
0000000000000000000c75805d3
0000000000000000000b788f0ac
00000000000000000010312a67e
000000000000000000e2b1afe45
0000000000000000001d454e9f2
000000000000000000020d65f99
00000000000000000009d176180
0000000000000000001fcb1cc9a
000000000000000000122cfa8ac
000000000000000000eac5805a8
00000000000000000019dd58d99
0000000000000000001b842a5ae
000000000000000000ea12a558a
0000000000000000001f268fdec
000000000000000000ef6db1522
000000000000000000013e6015e
000000000000000000ee7258892
0000000000000000001d473dce4
0000000000000000000d6abcecf
000000000000000000093774fa3
0000000000000000001f30afefd
000000000000000000f029c6363
0000000000000000001449946d7
00000000000000000007b13e289
0000000000000000000edd8df01
000000000000000000ec5e55564
0000000000000000000a3d6fecb
000000000000000000153192576
00000000000000000016f1ce2b9
000000000000000000e8a956bb9
00000000000000000001e54ad95
0000000000000000001de9d223a
0000000000000000000b01b4295
0000000000000000000423e7abc
000000000000000000153cbf1e0
000000000000000000f20ee4667
0000000000000000001acc2a15a
000000000000000000f9f326d97
000000000000000000168ec4a6f
000000000000000000fcbbded6a
0000000000000000001c582c29a
000000000000000000e5160b113
0000000000000000001e0b0be96
0000000000000000000f6fe2e88
000000000000000000101277e4f
0000000000000000001def412ec
00000000000000000019de32aae
0000000000000000001466187b4
000000000000000000e9f4aa11d
0000000000000000000bd006fa5
000000000000000000e1eb45357
0000000000000000000f6a4475e
00000000000000000008f8104dc
0000000000000000001fb322c5a
0000000000000000001f7fecd2d
00000000000000000002c53a637
000000000000000000191fd0734
000000000000000000e62415a82
000000000000000000fbab9712d
000000000000000000e5ad55058
0000000000000000000a31ec47c
000000000000000000130b5278b
00000000000000000008a455157
000000000000000000079a77a05
0000000000000000001b14e2159
000000000000000000076c45508
0000000000000000001a822c907
00000000000000000010f4a4a93
000000000000000000e3f9b371b
000000000000000000f57166c15
0000000000000000001ecfaf6fa
0000000000000000000251b75fc
0000000000000000001f10a484c
000000000000000000e3d7bb39b
000000000000000000eff2d52ea
0000000000000000000d1f2c45f
00000000000000000011a19b25b
00000000000000000007a705733
000000000000000000eeb7c653b
000000000000000000e3b7213c2
0000000000000000001a073d6e8
000000000000000000f7e97ec50
000000000000000000efcf6b49d
000000000000000000f9d66088c
000000000000000000184f29a88
000000000000000000127fb3626
000000000000000000f41ff8273
0000000000000000001923f4a5e
000000000000000000eb0a1789f
00000000000000000000295ae01
00000000000000000002073f3dd
00000000000000000019d75ef07
000000000000000000fadb1d896
000000000000000000107fac3b8
0000000000000000001603337f1
000000000000000000f6cb8b36d
0000000000000000000edcbe77d
0000000000000000001aef676e6
0000000000000000000edd7b0dd
00000000000000000018e88f24b
00000000000000000016f4ef3e8
0000000000000000001b3b7c3bb
0000000000000000000ae99daba
0000000000000000000cafc0dc3
0000000000000000000161ba021
000000000000000000065eb71a3
000000000000000000f328fe29b
000000000000000000183f27a41
000000000000000000fa80a27f8
00000000000000000005d66a9cb
000000000000000000fe5e364b9
0000000000000000000f7ba1ec5
000000000000000000f974fe7e1
000000000000000000e6293003b
000000000000000000fc066de6e
0000000000000000001443d502c
000000000000000000f5dfbbcd4
000000000000000000e748b2f75
00000000000000000017bf48247
00000000000000000001737edb6
000000000000000000ff8d06fa0
000000000000000000009566c23
000000000000000000ecb3246ab
0000000000000000001b6a06d46
000000000000000000f5c23b9f6
000000000000000000189c3cb16
0000000000000000001d6501527
00000000000000000013c0c6d11
000000000000000000135c16706
000000000000000000096a039f2
0000000000000000001389d38cf
000000000000000000036fa2bfa
0000000000000000000639592cc
00000000000000000003a1b4802
000000000000000000083e47695
000000000000000000e48678855
000000000000000000e556dac8f
0000000000000000001560f2bda
000000000000000000fbca5d716
0000000000000000000f1f6128b
000000000000000000113362879
00000000000000000016a239ad4
00000000000000000017476805d
0000000000000000001a1283f96
00000000000000000013776ec1b
00000000000000000013ae655a7
000000000000000000183ac4a6d
0000000000000000001ad1ba75e
000000000000000000f74f78f7a
00000000000000000017ba4d19c
000000000000000000027fa9bc3
000000000000000000f4d3d3ed3
0000000000000000000dff426c6
0000000000000000001d55a2acf
00000000000000000018b5c050e
00000000000000000006a0ccee1
000000000000000000ebc09c0a9
000000000000000000f1493f4f5
000000000000000000ea98f1027
0000000000000000001f95de281
000000000000000000f9b6ec62b
000000000000000000174be9ee6
00000000000000000013d81f9e0
0000000000000000001924c9abe
0000000000000000000281721d4
00000000000000000010a1a26e7
000000000000000000130eb4378
000000000000000000fed744a37
0000000000000000001a0708e70
000000000000000000156c35d62
000000000000000000193ceb516
000000000000000000f1b08fb46
000000000000000000035d64c90
0000000000000000000a43319f1
000000000000000000073627e7f
0000000000000000001df83f640
0000000000000000001dd1ff44a
000000000000000000e2203afb9
000000000000000000067f8dc31
000000000000000000196738676
0000000000000000000cf2e26b8
0000000000000000000ca420708
000000000000000000169d56381
0000000000000000000fe8c5bf8
000000000000000000edf91ff7b
00000000000000000016a06b304
000000000000000000e5006423b
0000000000000000000a476a0be
000000000000000000ff9187aa8
000000000000000000eca0cd852
000000000000000000f4f3cf60e
000000000000000000e8181869c
0000000000000000000d077e6f0
0000000000000000001188a4cb3
0000000000000000001f2794930
000000000000000000003de1ea8
00000000000000000016d0ef99d
000000000000000000064ccd795
00000000000000000016ea84902
000000000000000000e105bb84b
000000000000000000e547de4eb
0000000000000000000a692619a
000000000000000000ece00cce2
0000000000000000000afb4b997
0000000000000000000beef73a3
000000000000000000090c70b2c
0000000000000000001670c97e2
000000000000000000128e9b06d
000000000000000000084fe99b8
00000000000000000006a859435
00000000000000000008923d9e1
000000000000000000153479b41
00000000000000000017deb4304
000000000000000000efea554e6
000000000000000000085b7163c
00000000000000000006cbd887a
000000000000000000f493bcf08
000000000000000000004aff9fa
000000000000000000f4d44671a
000000000000000000e4107df0b
000000000000000000147c6bc95
00000000000000000012e3dfe14
0000000000000000001f8e5d30d
000000000000000000145f4be7d
00000000000000000014a5c7be4
0000000000000000000f432dc4b
0000000000000000000589b883c
0000000000000000000ffef6260
000000000000000000f7f9402dd
00000000000000000001fcc0475
00000000000000000011d0f8036
000000000000000000e491b9f7a
000000000000000000183848ac4
00000000000000000010c42fa90
000000000000000000148dc7de2
000000000000000000f041a9a22
000000000000000000f1fa71911
0000000000000000000db791935
000000000000000000fa5a2a8aa
00000000000000000013b1163a7
0000000000000000000a564655b
000000000000000000162e88952
000000000000000000e80cdb1ef
0000000000000000001d8b133e8
000000000000000000feff526a0
000000000000000000ea9e51409
0000000000000000000be5c48fc
00000000000000000006c59035d
0000000000000000001a4b462f4
000000000000000000f68cde720
000000000000000000e8297f2b1
000000000000000000e3157d583
000000000000000000ed974a8ad
00000000000000000019e028ad4
0000000000000000000b4266bc1
000000000000000000181bba07b
0000000000000000000089b9d29
000000000000000000f24f188cf
000000000000000000f9fa2d3de
00000000000000000014777a280
0000000000000000001035c5866
000000000000000000141b3f137
000000000000000000019b353a6
000000000000000000ed9eb53e8
000000000000000000056fa6a18
00000000000000000013642f58b
00000000000000000011ffdbe34
0000000000000000000f014a719
000000000000000000069cd1715
000000000000000000f542f13bd
0000000000000000000e50e821b
000000000000000000f3df321ee
000000000000000000150fd3236
00000000000000000012b2389f9
0000000000000000001034fc382
00000000000000000007ec1b3a4
000000000000000000162010225
0000000000000000000b6fd84d4
000000000000000000063730541
000000000000000000fec7ee74b
000000000000000000f7597ee96
000000000000000000f5deec0c6
0000000000000000001753ea134
000000000000000000f9f5024fc
0000000000000000001a8e12f32
0000000000000000001dffb5e56
0000000000000000001651852fe
000000000000000000061e83882
0000000000000000000609b323e
000000000000000000f0e054fb0
0000000000000000000b35e1541
0000000000000000000460fe378
0000000000000000001400647ce
000000000000000000176a5b607
0000000000000000000c7afcd41
000000000000000000e434cc418
00000000000000000011266d70c
000000000000000000194808c83
000000000000000000e5712e9de
000000000000000000044007b5d
0000000000000000001a6624764
0000000000000000001ba526a77
000000000000000000e07d332ef
000000000000000000e3f98c568
0000000000000000001747f0829
00000000000000000012839378f
000000000000000000e38baa3e0
00000000000000000009480b7ca
0000000000000000001f4c1fc7e
0000000000000000000c9037164
000000000000000000e114b2bbc
0000000000000000001f2734f2b
000000000000000000fb28d558a
000000000000000000118744d7e
00000000000000000015ec6bbcf
000000000000000000175f09bc6
000000000000000000e59024625
0000000000000000000e295040b
000000000000000000ebb757dad
0000000000000000000cc854031
000000000000000000008e9c1dd
000000000000000000f220503ba
00000000000000000000a7eb53c
00000000000000000011830a021
000000000000000000042ce9acd
00000000000000000009ec6aa22
0000000000000000001eae77aac
000000000000000000f8c8ebb03
000000000000000000f83879e57
000000000000000000fb0a239eb
0000000000000000000c17d5c31
000000000000000000f229c7c60
000000000000000000029a62d27
000000000000000000ec11f95a6
00000000000000000006f325230
000000000000000000f4605892f
0000000000000000000eb21a3a7
0000000000000000001899f4900
000000000000000000158995458
0000000000000000000909f657f
00000000000000000004bf43521
000000000000000000e6f4b905b
000000000000000000f5ded8ead
000000000000000000e9a7d4c77
000000000000000000fdee6ea44
000000000000000000fca2cde59
0000000000000000001f1012d49
000000000000000000e07df51c4
000000000000000000f10247d82
00000000000000000004208fa59
0000000000000000000037aefad
00000000000000000000d375d0f
00000000000000000007c591cb1
000000000000000000fbebe6099
0000000000000000000bd629086
0000000000000000000ef8c1d75
000000000000000000e327799a9
0000000000000000000e1240ca0
0000000000000000001b581ba8b
0000000000000000000636d6ea5
0000000000000000001c557f8ed
00000000000000000008b3ac46d
0000000000000000000fb51e130
000000000000000000e3c587d8c
0000000000000000001611d279e
00000000000000000010b6a4720
0000000000000000001653547e6
000000000000000000e36cce597
000000000000000000e45c51eb0
000000000000000000ead2fb3bd
000000000000000000e3eac7768
000000000000000000111143c44
00000000000000000010d6de7dc
0000000000000000001269744a0
000000000000000000f518163d0
000000000000000000f995c8218
0000000000000000000edbc01a8
000000000000000000109082e20
000000000000000000fdd80ea50
0000000000000000000aaf2d498
000000000000000000f7bd3f6ea
00000000000000000016495ad69
000000000000000000079df3f16
0000000000000000000f7a19fa2
000000000000000000e775eea13
0000000000000000000642f79b1
000000000000000000e0f3b9f45
00000000000000000009841264b
000000000000000000f005aff2e
00000000000000000007e2a8e0f
0000000000000000001c263f75f
00000000000000000016265be8c
0000000000000000000b8c1eaec
000000000000000000f57ad092d
00000000000000000018c2e29dd
000000000000000000192b1c391
000000000000000000e102daa75
00000000000000000010f724bf3
00000000000000000006995fc28
000000000000000000e80ea7aa0
0000000000000000000eb2f807d
000000000000000000123944a41
000000000000000000e94a4ef3a
000000000000000000f1d9a0c5c
000000000000000000eb9fa6b5f
000000000000000000e49a3164c
000000000000000000f7e58b048
0000000000000000001d257f3bb
00000000000000000012d608b8c
0000000000000000001ed13ff80
0000000000000000000cc35b60e
000000000000000000ef93ba03c
0000000000000000001109b26ea
0000000000000000001b2d52394
000000000000000000e5ce6d51f
0000000000000000001ee3f787f
000000000000000000159efb688
000000000000000000f216a7739
000000000000000000e5ad3f4c1
000000000000000000f6f451ee7
0000000000000000000f584b7a9
0000000000000000001f9185a52
000000000000000000149b9b0d1
000000000000000000e2fb8260e
000000000000000000fb485a844
0000000000000000000cd61d8b4
000000000000000000f1cc1966d
0000000000000000000e23a2167
000000000000000000033de0cea
00000000000000000015ac44a34
00000000000000000003948e18e
000000000000000000054d0964e
000000000000000000f790f2e7b
000000000000000000042d984ec
000000000000000000eb6c9857d
000000000000000000ec8188a7d
000000000000000000f56f37542
000000000000000000006bdc525
000000000000000000f6fefa1a8
00000000000000000013cd9bc6f
000000000000000000ffb7ba6f4
00000000000000000011c8fc9ca
00000000000000000006ef93838
0000000000000000000bdd23f3a
000000000000000000e3ea88ec8
000000000000000000179f0a32c
0000000000000000001e2e754fe
000000000000000000156fe58ea
0000000000000000001707e977f
0000000000000000000a8ca3e44
0000000000000000000c0fd5da5
0000000000000000001efd2fe9d
000000000000000000170ab98e2
000000000000000000ec54cf517
0000000000000000000c1dc9002
0000000000000000000ad845578
00000000000000000001c3f0617
000000000000000000f372a1d73
00000000000000000017163a9b3
000000000000000000ea6c8786c
0000000000000000001aa68e32e
0000000000000000000ed4cb770
000000000000000000056132041
000000000000000000e4ee434a1
00000000000000000014e629015
000000000000000000fe90a5631
0000000000000000001e1841eaf
000000000000000000160cb6e3b
0000000000000000001a92d945e
000000000000000000f8e4cebce
000000000000000000e028d4541
00000000000000000019aa5f173
0000000000000000000f6da9938
00000000000000000013a4bd4d1
000000000000000000eb20b7cef
000000000000000000e0a1e7d22
0000000000000000000e6b39e04
000000000000000000ebbc0e969
0000000000000000000b933ef41
0000000000000000001ecabf6a9
0000000000000000000ad7de962
00000000000000000014dced01c
0000000000000000000b850ac17
00000000000000000016487982d
0000000000000000000565b92b6
00000000000000000007f0a4b9b
00000000000000000000af5f0d1
00000000000000000016151523d
000000000000000000f1acfc3e8
0000000000000000000a4772e1a
000000000000000000fa349ad51
000000000000000000f67a99c9d
0000000000000000001bc5faf55
000000000000000000e678da401
0000000000000000000a5656093
0000000000000000001212150c5
0000000000000000000e603da74
0000000000000000001251cd047
0000000000000000000a2c86200
0000000000000000001714139d6
0000000000000000000d4eef240
0000000000000000000dc1f50fb
000000000000000000fde30b213
00000000000000000006236aa1a
0000000000000000001245517ac
000000000000000000ea6e603a2
0000000000000000001303eb604
00000000000000000002a4457cb
00000000000000000018205fe59
0000000000000000001380c9039
0000000000000000000ec307c80
000000000000000000f21191cb7
000000000000000000e1d0ed58f
000000000000000000efc949ee3
00000000000000000004d370e54
000000000000000000033d4eb7a
000000000000000000f58571bfc
00000000000000000013d4a8560
000000000000000000f7d043e89
000000000000000000008acb75d
000000000000000000f11fd960a
0000000000000000001e6900673
000000000000000000f631b74c6
0000000000000000000648795d4
000000000000000000e5a41a108
0000000000000000001e1a4be33
000000000000000000f08aad596
00000000000000000010158280a
00000000000000000007fd291cf
00000000000000000004e41b045
00000000000000000008aa77849
00000000000000000003ce1ab34
00000000000000000006df11cbc
00000000000000000007d5adb46
0000000000000000000732ecbf1
00000000000000000019d5a2c9a
000000000000000000026e76bd8
000000000000000000e1007d4bd
000000000000000000ff254d160
000000000000000000eec9dfab4
000000000000000000fd76450cb
00000000000000000001143f4e4
000000000000000000e4e7195d2
000000000000000000f561e70ed
00000000000000000018a6daafa
00000000000000000002716686b
00000000000000000018e195e62
000000000000000000fab5bdd26
000000000000000000f025bdea9
000000000000000000149705a71
0000000000000000001b7a12fb4
000000000000000000f85a110e4
000000000000000000ef1ede5a7
00000000000000000000820a583
000000000000000000e9b3f7cb5
00000000000000000005962df34
00000000000000000000cca4849
0000000000000000001bfde8748
0000000000000000001ee0047fa
000000000000000000ecd85a604
000000000000000000135b38fd5
000000000000000000112ae9183
0000000000000000000e2abe68c
000000000000000000ea02ab678
000000000000000000022b0fb7f
000000000000000000ea1ae52f1
00000000000000000008782ce49
00000000000000000011ce64442
00000000000000000006b8946c0
0000000000000000001f53536dc
0000000000000000000fbcb3889
00000000000000000006d4416a7
000000000000000000eb8a1d524
000000000000000000f80aab2b0
000000000000000000012856287
000000000000000000ffd1f00a2
000000000000000000e5c1c0f87
000000000000000000e7b557f10
00000000000000000017f5f857a
000000000000000000eb03e5443
000000000000000000e098c3676
000000000000000000e3b268d52
000000000000000000055ec3c20
0000000000000000000681b1259
00000000000000000014fb8b2c3
00000000000000000002a9269ad
000000000000000000e3d38275e
000000000000000000f73e8b4cf
00000000000000000011d82c8f4
000000000000000000013118224
0000000000000000001356dfdfb
00000000000000000003fe20f36
00000000000000000010d2dbe1b
00000000000000000007f2acbfe
00000000000000000008e85154f
000000000000000000035350c98
000000000000000000e9639cf5f
0000000000000000001971ea420
0000000000000000001104f58ed
000000000000000000e1f52240f
000000000000000000ebbf63ebe
0000000000000000000ded6d4e2
000000000000000000f5c7585cb
000000000000000000f3d921e8e
000000000000000000043d7383e
000000000000000000ec01e41a4
000000000000000000fbcf2910e
00000000000000000008445700b
0000000000000000000832bd80b
0000000000000000001900397de
0000000000000000000ffd343ae
00000000000000000001ffb5d58
000000000000000000e7d59fd52
000000000000000000f8b8a60d7
0000000000000000000a5b92688
0000000000000000001f8155a16
000000000000000000f890def62
000000000000000000f9027863b
000000000000000000e05e8d5a4
00000000000000000014d0c1d20
000000000000000000fa5f73a99
0000000000000000000d29912b9
000000000000000000ec70dba4b
0000000000000000000487e3ae9
000000000000000000edfabbcec
00000000000000000015ac4cbf4
000000000000000000068c094f4
000000000000000000176d53afa
000000000000000000047919964
0000000000000000001393ba3fb
0000000000000000001acc779b3
000000000000000000f1424544a
0000000000000000001ba2d6e07
000000000000000000f62668b8a
000000000000000000efbd33174
0000000000000000000fc657bc0
0000000000000000000171ab6b1
000000000000000000113ea5c7b
000000000000000000134fb6ab8
000000000000000000052f5c08b
00000000000000000019bf47995
000000000000000000fde64c872
000000000000000000067dfb16b
000000000000000000e579985f5
000000000000000000fe20510e1
000000000000000000eb3ec865a
000000000000000000087a2a766
00000000000000000003eb62ac2
00000000000000000006b510814
000000000000000000ffe5f2922
0000000000000000000845bd868
0000000000000000000045fb10b
0000000000000000001f6314e24
000000000000000000fcf122341
000000000000000000f986735ad
000000000000000000f5d71c662
00000000000000000018176c736
0000000000000000000a376941c
000000000000000000e770f2a94
00000000000000000010644b8ef
000000000000000000fce495b1b
000000000000000000037995eb4
000000000000000000fe652aecf
00000000000000000004ab67713
00000000000000000012f722867
0000000000000000001585b4499
00000000000000000017d713807
0000000000000000001be358f3d
0000000000000000001c0b28e5e
0000000000000000000a2ad1c90
000000000000000000e9d924ed3
000000000000000000074364766
000000000000000000136a62ce3
000000000000000000ed2e36768
000000000000000000e65068f2e
0000000000000000001155bbe5a
000000000000000000ed44bd413
00000000000000000019099b244
00000000000000000016d40ee56
0000000000000000000e58f9100
00000000000000000017e90e0f1
000000000000000000fb6e305f3
000000000000000000ebb3a6654
000000000000000000eca485ec8
00000000000000000010feb8296
000000000000000000197024cb7
00000000000000000011d90738c
0000000000000000001b2c73866
00000000000000000011a5f8c3e
0000000000000000001958a6658
000000000000000000169d2dccb
000000000000000000ec488b13f
000000000000000000fc2b29a02
0000000000000000001b85083e2
00000000000000000006eff3d5e
00000000000000000019d1e068a
00000000000000000017b0a78b8
000000000000000000eb1a5c4c3
000000000000000000f67526988
000000000000000000ecfe6c8ad
000000000000000000142769238
00000000000000000011d006f19
000000000000000000033c27289
0000000000000000001f83865c8
00000000000000000010a0e7ac6
0000000000000000000dacc06e4
000000000000000000166aebf60
0000000000000000000ba509a4a
0000000000000000001a80cab0d
0000000000000000001cdc3736d
000000000000000000e0253fcb8
000000000000000000edec756d7
0000000000000000000910885d1
00000000000000000018e959076
00000000000000000000a477ccb
0000000000000000000be5f1812
000000000000000000e41eb128f
0000000000000000001124877cf
0000000000000000001981f35ba
0000000000000000000d5c2dbc6
000000000000000000fb899bb8b
0000000000000000000c8fa7b0a
0000000000000000000e51d37e6
000000000000000000199a34787
000000000000000000fdbff783c
0000000000000000001f709cf61
000000000000000000e44b3f0f5
00000000000000000006f161c6a
0000000000000000001039d71e8
000000000000000000e9bdf065e
0000000000000000000ead2c968
000000000000000000144eccbb7
0000000000000000000bbd408b3
00000000000000000001d155c09
0000000000000000000373f02d9
0000000000000000001c468d630
000000000000000000ef51b4d3a
0000000000000000000c846d2fe
000000000000000000ee57847fd
0000000000000000001b2acfd6d
0000000000000000001f8b267a5
0000000000000000000c52c67a9
000000000000000000faa01daed
00000000000000000011933f282
000000000000000000fd1557320
000000000000000000071bf3cf5
000000000000000000fff97eec4
000000000000000000f63e9f9d1
0000000000000000000d7d0ba59
000000000000000000f197f2800
000000000000000000fa82afc28
000000000000000000168c4318a
00000000000000000016223834d
000000000000000000efefda750
000000000000000000eb3de97ac
00000000000000000005fead958
0000000000000000001b15139c8
000000000000000000201c56153
000000000000000000f5bce905a
00000000000000000010f0ef406
000000000000000000152ae038f
0000000000000000000f8c1329a
0000000000000000000105c9033
000000000000000000e34e4f149
000000000000000000f3d923d93
0000000000000000001d33d5e5e
00000000000000000011acf242f
000000000000000000e71610635
000000000000000000fce51ca73
000000000000000000029c70b52
00000000000000000015bcd0156
0000000000000000000a5be7e9b
000000000000000000005b63e19
00000000000000000004d23371e
000000000000000000f528b9e4e
000000000000000000f2b4ef80f
00000000000000000009c3c3690
0000000000000000001bace9b6f
0000000000000000000a3f9f387
000000000000000000180131797
000000000000000000103495692
00000000000000000003c800883
00000000000000000003274c7a9
00000000000000000003cadca50
000000000000000000fc461f1a3
0000000000000000001450fd820
000000000000000000056aa0ec1
0000000000000000000e8242309
000000000000000000122952336
0000000000000000000c5719a0b
0000000000000000000003186b4
0000000000000000000f71143cf
00000000000000000014ba023b3
000000000000000000144202406
0000000000000000001448d7442
000000000000000000109dc792d
000000000000000000f063c40e1
00000000000000000005936ed3b
00000000000000000011a829fc7
00000000000000000004ef481f0
000000000000000000ed2cabc3b
0000000000000000001611c17bc
000000000000000000032fd34fa
0000000000000000001f1a36148
000000000000000000ee563d810
0000000000000000001b535a465
000000000000000000f546c21e7
0000000000000000000eb87bb3d
0000000000000000000666a1e6d
000000000000000000080075b05
0000000000000000000b03920ee
000000000000000000f36ea2c1d
0000000000000000000d998d683
000000000000000000fe578dae1
00000000000000000006b798b62
00000000000000000016ec91a75
000000000000000000f977a2320
000000000000000000e6b9e6089
0000000000000000000295822c0
0000000000000000001a1d56bae
000000000000000000fbedf141e
00000000000000000014612b1e1
000000000000000000f81965c33
000000000000000000e184358f7
0000000000000000000a3f7f54a
0000000000000000001a7bb8689
0000000000000000000d56da080
0000000000000000000c4ea5315
000000000000000000e20251062
00000000000000000006220a896
00000000000000000000127362d
0000000000000000001f797ec90
0000000000000000002008c625a
000000000000000000ff8b67f5e
000000000000000000ea5fa9707
0000000000000000001d68218e7
000000000000000000007aa7979
000000000000000000f4806466e
0000000000000000000df12ec6d
000000000000000000f614b2b50
0000000000000000000e48a2c54
000000000000000000f3f7423a0
000000000000000000e8bc7ee99
00000000000000000007875a12a
00000000000000000000ac4ba43
0000000000000000001c68d55f7
000000000000000000035bfaa1f
000000000000000000f58d77582
00000000000000000018a8e52d2
00000000000000000002bf53287
000000000000000000fac5130da
000000000000000000141e66301
000000000000000000034c00fa3
00000000000000000003b957ae6
0000000000000000001432fde2d
000000000000000000158affdc2
0000000000000000000602b7139
000000000000000000e9b4d8553
000000000000000000e52615bdc
000000000000000000109177561
000000000000000000e44dd0c1d
000000000000000000087589135
000000000000000000e3ad376dc
00000000000000000019ee960e8
0000000000000000000642ed1b5
0000000000000000000fc958514
000000000000000000161761a85
00000000000000000003e31fb0f
00000000000000000011dd89869
000000000000000000e0f96a212
000000000000000000fb56deef2
0000000000000000000041ba7ca
0000000000000000002019a6afc
000000000000000000136e29a28
000000000000000000102dad51f
00000000000000000005cab9cce
00000000000000000015e7f2e62
0000000000000000001abbec188
00000000000000000002ec4d930
000000000000000000fbc9e9a58
00000000000000000017ba20a58
0000000000000000000bf583a2a
00000000000000000005a1ebfea
0000000000000000000996bd102
0000000000000000000ed3755ab
00000000000000000018570b8e3
00000000000000000016c134ec7
00000000000000000001130effd
000000000000000000feada4dc6
0000000000000000000d7206be4
0000000000000000000a85a3089
00000000000000000009bedc9c1
0000000000000000000e95f1a86
000000000000000000f3037b4eb
000000000000000000fe2f7faf1
0000000000000000000fdfeb96a
000000000000000000f5952c854
000000000000000000008a5514a
000000000000000000edd45647a
000000000000000000fcf87edd0
000000000000000000178973efe
00000000000000000006dccd794
0000000000000000000ec49a24a
0000000000000000001bf134fde
0000000000000000002013be0ff
000000000000000000f0236a5da
000000000000000000f1628f40d
0000000000000000001ab5daa12
0000000000000000001abafb8bf
0000000000000000000dd41d64f
000000000000000000090558902
0000000000000000000282bacb5
000000000000000000f20bfc78e
00000000000000000005d2c4db8
00000000000000000007ccd738d
000000000000000000fc358f788
0000000000000000001f0052612
000000000000000000e0b34f97d
000000000000000000e58ad8063
000000000000000000f313311d4
0000000000000000000e6529216
000000000000000000fe71eb438
0000000000000000001ff2172d3
00000000000000000011623e2cd
000000000000000000ff717fb22
000000000000000000eb61e6fe6
0000000000000000001e9374a28
0000000000000000001705cd047
0000000000000000001bdde7f9b
000000000000000000ebbf5a007
0000000000000000000ab1205d4
000000000000000000053ac8886
000000000000000000fc0238a2c
0000000000000000001b7b7d7b4
000000000000000000f0108fd58
000000000000000000074c0ba81
000000000000000000072ab3f28
0000000000000000000c99ab292
000000000000000000088aa7799
0000000000000000000ba1e782a
000000000000000000ecaa82774
0000000000000000000ec74537b
0000000000000000001c1acb281
000000000000000000f65a5b34d
000000000000000000e874f2fa3
0000000000000000000759e0385
000000000000000000f0e03f26a
00000000000000000001a138916
00000000000000000004d33d8d8
0000000000000000001bff43537
00000000000000000013d24034a
000000000000000000074ba424c
000000000000000000e86e8b9c5
000000000000000000191b20b57
000000000000000000195845b31
0000000000000000000079c3e4f
00000000000000000005bd5074e
0000000000000000000eeb1d0bf
0000000000000000000a20a7ee2
0000000000000000001c220c0b4
000000000000000000f4ab9cc21
0000000000000000001ebd19fa3
00000000000000000006c77850b
000000000000000000ec2cffb7c
00000000000000000003570633a
0000000000000000001e6848678
0000000000000000001e6b569d3
000000000000000000f14ab2e20
000000000000000000fbe6dc999
000000000000000000f2df63cd9
00000000000000000000b153a3b
0000000000000000001e2b3cda8
0000000000000000001459fb8ac
000000000000000000f199aedfb
0000000000000000000291738c7
000000000000000000e28d44f28
0000000000000000001f11d7292
0000000000000000001f883834f
000000000000000000eb0436bf8
000000000000000000f0ffbf466
0000000000000000001af2ea240
000000000000000000e83846b7b
00000000000000000010f0b92ec
000000000000000000e739a25ee
0000000000000000001a43e33c7
00000000000000000002ec0b9b2
0000000000000000001d451d305
00000000000000000008f9d8a0d
00000000000000000002a0947dd
000000000000000000ecb77a057
0000000000000000001cb66a184
000000000000000000f3560a16b
000000000000000000f7df89339
000000000000000000e9dcba114
0000000000000000000734c3e36
0000000000000000001a04c1704
0000000000000000001fed1b3ed
000000000000000000fe9d8c1c4
000000000000000000ff8743586
000000000000000000e9bdf9db3
000000000000000000e242b559a
0000000000000000001e7f138d5
000000000000000000f40d8854a
00000000000000000013524c5c0
00000000000000000009d068fc0
0000000000000000001a6db4f9a
0000000000000000001ff8f91aa
000000000000000000f79101c15
0000000000000000000434ac76d
00000000000000000018a2b63c1
000000000000000000174900fd9
00000000000000000005a85ad0f
00000000000000000017efb8c9f
0000000000000000001aceaa416
0000000000000000001570a85c5
0000000000000000000dc67b627
000000000000000000eaa4c6153
000000000000000000165797caf
0000000000000000000e5defa49
000000000000000000ed8c0b11b
000000000000000000e3c56c066
00000000000000000012e02f225
0000000000000000001aeba3f51
000000000000000000eb4b886df
000000000000000000152007fd5
000000000000000000164834277
0000000000000000001aac46d60
000000000000000000fdb9e5e0c
000000000000000000e7e594360
00000000000000000000f1a8d32
0000000000000000001867b0c83
000000000000000000e137edc97
00000000000000000018e5b96d9
0000000000000000000344bbdbc
00000000000000000007fb4b139
000000000000000000eaf144b9e
00000000000000000008811fcf9
000000000000000000f0e9ec9b7
000000000000000000f9ffc87a3
000000000000000000e9b31caf9
00000000000000000007c3087d1
0000000000000000000a944958b
000000000000000000f2af426db
000000000000000000e957122b1
0000000000000000001289d2303
0000000000000000001f9018966
0000000000000000001ef5c2196
0000000000000000000f74b0032
0000000000000000001e66dc3c2
000000000000000000ef0482ab8
000000000000000000eb27734e7
0000000000000000000fc9c3b6b
000000000000000000e0346b393
0000000000000000000be922c39
0000000000000000000066fbba7
000000000000000000e1c3df16f
00000000000000000005fc52616
00000000000000000006f8ca252
000000000000000000165998df0
0000000000000000001346a3da0
00000000000000000009b564912
000000000000000000f5b972b51
000000000000000000105af1ad8
000000000000000000f527dcb8f
000000000000000000f1a385254
000000000000000000fa5855209
00000000000000000009a8f81e4
000000000000000000f6e550842
0000000000000000001611c230f
00000000000000000009a1c1163
000000000000000000046bbbcfe
00000000000000000008c9af4e8
0000000000000000001ae430a14
000000000000000000f18eee27f
000000000000000000fdc447e88
000000000000000000182d0adbd
0000000000000000000050cd92e
000000000000000000165117c27
000000000000000000fc45489a0
000000000000000000fefaff58a
0000000000000000000f6d8f90a
000000000000000000096feea31
0000000000000000001b520b7d1
00000000000000000011a546988
0000000000000000001a125f255
000000000000000000e4d0601b4
000000000000000000e80539b3a
00000000000000000019242cad1
00000000000000000017fa064f8
000000000000000000041898cc2
000000000000000000fc4be9110
000000000000000000000000000
000000000000000000000000000
000000000000000000000000000
000000000000000000000000000
000000000000000000000000000
000000000000000000000000000
000000000000000000000000000
000000000000000000000000000
000000000000000000000000000
000000000000000000000000000
000000000000000000000000000
000000000000000000000000000
000000000000000000000000000
000000000000000000000000000
000000000000000000000000000
000000000000000000000000000
000000000000000000000000000
000000000000000000000000000
000000000000000000000000000
000000000000000000000000000
000000000000000000000000000
000000000000000000000000000
000000000000000000000000000
000000000000000000000000000
000000000000000000000000000
000000000000000000000000000
000000000000000000000000000
000000000000000000000000000
000000000000000000000000000
000000000000000000000000000
000000000000000000000000000
000000000000000000000000000
000000000000000000000000000
000000000000000000000000000
000000000000000000000000000
000000000000000000000000000
000000000000000000000000000
000000000000000000000000000
000000000000000000000000000
000000000000000000000000000
000000000000000000000000000
000000000000000000000000000
000000000000000000000000000
000000000000000000000000000
000000000000000000000000000
000000000000000000000000000
000000000000000000000000000
000000000000000000000000000
000000000000000000000000000
000000000000000000000000000
000000000000000000000000000
000000000000000000000000000
000000000000000000000000000
000000000000000000000000000
000000000000000000000000000
000000000000000000000000000
000000000000000000000000000
000000000000000000000000000
000000000000000000000000000
000000000000000000000000000
000000000000000000000000000
000000000000000000000000000
000000000000000000000000000
000000000000000000000000000
000000000000000000000000000
000000000000000000000000000
000000000000000000000000000
000000000000000000000000000
000000000000000000000000000
000000000000000000000000000
000000000000000000000000000
000000000000000000000000000
000000000000000000000000000
000000000000000000000000000
000000000000000000000000000
000000000000000000000000000
000000000000000000000000000
000000000000000000000000000
000000000000000000000000000
000000000000000000000000000
000000000000000000000000000
000000000000000000000000000
000000000000000000000000000
000000000000000000000000000
000000000000000000000000000
000000000000000000000000000
000000000000000000000000000
000000000000000000000000000
000000000000000000000000000
000000000000000000000000000
000000000000000000000000000
000000000000000000000000000
000000000000000000000000000
000000000000000000000000000
000000000000000000000000000
000000000000000000000000000
000000000000000000000000000
000000000000000000000000000
000000000000000000000000000
000000000000000000000000000
000000000000000000000000000
000000000000000000000000000
000000000000000000000000000
000000000000000000000000000
000000000000000000000000000
000000000000000000000000000
000000000000000000000000000
000000000000000000000000000
000000000000000000000000000
000000000000000000000000000
000000000000000000000000000
000000000000000000000000000
000000000000000000000000000
000000000000000000000000000
000000000000000000000000000
000000000000000000000000000
000000000000000000000000000
000000000000000000000000000
000000000000000000000000000
000000000000000000000000000
000000000000000000000000000
000000000000000000000000000
000000000000000000000000000
000000000000000000000000000
000000000000000000000000000
000000000000000000000000000
000000000000000000000000000
000000000000000000000000000
000000000000000000000000000
000000000000000000000000000
000000000000000000000000000
000000000000000000000000000
000000000000000000000000000
000000000000000000000000000
000000000000000000000000000
000000000000000000000000000
000000000000000000000000000
000000000000000000000000000
000000000000000000000000000
000000000000000000000000000
000000000000000000000000000
000000000000000000000000000
000000000000000000000000000
000000000000000000000000000
000000000000000000000000000
000000000000000000000000000
000000000000000000000000000
000000000000000000000000000
000000000000000000000000000
000000000000000000000000000
000000000000000000000000000
000000000000000000000000000
000000000000000000000000000
000000000000000000000000000
000000000000000000000000000
000000000000000000000000000
000000000000000000000000000
000000000000000000000000000
000000000000000000000000000
000000000000000000000000000
000000000000000000000000000
000000000000000000000000000
000000000000000000000000000
000000000000000000000000000
000000000000000000000000000
000000000000000000000000000
000000000000000000000000000
000000000000000000000000000
000000000000000000000000000
000000000000000000000000000
000000000000000000000000000
000000000000000000000000000
000000000000000000000000000
000000000000000000000000000
000000000000000000000000000
000000000000000000000000000
000000000000000000000000000
000000000000000000000000000
000000000000000000000000000
000000000000000000000000000
000000000000000000000000000
000000000000000000000000000
000000000000000000000000000
000000000000000000000000000
000000000000000000000000000
000000000000000000000000000
000000000000000000000000000
000000000000000000000000000
000000000000000000000000000
000000000000000000000000000
000000000000000000000000000
000000000000000000000000000
000000000000000000000000000
000000000000000000000000000
000000000000000000000000000
000000000000000000000000000
000000000000000000000000000
000000000000000000000000000
000000000000000000000000000
000000000000000000000000000
000000000000000000000000000
000000000000000000000000000
000000000000000000000000000
000000000000000000000000000
000000000000000000000000000
000000000000000000000000000
000000000000000000000000000
000000000000000000000000000
000000000000000000000000000
000000000000000000000000000
000000000000000000000000000
000000000000000000000000000
000000000000000000000000000
000000000000000000000000000
000000000000000000000000000
000000000000000000000000000
000000000000000000000000000
000000000000000000000000000
000000000000000000000000000
000000000000000000000000000
000000000000000000000000000
000000000000000000000000000
000000000000000000000000000
000000000000000000000000000
000000000000000000000000000
000000000000000000000000000
000000000000000000000000000
000000000000000000000000000
000000000000000000000000000
000000000000000000000000000
000000000000000000000000000
000000000000000000000000000
000000000000000000000000000
000000000000000000000000000
000000000000000000000000000
000000000000000000000000000
000000000000000000000000000
000000000000000000000000000
000000000000000000000000000
000000000000000000000000000
000000000000000000000000000
000000000000000000000000000
000000000000000000000000000
000000000000000000000000000
000000000000000000000000000
000000000000000000000000000
000000000000000000000000000
000000000000000000000000000
000000000000000000000000000
000000000000000000000000000
000000000000000000000000000
000000000000000000000000000
000000000000000000000000000
000000000000000000000000000
000000000000000000000000000
000000000000000000000000000
000000000000000000000000000
000000000000000000000000000
000000000000000000000000000
000000000000000000000000000
000000000000000000000000000
000000000000000000000000000
000000000000000000000000000
000000000000000000000000000
000000000000000000000000000
000000000000000000000000000
000000000000000000000000000
000000000000000000000000000
000000000000000000000000000
000000000000000000000000000
000000000000000000000000000
000000000000000000000000000
000000000000000000000000000
000000000000000000000000000
000000000000000000000000000
000000000000000000000000000
000000000000000000000000000
000000000000000000000000000
000000000000000000000000000
000000000000000000000000000
000000000000000000000000000
000000000000000000000000000
000000000000000000000000000
000000000000000000000000000
000000000000000000000000000
000000000000000000000000000
000000000000000000000000000
000000000000000000000000000
000000000000000000000000000
000000000000000000000000000
000000000000000000000000000
000000000000000000000000000
000000000000000000000000000
000000000000000000000000000
000000000000000000000000000
000000000000000000000000000
000000000000000000000000000
000000000000000000000000000
000000000000000000000000000
000000000000000000000000000
000000000000000000000000000
000000000000000000000000000
000000000000000000000000000
000000000000000000000000000
000000000000000000000000000
000000000000000000000000000
000000000000000000000000000
000000000000000000000000000
000000000000000000000000000
000000000000000000000000000
000000000000000000000000000
000000000000000000000000000
000000000000000000000000000
000000000000000000000000000
000000000000000000000000000
000000000000000000000000000
000000000000000000000000000
000000000000000000000000000
000000000000000000000000000
000000000000000000000000000
000000000000000000000000000
000000000000000000000000000
000000000000000000000000000
000000000000000000000000000
000000000000000000000000000
000000000000000000000000000
000000000000000000000000000
000000000000000000000000000
000000000000000000000000000
000000000000000000000000000
000000000000000000000000000
000000000000000000000000000
000000000000000000000000000
000000000000000000000000000
000000000000000000000000000
000000000000000000000000000
000000000000000000000000000
000000000000000000000000000
000000000000000000000000000
000000000000000000000000000
000000000000000000000000000
000000000000000000000000000
000000000000000000000000000
000000000000000000000000000
000000000000000000000000000
000000000000000000000000000
000000000000000000000000000
000000000000000000000000000
000000000000000000000000000
000000000000000000000000000
000000000000000000000000000
000000000000000000000000000
000000000000000000000000000
000000000000000000000000000
000000000000000000000000000
000000000000000000000000000
000000000000000000000000000
000000000000000000000000000
000000000000000000000000000
000000000000000000000000000
000000000000000000000000000
000000000000000000000000000
000000000000000000000000000
000000000000000000000000000
000000000000000000000000000
000000000000000000000000000
000000000000000000000000000
000000000000000000000000000
000000000000000000000000000
000000000000000000000000000
000000000000000000000000000
000000000000000000000000000
000000000000000000000000000
000000000000000000000000000
000000000000000000000000000
000000000000000000000000000
000000000000000000000000000
000000000000000000000000000
000000000000000000000000000
000000000000000000000000000
000000000000000000000000000
000000000000000000000000000
000000000000000000000000000
000000000000000000000000000
000000000000000000000000000
000000000000000000000000000
000000000000000000000000000
000000000000000000000000000
000000000000000000000000000
000000000000000000000000000
000000000000000000000000000
000000000000000000000000000
000000000000000000000000000
000000000000000000000000000
000000000000000000000000000
000000000000000000000000000
000000000000000000000000000
000000000000000000000000000
000000000000000000000000000
000000000000000000000000000
000000000000000000000000000
000000000000000000000000000
000000000000000000000000000
000000000000000000000000000
000000000000000000000000000
000000000000000000000000000
000000000000000000000000000
000000000000000000000000000
000000000000000000000000000
000000000000000000000000000
000000000000000000000000000
000000000000000000000000000
000000000000000000000000000
000000000000000000000000000
000000000000000000000000000
000000000000000000000000000
000000000000000000000000000
000000000000000000000000000
000000000000000000000000000
000000000000000000000000000
000000000000000000000000000
000000000000000000000000000
000000000000000000000000000
000000000000000000000000000
000000000000000000000000000
000000000000000000000000000
000000000000000000000000000
000000000000000000000000000
000000000000000000000000000
000000000000000000000000000
000000000000000000000000000
000000000000000000000000000
000000000000000000000000000
000000000000000000000000000
000000000000000000000000000
000000000000000000000000000
000000000000000000000000000
000000000000000000000000000
000000000000000000000000000
000000000000000000000000000
000000000000000000000000000
000000000000000000000000000
000000000000000000000000000
000000000000000000000000000
000000000000000000000000000
000000000000000000000000000
000000000000000000000000000
000000000000000000000000000
000000000000000000000000000
000000000000000000000000000
000000000000000000000000000
000000000000000000000000000
000000000000000000000000000
000000000000000000000000000
000000000000000000000000000
000000000000000000000000000
000000000000000000000000000
000000000000000000000000000
000000000000000000000000000
000000000000000000000000000
000000000000000000000000000
000000000000000000000000000
000000000000000000000000000
000000000000000000000000000
000000000000000000000000000
000000000000000000000000000
000000000000000000000000000
000000000000000000000000000
000000000000000000000000000
000000000000000000000000000
000000000000000000000000000
000000000000000000000000000
000000000000000000000000000
000000000000000000000000000
000000000000000000000000000
000000000000000000000000000
000000000000000000000000000
000000000000000000000000000
000000000000000000000000000
000000000000000000000000000
000000000000000000000000000
000000000000000000000000000
000000000000000000000000000
000000000000000000000000000
000000000000000000000000000
000000000000000000000000000
000000000000000000000000000
000000000000000000000000000
000000000000000000000000000
000000000000000000000000000
000000000000000000000000000
000000000000000000000000000
000000000000000000000000000
000000000000000000000000000
000000000000000000000000000
000000000000000000000000000
000000000000000000000000000
000000000000000000000000000
000000000000000000000000000
000000000000000000000000000
000000000000000000000000000
000000000000000000000000000
000000000000000000000000000
000000000000000000000000000
000000000000000000000000000
000000000000000000000000000
000000000000000000000000000
000000000000000000000000000
000000000000000000000000000
000000000000000000000000000
000000000000000000000000000
000000000000000000000000000
000000000000000000000000000
000000000000000000000000000
000000000000000000000000000
000000000000000000000000000
000000000000000000000000000
000000000000000000000000000
000000000000000000000000000
000000000000000000000000000
000000000000000000000000000
000000000000000000000000000
000000000000000000000000000
000000000000000000000000000
000000000000000000000000000
000000000000000000000000000
000000000000000000000000000
000000000000000000000000000
000000000000000000000000000
000000000000000000000000000
000000000000000000000000000
000000000000000000000000000
000000000000000000000000000
000000000000000000000000000
000000000000000000000000000
000000000000000000000000000
000000000000000000000000000
000000000000000000000000000
000000000000000000000000000
000000000000000000000000000
000000000000000000000000000
000000000000000000000000000
000000000000000000000000000
000000000000000000000000000
000000000000000000000000000
000000000000000000000000000
000000000000000000000000000
000000000000000000000000000
000000000000000000000000000
000000000000000000000000000
000000000000000000000000000
000000000000000000000000000
000000000000000000000000000
000000000000000000000000000
000000000000000000000000000
000000000000000000000000000
000000000000000000000000000
000000000000000000000000000
000000000000000000000000000
000000000000000000000000000
000000000000000000000000000
000000000000000000000000000
000000000000000000000000000
000000000000000000000000000
000000000000000000000000000
000000000000000000000000000
000000000000000000000000000
000000000000000000000000000
000000000000000000000000000
000000000000000000000000000
000000000000000000000000000
000000000000000000000000000
000000000000000000000000000
000000000000000000000000000
000000000000000000000000000
000000000000000000000000000
000000000000000000000000000
000000000000000000000000000
000000000000000000000000000
000000000000000000000000000
000000000000000000000000000
000000000000000000000000000
000000000000000000000000000
000000000000000000000000000
000000000000000000000000000
000000000000000000000000000
000000000000000000000000000
000000000000000000000000000
000000000000000000000000000
000000000000000000000000000
000000000000000000000000000
000000000000000000000000000
000000000000000000000000000
000000000000000000000000000
000000000000000000000000000
000000000000000000000000000
000000000000000000000000000
000000000000000000000000000
000000000000000000000000000
000000000000000000000000000
000000000000000000000000000
000000000000000000000000000
000000000000000000000000000
000000000000000000000000000
000000000000000000000000000
000000000000000000000000000
000000000000000000000000000
000000000000000000000000000
000000000000000000000000000
000000000000000000000000000
000000000000000000000000000
000000000000000000000000000
000000000000000000000000000
000000000000000000000000000
000000000000000000000000000
000000000000000000000000000
000000000000000000000000000
000000000000000000000000000
000000000000000000000000000
000000000000000000000000000
000000000000000000000000000
000000000000000000000000000
000000000000000000000000000
000000000000000000000000000
000000000000000000000000000
000000000000000000000000000
000000000000000000000000000
000000000000000000000000000
000000000000000000000000000
000000000000000000000000000
000000000000000000000000000
000000000000000000000000000
000000000000000000000000000
000000000000000000000000000
000000000000000000000000000
000000000000000000000000000
000000000000000000000000000
000000000000000000000000000
000000000000000000000000000
000000000000000000000000000
000000000000000000000000000
000000000000000000000000000
000000000000000000000000000
000000000000000000000000000
000000000000000000000000000
000000000000000000000000000
000000000000000000000000000
000000000000000000000000000
000000000000000000000000000
000000000000000000000000000
000000000000000000000000000
000000000000000000000000000
000000000000000000000000000
000000000000000000000000000
000000000000000000000000000
000000000000000000000000000
000000000000000000000000000
000000000000000000000000000
000000000000000000000000000
000000000000000000000000000
000000000000000000000000000
000000000000000000000000000
000000000000000000000000000
000000000000000000000000000
000000000000000000000000000
000000000000000000000000000
000000000000000000000000000
000000000000000000000000000
000000000000000000000000000
000000000000000000000000000
000000000000000000000000000
000000000000000000000000000
000000000000000000000000000
000000000000000000000000000
000000000000000000000000000
000000000000000000000000000
000000000000000000000000000
000000000000000000000000000
000000000000000000000000000
000000000000000000000000000
000000000000000000000000000
000000000000000000000000000
000000000000000000000000000
000000000000000000000000000
000000000000000000000000000
000000000000000000000000000
000000000000000000000000000
000000000000000000000000000
000000000000000000000000000
000000000000000000000000000
000000000000000000000000000
000000000000000000000000000
000000000000000000000000000
000000000000000000000000000
000000000000000000000000000
000000000000000000000000000
000000000000000000000000000
000000000000000000000000000
000000000000000000000000000
000000000000000000000000000
000000000000000000000000000
000000000000000000000000000
000000000000000000000000000
000000000000000000000000000
000000000000000000000000000
000000000000000000000000000
000000000000000000000000000
000000000000000000000000000
000000000000000000000000000
000000000000000000000000000
000000000000000000000000000
000000000000000000000000000
000000000000000000000000000
000000000000000000000000000
000000000000000000000000000
000000000000000000000000000
000000000000000000000000000
000000000000000000000000000
000000000000000000000000000
000000000000000000000000000
000000000000000000000000000
000000000000000000000000000
000000000000000000000000000
000000000000000000000000000
000000000000000000000000000
000000000000000000000000000
000000000000000000000000000
000000000000000000000000000
000000000000000000000000000
000000000000000000000000000
000000000000000000000000000
000000000000000000000000000
000000000000000000000000000
000000000000000000000000000
000000000000000000000000000
000000000000000000000000000
000000000000000000000000000
000000000000000000000000000
000000000000000000000000000
000000000000000000000000000
000000000000000000000000000
000000000000000000000000000
000000000000000000000000000
000000000000000000000000000
000000000000000000000000000
000000000000000000000000000
000000000000000000000000000
000000000000000000000000000
000000000000000000000000000
000000000000000000000000000
000000000000000000000000000
000000000000000000000000000
000000000000000000000000000
000000000000000000000000000
000000000000000000000000000
000000000000000000000000000
000000000000000000000000000
000000000000000000000000000
000000000000000000000000000
000000000000000000000000000
000000000000000000000000000
000000000000000000000000000
000000000000000000000000000
000000000000000000000000000
000000000000000000000000000
000000000000000000000000000
000000000000000000000000000
000000000000000000000000000
000000000000000000000000000
000000000000000000000000000
000000000000000000000000000
000000000000000000000000000
000000000000000000000000000
000000000000000000000000000
000000000000000000000000000
000000000000000000000000000
000000000000000000000000000
000000000000000000000000000
000000000000000000000000000
000000000000000000000000000
000000000000000000000000000
000000000000000000000000000
000000000000000000000000000
000000000000000000000000000
000000000000000000000000000
000000000000000000000000000
000000000000000000000000000
000000000000000000000000000
000000000000000000000000000
000000000000000000000000000
000000000000000000000000000
000000000000000000000000000
000000000000000000000000000
000000000000000000000000000
000000000000000000000000000
000000000000000000000000000
000000000000000000000000000
000000000000000000000000000
000000000000000000000000000
000000000000000000000000000
000000000000000000000000000
000000000000000000000000000
000000000000000000000000000
000000000000000000000000000
000000000000000000000000000
000000000000000000000000000
000000000000000000000000000
000000000000000000000000000
000000000000000000000000000
000000000000000000000000000
000000000000000000000000000
000000000000000000000000000
000000000000000000000000000
000000000000000000000000000
000000000000000000000000000
000000000000000000000000000
000000000000000000000000000
000000000000000000000000000
000000000000000000000000000
000000000000000000000000000
000000000000000000000000000
000000000000000000000000000
000000000000000000000000000
000000000000000000000000000
000000000000000000000000000
000000000000000000000000000
000000000000000000000000000
000000000000000000000000000
000000000000000000000000000
000000000000000000000000000
000000000000000000000000000
000000000000000000000000000
000000000000000000000000000
000000000000000000000000000
000000000000000000000000000
000000000000000000000000000
000000000000000000000000000
000000000000000000000000000
000000000000000000000000000
000000000000000000000000000
000000000000000000000000000
000000000000000000000000000
000000000000000000000000000
000000000000000000000000000
000000000000000000000000000
000000000000000000000000000
000000000000000000000000000
000000000000000000000000000
000000000000000000000000000
000000000000000000000000000
000000000000000000000000000
000000000000000000000000000
000000000000000000000000000
000000000000000000000000000
000000000000000000000000000
000000000000000000000000000
000000000000000000000000000
000000000000000000000000000
000000000000000000000000000
000000000000000000000000000
000000000000000000000000000
000000000000000000000000000
000000000000000000000000000
000000000000000000000000000
000000000000000000000000000
000000000000000000000000000
000000000000000000000000000
000000000000000000000000000
000000000000000000000000000
000000000000000000000000000
000000000000000000000000000
000000000000000000000000000
000000000000000000000000000
000000000000000000000000000
000000000000000000000000000
000000000000000000000000000
000000000000000000000000000
000000000000000000000000000
000000000000000000000000000
000000000000000000000000000
000000000000000000000000000
000000000000000000000000000
000000000000000000000000000
000000000000000000000000000
000000000000000000000000000
000000000000000000000000000
000000000000000000000000000
000000000000000000000000000
000000000000000000000000000
000000000000000000000000000
000000000000000000000000000
000000000000000000000000000
000000000000000000000000000
000000000000000000000000000
000000000000000000000000000
000000000000000000000000000
000000000000000000000000000
000000000000000000000000000
000000000000000000000000000
000000000000000000000000000
000000000000000000000000000
000000000000000000000000000
000000000000000000000000000
000000000000000000000000000
000000000000000000000000000
000000000000000000000000000
000000000000000000000000000
000000000000000000000000000
000000000000000000000000000
000000000000000000000000000
000000000000000000000000000
000000000000000000000000000
000000000000000000000000000
000000000000000000000000000
000000000000000000000000000
000000000000000000000000000
000000000000000000000000000
000000000000000000000000000
000000000000000000000000000
000000000000000000000000000
000000000000000000000000000
000000000000000000000000000
000000000000000000000000000
000000000000000000000000000
000000000000000000000000000
000000000000000000000000000
000000000000000000000000000
000000000000000000000000000
000000000000000000000000000
000000000000000000000000000
000000000000000000000000000
000000000000000000000000000
000000000000000000000000000
000000000000000000000000000
000000000000000000000000000
000000000000000000000000000
000000000000000000000000000
000000000000000000000000000
000000000000000000000000000
000000000000000000000000000
000000000000000000000000000
000000000000000000000000000
000000000000000000000000000
000000000000000000000000000
000000000000000000000000000
000000000000000000000000000
000000000000000000000000000
000000000000000000000000000
000000000000000000000000000
000000000000000000000000000
000000000000000000000000000
000000000000000000000000000
000000000000000000000000000
000000000000000000000000000
000000000000000000000000000
000000000000000000000000000
000000000000000000000000000
000000000000000000000000000
000000000000000000000000000
000000000000000000000000000
000000000000000000000000000
000000000000000000000000000
000000000000000000000000000
000000000000000000000000000
000000000000000000000000000
000000000000000000000000000
000000000000000000000000000
000000000000000000000000000
000000000000000000000000000
000000000000000000000000000
000000000000000000000000000
000000000000000000000000000
000000000000000000000000000
000000000000000000000000000
000000000000000000000000000
000000000000000000000000000
000000000000000000000000000
000000000000000000000000000
000000000000000000000000000
000000000000000000000000000
000000000000000000000000000
000000000000000000000000000
000000000000000000000000000
000000000000000000000000000
000000000000000000000000000
000000000000000000000000000
000000000000000000000000000
000000000000000000000000000
000000000000000000000000000
000000000000000000000000000
000000000000000000000000000
000000000000000000000000000
000000000000000000000000000
000000000000000000000000000
000000000000000000000000000
000000000000000000000000000
000000000000000000000000000
000000000000000000000000000
000000000000000000000000000
000000000000000000000000000
000000000000000000000000000
000000000000000000000000000
000000000000000000000000000
000000000000000000000000000
000000000000000000000000000
000000000000000000000000000
000000000000000000000000000
000000000000000000000000000
000000000000000000000000000
000000000000000000000000000
000000000000000000000000000
000000000000000000000000000
000000000000000000000000000
000000000000000000000000000
000000000000000000000000000
000000000000000000000000000
000000000000000000000000000
000000000000000000000000000
000000000000000000000000000
000000000000000000000000000
000000000000000000000000000
000000000000000000000000000
000000000000000000000000000
000000000000000000000000000
000000000000000000000000000
000000000000000000000000000
000000000000000000000000000
000000000000000000000000000
000000000000000000000000000
000000000000000000000000000
000000000000000000000000000
000000000000000000000000000
000000000000000000000000000
000000000000000000000000000
000000000000000000000000000
000000000000000000000000000
000000000000000000000000000
000000000000000000000000000
000000000000000000000000000
000000000000000000000000000
000000000000000000000000000
000000000000000000000000000
000000000000000000000000000
000000000000000000000000000
000000000000000000000000000
000000000000000000000000000
000000000000000000000000000
000000000000000000000000000
000000000000000000000000000
000000000000000000000000000
000000000000000000000000000
000000000000000000000000000
000000000000000000000000000
000000000000000000000000000
000000000000000000000000000
000000000000000000000000000
000000000000000000000000000
000000000000000000000000000
000000000000000000000000000
000000000000000000000000000
000000000000000000000000000
000000000000000000000000000
000000000000000000000000000
000000000000000000000000000
000000000000000000000000000
000000000000000000000000000
000000000000000000000000000
000000000000000000000000000
000000000000000000000000000
000000000000000000000000000
000000000000000000000000000
000000000000000000000000000
000000000000000000000000000
000000000000000000000000000
000000000000000000000000000
000000000000000000000000000
000000000000000000000000000
000000000000000000000000000
000000000000000000000000000
000000000000000000000000000
000000000000000000000000000
000000000000000000000000000
000000000000000000000000000
000000000000000000000000000
000000000000000000000000000
000000000000000000000000000
000000000000000000000000000
000000000000000000000000000
000000000000000000000000000
000000000000000000000000000
000000000000000000000000000
000000000000000000000000000
000000000000000000000000000
000000000000000000000000000
000000000000000000000000000
000000000000000000000000000
000000000000000000000000000
000000000000000000000000000
000000000000000000000000000
000000000000000000000000000
000000000000000000000000000
000000000000000000000000000
000000000000000000000000000
000000000000000000000000000
000000000000000000000000000
000000000000000000000000000
000000000000000000000000000
000000000000000000000000000
000000000000000000000000000
000000000000000000000000000
000000000000000000000000000
000000000000000000000000000
000000000000000000000000000
000000000000000000000000000
000000000000000000000000000
000000000000000000000000000
000000000000000000000000000
000000000000000000000000000
000000000000000000000000000
000000000000000000000000000
000000000000000000000000000
000000000000000000000000000
000000000000000000000000000
000000000000000000000000000
000000000000000000000000000
000000000000000000000000000
000000000000000000000000000
000000000000000000000000000
000000000000000000000000000
000000000000000000000000000
000000000000000000000000000
000000000000000000000000000
000000000000000000000000000
000000000000000000000000000
000000000000000000000000000
000000000000000000000000000
000000000000000000000000000
000000000000000000000000000
000000000000000000000000000
000000000000000000000000000
000000000000000000000000000
000000000000000000000000000
000000000000000000000000000
000000000000000000000000000
000000000000000000000000000
000000000000000000000000000
000000000000000000000000000
000000000000000000000000000
000000000000000000000000000
000000000000000000000000000
000000000000000000000000000
000000000000000000000000000
000000000000000000000000000
000000000000000000000000000
000000000000000000000000000
000000000000000000000000000
000000000000000000000000000
000000000000000000000000000
000000000000000000000000000
000000000000000000000000000
000000000000000000000000000
000000000000000000000000000
000000000000000000000000000
000000000000000000000000000
000000000000000000000000000
000000000000000000000000000
000000000000000000000000000
000000000000000000000000000
000000000000000000000000000
000000000000000000000000000
000000000000000000000000000
000000000000000000000000000
000000000000000000000000000
000000000000000000000000000
000000000000000000000000000
000000000000000000000000000
000000000000000000000000000
000000000000000000000000000
000000000000000000000000000
000000000000000000000000000
000000000000000000000000000
000000000000000000000000000
000000000000000000000000000
000000000000000000000000000
000000000000000000000000000
000000000000000000000000000
000000000000000000000000000
000000000000000000000000000
000000000000000000000000000
000000000000000000000000000
000000000000000000000000000
000000000000000000000000000
000000000000000000000000000
000000000000000000000000000
000000000000000000000000000
000000000000000000000000000
000000000000000000000000000
000000000000000000000000000
000000000000000000000000000
000000000000000000000000000
000000000000000000000000000
000000000000000000000000000
000000000000000000000000000
000000000000000000000000000
000000000000000000000000000
000000000000000000000000000
000000000000000000000000000
000000000000000000000000000
000000000000000000000000000
000000000000000000000000000
000000000000000000000000000
000000000000000000000000000
000000000000000000000000000
000000000000000000000000000
000000000000000000000000000
000000000000000000000000000
000000000000000000000000000
000000000000000000000000000
000000000000000000000000000
000000000000000000000000000
000000000000000000000000000
000000000000000000000000000
000000000000000000000000000
000000000000000000000000000
000000000000000000000000000
000000000000000000000000000
000000000000000000000000000
000000000000000000000000000
000000000000000000000000000
000000000000000000000000000
000000000000000000000000000
000000000000000000000000000
000000000000000000000000000
000000000000000000000000000
000000000000000000000000000
000000000000000000000000000
000000000000000000000000000
000000000000000000000000000
000000000000000000000000000
000000000000000000000000000
000000000000000000000000000
000000000000000000000000000
000000000000000000000000000
000000000000000000000000000
000000000000000000000000000
000000000000000000000000000
000000000000000000000000000
000000000000000000000000000
000000000000000000000000000
000000000000000000000000000
000000000000000000000000000
000000000000000000000000000
000000000000000000000000000
000000000000000000000000000
000000000000000000000000000
000000000000000000000000000
000000000000000000000000000
000000000000000000000000000
000000000000000000000000000
000000000000000000000000000
000000000000000000000000000
000000000000000000000000000
000000000000000000000000000
000000000000000000000000000
000000000000000000000000000
000000000000000000000000000
000000000000000000000000000
000000000000000000000000000
000000000000000000000000000
000000000000000000000000000
000000000000000000000000000
000000000000000000000000000
000000000000000000000000000
000000000000000000000000000
000000000000000000000000000
000000000000000000000000000
000000000000000000000000000
000000000000000000000000000
000000000000000000000000000
000000000000000000000000000
000000000000000000000000000
000000000000000000000000000
000000000000000000000000000
000000000000000000000000000
000000000000000000000000000
000000000000000000000000000
000000000000000000000000000
000000000000000000000000000
000000000000000000000000000
000000000000000000000000000
000000000000000000000000000
000000000000000000000000000
000000000000000000000000000
000000000000000000000000000
000000000000000000000000000
000000000000000000000000000
000000000000000000000000000
000000000000000000000000000
000000000000000000000000000
000000000000000000000000000
000000000000000000000000000
000000000000000000000000000
000000000000000000000000000
000000000000000000000000000
000000000000000000000000000
000000000000000000000000000
000000000000000000000000000
000000000000000000000000000
000000000000000000000000000
000000000000000000000000000
000000000000000000000000000
000000000000000000000000000
000000000000000000000000000
000000000000000000000000000
000000000000000000000000000
000000000000000000000000000
000000000000000000000000000
000000000000000000000000000
000000000000000000000000000
000000000000000000000000000
000000000000000000000000000
000000000000000000000000000
000000000000000000000000000
000000000000000000000000000
000000000000000000000000000
000000000000000000000000000
000000000000000000000000000
000000000000000000000000000
000000000000000000000000000
000000000000000000000000000
000000000000000000000000000
000000000000000000000000000
000000000000000000000000000
000000000000000000000000000
000000000000000000000000000
000000000000000000000000000
000000000000000000000000000
000000000000000000000000000
000000000000000000000000000
000000000000000000000000000
000000000000000000000000000
000000000000000000000000000
000000000000000000000000000
000000000000000000000000000
000000000000000000000000000
000000000000000000000000000
000000000000000000000000000
000000000000000000000000000
000000000000000000000000000
000000000000000000000000000
000000000000000000000000000
000000000000000000000000000
000000000000000000000000000
000000000000000000000000000
000000000000000000000000000
000000000000000000000000000
000000000000000000000000000
000000000000000000000000000
000000000000000000000000000
000000000000000000000000000
000000000000000000000000000
000000000000000000000000000
000000000000000000000000000
000000000000000000000000000
000000000000000000000000000
000000000000000000000000000
000000000000000000000000000
000000000000000000000000000
000000000000000000000000000
000000000000000000000000000
000000000000000000000000000
000000000000000000000000000
000000000000000000000000000
000000000000000000000000000
000000000000000000000000000
000000000000000000000000000
000000000000000000000000000
000000000000000000000000000
000000000000000000000000000
000000000000000000000000000
000000000000000000000000000
000000000000000000000000000
000000000000000000000000000
000000000000000000000000000
000000000000000000000000000
000000000000000000000000000
000000000000000000000000000
000000000000000000000000000
000000000000000000000000000
000000000000000000000000000
000000000000000000000000000
000000000000000000000000000
000000000000000000000000000
000000000000000000000000000
000000000000000000000000000
000000000000000000000000000
000000000000000000000000000
000000000000000000000000000
000000000000000000000000000
000000000000000000000000000
000000000000000000000000000
000000000000000000000000000
000000000000000000000000000
000000000000000000000000000
000000000000000000000000000
000000000000000000000000000
000000000000000000000000000
000000000000000000000000000
000000000000000000000000000
000000000000000000000000000
000000000000000000000000000
000000000000000000000000000
000000000000000000000000000
000000000000000000000000000
000000000000000000000000000
000000000000000000000000000
000000000000000000000000000
000000000000000000000000000
000000000000000000000000000
000000000000000000000000000
000000000000000000000000000
000000000000000000000000000
000000000000000000000000000
000000000000000000000000000
000000000000000000000000000
000000000000000000000000000
000000000000000000000000000
000000000000000000000000000
000000000000000000000000000
000000000000000000000000000
000000000000000000000000000
000000000000000000000000000
000000000000000000000000000
000000000000000000000000000
000000000000000000000000000
000000000000000000000000000
000000000000000000000000000
000000000000000000000000000
000000000000000000000000000
000000000000000000000000000
000000000000000000000000000
000000000000000000000000000
000000000000000000000000000
000000000000000000000000000
000000000000000000000000000
000000000000000000000000000
000000000000000000000000000
000000000000000000000000000
000000000000000000000000000
000000000000000000000000000
000000000000000000000000000
000000000000000000000000000
000000000000000000000000000
000000000000000000000000000
000000000000000000000000000
000000000000000000000000000
000000000000000000000000000
000000000000000000000000000
000000000000000000000000000
000000000000000000000000000
000000000000000000000000000
000000000000000000000000000
000000000000000000000000000
000000000000000000000000000
000000000000000000000000000
000000000000000000000000000
000000000000000000000000000
000000000000000000000000000
000000000000000000000000000
000000000000000000000000000
000000000000000000000000000
000000000000000000000000000
000000000000000000000000000
000000000000000000000000000
000000000000000000000000000
000000000000000000000000000
000000000000000000000000000
000000000000000000000000000
000000000000000000000000000
000000000000000000000000000
000000000000000000000000000
000000000000000000000000000
000000000000000000000000000
000000000000000000000000000
000000000000000000000000000
000000000000000000000000000
000000000000000000000000000
000000000000000000000000000
000000000000000000000000000
000000000000000000000000000
000000000000000000000000000
000000000000000000000000000
000000000000000000000000000
000000000000000000000000000
000000000000000000000000000
000000000000000000000000000
000000000000000000000000000
000000000000000000000000000
000000000000000000000000000
000000000000000000000000000
000000000000000000000000000
000000000000000000000000000
000000000000000000000000000
000000000000000000000000000
000000000000000000000000000
000000000000000000000000000
000000000000000000000000000
000000000000000000000000000
000000000000000000000000000
000000000000000000000000000
000000000000000000000000000
000000000000000000000000000
000000000000000000000000000
000000000000000000000000000
000000000000000000000000000
000000000000000000000000000
000000000000000000000000000
000000000000000000000000000
000000000000000000000000000
000000000000000000000000000
000000000000000000000000000
000000000000000000000000000
000000000000000000000000000
000000000000000000000000000
000000000000000000000000000
000000000000000000000000000
000000000000000000000000000
000000000000000000000000000
000000000000000000000000000
000000000000000000000000000
000000000000000000000000000
000000000000000000000000000
000000000000000000000000000
000000000000000000000000000
000000000000000000000000000
000000000000000000000000000
000000000000000000000000000
000000000000000000000000000
000000000000000000000000000
000000000000000000000000000
000000000000000000000000000
000000000000000000000000000
000000000000000000000000000
000000000000000000000000000
000000000000000000000000000
000000000000000000000000000
000000000000000000000000000
000000000000000000000000000
000000000000000000000000000
000000000000000000000000000
000000000000000000000000000
000000000000000000000000000
000000000000000000000000000
000000000000000000000000000
000000000000000000000000000
000000000000000000000000000
000000000000000000000000000
000000000000000000000000000
000000000000000000000000000
000000000000000000000000000
000000000000000000000000000
000000000000000000000000000
000000000000000000000000000
000000000000000000000000000
000000000000000000000000000
000000000000000000000000000
000000000000000000000000000
000000000000000000000000000
000000000000000000000000000
000000000000000000000000000
000000000000000000000000000
000000000000000000000000000
000000000000000000000000000
000000000000000000000000000
000000000000000000000000000
000000000000000000000000000
000000000000000000000000000
000000000000000000000000000
000000000000000000000000000
000000000000000000000000000
000000000000000000000000000
000000000000000000000000000
000000000000000000000000000
000000000000000000000000000
000000000000000000000000000
000000000000000000000000000
000000000000000000000000000
000000000000000000000000000
000000000000000000000000000
000000000000000000000000000
000000000000000000000000000
000000000000000000000000000
000000000000000000000000000
000000000000000000000000000
000000000000000000000000000
000000000000000000000000000
000000000000000000000000000
000000000000000000000000000
000000000000000000000000000
000000000000000000000000000
000000000000000000000000000
000000000000000000000000000
000000000000000000000000000
000000000000000000000000000
000000000000000000000000000
000000000000000000000000000
000000000000000000000000000
000000000000000000000000000
000000000000000000000000000
000000000000000000000000000
000000000000000000000000000
000000000000000000000000000
000000000000000000000000000
000000000000000000000000000
000000000000000000000000000
000000000000000000000000000
000000000000000000000000000
000000000000000000000000000
000000000000000000000000000
000000000000000000000000000
000000000000000000000000000
000000000000000000000000000
000000000000000000000000000
000000000000000000000000000
000000000000000000000000000
000000000000000000000000000
000000000000000000000000000
000000000000000000000000000
000000000000000000000000000
000000000000000000000000000
000000000000000000000000000
000000000000000000000000000
000000000000000000000000000
000000000000000000000000000
000000000000000000000000000
000000000000000000000000000
000000000000000000000000000
000000000000000000000000000
000000000000000000000000000
000000000000000000000000000
000000000000000000000000000
000000000000000000000000000
000000000000000000000000000
000000000000000000000000000
000000000000000000000000000
000000000000000000000000000
000000000000000000000000000
000000000000000000000000000
000000000000000000000000000
000000000000000000000000000
000000000000000000000000000
000000000000000000000000000
000000000000000000000000000
000000000000000000000000000
000000000000000000000000000
000000000000000000000000000
000000000000000000000000000
000000000000000000000000000
000000000000000000000000000
000000000000000000000000000
000000000000000000000000000
000000000000000000000000000
000000000000000000000000000
000000000000000000000000000
000000000000000000000000000
000000000000000000000000000
000000000000000000000000000
000000000000000000000000000
000000000000000000000000000
000000000000000000000000000
000000000000000000000000000
000000000000000000000000000
000000000000000000000000000
000000000000000000000000000
000000000000000000000000000
000000000000000000000000000
000000000000000000000000000
000000000000000000000000000
000000000000000000000000000
000000000000000000000000000
000000000000000000000000000
000000000000000000000000000
000000000000000000000000000
000000000000000000000000000
000000000000000000000000000
000000000000000000000000000
000000000000000000000000000
000000000000000000000000000
000000000000000000000000000
000000000000000000000000000
000000000000000000000000000
000000000000000000000000000
000000000000000000000000000
000000000000000000000000000
000000000000000000000000000
000000000000000000000000000
000000000000000000000000000
000000000000000000000000000
000000000000000000000000000
000000000000000000000000000
000000000000000000000000000
000000000000000000000000000
000000000000000000000000000
000000000000000000000000000
000000000000000000000000000
000000000000000000000000000
000000000000000000000000000
000000000000000000000000000
000000000000000000000000000
000000000000000000000000000
000000000000000000000000000
000000000000000000000000000
000000000000000000000000000
000000000000000000000000000
000000000000000000000000000
000000000000000000000000000
000000000000000000000000000
000000000000000000000000000
000000000000000000000000000
000000000000000000000000000
000000000000000000000000000
000000000000000000000000000
000000000000000000000000000
000000000000000000000000000
000000000000000000000000000
000000000000000000000000000
000000000000000000000000000
000000000000000000000000000
000000000000000000000000000
000000000000000000000000000
000000000000000000000000000
000000000000000000000000000
000000000000000000000000000
000000000000000000000000000
000000000000000000000000000
000000000000000000000000000
000000000000000000000000000
000000000000000000000000000
000000000000000000000000000
000000000000000000000000000
000000000000000000000000000
000000000000000000000000000
000000000000000000000000000
000000000000000000000000000
000000000000000000000000000
000000000000000000000000000
000000000000000000000000000
000000000000000000000000000
000000000000000000000000000
000000000000000000000000000
000000000000000000000000000
000000000000000000000000000
000000000000000000000000000
000000000000000000000000000
000000000000000000000000000
000000000000000000000000000
000000000000000000000000000
000000000000000000000000000
000000000000000000000000000
000000000000000000000000000
000000000000000000000000000
000000000000000000000000000
000000000000000000000000000
000000000000000000000000000
000000000000000000000000000
000000000000000000000000000
000000000000000000000000000
000000000000000000000000000
000000000000000000000000000
000000000000000000000000000
000000000000000000000000000
000000000000000000000000000
000000000000000000000000000
000000000000000000000000000
000000000000000000000000000
000000000000000000000000000
000000000000000000000000000
000000000000000000000000000
000000000000000000000000000
000000000000000000000000000
000000000000000000000000000
000000000000000000000000000
000000000000000000000000000
000000000000000000000000000
000000000000000000000000000
000000000000000000000000000
000000000000000000000000000
000000000000000000000000000
000000000000000000000000000
000000000000000000000000000
000000000000000000000000000
000000000000000000000000000
000000000000000000000000000
000000000000000000000000000
000000000000000000000000000
000000000000000000000000000
000000000000000000000000000
000000000000000000000000000
000000000000000000000000000
000000000000000000000000000
000000000000000000000000000
000000000000000000000000000
000000000000000000000000000
000000000000000000000000000
000000000000000000000000000
000000000000000000000000000
000000000000000000000000000
000000000000000000000000000
000000000000000000000000000
000000000000000000000000000
000000000000000000000000000
000000000000000000000000000
000000000000000000000000000
000000000000000000000000000
000000000000000000000000000
000000000000000000000000000
000000000000000000000000000
000000000000000000000000000
000000000000000000000000000
000000000000000000000000000
000000000000000000000000000
000000000000000000000000000
000000000000000000000000000
000000000000000000000000000
000000000000000000000000000
000000000000000000000000000
000000000000000000000000000
000000000000000000000000000
000000000000000000000000000
000000000000000000000000000
000000000000000000000000000
000000000000000000000000000
000000000000000000000000000
000000000000000000000000000
000000000000000000000000000
000000000000000000000000000
000000000000000000000000000
000000000000000000000000000
000000000000000000000000000
000000000000000000000000000
000000000000000000000000000
000000000000000000000000000
000000000000000000000000000
000000000000000000000000000
000000000000000000000000000
000000000000000000000000000
000000000000000000000000000
000000000000000000000000000
000000000000000000000000000
000000000000000000000000000
000000000000000000000000000
000000000000000000000000000
000000000000000000000000000
000000000000000000000000000
000000000000000000000000000
000000000000000000000000000
000000000000000000000000000
000000000000000000000000000
000000000000000000000000000
000000000000000000000000000
000000000000000000000000000
000000000000000000000000000
000000000000000000000000000
000000000000000000000000000
000000000000000000000000000
000000000000000000000000000
000000000000000000000000000
000000000000000000000000000
000000000000000000000000000
000000000000000000000000000
000000000000000000000000000
000000000000000000000000000
000000000000000000000000000
000000000000000000000000000
000000000000000000000000000
000000000000000000000000000
000000000000000000000000000
000000000000000000000000000
000000000000000000000000000
000000000000000000000000000
000000000000000000000000000
000000000000000000000000000
000000000000000000000000000
000000000000000000000000000
000000000000000000000000000
000000000000000000000000000
000000000000000000000000000
000000000000000000000000000
000000000000000000000000000
000000000000000000000000000
000000000000000000000000000
000000000000000000000000000
000000000000000000000000000
000000000000000000000000000
000000000000000000000000000
000000000000000000000000000
000000000000000000000000000
000000000000000000000000000
000000000000000000000000000
000000000000000000000000000
000000000000000000000000000
000000000000000000000000000
000000000000000000000000000
000000000000000000000000000
000000000000000000000000000
000000000000000000000000000
000000000000000000000000000
000000000000000000000000000
000000000000000000000000000
000000000000000000000000000
000000000000000000000000000
000000000000000000000000000
000000000000000000000000000
000000000000000000000000000
000000000000000000000000000
000000000000000000000000000
000000000000000000000000000
000000000000000000000000000
000000000000000000000000000
000000000000000000000000000
000000000000000000000000000
000000000000000000000000000
000000000000000000000000000
000000000000000000000000000
000000000000000000000000000
000000000000000000000000000
000000000000000000000000000
000000000000000000000000000
000000000000000000000000000
000000000000000000000000000
000000000000000000000000000
000000000000000000000000000
000000000000000000000000000
000000000000000000000000000
000000000000000000000000000
000000000000000000000000000
