0 0 0 28253057865
0 0 1 47087973193
0 0 2 26661516105
0 0 3 3926782793
0 0 4 1084289865
0 0 5 3121607497
0 0 6 10042929993
0 0 7 8960602953
0 0 8 5738722121
0 0 9 4310954825
0 0 10 1165718345
0 0 11 7289566025
0 0 12 -492440759
0 0 13 -1279790263
0 0 14 -6560287927
0 0 15 -986320055
0 0 16 -181701815
0 0 17 -4811787447
0 0 18 -1040813239
0 0 19 42824521
0 0 20 6604583753
0 0 21 5081494345
0 0 22 5601522505
0 0 23 7933621065
0 1 0 25481802569
0 1 1 30310298441
0 1 2 19683996489
0 1 3 7638872905
0 1 4 6009287497
0 1 5 6242628425
0 1 6 10171675465
0 1 7 10535924553
0 1 8 6993277769
0 1 9 7224718153
0 1 10 6383301449
0 1 11 9545151305
0 1 12 -114789559
0 1 13 -1909132471
0 1 14 -5337091255
0 1 15 -808193207
0 1 16 -174296247
0 1 17 -2567900343
0 1 18 -905579703
0 1 19 -2244545719
0 1 20 4385338185
0 1 21 5593002825
0 1 22 6753645385
0 1 23 3809309513
0 2 0 11809485641
0 2 1 14754935625
0 2 2 12739867465
0 2 3 8616571721
0 2 4 7432532809
0 2 5 4628476745
0 2 6 7384068937
0 2 7 4185715529
0 2 8 2584277833
0 2 9 2188243785
0 2 10 4984009545
0 2 11 6079181641
0 2 12 -3055553719
0 2 13 -1800277175
0 2 14 -3753807031
0 2 15 859206473
0 2 16 -1298697399
0 2 17 -1443794103
0 2 18 -906759351
0 2 19 -1403227319
0 2 20 2114810697
0 2 21 6793589577
0 2 22 9476993865
0 2 23 4362105673
0 3 0 2311680841
0 3 1 -2298219703
0 3 2 4303680329
0 3 3 6270219081
0 3 4 3700486985
0 3 5 765588297
0 3 6 -2045414583
0 3 7 -3709406391
0 3 8 -7449480375
0 3 9 -7737674935
0 3 10 -476056759
0 3 11 2935616329
0 3 12 413954889
0 3 13 -3426847927
0 3 14 -6762368183
0 3 15 -4476308663
0 3 16 -3508735159
0 3 17 -1598655671
0 3 18 -4275506359
0 3 19 -4771777719
0 3 20 -3627945143
0 3 21 2268361545
0 3 22 4254757705
0 3 23 -1421610167
0 4 0 -2877983927
0 4 1 -3882683575
0 4 2 843805513
0 4 3 739701577
0 4 4 -922029239
0 4 5 -3321957559
0 4 6 -5343153335
0 4 7 -6267145399
0 4 8 -4772629687
0 4 9 -2875329719
0 4 10 171733833
0 4 11 3616535369
0 4 12 3181474633
0 4 13 3819336521
0 4 14 2150265673
0 4 15 -2634419383
0 4 16 -2392067255
0 4 17 -3146353847
0 4 18 -2224917687
0 4 19 -2036894903
0 4 20 -1404603575
0 4 21 4960514889
0 4 22 5790823241
0 4 23 3643962185
0 5 0 -1463094455
0 5 1 -3772452023
0 5 2 623276873
0 5 3 23458633
0 5 4 1030779721
0 5 5 1606153033
0 5 6 -1988168887
0 5 7 -2273119415
0 5 8 -2218265783
0 5 9 -2326858935
0 5 10 -3707767991
0 5 11 -4551249079
0 5 12 -2356317367
0 5 13 -427560119
0 5 14 -556076215
0 5 15 -6562221239
0 5 16 -5251632311
0 5 17 -4304374967
0 5 18 -877366455
0 5 19 1425601353
0 5 20 1836675913
0 5 21 5949977417
0 5 22 2811294537
0 5 23 5221086025
0 6 0 3004724041
0 6 1 -3302984887
0 6 2 906457929
0 6 3 -2674232503
0 6 4 1750233929
0 6 5 757691209
0 6 6 1399026505
0 6 7 -1417022647
0 6 8 668627785
0 6 9 -403147959
0 6 10 -4833217719
0 6 11 -5083139255
0 6 12 -5651565751
0 6 13 -344296631
0 6 14 2039837513
0 6 15 -7090801847
0 6 16 -3315567799
0 6 17 -5867277495
0 6 18 1862824777
0 6 19 -3011087543
0 6 20 -1999998135
0 6 21 4749521737
0 6 22 3794105161
0 6 23 6532363081
0 7 0 5098468169
0 7 1 3678565193
0 7 2 4602721097
0 7 3 2477781833
0 7 4 3162469193
0 7 5 2046391113
0 7 6 321254217
0 7 7 -2644446391
0 7 8 -2662337719
0 7 9 -5524262071
0 7 10 -6392155319
0 7 11 -9608105143
0 7 12 -10239478967
0 7 13 -6256331959
0 7 14 -1579748535
0 7 15 -3750628535
0 7 16 -1459326135
0 7 17 -391941303
0 7 18 4756665161
0 7 19 1793127241
0 7 20 1703441225
0 7 21 3179869001
0 7 22 1171682121
0 7 23 -1784253623
0 8 0 1369502537
0 8 1 3195335497
0 8 2 3596841801
0 8 3 5164823369
0 8 4 3460526921
0 8 5 2490430281
0 8 6 -2030079159
0 8 7 -1752403127
0 8 8 -1474170039
0 8 9 -3790769335
0 8 10 -4510616759
0 8 11 -5567876279
0 8 12 -2794228919
0 8 13 152040265
0 8 14 3925242697
0 8 15 2587292489
0 8 16 971043657
0 8 17 -1940917431
0 8 18 -566004919
0 8 19 -3089763511
0 8 20 81752905
0 8 21 770110281
0 8 22 -735513783
0 8 23 -4479749303
0 9 0 -7724534967
0 9 1 1640264521
0 9 2 3155063625
0 9 3 10023367497
0 9 4 8239477577
0 9 5 8154903369
0 9 6 3980718921
0 9 7 1474753353
0 9 8 -2546240695
0 9 9 -5746101431
0 9 10 -2064288951
0 9 11 -2529266871
0 9 12 2327180105
0 9 13 3619779401
0 9 14 5872513865
0 9 15 7307064137
0 9 16 526644041
0 9 17 417821513
0 9 18 -2859142327
0 9 19 3353211721
0 9 20 4979618633
0 9 21 1598780233
0 9 22 -2910522551
0 9 23 -6070963383
0 10 0 -6931680439
0 10 1 93942601
0 10 2 223507273
0 10 3 5466649417
0 10 4 6215824201
0 10 5 12590510921
0 10 6 10941068105
0 10 7 7513469769
0 10 8 -560336055
0 10 9 -6116936887
0 10 10 -3782479031
0 10 11 122778441
0 10 12 7128150857
0 10 13 7241397065
0 10 14 6455653193
0 10 15 5415236425
0 10 16 -297110711
0 10 17 -5491264695
0 10 18 -10928065719
0 10 19 -3539766455
0 10 20 2032956233
0 10 21 3381818185
0 10 22 -816286903
0 10 23 1827697481
0 11 0 -203885751
0 11 1 2181264201
0 11 2 4011455305
0 11 3 6181712713
0 11 4 5954532169
0 11 5 11593216841
0 11 6 9173332809
0 11 7 3936318281
0 11 8 -2447346871
0 11 9 -8340049079
0 11 10 -2965900471
0 11 11 299266889
0 11 12 7960458057
0 11 13 7065137993
0 11 14 3957289801
0 11 15 2748576585
0 11 16 -1165102263
0 11 17 -3865578679
0 11 18 -8439270583
0 11 19 -1580371127
0 11 20 1384117065
0 11 21 4573393737
0 11 22 1837953865
0 11 23 3280433993
0 12 0 7436890953
0 12 1 1229255497
0 12 2 3109647177
0 12 3 5040468809
0 12 4 3828511561
0 12 5 7708177225
0 12 6 102200137
0 12 7 2194240329
0 12 8 46068553
0 12 9 -2796162231
0 12 10 165442377
0 12 11 3850826569
0 12 12 9578804041
0 12 13 7342093129
0 12 14 4589876041
0 12 15 4892455753
0 12 16 6809350985
0 12 17 2274390857
0 12 18 -3553496247
0 12 19 -4738911415
0 12 20 -2717224119
0 12 21 677540681
0 12 22 1350562633
0 12 23 5039715145
0 13 0 8790176585
0 13 1 -3000700087
0 13 2 -460295351
0 13 3 2822861641
0 13 4 -707202231
0 13 5 974254921
0 13 6 -7530679479
0 13 7 -3312815287
0 13 8 -1316392119
0 13 9 -26381495
0 13 10 878015305
0 13 11 688223049
0 13 12 6641480521
0 13 13 8820290377
0 13 14 4888195913
0 13 15 3661460297
0 13 16 6840742729
0 13 17 4089181001
0 13 18 -964299959
0 13 19 -4736355511
0 13 20 -2764737719
0 13 21 -1499794615
0 13 22 -1074728119
0 13 23 1406497609
0 14 0 8802562889
0 14 1 -1897860279
0 14 2 -4339600567
0 14 3 -3855125687
0 14 4 -4182871223
0 14 5 -3810167991
0 14 6 -7072910519
0 14 7 -5498342583
0 14 8 -1063095479
0 14 9 296186697
0 14 10 -184716471
0 14 11 -858786999
0 14 12 932344649
0 14 13 5519405897
0 14 14 5228688201
0 14 15 4352275273
0 14 16 6132036425
0 14 17 4459885385
0 14 18 1239413577
0 14 19 -238161079
0 14 20 1852928841
0 14 21 86209353
0 14 22 -1403096247
0 14 23 -781487287
0 15 0 5738459977
0 15 1 595030857
0 15 2 -3459353783
0 15 3 -5203037367
0 15 4 -4062874807
0 15 5 -3831303351
0 15 6 -4655516855
0 15 7 -6532664503
0 15 8 -4484566199
0 15 9 -2979269815
0 15 10 -3125546167
0 15 11 -5228006583
0 15 12 -4395928759
0 15 13 767259465
0 15 14 -1119456439
0 15 15 1218802505
0 15 16 284816201
0 15 17 4252136265
0 15 18 981300041
0 15 19 3933729609
0 15 20 6990132041
0 15 21 4009096009
0 15 22 1255961417
0 15 23 -4303981751
0 16 0 110588745
0 16 1 5735871305
0 16 2 3625677641
0 16 3 3028022089
0 16 4 4241486665
0 16 5 3595694921
0 16 6 -357797047
0 16 7 -2448624823
0 16 8 -4625992887
0 16 9 -2176027831
0 16 10 -2763426999
0 16 11 -3733753015
0 16 12 -5715725495
0 16 13 -5413538999
0 16 14 -4701031607
0 16 15 916157257
0 16 16 1110471497
0 16 17 4121883465
0 16 18 -1684573367
0 16 19 968913737
0 16 20 4905268041
0 16 21 1535865673
0 16 22 898888521
0 16 23 -7596379319
0 17 0 357954377
0 17 1 3277583177
0 17 2 1640035145
0 17 3 5682262857
0 17 4 3630887753
0 17 5 5844398921
0 17 6 219902793
0 17 7 2739860297
0 17 8 -4462480567
0 17 9 -3699477687
0 17 10 -6061329591
0 17 11 -3218050231
0 17 12 -2916224183
0 17 13 -4694772919
0 17 14 -7698877623
0 17 15 -2067106999
0 17 16 1206678345
0 17 17 3141956425
0 17 18 -5776444599
0 17 19 -6112119991
0 17 20 -1459522743
0 17 21 -1181355191
0 17 22 -1118309559
0 17 23 -7769132215
0 18 0 -2797243575
0 18 1 -2304314551
0 18 2 -3781692599
0 18 3 2344579913
0 18 4 -1541573815
0 18 5 3604673353
0 18 6 190444361
0 18 7 3524588361
0 18 8 -1455557815
0 18 9 -1889340599
0 18 10 -1849298103
0 18 11 1863545673
0 18 12 4197610313
0 18 13 -1219792055
0 18 14 -4607184055
0 18 15 -4874538167
0 18 16 15561545
0 18 17 -2525105335
0 18 18 -8525221047
0 18 19 -8534166711
0 18 20 -3157298359
0 18 21 -1184926903
0 18 22 -752716983
0 18 23 -4208266423
0 19 0 -768314551
0 19 1 -2611088567
0 19 2 -2421722295
0 19 3 927494985
0 19 4 -2417691831
0 19 5 1985573705
0 19 6 2402087753
0 19 7 5266895689
0 19 8 983429961
0 19 9 -5774707895
0 19 10 -4081978551
0 19 11 173830985
0 19 12 4610454345
0 19 13 2760471369
0 19 14 -1326615735
0 19 15 -2276592823
0 19 16 938603337
0 19 17 682914633
0 19 18 -4554165431
0 19 19 -6821055671
0 19 20 -4204596407
0 19 21 587526985
0 19 22 -332238007
0 19 23 -2539719863
0 20 0 -4536765623
0 20 1 -3527707831
0 20 2 -2158660791
0 20 3 457896777
0 20 4 -452496567
0 20 5 -1207307447
0 20 6 430076745
0 20 7 2503996233
0 20 8 443085641
0 20 9 -1711541431
0 20 10 659878729
0 20 11 7305032521
0 20 12 6860960585
0 20 13 7269970761
0 20 14 5967803209
0 20 15 1875014473
0 20 16 4646695753
0 20 17 -1040157879
0 20 18 -1744473271
0 20 19 -7336004791
0 20 20 -3592654007
0 20 21 2407527241
0 20 22 5908558665
0 20 23 4138660681
0 21 0 3016061769
0 21 1 4537054025
0 21 2 1383363401
0 21 3 228455241
0 21 4 1524036425
0 21 5 363131721
0 21 6 -433982647
0 21 7 3671978825
0 21 8 989688649
0 21 9 -761597111
0 21 10 -4117630135
0 21 11 -1431866551
0 21 12 -2260044983
0 21 13 4125717321
0 21 14 4931515209
0 21 15 3257168713
0 21 16 5089653577
0 21 17 2219897673
0 21 18 1027568457
0 21 19 -7536086199
0 21 20 -5210475703
0 21 21 761525065
0 21 22 2198565705
0 21 23 2411656009
0 22 0 1857188681
0 22 1 -3284765879
0 22 2 -6112251063
0 22 3 -4531915959
0 22 4 -2045742263
0 22 5 -2119011511
0 22 6 -2657520823
0 22 7 432173897
0 22 8 72774473
0 22 9 4340314953
0 22 10 904196937
0 22 11 656569161
0 22 12 -755305655
0 22 13 7653454665
0 22 14 12595524425
0 22 15 7944696649
0 22 16 6432486217
0 22 17 493876041
0 22 18 1122857801
0 22 19 -2207026359
0 22 20 -1044253879
0 22 21 2838262601
0 22 22 2814997321
0 22 23 2935386953
0 23 0 -1072172215
0 23 1 -4440919223
0 23 2 -6244863159
0 23 3 -7127698615
0 23 4 -7752092855
0 23 5 -4796157111
0 23 6 -3785919671
0 23 7 951776073
0 23 8 -2458291383
0 23 9 -3805285559
0 23 10 -5271391415
0 23 11 -6660394167
0 23 12 -1248595127
0 23 13 6140654409
0 23 14 8016851785
0 23 15 6146782025
0 23 16 1861972809
0 23 17 3163714377
0 23 18 4748702537
0 23 19 4502385481
0 23 20 1325593417
0 23 21 -41192631
0 23 22 -2591067319
0 23 23 1156612096
1 0 0 2071860428
1 0 1 6252599186
1 0 2 432602431
1 0 3 1521449408
1 0 4 3663744492
1 0 5 -2754488609
1 0 6 -2684390876
1 0 7 -683954609
1 0 8 -1286131739
1 0 9 2038410210
1 0 10 -2327694396
1 0 11 1183571011
1 0 12 -6156534273
1 0 13 2634795370
1 0 14 -163989395
1 0 15 -1999924204
1 0 16 2265862012
1 0 17 -170965232
1 0 18 3795631358
1 0 19 803129100
1 0 20 -2470935297
1 0 21 280239979
1 0 22 -53445615
1 0 23 2023927402
1 1 0 3492531666
1 1 1 4307629974
1 1 2 2230587711
1 1 3 -2387602048
1 1 4 437540385
1 1 5 431245561
1 1 6 -950493644
1 1 7 111291331
1 1 8 -762037136
1 1 9 2525336768
1 1 10 2733656573
1 1 11 -1997098134
1 1 12 -1857708872
1 1 13 -1286140372
1 1 14 2328749036
1 1 15 -51449170
1 1 16 5254779015
1 1 17 -845278718
1 1 18 2343573869
1 1 19 -728759335
1 1 20 488882854
1 1 21 349958184
1 1 22 1436054477
1 1 23 -3948581800
1 2 0 3722467353
1 2 1 1438599043
1 2 2 -4108781335
1 2 3 -790824495
1 2 4 2220808238
1 2 5 -528095350
1 2 6 602462607
1 2 7 2457559089
1 2 8 1136059481
1 2 9 1845712518
1 2 10 -1867749080
1 2 11 2777224403
1 2 12 1115353564
1 2 13 2211869670
1 2 14 -5394827974
1 2 15 1682391913
1 2 16 -740654188
1 2 17 562637371
1 2 18 -1998343617
1 2 19 -1823893616
1 2 20 2170976583
1 2 21 204065708
1 2 22 -174835837
1 2 23 2709136790
1 3 0 1091602616
1 3 1 63740608
1 3 2 -2472481387
1 3 3 146570535
1 3 4 234549841
1 3 5 85044172
1 3 6 1822189131
1 3 7 4162570537
1 3 8 2376242471
1 3 9 -15072979
1 3 10 453301452
1 3 11 -2157402446
1 3 12 2765190429
1 3 13 563314835
1 3 14 -875716497
1 3 15 -1341000523
1 3 16 -4959385292
1 3 17 1950342283
1 3 18 -231601604
1 3 19 -3252281212
1 3 20 -1062364040
1 3 21 -2316456088
1 3 22 -1355556595
1 3 23 -4801959738
1 4 0 1960984286
1 4 1 1865421855
1 4 2 4916818365
1 4 3 2711745945
1 4 4 -1295217185
1 4 5 -4331765105
1 4 6 -587466899
1 4 7 -503419170
1 4 8 696149765
1 4 9 1379292264
1 4 10 449020913
1 4 11 1634005522
1 4 12 -830153202
1 4 13 1193127487
1 4 14 -183011768
1 4 15 -1219919298
1 4 16 2126969899
1 4 17 2245426552
1 4 18 5193651817
1 4 19 4450891060
1 4 20 561303811
1 4 21 54681792
1 4 22 2272305362
1 4 23 -3282422543
1 5 0 -209097175
1 5 1 -2751943580
1 5 2 198747406
1 5 3 4073735422
1 5 4 -81249065
1 5 5 -929887166
1 5 6 -2642447785
1 5 7 -2168975274
1 5 8 3349705110
1 5 9 -261102759
1 5 10 2614641611
1 5 11 889841166
1 5 12 4155196884
1 5 13 139594641
1 5 14 -5614089674
1 5 15 -377283101
1 5 16 -1698413716
1 5 17 4263562427
1 5 18 -3438139386
1 5 19 1856022679
1 5 20 3105198294
1 5 21 -756160009
1 5 22 1045361890
1 5 23 2080201095
1 6 0 -632078844
1 6 1 -3752471914
1 6 2 -574885163
1 6 3 2082202949
1 6 4 3792030226
1 6 5 -3441974610
1 6 6 3568581891
1 6 7 -5268116837
1 6 8 193883255
1 6 9 2215055710
1 6 10 -3402343626
1 6 11 2481016351
1 6 12 -3252236165
1 6 13 -2810441218
1 6 14 536454504
1 6 15 -4131330663
1 6 16 5827910287
1 6 17 -1925674314
1 6 18 -1526565548
1 6 19 -2142451389
1 6 20 1121297712
1 6 21 -1589935948
1 6 22 -3163971429
1 6 23 -365311528
1 7 0 -1959970803
1 7 1 -2766013725
1 7 2 1752685865
1 7 3 -764225712
1 7 4 -183576071
1 7 5 -1537902357
1 7 6 -343819047
1 7 7 -2857512647
1 7 8 -371258463
1 7 9 -3601707836
1 7 10 -792786388
1 7 11 -4716021383
1 7 12 1399022707
1 7 13 -1759983186
1 7 14 779330263
1 7 15 1546757578
1 7 16 3121254496
1 7 17 -553077535
1 7 18 1061313959
1 7 19 -2678695455
1 7 20 -2291816087
1 7 21 -5282350363
1 7 22 -1887353925
1 7 23 -1420633724
1 8 0 -2178142203
1 8 1 1860118494
1 8 2 -833129821
1 8 3 1912220454
1 8 4 -2497606695
1 8 5 4840001961
1 8 6 1012504405
1 8 7 -1355188845
1 8 8 -1400012637
1 8 9 -3072573932
1 8 10 2331167325
1 8 11 -874597509
1 8 12 5165318355
1 8 13 -2290481325
1 8 14 1529402259
1 8 15 3592118195
1 8 16 5146454961
1 8 17 -2104944888
1 8 18 -295032222
1 8 19 338697614
1 8 20 3313664187
1 8 21 -3039801993
1 8 22 -5437469380
1 8 23 -5730012658
1 9 0 2015656813
1 9 1 1439318325
1 9 2 3852280073
1 9 3 -1578931339
1 9 4 238614086
1 9 5 883417231
1 9 6 -1141301969
1 9 7 -581447111
1 9 8 1263848559
1 9 9 -1103135519
1 9 10 669460581
1 9 11 4617959011
1 9 12 2629558625
1 9 13 3461862463
1 9 14 -1158406136
1 9 15 -2040356311
1 9 16 1991194085
1 9 17 -669206576
1 9 18 3865333262
1 9 19 -313316298
1 9 20 793914754
1 9 21 -1412244024
1 9 22 -387917390
1 9 23 -2984446028
1 10 0 -1924903381
1 10 1 4126640005
1 10 2 -5913376224
1 10 3 3076081780
1 10 4 898029981
1 10 5 1129782756
1 10 6 47482595
1 10 7 2394291784
1 10 8 5101839041
1 10 9 1837525399
1 10 10 -3279571481
1 10 11 233274927
1 10 12 -996994019
1 10 13 -766573900
1 10 14 -1799962498
1 10 15 2682128381
1 10 16 -6159235806
1 10 17 1978585657
1 10 18 -1906329838
1 10 19 -281434659
1 10 20 -1992280262
1 10 21 -1672189655
1 10 22 4823560063
1 10 23 3770536821
1 11 0 -2020737553
1 11 1 -2207995627
1 11 2 3008435910
1 11 3 176186370
1 11 4 1421546588
1 11 5 263048638
1 11 6 -2167106417
1 11 7 -1719651978
1 11 8 7756589236
1 11 9 2827915992
1 11 10 141040374
1 11 11 -2378617599
1 11 12 -5101457791
1 11 13 -175913769
1 11 14 367736941
1 11 15 -26221871
1 11 16 -1405264867
1 11 17 -4766578530
1 11 18 -4307148538
1 11 19 1099963663
1 11 20 1664216103
1 11 21 1892252340
1 11 22 6429801501
1 11 23 339723158
1 12 0 -2099059759
1 12 1 1551647604
1 12 2 -2415761522
1 12 3 5909640060
1 12 4 -33120535
1 12 5 402341759
1 12 6 1714998320
1 12 7 733096893
1 12 8 -1486427115
1 12 9 -1506549565
1 12 10 246985373
1 12 11 185243309
1 12 12 -2483815724
1 12 13 -2654300522
1 12 14 3329490119
1 12 15 35912973
1 12 16 -1045276920
1 12 17 1904693376
1 12 18 -2488077039
1 12 19 -2350423230
1 12 20 3138007924
1 12 21 1961810523
1 12 22 -2646514971
1 12 23 793376701
1 13 0 5508775409
1 13 1 4246456334
1 13 2 100357068
1 13 3 -1202481109
1 13 4 -2188025123
1 13 5 -2710298406
1 13 6 1007478878
1 13 7 2875728960
1 13 8 2041001046
1 13 9 -772577159
1 13 10 1542114732
1 13 11 -1446283756
1 13 12 1242183351
1 13 13 6318875883
1 13 14 1202895206
1 13 15 140811932
1 13 16 252082041
1 13 17 -3685244357
1 13 18 377627821
1 13 19 2308823809
1 13 20 -1808866664
1 13 21 -1497999517
1 13 22 1130420624
1 13 23 -5408396981
1 14 0 2914605918
1 14 1 4507197862
1 14 2 1431224517
1 14 3 -296994436
1 14 4 -3142131226
1 14 5 947699159
1 14 6 806807060
1 14 7 8237112911
1 14 8 1740997427
1 14 9 3827898729
1 14 10 2661365744
1 14 11 2295500224
1 14 12 -947467276
1 14 13 -798870234
1 14 14 3221754690
1 14 15 -2288149261
1 14 16 115226032
1 14 17 -2882690953
1 14 18 -805562783
1 14 19 1076850867
1 14 20 7579462
1 14 21 -812922210
1 14 22 -1880397567
1 14 23 -3632529385
1 15 0 -1692050641
1 15 1 -1863301972
1 15 2 -1101625319
1 15 3 2182195622
1 15 4 1984582353
1 15 5 2771300673
1 15 6 -212970745
1 15 7 3436580127
1 15 8 -1284650100
1 15 9 -75719171
1 15 10 -2179714856
1 15 11 4471519201
1 15 12 1657377967
1 15 13 -715571484
1 15 14 -5609034281
1 15 15 -1397306769
1 15 16 -1167577994
1 15 17 -4815595232
1 15 18 -1452734975
1 15 19 1353688922
1 15 20 1988274921
1 15 21 -3581046935
1 15 22 -2642630204
1 15 23 -3320592933
1 16 0 -4410326353
1 16 1 -4007710519
1 16 2 -4778462030
1 16 3 -2487184295
1 16 4 4179096611
1 16 5 120800698
1 16 6 1313914564
1 16 7 -5954373472
1 16 8 -4815229981
1 16 9 1962999052
1 16 10 -1421689084
1 16 11 2316596754
1 16 12 -1803462691
1 16 13 488440586
1 16 14 -1017864999
1 16 15 1569885852
1 16 16 -1033242032
1 16 17 646568705
1 16 18 -1593660376
1 16 19 -3474957082
1 16 20 -1067755180
1 16 21 -3005830476
1 16 22 -2309595473
1 16 23 -3550640193
1 17 0 -2358583121
1 17 1 -847373368
1 17 2 2978562455
1 17 3 1484519876
1 17 4 -1572621073
1 17 5 4390210877
1 17 6 -2028471712
1 17 7 3801479411
1 17 8 -5919504099
1 17 9 -2733586089
1 17 10 -4899656019
1 17 11 -2908539494
1 17 12 -2433089697
1 17 13 -4405482648
1 17 14 -722008135
1 17 15 -233838644
1 17 16 137886526
1 17 17 -4841227306
1 17 18 2599704001
1 17 19 -2709102004
1 17 20 3125683985
1 17 21 -60239236
1 17 22 -3501328511
1 17 23 -2977126072
1 18 0 -204268540
1 18 1 4508281952
1 18 2 1320712146
1 18 3 7017327628
1 18 4 1460380249
1 18 5 3149761417
1 18 6 172059462
1 18 7 -816031658
1 18 8 -859243726
1 18 9 -4113622420
1 18 10 -1716271533
1 18 11 4206537423
1 18 12 457699537
1 18 13 -486595941
1 18 14 -189823031
1 18 15 3640189681
1 18 16 -1548692086
1 18 17 -3743373245
1 18 18 -2194967491
1 18 19 938004300
1 18 20 -2365831304
1 18 21 -2493977365
1 18 22 -2231834232
1 18 23 -2442813412
1 19 0 1406533438
1 19 1 124530707
1 19 2 2157276834
1 19 3 1953697406
1 19 4 -1672781388
1 19 5 -2295836517
1 19 6 -817578325
1 19 7 3598141007
1 19 8 380817955
1 19 9 1824591862
1 19 10 1192753872
1 19 11 1888270856
1 19 12 2098140741
1 19 13 1059162877
1 19 14 -2334378078
1 19 15 -4198642669
1 19 16 -1026229750
1 19 17 -716520624
1 19 18 302572644
1 19 19 -4479228752
1 19 20 914960395
1 19 21 -1780850180
1 19 22 -1966399943
1 19 23 1591737913
1 20 0 2545367630
1 20 1 -2548042200
1 20 2 -1402186081
1 20 3 206887638
1 20 4 -6864900729
1 20 5 -1098132295
1 20 6 -5137229216
1 20 7 -1308292097
1 20 8 352914410
1 20 9 96534764
1 20 10 -978662935
1 20 11 -630927150
1 20 12 1546717881
1 20 13 -22125697
1 20 14 640560833
1 20 15 1236672737
1 20 16 -3819368882
1 20 17 2881347515
1 20 18 2048855305
1 20 19 1219613198
1 20 20 -5022298549
1 20 21 3169768636
1 20 22 3299450916
1 20 23 -892353882
1 21 0 93867583
1 21 1 -1725481776
1 21 2 -2727198618
1 21 3 -4256069373
1 21 4 -6041100239
1 21 5 964814301
1 21 6 2712494040
1 21 7 -1645099685
1 21 8 -2093143490
1 21 9 -138612233
1 21 10 634622155
1 21 11 4716452213
1 21 12 4298486982
1 21 13 -1163717807
1 21 14 2489299880
1 21 15 1372331696
1 21 16 4332942310
1 21 17 -622037292
1 21 18 -2355147532
1 21 19 -1219699328
1 21 20 -159296101
1 21 21 -206297942
1 21 22 -77144628
1 21 23 5357711089
1 22 0 574737995
1 22 1 14385699
1 22 2 3951191112
1 22 3 201176922
1 22 4 -4650827600
1 22 5 347318801
1 22 6 4366287396
1 22 7 -3138924094
1 22 8 -4564596206
1 22 9 2347505683
1 22 10 -5084176455
1 22 11 -2785080299
1 22 12 1210066354
1 22 13 1085627270
1 22 14 1417998432
1 22 15 1885731886
1 22 16 2964961450
1 22 17 -997555614
1 22 18 -2686465727
1 22 19 4034488860
1 22 20 2562566800
1 22 21 -1741205061
1 22 22 -3538145177
1 22 23 -302462680
1 23 0 -2332027107
1 23 1 703147412
1 23 2 4027994951
1 23 3 -6007382560
1 23 4 -1739526041
1 23 5 -2168002408
1 23 6 -2322425374
1 23 7 -1789001741
1 23 8 1066513527
1 23 9 -2426866784
1 23 10 273689178
1 23 11 -2906576707
1 23 12 1416127069
1 23 13 2548355980
1 23 14 -1230633955
1 23 15 13561938
1 23 16 5096617138
1 23 17 -2152648210
1 23 18 1832984247
1 23 19 -2899977256
1 23 20 513045271
1 23 21 3091409317
1 23 22 3090487011
1 23 23 2651164061
2 0 0 4379815219
2 0 1 3736217690
2 0 2 4206211632
2 0 3 5428129691
2 0 4 -1506327730
2 0 5 2431178426
2 0 6 1667811596
2 0 7 -2116093249
2 0 8 5017833408
2 0 9 -675889635
2 0 10 -4291307052
2 0 11 -111981806
2 0 12 1733695973
2 0 13 -2284440643
2 0 14 13957458
2 0 15 -718034883
2 0 16 -1363623656
2 0 17 -63639920
2 0 18 -1944219321
2 0 19 63910068
2 0 20 865332958
2 0 21 2340693959
2 0 22 3058403781
2 0 23 2979553528
2 1 0 -855655197
2 1 1 291921087
2 1 2 631029523
2 1 3 2236561021
2 1 4 -1619134823
2 1 5 1719718465
2 1 6 -1502207990
2 1 7 -1164361282
2 1 8 -4202053530
2 1 9 -1869352261
2 1 10 -1209370303
2 1 11 -983796545
2 1 12 2681585753
2 1 13 1996473348
2 1 14 -118219136
2 1 15 1469717325
2 1 16 2056459396
2 1 17 -1414183119
2 1 18 -489945763
2 1 19 331930986
2 1 20 -5354238421
2 1 21 -2042336648
2 1 22 2354151752
2 1 23 -553946243
2 2 0 -1669113372
2 2 1 2111309717
2 2 2 -1097309288
2 2 3 -845793438
2 2 4 5644107172
2 2 5 -1723624020
2 2 6 -3811095694
2 2 7 4147157496
2 2 8 3747325822
2 2 9 1775292504
2 2 10 2977915799
2 2 11 -1886858770
2 2 12 3288305447
2 2 13 -2366863112
2 2 14 992647623
2 2 15 5630833336
2 2 16 1845412459
2 2 17 -901240854
2 2 18 4405142309
2 2 19 -2282143495
2 2 20 -119991160
2 2 21 2258830754
2 2 22 505549013
2 2 23 702961042
2 3 0 -2274665772
2 3 1 1574944763
2 3 2 -4095206025
2 3 3 4725175244
2 3 4 3870254330
2 3 5 3099547765
2 3 6 -2365751522
2 3 7 -570965806
2 3 8 -1926825359
2 3 9 -1171831558
2 3 10 -1752878312
2 3 11 -115284764
2 3 12 964664275
2 3 13 -4038897111
2 3 14 -261184991
2 3 15 3293245780
2 3 16 -939102131
2 3 17 3232047657
2 3 18 722116933
2 3 19 1417816034
2 3 20 16750217
2 3 21 -148551622
2 3 22 -306784449
2 3 23 4599776742
2 4 0 264874270
2 4 1 -4026796071
2 4 2 -1201043386
2 4 3 -5734322192
2 4 4 6824367848
2 4 5 4304040633
2 4 6 -5414627232
2 4 7 -238006025
2 4 8 -1430270849
2 4 9 -2553715290
2 4 10 2856547103
2 4 11 -1290726453
2 4 12 -2874900388
2 4 13 -3225669055
2 4 14 4338224915
2 4 15 779640478
2 4 16 983293585
2 4 17 1435042222
2 4 18 -411895538
2 4 19 510428564
2 4 20 -2061565700
2 4 21 -675541129
2 4 22 -442981115
2 4 23 3547637667
2 5 0 5834823
2 5 1 -560732246
2 5 2 -4426979329
2 5 3 -3297394742
2 5 4 -3636332976
2 5 5 -1485361594
2 5 6 -1962921737
2 5 7 1769841471
2 5 8 -2128718788
2 5 9 -290816892
2 5 10 287818907
2 5 11 141074908
2 5 12 -3014331125
2 5 13 4983448403
2 5 14 4688299916
2 5 15 83459361
2 5 16 -4923996025
2 5 17 954426831
2 5 18 -6264539
2 5 19 -6674053459
2 5 20 2555798166
2 5 21 -2013808428
2 5 22 3826230639
2 5 23 -1969239445
2 6 0 61736199
2 6 1 3510131926
2 6 2 822914650
2 6 3 -794275173
2 6 4 545317642
2 6 5 -3537177189
2 6 6 -484158233
2 6 7 2836737408
2 6 8 1988770223
2 6 9 -280206533
2 6 10 -63637990
2 6 11 -1182826919
2 6 12 -3846954855
2 6 13 1460885291
2 6 14 -2461388742
2 6 15 -153005514
2 6 16 -493997738
2 6 17 -224182828
2 6 18 -1788285203
2 6 19 3408428657
2 6 20 671352000
2 6 21 1628839732
2 6 22 -1029458849
2 6 23 -1908848920
2 7 0 -1019304410
2 7 1 30167139
2 7 2 4958563807
2 7 3 4426920485
2 7 4 -724309803
2 7 5 -478946946
2 7 6 3207591380
2 7 7 -1018652031
2 7 8 1804749381
2 7 9 -536658731
2 7 10 153699442
2 7 11 -2494938564
2 7 12 1658581119
2 7 13 -4895726003
2 7 14 -4877820734
2 7 15 -765661939
2 7 16 -1102626712
2 7 17 -1172098566
2 7 18 3402007449
2 7 19 2186539642
2 7 20 1422470125
2 7 21 4652755139
2 7 22 975447583
2 7 23 2039776363
2 8 0 556743264
2 8 1 -6778716687
2 8 2 3366411672
2 8 3 1181080003
2 8 4 1726259293
2 8 5 3397907709
2 8 6 318027018
2 8 7 2781011309
2 8 8 -1266890447
2 8 9 -1613706960
2 8 10 -1726103954
2 8 11 -9294669119
2 8 12 1702884568
2 8 13 -3099349705
2 8 14 1918672881
2 8 15 317350389
2 8 16 -1500391745
2 8 17 -1294283980
2 8 18 -1723988142
2 8 19 -5262063880
2 8 20 2884778139
2 8 21 1680263696
2 8 22 8943443473
2 8 23 3290952307
2 9 0 -1037859090
2 9 1 -1050737586
2 9 2 -4691815993
2 9 3 1212484108
2 9 4 -918837032
2 9 5 531655877
2 9 6 2430995146
2 9 7 1943326502
2 9 8 261411526
2 9 9 -480401742
2 9 10 -3319696837
2 9 11 -175947294
2 9 12 1812620063
2 9 13 -1904975386
2 9 14 -1537237801
2 9 15 1644661846
2 9 16 -491677437
2 9 17 881495757
2 9 18 -865818808
2 9 19 -2649185337
2 9 20 -1103943386
2 9 21 -3072823727
2 9 22 2541475133
2 9 23 -942854721
2 10 0 -2668792146
2 10 1 -5392422436
2 10 2 -676675388
2 10 3 1468924152
2 10 4 -3365660898
2 10 5 1487935647
2 10 6 2616200147
2 10 7 1605563424
2 10 8 -3173920656
2 10 9 -2646008064
2 10 10 -745828596
2 10 11 4977715031
2 10 12 -2105116009
2 10 13 -296920245
2 10 14 6137304149
2 10 15 1772881882
2 10 16 2043007414
2 10 17 -1398237028
2 10 18 -954199289
2 10 19 -597265388
2 10 20 -715619995
2 10 21 -496387609
2 10 22 -2594072814
2 10 23 648843079
2 11 0 -3240777143
2 11 1 2359821692
2 11 2 1543381205
2 11 3 -479785300
2 11 4 -170392624
2 11 5 1802059700
2 11 6 881361946
2 11 7 -2540231101
2 11 8 -1036451066
2 11 9 -1002960789
2 11 10 -2523471647
2 11 11 358654070
2 11 12 2214759000
2 11 13 5935566290
2 11 14 -2555443583
2 11 15 -4093134365
2 11 16 -3589332812
2 11 17 1103580664
2 11 18 503371997
2 11 19 -2344298299
2 11 20 -2862599768
2 11 21 -2513699298
2 11 22 -142801626
2 11 23 2583266391
2 12 0 -2464066673
2 12 1 -3678694403
2 12 2 -834724069
2 12 3 -2753340092
2 12 4 1215715947
2 12 5 2621418905
2 12 6 2683060099
2 12 7 1298318225
2 12 8 -3443257168
2 12 9 -688457159
2 12 10 -3555841838
2 12 11 -4216276044
2 12 12 -931545306
2 12 13 -2954144973
2 12 14 -1476990433
2 12 15 1232825537
2 12 16 -3638906285
2 12 17 4024862206
2 12 18 -164508978
2 12 19 -6758126695
2 12 20 -3124211986
2 12 21 1847725758
2 12 22 368453522
2 12 23 -3702939172
2 13 0 -1585834059
2 13 1 -1029694183
2 13 2 4659890814
2 13 3 1560552932
2 13 4 4456740203
2 13 5 -832685211
2 13 6 170544902
2 13 7 -2829518360
2 13 8 4552619656
2 13 9 5642518596
2 13 10 -2459367957
2 13 11 -5288212674
2 13 12 1065676933
2 13 13 860694422
2 13 14 -1699444010
2 13 15 -1969563165
2 13 16 -1819184323
2 13 17 -2826554934
2 13 18 3252161969
2 13 19 -777207025
2 13 20 869572683
2 13 21 -1178057564
2 13 22 2779044313
2 13 23 1227730937
2 14 0 -1112038985
2 14 1 1100416776
2 14 2 -5459491638
2 14 3 301941097
2 14 4 324747713
2 14 5 949609062
2 14 6 -4481899657
2 14 7 -2312760137
2 14 8 -1667059665
2 14 9 2096858359
2 14 10 1741404645
2 14 11 -4869315380
2 14 12 2387466314
2 14 13 2707971851
2 14 14 1220158582
2 14 15 1216884827
2 14 16 101696797
2 14 17 4332401556
2 14 18 -2480772030
2 14 19 -3759481616
2 14 20 1126170707
2 14 21 3096115389
2 14 22 3654980732
2 14 23 872075515
2 15 0 1565393614
2 15 1 2570676200
2 15 2 -547686674
2 15 3 -2674712150
2 15 4 -3670139660
2 15 5 1764112486
2 15 6 5461738080
2 15 7 -1029453611
2 15 8 -3517014634
2 15 9 -3228977080
2 15 10 -1017702653
2 15 11 -3495203872
2 15 12 -2417881511
2 15 13 1476651672
2 15 14 -2783526129
2 15 15 1384394843
2 15 16 -4763226717
2 15 17 29388828
2 15 18 395303519
2 15 19 1391772568
2 15 20 -356667602
2 15 21 5066303385
2 15 22 2466530280
2 15 23 1650512056
2 16 0 6251404631
2 16 1 471250742
2 16 2 4655990994
2 16 3 3193399990
2 16 4 2257589811
2 16 5 1507427976
2 16 6 -1911613567
2 16 7 6130602838
2 16 8 1539556651
2 16 9 3596293715
2 16 10 -1378985570
2 16 11 -3002912031
2 16 12 820146544
2 16 13 -5755932738
2 16 14 3198380000
2 16 15 -3909096465
2 16 16 -1054716665
2 16 17 1144317138
2 16 18 489383924
2 16 19 -709445400
2 16 20 1602053380
2 16 21 94672122
2 16 22 -1464202790
2 16 23 419534625
2 17 0 2022902218
2 17 1 -618217840
2 17 2 3419655247
2 17 3 -1049298342
2 17 4 -2722140101
2 17 5 -2370275537
2 17 6 1507276505
2 17 7 1719220612
2 17 8 -344443460
2 17 9 3583005188
2 17 10 452956463
2 17 11 2031717777
2 17 12 1405282433
2 17 13 4900349010
2 17 14 -824440297
2 17 15 -2617972233
2 17 16 3128630319
2 17 17 3569643775
2 17 18 4674855613
2 17 19 -1156780434
2 17 20 -234478806
2 17 21 505864397
2 17 22 -1703335299
2 17 23 361500578
2 18 0 716435763
2 18 1 -1504010929
2 18 2 -2299670237
2 18 3 589293463
2 18 4 -1873316263
2 18 5 157346156
2 18 6 -2669342713
2 18 7 -5157695756
2 18 8 2114354176
2 18 9 3406174605
2 18 10 120434875
2 18 11 -3793338373
2 18 12 625525895
2 18 13 -954702266
2 18 14 -786120143
2 18 15 -466093576
2 18 16 383889410
2 18 17 644230426
2 18 18 -292811245
2 18 19 -6977333186
2 18 20 -1208256063
2 18 21 3000216429
2 18 22 768953974
2 18 23 -1076998783
2 19 0 -264628386
2 19 1 1966044681
2 19 2 2284202450
2 19 3 -2306628940
2 19 4 4717089594
2 19 5 811419309
2 19 6 93274588
2 19 7 3125957902
2 19 8 1495739643
2 19 9 690272086
2 19 10 -621051886
2 19 11 103185056
2 19 12 -1975763874
2 19 13 1967712187
2 19 14 2280061987
2 19 15 701825388
2 19 16 -2536556694
2 19 17 -1971920623
2 19 18 -2581903396
2 19 19 833007460
2 19 20 -2389113481
2 19 21 179750197
2 19 22 -2129342528
2 19 23 -1230817274
2 20 0 -3345278258
2 20 1 4731386722
2 20 2 -46589995
2 20 3 3035300706
2 20 4 3738927534
2 20 5 4015791434
2 20 6 -2920989469
2 20 7 -1108976321
2 20 8 4611251073
2 20 9 -114196783
2 20 10 -1832756328
2 20 11 -1163109130
2 20 12 -2188000288
2 20 13 -2636523944
2 20 14 630625691
2 20 15 270496435
2 20 16 1344392529
2 20 17 -2961897094
2 20 18 2486015473
2 20 19 -278440529
2 20 20 -597647971
2 20 21 -8159962515
2 20 22 1801074113
2 20 23 -901886002
2 21 0 -925335504
2 21 1 817353756
2 21 2 -1209630801
2 21 3 5129862793
2 21 4 6199532600
2 21 5 -1673404480
2 21 6 -462731322
2 21 7 1957305275
2 21 8 1391271881
2 21 9 -1180654830
2 21 10 -1800613643
2 21 11 2435999846
2 21 12 345353414
2 21 13 -877407971
2 21 14 -3073555578
2 21 15 2345314995
2 21 16 -3520702192
2 21 17 7185140372
2 21 18 1564712008
2 21 19 -1445801380
2 21 20 216483773
2 21 21 3570826896
2 21 22 -5007591289
2 21 23 646115457
2 22 0 -5999192580
2 22 1 3085533378
2 22 2 2133825238
2 22 3 -1122719370
2 22 4 -2131975433
2 22 5 -648258899
2 22 6 -547271453
2 22 7 4330889357
2 22 8 -2342293066
2 22 9 -762726529
2 22 10 5149220418
2 22 11 -1535708218
2 22 12 -4092445845
2 22 13 -3226097140
2 22 14 5597464691
2 22 15 2131396848
2 22 16 -2569280741
2 22 17 566567534
2 22 18 -544405435
2 22 19 -3683869616
2 22 20 1311590878
2 22 21 -1540840455
2 22 22 559524326
2 22 23 3192743839
2 23 0 2964921353
2 23 1 -340694504
2 23 2 320620163
2 23 3 846803013
2 23 4 -695274704
2 23 5 -3597896807
2 23 6 -491614534
2 23 7 -1367017721
2 23 8 -400376165
2 23 9 -615142540
2 23 10 320624978
2 23 11 -2104813195
2 23 12 -770986369
2 23 13 -386562023
2 23 14 -525396182
2 23 15 2074669608
2 23 16 3366843462
2 23 17 3046946823
2 23 18 -3174327087
2 23 19 979539072
2 23 20 -1670214760
2 23 21 -1903270796
2 23 22 -231122384
2 23 23 2900205689
3 0 0 2530451704
3 0 1 1072424022
3 0 2 45442065
3 0 3 -4250746319
3 0 4 5269704736
3 0 5 2562244416
3 0 6 3398096773
3 0 7 4958116732
3 0 8 4743772833
3 0 9 2632008032
3 0 10 557537935
3 0 11 3584385387
3 0 12 2992339217
3 0 13 -221197273
3 0 14 121741440
3 0 15 -1610669685
3 0 16 2020900437
3 0 17 -990852667
3 0 18 -1403155613
3 0 19 1012305222
3 0 20 918099209
3 0 21 -2040859115
3 0 22 953943572
3 0 23 1751383453
3 1 0 1508243692
3 1 1 1619482008
3 1 2 -2374243815
3 1 3 3340664663
3 1 4 3014497957
3 1 5 486825673
3 1 6 1806229768
3 1 7 1940658906
3 1 8 427100842
3 1 9 -474112892
3 1 10 -3083618947
3 1 11 -6727560
3 1 12 397973714
3 1 13 -2752428217
3 1 14 -669243872
3 1 15 -751777605
3 1 16 -555419188
3 1 17 -3045578100
3 1 18 2072523247
3 1 19 -3547221512
3 1 20 802311259
3 1 21 5998284142
3 1 22 1493334
3 1 23 2644696719
3 2 0 3912507897
3 2 1 -550577420
3 2 2 -987597394
3 2 3 4629366954
3 2 4 3109529318
3 2 5 593174452
3 2 6 2394387505
3 2 7 2307282609
3 2 8 -5199916889
3 2 9 -1969174775
3 2 10 3072509358
3 2 11 -3761166314
3 2 12 -933517369
3 2 13 1241469232
3 2 14 1686137905
3 2 15 2650220632
3 2 16 -484247088
3 2 17 4591418678
3 2 18 -3048025534
3 2 19 492441784
3 2 20 487118571
3 2 21 -849919596
3 2 22 1997232306
3 2 23 1455511444
3 3 0 -973562489
3 3 1 3689077766
3 3 2 -496227289
3 3 3 -2112682193
3 3 4 1821743203
3 3 5 2881770324
3 3 6 -3534644963
3 3 7 -4741457347
3 3 8 3428565527
3 3 9 877031558
3 3 10 -1051740401
3 3 11 2983874192
3 3 12 -2528495821
3 3 13 1313593017
3 3 14 1622426305
3 3 15 -573893264
3 3 16 6462709862
3 3 17 -2427755179
3 3 18 1724680817
3 3 19 -1079490478
3 3 20 455775500
3 3 21 354943598
3 3 22 -1909799045
3 3 23 -223820358
3 4 0 1455762858
3 4 1 -143530520
3 4 2 1070555543
3 4 3 -3602174555
3 4 4 -2239035823
3 4 5 2551857747
3 4 6 -315998238
3 4 7 3627374501
3 4 8 -1620651532
3 4 9 -4058165486
3 4 10 -514956569
3 4 11 -2587815535
3 4 12 -1459738411
3 4 13 -1691440763
3 4 14 -3411746522
3 4 15 1642795950
3 4 16 -1514123662
3 4 17 4389374623
3 4 18 -3013038096
3 4 19 994785053
3 4 20 2077868777
3 4 21 -1722057087
3 4 22 -917113271
3 4 23 -53327492
3 5 0 102403866
3 5 1 -1869057591
3 5 2 88208120
3 5 3 2921556967
3 5 4 1104691197
3 5 5 381594943
3 5 6 4989750699
3 5 7 -2918994138
3 5 8 411109873
3 5 9 -125719715
3 5 10 -6350692408
3 5 11 -2145088348
3 5 12 -2044633881
3 5 13 -91326407
3 5 14 677941473
3 5 15 1831510846
3 5 16 5968609892
3 5 17 1689260808
3 5 18 -823655749
3 5 19 -233632915
3 5 20 5938040850
3 5 21 2342218286
3 5 22 121695599
3 5 23 1498730985
3 6 0 1982102588
3 6 1 283061469
3 6 2 1765007478
3 6 3 -536304994
3 6 4 -4874489085
3 6 5 -4018442359
3 6 6 -2519447431
3 6 7 3598544121
3 6 8 -71010029
3 6 9 -1921544380
3 6 10 -3932681422
3 6 11 -897775357
3 6 12 5470053395
3 6 13 396077034
3 6 14 760157298
3 6 15 3322280523
3 6 16 -3172495494
3 6 17 -4012955226
3 6 18 1639423614
3 6 19 593786947
3 6 20 -1509341307
3 6 21 1713399171
3 6 22 2681637964
3 6 23 926419648
3 7 0 4128439064
3 7 1 3473964335
3 7 2 2759451106
3 7 3 2860852618
3 7 4 -5243522646
3 7 5 1691247180
3 7 6 -3367423341
3 7 7 -2971124367
3 7 8 4451144058
3 7 9 1819182890
3 7 10 -227325079
3 7 11 2053556426
3 7 12 2976399902
3 7 13 -2736201369
3 7 14 -312194271
3 7 15 -290474894
3 7 16 1648788664
3 7 17 -2531464279
3 7 18 -5782846803
3 7 19 -1249274789
3 7 20 3210396923
3 7 21 437788060
3 7 22 130920047
3 7 23 3784648505
3 8 0 -1706730072
3 8 1 1535949829
3 8 2 2299557559
3 8 3 -1927360921
3 8 4 3398164983
3 8 5 -4501036298
3 8 6 -1406251228
3 8 7 95640848
3 8 8 703778063
3 8 9 821396025
3 8 10 -4766914142
3 8 11 -62759046
3 8 12 950351039
3 8 13 -171593890
3 8 14 383849812
3 8 15 -4713395911
3 8 16 -3237416321
3 8 17 -2925080798
3 8 18 -1009653878
3 8 19 -1528740021
3 8 20 -2916990536
3 8 21 3193725225
3 8 22 31429273
3 8 23 -919186165
3 9 0 2765739845
3 9 1 -6512964575
3 9 2 -1992789578
3 9 3 5585326700
3 9 4 -477893912
3 9 5 141807695
3 9 6 2453992584
3 9 7 4427425607
3 9 8 101432191
3 9 9 458486295
3 9 10 9297428
3 9 11 652189304
3 9 12 -3440321354
3 9 13 -5221416002
3 9 14 -867950559
3 9 15 1971164892
3 9 16 -7236112920
3 9 17 -1240194307
3 9 18 -4962598940
3 9 19 -254283028
3 9 20 -1088505909
3 9 21 -1649630101
3 9 22 3589665120
3 9 23 672367193
3 10 0 1445133231
3 10 1 -359245245
3 10 2 -341392890
3 10 3 -2661739335
3 10 4 1937284193
3 10 5 1942049619
3 10 6 5007231392
3 10 7 325005467
3 10 8 5643834540
3 10 9 -3796260942
3 10 10 -2158630139
3 10 11 -1478047493
3 10 12 623548993
3 10 13 2915107212
3 10 14 -2142194510
3 10 15 500765172
3 10 16 2820240726
3 10 17 -542521141
3 10 18 1552393456
3 10 19 -2370597482
3 10 20 2235141982
3 10 21 -1370468498
3 10 22 -1758007520
3 10 23 -610695859
3 11 0 -149285942
3 11 1 2245636241
3 11 2 1497980988
3 11 3 2769330066
3 11 4 -9945491
3 11 5 -2714116812
3 11 6 2430965900
3 11 7 3803468649
3 11 8 -139654531
3 11 9 -1475629354
3 11 10 -3195217373
3 11 11 1922015744
3 11 12 3755724553
3 11 13 -1912466405
3 11 14 5533069877
3 11 15 2412159109
3 11 16 73583778
3 11 17 61342008
3 11 18 2953799412
3 11 19 2333459107
3 11 20 1178835053
3 11 21 -517923052
3 11 22 -5671111439
3 11 23 2207458285
3 12 0 222610806
3 12 1 610043689
3 12 2 -5925626078
3 12 3 -3353626563
3 12 4 881216288
3 12 5 346289161
3 12 6 -6099469571
3 12 7 -1511625048
3 12 8 194455043
3 12 9 -711284270
3 12 10 -32326116
3 12 11 293198321
3 12 12 3683324159
3 12 13 3508548052
3 12 14 -1213868236
3 12 15 -2264270665
3 12 16 313540170
3 12 17 2720436548
3 12 18 -864905010
3 12 19 631035712
3 12 20 -1182364577
3 12 21 1333992910
3 12 22 -4306296009
3 12 23 -186010909
3 13 0 168301942
3 13 1 -1620900527
3 13 2 -2026865946
3 13 3 -4487166138
3 13 4 -1587518910
3 13 5 450565288
3 13 6 1189464725
3 13 7 2762510381
3 13 8 -3251626058
3 13 9 -4664868146
3 13 10 -2517168257
3 13 11 -5503033287
3 13 12 541317863
3 13 13 -6029601069
3 13 14 -111318282
3 13 15 -1545348496
3 13 16 2900892125
3 13 17 670803969
3 13 18 1476526357
3 13 19 827466559
3 13 20 -781221401
3 13 21 -950541464
3 13 22 2396209579
3 13 23 -2411069700
3 14 0 639462723
3 14 1 -333349127
3 14 2 -3287868423
3 14 3 660132031
3 14 4 -2401955475
3 14 5 550876023
3 14 6 -4664661752
3 14 7 -539045919
3 14 8 -2962072592
3 14 9 1112462583
3 14 10 -3561654581
3 14 11 -2526209896
3 14 12 -2793191942
3 14 13 -777656520
3 14 14 -3963034675
3 14 15 248646779
3 14 16 5620390338
3 14 17 -1093365654
3 14 18 2808495745
3 14 19 4279585425
3 14 20 3097629022
3 14 21 1328471205
3 14 22 -932224130
3 14 23 2418033001
3 15 0 3610224173
3 15 1 -1352411068
3 15 2 790332769
3 15 3 -2527770599
3 15 4 6114649014
3 15 5 -2404118161
3 15 6 4285548341
3 15 7 -2112236768
3 15 8 -1087587302
3 15 9 683032150
3 15 10 923463220
3 15 11 -2478066613
3 15 12 108555200
3 15 13 -1961998916
3 15 14 2532347542
3 15 15 314946063
3 15 16 876041846
3 15 17 2324973252
3 15 18 230861278
3 15 19 -31835340
3 15 20 -1459223033
3 15 21 -724051572
3 15 22 977160600
3 15 23 2065608182
3 16 0 4789424775
3 16 1 1655132103
3 16 2 3144784159
3 16 3 2956868274
3 16 4 -201835302
3 16 5 3621410969
3 16 6 -3168877421
3 16 7 2060851360
3 16 8 -2125620855
3 16 9 171640546
3 16 10 392279711
3 16 11 2402377280
3 16 12 -1180957095
3 16 13 1114071196
3 16 14 627092601
3 16 15 -1860154395
3 16 16 2236743820
3 16 17 -3531567174
3 16 18 1964137552
3 16 19 651680470
3 16 20 2764837747
3 16 21 2522302253
3 16 22 1067666780
3 16 23 632431944
3 17 0 831060139
3 17 1 -546559401
3 17 2 1081057202
3 17 3 3679416489
3 17 4 1854624302
3 17 5 586325438
3 17 6 -2172018628
3 17 7 -2465681512
3 17 8 2098631618
3 17 9 1624929250
3 17 10 820713368
3 17 11 -481273024
3 17 12 15497237
3 17 13 -3869071755
3 17 14 483263074
3 17 15 4881977751
3 17 16 -4888759355
3 17 17 563173236
3 17 18 -3203167544
3 17 19 -2890696910
3 17 20 -939037158
3 17 21 508822903
3 17 22 -886116612
3 17 23 685380532
3 18 0 811085274
3 18 1 -2749121881
3 18 2 990250813
3 18 3 -236005401
3 18 4 49029074
3 18 5 -999409479
3 18 6 -489700974
3 18 7 53973072
3 18 8 -2914554417
3 18 9 -339195354
3 18 10 3243041054
3 18 11 26969377
3 18 12 -2338705234
3 18 13 -322560834
3 18 14 1713366927
3 18 15 -3372489051
3 18 16 2351728335
3 18 17 -2694365181
3 18 18 3153244817
3 18 19 136080599
3 18 20 3437077961
3 18 21 -1136189502
3 18 22 361391135
3 18 23 -1851292361
3 19 0 960951795
3 19 1 2861690435
3 19 2 -1633353092
3 19 3 2441712204
3 19 4 -3880019349
3 19 5 3090171559
3 19 6 4539641041
3 19 7 2285381241
3 19 8 1511371068
3 19 9 84031397
3 19 10 -2153017075
3 19 11 3232762519
3 19 12 1782645592
3 19 13 -4198658183
3 19 14 -1883093041
3 19 15 6958486756
3 19 16 -689532847
3 19 17 3460399013
3 19 18 1380056681
3 19 19 1199951451
3 19 20 -2239206797
3 19 21 1501201299
3 19 22 2325866153
3 19 23 -924368396
3 20 0 -293741528
3 20 1 -6371413125
3 20 2 1242502540
3 20 3 3899073214
3 20 4 1240962869
3 20 5 2830560388
3 20 6 2548648968
3 20 7 3448827067
3 20 8 1876921930
3 20 9 113128090
3 20 10 4197935236
3 20 11 -385546445
3 20 12 -1317084177
3 20 13 -7291708252
3 20 14 -163485005
3 20 15 -1414821534
3 20 16 702282200
3 20 17 -2323844263
3 20 18 -1680960467
3 20 19 590439554
3 20 20 -807260784
3 20 21 -210879081
3 20 22 195305038
3 20 23 888006675
3 21 0 217485939
3 21 1 347051175
3 21 2 -89986136
3 21 3 2383161814
3 21 4 -28833160
3 21 5 2723429182
3 21 6 5622059322
3 21 7 -2107108256
3 21 8 -842721214
3 21 9 5425039839
3 21 10 -1447966277
3 21 11 -396853587
3 21 12 -5391971998
3 21 13 -141889076
3 21 14 -1539024454
3 21 15 2328356556
3 21 16 3729370702
3 21 17 1703394262
3 21 18 -168877982
3 21 19 1715784006
3 21 20 2287275815
3 21 21 -4855733191
3 21 22 2396571383
3 21 23 -1024728258
3 22 0 -3287974607
3 22 1 -1665654044
3 22 2 1891322732
3 22 3 -4615872526
3 22 4 6918944910
3 22 5 782396271
3 22 6 -2115621392
3 22 7 1423076758
3 22 8 -236415811
3 22 9 3057969665
3 22 10 351845758
3 22 11 1530607069
3 22 12 2875754875
3 22 13 2772625042
3 22 14 -3472211609
3 22 15 -677517046
3 22 16 1542679962
3 22 17 -3962417246
3 22 18 -804561441
3 22 19 472489815
3 22 20 1966153486
3 22 21 1905147830
3 22 22 -1924109230
3 22 23 4244452491
3 23 0 2464448
3 23 1 -5256661615
3 23 2 -948895472
3 23 3 -1962928512
3 23 4 -1110591918
3 23 5 6473573005
3 23 6 -2555387395
3 23 7 4489980483
3 23 8 1651636279
3 23 9 389764387
3 23 10 -3696480345
3 23 11 772101593
3 23 12 741998191
3 23 13 -2436410728
3 23 14 -3940640511
3 23 15 3148300073
3 23 16 -1661502258
3 23 17 -4547663138
3 23 18 -2800604578
3 23 19 2725025616
3 23 20 -3327366441
3 23 21 -6086277159
3 23 22 -1666477514
3 23 23 -1684624043
4 0 0 1506854744
4 0 1 611884027
4 0 2 -2879375833
4 0 3 -4421464821
4 0 4 -1554277845
4 0 5 -3245948302
4 0 6 -2060660266
4 0 7 -122066057
4 0 8 -3171039076
4 0 9 -1216898563
4 0 10 -81728130
4 0 11 6119215280
4 0 12 1434502932
4 0 13 1851950114
4 0 14 -184396184
4 0 15 -3110572649
4 0 16 788599681
4 0 17 177527727
4 0 18 3971636146
4 0 19 4370979504
4 0 20 2566972034
4 0 21 -4433346802
4 0 22 -5020249631
4 0 23 229309083
4 1 0 2268023803
4 1 1 5432754664
4 1 2 4609717166
4 1 3 321802220
4 1 4 -3636239888
4 1 5 549765583
4 1 6 793844687
4 1 7 -36673208
4 1 8 1403468176
4 1 9 2089602863
4 1 10 1648975069
4 1 11 793050834
4 1 12 -3741066498
4 1 13 1732073136
4 1 14 10331038
4 1 15 -230066936
4 1 16 -1713544112
4 1 17 -3836568487
4 1 18 -4126666010
4 1 19 -2671146374
4 1 20 1456650571
4 1 21 3778484642
4 1 22 3565482795
4 1 23 1065750053
4 2 0 3769916508
4 2 1 2735304752
4 2 2 3584256574
4 2 3 -2037630964
4 2 4 3780495054
4 2 5 5231979574
4 2 6 1587058139
4 2 7 3915870829
4 2 8 2982471477
4 2 9 -636282721
4 2 10 243436954
4 2 11 -2688712319
4 2 12 -3462926242
4 2 13 5091351362
4 2 14 1157135400
4 2 15 -1375195339
4 2 16 3357729073
4 2 17 2106535046
4 2 18 1927386987
4 2 19 642176139
4 2 20 -1144574512
4 2 21 -671019029
4 2 22 -3637704938
4 2 23 -1857775404
4 3 0 1109614464
4 3 1 -88047900
4 3 2 1458397451
4 3 3 -2575386822
4 3 4 -1994214660
4 3 5 1767253352
4 3 6 -2019581929
4 3 7 -2840817486
4 3 8 1634572089
4 3 9 2833955864
4 3 10 5315079691
4 3 11 3854230976
4 3 12 -3269852581
4 3 13 -3118891364
4 3 14 -907589033
4 3 15 2586380370
4 3 16 3057153636
4 3 17 1206710815
4 3 18 2957018211
4 3 19 845971330
4 3 20 1754321603
4 3 21 4237738489
4 3 22 1545956320
4 3 23 -1776692048
4 4 0 138140639
4 4 1 -756409308
4 4 2 1987611255
4 4 3 626394412
4 4 4 -2288922822
4 4 5 1735211916
4 4 6 -980714229
4 4 7 -1468917313
4 4 8 -1201840577
4 4 9 670949266
4 4 10 1725931550
4 4 11 -2631506327
4 4 12 3660358868
4 4 13 -4660449599
4 4 14 -2186208904
4 4 15 -3500477412
4 4 16 977187520
4 4 17 1957484420
4 4 18 -4454618933
4 4 19 -4716099
4 4 20 -1288677226
4 4 21 33716514
4 4 22 1904071311
4 4 23 1231981292
4 5 0 2188861015
4 5 1 767004416
4 5 2 -2861656646
4 5 3 -678778235
4 5 4 1328077204
4 5 5 -659380814
4 5 6 -1460233936
4 5 7 -1689202709
4 5 8 -447896889
4 5 9 -1153884172
4 5 10 -1352138347
4 5 11 -139903938
4 5 12 2034453831
4 5 13 2385055245
4 5 14 1424657204
4 5 15 -84425032
4 5 16 1024489723
4 5 17 -3921366468
4 5 18 -1242924413
4 5 19 -3685086622
4 5 20 -583463759
4 5 21 313690177
4 5 22 -6148368062
4 5 23 1056237777
4 6 0 369790490
4 6 1 466652539
4 6 2 833362000
4 6 3 -1479049758
4 6 4 -2519914763
4 6 5 -2055247963
4 6 6 -4997707409
4 6 7 1887022368
4 6 8 4302021285
4 6 9 2897364673
4 6 10 -765270087
4 6 11 -1526741021
4 6 12 582023994
4 6 13 178722787
4 6 14 145847387
4 6 15 -1705998390
4 6 16 -2467364592
4 6 17 1329514632
4 6 18 1049722393
4 6 19 4208046255
4 6 20 -1049738745
4 6 21 2089790083
4 6 22 -2129708396
4 6 23 -3258320268
4 7 0 -2312277279
4 7 1 -2115470075
4 7 2 3149217725
4 7 3 3698186428
4 7 4 4796009306
4 7 5 3210159896
4 7 6 4123155588
4 7 7 -2182697610
4 7 8 653959426
4 7 9 1471860591
4 7 10 -2481219555
4 7 11 1651694181
4 7 12 -5292336549
4 7 13 -904932216
4 7 14 -2200884732
4 7 15 -363333638
4 7 16 7264579919
4 7 17 1249838653
4 7 18 -1185789316
4 7 19 615336125
4 7 20 1846133642
4 7 21 559459900
4 7 22 18360007
4 7 23 -1275053709
4 8 0 3148104281
4 8 1 1014002369
4 8 2 -1607566721
4 8 3 -635932984
4 8 4 -79958416
4 8 5 -3701740192
4 8 6 -84894012
4 8 7 -1585179548
4 8 8 -1945657779
4 8 9 -6144699957
4 8 10 -3112116210
4 8 11 -531807298
4 8 12 1412386969
4 8 13 3370868722
4 8 14 1647666557
4 8 15 -737616445
4 8 16 -2213544043
4 8 17 1160062566
4 8 18 2759285405
4 8 19 -2773609474
4 8 20 -899980902
4 8 21 2748938211
4 8 22 1784457282
4 8 23 1097334118
4 9 0 -254878435
4 9 1 -1831565133
4 9 2 -5536326915
4 9 3 344235348
4 9 4 -2895502576
4 9 5 -2100624566
4 9 6 -2739269108
4 9 7 -460685438
4 9 8 5102269747
4 9 9 3573815388
4 9 10 1817966920
4 9 11 -2326822910
4 9 12 1164085389
4 9 13 -1656571905
4 9 14 -929454845
4 9 15 -1993310556
4 9 16 427718253
4 9 17 4112241298
4 9 18 -245837809
4 9 19 1674870932
4 9 20 -178866781
4 9 21 1138670706
4 9 22 2948970965
4 9 23 741973031
4 10 0 -4608776496
4 10 1 772421156
4 10 2 -611731318
4 10 3 -2034953418
4 10 4 3021492686
4 10 5 1711466740
4 10 6 -3087122489
4 10 7 -793201782
4 10 8 2930347938
4 10 9 2792670618
4 10 10 -777517883
4 10 11 -3218369764
4 10 12 4638105788
4 10 13 3820177287
4 10 14 2343161378
4 10 15 1747389367
4 10 16 406272091
4 10 17 -3364069929
4 10 18 1713848994
4 10 19 -2804950314
4 10 20 38955580
4 10 21 -130167757
4 10 22 -1072681901
4 10 23 483579361
4 11 0 -3837068485
4 11 1 -150663187
4 11 2 -301831542
4 11 3 4131769523
4 11 4 2792758773
4 11 5 3316585504
4 11 6 914185103
4 11 7 -1584634162
4 11 8 -6595947455
4 11 9 -4159489142
4 11 10 -499701163
4 11 11 2760223115
4 11 12 2491980854
4 11 13 -1977137036
4 11 14 -692604864
4 11 15 1383587589
4 11 16 -2869909208
4 11 17 23082911
4 11 18 -3331237650
4 11 19 540618849
4 11 20 1678396061
4 11 21 -3374751759
4 11 22 -1397407708
4 11 23 2505939826
4 12 0 987211378
4 12 1 -576230508
4 12 2 -534472700
4 12 3 -2900354395
4 12 4 -2060112285
4 12 5 4412492182
4 12 6 3345381016
4 12 7 2060337659
4 12 8 3133903261
4 12 9 1334799900
4 12 10 -233095478
4 12 11 -1802340143
4 12 12 1642046132
4 12 13 5756092338
4 12 14 -2933942524
4 12 15 -5686323668
4 12 16 -4168577091
4 12 17 -4668219052
4 12 18 2274126745
4 12 19 1243472176
4 12 20 512866863
4 12 21 1818846937
4 12 22 2989734469
4 12 23 -1581973887
4 13 0 -449827114
4 13 1 2539240722
4 13 2 3935112711
4 13 3 2300403923
4 13 4 -261960046
4 13 5 2541226585
4 13 6 1862251178
4 13 7 3630803889
4 13 8 4316781842
4 13 9 2924742861
4 13 10 -383033428
4 13 11 -28652896
4 13 12 -2431863966
4 13 13 -741911302
4 13 14 -2867632412
4 13 15 3968353720
4 13 16 3612216392
4 13 17 -2641197084
4 13 18 1478293431
4 13 19 -1898312577
4 13 20 1854701526
4 13 21 1885087169
4 13 22 -777349468
4 13 23 -1186842043
4 14 0 -1430886960
4 14 1 -1185935411
4 14 2 -275621432
4 14 3 652207835
4 14 4 3155640891
4 14 5 -2987443267
4 14 6 -2035144906
4 14 7 -4298755011
4 14 8 1705944034
4 14 9 -881492866
4 14 10 141995310
4 14 11 2461638890
4 14 12 2406894865
4 14 13 6242292981
4 14 14 -542319308
4 14 15 -1715734861
4 14 16 -1404235653
4 14 17 512638693
4 14 18 95842278
4 14 19 1006105655
4 14 20 -2640087025
4 14 21 -5363420027
4 14 22 -939957483
4 14 23 3827704536
4 15 0 1293827130
4 15 1 756518117
4 15 2 -3319365144
4 15 3 -3042045000
4 15 4 -100384667
4 15 5 603349823
4 15 6 834173004
4 15 7 -794989719
4 15 8 -729307593
4 15 9 316778703
4 15 10 571197348
4 15 11 -3309132096
4 15 12 1314856032
4 15 13 1811369202
4 15 14 1051183768
4 15 15 249617110
4 15 16 1270906583
4 15 17 620716771
4 15 18 -1163778944
4 15 19 1472301045
4 15 20 -1521108580
4 15 21 78810205
4 15 22 696396903
4 15 23 -1380371731
4 16 0 1668727173
4 16 1 4250102277
4 16 2 656785074
4 16 3 422239382
4 16 4 -2043684439
4 16 5 817003017
4 16 6 -197701622
4 16 7 -527673686
4 16 8 -1942612175
4 16 9 -3173291447
4 16 10 1526467974
4 16 11 425185101
4 16 12 -3200977250
4 16 13 -2040122291
4 16 14 -2686909571
4 16 15 1801088328
4 16 16 147961174
4 16 17 3082162159
4 16 18 4428220507
4 16 19 1654093986
4 16 20 2909600022
4 16 21 -126120768
4 16 22 125757850
4 16 23 -3002422075
4 17 0 -1884266879
4 17 1 2466636225
4 17 2 919199353
4 17 3 43671667
4 17 4 1407843576
4 17 5 -784511612
4 17 6 -634919278
4 17 7 -286391845
4 17 8 634621164
4 17 9 -1095193127
4 17 10 -1206159826
4 17 11 780382596
4 17 12 -2441292476
4 17 13 -1692487402
4 17 14 600923825
4 17 15 4545609339
4 17 16 -276183030
4 17 17 -1945927801
4 17 18 -1085009392
4 17 19 -871846349
4 17 20 -2210273897
4 17 21 -4482935652
4 17 22 -1382388471
4 17 23 -2391954751
4 18 0 1589262861
4 18 1 2210811636
4 18 2 -858803234
4 18 3 11125815
4 18 4 -786351256
4 18 5 1170106276
4 18 6 677908663
4 18 7 1751047734
4 18 8 -4049358406
4 18 9 250574776
4 18 10 437152982
4 18 11 -1389846303
4 18 12 -635085174
4 18 13 -1041137611
4 18 14 -1314443295
4 18 15 -4037434554
4 18 16 4395411252
4 18 17 -576602881
4 18 18 -2037123469
4 18 19 3134885040
4 18 20 -94749117
4 18 21 233412562
4 18 22 -1697567110
4 18 23 -1902900853
4 19 0 4554414243
4 19 1 -4128181860
4 19 2 -298643415
4 19 3 996595997
4 19 4 -2538573974
4 19 5 -122101830
4 19 6 -2336590142
4 19 7 -1805627605
4 19 8 1237722001
4 19 9 -168856104
4 19 10 -341179977
4 19 11 -587796619
4 19 12 4175465105
4 19 13 -1351482322
4 19 14 -828292936
4 19 15 2316173805
4 19 16 -234567424
4 19 17 -1722026190
4 19 18 -2084153692
4 19 19 -2644828396
4 19 20 -4980191795
4 19 21 1945810401
4 19 22 740363463
4 19 23 1869023368
4 20 0 -719351146
4 20 1 504215183
4 20 2 1247425055
4 20 3 847378535
4 20 4 1383660602
4 20 5 2024502566
4 20 6 4622994169
4 20 7 -1502581010
4 20 8 -207884660
4 20 9 -422288488
4 20 10 1491135065
4 20 11 3791897812
4 20 12 -344350909
4 20 13 -2719657963
4 20 14 -4356444940
4 20 15 -4985926147
4 20 16 -1212732422
4 20 17 -3702910229
4 20 18 2476705598
4 20 19 1552384528
4 20 20 2836811555
4 20 21 -2969994168
4 20 22 -2997904544
4 20 23 -1034866103
4 21 0 -2808092651
4 21 1 64284854
4 21 2 734697549
4 21 3 -12905202
4 21 4 -1177567844
4 21 5 -1804419154
4 21 6 3434494039
4 21 7 2126700587
4 21 8 -1836155715
4 21 9 -2075832096
4 21 10 -3591979009
4 21 11 903309310
4 21 12 707346299
4 21 13 2864007242
4 21 14 -3539133701
4 21 15 2430255802
4 21 16 5261198387
4 21 17 -718748692
4 21 18 -1548590691
4 21 19 1054603449
4 21 20 400890486
4 21 21 -992032240
4 21 22 510500969
4 21 23 -4422492874
4 22 0 -2692731636
4 22 1 -3625943603
4 22 2 -1131332595
4 22 3 485230161
4 22 4 -1172035990
4 22 5 -4830377952
4 22 6 -7195885558
4 22 7 -168376105
4 22 8 2285443171
4 22 9 103665285
4 22 10 325023742
4 22 11 -1450452465
4 22 12 4042039461
4 22 13 1535639446
4 22 14 1319907283
4 22 15 -928519454
4 22 16 -1550266168
4 22 17 -2954038288
4 22 18 -3640070670
4 22 19 -1211767746
4 22 20 1227092134
4 22 21 4247544534
4 22 22 2733687190
4 22 23 4206614025
4 23 0 1692446130
4 23 1 1586504070
4 23 2 -3062802350
4 23 3 -2163051499
4 23 4 -1866887135
4 23 5 3783468845
4 23 6 2218526316
4 23 7 1024271288
4 23 8 1012361489
4 23 9 -1487682987
4 23 10 593759380
4 23 11 678395225
4 23 12 -356332326
4 23 13 -1710054733
4 23 14 721637034
4 23 15 2093900529
4 23 16 -628307965
4 23 17 1534733044
4 23 18 1024306068
4 23 19 2367486604
4 23 20 -2196816179
4 23 21 -735245673
4 23 22 -715760204
4 23 23 2301981429
5 0 0 -4379575188
5 0 1 6050330993
5 0 2 1869670931
5 0 3 884952687
5 0 4 -1583366573
5 0 5 -2894477954
5 0 6 -4244921699
5 0 7 -1805019041
5 0 8 -2731665658
5 0 9 -297000386
5 0 10 2318508265
5 0 11 249244372
5 0 12 -2906912905
5 0 13 -2605402644
5 0 14 251401764
5 0 15 -4576234924
5 0 16 -548173616
5 0 17 -4030911815
5 0 18 6660152
5 0 19 2720485967
5 0 20 3154011323
5 0 21 1708045559
5 0 22 5392017393
5 0 23 1176816121
5 1 0 194623810
5 1 1 541733078
5 1 2 -4391758718
5 1 3 -551456933
5 1 4 -1122261499
5 1 5 -1808349805
5 1 6 2203960543
5 1 7 -223783561
5 1 8 320512266
5 1 9 -2100334458
5 1 10 630768566
5 1 11 3151071100
5 1 12 -1358824469
5 1 13 -4468010678
5 1 14 -3117605437
5 1 15 2570619910
5 1 16 -444972491
5 1 17 1176460954
5 1 18 -1064150494
5 1 19 1506430930
5 1 20 -545666000
5 1 21 -1505733441
5 1 22 -3767793378
5 1 23 -764141892
5 2 0 590734866
5 2 1 2075424405
5 2 2 -3572305226
5 2 3 -5901645359
5 2 4 -2066079057
5 2 5 -2457295596
5 2 6 -3066800073
5 2 7 -2615261202
5 2 8 -2588052648
5 2 9 -1338017617
5 2 10 1845603083
5 2 11 -3490044515
5 2 12 -529676782
5 2 13 -174171080
5 2 14 3238901340
5 2 15 -3314763105
5 2 16 -4856095565
5 2 17 -2523543588
5 2 18 -1713979102
5 2 19 4616455565
5 2 20 71370069
5 2 21 2095850990
5 2 22 6133242618
5 2 23 820398719
5 3 0 -960452490
5 3 1 3026914665
5 3 2 1439390714
5 3 3 6203535
5 3 4 -2924703745
5 3 5 3052148569
5 3 6 -2837613980
5 3 7 -1223250838
5 3 8 -1388690779
5 3 9 -2446167068
5 3 10 -369932590
5 3 11 1315769551
5 3 12 -779820440
5 3 13 -1596617809
5 3 14 -1618846013
5 3 15 -5953165768
5 3 16 -1499097043
5 3 17 -3376382891
5 3 18 -2959526047
5 3 19 -2033134439
5 3 20 -5029583495
5 3 21 749799757
5 3 22 -607938826
5 3 23 -225377871
5 4 0 -1874165047
5 4 1 -863087006
5 4 2 -51426750
5 4 3 -2105209980
5 4 4 -1670168771
5 4 5 2154850988
5 4 6 -1888467727
5 4 7 2604125543
5 4 8 -479000158
5 4 9 4320212224
5 4 10 2698548667
5 4 11 -2796434423
5 4 12 2451304390
5 4 13 -3176781613
5 4 14 3644948031
5 4 15 -586253635
5 4 16 -2785428518
5 4 17 1524298754
5 4 18 -1533443927
5 4 19 -2523713663
5 4 20 1369433872
5 4 21 -1610323888
5 4 22 355630259
5 4 23 -240559049
5 5 0 1028505101
5 5 1 1309851012
5 5 2 2093265674
5 5 3 -552005815
5 5 4 -4223186348
5 5 5 607206111
5 5 6 4193327867
5 5 7 -4583660921
5 5 8 2127503667
5 5 9 856344765
5 5 10 -494167501
5 5 11 3584963762
5 5 12 -3544804338
5 5 13 -2084316546
5 5 14 -64023832
5 5 15 -2952683970
5 5 16 556466352
5 5 17 -462088611
5 5 18 1509054747
5 5 19 5388209310
5 5 20 454646988
5 5 21 2107214748
5 5 22 -4693610779
5 5 23 -351322456
5 6 0 578268330
5 6 1 -3439638437
5 6 2 261943059
5 6 3 1797144283
5 6 4 3900857571
5 6 5 2666250302
5 6 6 -4273101958
5 6 7 -1306256457
5 6 8 -994583330
5 6 9 344289959
5 6 10 4407293303
5 6 11 -3824619800
5 6 12 -1573924681
5 6 13 -3213838339
5 6 14 325378560
5 6 15 -583171229
5 6 16 3186637497
5 6 17 2983650590
5 6 18 5170965655
5 6 19 -1085918699
5 6 20 -220549625
5 6 21 1411943346
5 6 22 3732779013
5 6 23 3380011771
5 7 0 -1085993360
5 7 1 -3554939838
5 7 2 -3725560489
5 7 3 -2858478928
5 7 4 -3801956537
5 7 5 -429531976
5 7 6 -1368139540
5 7 7 -5451655860
5 7 8 -4505420101
5 7 9 -1493440804
5 7 10 -2676414982
5 7 11 -1994655974
5 7 12 2171763116
5 7 13 4249963956
5 7 14 4079638660
5 7 15 -1670930691
5 7 16 3389886766
5 7 17 1829520265
5 7 18 725111504
5 7 19 449008445
5 7 20 7401343436
5 7 21 -1457804949
5 7 22 996888206
5 7 23 -3507698417
5 8 0 -6042452793
5 8 1 -405927475
5 8 2 -4791104557
5 8 3 754048374
5 8 4 -2646337987
5 8 5 1478877479
5 8 6 -2273657240
5 8 7 1024374450
5 8 8 -85680546
5 8 9 1678492219
5 8 10 932516533
5 8 11 -3897669067
5 8 12 2604798529
5 8 13 1315237309
5 8 14 372287290
5 8 15 1613043365
5 8 16 -396969143
5 8 17 4018532233
5 8 18 -1244571179
5 8 19 381656344
5 8 20 -3925091336
5 8 21 1427470797
5 8 22 -884457206
5 8 23 -1607369720
5 9 0 3088416796
5 9 1 381053009
5 9 2 204309511
5 9 3 344785861
5 9 4 -1989476962
5 9 5 3137396269
5 9 6 -1029818147
5 9 7 -2313889285
5 9 8 -3948456982
5 9 9 -1317475758
5 9 10 -173184681
5 9 11 -3210759210
5 9 12 4238295423
5 9 13 1530647273
5 9 14 4408868774
5 9 15 -943448801
5 9 16 62225879
5 9 17 3382293644
5 9 18 759310886
5 9 19 -4830840611
5 9 20 -1836094035
5 9 21 -1503783599
5 9 22 -3666878260
5 9 23 -207496936
5 10 0 413770276
5 10 1 642423556
5 10 2 3512630892
5 10 3 -503662179
5 10 4 866645199
5 10 5 112495396
5 10 6 -926730198
5 10 7 -2083788845
5 10 8 -1050816204
5 10 9 -3639510241
5 10 10 888755352
5 10 11 -1814304621
5 10 12 2309622451
5 10 13 2188953145
5 10 14 -447753335
5 10 15 -780758782
5 10 16 -688620886
5 10 17 -416094675
5 10 18 -3092700348
5 10 19 2971956377
5 10 20 -1747541214
5 10 21 -578158080
5 10 22 3212128514
5 10 23 5246724698
5 11 0 7198169243
5 11 1 -3463152750
5 11 2 -996763864
5 11 3 -1736057344
5 11 4 -4008493580
5 11 5 338896641
5 11 6 1294429013
5 11 7 121629073
5 11 8 -973343767
5 11 9 849437378
5 11 10 -513411804
5 11 11 1439038288
5 11 12 -2453569949
5 11 13 -135941749
5 11 14 -1095588021
5 11 15 -174032702
5 11 16 -182368150
5 11 17 663128251
5 11 18 477148741
5 11 19 205912580
5 11 20 -209624571
5 11 21 -432469781
5 11 22 1828543006
5 11 23 2019963598
5 12 0 2166424425
5 12 1 -3353099777
5 12 2 1754822825
5 12 3 1491917944
5 12 4 1521654573
5 12 5 3582312364
5 12 6 461190643
5 12 7 2140934821
5 12 8 -2499145544
5 12 9 -663240254
5 12 10 1942208090
5 12 11 -3468156216
5 12 12 -3080187143
5 12 13 326757835
5 12 14 5547924361
5 12 15 1054765344
5 12 16 1251001195
5 12 17 -429498655
5 12 18 -303643220
5 12 19 889470380
5 12 20 -2503850226
5 12 21 -1549840178
5 12 22 677869334
5 12 23 4226530541
5 13 0 3410986207
5 13 1 -550452646
5 13 2 933726420
5 13 3 -1580689507
5 13 4 -3292597243
5 13 5 -2243703890
5 13 6 -6143540599
5 13 7 -5643816834
5 13 8 -4288194600
5 13 9 -3772060713
5 13 10 724420533
5 13 11 928532822
5 13 12 3069727295
5 13 13 -1182646003
5 13 14 980242630
5 13 15 2665709908
5 13 16 1523410568
5 13 17 -2860045739
5 13 18 3247220944
5 13 19 760227009
5 13 20 -1832707005
5 13 21 -2950471786
5 13 22 3048146853
5 13 23 -1501051284
5 14 0 113268429
5 14 1 2670383223
5 14 2 -238477424
5 14 3 1219292332
5 14 4 -6895627955
5 14 5 -39835657
5 14 6 -2618984317
5 14 7 -39723480
5 14 8 -3536881288
5 14 9 -1561893239
5 14 10 386209369
5 14 11 -214050567
5 14 12 -3522447383
5 14 13 132440050
5 14 14 4482453952
5 14 15 3312029208
5 14 16 -2585962747
5 14 17 373246725
5 14 18 -2185006700
5 14 19 -1227890896
5 14 20 -29881609
5 14 21 742129719
5 14 22 427824542
5 14 23 -1185930595
5 15 0 309394842
5 15 1 2921392178
5 15 2 6547517874
5 15 3 -2140650136
5 15 4 -569386629
5 15 5 -5339811395
5 15 6 1169664924
5 15 7 -4572611602
5 15 8 1558917812
5 15 9 -1492195414
5 15 10 -1943075083
5 15 11 -4631320955
5 15 12 1739707655
5 15 13 -2266093083
5 15 14 -4153118716
5 15 15 942304742
5 15 16 2757398817
5 15 17 1360986367
5 15 18 1481426413
5 15 19 1436255678
5 15 20 -2320334768
5 15 21 -2902891620
5 15 22 808070725
5 15 23 -2347578433
5 16 0 -2442122469
5 16 1 1884373032
5 16 2 -460757171
5 16 3 -6974782310
5 16 4 -1068543828
5 16 5 1504696816
5 16 6 -2975873763
5 16 7 6214569710
5 16 8 -3366100574
5 16 9 863118392
5 16 10 -2714175692
5 16 11 -2118571044
5 16 12 3151930210
5 16 13 710889528
5 16 14 102631563
5 16 15 2590566558
5 16 16 99747744
5 16 17 775316318
5 16 18 800381978
5 16 19 -1526519941
5 16 20 691588076
5 16 21 -7084986958
5 16 22 -97795972
5 16 23 -2955501806
5 17 0 -1415618453
5 17 1 -3775440483
5 17 2 -3572862182
5 17 3 -3053424329
5 17 4 -4662043532
5 17 5 25778200
5 17 6 -1039476715
5 17 7 -231108570
5 17 8 -3535830216
5 17 9 -48349560
5 17 10 -3934244286
5 17 11 -2282645326
5 17 12 -3529070571
5 17 13 -2212620938
5 17 14 -1069524946
5 17 15 320303081
5 17 16 -1849236812
5 17 17 2533531736
5 17 18 341516081
5 17 19 341481963
5 17 20 165922448
5 17 21 924815979
5 17 22 -692864085
5 17 23 -1701899512
5 18 0 463380787
5 18 1 -37679786
5 18 2 1208667416
5 18 3 -87777673
5 18 4 -1800670073
5 18 5 672765337
5 18 6 -4590210493
5 18 7 3324008163
5 18 8 -1171078791
5 18 9 -4928612585
5 18 10 -490074621
5 18 11 -4196377955
5 18 12 4853023928
5 18 13 -582169617
5 18 14 5059338696
5 18 15 -3688420295
5 18 16 2733055850
5 18 17 -2179639189
5 18 18 1910648521
5 18 19 -3455408501
5 18 20 2917991355
5 18 21 -1870883437
5 18 22 765155796
5 18 23 -1009717711
5 19 0 -3182667628
5 19 1 1224025650
5 19 2 49338381
5 19 3 2657820529
5 19 4 -3898944612
5 19 5 3258254882
5 19 6 533869165
5 19 7 -1820442470
5 19 8 -53363256
5 19 9 -2426467528
5 19 10 -3988969641
5 19 11 -1018921135
5 19 12 1298532741
5 19 13 -4351832043
5 19 14 -3030861610
5 19 15 -1725884897
5 19 16 -4961731123
5 19 17 -315002142
5 19 18 4117342827
5 19 19 2425353757
5 19 20 3001933894
5 19 21 -4645272104
5 19 22 -3666829677
5 19 23 -3768788966
5 20 0 -1989650584
5 20 1 509602187
5 20 2 1305525565
5 20 3 -1937061652
5 20 4 -1484487806
5 20 5 -2561190486
5 20 6 -4874446838
5 20 7 -3006560985
5 20 8 -1830015847
5 20 9 -413480917
5 20 10 -1211430296
5 20 11 1503219462
5 20 12 448971686
5 20 13 486352313
5 20 14 670001839
5 20 15 -1329425593
5 20 16 3407558976
5 20 17 1322138738
5 20 18 1007799387
5 20 19 1342183330
5 20 20 216806911
5 20 21 -2268358909
5 20 22 1277042381
5 20 23 -1457455502
5 21 0 -5093357741
5 21 1 -364810399
5 21 2 -6419896740
5 21 3 -1466352401
5 21 4 -4094554161
5 21 5 -4159350298
5 21 6 16298916
5 21 7 -2321860064
5 21 8 1172294892
5 21 9 3329027652
5 21 10 -5014540467
5 21 11 -1908700384
5 21 12 -1118187266
5 21 13 3062830578
5 21 14 718553028
5 21 15 -308668630
5 21 16 497831597
5 21 17 -4636190967
5 21 18 399335652
5 21 19 -736547395
5 21 20 2708838476
5 21 21 2215161175
5 21 22 -1390566195
5 21 23 4617409791
5 22 0 1639964923
5 22 1 -2298200008
5 22 2 -381630195
5 22 3 -4682667483
5 22 4 4427309782
5 22 5 2406727403
5 22 6 328408437
5 22 7 3609717904
5 22 8 302477681
5 22 9 -1334489404
5 22 10 -1587792984
5 22 11 -3632082661
5 22 12 -138719320
5 22 13 -641223501
5 22 14 2754115389
5 22 15 3790842884
5 22 16 1610042428
5 22 17 5719399752
5 22 18 1282577352
5 22 19 548695461
5 22 20 1133407522
5 22 21 -2903283590
5 22 22 2160696791
5 22 23 -2455423588
5 23 0 -932398672
5 23 1 -4790535264
5 23 2 -1186084819
5 23 3 2714310856
5 23 4 1514569447
5 23 5 -3164257848
5 23 6 -2106245318
5 23 7 3672321279
5 23 8 914784141
5 23 9 -5597355782
5 23 10 -3029333331
5 23 11 1390399760
5 23 12 -864367482
5 23 13 4973854457
5 23 14 520704391
5 23 15 3878135100
5 23 16 3374235381
5 23 17 1977853894
5 23 18 -2196418563
5 23 19 -89452992
5 23 20 5573861668
5 23 21 3836104254
5 23 22 -2342787018
5 23 23 1118680778
6 0 0 -914612494
6 0 1 171080466
6 0 2 3025526762
6 0 3 -1753146324
6 0 4 -4430015519
6 0 5 1408874031
6 0 6 -4398153842
6 0 7 -470512364
6 0 8 2036772436
6 0 9 -2973642871
6 0 10 1706253182
6 0 11 3857050158
6 0 12 -714710392
6 0 13 -4029012028
6 0 14 -997447166
6 0 15 138407460
6 0 16 -3384038554
6 0 17 2464731348
6 0 18 1380437324
6 0 19 -539073519
6 0 20 639091412
6 0 21 3107069469
6 0 22 -1587880707
6 0 23 -4052653609
6 1 0 909197261
6 1 1 -321815276
6 1 2 1680932937
6 1 3 2572312712
6 1 4 -3093650284
6 1 5 -754861365
6 1 6 3831952346
6 1 7 -2520436311
6 1 8 -1505842533
6 1 9 -1132326778
6 1 10 -819344179
6 1 11 -1151438360
6 1 12 852990843
6 1 13 -3957861417
6 1 14 5156037361
6 1 15 6465698971
6 1 16 -4032502671
6 1 17 -211857498
6 1 18 -1686372116
6 1 19 -4517691905
6 1 20 2767189212
6 1 21 3591132982
6 1 22 1283192644
6 1 23 275488087
6 2 0 -130968038
6 2 1 -2036075671
6 2 2 -4624206773
6 2 3 791828599
6 2 4 521715626
6 2 5 358861311
6 2 6 -440754937
6 2 7 299425283
6 2 8 961326485
6 2 9 2601113106
6 2 10 -7355601441
6 2 11 1608011631
6 2 12 2166596934
6 2 13 1217075606
6 2 14 25733528
6 2 15 -351797717
6 2 16 -1387697790
6 2 17 2840914867
6 2 18 -161643810
6 2 19 346245329
6 2 20 -4841020520
6 2 21 -4190017411
6 2 22 -667458097
6 2 23 3631418886
6 3 0 1671630818
6 3 1 -3403537165
6 3 2 4314062575
6 3 3 -5268163781
6 3 4 -556150548
6 3 5 879117802
6 3 6 4444557707
6 3 7 6852854
6 3 8 -373023002
6 3 9 2493361815
6 3 10 3236308327
6 3 11 1734401326
6 3 12 -2708666660
6 3 13 -682599903
6 3 14 550898485
6 3 15 -383908395
6 3 16 5982297835
6 3 17 -3553948952
6 3 18 6455018748
6 3 19 2979466428
6 3 20 -5808445866
6 3 21 -3082726318
6 3 22 6470464205
6 3 23 1547624414
6 4 0 -2618159810
6 4 1 -472795262
6 4 2 562721251
6 4 3 1179379678
6 4 4 1935786022
6 4 5 1166608715
6 4 6 -546828934
6 4 7 -986493279
6 4 8 -1161836106
6 4 9 -2770796256
6 4 10 1107075068
6 4 11 -1100042518
6 4 12 -323967383
6 4 13 4081343081
6 4 14 -4674872138
6 4 15 -1300949631
6 4 16 2160918351
6 4 17 -2990142374
6 4 18 2737774364
6 4 19 1837588666
6 4 20 2344518563
6 4 21 -3850476799
6 4 22 -2864224623
6 4 23 30976867
6 5 0 998326373
6 5 1 423155845
6 5 2 -2317353660
6 5 3 -2219180083
6 5 4 927427802
6 5 5 2988351317
6 5 6 -1396364544
6 5 7 -4026423849
6 5 8 1613185268
6 5 9 -2901095771
6 5 10 5955529128
6 5 11 598930533
6 5 12 2853130748
6 5 13 -2023031990
6 5 14 -1707925582
6 5 15 4951640220
6 5 16 -2737084805
6 5 17 -2501065947
6 5 18 5063957757
6 5 19 971304050
6 5 20 522945303
6 5 21 116144801
6 5 22 -4833598239
6 5 23 -43638816
6 6 0 908887123
6 6 1 2581798347
6 6 2 1507180502
6 6 3 -3863263809
6 6 4 -2774155172
6 6 5 1383644637
6 6 6 -1138392467
6 6 7 -1921546155
6 6 8 1240452581
6 6 9 420746600
6 6 10 1784805384
6 6 11 1857213904
6 6 12 -3544464883
6 6 13 -4390459834
6 6 14 4629925242
6 6 15 7863837968
6 6 16 -1726905864
6 6 17 2116674428
6 6 18 653853640
6 6 19 388704922
6 6 20 -2178999258
6 6 21 588917778
6 6 22 5208395151
6 6 23 -1790761949
6 7 0 1425617103
6 7 1 -244551871
6 7 2 -4777867211
6 7 3 -4934196891
6 7 4 1629098567
6 7 5 4541577225
6 7 6 -4989141939
6 7 7 2411884363
6 7 8 -3115601914
6 7 9 -2933024012
6 7 10 3194716420
6 7 11 5931926753
6 7 12 -2107383544
6 7 13 -1736953878
6 7 14 154172192
6 7 15 3900342541
6 7 16 -4619243637
6 7 17 -2834405098
6 7 18 -1411442085
6 7 19 -900842881
6 7 20 -1644622642
6 7 21 -605252927
6 7 22 -2365925277
6 7 23 3113719512
6 8 0 -900709239
6 8 1 3318383387
6 8 2 -1529264965
6 8 3 790633509
6 8 4 -157410505
6 8 5 -3040411230
6 8 6 3773854157
6 8 7 2359976815
6 8 8 -214405922
6 8 9 1214428490
6 8 10 -1861637699
6 8 11 3370980251
6 8 12 -6608199486
6 8 13 93054089
6 8 14 -1604030364
6 8 15 -1922400520
6 8 16 -1414247678
6 8 17 3374239423
6 8 18 1482641837
6 8 19 2172930552
6 8 20 -3228213227
6 8 21 4333336700
6 8 22 802490587
6 8 23 -3029943129
6 9 0 -1193366397
6 9 1 -3988957643
6 9 2 -4058526524
6 9 3 409770782
6 9 4 1389180400
6 9 5 1193852126
6 9 6 374974694
6 9 7 3790732627
6 9 8 845994215
6 9 9 156824575
6 9 10 -3872020640
6 9 11 -1482590061
6 9 12 372035106
6 9 13 1288990090
6 9 14 1060846243
6 9 15 -5715979165
6 9 16 3255002206
6 9 17 1589731504
6 9 18 -1319694274
6 9 19 -1138670040
6 9 20 -2283594199
6 9 21 1075195478
6 9 22 479563693
6 9 23 -1374290645
6 10 0 1585269531
6 10 1 365599126
6 10 2 2038844401
6 10 3 361655038
6 10 4 -1022191148
6 10 5 -770454505
6 10 6 -314132039
6 10 7 2017032556
6 10 8 -2025261652
6 10 9 -2220394532
6 10 10 5467211928
6 10 11 -6877936161
6 10 12 1969105207
6 10 13 2561867237
6 10 14 -1694319937
6 10 15 2903218372
6 10 16 -1665439221
6 10 17 -5693230972
6 10 18 3551663223
6 10 19 -551182190
6 10 20 1966774471
6 10 21 -4692836120
6 10 22 1265128127
6 10 23 -253769307
6 11 0 -285623711
6 11 1 -4351988792
6 11 2 1580593403
6 11 3 234614045
6 11 4 -5569074479
6 11 5 1333235511
6 11 6 1868680604
6 11 7 -239532028
6 11 8 -1756543843
6 11 9 4193053079
6 11 10 2364963948
6 11 11 1451574431
6 11 12 -3209609659
6 11 13 -3450831282
6 11 14 2266961408
6 11 15 -3723903487
6 11 16 2738942190
6 11 17 3463345613
6 11 18 336214113
6 11 19 -192189845
6 11 20 970453206
6 11 21 -1666996651
6 11 22 1608417644
6 11 23 796379527
6 12 0 -88759963
6 12 1 324577634
6 12 2 -3508809246
6 12 3 -1194630591
6 12 4 835944585
6 12 5 -819260015
6 12 6 4609846767
6 12 7 -54767462
6 12 8 -2161823681
6 12 9 1387041545
6 12 10 -6291027542
6 12 11 -3104486379
6 12 12 -1377493385
6 12 13 2859746393
6 12 14 -5021846462
6 12 15 2893863222
6 12 16 -4088788932
6 12 17 -706645120
6 12 18 5279591225
6 12 19 -292456355
6 12 20 -1899039178
6 12 21 -992674755
6 12 22 -3356533705
6 12 23 2276872318
6 13 0 -2615579945
6 13 1 1302905870
6 13 2 1725877563
6 13 3 -1505561389
6 13 4 2613882895
6 13 5 -828559559
6 13 6 526174289
6 13 7 1298713226
6 13 8 -3952577289
6 13 9 1364701906
6 13 10 -1075052334
6 13 11 4421734843
6 13 12 -8623552150
6 13 13 -2280268510
6 13 14 3553465785
6 13 15 7028946468
6 13 16 -5903998860
6 13 17 3778473012
6 13 18 1055775615
6 13 19 171033222
6 13 20 -1412999151
6 13 21 -4355896260
6 13 22 -3628713783
6 13 23 2453165156
6 14 0 1850430033
6 14 1 -4542787632
6 14 2 3692696867
6 14 3 5493736960
6 14 4 -210018336
6 14 5 -1411193279
6 14 6 2331562221
6 14 7 -154984627
6 14 8 -2219494846
6 14 9 -1039163008
6 14 10 2012430453
6 14 11 731077138
6 14 12 -2105167589
6 14 13 578171544
6 14 14 -1134301097
6 14 15 -472285774
6 14 16 -3133477533
6 14 17 298269226
6 14 18 3255669691
6 14 19 -2372425983
6 14 20 -1522545232
6 14 21 1415636510
6 14 22 -2578162805
6 14 23 2244322663
6 15 0 2286871614
6 15 1 3528198707
6 15 2 -1337403130
6 15 3 -841498224
6 15 4 -3273464616
6 15 5 -166777871
6 15 6 2647202458
6 15 7 -2957755260
6 15 8 3046757922
6 15 9 4212464963
6 15 10 2281516658
6 15 11 -48711707
6 15 12 -2996381496
6 15 13 -1343238921
6 15 14 2620218912
6 15 15 153086664
6 15 16 3087126310
6 15 17 -2273114090
6 15 18 -1115618336
6 15 19 -2103437075
6 15 20 -1674757442
6 15 21 571302443
6 15 22 343523043
6 15 23 -1295591452
6 16 0 2376460792
6 16 1 2650464833
6 16 2 -1257978292
6 16 3 -3481000581
6 16 4 -88689920
6 16 5 -2571481655
6 16 6 5603312635
6 16 7 -3576911684
6 16 8 1829300432
6 16 9 -3235214923
6 16 10 4992896730
6 16 11 -1142908403
6 16 12 -7311736235
6 16 13 4507978379
6 16 14 -415536116
6 16 15 319646561
6 16 16 -5981114913
6 16 17 1165733985
6 16 18 1442861826
6 16 19 2949703448
6 16 20 -1214674872
6 16 21 185756192
6 16 22 -1447242434
6 16 23 2003535499
6 17 0 -588385074
6 17 1 -670570968
6 17 2 -166627948
6 17 3 2512913366
6 17 4 3733529628
6 17 5 -2815982637
6 17 6 -3021309083
6 17 7 1135464075
6 17 8 2829249973
6 17 9 -4774169015
6 17 10 3001098222
6 17 11 -3735995795
6 17 12 2145704112
6 17 13 1763560766
6 17 14 1244630411
6 17 15 -4672976640
6 17 16 -322831946
6 17 17 3811079411
6 17 18 -2336703807
6 17 19 1522186132
6 17 20 -2391232646
6 17 21 -1081791505
6 17 22 2940435281
6 17 23 326871993
6 18 0 1061483895
6 18 1 -1495941432
6 18 2 1694850704
6 18 3 364222075
6 18 4 2823876095
6 18 5 -4328646254
6 18 6 1724974564
6 18 7 1016003406
6 18 8 3070712554
6 18 9 -375420328
6 18 10 -5105027406
6 18 11 -418970706
6 18 12 -533283460
6 18 13 4905171541
6 18 14 -2433690719
6 18 15 -852218672
6 18 16 895754991
6 18 17 5299074547
6 18 18 -2785421832
6 18 19 -2873361750
6 18 20 413127213
6 18 21 2313694510
6 18 22 542778820
6 18 23 881971041
6 19 0 348134966
6 19 1 -1732473302
6 19 2 3281493334
6 19 3 -489909814
6 19 4 1756229161
6 19 5 915182606
6 19 6 -5464124904
6 19 7 321025268
6 19 8 2768080820
6 19 9 -496816401
6 19 10 1516175634
6 19 11 -2093902173
6 19 12 -1814913703
6 19 13 1818377759
6 19 14 3799091754
6 19 15 -3771909842
6 19 16 -3944974672
6 19 17 -344830773
6 19 18 6296302581
6 19 19 -2425433648
6 19 20 1203744195
6 19 21 -449026165
6 19 22 889867490
6 19 23 -1912710501
6 20 0 -1069557657
6 20 1 2405150624
6 20 2 -1135429152
6 20 3 -1666881989
6 20 4 1967222242
6 20 5 950285622
6 20 6 2251517039
6 20 7 -4863757738
6 20 8 -135485727
6 20 9 -2950859850
6 20 10 4597392554
6 20 11 -1307664921
6 20 12 -7270013781
6 20 13 -475678679
6 20 14 849043485
6 20 15 3040336511
6 20 16 -1469390626
6 20 17 -288965786
6 20 18 -3322020664
6 20 19 3827036997
6 20 20 -262893008
6 20 21 -1709533854
6 20 22 -1319816626
6 20 23 -3525465602
6 21 0 -4553279823
6 21 1 3249214009
6 21 2 -581684463
6 21 3 -3724934293
6 21 4 -597568958
6 21 5 -2516754285
6 21 6 3495576258
6 21 7 -2206900537
6 21 8 4452991807
6 21 9 -80317877
6 21 10 -191620283
6 21 11 -3000271123
6 21 12 3601286231
6 21 13 180432823
6 21 14 1928732187
6 21 15 -1060732973
6 21 16 -293365868
6 21 17 159957941
6 21 18 3155004659
6 21 19 3086050309
6 21 20 -34397243
6 21 21 -1213150586
6 21 22 1053772270
6 21 23 2269187851
6 22 0 873004586
6 22 1 4507272101
6 22 2 -3403220579
6 22 3 1903236551
6 22 4 6258580099
6 22 5 -5805973768
6 22 6 850353194
6 22 7 1501484917
6 22 8 4366688871
6 22 9 769946560
6 22 10 -2870108308
6 22 11 -1224896891
6 22 12 -2101020822
6 22 13 -4554665199
6 22 14 -589699255
6 22 15 250222165
6 22 16 -3596196963
6 22 17 4344430615
6 22 18 6443479363
6 22 19 -6014192715
6 22 20 -5049942630
6 22 21 3217998023
6 22 22 -2788804576
6 22 23 625710513
6 23 0 144183845
6 23 1 -1942510820
6 23 2 -895057020
6 23 3 3088419483
6 23 4 5827023426
6 23 5 -459315775
6 23 6 490286095
6 23 7 5820831236
6 23 8 -3747015656
6 23 9 -1738341089
6 23 10 5656245988
6 23 11 2447722061
6 23 12 -4825008664
6 23 13 -5962823364
6 23 14 1139198875
6 23 15 1503110630
6 23 16 -1177688303
6 23 17 -114124129
6 23 18 1036315361
6 23 19 -1297169127
6 23 20 -2228916041
6 23 21 3121628381
6 23 22 153116118
6 23 23 -1835679503
7 0 0 -9124114161
7 0 1 -6218562206
7 0 2 224996415
7 0 3 -4452266295
7 0 4 -7717270631
7 0 5 -1827848535
7 0 6 -2164188930
7 0 7 -2953962421
7 0 8 514855738
7 0 9 -1177332080
7 0 10 8626451480
7 0 11 302226002
7 0 12 2279010913
7 0 13 -522284999
7 0 14 4785883466
7 0 15 172985114
7 0 16 -3943345558
7 0 17 2348057931
7 0 18 633581397
7 0 19 -1917881772
7 0 20 2032897259
7 0 21 -269530706
7 0 22 -2687527200
7 0 23 -2319722594
7 1 0 -3906024657
7 1 1 -1509938785
7 1 2 2265290737
7 1 3 -1094715284
7 1 4 -2951451972
7 1 5 -1323693469
7 1 6 3299491636
7 1 7 -3703038361
7 1 8 1984629380
7 1 9 2614854250
7 1 10 -3920143235
7 1 11 1417403736
7 1 12 1302752958
7 1 13 -140547961
7 1 14 1226019794
7 1 15 657984035
7 1 16 -7281678838
7 1 17 281058087
7 1 18 -3892842429
7 1 19 3578601992
7 1 20 -1081056297
7 1 21 488392817
7 1 22 -526417691
7 1 23 -294326562
7 2 0 -6455538778
7 2 1 -5372566356
7 2 2 -3244435645
7 2 3 -5775685450
7 2 4 -7410436286
7 2 5 -2287443802
7 2 6 -2561695724
7 2 7 -1620766833
7 2 8 -600975360
7 2 9 -1995904101
7 2 10 -2685949415
7 2 11 -1113856460
7 2 12 820003562
7 2 13 -4151572051
7 2 14 -2113157147
7 2 15 -5915057256
7 2 16 -2578718070
7 2 17 -4226644002
7 2 18 4771978824
7 2 19 -2247303934
7 2 20 139544425
7 2 21 -5457884870
7 2 22 -1359684563
7 2 23 -2524436130
7 3 0 832422412
7 3 1 -1784053060
7 3 2 2776313393
7 3 3 -4136221094
7 3 4 -2461218960
7 3 5 -5267780598
7 3 6 4750570855
7 3 7 508193616
7 3 8 -3221053262
7 3 9 2127927520
7 3 10 2289746923
7 3 11 1567341903
7 3 12 -1468192737
7 3 13 4572239473
7 3 14 -361444175
7 3 15 770638972
7 3 16 -607526717
7 3 17 -2552585821
7 3 18 -3011806368
7 3 19 419742658
7 3 20 -1896976154
7 3 21 407888107
7 3 22 1733983322
7 3 23 3616999422
7 4 0 -2520271040
7 4 1 4077622418
7 4 2 -1330811836
7 4 3 4947921591
7 4 4 -121088779
7 4 5 192153474
7 4 6 832251787
7 4 7 -2740685679
7 4 8 1323544772
7 4 9 222536420
7 4 10 -928517202
7 4 11 -1453056176
7 4 12 2697813274
7 4 13 4053281426
7 4 14 -1681511113
7 4 15 -150072633
7 4 16 -2418952638
7 4 17 -4155108166
7 4 18 -1561769815
7 4 19 -1127600240
7 4 20 -1708132672
7 4 21 -4208582880
7 4 22 -3014653162
7 4 23 -1090226548
7 5 0 -240799947
7 5 1 1255600079
7 5 2 -1967828768
7 5 3 -5984690970
7 5 4 -1497464380
7 5 5 110194252
7 5 6 -744478397
7 5 7 2049583260
7 5 8 1202076417
7 5 9 -78072358
7 5 10 6681998960
7 5 11 6503334844
7 5 12 1238725440
7 5 13 2525622871
7 5 14 2594534870
7 5 15 -1432867047
7 5 16 -2857212780
7 5 17 -3334901550
7 5 18 3248403716
7 5 19 -1508903183
7 5 20 -4554962244
7 5 21 -596769274
7 5 22 -1579632953
7 5 23 -3767295968
7 6 0 -1689450391
7 6 1 1291648209
7 6 2 -6014691780
7 6 3 -915636134
7 6 4 1100757059
7 6 5 5562654156
7 6 6 1941610583
7 6 7 1338588714
7 6 8 -1840585056
7 6 9 3045402389
7 6 10 4536644442
7 6 11 -1067293712
7 6 12 -2191736760
7 6 13 -2176271721
7 6 14 -3289538509
7 6 15 2366599045
7 6 16 -4430783263
7 6 17 6281130029
7 6 18 1384558649
7 6 19 1391896298
7 6 20 745313210
7 6 21 -1952202523
7 6 22 -1414358593
7 6 23 -2758681733
7 7 0 169212704
7 7 1 -1264894139
7 7 2 -4800564729
7 7 3 -4276867027
7 7 4 1547341782
7 7 5 -105716510
7 7 6 1472090461
7 7 7 3538431309
7 7 8 -3772240590
7 7 9 2821450965
7 7 10 -393967826
7 7 11 5567218758
7 7 12 -1167445369
7 7 13 959420318
7 7 14 353976358
7 7 15 -1880923767
7 7 16 -4025575461
7 7 17 2357885564
7 7 18 2095836119
7 7 19 -1378607335
7 7 20 -7520153117
7 7 21 -128665084
7 7 22 -2869043120
7 7 23 2427947556
7 8 0 2310410153
7 8 1 -4285384274
7 8 2 526186999
7 8 3 -1453637446
7 8 4 -1696955282
7 8 5 -920600788
7 8 6 -537815017
7 8 7 -4630916861
7 8 8 -2091870125
7 8 9 -945387839
7 8 10 1418084338
7 8 11 3982252474
7 8 12 -4458669110
7 8 13 1263244192
7 8 14 -1344448576
7 8 15 -435190637
7 8 16 4132646276
7 8 17 4599921190
7 8 18 5123892914
7 8 19 5284585930
7 8 20 2327894090
7 8 21 2208076746
7 8 22 988098825
7 8 23 1777037227
7 9 0 -2594090721
7 9 1 609068
7 9 2 -1116279650
7 9 3 -6323017311
7 9 4 975233942
7 9 5 -3502264509
7 9 6 -2865130850
7 9 7 -3588070081
7 9 8 -1967295507
7 9 9 2862249769
7 9 10 -555514044
7 9 11 -1938378766
7 9 12 439647988
7 9 13 3189592648
7 9 14 1580708875
7 9 15 -1072450231
7 9 16 3088310746
7 9 17 2988983287
7 9 18 1752043624
7 9 19 -1256816431
7 9 20 3009622106
7 9 21 2928054727
7 9 22 3043460611
7 9 23 -58598018
7 10 0 2474706414
7 10 1 -1252251017
7 10 2 654801379
7 10 3 -334486522
7 10 4 -1087411722
7 10 5 -1469806059
7 10 6 -1028220010
7 10 7 -1657929200
7 10 8 -5757259687
7 10 9 -607115487
7 10 10 3645431244
7 10 11 -2565187703
7 10 12 -1251604610
7 10 13 827835279
7 10 14 2589438927
7 10 15 -404621436
7 10 16 1484152394
7 10 17 -676160109
7 10 18 2785364640
7 10 19 3533094698
7 10 20 -3383969539
7 10 21 -119001909
7 10 22 -683221179
7 10 23 -224966203
7 11 0 5030703948
7 11 1 -2153721297
7 11 2 -3595963541
7 11 3 -2977163376
7 11 4 -1128793504
7 11 5 1215634510
7 11 6 292085639
7 11 7 -2734767165
7 11 8 -3889744732
7 11 9 810688230
7 11 10 2218371322
7 11 11 3402521121
7 11 12 -596994898
7 11 13 -268790402
7 11 14 -4321250802
7 11 15 780552253
7 11 16 3406744956
7 11 17 -500646169
7 11 18 2114271109
7 11 19 -1304930503
7 11 20 1489863558
7 11 21 1337525917
7 11 22 1633890754
7 11 23 2919467541
7 12 0 -3328915218
7 12 1 1953524714
7 12 2 4178528015
7 12 3 146270899
7 12 4 2248839402
7 12 5 -3667881741
7 12 6 6099757678
7 12 7 -2273175770
7 12 8 -2013801105
7 12 9 1081247882
7 12 10 647771570
7 12 11 1340521069
7 12 12 1050354718
7 12 13 6534007
7 12 14 1127414946
7 12 15 3754666263
7 12 16 -6667468178
7 12 17 -234088248
7 12 18 21461143
7 12 19 4024854671
7 12 20 -498439564
7 12 21 -460461700
7 12 22 1029702759
7 12 23 176014720
7 13 0 -1163904061
7 13 1 -1626183417
7 13 2 326547144
7 13 3 93601972
7 13 4 1069277201
7 13 5 1380913753
7 13 6 -133883017
7 13 7 -483005083
7 13 8 258899034
7 13 9 526303654
7 13 10 1319932378
7 13 11 6298963444
7 13 12 989556714
7 13 13 -1310664078
7 13 14 4502394778
7 13 15 3775840342
7 13 16 1814597361
7 13 17 2632089398
7 13 18 -123924246
7 13 19 -3330808529
7 13 20 -3560813092
7 13 21 -959423706
7 13 22 -7134336906
7 13 23 2007613328
7 14 0 -2247943926
7 14 1 -3931228857
7 14 2 3428256318
7 14 3 236985545
7 14 4 -2540412800
7 14 5 -1090229001
7 14 6 -738153341
7 14 7 -176209762
7 14 8 1186007087
7 14 9 -1912779851
7 14 10 4721135536
7 14 11 4511936463
7 14 12 2554750165
7 14 13 1132902899
7 14 14 4554720683
7 14 15 -17710414
7 14 16 -1020636330
7 14 17 -2020002104
7 14 18 2322267097
7 14 19 -3601348505
7 14 20 -1125150945
7 14 21 -2735211125
7 14 22 899661019
7 14 23 744793844
7 15 0 358865625
7 15 1 3391328737
7 15 2 -3069970502
7 15 3 -1742536961
7 15 4 -4856228872
7 15 5 -4992900901
7 15 6 -3920028562
7 15 7 -3186745396
7 15 8 4022003743
7 15 9 1422550772
7 15 10 4696547875
7 15 11 2115668594
7 15 12 761991127
7 15 13 1292745084
7 15 14 1441130223
7 15 15 482859682
7 15 16 2681928745
7 15 17 796940659
7 15 18 -253562016
7 15 19 85669097
7 15 20 -2602125165
7 15 21 3032140567
7 15 22 -564097357
7 15 23 1860142124
7 16 0 933336067
7 16 1 990319475
7 16 2 -1139300883
7 16 3 -4671265956
7 16 4 -3634374729
7 16 5 -6709700557
7 16 6 1413002020
7 16 7 -826264928
7 16 8 -511425700
7 16 9 -5561363695
7 16 10 1256542213
7 16 11 -1912201
7 16 12 4072032373
7 16 13 1308965347
7 16 14 3684815358
7 16 15 951375183
7 16 16 -595897789
7 16 17 3460632944
7 16 18 -472588445
7 16 19 3220085630
7 16 20 -5128107099
7 16 21 -1313570795
7 16 22 -2042978468
7 16 23 4215372068
7 17 0 -609327055
7 17 1 1804998000
7 17 2 -2036616182
7 17 3 -2229019364
7 17 4 22899544
7 17 5 2037110024
7 17 6 5137560995
7 17 7 1202666315
7 17 8 5674282742
7 17 9 -631420625
7 17 10 1457495548
7 17 11 2419418272
7 17 12 438675266
7 17 13 2452237849
7 17 14 -289331862
7 17 15 -4216352805
7 17 16 1453858836
7 17 17 538901510
7 17 18 1510935643
7 17 19 4267101575
7 17 20 347049457
7 17 21 -600842851
7 17 22 2910056035
7 17 23 1429606685
7 18 0 -3041388845
7 18 1 -128849075
7 18 2 -1123116696
7 18 3 -5661070448
7 18 4 1868624544
7 18 5 -2080736949
7 18 6 -341508483
7 18 7 70877436
7 18 8 -937789271
7 18 9 -2575914548
7 18 10 -5048202148
7 18 11 -1334093780
7 18 12 -528596702
7 18 13 3334555760
7 18 14 -408426834
7 18 15 4202936388
7 18 16 3440044297
7 18 17 7519572885
7 18 18 2401598181
7 18 19 568171458
7 18 20 299237184
7 18 21 -2234858252
7 18 22 746574852
7 18 23 2120125177
7 19 0 -165090272
7 19 1 -2104787894
7 19 2 -4261810743
7 19 3 596438913
7 19 4 -293381954
7 19 5 -4706539521
7 19 6 -2308266249
7 19 7 -3956378486
7 19 8 -804272667
7 19 9 -231934445
7 19 10 1168681500
7 19 11 -2380118141
7 19 12 -2047008485
7 19 13 5124012722
7 19 14 1131835725
7 19 15 -1788423065
7 19 16 -178126520
7 19 17 -2243036213
7 19 18 1062376836
7 19 19 2257266931
7 19 20 -1426810832
7 19 21 4170661891
7 19 22 2074731378
7 19 23 2750893286
7 20 0 5547376100
7 20 1 3618274273
7 20 2 1449796744
7 20 3 -3145382061
7 20 4 3277529556
7 20 5 -2269181258
7 20 6 744591752
7 20 7 621724889
7 20 8 -1774604663
7 20 9 -7255352247
7 20 10 -3779759184
7 20 11 -3728660064
7 20 12 2920677264
7 20 13 4576200074
7 20 14 295171271
7 20 15 239515109
7 20 16 -4180666737
7 20 17 -475801363
7 20 18 -2059801665
7 20 19 -167045661
7 20 20 419449564
7 20 21 -2103002295
7 20 22 -4501008858
7 20 23 -2986319269
7 21 0 -2900429460
7 21 1 -2851439085
7 21 2 -3597669371
7 21 3 1653201115
7 21 4 1261270518
7 21 5 -5338740345
7 21 6 -2635196583
7 21 7 1726644564
7 21 8 1319770985
7 21 9 -1926014405
7 21 10 1406297393
7 21 11 2860787506
7 21 12 3533082942
7 21 13 1297420606
7 21 14 688489918
7 21 15 -2811026482
7 21 16 -4265245704
7 21 17 -3627040107
7 21 18 -66772377
7 21 19 -2044183505
7 21 20 437053651
7 21 21 1318534178
7 21 22 -2576908462
7 21 23 1141874208
7 22 0 4720017982
7 22 1 2385672973
7 22 2 -450165342
7 22 3 2710933257
7 22 4 1839940362
7 22 5 -1635237083
7 22 6 -150698859
7 22 7 -469155497
7 22 8 -3494978236
7 22 9 -1943580597
7 22 10 -56366598
7 22 11 -3960787064
7 22 12 -3822993292
7 22 13 -501139801
7 22 14 -3044672094
7 22 15 -4553976189
7 22 16 -6887336808
7 22 17 519617959
7 22 18 3684090887
7 22 19 667354775
7 22 20 303079506
7 22 21 1620866568
7 22 22 3288763239
7 22 23 -3597041735
7 23 0 412165396
7 23 1 855973411
7 23 2 339134182
7 23 3 6118793803
7 23 4 1648865776
7 23 5 2906799833
7 23 6 2986006262
7 23 7 2394064168
7 23 8 1808742169
7 23 9 5217773121
7 23 10 4863005652
7 23 11 3948074864
7 23 12 120902116
7 23 13 1056116736
7 23 14 4018700975
7 23 15 -1793078823
7 23 16 1443059429
7 23 17 2036278058
7 23 18 202320302
7 23 19 -1705842257
7 23 20 -1125770
7 23 21 3930911886
7 23 22 2044625270
7 23 23 -2574358842
8 0 0 156944143
8 0 1 103386786
8 0 2 3118343254
8 0 3 2277694631
8 0 4 -1369222715
8 0 5 3088707103
8 0 6 1523714306
8 0 7 -138828367
8 0 8 -2964070909
8 0 9 -2872504759
8 0 10 1727268239
8 0 11 -2228045866
8 0 12 134218581
8 0 13 4996506605
8 0 14 47905890
8 0 15 -4802385032
8 0 16 -445417738
8 0 17 -3594058509
8 0 18 2205587303
8 0 19 -366204432
8 0 20 4850053332
8 0 21 -130310983
8 0 22 1868555172
8 0 23 4952122335
8 1 0 2788797722
8 1 1 1709244997
8 1 2 4294439928
8 1 3 682488799
8 1 4 -2772153539
8 1 5 -2396204041
8 1 6 -4657270580
8 1 7 -1151221424
8 1 8 -2150213262
8 1 9 -2682734561
8 1 10 -3753552125
8 1 11 480182775
8 1 12 -1539076576
8 1 13 508399693
8 1 14 95362258
8 1 15 394387966
8 1 16 -3180967981
8 1 17 2088483233
8 1 18 -1315691536
8 1 19 -126133230
8 1 20 -221211139
8 1 21 4131050305
8 1 22 -5408855362
8 1 23 -6489847956
8 2 0 673234645
8 2 1 216775642
8 2 2 1760608883
8 2 3 -971458195
8 2 4 244145446
8 2 5 -2745162330
8 2 6 -3470514036
8 2 7 2714197003
8 2 8 -1696076094
8 2 9 985827550
8 2 10 3045908394
8 2 11 297080021
8 2 12 -2461520990
8 2 13 -492901938
8 2 14 5739375872
8 2 15 1120999265
8 2 16 2311125144
8 2 17 1186395530
8 2 18 -3105438117
8 2 19 -4985331642
8 2 20 1159766506
8 2 21 -1280358434
8 2 22 426006967
8 2 23 -1448090051
8 3 0 -760037593
8 3 1 1109838964
8 3 2 5528254598
8 3 3 2064937786
8 3 4 139781683
8 3 5 3754291198
8 3 6 865638795
8 3 7 1744327907
8 3 8 849451377
8 3 9 2064418856
8 3 10 -1566197894
8 3 11 -38248742
8 3 12 848980303
8 3 13 -681000093
8 3 14 4276056283
8 3 15 -915164209
8 3 16 -1287562911
8 3 17 954589633
8 3 18 -4534154006
8 3 19 1526539934
8 3 20 1127527996
8 3 21 1269345403
8 3 22 -132396203
8 3 23 -441998464
8 4 0 -2656137024
8 4 1 -4623028737
8 4 2 525145637
8 4 3 2068271459
8 4 4 -3686517846
8 4 5 -5104597420
8 4 6 4073737318
8 4 7 2326729323
8 4 8 201795344
8 4 9 198545163
8 4 10 -904807476
8 4 11 184806055
8 4 12 2882183074
8 4 13 -1550811065
8 4 14 46705606
8 4 15 -1750189493
8 4 16 192892359
8 4 17 2661821926
8 4 18 1370123506
8 4 19 -475605203
8 4 20 -3616366659
8 4 21 -1963550937
8 4 22 2653102963
8 4 23 569163945
8 5 0 -4067615895
8 5 1 -2167606056
8 5 2 -1826502648
8 5 3 -710075327
8 5 4 -2332168560
8 5 5 -3410214857
8 5 6 -15968592
8 5 7 1575407170
8 5 8 891081956
8 5 9 -1964838560
8 5 10 1293822754
8 5 11 920904248
8 5 12 1229594586
8 5 13 3534293631
8 5 14 -264883053
8 5 15 -3133424330
8 5 16 -4169175109
8 5 17 -1721472098
8 5 18 -1979475074
8 5 19 2218888521
8 5 20 -2151980951
8 5 21 2137472303
8 5 22 177925090
8 5 23 -2865964031
8 6 0 2557001971
8 6 1 1055516455
8 6 2 1226697288
8 6 3 4554374871
8 6 4 -586609617
8 6 5 -1136884304
8 6 6 -1146631424
8 6 7 126875809
8 6 8 3933672755
8 6 9 1973192689
8 6 10 -334831680
8 6 11 1384402794
8 6 12 873450871
8 6 13 -526682992
8 6 14 -3862987497
8 6 15 -2999695795
8 6 16 -2385338146
8 6 17 620118061
8 6 18 148992325
8 6 19 946049685
8 6 20 -1805371909
8 6 21 -2847319597
8 6 22 -3393575423
8 6 23 -1158798237
8 7 0 2595510220
8 7 1 1164163877
8 7 2 2542926927
8 7 3 3244780051
8 7 4 929395102
8 7 5 -1448076543
8 7 6 4865554698
8 7 7 -5273337823
8 7 8 -3543925200
8 7 9 2615954082
8 7 10 -554745322
8 7 11 1258263473
8 7 12 -6398531144
8 7 13 -1001480549
8 7 14 1995508250
8 7 15 -405418263
8 7 16 -979321009
8 7 17 5361014855
8 7 18 -2233117281
8 7 19 -1846163566
8 7 20 -2264059714
8 7 21 -1078537830
8 7 22 307785306
8 7 23 -38265622
8 8 0 6839422
8 8 1 -880039016
8 8 2 176677991
8 8 3 1574387605
8 8 4 234672121
8 8 5 5041307073
8 8 6 -25706531
8 8 7 -2468187355
8 8 8 -2874301729
8 8 9 -4058562357
8 8 10 2026487898
8 8 11 -113492418
8 8 12 -392846440
8 8 13 -4599384690
8 8 14 5331908432
8 8 15 4053803069
8 8 16 -494431460
8 8 17 -877699173
8 8 18 539766735
8 8 19 3354228581
8 8 20 2005449850
8 8 21 972676441
8 8 22 249807870
8 8 23 -873535647
8 9 0 -3098043465
8 9 1 -509249693
8 9 2 659390565
8 9 3 -2288809993
8 9 4 1363680439
8 9 5 295473876
8 9 6 2282247880
8 9 7 1672550403
8 9 8 1793354304
8 9 9 -2526006915
8 9 10 1854968413
8 9 11 1044846522
8 9 12 2165190530
8 9 13 -1492845905
8 9 14 1014115447
8 9 15 538992221
8 9 16 3482919874
8 9 17 2185192554
8 9 18 4687116275
8 9 19 -1495802658
8 9 20 5773717351
8 9 21 -1544749971
8 9 22 261781386
8 9 23 -4812628928
8 10 0 -1482431614
8 10 1 2040214246
8 10 2 -1127897217
8 10 3 1412355568
8 10 4 3279030614
8 10 5 3229504897
8 10 6 -2314223690
8 10 7 -929621475
8 10 8 -1755897113
8 10 9 -191431370
8 10 10 454007433
8 10 11 2073081891
8 10 12 1409792911
8 10 13 4893325134
8 10 14 2205665780
8 10 15 -1051405643
8 10 16 -36536740
8 10 17 2819027532
8 10 18 2468060020
8 10 19 1220394197
8 10 20 818197128
8 10 21 -308298036
8 10 22 -1067701985
8 10 23 -855272466
8 11 0 -1268302643
8 11 1 1787345308
8 11 2 2019962339
8 11 3 1422196242
8 11 4 258304738
8 11 5 540883507
8 11 6 -6681749220
8 11 7 -3895039182
8 11 8 -1983442716
8 11 9 535807305
8 11 10 2067412600
8 11 11 4422408947
8 11 12 2956589915
8 11 13 2023929484
8 11 14 -7078921275
8 11 15 2277319719
8 11 16 49720742
8 11 17 -4683349313
8 11 18 -870435301
8 11 19 110218541
8 11 20 -592368707
8 11 21 4065073106
8 11 22 1367334244
8 11 23 -3692957779
8 12 0 -3124549994
8 12 1 1835566008
8 12 2 2849499651
8 12 3 -186326361
8 12 4 -780201325
8 12 5 2166151429
8 12 6 795250623
8 12 7 -2613190129
8 12 8 2321328306
8 12 9 2539845344
8 12 10 -3174759985
8 12 11 -1636075152
8 12 12 1173535669
8 12 13 -146691314
8 12 14 -2631363069
8 12 15 -3644594316
8 12 16 -2236607328
8 12 17 1814540889
8 12 18 -3365554975
8 12 19 -2075636019
8 12 20 -2550523387
8 12 21 -826649762
8 12 22 2175646410
8 12 23 -677330138
8 13 0 1120824093
8 13 1 -80972843
8 13 2 -1601636175
8 13 3 662806841
8 13 4 2395601058
8 13 5 -371795817
8 13 6 453612958
8 13 7 -651287781
8 13 8 6191462644
8 13 9 1217467788
8 13 10 -1756535553
8 13 11 2316630836
8 13 12 2339673144
8 13 13 919746288
8 13 14 -2391678591
8 13 15 4943482560
8 13 16 4032506210
8 13 17 -841851155
8 13 18 1793840835
8 13 19 471093671
8 13 20 1022506848
8 13 21 641024392
8 13 22 -268186367
8 13 23 695820181
8 14 0 -530507186
8 14 1 2283369111
8 14 2 1454697423
8 14 3 -1098932068
8 14 4 -114064673
8 14 5 -1226274285
8 14 6 786949980
8 14 7 1309819081
8 14 8 2530151304
8 14 9 638612105
8 14 10 911495491
8 14 11 4294773870
8 14 12 1337657933
8 14 13 1959203813
8 14 14 2040733146
8 14 15 -4257024873
8 14 16 -1425016656
8 14 17 266445384
8 14 18 -143121698
8 14 19 155433257
8 14 20 -1713044315
8 14 21 1720875816
8 14 22 1313179181
8 14 23 219685971
8 15 0 -14462102
8 15 1 -2041891186
8 15 2 1987864189
8 15 3 201402073
8 15 4 -266569718
8 15 5 -1481673975
8 15 6 -1172681122
8 15 7 665010992
8 15 8 2901618915
8 15 9 -2607622640
8 15 10 -1560232973
8 15 11 -2227510843
8 15 12 1053112588
8 15 13 -18332988
8 15 14 -583342193
8 15 15 1184556815
8 15 16 -1878977287
8 15 17 -1744866970
8 15 18 -2621765991
8 15 19 -752656713
8 15 20 -575463805
8 15 21 -197580870
8 15 22 -3242706538
8 15 23 759809208
8 16 0 -1313657410
8 16 1 1913853758
8 16 2 1698868168
8 16 3 1889633291
8 16 4 760427810
8 16 5 3990219566
8 16 6 2168911970
8 16 7 1089312546
8 16 8 -396904029
8 16 9 3151697774
8 16 10 -4513039
8 16 11 1904849045
8 16 12 403286106
8 16 13 -2667624317
8 16 14 -60315635
8 16 15 -1779339031
8 16 16 -462662446
8 16 17 1917713986
8 16 18 -1545420906
8 16 19 2312021721
8 16 20 1139578869
8 16 21 -3407242220
8 16 22 729536905
8 16 23 485859402
8 17 0 -1579272630
8 17 1 -1359381830
8 17 2 -3333314833
8 17 3 -3031239174
8 17 4 580489252
8 17 5 4079776265
8 17 6 2946349696
8 17 7 -1621776443
8 17 8 -3042701355
8 17 9 477804070
8 17 10 -469322147
8 17 11 4672141591
8 17 12 -2698482798
8 17 13 -3051915452
8 17 14 -817287519
8 17 15 -2426294214
8 17 16 4034169992
8 17 17 -1894382868
8 17 18 2645281325
8 17 19 3221593750
8 17 20 -888167436
8 17 21 -548228069
8 17 22 -1402020624
8 17 23 -1631482288
8 18 0 -537791058
8 18 1 -776961398
8 18 2 -178240765
8 18 3 -2152300396
8 18 4 -2490622647
8 18 5 -1372680907
8 18 6 -4189855670
8 18 7 634744533
8 18 8 -818253738
8 18 9 -4482846920
8 18 10 -655140391
8 18 11 -719705513
8 18 12 95226646
8 18 13 -874910539
8 18 14 2790141929
8 18 15 -1325136700
8 18 16 6705801826
8 18 17 -1231260491
8 18 18 -217313498
8 18 19 -2784729504
8 18 20 -3018715949
8 18 21 44997641
8 18 22 3550923917
8 18 23 1926883065
8 19 0 2609534280
8 19 1 -1002489256
8 19 2 203563835
8 19 3 1361655668
8 19 4 -2689957366
8 19 5 -2574771588
8 19 6 -499958349
8 19 7 2580905483
8 19 8 5260033811
8 19 9 -614616109
8 19 10 -4477643135
8 19 11 54548834
8 19 12 973963386
8 19 13 5782093909
8 19 14 -3842638649
8 19 15 -41906535
8 19 16 -4303471271
8 19 17 -7183552436
8 19 18 -7967648873
8 19 19 -1394931459
8 19 20 -2155111743
8 19 21 2650643587
8 19 22 157886901
8 19 23 1185178988
8 20 0 -746202380
8 20 1 -1592860446
8 20 2 -129374564
8 20 3 -961024152
8 20 4 6292398091
8 20 5 -1384317830
8 20 6 -2493094364
8 20 7 1187814789
8 20 8 -2287592531
8 20 9 -4393344823
8 20 10 1668765027
8 20 11 4483319639
8 20 12 545907527
8 20 13 5621265625
8 20 14 -140858559
8 20 15 -2821629368
8 20 16 -1060431049
8 20 17 -2189741901
8 20 18 -968889915
8 20 19 2464538270
8 20 20 -2683220169
8 20 21 -3017980665
8 20 22 -1997351108
8 20 23 -6713866134
8 21 0 -1185183111
8 21 1 252967368
8 21 2 134081588
8 21 3 2568290416
8 21 4 772829003
8 21 5 -2021700682
8 21 6 1673005347
8 21 7 2596741738
8 21 8 -3164653158
8 21 9 -2416977560
8 21 10 1593785921
8 21 11 2511530701
8 21 12 810616364
8 21 13 569468184
8 21 14 -636133708
8 21 15 1276813583
8 21 16 -96424535
8 21 17 -2172296599
8 21 18 -2259223609
8 21 19 1972040909
8 21 20 3348948834
8 21 21 5282869060
8 21 22 3988978875
8 21 23 5654273952
8 22 0 4257076173
8 22 1 5114807863
8 22 2 2471049351
8 22 3 -3223174401
8 22 4 -4084716627
8 22 5 339335449
8 22 6 -1895420322
8 22 7 -1778558525
8 22 8 598089763
8 22 9 4229335176
8 22 10 -1660708714
8 22 11 -2175381993
8 22 12 2464332833
8 22 13 1818242792
8 22 14 2185170490
8 22 15 -1609548416
8 22 16 -4738668372
8 22 17 3994592582
8 22 18 -1005597852
8 22 19 2583161356
8 22 20 -5494677660
8 22 21 -3546152495
8 22 22 786252795
8 22 23 -1489056206
8 23 0 -2008606723
8 23 1 1067845008
8 23 2 -4924166002
8 23 3 -3764034411
8 23 4 -3868812544
8 23 5 1932450080
8 23 6 338771749
8 23 7 -1566818784
8 23 8 1598518997
8 23 9 1330868790
8 23 10 2480564544
8 23 11 1921860356
8 23 12 2269085460
8 23 13 1611407819
8 23 14 2790897866
8 23 15 708223851
8 23 16 3393739477
8 23 17 1195978995
8 23 18 -188521881
8 23 19 -3323576549
8 23 20 -4127250640
8 23 21 1510824432
8 23 22 -1372478874
8 23 23 -2950539691
9 0 0 -1159791540
9 0 1 3685624735
9 0 2 2816845712
9 0 3 2480024520
9 0 4 -354911736
9 0 5 -2606125608
9 0 6 -2497550498
9 0 7 -185560397
9 0 8 -1762900404
9 0 9 -1992261970
9 0 10 -5061229657
9 0 11 4128014730
9 0 12 3656912312
9 0 13 -1640448284
9 0 14 -383432673
9 0 15 6562271708
9 0 16 3162513605
9 0 17 -4720887525
9 0 18 4713429602
9 0 19 -2165145368
9 0 20 1610015809
9 0 21 -910571198
9 0 22 1422947888
9 0 23 -2464080250
9 1 0 3015456921
9 1 1 4158274455
9 1 2 1176149133
9 1 3 4567065106
9 1 4 -894294016
9 1 5 -1616149999
9 1 6 1799371738
9 1 7 1843781749
9 1 8 594860602
9 1 9 1275369740
9 1 10 3117102722
9 1 11 2130333159
9 1 12 741929069
9 1 13 1191748471
9 1 14 -3736033840
9 1 15 2415655430
9 1 16 -259336312
9 1 17 -2303978629
9 1 18 2852056241
9 1 19 1714869035
9 1 20 -1852674528
9 1 21 -1514162040
9 1 22 -869365532
9 1 23 529568732
9 2 0 2254511764
9 2 1 -620191551
9 2 2 225706287
9 2 3 4395578260
9 2 4 -4332097969
9 2 5 -1430970969
9 2 6 4637346775
9 2 7 -3064877471
9 2 8 2662815397
9 2 9 -1792634827
9 2 10 1707770270
9 2 11 1664432415
9 2 12 -2731005280
9 2 13 2709902469
9 2 14 -2656366897
9 2 15 297874883
9 2 16 -5342591366
9 2 17 -4505102344
9 2 18 1075642815
9 2 19 876548514
9 2 20 806314164
9 2 21 3286160569
9 2 22 2050211056
9 2 23 -5460299886
9 3 0 1722498357
9 3 1 -1222500092
9 3 2 1135551257
9 3 3 -332686878
9 3 4 -263558253
9 3 5 -1278988282
9 3 6 -2091806621
9 3 7 -758112668
9 3 8 2804753980
9 3 9 -4100460255
9 3 10 -2310701014
9 3 11 4999395550
9 3 12 -1893627790
9 3 13 3543192930
9 3 14 -3577691037
9 3 15 -3829226633
9 3 16 866387837
9 3 17 458892252
9 3 18 2958231632
9 3 19 610534501
9 3 20 -813598117
9 3 21 1058756879
9 3 22 -1994718691
9 3 23 1130094790
9 4 0 3914183411
9 4 1 -403735520
9 4 2 2191300576
9 4 3 919055223
9 4 4 -1355650098
9 4 5 1273475636
9 4 6 -993427602
9 4 7 63002320
9 4 8 -3852263328
9 4 9 198249891
9 4 10 1099517915
9 4 11 1463271507
9 4 12 -3993465376
9 4 13 1977682420
9 4 14 369445848
9 4 15 3413380710
9 4 16 -2128585497
9 4 17 -1000027349
9 4 18 -2201344233
9 4 19 -9148598425
9 4 20 2091344932
9 4 21 255970154
9 4 22 1766451776
9 4 23 2338545793
9 5 0 -630688488
9 5 1 -2201290656
9 5 2 3575357567
9 5 3 962678704
9 5 4 885832140
9 5 5 -2715470543
9 5 6 558198053
9 5 7 -2829525013
9 5 8 -1474177021
9 5 9 7054451133
9 5 10 -3456790712
9 5 11 1770836225
9 5 12 82038360
9 5 13 1082545334
9 5 14 691153914
9 5 15 -4993867413
9 5 16 4142488320
9 5 17 -4540306685
9 5 18 1756833568
9 5 19 -2846647339
9 5 20 -871913074
9 5 21 872950232
9 5 22 911397949
9 5 23 364548001
9 6 0 -760648183
9 6 1 -489399905
9 6 2 -990597821
9 6 3 624362424
9 6 4 3109836964
9 6 5 909359666
9 6 6 405236358
9 6 7 4105710397
9 6 8 -186457974
9 6 9 -535971793
9 6 10 3773993917
9 6 11 1717538382
9 6 12 257865545
9 6 13 -1353265745
9 6 14 -7660307092
9 6 15 290855622
9 6 16 1783427213
9 6 17 -6248270501
9 6 18 4021250066
9 6 19 1322555165
9 6 20 2126578737
9 6 21 -3675476399
9 6 22 -1870373451
9 6 23 2808391786
9 7 0 -474916793
9 7 1 4707883468
9 7 2 2383485827
9 7 3 -2567613873
9 7 4 2144856930
9 7 5 2558771162
9 7 6 1652141107
9 7 7 267216674
9 7 8 1842564980
9 7 9 -670287129
9 7 10 -3885396505
9 7 11 -3436709995
9 7 12 -62824277
9 7 13 -995591350
9 7 14 -482868696
9 7 15 1629645793
9 7 16 3837327544
9 7 17 -3561579082
9 7 18 2184323473
9 7 19 195089625
9 7 20 -228849258
9 7 21 -335794120
9 7 22 -1580537943
9 7 23 -149163269
9 8 0 -1843681870
9 8 1 907908596
9 8 2 -2446776558
9 8 3 -5895164991
9 8 4 5647866942
9 8 5 -3675489472
9 8 6 -999502779
9 8 7 -134404860
9 8 8 -3222453212
9 8 9 4973116183
9 8 10 -4585253105
9 8 11 3409928664
9 8 12 255387261
9 8 13 2462351163
9 8 14 -544664070
9 8 15 3054787122
9 8 16 -2760815219
9 8 17 4813190118
9 8 18 1069793296
9 8 19 4546840524
9 8 20 -1080888455
9 8 21 1287698742
9 8 22 -257436538
9 8 23 -3436859042
9 9 0 2154158432
9 9 1 -32162359
9 9 2 -2310291665
9 9 3 4081782695
9 9 4 -3499439727
9 9 5 -1127671165
9 9 6 531671236
9 9 7 1332703538
9 9 8 -2129645219
9 9 9 1647369652
9 9 10 1792994201
9 9 11 83887845
9 9 12 -1025221405
9 9 13 -1144054115
9 9 14 2433743463
9 9 15 10950342246
9 9 16 -3349550472
9 9 17 2763731596
9 9 18 1616564562
9 9 19 -18732700
9 9 20 1180092585
9 9 21 314175086
9 9 22 909398989
9 9 23 2056993178
9 10 0 -6797567125
9 10 1 2313269138
9 10 2 2183839765
9 10 3 1183890744
9 10 4 -1044302771
9 10 5 649383736
9 10 6 941625555
9 10 7 -2652349646
9 10 8 1295292546
9 10 9 -1467531701
9 10 10 1793382804
9 10 11 -401663390
9 10 12 -211292473
9 10 13 388932316
9 10 14 2623671809
9 10 15 -2400920035
9 10 16 4433167824
9 10 17 -1421894061
9 10 18 -1105330911
9 10 19 682732317
9 10 20 -2685305487
9 10 21 2174682821
9 10 22 -3572075562
9 10 23 -375931983
9 11 0 390037018
9 11 1 4149284222
9 11 2 -941453609
9 11 3 909907460
9 11 4 -4312314149
9 11 5 4613463999
9 11 6 -2514101716
9 11 7 5022176519
9 11 8 -341099422
9 11 9 -2030863600
9 11 10 708775421
9 11 11 -5554651532
9 11 12 4655106638
9 11 13 1234168612
9 11 14 1716837021
9 11 15 -1920081800
9 11 16 -3403612766
9 11 17 -3051735146
9 11 18 1169764591
9 11 19 -229182286
9 11 20 -2413627546
9 11 21 967253455
9 11 22 -2278408875
9 11 23 4254378574
9 12 0 2240194971
9 12 1 576222867
9 12 2 3520560440
9 12 3 609458821
9 12 4 130282438
9 12 5 4889856098
9 12 6 -3043766716
9 12 7 2356782668
9 12 8 301272654
9 12 9 -849725876
9 12 10 7709774784
9 12 11 257450900
9 12 12 -2233417223
9 12 13 773887859
9 12 14 -15340823
9 12 15 -1267774569
9 12 16 3624504433
9 12 17 -3240938689
9 12 18 -3645027350
9 12 19 1511582921
9 12 20 2763303377
9 12 21 2099931491
9 12 22 2787484557
9 12 23 -2879028211
9 13 0 1181953266
9 13 1 -479269379
9 13 2 2977813582
9 13 3 1660347136
9 13 4 -3807874340
9 13 5 1180822528
9 13 6 1061607529
9 13 7 3184299426
9 13 8 -7468496
9 13 9 3434804677
9 13 10 -98966128
9 13 11 1131895434
9 13 12 3045244297
9 13 13 4008522345
9 13 14 271787493
9 13 15 1208323717
9 13 16 2344964089
9 13 17 -300149951
9 13 18 2221485572
9 13 19 1868133204
9 13 20 -676379433
9 13 21 -468938809
9 13 22 2542825480
9 13 23 -2302321217
9 14 0 460893310
9 14 1 423318544
9 14 2 -1686627937
9 14 3 360233065
9 14 4 -973346610
9 14 5 -2689333608
9 14 6 2979217105
9 14 7 -856086990
9 14 8 -1437017625
9 14 9 2535310555
9 14 10 -3042267436
9 14 11 4824409574
9 14 12 -2134463003
9 14 13 1758050612
9 14 14 -926177351
9 14 15 4978080676
9 14 16 557266952
9 14 17 -2858011021
9 14 18 -4017820734
9 14 19 -423858783
9 14 20 870054903
9 14 21 -16968451
9 14 22 1133886898
9 14 23 -2702396924
9 15 0 -381720334
9 15 1 -544809822
9 15 2 -1239826935
9 15 3 1149062510
9 15 4 1002724087
9 15 5 998263354
9 15 6 -848737066
9 15 7 -1449791097
9 15 8 -3171136789
9 15 9 207781906
9 15 10 -400289167
9 15 11 2650316154
9 15 12 2877817423
9 15 13 144960558
9 15 14 -1006034920
9 15 15 -1961422458
9 15 16 -3732268355
9 15 17 2647582453
9 15 18 452306308
9 15 19 6587270133
9 15 20 -126833760
9 15 21 -3614414187
9 15 22 1775499496
9 15 23 -3474650840
9 16 0 -3202893948
9 16 1 2265484247
9 16 2 -2174578389
9 16 3 3071434689
9 16 4 -159115248
9 16 5 3296786652
9 16 6 -4417445454
9 16 7 960315622
9 16 8 44597378
9 16 9 -2754106474
9 16 10 -5302147350
9 16 11 -1084856034
9 16 12 2083454384
9 16 13 -1076496001
9 16 14 -1756908188
9 16 15 2784052688
9 16 16 -1015845525
9 16 17 3148454023
9 16 18 275103367
9 16 19 3480355755
9 16 20 -2408908273
9 16 21 1072290007
9 16 22 1858346211
9 16 23 -5770311272
9 17 0 -1853334870
9 17 1 2685660089
9 17 2 -12962601
9 17 3 2101497178
9 17 4 -1742747662
9 17 5 -1528824205
9 17 6 2907931556
9 17 7 -2770878465
9 17 8 -272699269
9 17 9 3979082430
9 17 10 707923362
9 17 11 -4072975373
9 17 12 80042241
9 17 13 666991038
9 17 14 -2867210740
9 17 15 3369070635
9 17 16 -4675153578
9 17 17 4967065892
9 17 18 -3078030985
9 17 19 263250254
9 17 20 -2265812447
9 17 21 -2020721827
9 17 22 -555872739
9 17 23 -4040377789
9 18 0 5067816944
9 18 1 699951689
9 18 2 440603972
9 18 3 -1955224322
9 18 4 -1570587155
9 18 5 -569540226
9 18 6 -1197906418
9 18 7 1670993715
9 18 8 1261022052
9 18 9 -316539140
9 18 10 -1160218385
9 18 11 976370426
9 18 12 -658911850
9 18 13 1998447870
9 18 14 -29718169
9 18 15 917737439
9 18 16 -2986755737
9 18 17 3027660521
9 18 18 -3553454491
9 18 19 2322699210
9 18 20 136272535
9 18 21 -770732902
9 18 22 -1080129532
9 18 23 -846749838
9 19 0 -3202017151
9 19 1 -414205897
9 19 2 -3164704528
9 19 3 -1207768821
9 19 4 -3672545287
9 19 5 -1624678549
9 19 6 1337229607
9 19 7 -2163714651
9 19 8 -112786168
9 19 9 -3903515194
9 19 10 -149672436
9 19 11 818239310
9 19 12 3439725161
9 19 13 -2206323615
9 19 14 -46196324
9 19 15 -2731720468
9 19 16 -45859308
9 19 17 -1125666315
9 19 18 -5748411592
9 19 19 3923802944
9 19 20 1137156321
9 19 21 -2779474788
9 19 22 -261573919
9 19 23 664804065
9 20 0 -189409720
9 20 1 -4892830773
9 20 2 3084078946
9 20 3 -875029036
9 20 4 1452695568
9 20 5 941249308
9 20 6 -928856219
9 20 7 998923187
9 20 8 2709921203
9 20 9 1113061376
9 20 10 -4366441564
9 20 11 -993681003
9 20 12 1106774577
9 20 13 5709251499
9 20 14 -197271190
9 20 15 -3575109168
9 20 16 2640313509
9 20 17 1139295113
9 20 18 3758575633
9 20 19 -1419197520
9 20 20 -276532178
9 20 21 -903769231
9 20 22 2280098535
9 20 23 -1233545207
9 21 0 1883561513
9 21 1 2855513781
9 21 2 1204934074
9 21 3 488438509
9 21 4 -1627814076
9 21 5 -453900912
9 21 6 -5709770094
9 21 7 -5509502068
9 21 8 2213373607
9 21 9 1239693690
9 21 10 -770222642
9 21 11 3936214873
9 21 12 -6218063968
9 21 13 4088023119
9 21 14 4503934844
9 21 15 -2727187436
9 21 16 4358838660
9 21 17 -3728127036
9 21 18 2713970041
9 21 19 -3035851285
9 21 20 3268066742
9 21 21 -1087982699
9 21 22 712574060
9 21 23 -6171449
9 22 0 4211389640
9 22 1 787040883
9 22 2 188023560
9 22 3 -7786598416
9 22 4 -2300770111
9 22 5 1771043652
9 22 6 -4307654345
9 22 7 1685515089
9 22 8 -3039517395
9 22 9 -4916378062
9 22 10 981817415
9 22 11 1482694709
9 22 12 -906767560
9 22 13 -946680738
9 22 14 1844528461
9 22 15 -1414435195
9 22 16 4885420662
9 22 17 -2483098737
9 22 18 -5448182208
9 22 19 -862407444
9 22 20 973230820
9 22 21 480548275
9 22 22 538557159
9 22 23 4175792421
9 23 0 -1010506899
9 23 1 730727292
9 23 2 -4920682502
9 23 3 2241652517
9 23 4 -3119367205
9 23 5 -1757399913
9 23 6 -2410457807
9 23 7 -144553113
9 23 8 4159165120
9 23 9 1567487886
9 23 10 -1704097022
9 23 11 -3140191122
9 23 12 2165675983
9 23 13 1426383421
9 23 14 4730336571
9 23 15 3102035561
9 23 16 -13987018
9 23 17 1431523696
9 23 18 -2383269810
9 23 19 2914380343
9 23 20 4455371734
9 23 21 1115534402
9 23 22 2239907199
9 23 23 1554941086
10 0 0 2601078926
10 0 1 2011575026
10 0 2 -1420174065
10 0 3 -4630865686
10 0 4 367213087
10 0 5 -903398976
10 0 6 -166823799
10 0 7 -943568395
10 0 8 -787210366
10 0 9 2734403303
10 0 10 6451726731
10 0 11 173456161
10 0 12 2625889059
10 0 13 1742332403
10 0 14 1289385413
10 0 15 -1433046973
10 0 16 -559508360
10 0 17 -103674600
10 0 18 -5681982
10 0 19 -3980587847
10 0 20 -534119666
10 0 21 1852637171
10 0 22 -1452096431
10 0 23 -4973728337
10 1 0 6090074950
10 1 1 2513211970
10 1 2 -1447717836
10 1 3 -1652522892
10 1 4 550740680
10 1 5 -2495503699
10 1 6 2858496958
10 1 7 -787563981
10 1 8 5422111102
10 1 9 3551824159
10 1 10 -7936843831
10 1 11 -723506090
10 1 12 196281589
10 1 13 -2993558129
10 1 14 -7827317226
10 1 15 719512940
10 1 16 -4314631768
10 1 17 -1462966880
10 1 18 -4793105805
10 1 19 648504368
10 1 20 4932893710
10 1 21 79004759
10 1 22 1379613513
10 1 23 4154765097
10 2 0 4013948853
10 2 1 -526123711
10 2 2 1745112703
10 2 3 -711376774
10 2 4 1267021691
10 2 5 2785513734
10 2 6 7619621380
10 2 7 2997431432
10 2 8 1825430533
10 2 9 -6058978098
10 2 10 -2136151727
10 2 11 810779731
10 2 12 -906729812
10 2 13 2594152430
10 2 14 143988392
10 2 15 198428441
10 2 16 -345207493
10 2 17 -380803695
10 2 18 342050510
10 2 19 1118545387
10 2 20 -2348409170
10 2 21 -7623293003
10 2 22 2952500725
10 2 23 4649978632
10 3 0 1909474606
10 3 1 -522272741
10 3 2 6696146230
10 3 3 3092792939
10 3 4 25377910
10 3 5 1365285447
10 3 6 -855298957
10 3 7 -4534886057
10 3 8 -2176592141
10 3 9 -1473368722
10 3 10 5616667841
10 3 11 7633761143
10 3 12 -2803774006
10 3 13 8375659737
10 3 14 -1177749711
10 3 15 1578210861
10 3 16 5118164153
10 3 17 -1081354712
10 3 18 2540930000
10 3 19 -256882726
10 3 20 -4562319994
10 3 21 6621888810
10 3 22 -1224238411
10 3 23 -2476854815
10 4 0 -1404144358
10 4 1 -2401591370
10 4 2 -2034790149
10 4 3 560791980
10 4 4 -1441687887
10 4 5 -4124852877
10 4 6 1499996536
10 4 7 -1354050341
10 4 8 4105308113
10 4 9 6989680082
10 4 10 886586332
10 4 11 425307805
10 4 12 4997116346
10 4 13 -1401689657
10 4 14 -6536155413
10 4 15 -1801918723
10 4 16 937031312
10 4 17 -1578985383
10 4 18 3333409599
10 4 19 -551894848
10 4 20 4619745977
10 4 21 -3505033233
10 4 22 -791539589
10 4 23 -3133002430
10 5 0 -1111074806
10 5 1 3929462093
10 5 2 -3147297202
10 5 3 -600664757
10 5 4 380210314
10 5 5 3450045374
10 5 6 2602939795
10 5 7 -3366950524
10 5 8 -1704188014
10 5 9 735584338
10 5 10 -2497889463
10 5 11 1659024729
10 5 12 -3352458377
10 5 13 -8635178243
10 5 14 -802642696
10 5 15 1718885181
10 5 16 4159929612
10 5 17 -1509533886
10 5 18 464390836
10 5 19 -597209114
10 5 20 -1950149384
10 5 21 -910949985
10 5 22 -775438221
10 5 23 5512425111
10 6 0 1845462593
10 6 1 -3276254117
10 6 2 -1739500738
10 6 3 -5960822792
10 6 4 2469971280
10 6 5 3624504543
10 6 6 -2643931355
10 6 7 -206158515
10 6 8 -2237053855
10 6 9 -3040312878
10 6 10 1739221233
10 6 11 -2707211221
10 6 12 24534299
10 6 13 383465695
10 6 14 350836868
10 6 15 683574218
10 6 16 -5212133792
10 6 17 -3096004659
10 6 18 1720501488
10 6 19 1209765811
10 6 20 -3941015320
10 6 21 4603093366
10 6 22 -2939130964
10 6 23 -699805560
10 7 0 -278325643
10 7 1 455155129
10 7 2 661800568
10 7 3 -764134942
10 7 4 4851760521
10 7 5 -875414684
10 7 6 -1957083330
10 7 7 1530337177
10 7 8 -2975279577
10 7 9 3832189999
10 7 10 -698132069
10 7 11 1205884411
10 7 12 93858185
10 7 13 2261194299
10 7 14 3430109131
10 7 15 2710646477
10 7 16 6371690179
10 7 17 3325171500
10 7 18 3603702455
10 7 19 878963687
10 7 20 4399716648
10 7 21 -967262802
10 7 22 -487841553
10 7 23 -1246248016
10 8 0 1557004248
10 8 1 3709920696
10 8 2 836668096
10 8 3 2338714725
10 8 4 -1113384609
10 8 5 -3722259664
10 8 6 407205025
10 8 7 -2433538131
10 8 8 -2741825442
10 8 9 -1996409518
10 8 10 -5085660048
10 8 11 124232451
10 8 12 -988051458
10 8 13 7031760495
10 8 14 -4412376092
10 8 15 3470823762
10 8 16 630704395
10 8 17 1517201209
10 8 18 75924737
10 8 19 3778689369
10 8 20 -2180405626
10 8 21 2913108758
10 8 22 343304058
10 8 23 -2405097865
10 9 0 3222285946
10 9 1 699635155
10 9 2 -5326218218
10 9 3 -222972626
10 9 4 13464856
10 9 5 -1961778991
10 9 6 -2813565886
10 9 7 -1004104149
10 9 8 4208392569
10 9 9 1231697202
10 9 10 2850133684
10 9 11 2547965004
10 9 12 -4180938614
10 9 13 -1532666541
10 9 14 -1681322974
10 9 15 -1460469254
10 9 16 -553469337
10 9 17 -4159155609
10 9 18 -275041712
10 9 19 -1174525411
10 9 20 -3160632449
10 9 21 2251625038
10 9 22 -2120252504
10 9 23 4557247074
10 10 0 -3392138365
10 10 1 -2000315110
10 10 2 2623510114
10 10 3 517412596
10 10 4 1776065700
10 10 5 -1195430115
10 10 6 1617370679
10 10 7 2702198692
10 10 8 4443853422
10 10 9 1906105002
10 10 10 679769970
10 10 11 -9908949108
10 10 12 3474854852
10 10 13 -2082947829
10 10 14 -611842987
10 10 15 -3443859570
10 10 16 -1468833204
10 10 17 -2525907895
10 10 18 -2101690356
10 10 19 2501818353
10 10 20 -1149850644
10 10 21 2715295704
10 10 22 2143478880
10 10 23 1887235527
10 11 0 2501869029
10 11 1 4438211524
10 11 2 -723931248
10 11 3 1595902216
10 11 4 1663538655
10 11 5 927370679
10 11 6 3674199278
10 11 7 3210106223
10 11 8 -1824554981
10 11 9 -4708733386
10 11 10 -994439701
10 11 11 124910314
10 11 12 -1078524269
10 11 13 1408505440
10 11 14 1288995628
10 11 15 3574970687
10 11 16 5152700478
10 11 17 209530013
10 11 18 -3673819293
10 11 19 -381523002
10 11 20 1378122387
10 11 21 1064335381
10 11 22 -4155265218
10 11 23 -3638484906
10 12 0 -1500678879
10 12 1 -1867264482
10 12 2 1217331043
10 12 3 -1820057844
10 12 4 -1811671299
10 12 5 1068941902
10 12 6 3530110886
10 12 7 4010271228
10 12 8 -1280957726
10 12 9 2981604800
10 12 10 3921838840
10 12 11 2078556168
10 12 12 6232365504
10 12 13 5193073025
10 12 14 8115390879
10 12 15 2952860256
10 12 16 -2046747237
10 12 17 -5429388339
10 12 18 315560846
10 12 19 3162402370
10 12 20 -1775734805
10 12 21 -3060376467
10 12 22 -4794695253
10 12 23 3529312729
10 13 0 3346140800
10 13 1 -600255644
10 13 2 -2491132927
10 13 3 -2261273386
10 13 4 -731868779
10 13 5 -1551227072
10 13 6 1198221529
10 13 7 2197402616
10 13 8 303775905
10 13 9 -2974241780
10 13 10 2515680800
10 13 11 3273160736
10 13 12 -2969682537
10 13 13 -1473689198
10 13 14 -1554892205
10 13 15 -3424776368
10 13 16 2109321715
10 13 17 -786432011
10 13 18 1402703044
10 13 19 -2352008281
10 13 20 -2983408469
10 13 21 -1101620222
10 13 22 3180682664
10 13 23 -3193934486
10 14 0 -712206648
10 14 1 -3597372736
10 14 2 760931271
10 14 3 4316042883
10 14 4 -3097795737
10 14 5 -3598083451
10 14 6 -4665531289
10 14 7 -2570743007
10 14 8 -3719294192
10 14 9 272167393
10 14 10 881089216
10 14 11 1272974650
10 14 12 -2784091341
10 14 13 -3683450723
10 14 14 -959574471
10 14 15 -272865758
10 14 16 -402649285
10 14 17 -1102523325
10 14 18 -3659885051
10 14 19 3026326703
10 14 20 2742646321
10 14 21 -75636410
10 14 22 -3607799956
10 14 23 3167771329
10 15 0 72039193
10 15 1 1351747783
10 15 2 -1771322326
10 15 3 -1817873426
10 15 4 4600218804
10 15 5 3351636489
10 15 6 2913207072
10 15 7 -4627448895
10 15 8 5194034415
10 15 9 434654203
10 15 10 889222828
10 15 11 -3304673097
10 15 12 -1441974203
10 15 13 2231607982
10 15 14 3245060162
10 15 15 -3066581552
10 15 16 781056373
10 15 17 -892934745
10 15 18 315085419
10 15 19 -363670460
10 15 20 -3344084481
10 15 21 286169996
10 15 22 -2170871108
10 15 23 -1644757035
10 16 0 -1703615172
10 16 1 3217044783
10 16 2 -239594252
10 16 3 761900520
10 16 4 -1373797317
10 16 5 1829186824
10 16 6 546643566
10 16 7 6123787260
10 16 8 -2185958257
10 16 9 -5003431387
10 16 10 160006812
10 16 11 -2504275642
10 16 12 2963433026
10 16 13 3315613644
10 16 14 473200479
10 16 15 1504732955
10 16 16 -2865945505
10 16 17 3431107285
10 16 18 2216233271
10 16 19 6112182947
10 16 20 4625395277
10 16 21 -2418354960
10 16 22 757296314
10 16 23 -2589745693
10 17 0 -984242309
10 17 1 791999850
10 17 2 -5240690250
10 17 3 2756176436
10 17 4 117661128
10 17 5 -1496900632
10 17 6 2714908990
10 17 7 -3643804366
10 17 8 3092035023
10 17 9 -2150951446
10 17 10 -50671754
10 17 11 2581893048
10 17 12 -4991682444
10 17 13 -3057384044
10 17 14 -6822291157
10 17 15 2883493218
10 17 16 1108308236
10 17 17 374348817
10 17 18 -3725762024
10 17 19 -2903901539
10 17 20 -4055298127
10 17 21 2872048839
10 17 22 5594862486
10 17 23 2451842130
10 18 0 -1830921416
10 18 1 160472107
10 18 2 2002586441
10 18 3 1288837339
10 18 4 -405611012
10 18 5 -5170626537
10 18 6 -2224494809
10 18 7 -711231286
10 18 8 -435734273
10 18 9 -4289882200
10 18 10 -2069004442
10 18 11 -1854323646
10 18 12 -376626175
10 18 13 2719219627
10 18 14 2311272036
10 18 15 110203960
10 18 16 -1917999054
10 18 17 -3569152763
10 18 18 -2467640930
10 18 19 907295758
10 18 20 447672018
10 18 21 -799822088
10 18 22 -5261213345
10 18 23 -2625162409
10 19 0 4562719145
10 19 1 -1108289723
10 19 2 1584378779
10 19 3 2302294383
10 19 4 1803091868
10 19 5 925024308
10 19 6 450485188
10 19 7 -189468727
10 19 8 -2794880077
10 19 9 2531286142
10 19 10 -907784198
10 19 11 -718842162
10 19 12 3467419947
10 19 13 5346484631
10 19 14 2697501265
10 19 15 -1478792253
10 19 16 -745930802
10 19 17 1488354571
10 19 18 -560038453
10 19 19 -751160351
10 19 20 721450100
10 19 21 778589759
10 19 22 139622613
10 19 23 -66798576
10 20 0 23334121
10 20 1 -1145406938
10 20 2 221829621
10 20 3 -3584341883
10 20 4 -112411132
10 20 5 1014920090
10 20 6 -655604387
10 20 7 545292570
10 20 8 794728846
10 20 9 4193865600
10 20 10 3439111524
10 20 11 1616284705
10 20 12 2527130616
10 20 13 -1695462240
10 20 14 -2007951434
10 20 15 -3717933228
10 20 16 -1093022845
10 20 17 -5394319697
10 20 18 -1067672799
10 20 19 -2469375140
10 20 20 2253973780
10 20 21 -3154783801
10 20 22 -685698776
10 20 23 791364302
10 21 0 741629245
10 21 1 4098810679
10 21 2 843994021
10 21 3 -2559073153
10 21 4 -2682516520
10 21 5 4395840498
10 21 6 3849365953
10 21 7 -1603175142
10 21 8 -704292837
10 21 9 1595943545
10 21 10 -1001526338
10 21 11 -955298408
10 21 12 -777420971
10 21 13 -2607339223
10 21 14 -3224683771
10 21 15 3008596225
10 21 16 5509206966
10 21 17 1379365525
10 21 18 4716527123
10 21 19 -774137550
10 21 20 -1461737438
10 21 21 1934084417
10 21 22 -5612838256
10 21 23 4852988604
10 22 0 1847875087
10 22 1 -279233215
10 22 2 1695215773
10 22 3 2479689517
10 22 4 1532780165
10 22 5 904241728
10 22 6 -3213893035
10 22 7 -553055485
10 22 8 -1026525773
10 22 9 575195094
10 22 10 104285203
10 22 11 850255934
10 22 12 544560627
10 22 13 557296509
10 22 14 2156639262
10 22 15 -130258283
10 22 16 2476007484
10 22 17 -610863133
10 22 18 -1398723139
10 22 19 -2848184328
10 22 20 142330770
10 22 21 4023827923
10 22 22 9263507916
10 22 23 -3391820754
10 23 0 1834773874
10 23 1 -969312684
10 23 2 -3267041720
10 23 3 262609304
10 23 4 -897324044
10 23 5 -650396393
10 23 6 724013094
10 23 7 2351316725
10 23 8 889554268
10 23 9 467307028
10 23 10 1337963721
10 23 11 -1886980734
10 23 12 -1355943981
10 23 13 -108583169
10 23 14 1977831968
10 23 15 981031630
10 23 16 745313634
10 23 17 1367169082
10 23 18 -907684507
10 23 19 -2730047837
10 23 20 -444535988
10 23 21 71996715
10 23 22 -6664854780
10 23 23 -171839623
11 0 0 -5204057168
11 0 1 -690167952
11 0 2 305059002
11 0 3 2660637594
11 0 4 -3933146042
11 0 5 -2271569169
11 0 6 -1119689000
11 0 7 -2314739899
11 0 8 175196503
11 0 9 4211271799
11 0 10 -1448573617
11 0 11 1181167585
11 0 12 3688386974
11 0 13 2063800904
11 0 14 -463404020
11 0 15 -2335852903
11 0 16 684307492
11 0 17 2012542798
11 0 18 -2314652745
11 0 19 190486966
11 0 20 -851406305
11 0 21 3210887416
11 0 22 1119501956
11 0 23 -1327763643
11 1 0 -1369808386
11 1 1 4724425045
11 1 2 4532457836
11 1 3 2866142619
11 1 4 -2409102623
11 1 5 -1047059852
11 1 6 1812610520
11 1 7 -1241290615
11 1 8 1394425452
11 1 9 1602975717
11 1 10 1914901527
11 1 11 2269810248
11 1 12 1333335754
11 1 13 -3790444006
11 1 14 858889321
11 1 15 2448535107
11 1 16 -845390119
11 1 17 2029503527
11 1 18 -2873592300
11 1 19 1292910705
11 1 20 891700916
11 1 21 -1061940830
11 1 22 -834915906
11 1 23 4081646424
11 2 0 1025590810
11 2 1 31209484
11 2 2 -318881278
11 2 3 -2835332604
11 2 4 -2174188601
11 2 5 25234656
11 2 6 1987234717
11 2 7 3713828633
11 2 8 -384552425
11 2 9 -2007549468
11 2 10 362877474
11 2 11 -3077637192
11 2 12 271082927
11 2 13 -599485112
11 2 14 961182913
11 2 15 -7010779103
11 2 16 -2341434658
11 2 17 -1866041966
11 2 18 -535803241
11 2 19 7636437940
11 2 20 -1114749158
11 2 21 -2206219527
11 2 22 -1196150086
11 2 23 3112238630
11 3 0 1240768645
11 3 1 1583550478
11 3 2 -960735055
11 3 3 3465496341
11 3 4 604895925
11 3 5 -1379102566
11 3 6 -1979499045
11 3 7 -2164333668
11 3 8 1711809758
11 3 9 -3219747951
11 3 10 477943332
11 3 11 3506229731
11 3 12 6937188653
11 3 13 -924098192
11 3 14 845973441
11 3 15 -498604538
11 3 16 422034144
11 3 17 -1344571805
11 3 18 2357184353
11 3 19 -2492559443
11 3 20 830552091
11 3 21 5326260667
11 3 22 -2149521394
11 3 23 -1066006183
11 4 0 -440041846
11 4 1 3276948708
11 4 2 1271849871
11 4 3 2165648223
11 4 4 -898461
11 4 5 192827166
11 4 6 2137044147
11 4 7 2465469394
11 4 8 -2216892776
11 4 9 -4481318122
11 4 10 657782504
11 4 11 -4576381775
11 4 12 4093418211
11 4 13 -5103486959
11 4 14 1593296872
11 4 15 -1340159744
11 4 16 -3778658585
11 4 17 5184323999
11 4 18 -2219807265
11 4 19 1843233957
11 4 20 -454679338
11 4 21 -4841733665
11 4 22 -2164968301
11 4 23 -2553070148
11 5 0 -963782861
11 5 1 206638663
11 5 2 2932066299
11 5 3 -405064130
11 5 4 -3682847884
11 5 5 4934505208
11 5 6 -1607280187
11 5 7 -2397211294
11 5 8 380688986
11 5 9 -3630362197
11 5 10 5165190803
11 5 11 2781230994
11 5 12 -2778389092
11 5 13 -3283499216
11 5 14 2137937492
11 5 15 5086640158
11 5 16 1332955779
11 5 17 353563274
11 5 18 -2989142461
11 5 19 1291524205
11 5 20 -3886504870
11 5 21 772223363
11 5 22 -1120214123
11 5 23 -793473704
11 6 0 -3620732694
11 6 1 -3382688848
11 6 2 -639163685
11 6 3 -1952550542
11 6 4 -1409353548
11 6 5 1769476364
11 6 6 -536431351
11 6 7 292543889
11 6 8 -458050876
11 6 9 -2527729703
11 6 10 1124681311
11 6 11 1639152814
11 6 12 123176853
11 6 13 1567637495
11 6 14 2393416261
11 6 15 28950073
11 6 16 -2612459730
11 6 17 1882703202
11 6 18 931577057
11 6 19 2223801694
11 6 20 398316685
11 6 21 4229195920
11 6 22 4325645273
11 6 23 -2279954170
11 7 0 -400882368
11 7 1 -1949682242
11 7 2 -5472127614
11 7 3 -3234036703
11 7 4 -4974320093
11 7 5 -4083795960
11 7 6 2690844395
11 7 7 4144968468
11 7 8 1846091344
11 7 9 3561884225
11 7 10 3577576775
11 7 11 2415695944
11 7 12 885171181
11 7 13 1860424895
11 7 14 2936810849
11 7 15 -1023571311
11 7 16 234232872
11 7 17 -679526308
11 7 18 -1843294695
11 7 19 -847864322
11 7 20 717667746
11 7 21 -8768284199
11 7 22 3470438724
11 7 23 1557792415
11 8 0 -419791940
11 8 1 2289870788
11 8 2 -158766805
11 8 3 1764482490
11 8 4 -3908089001
11 8 5 606686578
11 8 6 -2086837404
11 8 7 -4536911451
11 8 8 -766391016
11 8 9 -617109000
11 8 10 1340156876
11 8 11 -4375433474
11 8 12 1174966895
11 8 13 -866174493
11 8 14 -317856622
11 8 15 2117248969
11 8 16 -4915059804
11 8 17 -2536247435
11 8 18 4399594634
11 8 19 4966636432
11 8 20 -271272375
11 8 21 727090658
11 8 22 1921953737
11 8 23 -1102193558
11 9 0 8456333904
11 9 1 -1727365924
11 9 2 731251253
11 9 3 -2286305141
11 9 4 327838149
11 9 5 3058949017
11 9 6 -3525104310
11 9 7 -2358891940
11 9 8 -3243401631
11 9 9 472012788
11 9 10 7002706080
11 9 11 -262556284
11 9 12 -3618121386
11 9 13 -4735954147
11 9 14 2856578865
11 9 15 -2188209626
11 9 16 -2595163012
11 9 17 -747453880
11 9 18 670965113
11 9 19 -2946851803
11 9 20 1390846595
11 9 21 -353986532
11 9 22 2165996976
11 9 23 3868158227
11 10 0 -620565975
11 10 1 -3391169188
11 10 2 461063879
11 10 3 2055309307
11 10 4 235753418
11 10 5 -254432137
11 10 6 4364594055
11 10 7 2573129289
11 10 8 -1140378390
11 10 9 -2052414952
11 10 10 -1165721939
11 10 11 -1325288217
11 10 12 -1377643814
11 10 13 -4146329891
11 10 14 1275188221
11 10 15 2145380382
11 10 16 608098985
11 10 17 1619535015
11 10 18 -1304874086
11 10 19 80880570
11 10 20 -2840282531
11 10 21 -1469685876
11 10 22 123103785
11 10 23 -450520145
11 11 0 2633869708
11 11 1 -1381165510
11 11 2 -1408848174
11 11 3 -2179552155
11 11 4 -2443480000
11 11 5 -1756521459
11 11 6 1780426703
11 11 7 5524597102
11 11 8 2083419269
11 11 9 -2493453951
11 11 10 -3434730933
11 11 11 3866751197
11 11 12 -6711862458
11 11 13 1680520606
11 11 14 2333321224
11 11 15 308806211
11 11 16 4383252213
11 11 17 1171167991
11 11 18 19043451
11 11 19 1406902928
11 11 20 524808050
11 11 21 2151517420
11 11 22 -5081753118
11 11 23 -3251166560
11 12 0 4109310211
11 12 1 -233461692
11 12 2 4392593262
11 12 3 -1284526816
11 12 4 -2615905738
11 12 5 -4183749929
11 12 6 2104566427
11 12 7 121447507
11 12 8 -1246943725
11 12 9 849025597
11 12 10 1107525037
11 12 11 1131284295
11 12 12 1593879950
11 12 13 1650445262
11 12 14 1638088464
11 12 15 3904017814
11 12 16 -1228593902
11 12 17 596391662
11 12 18 2784133942
11 12 19 1763602500
11 12 20 3907669506
11 12 21 -2439760162
11 12 22 -1075697767
11 12 23 6483777933
11 13 0 2435438395
11 13 1 -2129518412
11 13 2 -3935826099
11 13 3 -962396195
11 13 4 6554193715
11 13 5 -13999025
11 13 6 2244258966
11 13 7 -1033825524
11 13 8 -4105121010
11 13 9 -3018749932
11 13 10 -1022923841
11 13 11 801458592
11 13 12 -649080164
11 13 13 -1538444169
11 13 14 -4305910415
11 13 15 693314877
11 13 16 6196735336
11 13 17 1675439146
11 13 18 3157657888
11 13 19 -832597587
11 13 20 -7023959122
11 13 21 -1526523892
11 13 22 1812884232
11 13 23 -6158909085
11 14 0 -1672319528
11 14 1 -279980382
11 14 2 1400042972
11 14 3 3247982187
11 14 4 -380971334
11 14 5 386349709
11 14 6 -351332887
11 14 7 -3066078222
11 14 8 -2837488891
11 14 9 -302101596
11 14 10 185863102
11 14 11 -3234234419
11 14 12 -1354320175
11 14 13 -2326312422
11 14 14 799058836
11 14 15 -34422597
11 14 16 -2424899187
11 14 17 1048629319
11 14 18 4009705693
11 14 19 420848817
11 14 20 -1272984791
11 14 21 -2616989822
11 14 22 -9642538402
11 14 23 1258463559
11 15 0 988981134
11 15 1 997017439
11 15 2 2446628102
11 15 3 -1411371010
11 15 4 -1290015361
11 15 5 -1963591112
11 15 6 -1272238382
11 15 7 -3971548016
11 15 8 2614084353
11 15 9 -3814327839
11 15 10 4109634515
11 15 11 -420281311
11 15 12 -2777950577
11 15 13 -267573881
11 15 14 569497582
11 15 15 493041156
11 15 16 2010318920
11 15 17 664384569
11 15 18 -775047726
11 15 19 -5701533075
11 15 20 -201942082
11 15 21 767039464
11 15 22 2676498449
11 15 23 -2203353150
11 16 0 1451599645
11 16 1 33155073
11 16 2 1382554762
11 16 3 -2320856608
11 16 4 -2296075989
11 16 5 -3370590557
11 16 6 -3850779405
11 16 7 -1432738713
11 16 8 -2122534519
11 16 9 -4589782882
11 16 10 -2798153769
11 16 11 -1403611767
11 16 12 2026285732
11 16 13 3982417292
11 16 14 1536889519
11 16 15 2177724576
11 16 16 -3254448557
11 16 17 -463550397
11 16 18 3911891509
11 16 19 3873331154
11 16 20 903521475
11 16 21 -5211614466
11 16 22 447568800
11 16 23 4124645636
11 17 0 -1079654339
11 17 1 -242180462
11 17 2 3696464999
11 17 3 2025482617
11 17 4 5456319325
11 17 5 1780479375
11 17 6 1673829862
11 17 7 -1722158478
11 17 8 3075730437
11 17 9 1952904995
11 17 10 -2456700360
11 17 11 -773507865
11 17 12 -1935298561
11 17 13 -4631360284
11 17 14 1085669117
11 17 15 -2882557354
11 17 16 2555058562
11 17 17 -1193327942
11 17 18 1874742758
11 17 19 -2499040136
11 17 20 742591727
11 17 21 3512906556
11 17 22 -521125718
11 17 23 3983878929
11 18 0 775754180
11 18 1 1270010678
11 18 2 4121542324
11 18 3 462316665
11 18 4 -2233421703
11 18 5 -586367944
11 18 6 -537659038
11 18 7 933271282
11 18 8 -2365926738
11 18 9 -50097682
11 18 10 -11523555
11 18 11 -4593390713
11 18 12 -2831221475
11 18 13 1148373010
11 18 14 3645761682
11 18 15 -58569215
11 18 16 -1172733546
11 18 17 2344264196
11 18 18 3494237389
11 18 19 -2208193427
11 18 20 -148559611
11 18 21 -135162826
11 18 22 -3610785392
11 18 23 1020887450
11 19 0 2195390028
11 19 1 -2887978143
11 19 2 -4026223091
11 19 3 -4479422722
11 19 4 -1196301519
11 19 5 2063280087
11 19 6 330186693
11 19 7 -187126262
11 19 8 -2073083729
11 19 9 -1347521749
11 19 10 -1025334520
11 19 11 -1193624822
11 19 12 -407403897
11 19 13 -2560267288
11 19 14 1187077468
11 19 15 -1674341863
11 19 16 2671574230
11 19 17 4923975433
11 19 18 993030449
11 19 19 78096789
11 19 20 4162802754
11 19 21 773153968
11 19 22 3163136051
11 19 23 -1693778649
11 20 0 -4999642675
11 20 1 1470034943
11 20 2 1858175802
11 20 3 -3192398462
11 20 4 -2679596891
11 20 5 -3098646378
11 20 6 334466066
11 20 7 3449895633
11 20 8 2837258592
11 20 9 -2497565543
11 20 10 -794809442
11 20 11 -3538183436
11 20 12 -1419866327
11 20 13 -1337634288
11 20 14 1359795889
11 20 15 -2160854159
11 20 16 -1302096247
11 20 17 -4609411555
11 20 18 -544927869
11 20 19 3130901755
11 20 20 453830473
11 20 21 1439980302
11 20 22 -674085871
11 20 23 -645502790
11 21 0 -1896169682
11 21 1 96746528
11 21 2 -3067273231
11 21 3 -1038638857
11 21 4 3214226681
11 21 5 761146638
11 21 6 -1452492411
11 21 7 -1515415449
11 21 8 3612228550
11 21 9 2942140638
11 21 10 -1892388369
11 21 11 -2025086351
11 21 12 300908121
11 21 13 -1147317748
11 21 14 -3613938809
11 21 15 663914321
11 21 16 2129651089
11 21 17 3408486876
11 21 18 4503541421
11 21 19 -1565726199
11 21 20 -3990315391
11 21 21 -677691413
11 21 22 -255511317
11 21 23 2325393276
11 22 0 2169759635
11 22 1 2602912911
11 22 2 116502378
11 22 3 -26971764
11 22 4 4484142151
11 22 5 1308369405
11 22 6 -1964739343
11 22 7 -1118975861
11 22 8 -728152217
11 22 9 -2194334258
11 22 10 -1143396119
11 22 11 849626230
11 22 12 1598803878
11 22 13 -5263590681
11 22 14 -2374046600
11 22 15 -1746369262
11 22 16 -6510943627
11 22 17 292387048
11 22 18 4397934257
11 22 19 -916663091
11 22 20 493354377
11 22 21 -245127416
11 22 22 3298892659
11 22 23 -4071868476
11 23 0 -137614225
11 23 1 1718562236
11 23 2 915716730
11 23 3 -1073953440
11 23 4 1839671705
11 23 5 3873187829
11 23 6 4154142055
11 23 7 4985206487
11 23 8 2426421244
11 23 9 -92875919
11 23 10 6977308446
11 23 11 1980504175
11 23 12 -3742811004
11 23 13 -282173292
11 23 14 -1569286069
11 23 15 1376140092
11 23 16 81984626
11 23 17 -11903172
11 23 18 -1510202125
11 23 19 -4212137123
11 23 20 -956756785
11 23 21 -1552506930
11 23 22 -269103752
11 23 23 -299354240
12 0 0 1113993370
12 0 1 -2472106766
12 0 2 715134731
12 0 3 -775601627
12 0 4 -705418892
12 0 5 -5686954475
12 0 6 -1004126335
12 0 7 3449637772
12 0 8 1201780789
12 0 9 -1179487098
12 0 10 2413699071
12 0 11 -2580135405
12 0 12 -773073870
12 0 13 -1498661535
12 0 14 781271342
12 0 15 -889865727
12 0 16 501298999
12 0 17 754842724
12 0 18 797531754
12 0 19 1455596712
12 0 20 621576841
12 0 21 -4547853143
12 0 22 -3931928651
12 0 23 336529434
12 1 0 2466396082
12 1 1 -1256365987
12 1 2 1931393335
12 1 3 -805951290
12 1 4 -3910617963
12 1 5 202448067
12 1 6 320699451
12 1 7 2172731017
12 1 8 -162781149
12 1 9 -1954010986
12 1 10 -399551070
12 1 11 5866964354
12 1 12 -768046483
12 1 13 430531033
12 1 14 -650615133
12 1 15 -3045125989
12 1 16 -2263422483
12 1 17 -682498142
12 1 18 -1661745990
12 1 19 2784932039
12 1 20 4335644153
12 1 21 2034245780
12 1 22 -1432787216
12 1 23 57767800
12 2 0 547932074
12 2 1 193478744
12 2 2 3282166956
12 2 3 2054762666
12 2 4 -4139294844
12 2 5 2225778181
12 2 6 4529672814
12 2 7 676713379
12 2 8 -2045756854
12 2 9 -2072385801
12 2 10 2212095194
12 2 11 -137608513
12 2 12 1886708109
12 2 13 -1095805997
12 2 14 2958475024
12 2 15 -4358764203
12 2 16 -4460996965
12 2 17 -4577950096
12 2 18 -1138157221
12 2 19 -5365290595
12 2 20 2097642915
12 2 21 4473315830
12 2 22 1121937261
12 2 23 -5499988633
12 3 0 -1873007837
12 3 1 4190160895
12 3 2 -926376959
12 3 3 921672364
12 3 4 -435875957
12 3 5 -4252535559
12 3 6 2688921301
12 3 7 1198535693
12 3 8 -569983431
12 3 9 2195244953
12 3 10 695969625
12 3 11 52951909
12 3 12 -1432046357
12 3 13 5550311589
12 3 14 -843192971
12 3 15 445045765
12 3 16 -3304511417
12 3 17 2840709383
12 3 18 -3272087923
12 3 19 -3684865799
12 3 20 1892687530
12 3 21 1836817388
12 3 22 -2205142689
12 3 23 -1491452494
12 4 0 -2757442043
12 4 1 5320684136
12 4 2 2803288387
12 4 3 2341686753
12 4 4 31556245
12 4 5 -2048760386
12 4 6 -2503634344
12 4 7 2548642432
12 4 8 2788975466
12 4 9 2996025822
12 4 10 288734295
12 4 11 -562131710
12 4 12 2863252745
12 4 13 294930495
12 4 14 -1483874785
12 4 15 1672014728
12 4 16 2167042802
12 4 17 4122559550
12 4 18 -1749671685
12 4 19 1729374067
12 4 20 -3410583865
12 4 21 20677320
12 4 22 1877592385
12 4 23 -1916981331
12 5 0 -2169877872
12 5 1 -1462092183
12 5 2 1305028942
12 5 3 3412169195
12 5 4 2772185158
12 5 5 -5376695696
12 5 6 -787030022
12 5 7 1397202420
12 5 8 -898788667
12 5 9 3168500021
12 5 10 -3211436499
12 5 11 3266762798
12 5 12 -1911701825
12 5 13 625177901
12 5 14 -406227581
12 5 15 -1889555277
12 5 16 3203980520
12 5 17 -1050323803
12 5 18 -763256347
12 5 19 -1970153888
12 5 20 -155199619
12 5 21 -3860650532
12 5 22 1550949780
12 5 23 -1624568320
12 6 0 -2350766672
12 6 1 -1263952439
12 6 2 -7895660664
12 6 3 316375960
12 6 4 -1581239114
12 6 5 546242086
12 6 6 -1643644207
12 6 7 -4279660597
12 6 8 -2013286286
12 6 9 2663293374
12 6 10 -341307710
12 6 11 -3052059106
12 6 12 3017425947
12 6 13 2704679082
12 6 14 547028009
12 6 15 1374996329
12 6 16 -4256996510
12 6 17 2465448045
12 6 18 -1336663258
12 6 19 741765441
12 6 20 -1796455786
12 6 21 -1722022102
12 6 22 -2565153853
12 6 23 -2282195371
12 7 0 -2198774983
12 7 1 -3237815477
12 7 2 -2218717608
12 7 3 -3235564760
12 7 4 -570700825
12 7 5 -1903860318
12 7 6 400882933
12 7 7 495720651
12 7 8 -789042207
12 7 9 1317876108
12 7 10 -1691559347
12 7 11 3363761921
12 7 12 410110024
12 7 13 -2260761423
12 7 14 4040849389
12 7 15 2897038785
12 7 16 23418756
12 7 17 -1371007196
12 7 18 1590670826
12 7 19 3234410371
12 7 20 -2842564878
12 7 21 -1871293826
12 7 22 -2907525295
12 7 23 -1487383645
12 8 0 2533615005
12 8 1 1697738479
12 8 2 1671829825
12 8 3 -7330555997
12 8 4 446215224
12 8 5 1739812015
12 8 6 1606011649
12 8 7 -2799309514
12 8 8 -505060496
12 8 9 -3189175588
12 8 10 -275477767
12 8 11 5330374794
12 8 12 207823479
12 8 13 938417748
12 8 14 3018464668
12 8 15 374033287
12 8 16 2109899393
12 8 17 412735441
12 8 18 2155931315
12 8 19 -2903565831
12 8 20 1522398763
12 8 21 -3053389555
12 8 22 -5117974528
12 8 23 2090586545
12 9 0 1804348956
12 9 1 2004249762
12 9 2 -176876436
12 9 3 -854907286
12 9 4 730155551
12 9 5 -2880414185
12 9 6 2417981482
12 9 7 -3110131384
12 9 8 -1478447086
12 9 9 2158475085
12 9 10 -1567685562
12 9 11 1628103953
12 9 12 -2274676133
12 9 13 -315078987
12 9 14 -2605403973
12 9 15 807370561
12 9 16 -2237244003
12 9 17 3340214355
12 9 18 -1691521581
12 9 19 1539535693
12 9 20 2185191412
12 9 21 2503617843
12 9 22 3034981162
12 9 23 754440352
12 10 0 120529461
12 10 1 -3271288118
12 10 2 1177601192
12 10 3 -247277136
12 10 4 194994450
12 10 5 712967999
12 10 6 -741709309
12 10 7 -86169597
12 10 8 2015885197
12 10 9 906000922
12 10 10 -3074545854
12 10 11 1027255468
12 10 12 313587628
12 10 13 -4409324210
12 10 14 -1374951932
12 10 15 -1013640771
12 10 16 -319554965
12 10 17 -2872118885
12 10 18 1298004942
12 10 19 700814515
12 10 20 935602527
12 10 21 6359210705
12 10 22 1837263631
12 10 23 1525963500
12 11 0 -2771280488
12 11 1 1729217496
12 11 2 -2462976361
12 11 3 -1717123319
12 11 4 4498055548
12 11 5 2138032954
12 11 6 839821836
12 11 7 -99366759
12 11 8 56740762
12 11 9 -1595637101
12 11 10 -422614324
12 11 11 -2897815496
12 11 12 1126682887
12 11 13 591795042
12 11 14 -1582958031
12 11 15 3555625826
12 11 16 1492725590
12 11 17 -981319703
12 11 18 3339977061
12 11 19 -40323272
12 11 20 4782751492
12 11 21 1787112099
12 11 22 -2333402241
12 11 23 -316338397
12 12 0 -83969420
12 12 1 338025652
12 12 2 1082911202
12 12 3 1387685131
12 12 4 907831710
12 12 5 -786882350
12 12 6 1609623127
12 12 7 713904
12 12 8 371060119
12 12 9 -2095171537
12 12 10 -307573895
12 12 11 2476876101
12 12 12 4374244563
12 12 13 1235149820
12 12 14 1895219610
12 12 15 -2378479764
12 12 16 721919761
12 12 17 346296795
12 12 18 -2450708540
12 12 19 3870277481
12 12 20 979994805
12 12 21 311808849
12 12 22 1077914591
12 12 23 -3392073430
12 13 0 -1885962301
12 13 1 3784875958
12 13 2 2434528947
12 13 3 -2235177813
12 13 4 -1741817010
12 13 5 2847123091
12 13 6 1894483962
12 13 7 1190095795
12 13 8 1149205108
12 13 9 278846761
12 13 10 -330821125
12 13 11 311038692
12 13 12 5473184226
12 13 13 837824187
12 13 14 -180728126
12 13 15 -6093268515
12 13 16 3194897168
12 13 17 -179329657
12 13 18 -3060137206
12 13 19 -1483997172
12 13 20 -2107728366
12 13 21 3557802484
12 13 22 -7971317664
12 13 23 -2343179226
12 14 0 -3408304980
12 14 1 648059394
12 14 2 3919176440
12 14 3 -3176403536
12 14 4 1640505102
12 14 5 101368833
12 14 6 -891987193
12 14 7 1940079440
12 14 8 976061363
12 14 9 -1835034533
12 14 10 -558609999
12 14 11 4970823684
12 14 12 3242692887
12 14 13 -2463005252
12 14 14 680660483
12 14 15 1210106230
12 14 16 405445755
12 14 17 -490050614
12 14 18 2659183808
12 14 19 2990753674
12 14 20 -330696726
12 14 21 -9909831626
12 14 22 -655082651
12 14 23 -1174771402
12 15 0 -4510543702
12 15 1 -3704089988
12 15 2 -4403783654
12 15 3 4117550081
12 15 4 2532937868
12 15 5 1240856076
12 15 6 -4145481055
12 15 7 -2317586345
12 15 8 -533479828
12 15 9 457693219
12 15 10 -2095384165
12 15 11 4023934866
12 15 12 2952647254
12 15 13 -1987646231
12 15 14 -2437969223
12 15 15 -2486928660
12 15 16 603877953
12 15 17 -416638108
12 15 18 38276504
12 15 19 333749314
12 15 20 -4244053048
12 15 21 1272208006
12 15 22 -4300521502
12 15 23 -3035256929
12 16 0 -3500848042
12 16 1 -1076857978
12 16 2 -1504642881
12 16 3 -2325716604
12 16 4 279122944
12 16 5 1067572793
12 16 6 -2504806596
12 16 7 -3935370910
12 16 8 -855970972
12 16 9 -2260293087
12 16 10 -4997502489
12 16 11 -3090431781
12 16 12 3169904677
12 16 13 -4179723333
12 16 14 2699256416
12 16 15 -1042897007
12 16 16 5238657200
12 16 17 211709085
12 16 18 2232299239
12 16 19 -1126429785
12 16 20 -2445283165
12 16 21 -72419039
12 16 22 -6162007273
12 16 23 1670512929
12 17 0 304521673
12 17 1 4586225066
12 17 2 1833420290
12 17 3 -1515994570
12 17 4 -96506040
12 17 5 1801216063
12 17 6 5168754914
12 17 7 -356459044
12 17 8 -699749032
12 17 9 -1942563480
12 17 10 -4339080525
12 17 11 1146212988
12 17 12 -4358765495
12 17 13 353927696
12 17 14 647738505
12 17 15 2382479575
12 17 16 882752669
12 17 17 -2041367864
12 17 18 -221671362
12 17 19 4094143238
12 17 20 1381867670
12 17 21 388695259
12 17 22 1295227180
12 17 23 265186588
12 18 0 1319022812
12 18 1 3837053063
12 18 2 1681601688
12 18 3 -978483767
12 18 4 -45483693
12 18 5 -368327375
12 18 6 2467297418
12 18 7 3550158405
12 18 8 -2003842119
12 18 9 -420270474
12 18 10 2343556159
12 18 11 1357779247
12 18 12 1597688372
12 18 13 -1310299203
12 18 14 -5415940589
12 18 15 -1244167442
12 18 16 -452514156
12 18 17 -1149922696
12 18 18 -1832553280
12 18 19 4008264025
12 18 20 -586827114
12 18 21 -4021516221
12 18 22 -148760066
12 18 23 -727179210
12 19 0 2846678769
12 19 1 -146685525
12 19 2 -2988913303
12 19 3 1820230383
12 19 4 -2476220886
12 19 5 -6132546763
12 19 6 -842925733
12 19 7 1210653575
12 19 8 179694228
12 19 9 -1119705340
12 19 10 -1605257113
12 19 11 1678787903
12 19 12 2367413315
12 19 13 -265309557
12 19 14 -4398954345
12 19 15 -1452519137
12 19 16 3642425585
12 19 17 3827114815
12 19 18 -676323526
12 19 19 2276980199
12 19 20 -4196262306
12 19 21 3282247923
12 19 22 75967785
12 19 23 2419948666
12 20 0 5498797241
12 20 1 -4151565059
12 20 2 -2674758328
12 20 3 -2795354300
12 20 4 -3903092212
12 20 5 -5960935509
12 20 6 -3875383404
12 20 7 2981373956
12 20 8 1020373782
12 20 9 622584363
12 20 10 -2639521702
12 20 11 -3316906354
12 20 12 2867383834
12 20 13 2201122170
12 20 14 -287798818
12 20 15 -3626854303
12 20 16 -4436960973
12 20 17 -166411929
12 20 18 -584666365
12 20 19 -1999219016
12 20 20 984238821
12 20 21 1184906642
12 20 22 1551154502
12 20 23 3130531071
12 21 0 3306668723
12 21 1 -5402608029
12 21 2 -4443122501
12 21 3 -1214707024
12 21 4 1574318328
12 21 5 2940246337
12 21 6 -2406888951
12 21 7 1742760147
12 21 8 41659431
12 21 9 -845293595
12 21 10 -93579540
12 21 11 2224284608
12 21 12 -2456633452
12 21 13 5939932690
12 21 14 1339900981
12 21 15 -3689630
12 21 16 -1173726147
12 21 17 -2432595359
12 21 18 -5170575784
12 21 19 2289430916
12 21 20 -1852496174
12 21 21 -3662231352
12 21 22 1568509633
12 21 23 -6634744783
12 22 0 -1816959205
12 22 1 1407072138
12 22 2 1802168821
12 22 3 -76920469
12 22 4 -1412211374
12 22 5 2104875275
12 22 6 250861446
12 22 7 -151943987
12 22 8 54380360
12 22 9 -2386894419
12 22 10 -348935246
12 22 11 -1650886847
12 22 12 554105500
12 22 13 6418739490
12 22 14 612068060
12 22 15 -237969515
12 22 16 1624225997
12 22 17 -3913711089
12 22 18 -4482601583
12 22 19 2909576422
12 22 20 3973457898
12 22 21 -433690090
12 22 22 3222050825
12 22 23 1185590108
12 23 0 3686132483
12 23 1 5472616820
12 23 2 1482386954
12 23 3 295115384
12 23 4 513284029
12 23 5 1421796033
12 23 6 2690107166
12 23 7 -923100196
12 23 8 -908857215
12 23 9 3346430710
12 23 10 -4853537862
12 23 11 1367506195
12 23 12 641862635
12 23 13 -555324053
12 23 14 1598343204
12 23 15 -2126110471
12 23 16 -71160701
12 23 17 -1138538043
12 23 18 -1182764186
12 23 19 2050538806
12 23 20 -1007809793
12 23 21 299865843
12 23 22 2717248374
12 23 23 666103819
13 0 0 2305031120
13 0 1 -6065931768
13 0 2 305832172
13 0 3 -2705574151
13 0 4 3176301258
13 0 5 -475266206
13 0 6 3755812961
13 0 7 3499548896
13 0 8 2004173409
13 0 9 2111449557
13 0 10 1296040055
13 0 11 1291942613
13 0 12 -1789263263
13 0 13 3942872481
13 0 14 2287144969
13 0 15 3486723108
13 0 16 3224401522
13 0 17 -2578426652
13 0 18 770977930
13 0 19 -7672887422
13 0 20 673355986
13 0 21 -557243030
13 0 22 2956715023
13 0 23 5418829661
13 1 0 -611846230
13 1 1 -4050527341
13 1 2 196032927
13 1 3 623460828
13 1 4 1245277384
13 1 5 4599064960
13 1 6 -2020413201
13 1 7 -1501003473
13 1 8 -3211652313
13 1 9 1353216974
13 1 10 -5294113095
13 1 11 -1616748496
13 1 12 -1070451735
13 1 13 2922822557
13 1 14 -2257505979
13 1 15 -739819503
13 1 16 701642829
13 1 17 -2046339643
13 1 18 3693763114
13 1 19 -1866366623
13 1 20 2860508307
13 1 21 232588483
13 1 22 -900741054
13 1 23 -1799523986
13 2 0 -4324259608
13 2 1 -1970673998
13 2 2 749211264
13 2 3 386752510
13 2 4 -880066768
13 2 5 -5530931567
13 2 6 1412311865
13 2 7 1458496019
13 2 8 -470642516
13 2 9 4975808156
13 2 10 292394172
13 2 11 -467605885
13 2 12 -2489952488
13 2 13 -668659408
13 2 14 -1363783683
13 2 15 2704019513
13 2 16 1870183831
13 2 17 -770554120
13 2 18 593379080
13 2 19 1004963044
13 2 20 1187873902
13 2 21 -1030197633
13 2 22 179030081
13 2 23 -910275441
13 3 0 -2560910453
13 3 1 3405736952
13 3 2 1183329930
13 3 3 437888212
13 3 4 852786796
13 3 5 2595629877
13 3 6 -420730444
13 3 7 -3873535025
13 3 8 -3483892784
13 3 9 1412478023
13 3 10 1169234349
13 3 11 -1995784461
13 3 12 -2990350165
13 3 13 6128877458
13 3 14 -472666155
13 3 15 1512434758
13 3 16 2991108743
13 3 17 -891819021
13 3 18 -3092295622
13 3 19 3375287498
13 3 20 287601239
13 3 21 -1927238202
13 3 22 2116379840
13 3 23 1995865070
13 4 0 3511713728
13 4 1 -1899829485
13 4 2 -595765232
13 4 3 -4762504646
13 4 4 2640445158
13 4 5 -1919829792
13 4 6 -1507654431
13 4 7 707530376
13 4 8 3620950868
13 4 9 512640701
13 4 10 -4670973477
13 4 11 2860838591
13 4 12 1995038847
13 4 13 994927760
13 4 14 -754392136
13 4 15 -715587905
13 4 16 3641204072
13 4 17 -1894579343
13 4 18 -936937282
13 4 19 4936252859
13 4 20 -360949426
13 4 21 6005321012
13 4 22 -5118558725
13 4 23 338364352
13 5 0 3131348336
13 5 1 -569377874
13 5 2 -931682614
13 5 3 2075564592
13 5 4 -329759671
13 5 5 470483983
13 5 6 1739570393
13 5 7 -2873764492
13 5 8 -1632712630
13 5 9 3301874448
13 5 10 -3981758894
13 5 11 -943967509
13 5 12 -1592354181
13 5 13 -4023721688
13 5 14 -440162080
13 5 15 364605877
13 5 16 640841265
13 5 17 2915606684
13 5 18 -423116812
13 5 19 -3540478704
13 5 20 -86739815
13 5 21 -2511930612
13 5 22 372392637
13 5 23 -975435156
13 6 0 3705001536
13 6 1 2567678817
13 6 2 1600364614
13 6 3 2341600992
13 6 4 -1575122254
13 6 5 2405611613
13 6 6 460871373
13 6 7 -912739237
13 6 8 -1690973557
13 6 9 -3944068547
13 6 10 -4723029853
13 6 11 -1181260746
13 6 12 873751004
13 6 13 19529509
13 6 14 2056806032
13 6 15 -1036212278
13 6 16 -1532545355
13 6 17 -2773680108
13 6 18 -1154087080
13 6 19 1511583544
13 6 20 -6480521766
13 6 21 3474217773
13 6 22 -4606648981
13 6 23 -2838472695
13 7 0 4519886023
13 7 1 146022617
13 7 2 2364816511
13 7 3 -2388221527
13 7 4 -463441812
13 7 5 -1745098598
13 7 6 187610048
13 7 7 1218823801
13 7 8 5331803965
13 7 9 -2457781866
13 7 10 3761040487
13 7 11 6831284636
13 7 12 2208487016
13 7 13 2399479889
13 7 14 631369857
13 7 15 -326174242
13 7 16 797148174
13 7 17 21717436
13 7 18 1189554585
13 7 19 3407724761
13 7 20 -2055861061
13 7 21 5030691632
13 7 22 -5723736800
13 7 23 -718223678
13 8 0 -1090915593
13 8 1 -252554642
13 8 2 262760680
13 8 3 -1951349105
13 8 4 864293836
13 8 5 -2072031183
13 8 6 823629905
13 8 7 -1162713273
13 8 8 2737294846
13 8 9 2495390019
13 8 10 -655191867
13 8 11 -3426860035
13 8 12 -668985519
13 8 13 2074191045
13 8 14 1434032161
13 8 15 -6917847155
13 8 16 3016160988
13 8 17 763213197
13 8 18 -131541796
13 8 19 -1501459200
13 8 20 2918512126
13 8 21 -107433495
13 8 22 1122388191
13 8 23 3165927635
13 9 0 -1735629711
13 9 1 -586218407
13 9 2 -2308520566
13 9 3 1475394734
13 9 4 -265901652
13 9 5 -4669593868
13 9 6 544645685
13 9 7 -266393282
13 9 8 3652925876
13 9 9 2138148843
13 9 10 383966443
13 9 11 -2057552047
13 9 12 -2439463040
13 9 13 1045540190
13 9 14 -6954256793
13 9 15 1869162846
13 9 16 -2842958804
13 9 17 -3287946953
13 9 18 -1358956253
13 9 19 778944612
13 9 20 7533529
13 9 21 -2252990206
13 9 22 4802001763
13 9 23 1568451008
13 10 0 50723925
13 10 1 -2736444362
13 10 2 -3916812447
13 10 3 -10536587
13 10 4 94881275
13 10 5 667935201
13 10 6 492653416
13 10 7 147273295
13 10 8 -1372090304
13 10 9 -1778844774
13 10 10 458486140
13 10 11 -2486432045
13 10 12 -1297315278
13 10 13 -4782016629
13 10 14 -2485322719
13 10 15 1865086605
13 10 16 -2212468221
13 10 17 -618721874
13 10 18 97271596
13 10 19 -4267776699
13 10 20 4326135045
13 10 21 -257813038
13 10 22 -586541179
13 10 23 2282940060
13 11 0 -564292630
13 11 1 3642885221
13 11 2 -1674843860
13 11 3 3572446656
13 11 4 1479760115
13 11 5 -2221137317
13 11 6 1390775168
13 11 7 745677022
13 11 8 110016214
13 11 9 -4463628536
13 11 10 1399483272
13 11 11 -2195844907
13 11 12 2372440599
13 11 13 1149868802
13 11 14 -227555616
13 11 15 -2112913656
13 11 16 -2285781889
13 11 17 -3103378453
13 11 18 -266790019
13 11 19 2682993846
13 11 20 -3000190761
13 11 21 340471112
13 11 22 -1452251184
13 11 23 -2295789141
13 12 0 1663917205
13 12 1 1369452067
13 12 2 263129142
13 12 3 1681077400
13 12 4 -5107604716
13 12 5 1381605024
13 12 6 -3708930134
13 12 7 2201342830
13 12 8 1242864027
13 12 9 380858285
13 12 10 1628002508
13 12 11 3249891613
13 12 12 2574695455
13 12 13 1284356783
13 12 14 1773716190
13 12 15 1692721104
13 12 16 2131130899
13 12 17 -791858150
13 12 18 -1327098522
13 12 19 2404600883
13 12 20 -1126396525
13 12 21 2220301545
13 12 22 -3109561585
13 12 23 -327182459
13 13 0 -3508293955
13 13 1 -5303090991
13 13 2 -186757354
13 13 3 -6270043582
13 13 4 -2168135116
13 13 5 2997603603
13 13 6 3112334291
13 13 7 3561540953
13 13 8 5165732159
13 13 9 -3335662804
13 13 10 -16469779
13 13 11 -2365466487
13 13 12 -398913619
13 13 13 -3275960961
13 13 14 -1076161024
13 13 15 -3067282070
13 13 16 -2641213521
13 13 17 -3107218577
13 13 18 -1670419955
13 13 19 880204442
13 13 20 1886072285
13 13 21 -766328767
13 13 22 -711628767
13 13 23 4225444917
13 14 0 -493281696
13 14 1 -1648002994
13 14 2 159248420
13 14 3 2577370416
13 14 4 4094024094
13 14 5 252429840
13 14 6 420389265
13 14 7 1196562095
13 14 8 -2708129701
13 14 9 -2795917307
13 14 10 -1718908235
13 14 11 -582943150
13 14 12 130456580
13 14 13 -2114566055
13 14 14 -4152881441
13 14 15 349262352
13 14 16 4152688890
13 14 17 -4114149913
13 14 18 -1042435162
13 14 19 3774923065
13 14 20 25190207
13 14 21 -1423393530
13 14 22 4675214491
13 14 23 -1912615288
13 15 0 -3626764107
13 15 1 -885087665
13 15 2 -2223471679
13 15 3 3922863942
13 15 4 1478667968
13 15 5 1337230204
13 15 6 724890636
13 15 7 -2454446280
13 15 8 -61001970
13 15 9 380005509
13 15 10 1693866158
13 15 11 2326543227
13 15 12 -2182091343
13 15 13 -684109699
13 15 14 -4033545978
13 15 15 1758130433
13 15 16 1821585597
13 15 17 84458760
13 15 18 2917868013
13 15 19 -3332133125
13 15 20 -4856783358
13 15 21 2812623833
13 15 22 -2034326177
13 15 23 72175178
13 16 0 -580702471
13 16 1 665946613
13 16 2 1142559683
13 16 3 1722478358
13 16 4 -1151703428
13 16 5 -355271257
13 16 6 -1766442946
13 16 7 888472254
13 16 8 1508035286
13 16 9 -1189107084
13 16 10 241637661
13 16 11 -2033985282
13 16 12 -568236581
13 16 13 1076246709
13 16 14 4492872137
13 16 15 746446597
13 16 16 296183771
13 16 17 -5403266833
13 16 18 -3054419837
13 16 19 1113913110
13 16 20 3770547664
13 16 21 -1008470650
13 16 22 -448057231
13 16 23 -3533966630
13 17 0 3924486563
13 17 1 5921863065
13 17 2 -633392871
13 17 3 -122503060
13 17 4 -803002497
13 17 5 290936673
13 17 6 2056648580
13 17 7 5754433278
13 17 8 1762278813
13 17 9 680533870
13 17 10 216410423
13 17 11 2837157496
13 17 12 -768321656
13 17 13 3173692245
13 17 14 -4014604378
13 17 15 -1779927491
13 17 16 -2771991206
13 17 17 -1791351433
13 17 18 -731857762
13 17 19 5176445490
13 17 20 921866170
13 17 21 -1468893588
13 17 22 4873190793
13 17 23 -515726536
13 18 0 -172315785
13 18 1 -936707575
13 18 2 -4097965039
13 18 3 2639992565
13 18 4 -2911615222
13 18 5 -4148071972
13 18 6 -4913684304
13 18 7 -6720978281
13 18 8 -925032805
13 18 9 3160951573
13 18 10 4629527857
13 18 11 2008241392
13 18 12 404489086
13 18 13 845861418
13 18 14 -2610118659
13 18 15 1310958231
13 18 16 -419971978
13 18 17 -4830601728
13 18 18 4622523221
13 18 19 -1155970336
13 18 20 -6876258750
13 18 21 -4885589748
13 18 22 -932730180
13 18 23 -418824827
13 19 0 -14652367
13 19 1 2973268202
13 19 2 3603709065
13 19 3 1674464865
13 19 4 -329399387
13 19 5 1539220389
13 19 6 3266059476
13 19 7 1921936646
13 19 8 -165337696
13 19 9 3199855043
13 19 10 -2953129595
13 19 11 -466198640
13 19 12 -2397310217
13 19 13 366593759
13 19 14 -601854237
13 19 15 5301677740
13 19 16 -186565592
13 19 17 2924431966
13 19 18 1017709705
13 19 19 3123742784
13 19 20 466487795
13 19 21 6892877779
13 19 22 -2114734251
13 19 23 3838589212
13 20 0 1028027607
13 20 1 -507503314
13 20 2 -3394427782
13 20 3 527779291
13 20 4 159891269
13 20 5 2052450378
13 20 6 798181008
13 20 7 374628229
13 20 8 -2074663840
13 20 9 982945886
13 20 10 -502535112
13 20 11 -54878916
13 20 12 542692061
13 20 13 3153014356
13 20 14 2826245144
13 20 15 3154510197
13 20 16 3935031148
13 20 17 -3825232724
13 20 18 -8099065296
13 20 19 -1922064433
13 20 20 1186846068
13 20 21 346107906
13 20 22 176782190
13 20 23 -2429635265
13 21 0 741702230
13 21 1 -1449093309
13 21 2 2859662050
13 21 3 369689303
13 21 4 2800069306
13 21 5 1978153233
13 21 6 -1988934592
13 21 7 354741665
13 21 8 1095638407
13 21 9 4209184429
13 21 10 479570529
13 21 11 -1994066384
13 21 12 -6950627386
13 21 13 617218041
13 21 14 -3793503491
13 21 15 603130206
13 21 16 1046780649
13 21 17 401149704
13 21 18 -1195818827
13 21 19 4455207873
13 21 20 -1706790176
13 21 21 -1690705489
13 21 22 -4578197098
13 21 23 -1757821484
13 22 0 -1975085389
13 22 1 3518219285
13 22 2 922319857
13 22 3 -1208895049
13 22 4 -1081589808
13 22 5 121298037
13 22 6 -5625922172
13 22 7 -3239731877
13 22 8 -2311240902
13 22 9 -1795887647
13 22 10 -3856936493
13 22 11 2327362757
13 22 12 110904100
13 22 13 2887679252
13 22 14 -227926054
13 22 15 -1512541486
13 22 16 188492329
13 22 17 -3835993504
13 22 18 122756284
13 22 19 3040523194
13 22 20 -148829937
13 22 21 5869791549
13 22 22 -1351678371
13 22 23 2758659453
13 23 0 3349271175
13 23 1 241902542
13 23 2 -1734978661
13 23 3 -2281846008
13 23 4 -500981495
13 23 5 1961788659
13 23 6 -448527649
13 23 7 2174766300
13 23 8 1157236986
13 23 9 1567281979
13 23 10 -336744416
13 23 11 2126961423
13 23 12 834663666
13 23 13 -3754905528
13 23 14 1445088737
13 23 15 -3209182780
13 23 16 1421683608
13 23 17 1258581419
13 23 18 2292499957
13 23 19 -1923194597
13 23 20 -5391961137
13 23 21 -1193619221
13 23 22 -2143386959
13 23 23 -724263498
14 0 0 158046824
14 0 1 -6596877292
14 0 2 1688294193
14 0 3 5804426731
14 0 4 273153653
14 0 5 -4381703354
14 0 6 915970769
14 0 7 2105664595
14 0 8 1031785900
14 0 9 -2870210002
14 0 10 4293607514
14 0 11 3649280019
14 0 12 211317532
14 0 13 -1789896141
14 0 14 6802558169
14 0 15 5043854678
14 0 16 459898763
14 0 17 3563921821
14 0 18 -2001712029
14 0 19 -5626542558
14 0 20 -2652574666
14 0 21 -2451051885
14 0 22 -3179244290
14 0 23 1928758292
14 1 0 -4399509333
14 1 1 -4709047852
14 1 2 -127415448
14 1 3 -1342555753
14 1 4 -1190619642
14 1 5 1898559764
14 1 6 -4435412952
14 1 7 -2413576871
14 1 8 2436655581
14 1 9 2673455522
14 1 10 519869080
14 1 11 -3888154796
14 1 12 -2463116905
14 1 13 -1304010103
14 1 14 865162255
14 1 15 886135149
14 1 16 195863431
14 1 17 -917005076
14 1 18 1606798431
14 1 19 4679269809
14 1 20 3984035012
14 1 21 1253332809
14 1 22 -83469560
14 1 23 816719730
14 2 0 -2842308305
14 2 1 -4954104842
14 2 2 849332010
14 2 3 -1687962616
14 2 4 -821591266
14 2 5 1732709179
14 2 6 -5092299226
14 2 7 -872701268
14 2 8 -737438857
14 2 9 -4554161060
14 2 10 -447315492
14 2 11 297614604
14 2 12 1821369359
14 2 13 -2841863919
14 2 14 1772817589
14 2 15 274377120
14 2 16 -2796702023
14 2 17 -1946464511
14 2 18 -626565681
14 2 19 -22904592
14 2 20 1080195052
14 2 21 -1251112562
14 2 22 -436784413
14 2 23 -714810915
14 3 0 -5631317864
14 3 1 -1386382347
14 3 2 -1064210837
14 3 3 2782574817
14 3 4 -482069148
14 3 5 -2957542697
14 3 6 500548670
14 3 7 4920442260
14 3 8 -2276056477
14 3 9 -2602178481
14 3 10 273861103
14 3 11 -2913616001
14 3 12 305809812
14 3 13 2775462102
14 3 14 6111858282
14 3 15 3603161917
14 3 16 -3207852430
14 3 17 1377633265
14 3 18 -4426840679
14 3 19 -4409263372
14 3 20 1754986579
14 3 21 1413518098
14 3 22 -885704964
14 3 23 -440909972
14 4 0 -740383877
14 4 1 478881103
14 4 2 86840946
14 4 3 -1480174436
14 4 4 -2044406345
14 4 5 -197997086
14 4 6 -1589925592
14 4 7 2191695619
14 4 8 5202766737
14 4 9 2660991906
14 4 10 -1948636326
14 4 11 -4904386441
14 4 12 194464247
14 4 13 3503364772
14 4 14 564321783
14 4 15 2490196986
14 4 16 854783681
14 4 17 -461505840
14 4 18 609284861
14 4 19 2654398779
14 4 20 -2129499514
14 4 21 3291138291
14 4 22 -1290902741
14 4 23 -5843802696
14 5 0 1163406479
14 5 1 13724640
14 5 2 1635862124
14 5 3 6358896414
14 5 4 5193272251
14 5 5 -4183878137
14 5 6 2987966299
14 5 7 2822484049
14 5 8 -731340984
14 5 9 2712599565
14 5 10 -3535319948
14 5 11 4281203524
14 5 12 -2082612470
14 5 13 -4164584676
14 5 14 -1747745188
14 5 15 1591766511
14 5 16 597505922
14 5 17 2411557886
14 5 18 3775051811
14 5 19 2089761180
14 5 20 1810233064
14 5 21 -2965755776
14 5 22 4528494928
14 5 23 1083561016
14 6 0 1736386187
14 6 1 5936736496
14 6 2 -3807971530
14 6 3 2304233798
14 6 4 1048909608
14 6 5 -1228070658
14 6 6 -620147517
14 6 7 -1556522756
14 6 8 -1279655944
14 6 9 2691127638
14 6 10 -1000424980
14 6 11 -1382412195
14 6 12 -414927240
14 6 13 7118444107
14 6 14 5416073061
14 6 15 714068974
14 6 16 -6337656492
14 6 17 -464813694
14 6 18 1603252314
14 6 19 -1593217140
14 6 20 -2026799178
14 6 21 -3682128446
14 6 22 -741916205
14 6 23 -2036143553
14 7 0 -2201457307
14 7 1 -2327993979
14 7 2 -3261424315
14 7 3 -1213940562
14 7 4 -3102998288
14 7 5 -4247790809
14 7 6 -1574699228
14 7 7 -1188815393
14 7 8 -1519759325
14 7 9 1979762132
14 7 10 2385404120
14 7 11 2623859380
14 7 12 3779515016
14 7 13 709263300
14 7 14 4134215044
14 7 15 4714060313
14 7 16 -4293723393
14 7 17 -260712591
14 7 18 819524166
14 7 19 2624207125
14 7 20 -2726135196
14 7 21 3079276603
14 7 22 -3178209369
14 7 23 -6634592093
14 8 0 -248419296
14 8 1 -1448042076
14 8 2 1233855179
14 8 3 -1295853906
14 8 4 -2202515525
14 8 5 844364151
14 8 6 2705538902
14 8 7 -3293243094
14 8 8 -2820752073
14 8 9 202993454
14 8 10 4792939554
14 8 11 1605420278
14 8 12 1351687988
14 8 13 -3395122182
14 8 14 1652450954
14 8 15 637327965
14 8 16 -2900390282
14 8 17 1628194428
14 8 18 1211669424
14 8 19 -465269808
14 8 20 2150228239
14 8 21 379839540
14 8 22 -2061498088
14 8 23 2442020102
14 9 0 1841304215
14 9 1 100905385
14 9 2 -544410360
14 9 3 -4549135395
14 9 4 1258961346
14 9 5 65940921
14 9 6 2225607577
14 9 7 97043959
14 9 8 942814585
14 9 9 1143441921
14 9 10 300142903
14 9 11 1734042589
14 9 12 -347928681
14 9 13 -2813924116
14 9 14 -2935132201
14 9 15 -880385278
14 9 16 3554148291
14 9 17 2017977728
14 9 18 539913915
14 9 19 -4467269287
14 9 20 -2745568699
14 9 21 -215442959
14 9 22 -1969546516
14 9 23 4222317046
14 10 0 110391344
14 10 1 -3557597880
14 10 2 -2410075104
14 10 3 -119691729
14 10 4 -1686466407
14 10 5 -1630747206
14 10 6 -700359691
14 10 7 2748058865
14 10 8 3487893623
14 10 9 -502200907
14 10 10 -6906042221
14 10 11 214808330
14 10 12 -1303944071
14 10 13 -2715860587
14 10 14 -6016636491
14 10 15 -1528645053
14 10 16 -1567182123
14 10 17 -1480130884
14 10 18 877918018
14 10 19 -5375764790
14 10 20 -636385900
14 10 21 2489461566
14 10 22 4060053371
14 10 23 2409308771
14 11 0 -2133491714
14 11 1 3102877759
14 11 2 -567364322
14 11 3 -2388502512
14 11 4 3170128660
14 11 5 -1826639683
14 11 6 -556219678
14 11 7 2393995120
14 11 8 1857115098
14 11 9 2164653279
14 11 10 -3636685906
14 11 11 -2293113758
14 11 12 1630368879
14 11 13 749167626
14 11 14 -1992653326
14 11 15 1703977294
14 11 16 2504450120
14 11 17 685903502
14 11 18 109431379
14 11 19 -1591512019
14 11 20 1619191775
14 11 21 2309141489
14 11 22 1029974
14 11 23 1696586420
14 12 0 -1370278088
14 12 1 -3991301975
14 12 2 -575199784
14 12 3 -89074658
14 12 4 -1674888182
14 12 5 -1159424535
14 12 6 -445694523
14 12 7 -2824572881
14 12 8 -3112834077
14 12 9 468894117
14 12 10 1469163353
14 12 11 -2850365855
14 12 12 3936510482
14 12 13 1619276788
14 12 14 656185938
14 12 15 4105404632
14 12 16 3350975661
14 12 17 1175196880
14 12 18 2997489941
14 12 19 6702148036
14 12 20 9314281
14 12 21 770627308
14 12 22 38943547
14 12 23 827816734
14 13 0 -2409091596
14 13 1 -3341861496
14 13 2 634319438
14 13 3 -4065648234
14 13 4 -5524767114
14 13 5 2217101963
14 13 6 3850217470
14 13 7 -1855596308
14 13 8 560644234
14 13 9 -2191390390
14 13 10 -4749595760
14 13 11 -2896081852
14 13 12 1023740246
14 13 13 -2935451826
14 13 14 -3715330358
14 13 15 -5897535179
14 13 16 -518779928
14 13 17 -408510213
14 13 18 2857064510
14 13 19 -2639096812
14 13 20 -828614038
14 13 21 5428018065
14 13 22 -1005976546
14 13 23 -4417190132
14 14 0 -4153308817
14 14 1 2408884268
14 14 2 6532541627
14 14 3 2993552054
14 14 4 2734207565
14 14 5 -396949301
14 14 6 727658002
14 14 7 303023756
14 14 8 3622549446
14 14 9 -2599824641
14 14 10 -3182960191
14 14 11 -4115772877
14 14 12 344853415
14 14 13 -3454389076
14 14 14 -3610078637
14 14 15 -2203529366
14 14 16 -902066968
14 14 17 649826422
14 14 18 663583580
14 14 19 1328864262
14 14 20 -429463273
14 14 21 -4421165814
14 14 22 1377028581
14 14 23 -195777933
14 15 0 -6664845261
14 15 1 -644747074
14 15 2 4039189340
14 15 3 2714209526
14 15 4 4355669261
14 15 5 1188419232
14 15 6 874270282
14 15 7 -946613501
14 15 8 -1538088876
14 15 9 1701981361
14 15 10 -429536950
14 15 11 4293347777
14 15 12 4929189599
14 15 13 955430185
14 15 14 -188610930
14 15 15 -148057501
14 15 16 768746328
14 15 17 1015870057
14 15 18 -6639020
14 15 19 3688575031
14 15 20 -5449641144
14 15 21 -4785565
14 15 22 -1595158560
14 15 23 -332904274
14 16 0 -3179232809
14 16 1 -5495652483
14 16 2 -2899811024
14 16 3 -409905462
14 16 4 -1662071760
14 16 5 2494195643
14 16 6 -2111101514
14 16 7 1530655205
14 16 8 1004799757
14 16 9 1668804494
14 16 10 -231816108
14 16 11 -2293619232
14 16 12 3945117164
14 16 13 -1168677768
14 16 14 1210417473
14 16 15 -3413721397
14 16 16 -977836185
14 16 17 -3417987444
14 16 18 -3153700251
14 16 19 -5550725921
14 16 20 790834446
14 16 21 3953656740
14 16 22 -5982951312
14 16 23 -1502354304
14 17 0 3113483251
14 17 1 6995069547
14 17 2 -1341673294
14 17 3 -3953789936
14 17 4 -3746677823
14 17 5 2865839418
14 17 6 585467384
14 17 7 1572647487
14 17 8 -2414568275
14 17 9 -1048926550
14 17 10 -4420000643
14 17 11 -143154795
14 17 12 -621719476
14 17 13 -1871580560
14 17 14 4073059692
14 17 15 -1456913124
14 17 16 27364009
14 17 17 -2745642081
14 17 18 1909812257
14 17 19 3557220675
14 17 20 -1137846971
14 17 21 -1833488768
14 17 22 330042996
14 17 23 654070128
14 18 0 -205339459
14 18 1 3516455708
14 18 2 1686737467
14 18 3 787802683
14 18 4 -3035819971
14 18 5 -2311333378
14 18 6 1682178466
14 18 7 -1002528815
14 18 8 3555891311
14 18 9 -2795529927
14 18 10 342058641
14 18 11 -2641150859
14 18 12 -1220033755
14 18 13 296887402
14 18 14 -1785089745
14 18 15 -428434879
14 18 16 -476469530
14 18 17 -5848314116
14 18 18 3672144061
14 18 19 8020506286
14 18 20 -946042698
14 18 21 -4573206870
14 18 22 -4215579136
14 18 23 -1859198719
14 19 0 646977943
14 19 1 -1394401719
14 19 2 1013719886
14 19 3 2380140220
14 19 4 5016959952
14 19 5 -1844162509
14 19 6 998081596
14 19 7 2204739599
14 19 8 2699834231
14 19 9 886526934
14 19 10 -867612121
14 19 11 -2226516440
14 19 12 64754535
14 19 13 3278266109
14 19 14 -3617255605
14 19 15 4277078419
14 19 16 7622881086
14 19 17 4181465475
14 19 18 970891681
14 19 19 1954183542
14 19 20 -3348753806
14 19 21 519296452
14 19 22 2476050180
14 19 23 90364309
14 20 0 1709607720
14 20 1 2854595095
14 20 2 -648640804
14 20 3 -3826938775
14 20 4 381070116
14 20 5 -4022689734
14 20 6 -5045261052
14 20 7 1829000351
14 20 8 6087141455
14 20 9 4831173031
14 20 10 -6243705871
14 20 11 -2493749064
14 20 12 -2856762952
14 20 13 1255385793
14 20 14 -1769749600
14 20 15 2515963974
14 20 16 2246611618
14 20 17 5135091856
14 20 18 -1324080291
14 20 19 -3829025718
14 20 20 1196150515
14 20 21 1311989105
14 20 22 2443456313
14 20 23 5181019584
14 21 0 6837600825
14 21 1 3229559563
14 21 2 -5817569941
14 21 3 -5760883882
14 21 4 4796377005
14 21 5 1538304682
14 21 6 -5578453378
14 21 7 -2039489738
14 21 8 -3712119330
14 21 9 1013455800
14 21 10 278789704
14 21 11 -896729074
14 21 12 -2879168465
14 21 13 -2308354187
14 21 14 -1600009126
14 21 15 370241055
14 21 16 -2503191996
14 21 17 -1485819324
14 21 18 -2169644853
14 21 19 3215540104
14 21 20 417945473
14 21 21 -2684390231
14 21 22 786803994
14 21 23 -1654377481
14 22 0 -1800269591
14 22 1 -217464386
14 22 2 735909601
14 22 3 -1555777892
14 22 4 -2844393212
14 22 5 3104453359
14 22 6 -2689060901
14 22 7 262408272
14 22 8 1623263207
14 22 9 -3988565424
14 22 10 877093503
14 22 11 2260664357
14 22 12 -828815975
14 22 13 4164480612
14 22 14 1877903702
14 22 15 748188960
14 22 16 -3071599772
14 22 17 -756074594
14 22 18 -2661249261
14 22 19 3235242032
14 22 20 1996310003
14 22 21 -4137876855
14 22 22 -3483399735
14 22 23 -1044858038
14 23 0 -866656968
14 23 1 3944017845
14 23 2 -256905015
14 23 3 -464982828
14 23 4 -44863539
14 23 5 -1220383136
14 23 6 2826248674
14 23 7 2742961346
14 23 8 -1003768936
14 23 9 -559806462
14 23 10 -3746572099
14 23 11 -134482051
14 23 12 -2277958183
14 23 13 -1771024766
14 23 14 368814449
14 23 15 -4295329911
14 23 16 350675128
14 23 17 3220732835
14 23 18 -2559770887
14 23 19 -171289429
14 23 20 -645595579
14 23 21 3124553518
14 23 22 -2641677294
14 23 23 -2013304071
15 0 0 1448090732
15 0 1 -2532613861
15 0 2 -1288508052
15 0 3 -2130133868
15 0 4 2793648007
15 0 5 -132273704
15 0 6 1015714812
15 0 7 3359304249
15 0 8 404259601
15 0 9 -1534600883
15 0 10 2476932584
15 0 11 -882732213
15 0 12 -1823419986
15 0 13 -2180324229
15 0 14 5366747828
15 0 15 2911935813
15 0 16 386428734
15 0 17 1306598229
15 0 18 3176448823
15 0 19 1508197658
15 0 20 3708748247
15 0 21 -517152891
15 0 22 7127675866
15 0 23 4809775237
15 1 0 459598333
15 1 1 -4831455668
15 1 2 -3395843876
15 1 3 -1269742451
15 1 4 1588094043
15 1 5 668569258
15 1 6 488148652
15 1 7 -2442940489
15 1 8 -6203930241
15 1 9 -214851767
15 1 10 79114927
15 1 11 -2093927517
15 1 12 -4165811604
15 1 13 -1651208252
15 1 14 3393977482
15 1 15 935749378
15 1 16 -3867702626
15 1 17 2129568665
15 1 18 432935583
15 1 19 5181024100
15 1 20 -3550521766
15 1 21 582021976
15 1 22 -1014525964
15 1 23 245412975
15 2 0 -3761295205
15 2 1 -2426506271
15 2 2 -2699866767
15 2 3 651255243
15 2 4 -1285905448
15 2 5 -657153625
15 2 6 -3780533853
15 2 7 -4693262681
15 2 8 -273034369
15 2 9 -536259267
15 2 10 3908034480
15 2 11 444119795
15 2 12 434464373
15 2 13 -344478988
15 2 14 2119757755
15 2 15 -2025723187
15 2 16 -591651907
15 2 17 1346034236
15 2 18 1425253718
15 2 19 -389617476
15 2 20 2070537586
15 2 21 1763883630
15 2 22 462754795
15 2 23 -4198064235
15 3 0 -1129085036
15 3 1 -695853478
15 3 2 1139925635
15 3 3 -853913825
15 3 4 -1772574613
15 3 5 2266227047
15 3 6 2138082578
15 3 7 -3309645893
15 3 8 2188429478
15 3 9 621877008
15 3 10 -62675382
15 3 11 2809789538
15 3 12 -4244013009
15 3 13 2065554045
15 3 14 -742119174
15 3 15 -574704982
15 3 16 -754536836
15 3 17 245067898
15 3 18 -763144917
15 3 19 -2731085688
15 3 20 78654240
15 3 21 1593573777
15 3 22 -5070220263
15 3 23 -1679714101
15 4 0 2896239881
15 4 1 1065353515
15 4 2 -3533424113
15 4 3 1651508065
15 4 4 1010460700
15 4 5 -3488957886
15 4 6 -963199731
15 4 7 2262602170
15 4 8 -2291367977
15 4 9 4901640934
15 4 10 -2674030616
15 4 11 -2433857651
15 4 12 -918762406
15 4 13 261561246
15 4 14 -3178731207
15 4 15 4127764128
15 4 16 -699127480
15 4 17 6831843096
15 4 18 2768482630
15 4 19 -2051148414
15 4 20 5217134079
15 4 21 673137953
15 4 22 -182460844
15 4 23 -4183839864
15 5 0 239168026
15 5 1 -5306847161
15 5 2 385162448
15 5 3 5147438593
15 5 4 1635509426
15 5 5 -3876389891
15 5 6 3305396097
15 5 7 -236799327
15 5 8 1874121074
15 5 9 4804852640
15 5 10 -3571447909
15 5 11 1238399951
15 5 12 -2715586122
15 5 13 -950619986
15 5 14 -817470875
15 5 15 641255345
15 5 16 1238485350
15 5 17 866847193
15 5 18 1947760681
15 5 19 -1387094184
15 5 20 1466553562
15 5 21 3859493869
15 5 22 3147452906
15 5 23 1942366426
15 6 0 5069491930
15 6 1 219811903
15 6 2 -5619358205
15 6 3 6437955202
15 6 4 -1030863158
15 6 5 -6348100848
15 6 6 -3363004878
15 6 7 1814203492
15 6 8 -537763100
15 6 9 2535119657
15 6 10 -1772750208
15 6 11 -3314355712
15 6 12 4912179406
15 6 13 3921046966
15 6 14 -1073916360
15 6 15 431056358
15 6 16 131846525
15 6 17 1933511943
15 6 18 -1271048604
15 6 19 -3436158697
15 6 20 2086620203
15 6 21 -3243048031
15 6 22 2949462880
15 6 23 -2269644705
15 7 0 688540993
15 7 1 33956049
15 7 2 -1109711883
15 7 3 1623375011
15 7 4 2670464915
15 7 5 -3953081844
15 7 6 -985024055
15 7 7 -349727159
15 7 8 302853288
15 7 9 2903998054
15 7 10 -919445172
15 7 11 -1439494885
15 7 12 -798145026
15 7 13 1247852786
15 7 14 1419533383
15 7 15 -46047793
15 7 16 -3615991485
15 7 17 978771057
15 7 18 1869127766
15 7 19 990918050
15 7 20 1254910272
15 7 21 -2144548539
15 7 22 -1396165293
15 7 23 544050608
15 8 0 -2185650609
15 8 1 843430033
15 8 2 -3972315529
15 8 3 1647365605
15 8 4 5774127596
15 8 5 -2308838768
15 8 6 1771238462
15 8 7 -925652104
15 8 8 -1677296181
15 8 9 873514078
15 8 10 1210309108
15 8 11 316001353
15 8 12 -4539812817
15 8 13 2446295550
15 8 14 4159947149
15 8 15 2708505245
15 8 16 -1970675272
15 8 17 -515519518
15 8 18 -1870433575
15 8 19 2878530615
15 8 20 -307653513
15 8 21 1329762881
15 8 22 -4288643006
15 8 23 -114306959
15 9 0 2564750734
15 9 1 -4982268115
15 9 2 393757820
15 9 3 3815830073
15 9 4 1599320209
15 9 5 1560774226
15 9 6 4547110370
15 9 7 -2700918947
15 9 8 -5338018539
15 9 9 -2450640869
15 9 10 368375192
15 9 11 3749118827
15 9 12 74382366
15 9 13 -811583226
15 9 14 -2237657168
15 9 15 1454709268
15 9 16 -1982785053
15 9 17 -1918602278
15 9 18 -3093606349
15 9 19 -1269780622
15 9 20 390515887
15 9 21 -1993291907
15 9 22 2002358217
15 9 23 2990153683
15 10 0 -1549870854
15 10 1 2137862282
15 10 2 1495361587
15 10 3 -1358027660
15 10 4 340463807
15 10 5 -229036541
15 10 6 5039975646
15 10 7 -733068391
15 10 8 -1388395885
15 10 9 -3993110320
15 10 10 587861484
15 10 11 2664756711
15 10 12 -1057703341
15 10 13 -1193238061
15 10 14 784324375
15 10 15 2446495385
15 10 16 -2620519498
15 10 17 -1209999181
15 10 18 3112048186
15 10 19 2408977755
15 10 20 -1236599505
15 10 21 1306382933
15 10 22 -3929320164
15 10 23 1688284662
15 11 0 2611223011
15 11 1 3264358501
15 11 2 1219244645
15 11 3 -1527651795
15 11 4 1250426983
15 11 5 1292936203
15 11 6 -5918715689
15 11 7 -3330318930
15 11 8 2262231597
15 11 9 3295776940
15 11 10 -532324082
15 11 11 3722125002
15 11 12 3505327259
15 11 13 -2826928334
15 11 14 3145497353
15 11 15 -1928406465
15 11 16 -115666362
15 11 17 -1662989249
15 11 18 1881374406
15 11 19 679091526
15 11 20 -277895801
15 11 21 1576228230
15 11 22 1301952097
15 11 23 2514214380
15 12 0 -2990972469
15 12 1 1880556630
15 12 2 -615759852
15 12 3 779622792
15 12 4 3754994663
15 12 5 903927804
15 12 6 -5298915438
15 12 7 -3526661291
15 12 8 -2699335181
15 12 9 -4492050510
15 12 10 2578689743
15 12 11 -238040247
15 12 12 91354918
15 12 13 -3460088353
15 12 14 1666408399
15 12 15 -2672754869
15 12 16 1158442363
15 12 17 1637930197
15 12 18 -3352845198
15 12 19 -1580803597
15 12 20 -6512457599
15 12 21 -3377621494
15 12 22 4529378690
15 12 23 1496283169
15 13 0 -3017647024
15 13 1 1390783516
15 13 2 -1160902681
15 13 3 -4458511742
15 13 4 -1822830850
15 13 5 -504525310
15 13 6 -2170274750
15 13 7 -464760651
15 13 8 2674080550
15 13 9 -1048859559
15 13 10 -2275132427
15 13 11 -3896749414
15 13 12 -41735411
15 13 13 -4658896260
15 13 14 749464760
15 13 15 -2218615610
15 13 16 2759726254
15 13 17 1802318906
15 13 18 -3562901770
15 13 19 2725963770
15 13 20 1286955125
15 13 21 142809215
15 13 22 -32338855
15 13 23 1505128201
15 14 0 -207083706
15 14 1 3765303761
15 14 2 2929285001
15 14 3 1289752981
15 14 4 -1917491572
15 14 5 372806903
15 14 6 1633384290
15 14 7 4407046839
15 14 8 -690805482
15 14 9 77220537
15 14 10 -867221767
15 14 11 -1183304028
15 14 12 -2869792873
15 14 13 -1215473052
15 14 14 1190286085
15 14 15 -3013762724
15 14 16 2359518446
15 14 17 1704836741
15 14 18 -3765937384
15 14 19 2246854409
15 14 20 1097425924
15 14 21 6217773
15 14 22 3806393648
15 14 23 949705959
15 15 0 1093455853
15 15 1 -447485719
15 15 2 1218230767
15 15 3 1322332460
15 15 4 514705106
15 15 5 -192432607
15 15 6 -1140222391
15 15 7 -146077892
15 15 8 769043048
15 15 9 1837119409
15 15 10 -1777551901
15 15 11 3142909056
15 15 12 3064158859
15 15 13 -1804378075
15 15 14 1932362337
15 15 15 -3524525410
15 15 16 1901248443
15 15 17 -3638927329
15 15 18 1153338775
15 15 19 1358298913
15 15 20 -6142733567
15 15 21 -1952776455
15 15 22 267350090
15 15 23 -1561150026
15 16 0 -2583702020
15 16 1 -5494268836
15 16 2 -2749840998
15 16 3 5078582439
15 16 4 1735701841
15 16 5 3579971453
15 16 6 -6705288936
15 16 7 1295760465
15 16 8 -536254059
15 16 9 1645665111
15 16 10 -3700794877
15 16 11 -929239506
15 16 12 500295143
15 16 13 227182256
15 16 14 -322376217
15 16 15 -1193418384
15 16 16 3173918507
15 16 17 -444619495
15 16 18 1326948558
15 16 19 24251146
15 16 20 -659906715
15 16 21 97056642
15 16 22 -1859845658
15 16 23 4826427801
15 17 0 1127300330
15 17 1 -1883772023
15 17 2 -610060650
15 17 3 2568996675
15 17 4 -1869489522
15 17 5 -3337335642
15 17 6 2033782538
15 17 7 -4171567440
15 17 8 260098661
15 17 9 990705386
15 17 10 -2534989830
15 17 11 -1154330749
15 17 12 787597525
15 17 13 169533152
15 17 14 -391216346
15 17 15 1476735500
15 17 16 -2178574552
15 17 17 -1798165015
15 17 18 -4000783876
15 17 19 -1023177480
15 17 20 -3165328527
15 17 21 3174754929
15 17 22 -4614488588
15 17 23 983507679
15 18 0 1878190812
15 18 1 -1357946791
15 18 2 1433503012
15 18 3 -3321440410
15 18 4 -662641596
15 18 5 118710137
15 18 6 1354077615
15 18 7 178391411
15 18 8 -3984243348
15 18 9 -2975687062
15 18 10 -562864737
15 18 11 2668152688
15 18 12 4231285250
15 18 13 351500159
15 18 14 69884357
15 18 15 3661291660
15 18 16 3407443505
15 18 17 -1634852128
15 18 18 2530346060
15 18 19 1809905061
15 18 20 1137894419
15 18 21 -2529753828
15 18 22 -466669329
15 18 23 613747451
15 19 0 -1974632675
15 19 1 3371019881
15 19 2 719861314
15 19 3 5952970200
15 19 4 -3409167870
15 19 5 -1733711630
15 19 6 4381207945
15 19 7 3190557700
15 19 8 491342127
15 19 9 1226870099
15 19 10 -1511326284
15 19 11 2439029230
15 19 12 16819238
15 19 13 -5490387113
15 19 14 -5080462064
15 19 15 4326283073
15 19 16 -225579544
15 19 17 -1775398771
15 19 18 -3923495064
15 19 19 3114445846
15 19 20 235256162
15 19 21 845464285
15 19 22 -3893625341
15 19 23 2339049280
15 20 0 3905239065
15 20 1 -5346441857
15 20 2 2741625838
15 20 3 -727293566
15 20 4 529086015
15 20 5 -957043872
15 20 6 -854202936
15 20 7 3461113213
15 20 8 -1895605645
15 20 9 80937945
15 20 10 -664275820
15 20 11 -5344724043
15 20 12 753240576
15 20 13 826360817
15 20 14 1653996469
15 20 15 247152659
15 20 16 3507732215
15 20 17 2376828178
15 20 18 -3929109496
15 20 19 927808807
15 20 20 2518361348
15 20 21 -231991520
15 20 22 2932463940
15 20 23 -1730123756
15 21 0 4126284463
15 21 1 -3483226471
15 21 2 -3020032957
15 21 3 5784283698
15 21 4 -2061120243
15 21 5 2729139749
15 21 6 -2345489348
15 21 7 -59637292
15 21 8 2000499808
15 21 9 2083986811
15 21 10 100608420
15 21 11 625901136
15 21 12 -1645304425
15 21 13 2882367002
15 21 14 -3623722988
15 21 15 -3340372925
15 21 16 4039085389
15 21 17 5483487543
15 21 18 2303353055
15 21 19 -2237549163
15 21 20 -745426423
15 21 21 84448153
15 21 22 98825007
15 21 23 67302913
15 22 0 5336749450
15 22 1 -2013520696
15 22 2 4598443975
15 22 3 -2778108099
15 22 4 -747596293
15 22 5 2497060767
15 22 6 821546847
15 22 7 3723163984
15 22 8 -4503053995
15 22 9 -1837120934
15 22 10 -3678303896
15 22 11 -2667215966
15 22 12 -836195326
15 22 13 4963330539
15 22 14 66189354
15 22 15 -3809846975
15 22 16 2143152428
15 22 17 2326270642
15 22 18 -4399598870
15 22 19 3033818829
15 22 20 1399132351
15 22 21 -2228101174
15 22 22 -1243794191
15 22 23 -3251554381
15 23 0 -3297335183
15 23 1 -3503432159
15 23 2 1088145365
15 23 3 301897490
15 23 4 -8655133461
15 23 5 1397553282
15 23 6 2152468078
15 23 7 -1260926831
15 23 8 -2494208947
15 23 9 -1022790450
15 23 10 -579560735
15 23 11 1670145667
15 23 12 -643308489
15 23 13 3221582707
15 23 14 -1114255212
15 23 15 -4190895592
15 23 16 5609434736
15 23 17 -3456305671
15 23 18 -1046492867
15 23 19 524946868
15 23 20 630345852
15 23 21 -306257439
15 23 22 158208723
15 23 23 2259959153
