# cycle och pass data
59 0 0 28991029248
60 1 0 3301638144
61 2 0 4089348096
62 3 0 3633774592
63 4 0 620232704
64 5 0 -3358687232
65 6 0 -2333802496
66 7 0 -10047881216
67 8 0 1307377664
68 9 0 760152064
69 10 0 2087223296
70 11 0 -4349558784
71 12 0 -1685848064
72 13 0 1794048000
73 14 0 -3206643712
74 15 0 -125665280
79 0 0 18150522880
80 1 0 3925213645
81 2 0 5511413850
82 3 0 1791444327
83 4 0 -1055125131
84 5 0 -2536974999
85 6 0 2933434625
86 7 0 -6869760177
87 8 0 -854823764
88 9 0 -968135835
89 10 0 280119298
90 11 0 -1624691383
91 12 0 -4610597365
92 13 0 -2134841483
93 14 0 -2945306961
94 15 0 -2137163369
99 0 0 10941333504
100 1 0 5011114534
101 2 0 2722031034
102 3 0 1755029462
103 4 0 653366625
104 5 0 -129564301
105 6 0 -1280347121
106 7 0 -5394631495
107 8 0 986430914
108 9 0 14035640
109 10 0 -625259898
110 11 0 -3665422953
111 12 0 -1580986100
112 13 0 2593053352
113 14 0 -569896815
114 15 0 355718475
119 0 0 1717665792
120 1 0 1981433299
121 2 0 2542048158
122 3 0 -3635795180
123 4 0 -1692583040
124 5 0 655973041
125 6 0 186539129
126 7 0 -2140181083
127 8 0 1757668890
128 9 0 -973578991
129 10 0 -2463845052
130 11 0 -402534968
131 12 0 -1108611466
132 13 0 -836691506
133 14 0 -103310450
134 15 0 459062847
139 0 0 7226228736
140 1 0 1774646805
141 2 0 1361552303
142 3 0 1813621158
143 4 0 -461868264
144 5 0 266877075
145 6 0 -4306797067
146 7 0 -4820276146
147 8 0 -227890309
148 9 0 1253408853
149 10 0 253169460
150 11 0 -3793971792
151 12 0 1080288846
152 13 0 3927407361
153 14 0 -180319719
154 15 0 1126750996
159 0 0 5917081600
160 1 0 674671977
161 2 0 2132505950
162 3 0 -690389292
163 4 0 -115700897
164 5 0 -1653038663
165 6 0 -1437789392
166 7 0 -3030600192
167 8 0 1615026782
168 9 0 -402663987
169 10 0 -1726816457
170 11 0 -2152208362
171 12 0 -2821389837
172 13 0 -1495312364
173 14 0 -2475160629
174 15 0 -2246876487
179 0 0 9038659584
180 1 0 -696360650
181 2 0 1595910711
182 3 0 1495401751
183 4 0 -43353469
184 5 0 -1475460320
185 6 0 -1964737941
186 7 0 -1287908187
187 8 0 -159127015
188 9 0 -1091004262
189 10 0 1463822968
190 11 0 -2187317115
191 12 0 -721554220
192 13 0 2413836105
193 14 0 -1703768860
194 15 0 277325242
199 0 0 8944680960
200 1 0 -1813126775
201 2 0 1111512451
202 3 0 2679667973
203 4 0 864084192
204 5 0 265350960
205 6 0 -362664509
206 7 0 -3693123266
207 8 0 199820992
208 9 0 879609593
209 10 0 202685364
210 11 0 -2210096267
211 12 0 -1032276940
212 13 0 2746328727
213 14 0 74940657
214 15 0 2807994056
219 0 0 5664669696
220 1 0 960417259
221 2 0 5042849455
222 3 0 1442559002
223 4 0 -268888897
224 5 0 -1830157994
225 6 0 1645694896
226 7 0 -1574763834
227 8 0 -2048571081
228 9 0 -1426865411
229 10 0 -1272284561
230 11 0 -1026450271
231 12 0 -997744666
232 13 0 -1440114646
233 14 0 -699364846
234 15 0 -137681312
239 0 0 1775075328
240 1 0 -645282941
241 2 0 43110968
242 3 0 1911929961
243 4 0 932193267
244 5 0 -325395350
245 6 0 -2792274227
246 7 0 -354261093
247 8 0 133124192
248 9 0 1176955375
249 10 0 1484241525
250 11 0 -29732534
251 12 0 -1979974115
252 13 0 1483623703
253 14 0 -1242976755
254 15 0 -3328843371
259 0 0 -2892824576
260 1 0 -2761467564
261 2 0 -1401808928
262 3 0 897343580
263 4 0 1453019528
264 5 0 -1227797471
265 6 0 -2822841852
266 7 0 3126886542
267 8 0 1598488499
268 9 0 -3115395039
269 10 0 4203689775
270 11 0 638415898
271 12 0 1132522573
272 13 0 3178706188
273 14 0 857958125
274 15 0 1163398040
279 0 0 1420099584
280 1 0 -734753988
281 2 0 -339816326
282 3 0 5799161070
283 4 0 4412562945
284 5 0 -2913131411
285 6 0 2319022417
286 7 0 -1504071979
287 8 0 -1231864131
288 9 0 2678373297
289 10 0 1027774761
290 11 0 340487271
291 12 0 -617129383
292 13 0 2680963916
293 14 0 1507062144
294 15 0 2802968122
299 0 0 -248676352
300 1 0 -2705806760
301 2 0 2077226321
302 3 0 2310011697
303 4 0 1307765411
304 5 0 -3206395911
305 6 0 -954367554
306 7 0 836043810
307 8 0 -384809823
308 9 0 1418174194
309 10 0 1959801556
310 11 0 -1381020759
311 12 0 -431711272
312 13 0 1226411932
313 14 0 -1077104952
314 15 0 838774990
319 0 0 -159285248
320 1 0 -1596485337
321 2 0 -1516273901
322 3 0 -1317480482
323 4 0 1426033060
324 5 0 -1188122221
325 6 0 -546195353
326 7 0 3596768849
327 8 0 1610350490
328 9 0 -1695428674
329 10 0 4657302702
330 11 0 2429072459
331 12 0 -2323305481
332 13 0 2540196840
333 14 0 -862062921
334 15 0 -2805657345
339 0 0 -3497984000
340 1 0 -148350227
341 2 0 -1050468200
342 3 0 1044532250
343 4 0 -1134609743
344 5 0 -596901180
345 6 0 -334095562
346 7 0 1767529221
347 8 0 -540790313
348 9 0 -1571769224
349 10 0 -718192128
350 11 0 1968024541
351 12 0 -2456237036
352 13 0 1795428778
353 14 0 4535726332
354 15 0 2021859986
359 0 0 1283555328
360 1 0 -1103986879
361 2 0 -1727929968
362 3 0 1515960927
363 4 0 65046985
364 5 0 -3718508629
365 6 0 -2736225569
366 7 0 -576425696
367 8 0 -2696940939
368 9 0 5307065799
369 10 0 47326595
370 11 0 -3315351733
371 12 0 1351378729
372 13 0 3594430733
373 14 0 3254694427
374 15 0 2872870677
379 0 0 878903296
380 1 0 -1342312039
381 2 0 -1890418658
382 3 0 971064139
383 4 0 649014607
384 5 0 338504348
385 6 0 -1265318856
386 7 0 -1922734021
387 8 0 173166362
388 9 0 3792476547
389 10 0 552672726
390 11 0 918778054
391 12 0 296116786
392 13 0 114619317
393 14 0 115035822
394 15 0 112654013
399 0 0 -2843607040
400 1 0 318660916
401 2 0 -472686778
402 3 0 -1058804768
403 4 0 -1472098749
404 5 0 -1347581461
405 6 0 2264122465
406 7 0 2896706279
407 8 0 -3671461187
408 9 0 -2746631533
409 10 0 -395971249
410 11 0 3984877018
411 12 0 -699327841
412 13 0 -1815373077
413 14 0 1378587086
414 15 0 -208926150
419 0 0 -4496097280
420 1 0 -22118941
421 2 0 -1714839592
422 3 0 -718501211
423 4 0 1043006710
424 5 0 -356639543
425 6 0 1316444171
426 7 0 1822299614
427 8 0 559688245
428 9 0 4315604006
429 10 0 438973782
430 11 0 -915389768
431 12 0 167455590
432 13 0 3141730815
433 14 0 2331260253
434 15 0 447485945
439 0 0 -3894706176
440 1 0 1093981939
441 2 0 -554852540
442 3 0 2336379193
443 4 0 1080086051
444 5 0 639766347
445 6 0 -1588123813
446 7 0 -1198777901
447 8 0 24206464
448 9 0 -2535191310
449 10 0 -4919757383
450 11 0 915247810
451 12 0 1515888640
452 13 0 -5710837068
453 14 0 -1851230017
454 15 0 270153861
459 0 0 2035810304
460 1 0 -675573724
461 2 0 2143249464
462 3 0 303207954
463 4 0 1045832028
464 5 0 614522138
465 6 0 2742342960
466 7 0 2123460612
467 8 0 4589080004
468 9 0 -458104148
469 10 0 -1557978175
470 11 0 -2173586463
471 12 0 -2662347534
472 13 0 -638190959
473 14 0 -3078081450
474 15 0 3519406558
479 0 0 3181084672
480 1 0 291947900
481 2 0 2646193053
482 3 0 -3008090719
483 4 0 -1656448469
484 5 0 473974103
485 6 0 1883547205
486 7 0 -257347620
487 8 0 -1376070359
488 9 0 -2331440934
489 10 0 -1390889092
490 11 0 -152191447
491 12 0 -1286982198
492 13 0 -74416392
493 14 0 393940565
494 15 0 -247870783
499 0 0 5041979392
500 1 0 10843873
501 2 0 1159797265
502 3 0 1772425024
503 4 0 -2130523084
504 5 0 3509006249
505 6 0 -2500091592
506 7 0 -4534752825
507 8 0 -1727910677
508 9 0 628448774
509 10 0 -319369598
510 11 0 108673811
511 12 0 -10997604
512 13 0 1707776903
513 14 0 -1005968334
514 15 0 2798416599
519 0 0 4963074048
520 1 0 -542573505
521 2 0 2992547600
522 3 0 2715411737
523 4 0 -302435078
524 5 0 837924569
525 6 0 -1042920314
526 7 0 -3045814195
527 8 0 932986653
528 9 0 -1325111905
529 10 0 -3116450335
530 11 0 -2315336038
531 12 0 -1358702241
532 13 0 1625720225
533 14 0 875653934
534 15 0 1736605160
541 0 0 20287913984
542 1 0 2152863184
543 2 0 153670245
544 3 0 3030686886
545 4 0 2169251032
546 5 0 -2144383557
547 6 0 208734578
548 7 0 -5651552070
549 8 0 1757795185
550 9 0 2759036793
551 10 0 5165566758
552 11 0 -507588833
553 12 0 610983896
554 13 0 -262152023
555 14 0 -5613062418
556 15 0 -1695122227
561 0 0 12108431360
562 1 0 3190137665
563 2 0 58447119
564 3 0 3599466676
565 4 0 752735986
566 5 0 -2227638625
567 6 0 1522163999
568 7 0 -4506585695
569 8 0 1068961397
570 9 0 -848258290
571 10 0 3877443833
572 11 0 1889192409
573 12 0 -1266440992
574 13 0 -2399266682
575 14 0 -2188634958
576 15 0 -679514452
581 0 0 10132684800
582 1 0 3767410679
583 2 0 391477712
584 3 0 8073191
585 4 0 2305069086
586 5 0 -4406633930
587 6 0 1272760652
588 7 0 -1818599083
589 8 0 2622022950
590 9 0 -1264627626
591 10 0 2113579829
592 11 0 -719876507
593 12 0 -2514188906
594 13 0 -180154814
595 14 0 -1350113345
596 15 0 -85516396
601 0 0 6271959040
602 1 0 -1426400423
603 2 0 976968974
604 3 0 2911266178
605 4 0 2178519994
606 5 0 -1332972001
607 6 0 1677876780
608 7 0 -3645707488
609 8 0 1749432001
610 9 0 210906310
611 10 0 -1120186388
612 11 0 -1556773597
613 12 0 -2546459417
614 13 0 -119024681
615 14 0 -2062236146
616 15 0 997738479
621 0 0 10570727424
622 1 0 552419549
623 2 0 2087348248
624 3 0 1507458396
625 4 0 -835818102
626 5 0 -1637670803
627 6 0 -2437354645
628 7 0 -2714901296
629 8 0 -334966955
630 9 0 -349768051
631 10 0 -775544605
632 11 0 -4692771722
633 12 0 -1600463247
634 13 0 667057456
635 14 0 134088468
636 15 0 2214306193
641 0 0 8706981888
642 1 0 -1807701193
643 2 0 3644975625
644 3 0 1593971851
645 4 0 873702926
646 5 0 168386969
647 6 0 -1695489881
648 7 0 -4171715929
649 8 0 -1579937231
650 9 0 2254184560
651 10 0 -519368840
652 11 0 -1573939733
653 12 0 -2146847686
654 13 0 -195333256
655 14 0 841121416
656 15 0 1555169975
661 0 0 8380448768
662 1 0 468525889
663 2 0 347209037
664 3 0 1910891888
665 4 0 782179850
666 5 0 -542967127
667 6 0 2584347651
668 7 0 -1657862676
669 8 0 -694820501
670 9 0 1563367519
671 10 0 32433231
672 11 0 -1889035405
673 12 0 -957317108
674 13 0 -166694629
675 14 0 -3295615610
676 15 0 1242880166
681 0 0 9296281600
682 1 0 -850619032
683 2 0 -171531432
684 3 0 2102951503
685 4 0 572317566
686 5 0 -461265320
687 6 0 -775664203
688 7 0 -2862923969
689 8 0 114068706
690 9 0 1984502000
691 10 0 -111862739
692 11 0 -831519483
693 12 0 1724864376
694 13 0 875549127
695 14 0 -2818760682
696 15 0 -1955240485
701 0 0 4235853824
702 1 0 215643566
703 2 0 -1530187887
704 3 0 1251763370
705 4 0 -1366500919
706 5 0 -1334691385
707 6 0 -1568828389
708 7 0 595587119
709 8 0 587574922
710 9 0 -151613330
711 10 0 5130313741
712 11 0 2986053328
713 12 0 -1417550075
714 13 0 -1973008810
715 14 0 -66509612
716 15 0 -1160181694
721 0 0 3080650752
722 1 0 1477866281
723 2 0 -1113998121
724 3 0 -1307045453
725 4 0 1208030877
726 5 0 -1660014269
727 6 0 357736314
728 7 0 1605776018
729 8 0 -50087847
730 9 0 -1054841378
731 10 0 3471413112
732 11 0 747226842
733 12 0 -1259173315
734 13 0 2442627230
735 14 0 3584167672
736 15 0 819916309
741 0 0 -476774400
742 1 0 -469743419
743 2 0 -12847193
744 3 0 -2715752915
745 4 0 -2559634209
746 5 0 -322588197
747 6 0 1564356747
748 7 0 -821839797
749 8 0 -3827414606
750 9 0 1439733882
751 10 0 -5336329921
752 11 0 46045647
753 12 0 -346562267
754 13 0 -1790003246
755 14 0 1955542761
756 15 0 1348683719
761 0 0 5529305088
762 1 0 564804591
763 2 0 606474285
764 3 0 -414615415
765 4 0 -2492526285
766 5 0 1896373390
767 6 0 -1265031161
768 7 0 -700255642
769 8 0 -268894851
770 9 0 -1166877810
771 10 0 -2822607035
772 11 0 162083151
773 12 0 2454560709
774 13 0 94390347
775 14 0 -2528528386
776 15 0 -525768364
781 0 0 2152792064
782 1 0 609215888
783 2 0 399841936
784 3 0 1254400815
785 4 0 -2013401735
786 5 0 1613898955
787 6 0 -1021948416
788 7 0 -421692257
789 8 0 -2489420740
790 9 0 853620002
791 10 0 -322949674
792 11 0 439036029
793 12 0 145015153
794 13 0 -2604414753
795 14 0 -295286463
796 15 0 -683798188
801 0 0 3121840128
802 1 0 -48330919
803 2 0 -1946706440
804 3 0 -2193823742
805 4 0 111018697
806 5 0 -1195455311
807 6 0 -30667462
808 7 0 214174156
809 8 0 22916007
810 9 0 673651324
811 10 0 -1586537634
812 11 0 -2780765119
813 12 0 -448815830
814 13 0 1876970258
815 14 0 -1358226387
816 15 0 -2947796008
821 0 0 1071316992
822 1 0 1584655073
823 2 0 -1270924853
824 3 0 751211359
825 4 0 -1999877478
826 5 0 798434040
827 6 0 1587995240
828 7 0 371376492
829 8 0 836657244
830 9 0 -2195793671
831 10 0 -5129854557
832 11 0 1710364388
833 12 0 452192043
834 13 0 -2844322182
835 14 0 -1191373676
836 15 0 2532947167
841 0 0 4881383424
842 1 0 3142392196
843 2 0 1990914241
844 3 0 -300030178
845 4 0 -967815769
846 5 0 611759825
847 6 0 2644258160
848 7 0 -648124925
849 8 0 954091661
850 9 0 2241070225
851 10 0 -49507373
852 11 0 -177452036
853 12 0 58166932
854 13 0 -652514280
855 14 0 -724355895
856 15 0 4143990673
861 0 0 3662413824
862 1 0 3074082396
863 2 0 1757758848
864 3 0 -1120484584
865 4 0 -1514180364
866 5 0 2240806846
867 6 0 -487659787
868 7 0 -4972677344
869 8 0 -1666004069
870 9 0 504606159
871 10 0 -3181930592
872 11 0 -633702249
873 12 0 -286766638
874 13 0 -2257837638
875 14 0 -903982870
876 15 0 -2932239152
881 0 0 1169424384
882 1 0 1379141334
883 2 0 984671844
884 3 0 -5037257514
885 4 0 -3304691076
886 5 0 2599651577
887 6 0 -53550060
888 7 0 -282791806
889 8 0 1762484949
890 9 0 -3124454936
891 10 0 -93709492
892 11 0 1568572064
893 12 0 -934020547
894 13 0 -337122130
895 14 0 -2343625071
896 15 0 -551932674
901 0 0 -1923645440
902 1 0 -142771441
903 2 0 -2335350860
904 3 0 1577477449
905 4 0 -1708905366
906 5 0 -306573916
907 6 0 1200460096
908 7 0 -702777392
909 8 0 -2408239956
910 9 0 1852448467
911 10 0 -3764462657
912 11 0 -4533716448
913 12 0 187273261
914 13 0 2410333250
915 14 0 683288522
916 15 0 -1144971742
921 0 0 -3347644416
922 1 0 -1572764401
923 2 0 1583368009
924 3 0 -2287847192
925 4 0 -150510305
926 5 0 1084170901
927 6 0 -4837728992
928 7 0 1254293333
929 8 0 1297522061
930 9 0 866452167
931 10 0 1713158715
932 11 0 1328101540
933 12 0 927468311
934 13 0 -1167874206
935 14 0 1538000770
936 15 0 607213983
941 0 0 851836928
942 1 0 -3594555998
943 2 0 -3280064616
944 3 0 1120578334
945 4 0 2160772294
946 5 0 -759692867
947 6 0 1398026508
948 7 0 -441004439
949 8 0 -1442967833
950 9 0 1618814541
951 10 0 4289860752
952 11 0 1666203217
953 12 0 2625543398
954 13 0 2471730862
955 14 0 533308729
956 15 0 -1452620371
961 0 0 4459888640
962 1 0 505660227
963 2 0 -1693475840
964 3 0 5822579014
965 4 0 3116966938
966 5 0 -1546648670
967 6 0 -193619745
968 7 0 -3085334190
969 8 0 3190190433
970 9 0 -1962360378
971 10 0 1045626947
972 11 0 554785639
973 12 0 -709193749
974 13 0 207936915
975 14 0 553089962
976 15 0 316847708
981 0 0 5917278208
982 1 0 508107315
983 2 0 1680751302
984 3 0 1716086886
985 4 0 2531608125
986 5 0 -5181428217
987 6 0 1306876276
988 7 0 20814112
989 8 0 292634554
990 9 0 -878648004
991 10 0 1176724047
992 11 0 -2594672513
993 12 0 -1315524072
994 13 0 -1197051447
995 14 0 -62880179
996 15 0 1480008944
1001 0 0 3972169728
1002 1 0 -2386703770
1003 2 0 1511223756
1004 3 0 886184452
1005 4 0 1173216073
1006 5 0 791806874
1007 6 0 399297719
1008 7 0 -761965789
1009 8 0 -1751315455
1010 9 0 1682573254
1011 10 0 2294942375
1012 11 0 2451513438
1013 12 0 -1079028614
1014 13 0 -86107360
1015 14 0 -1314775189
1016 15 0 792673729
1023 0 0 7902167040
1024 1 0 3019297704
1025 2 0 1161105390
1026 3 0 1348501254
1027 4 0 3854412168
1028 5 0 -1397402495
1029 6 0 2556833863
1030 7 0 -2932494671
1031 8 0 371387594
1032 9 0 -654593899
1033 10 0 5183576670
1034 11 0 1630781348
1035 12 0 2061969800
1036 13 0 -872846528
1037 14 0 -1955688254
1038 15 0 -4273629529
1043 0 0 4564647936
1044 1 0 2938722402
1045 2 0 563326076
1046 3 0 -1080148341
1047 4 0 -1665751691
1048 5 0 780644657
1049 6 0 9708759
1050 7 0 -3053259906
1051 8 0 -3391280
1052 9 0 -3203961046
1053 10 0 663244213
1054 11 0 926230188
1055 12 0 1776833599
1056 13 0 -1363516041
1057 14 0 -1912529438
1058 15 0 -898262775
1063 0 0 7101841408
1064 1 0 54256882
1065 2 0 -774939366
1066 3 0 -339959249
1067 4 0 476987528
1068 5 0 -1570816691
1069 6 0 881600040
1070 7 0 -1386277546
1071 8 0 1591377780
1072 9 0 -1505287470
1073 10 0 1972991458
1074 11 0 -49320214
1075 12 0 568292500
1076 13 0 2584172659
1077 14 0 -1492862712
1078 15 0 -1529233905
1083 0 0 7924088832
1084 1 0 471514499
1085 2 0 -2660795035
1086 3 0 3153557548
1087 4 0 1284056917
1088 5 0 -1836888571
1089 6 0 -287823062
1090 7 0 -3456113028
1091 8 0 68583995
1092 9 0 2361804387
1093 10 0 2665378933
1094 11 0 -1467821015
1095 12 0 1278625114
1096 13 0 1007999675
1097 14 0 -1672395668
1098 15 0 499889075
1103 0 0 9737666560
1104 1 0 1909496581
1105 2 0 3183668201
1106 3 0 2544448164
1107 4 0 1853197657
1108 5 0 -823770630
1109 6 0 -606231651
1110 7 0 -3453538529
1111 8 0 1155712764
1112 9 0 -520036965
1113 10 0 1302723978
1114 11 0 891084261
1115 12 0 -776064953
1116 13 0 -1342375098
1117 14 0 -813792272
1118 15 0 1085133865
1123 0 0 6936002560
1124 1 0 688937949
1125 2 0 2049652692
1126 3 0 -234474797
1127 4 0 430872712
1128 5 0 -1178655255
1129 6 0 3058975142
1130 7 0 -593200302
1131 8 0 -951416984
1132 9 0 -1369234030
1133 10 0 2504949005
1134 11 0 3240211293
1135 12 0 -1284071594
1136 13 0 -1962908606
1137 14 0 -900321123
1138 15 0 -1416721931
1143 0 0 6629457920
1144 1 0 -226889314
1145 2 0 -1938569489
1146 3 0 1372005209
1147 4 0 989209144
1148 5 0 -736585678
1149 6 0 -1613440574
1150 7 0 -2585198308
1151 8 0 -679245836
1152 9 0 2280835434
1153 10 0 6599219136
1154 11 0 783790324
1155 12 0 3244471954
1156 13 0 3180701965
1157 14 0 -1415963472
1158 15 0 -1009352012
1163 0 0 6236602368
1164 1 0 2703116846
1165 2 0 -590412148
1166 3 0 2740619363
1167 4 0 1746020347
1168 5 0 -521863773
1169 6 0 -1507214652
1170 7 0 -2345793914
1171 8 0 1214027888
1172 9 0 -2719866049
1173 10 0 3265226144
1174 11 0 2518115209
1175 12 0 1401016728
1176 13 0 109345621
1177 14 0 761913639
1178 15 0 -3327829125
1183 0 0 4720754688
1184 1 0 2261294881
1185 2 0 1750391372
1186 3 0 -3527286090
1187 4 0 -1401220417
1188 5 0 -2417623662
1189 6 0 1123339621
1190 7 0 -1637396092
1191 8 0 -1410188906
1192 9 0 154114408
1193 10 0 1154744055
1194 11 0 -1156109601
1195 12 0 -632273175
1196 13 0 1282872900
1197 14 0 1524162244
1198 15 0 250847000
1203 0 0 3942842368
1204 1 0 1879988010
1205 2 0 1071658021
1206 3 0 -1609688938
1207 4 0 -2200612436
1208 5 0 296009330
1209 6 0 1346631205
1210 7 0 -2525400782
1211 8 0 -84655902
1212 9 0 -238497703
1213 10 0 -4067866124
1214 11 0 -1942168005
1215 12 0 -292191477
1216 13 0 1856581055
1217 14 0 -1449113837
1218 15 0 -811405552
1223 0 0 3432382464
1224 1 0 967057040
1225 2 0 1927969783
1226 3 0 2392261349
1227 4 0 -552437968
1228 5 0 2005052552
1229 6 0 -2412619082
1230 7 0 -2555686423
1231 8 0 2876978725
1232 9 0 -1154951867
1233 10 0 -1960350327
1234 11 0 -955055996
1235 12 0 -295793155
1236 13 0 -1622367001
1237 14 0 -747083396
1238 15 0 1686496434
1243 0 0 5394989056
1244 1 0 -514734476
1245 2 0 -975520680
1246 3 0 -1118883028
1247 4 0 908122907
1248 5 0 -1869253915
1249 6 0 2068629362
1250 7 0 -1757197533
1251 8 0 685779816
1252 9 0 2141440589
1253 10 0 1767769942
1254 11 0 -2490084546
1255 12 0 -2175046115
1256 13 0 254957430
1257 14 0 -1845945369
1258 15 0 -1139318947
1263 0 0 112263168
1264 1 0 508498464
1265 2 0 1532548868
1266 3 0 -129966897
1267 4 0 -2200227613
1268 5 0 1306064877
1269 6 0 -1404813341
1270 7 0 -541833242
1271 8 0 -2528645176
1272 9 0 -1502317094
1273 10 0 111974013
1274 11 0 504824440
1275 12 0 -31187960
1276 13 0 -880467530
1277 14 0 1363617195
1278 15 0 -835712399
1283 0 0 317259776
1284 1 0 1167707245
1285 2 0 -2039430466
1286 3 0 -1173275879
1287 4 0 1512709495
1288 5 0 -62529945
1289 6 0 895818993
1290 7 0 -709816421
1291 8 0 270019375
1292 9 0 4701884065
1293 10 0 1488918910
1294 11 0 -673382379
1295 12 0 487883760
1296 13 0 -78290126
1297 14 0 -836306380
1298 15 0 -458404438
1303 0 0 2378235904
1304 1 0 -716798327
1305 2 0 1942596224
1306 3 0 804160922
1307 4 0 -962584
1308 5 0 2888652845
1309 6 0 -1517350588
1310 7 0 -2950437280
1311 8 0 3776696648
1312 9 0 -2561215049
1313 10 0 -1885180410
1314 11 0 779769372
1315 12 0 2298381872
1316 13 0 -143688645
1317 14 0 687701155
1318 15 0 1356061617
1323 0 0 4806475776
1324 1 0 1648596694
1325 2 0 1538190544
1326 3 0 2517712935
1327 4 0 1582935280
1328 5 0 -3497381765
1329 6 0 1773239057
1330 7 0 -2431094487
1331 8 0 911849983
1332 9 0 -1247427330
1333 10 0 1303468621
1334 11 0 -3533077705
1335 12 0 -1926221750
1336 13 0 -1648359002
1337 14 0 -213785945
1338 15 0 -635904904
1343 0 0 5734531072
1344 1 0 1181901654
1345 2 0 2551002395
1346 3 0 -640225520
1347 4 0 2483633169
1348 5 0 -773888257
1349 6 0 -1765854914
1350 7 0 -2469096381
1351 8 0 3782693633
1352 9 0 -2181183041
1353 10 0 -50290412
1354 11 0 -1528747633
1355 12 0 -2929296177
1356 13 0 -882922115
1357 14 0 -2235649867
1358 15 0 -1937701325
1363 0 0 2468216832
1364 1 0 -363269059
1365 2 0 107290349
1366 3 0 4027652818
1367 4 0 974379108
1368 5 0 -915299160
1369 6 0 76589880
1370 7 0 -1838081643
1371 8 0 304372240
1372 9 0 -971918402
1373 10 0 -748475008
1374 11 0 -2308586679
1375 12 0 -1822805602
1376 13 0 183555354
1377 14 0 148096921
1378 15 0 1913502602
1383 0 0 1079771136
1384 1 0 694327805
1385 2 0 2230893712
1386 3 0 -2171560022
1387 4 0 -404745010
1388 5 0 -1645078921
1389 6 0 -859456225
1390 7 0 1188731088
1391 8 0 -1846182354
1392 9 0 -581373038
1393 10 0 550143228
1394 11 0 155035984
1395 12 0 -500916950
1396 13 0 -745375169
1397 14 0 227947670
1398 15 0 1020145441
1403 0 0 -2603745280
1404 1 0 -912004622
1405 2 0 1219061848
1406 3 0 1175784930
1407 4 0 -219674904
1408 5 0 3301054135
1409 6 0 -229359156
1410 7 0 -1545642737
1411 8 0 -2822130902
1412 9 0 1402185502
1413 10 0 624743273
1414 11 0 4087269216
1415 12 0 -128780052
1416 13 0 3115741259
1417 14 0 3299567054
1418 15 0 1784798862
1423 0 0 -2479292416
1424 1 0 1302393138
1425 2 0 -1042717692
1426 3 0 -907298535
1427 4 0 -1237691278
1428 5 0 -602985976
1429 6 0 388357626
1430 7 0 420311875
1431 8 0 -2662055169
1432 9 0 -1448699170
1433 10 0 -1528971218
1434 11 0 -1242418963
1435 12 0 1181603845
1436 13 0 1964041607
1437 14 0 624119673
1438 15 0 1148241659
1443 0 0 2461106176
1444 1 0 -52701607
1445 2 0 1685006874
1446 3 0 -242239373
1447 4 0 -872720415
1448 5 0 1483703978
1449 6 0 -665381649
1450 7 0 -2048059892
1451 8 0 -1578012351
1452 9 0 2032452274
1453 10 0 -4702871036
1454 11 0 -1199698854
1455 12 0 1629044886
1456 13 0 -115759887
1457 14 0 -3342636891
1458 15 0 -104060793
1463 0 0 5412913152
1464 1 0 322369834
1465 2 0 2799247243
1466 3 0 570173704
1467 4 0 -1614895544
1468 5 0 2307429689
1469 6 0 -1154708656
1470 7 0 -611071242
1471 8 0 1832882281
1472 9 0 -512890981
1473 10 0 1631511181
1474 11 0 1450740045
1475 12 0 824051372
1476 13 0 -882042047
1477 14 0 -2749334428
1478 15 0 -314702860
1483 0 0 2978512896
1484 1 0 628314543
1485 2 0 1173419403
1486 3 0 1421816995
1487 4 0 594352416
1488 5 0 805579891
1489 6 0 1275343835
1490 7 0 -642321735
1491 8 0 -1364808706
1492 9 0 -3212291856
1493 10 0 3476388002
1494 11 0 1657544763
1495 12 0 -197748660
1496 13 0 -836144447
1497 14 0 -400985167
1498 15 0 -2575207996
1505 0 0 -2410414080
1506 1 0 1450097708
1507 2 0 -2167879379
1508 3 0 -2330158403
1509 4 0 342703864
1510 5 0 -2360396653
1511 6 0 2678246581
1512 7 0 2024234974
1513 8 0 -240812097
1514 9 0 1124922950
1515 10 0 1796376609
1516 11 0 -132474265
1517 12 0 -370908262
1518 13 0 -489511866
1519 14 0 -1935806572
1520 15 0 -3297432626
1525 0 0 -3994124288
1526 1 0 -1193500203
1527 2 0 -1570969130
1528 3 0 3582934337
1529 4 0 387283725
1530 5 0 2978820191
1531 6 0 -1961846182
1532 7 0 -1318595813
1533 8 0 -117767951
1534 9 0 -184653444
1535 10 0 -1126015960
1536 11 0 702938166
1537 12 0 2645312715
1538 13 0 -124772154
1539 14 0 -1120010776
1540 15 0 757795856
1545 0 0 1733820416
1546 1 0 -252679280
1547 2 0 -2053298682
1548 3 0 -2067957638
1549 4 0 1537576246
1550 5 0 -1934090239
1551 6 0 1405325475
1552 7 0 338684766
1553 8 0 3040205935
1554 9 0 1602067579
1555 10 0 3174447015
1556 11 0 -914914733
1557 12 0 1711026599
1558 13 0 3370048037
1559 14 0 2084896918
1560 15 0 169661634
1565 0 0 5739151360
1566 1 0 3010136520
1567 2 0 1410042104
1568 3 0 -607830585
1569 4 0 -635501660
1570 5 0 -637325279
1571 6 0 -4670565039
1572 7 0 -4524634740
1573 8 0 -429884421
1574 9 0 -809424198
1575 10 0 3098803162
1576 11 0 1444568657
1577 12 0 3210256423
1578 13 0 795922349
1579 14 0 4593743182
1580 15 0 -166585228
1585 0 0 5657165824
1586 1 0 2082507543
1587 2 0 1399712919
1588 3 0 -312561168
1589 4 0 -121000411
1590 5 0 -2050715796
1591 6 0 -148542698
1592 7 0 -2806170724
1593 8 0 -2602063964
1594 9 0 -861032324
1595 10 0 1422646019
1596 11 0 945864669
1597 12 0 -513759768
1598 13 0 -2197215364
1599 14 0 -1406417028
1600 15 0 -2619359508
1605 0 0 1264812032
1606 1 0 -1343156433
1607 2 0 2156451009
1608 3 0 1743047818
1609 4 0 2154212348
1610 5 0 818766429
1611 6 0 3570075260
1612 7 0 -1124411100
1613 8 0 280100109
1614 9 0 -428932330
1615 10 0 651620588
1616 11 0 -131861761
1617 12 0 406566622
1618 13 0 2409535761
1619 14 0 -2250116204
1620 15 0 -490965554
1625 0 0 -1206550528
1626 1 0 1415653781
1627 2 0 -2362446803
1628 3 0 56423139
1629 4 0 352372664
1630 5 0 -1289865032
1631 6 0 1701336067
1632 7 0 929979648
1633 8 0 -98714029
1634 9 0 -289642460
1635 10 0 369421911
1636 11 0 -1088810020
1637 12 0 980640851
1638 13 0 27450027
1639 14 0 -595783476
1640 15 0 -2482806418
1645 0 0 -1277001728
1646 1 0 3902450641
1647 2 0 -1198899029
1648 3 0 -3649976587
1649 4 0 -2557748889
1650 5 0 748809150
1651 6 0 -1911144882
1652 7 0 409460487
1653 8 0 1207118095
1654 9 0 -202153969
1655 10 0 -2215214140
1656 11 0 -484976555
1657 12 0 -98012551
1658 13 0 -3909715518
1659 14 0 -1186044408
1660 15 0 -2012757066
1665 0 0 -1227227136
1666 1 0 2554020939
1667 2 0 -194182849
1668 3 0 42790346
1669 4 0 655498298
1670 5 0 455753958
1671 6 0 590944377
1672 7 0 64348198
1673 8 0 2733449471
1674 9 0 2111429527
1675 10 0 -1792471884
1676 11 0 209069283
1677 12 0 -292559532
1678 13 0 -3894533592
1679 14 0 -2547362984
1680 15 0 1998873502
1685 0 0 -1918435328
1686 1 0 -1638620792
1687 2 0 -989268688
1688 3 0 1483009731
1689 4 0 2497984664
1690 5 0 -287453027
1691 6 0 3119357264
1692 7 0 3003051886
1693 8 0 3163112264
1694 9 0 -1851963029
1695 10 0 -1479553455
1696 11 0 -1003734278
1697 12 0 71531700
1698 13 0 -1899314680
1699 14 0 -4856213278
1700 15 0 125590493
1705 0 0 38961152
1706 1 0 -2556751880
1707 2 0 311563377
1708 3 0 733976532
1709 4 0 1631271370
1710 5 0 -177640276
1711 6 0 594179796
1712 7 0 1474437132
1713 8 0 454856366
1714 9 0 1067747817
1715 10 0 4066662097
1716 11 0 1654564276
1717 12 0 617807556
1718 13 0 1076574570
1719 14 0 122626669
1720 15 0 1152114569
1725 0 0 2927820800
1726 1 0 1125004072
1727 2 0 -99058085
1728 3 0 3640062019
1729 4 0 3457122306
1730 5 0 -798640192
1731 6 0 -235541773
1732 7 0 -2056151877
1733 8 0 898087685
1734 9 0 1782702656
1735 10 0 6102952934
1736 11 0 571618148
1737 12 0 1017289445
1738 13 0 1902781112
1739 14 0 478096105
1740 15 0 1250955480
1745 0 0 -651919360
1746 1 0 1885228740
1747 2 0 1089143319
1748 3 0 -2118395890
1749 4 0 -199423240
1750 5 0 -1642896701
1751 6 0 1615574509
1752 7 0 906186635
1753 8 0 496217395
1754 9 0 -3740032833
1755 10 0 -533582395
1756 11 0 3816270381
1757 12 0 -1998362856
1758 13 0 -4032872474
1759 14 0 -233190418
1760 15 0 -4479540631
1765 0 0 -2368012288
1766 1 0 -426859156
1767 2 0 -3349786768
1768 3 0 471146041
1769 4 0 855648866
1770 5 0 -1519334055
1771 6 0 -777021081
1772 7 0 2006748695
1773 8 0 -202602104
1774 9 0 3413743884
1775 10 0 6408779519
1776 11 0 -1578811876
1777 12 0 2486435379
1778 13 0 5754705461
1779 14 0 -372974970
1780 15 0 1060327504
1785 0 0 -1940553728
1786 1 0 79871784
1787 2 0 -1605933737
1788 3 0 1724530195
1789 4 0 2478615274
1790 5 0 246711775
1791 6 0 -2785098592
1792 7 0 -895249758
1793 8 0 3051974409
1794 9 0 -773277281
1795 10 0 -1050448717
1796 11 0 2194540402
1797 12 0 253076566
1798 13 0 421158053
1799 14 0 2094653592
1800 15 0 115829228
1805 0 0 1603764224
1806 1 0 -968374164
1807 2 0 2364002657
1808 3 0 -1589289757
1809 4 0 -1004681961
1810 5 0 -4058319884
1811 6 0 -471788649
1812 7 0 2884570171
1813 8 0 -747349796
1814 9 0 -1882357516
1815 10 0 2263068534
1816 11 0 331858489
1817 12 0 -484198064
1818 13 0 -79857503
1819 14 0 1862332555
1820 15 0 2332091572
1825 0 0 5233999872
1826 1 0 -2043063828
1827 2 0 -908071566
1828 3 0 4593015147
1829 4 0 3420555229
1830 5 0 -165105687
1831 6 0 1968883908
1832 7 0 -2627500808
1833 8 0 -2160661047
1834 9 0 2549082685
1835 10 0 2796982544
1836 11 0 1960301503
1837 12 0 -1364741820
1838 13 0 2051343163
1839 14 0 -1987064073
1840 15 0 -500083613
1845 0 0 5815271424
1846 1 0 246542248
1847 2 0 -566822444
1848 3 0 1788169645
1849 4 0 -1076056634
1850 5 0 -786397918
1851 6 0 -239814185
1852 7 0 -2141728298
1853 8 0 -1120644880
1854 9 0 190217038
1855 10 0 119245598
1856 11 0 63012448
1857 12 0 1764811744
1858 13 0 -39885680
1859 14 0 166578891
1860 15 0 1432078131
1865 0 0 2822766592
1866 1 0 -59906104
1867 2 0 701982944
1868 3 0 1042299713
1869 4 0 51456581
1870 5 0 -136357368
1871 6 0 3387198959
1872 7 0 -2697432413
1873 8 0 -2093121918
1874 9 0 1496727404
1875 10 0 2386501390
1876 11 0 2484480383
1877 12 0 -2117690441
1878 13 0 -1345093491
1879 14 0 469334595
1880 15 0 -630949126
1885 0 0 79101952
1886 1 0 1258998940
1887 2 0 -3648738407
1888 3 0 -802265390
1889 4 0 -173780674
1890 5 0 63191078
1891 6 0 2435556168
1892 7 0 -1882979075
1893 8 0 277194875
1894 9 0 1018161491
1895 10 0 -2047897871
1896 11 0 -2046567583
1897 12 0 -849670045
1898 13 0 907133315
1899 14 0 380094458
1900 15 0 -816261817
1905 0 0 -3599171584
1906 1 0 71348995
1907 2 0 -218963169
1908 3 0 -1155452166
1909 4 0 -974633204
1910 5 0 -255864393
1911 6 0 -3190699187
1912 7 0 -132897909
1913 8 0 879741973
1914 9 0 995776025
1915 10 0 -1405272194
1916 11 0 33761951
1917 12 0 1872113912
1918 13 0 -2381608267
1919 14 0 4300979745
1920 15 0 263048292
1925 0 0 597655552
1926 1 0 -84188069
1927 2 0 -878780706
1928 3 0 -1173733527
1929 4 0 2233269861
1930 5 0 492999715
1931 6 0 -2262333519
1932 7 0 -950289189
1933 8 0 1175109480
1934 9 0 -564294323
1935 10 0 4362335737
1936 11 0 3018972291
1937 12 0 937197918
1938 13 0 -996498007
1939 14 0 1928054507
1940 15 0 486545705
1945 0 0 1588461568
1946 1 0 -2304033541
1947 2 0 -1698836846
1948 3 0 998919209
1949 4 0 1650737793
1950 5 0 -2606267077
1951 6 0 3302833493
1952 7 0 -52439310
1953 8 0 -1837730350
1954 9 0 -1444121432
1955 10 0 -610868951
1956 11 0 -528531295
1957 12 0 23241737
1958 13 0 1416107527
1959 14 0 -1185764076
1960 15 0 -2105261392
1965 0 0 58458112
1966 1 0 -471478235
1967 2 0 2481789921
1968 3 0 548602191
1969 4 0 -1304379522
1970 5 0 -562296303
1971 6 0 1263732485
1972 7 0 553752076
1973 8 0 -1801394865
1974 9 0 -954648447
1975 10 0 -1584057034
1976 11 0 -1597228088
1977 12 0 -524354161
1978 13 0 1018624772
1979 14 0 -960800552
1980 15 0 -188040795
1987 0 0 -4920705024
1988 1 0 -1620773311
1989 2 0 -404537563
1990 3 0 -457694957
1991 4 0 1502264520
1992 5 0 -738931921
1993 6 0 1623151633
1994 7 0 2642809204
1995 8 0 941667622
1996 9 0 2425653105
1997 10 0 1121670994
1998 11 0 -1117114444
1999 12 0 218099243
2000 13 0 2344694073
2001 14 0 2295099412
2002 15 0 1834990731
2007 0 0 -6742179840
2008 1 0 1623204215
2009 2 0 -2121000853
2010 3 0 -752520900
2011 4 0 -189017633
2012 5 0 1564225268
2013 6 0 1725606331
2014 7 0 2232469085
2015 8 0 -1427006957
2016 9 0 -1680696997
2017 10 0 -413059902
2018 11 0 2985092463
2019 12 0 1090074956
2020 13 0 -3717658276
2021 14 0 -2545005617
2022 15 0 -593311084
2027 0 0 -2443476992
2028 1 0 1131922520
2029 2 0 -790822704
2030 3 0 2152001081
2031 4 0 1351961314
2032 5 0 1413143494
2033 6 0 -1241517187
2034 7 0 -1155167520
2035 8 0 1874778666
2036 9 0 3170342670
2037 10 0 -1823589855
2038 11 0 -1115487508
2039 12 0 1651554030
2040 13 0 1340089489
2041 14 0 279351738
2042 15 0 -1186643321
2047 0 0 97550336
2048 1 0 4375164890
2049 2 0 -2731460719
2050 3 0 -3864316448
2051 4 0 -1787783166
2052 5 0 -1581546273
2053 6 0 -1137947660
2054 7 0 113673697
2055 8 0 3919690638
2056 9 0 -421783322
2057 10 0 -219770206
2058 11 0 857428951
2059 12 0 -1445899582
2060 13 0 -2943913806
2061 14 0 151131109
2062 15 0 1529451643
2067 0 0 38273024
2068 1 0 -1258346020
2069 2 0 3204673134
2070 3 0 -3100054975
2071 4 0 -2415809318
2072 5 0 806482492
2073 6 0 3178709195
2074 7 0 790029012
2075 8 0 -1815885588
2076 9 0 -1304999723
2077 10 0 -737818429
2078 11 0 -1259965291
2079 12 0 -1014350323
2080 13 0 -68512120
2081 14 0 -1589930941
2082 15 0 3573740271
2087 0 0 -3177414656
2088 1 0 -1084938179
2089 2 0 1860610599
2090 3 0 1824225466
2091 4 0 729499984
2092 5 0 2643413669
2093 6 0 804672595
2094 7 0 -883948993
2095 8 0 -2213382176
2096 9 0 621437373
2097 10 0 -4826850571
2098 11 0 -414823612
2099 12 0 -623978788
2100 13 0 -1611758816
2101 14 0 46550090
2102 15 0 -3532589026
2107 0 0 -3376021504
2108 1 0 1400959660
2109 2 0 -3099141274
2110 3 0 -1994170598
2111 4 0 728171248
2112 5 0 -496767740
2113 6 0 -2380240868
2114 7 0 2816090596
2115 8 0 3470081330
2116 9 0 1155884279
2117 10 0 3183443168
2118 11 0 -99355621
2119 12 0 2128665772
2120 13 0 -352221613
2121 14 0 -1835356642
2122 15 0 -2245970234
2127 0 0 -3756621824
2128 1 0 -927443386
2129 2 0 592777098
2130 3 0 1698993315
2131 4 0 130700021
2132 5 0 1503220615
2133 6 0 1237971493
2134 7 0 -1166381120
2135 8 0 -728156116
2136 9 0 -742542022
2137 10 0 428343059
2138 11 0 597630876
2139 12 0 609457920
2140 13 0 -879010905
2141 14 0 -785164606
2142 15 0 1525405746
2147 0 0 -1499299840
2148 1 0 -2130282741
2149 2 0 875715427
2150 3 0 -1365349914
2151 4 0 703765123
2152 5 0 -2182467290
2153 6 0 -720051664
2154 7 0 2354599949
2155 8 0 860421317
2156 9 0 -733847879
2157 10 0 1532003357
2158 11 0 -1129799198
2159 12 0 740435708
2160 13 0 1823191579
2161 14 0 2787554011
2162 15 0 -2406785396
2167 0 0 -1865220096
2168 1 0 -1492480142
2169 2 0 -1258969443
2170 3 0 -2372143729
2171 4 0 362151787
2172 5 0 706569587
2173 6 0 -2403863800
2174 7 0 541860378
2175 8 0 -248381631
2176 9 0 474230313
2177 10 0 5641164504
2178 11 0 27237264
2179 12 0 2096579057
2180 13 0 2064928787
2181 14 0 1787673247
2182 15 0 1302611808
2187 0 0 -371326976
2188 1 0 -605813928
2189 2 0 1504999893
2190 3 0 1507486941
2191 4 0 1676032333
2192 5 0 -209039992
2193 6 0 2683277488
2194 7 0 -417061761
2195 8 0 -1389790861
2196 9 0 -2563114869
2197 10 0 -1702614682
2198 11 0 1750905442
2199 12 0 211685405
2200 13 0 -660842372
2201 14 0 123271666
2202 15 0 -4159937437
2207 0 0 1148059648
2208 1 0 293491514
2209 2 0 -3118481269
2210 3 0 -1655395880
2211 4 0 -2025556062
2212 5 0 -2789301251
2213 6 0 -3025962001
2214 7 0 1470099308
2215 8 0 -211664938
2216 9 0 2418296015
2217 10 0 1289667113
2218 11 0 -3623442973
2219 12 0 2481859829
2220 13 0 2035333819
2221 14 0 -887296939
2222 15 0 -2606295239
2227 0 0 -778829824
2228 1 0 514249419
2229 2 0 -1135498342
2230 3 0 -576416379
2231 4 0 418102718
2232 5 0 1249663390
2233 6 0 88306868
2234 7 0 240711513
2235 8 0 3542057059
2236 9 0 -1286536647
2237 10 0 2660807778
2238 11 0 3629855585
2239 12 0 -768254495
2240 13 0 471313893
2241 14 0 561927729
2242 15 0 -542845370
2247 0 0 560365568
2248 1 0 2478583196
2249 2 0 -1166333093
2250 3 0 -2977946426
2251 4 0 -1875452828
2252 5 0 -3725686761
2253 6 0 217226613
2254 7 0 731176481
2255 8 0 -581709640
2256 9 0 923250601
2257 10 0 -1259745972
2258 11 0 -5194340451
2259 12 0 343748713
2260 13 0 1631553253
2261 14 0 2755761205
2262 15 0 639373401
2267 0 0 2783772672
2268 1 0 290656198
2269 2 0 3123932547
2270 3 0 -2525016217
2271 4 0 -1501398916
2272 5 0 2245465297
2273 6 0 -3291677845
2274 7 0 -1409736525
2275 8 0 995163541
2276 9 0 -822086775
2277 10 0 -5331100107
2278 11 0 -2759113799
2279 12 0 -793727267
2280 13 0 -880198952
2281 14 0 -1395896521
2282 15 0 -774386089
2287 0 0 2218721280
2288 1 0 -2675671284
2289 2 0 2608607213
2290 3 0 -81021636
2291 4 0 -2403708803
2292 5 0 2046527877
2293 6 0 795822511
2294 7 0 -220119896
2295 8 0 -760378412
2296 9 0 1793921924
2297 10 0 -1669505599
2298 11 0 -1043167180
2299 12 0 -885197684
2300 13 0 -1071163931
2301 14 0 76062993
2302 15 0 2185484844
2307 0 0 3414884352
2308 1 0 257725987
2309 2 0 -955380682
2310 3 0 83285140
2311 4 0 643880809
2312 5 0 378551176
2313 6 0 1914307650
2314 7 0 -615636944
2315 8 0 -641208604
2316 9 0 1290956730
2317 10 0 2675558186
2318 11 0 -1998857304
2319 12 0 2111010847
2320 13 0 2414568847
2321 14 0 -1540517819
2322 15 0 -992601557
2327 0 0 1256783872
2328 1 0 2674213175
2329 2 0 1332448599
2330 3 0 2621803927
2331 4 0 1398618744
2332 5 0 3198856452
2333 6 0 -2479298509
2334 7 0 -3539397968
2335 8 0 2604511527
2336 9 0 -2033783435
2337 10 0 -146544243
2338 11 0 4192312750
2339 12 0 1479432745
2340 13 0 -2398539770
2341 14 0 1820898245
2342 15 0 -666609958
2347 0 0 1532690432
2348 1 0 4373088764
2349 2 0 -231889306
2350 3 0 -2414381056
2351 4 0 233771516
2352 5 0 -2958636355
2353 6 0 2915525260
2354 7 0 494153028
2355 8 0 2625865790
2356 9 0 -2154575114
2357 10 0 2096056755
2358 11 0 -481621115
2359 12 0 -1389843564
2360 13 0 -962273789
2361 14 0 -1772458564
2362 15 0 -120577654
2367 0 0 1475575808
2368 1 0 2403293998
2369 2 0 2292757959
2370 3 0 1574666389
2371 4 0 1845654856
2372 5 0 599962188
2373 6 0 -2342001762
2374 7 0 -1742082066
2375 8 0 1881493826
2376 9 0 -3203643522
2377 10 0 43874869
2378 11 0 2313087150
2379 12 0 886198045
2380 13 0 1427804223
2381 14 0 -562197979
2382 15 0 -1664631377
2387 0 0 -1264680960
2388 1 0 1279259560
2389 2 0 -914008536
2390 3 0 -1416238482
2391 4 0 -1713024849
2392 5 0 -129241812
2393 6 0 2711755192
2394 7 0 -383856897
2395 8 0 -1164435568
2396 9 0 1818357274
2397 10 0 2988239533
2398 11 0 1184372887
2399 12 0 -2418427685
2400 13 0 1094300785
2401 14 0 -1634575651
2402 15 0 2628411718
2407 0 0 2829877248
2408 1 0 -1341313087
2409 2 0 1406422561
2410 3 0 -950569912
2411 4 0 -2000480773
2412 5 0 747024428
2413 6 0 -2492104322
2414 7 0 -3583660036
2415 8 0 -999714333
2416 9 0 1654260626
2417 10 0 -2044476594
2418 11 0 -3936142695
2419 12 0 -619219269
2420 13 0 6620775795
2421 14 0 2669143848
2422 15 0 413386666
2427 0 0 3056893952
2428 1 0 1737435668
2429 2 0 62072707
2430 3 0 -1963598761
2431 4 0 -1757271573
2432 5 0 307216716
2433 6 0 -2490520233
2434 7 0 -1175856605
2435 8 0 1044729551
2436 9 0 240230790
2437 10 0 -1390216327
2438 11 0 -2591705310
2439 12 0 -715659348
2440 13 0 -2180649712
2441 14 0 -198261377
2442 15 0 388544201
2447 0 0 3618603008
2448 1 0 -724824169
2449 2 0 803160506
2450 3 0 -382153623
2451 4 0 70294550
2452 5 0 95069406
2453 6 0 -320118180
2454 7 0 -351141106
2455 8 0 1374802680
2456 9 0 1181661010
2457 10 0 -3142647191
2458 11 0 -1003391652
2459 12 0 -2048685124
2460 13 0 -2592487473
2461 14 0 -3491312904
2462 15 0 -3000609616
2469 0 0 -2608529408
2470 1 0 -109024353
2471 2 0 807582544
2472 3 0 1704991116
2473 4 0 -19351100
2474 5 0 -272571650
2475 6 0 1457687163
2476 7 0 286269806
2477 8 0 -1604332727
2478 9 0 790284639
2479 10 0 -2220706175
2480 11 0 -559873992
2481 12 0 -748248307
2482 13 0 1203340627
2483 14 0 3927120466
2484 15 0 546402095
2489 0 0 -5711822848
2490 1 0 -978762722
2491 2 0 -1433492262
2492 3 0 -1430516628
2493 4 0 445531592
2494 5 0 -1120334023
2495 6 0 -755383587
2496 7 0 1470561475
2497 8 0 -1113716424
2498 9 0 -682016919
2499 10 0 1851397173
2500 11 0 704533335
2501 12 0 1269693082
2502 13 0 -1895465540
2503 14 0 -2079583872
2504 15 0 -2570582134
2509 0 0 -2358083584
2510 1 0 716644280
2511 2 0 -3357878054
2512 3 0 -210961736
2513 4 0 -560818241
2514 5 0 1528634965
2515 6 0 543396491
2516 7 0 32889761
2517 8 0 -996953663
2518 9 0 472437615
2519 10 0 -440137176
2520 11 0 1567892219
2521 12 0 1756078669
2522 13 0 533631750
2523 14 0 -819348478
2524 15 0 -2457242457
2529 0 0 -191594496
2530 1 0 -570330957
2531 2 0 -608047711
2532 3 0 3816820975
2533 4 0 2169631351
2534 5 0 215451765
2535 6 0 -1746628069
2536 7 0 -3653333448
2537 8 0 1405065106
2538 9 0 1601153065
2539 10 0 1328059763
2540 11 0 -14514583
2541 12 0 3156881353
2542 13 0 3125287831
2543 14 0 3935513753
2544 15 0 3624138633
2549 0 0 -218300416
2550 1 0 -1023640123
2551 2 0 -552933919
2552 3 0 -906620466
2553 4 0 1600577477
2554 5 0 -4824463550
2555 6 0 1951935042
2556 7 0 -374862106
2557 8 0 425610238
2558 9 0 915554324
2559 10 0 1093775552
2560 11 0 -2414141567
2561 12 0 -763071183
2562 13 0 -884596626
2563 14 0 75625312
2564 15 0 16242278
2569 0 0 -2237988864
2570 1 0 -2018052045
2571 2 0 400336208
2572 3 0 -2754623152
2573 4 0 548875232
2574 5 0 -404510003
2575 6 0 2284415970
2576 7 0 4020158991
2577 8 0 -98812431
2578 9 0 -3125935262
2579 10 0 2282605522
2580 11 0 2684270751
2581 12 0 -2477815621
2582 13 0 933486989
2583 14 0 -1866532546
2584 15 0 -4139055257
2589 0 0 -5103484928
2590 1 0 -664747443
2591 2 0 -1150287574
2592 3 0 3510537452
2593 4 0 904693870
2594 5 0 1501044869
2595 6 0 -1995836566
2596 7 0 74777135
2597 8 0 -817337732
2598 9 0 2645231292
2599 10 0 884058206
2600 11 0 -1366169084
2601 12 0 597116328
2602 13 0 2296207878
2603 14 0 4417823106
2604 15 0 2065185069
2609 0 0 -3578232832
2610 1 0 783701119
2611 2 0 649123672
2612 3 0 -3655732268
2613 4 0 300680891
2614 5 0 -1680967083
2615 6 0 -1834929752
2616 7 0 2974199705
2617 8 0 2564262136
2618 9 0 -2454118320
2619 10 0 -2921439495
2620 11 0 -222526837
2621 12 0 -224906601
2622 13 0 -3490169696
2623 14 0 -519885440
2624 15 0 -194234642
2629 0 0 -3637018624
2630 1 0 -376665353
2631 2 0 89901788
2632 3 0 -749801418
2633 4 0 -1677304168
2634 5 0 1863593516
2635 6 0 3659544408
2636 7 0 4502327836
2637 8 0 -62000528
2638 9 0 -1329323045
2639 10 0 -779289171
2640 11 0 2575350170
2641 12 0 -1623747255
2642 13 0 609273803
2643 14 0 -725952976
2644 15 0 -249653470
2649 0 0 -2824994816
2650 1 0 -904435176
2651 2 0 -2235516128
2652 3 0 169696943
2653 4 0 -1884962498
2654 5 0 16948040
2655 6 0 -4091046242
2656 7 0 -1314425535
2657 8 0 -3023610438
2658 9 0 4662871011
2659 10 0 -256363123
2660 11 0 -3247955177
2661 12 0 1155974620
2662 13 0 3534707644
2663 14 0 2165615277
2664 15 0 3327736614
2669 0 0 -4419780608
2670 1 0 645296179
2671 2 0 -615468762
2672 3 0 -2322557905
2673 4 0 -795002856
2674 5 0 -771575443
2675 6 0 1653394087
2676 7 0 4473171281
2677 8 0 1356338626
2678 9 0 -1709602449
2679 10 0 -3387376356
2680 11 0 1141287159
2681 12 0 -1261666450
2682 13 0 -4018318142
2683 14 0 -2935370065
2684 15 0 -3493479764
2689 0 0 -1644691456
2690 1 0 1223959618
2691 2 0 -69988230
2692 3 0 267877965
2693 4 0 -53964084
2694 5 0 2810219481
2695 6 0 -2677847151
2696 7 0 1137185451
2697 8 0 1063924535
2698 9 0 1130234114
2699 10 0 727819944
2700 11 0 1988795111
2701 12 0 1448366929
2702 13 0 343565212
2703 14 0 2383206186
2704 15 0 2125278017
2709 0 0 -1594523648
2710 1 0 2113708711
2711 2 0 -2707325839
2712 3 0 -1519892378
2713 4 0 -663545527
2714 5 0 -1626330894
2715 6 0 3521661886
2716 7 0 -432452080
2717 8 0 -157958765
2718 9 0 348434279
2719 10 0 -4031918802
2720 11 0 -1956776958
2721 12 0 -421453608
2722 13 0 -1151898401
2723 14 0 -1946529906
2724 15 0 590262432
2729 0 0 1114177536
2730 1 0 1890594355
2731 2 0 2057237463
2732 3 0 1515080031
2733 4 0 -1305743764
2734 5 0 -484740315
2735 6 0 -2739627442
2736 7 0 958970175
2737 8 0 2140683898
2738 9 0 417166835
2739 10 0 -5832341123
2740 11 0 -4046450124
2741 12 0 -1234610791
2742 13 0 -3047015064
2743 14 0 -3420833230
2744 15 0 1208006756
2749 0 0 943030272
2750 1 0 -1385063584
2751 2 0 2208813394
2752 3 0 -1005628933
2753 4 0 1319598665
2754 5 0 1393600243
2755 6 0 -425899745
2756 7 0 2310007466
2757 8 0 1961713557
2758 9 0 -1779191101
2759 10 0 -490795774
2760 11 0 1566299407
2761 12 0 -1508657846
2762 13 0 -3232004200
2763 14 0 -2623396146
2764 15 0 1211681899
2769 0 0 33292288
2770 1 0 -1469434770
2771 2 0 141192056
2772 3 0 1940940598
2773 4 0 906266884
2774 5 0 315277430
2775 6 0 3744245256
2776 7 0 1618521540
2777 8 0 -2489851250
2778 9 0 -686296657
2779 10 0 3193665820
2780 11 0 4903724720
2781 12 0 993492889
2782 13 0 241564785
2783 14 0 -754134468
2784 15 0 1571461356
2789 0 0 -888012800
2790 1 0 -295165580
2791 2 0 -1913869126
2792 3 0 2887751286
2793 4 0 579677415
2794 5 0 -1286127355
2795 6 0 -404643977
2796 7 0 -1097888600
2797 8 0 -3396091900
2798 9 0 1458796187
2799 10 0 3071005601
2800 11 0 515170250
2801 12 0 2395157643
2802 13 0 3670324893
2803 14 0 -156066887
2804 15 0 -1365459177
2809 0 0 -2510651392
2810 1 0 1546515007
2811 2 0 1017704835
2812 3 0 1296859517
2813 4 0 160227850
2814 5 0 45898963
2815 6 0 -1510713626
2816 7 0 -797246948
2817 8 0 -634685137
2818 9 0 -1626630852
2819 10 0 -1559141464
2820 11 0 526264875
2821 12 0 -764331911
2822 13 0 -891512773
2823 14 0 896110533
2824 15 0 -397774828
2829 0 0 -2611806208
2830 1 0 -2731340629
2831 2 0 803238156
2832 3 0 201932381
2833 4 0 2025519243
2834 5 0 -2763980178
2835 6 0 1056739872
2836 7 0 760413960
2837 8 0 -395134732
2838 9 0 2860562897
2839 10 0 74501143
2840 11 0 -2474256533
2841 12 0 314928665
2842 13 0 -568985983
2843 14 0 -611143920
2844 15 0 413359543
2849 0 0 1388740608
2850 1 0 171119073
2851 2 0 -1622248835
2852 3 0 -1057060339
2853 4 0 -268483452
2854 5 0 1673815264
2855 6 0 1681211867
2856 7 0 -38829626
2857 8 0 2694128272
2858 9 0 -2354105396
2859 10 0 -1811963760
2860 11 0 -167898048
2861 12 0 -1597878031
2862 13 0 -1638984217
2863 14 0 -1843046802
2864 15 0 -476626982
2869 0 0 918847488
2870 1 0 -425409033
2871 2 0 2241067161
2872 3 0 3687890658
2873 4 0 1977291537
2874 5 0 -711259654
2875 6 0 315566760
2876 7 0 -1947205715
2877 8 0 -523978975
2878 9 0 -1029355728
2879 10 0 -1509669856
2880 11 0 -2559913479
2881 12 0 1387535590
2882 13 0 -1693401521
2883 14 0 381330835
2884 15 0 2008533109
2889 0 0 4946100224
2890 1 0 2831840501
2891 2 0 -157448114
2892 3 0 1138774399
2893 4 0 2734309115
2894 5 0 -239119262
2895 6 0 77991793
2896 7 0 -1284309086
2897 8 0 3722590034
2898 9 0 832910937
2899 10 0 -2199185725
2900 11 0 -1489568772
2901 12 0 -1704271670
2902 13 0 -1676549171
2903 14 0 -3015724253
2904 15 0 319424288
2909 0 0 2214526976
2910 1 0 -1912806547
2911 2 0 1852695819
2912 3 0 494793104
2913 4 0 -478519973
2914 5 0 -2395679971
2915 6 0 -2029379902
2916 7 0 823706824
2917 8 0 -914846964
2918 9 0 438015734
2919 10 0 2269689484
2920 11 0 -314522745
2921 12 0 874107256
2922 13 0 159616731
2923 14 0 -704894141
2924 15 0 214350898
2929 0 0 5071339520
2930 1 0 303758102
2931 2 0 -758934638
2932 3 0 450598209
2933 4 0 1224545348
2934 5 0 -392242168
2935 6 0 -568639194
2936 7 0 -104419074
2937 8 0 -687319370
2938 9 0 1286207347
2939 10 0 6017788894
2940 11 0 1032029076
2941 12 0 -1258070636
2942 13 0 1295192233
2943 14 0 -2226720524
2944 15 0 367255412
2951 0 0 1417740288
2952 1 0 -1163516815
2953 2 0 44458372
2954 3 0 90542352
2955 4 0 -165136392
2956 5 0 790893371
2957 6 0 -41471262
2958 7 0 -29215762
2959 8 0 1072658707
2960 9 0 584275506
2961 10 0 345418918
2962 11 0 -457280034
2963 12 0 -877493327
2964 13 0 4794590732
2965 14 0 2461351564
2966 15 0 3444212210
2971 0 0 -1246134272
2972 1 0 -661753450
2973 2 0 1632441043
2974 3 0 303279383
2975 4 0 -812493666
2976 5 0 -605045933
2977 6 0 248824996
2978 7 0 -1293868971
2979 8 0 -968746041
2980 9 0 493360141
2981 10 0 -1460945467
2982 11 0 -1157498360
2983 12 0 -1658258277
2984 13 0 215839697
2985 14 0 4026001116
2986 15 0 189874311
2991 0 0 1187676160
2992 1 0 1906561490
2993 2 0 -1562461814
2994 3 0 -445620506
2995 4 0 429940788
2996 5 0 355168694
2997 6 0 -97462806
2998 7 0 -2183861511
2999 8 0 225991587
3000 9 0 274501734
3001 10 0 -1604247582
3002 11 0 -1999589903
3003 12 0 -1483277278
3004 13 0 -74130844
3005 14 0 -2212695922
3006 15 0 -2666660710
3011 0 0 420184064
3012 1 0 3285298610
3013 2 0 1362095708
3014 3 0 -398251715
3015 4 0 -2262028306
3016 5 0 2204726859
3017 6 0 -3120664356
3018 7 0 -1430418770
3019 8 0 2909244723
3020 9 0 1811419945
3021 10 0 -4424998864
3022 11 0 -3125616735
3023 12 0 603623273
3024 13 0 564621758
3025 14 0 1753908121
3026 15 0 4100008097
3031 0 0 -199753728
3032 1 0 -192469249
3033 2 0 2991565054
3034 3 0 -3902268436
3035 4 0 -1058723040
3036 5 0 -926669357
3037 6 0 -1528225406
3038 7 0 1453418294
3039 8 0 382987812
3040 9 0 1254114084
3041 10 0 1574938760
3042 11 0 -553323379
3043 12 0 -1243759159
3044 13 0 -1711266085
3045 14 0 -68121865
3046 15 0 -715855570
3051 0 0 212074496
3052 1 0 -1321849132
3053 2 0 -2675553620
3054 3 0 -1131297270
3055 4 0 447565256
3056 5 0 1686752513
3057 6 0 112675692
3058 7 0 337047450
3059 8 0 1260171886
3060 9 0 -341518590
3061 10 0 1497013215
3062 11 0 117712773
3063 12 0 -574624229
3064 13 0 2597073729
3065 14 0 -2478025596
3066 15 0 -3778421890
3071 0 0 121864192
3072 1 0 1768959441
3073 2 0 -2848370854
3074 3 0 -1968827076
3075 4 0 -3261402230
3076 5 0 -2658992357
3077 6 0 -1723502484
3078 7 0 2312732062
3079 8 0 -224512326
3080 9 0 -191688114
3081 10 0 -1243547612
3082 11 0 -1010132162
3083 12 0 1245594200
3084 13 0 1054266566
3085 14 0 734060796
3086 15 0 -198683180
3091 0 0 -68780032
3092 1 0 -2748744384
3093 2 0 1193710652
3094 3 0 1726264899
3095 4 0 -826927363
3096 5 0 69353399
3097 6 0 -2725479247
3098 7 0 549185934
3099 8 0 -689237607
3100 9 0 3379435600
3101 10 0 1118601718
3102 11 0 -1567981184
3103 12 0 -1560173161
3104 13 0 587472362
3105 14 0 1102445104
3106 15 0 1729281222
3111 0 0 -984219648
3112 1 0 -583294207
3113 2 0 386812258
3114 3 0 -677571036
3115 4 0 2423581676
3116 5 0 -524676030
3117 6 0 3645993892
3118 7 0 5419258
3119 8 0 1541545891
3120 9 0 93505033
3121 10 0 -1982784821
3122 11 0 -1872690110
3123 12 0 -1111493732
3124 13 0 -1206037834
3125 14 0 -25681285
3126 15 0 -1201302734
3131 0 0 -1831305216
3132 1 0 1150318453
3133 2 0 393155381
3134 3 0 1142073231
3135 4 0 -327216481
3136 5 0 557927043
3137 6 0 -577098670
3138 7 0 2037353278
3139 8 0 78033794
3140 9 0 -272712031
3141 10 0 -1091019883
3142 11 0 -345856550
3143 12 0 1271037843
3144 13 0 -2890937793
3145 14 0 -384320894
3146 15 0 1574514182
3151 0 0 -5337808896
3152 1 0 -2511343361
3153 2 0 1319257320
3154 3 0 -2694212859
3155 4 0 -624177071
3156 5 0 2128352736
3157 6 0 1077997246
3158 7 0 1926616643
3159 8 0 -10337259
3160 9 0 947849010
3161 10 0 122469872
3162 11 0 -682829989
3163 12 0 -949857752
3164 13 0 -1933568005
3165 14 0 -676996476
3166 15 0 -1002476355
3171 0 0 -2933030912
3172 1 0 2013995539
3173 2 0 -4079814018
3174 3 0 -1451633405
3175 4 0 431723146
3176 5 0 -345510800
3177 6 0 2159556339
3178 7 0 1518442047
3179 8 0 997057337
3180 9 0 469268046
3181 10 0 42399753
3182 11 0 1978225122
3183 12 0 42679356
3184 13 0 -1437713918
3185 14 0 -542599418
3186 15 0 -3149838278
3191 0 0 -3692789760
3192 1 0 -1623599696
3193 2 0 -3146075904
3194 3 0 1809983188
3195 4 0 -186840699
3196 5 0 218415517
3197 6 0 -2152014717
3198 7 0 100947114
3199 8 0 413656355
3200 9 0 1751441397
3201 10 0 1772355306
3202 11 0 -750737212
3203 12 0 4183704110
3204 13 0 -566382880
3205 14 0 -137235213
3206 15 0 2540826264
3211 0 0 964722688
3212 1 0 -1034961167
3213 2 0 2295850288
3214 3 0 -1651131635
3215 4 0 924052074
3216 5 0 469851139
3217 6 0 -691125141
3218 7 0 412537174
3219 8 0 421806780
3220 9 0 -1442607399
3221 10 0 1846628881
3222 11 0 1735378921
3223 12 0 54607585
3224 13 0 -1882732907
3225 14 0 2868331870
3226 15 0 463891739
3231 0 0 1434288128
3232 1 0 -2624205551
3233 2 0 2234577289
3234 3 0 -703507413
3235 4 0 693955309
3236 5 0 514174426
3237 6 0 2374783744
3238 7 0 -1301726431
3239 8 0 -2894840995
3240 9 0 -3781457730
3241 10 0 679680437
3242 11 0 3360925001
3243 12 0 -597519352
3244 13 0 -184697434
3245 14 0 3450003519
3246 15 0 -896166477
3251 0 0 -1885765632
3252 1 0 -77979347
3253 2 0 -1792452353
3254 3 0 2851783853
3255 4 0 -602156997
3256 5 0 -12913539
3257 6 0 5274190257
3258 7 0 -1240533955
3259 8 0 -4952706049
3260 9 0 -238217123
3261 10 0 -1563386983
3262 11 0 -422089284
3263 12 0 246215515
3264 13 0 -1814742764
3265 14 0 -1227713760
3266 15 0 -282872677
3271 0 0 -2414903296
3272 1 0 1445839819
3273 2 0 -1489304380
3274 3 0 -1952883664
3275 4 0 -1012770133
3276 5 0 2221584523
3277 6 0 -128492384
3278 7 0 -361359128
3279 8 0 234061537
3280 9 0 1639892788
3281 10 0 -4501699310
3282 11 0 -2392070407
3283 12 0 603249660
3284 13 0 -1255704901
3285 14 0 -2117471904
3286 15 0 -958239746
3291 0 0 -5855084544
3292 1 0 -1131726563
3293 2 0 316994115
3294 3 0 -2606698377
3295 4 0 -1865275498
3296 5 0 3832514744
3297 6 0 1438920984
3298 7 0 2799849503
3299 8 0 820780190
3300 9 0 -3961623178
3301 10 0 -3545570254
3302 11 0 3533539201
3303 12 0 461027694
3304 13 0 -3412068233
3305 14 0 -1474528196
3306 15 0 16627782
3311 0 0 -4404019200
3312 1 0 -775498880
3313 2 0 657133450
3314 3 0 650781264
3315 4 0 -993842339
3316 5 0 1960908928
3317 6 0 -363933557
3318 7 0 2692689952
3319 8 0 -450403898
3320 9 0 1364907116
3321 10 0 1277469337
3322 11 0 203786345
3323 12 0 296626992
3324 13 0 588982590
3325 14 0 3130763748
3326 15 0 2624814214
3331 0 0 -3484778496
3332 1 0 -756564882
3333 2 0 -1636880400
3334 3 0 2770481881
3335 4 0 4350204195
3336 5 0 222426393
3337 6 0 768777005
3338 7 0 -1396280714
3339 8 0 -229253788
3340 9 0 643214963
3341 10 0 266286555
3342 11 0 1254132039
3343 12 0 1191304205
3344 13 0 -413532148
3345 14 0 -747884995
3346 15 0 -758790288
3351 0 0 -3122659328
3352 1 0 1622854501
3353 2 0 553469645
3354 3 0 -1156194841
3355 4 0 -2399598098
3356 5 0 -641289752
3357 6 0 -105758387
3358 7 0 3058490045
3359 8 0 77949921
3360 9 0 -1373535597
3361 10 0 -541983129
3362 11 0 2052394828
3363 12 0 -228967606
3364 13 0 -4955856817
3365 14 0 -768148545
3366 15 0 941184621
3371 0 0 2683568128
3372 1 0 -1138378989
3373 2 0 656286559
3374 3 0 74155700
3375 4 0 2488557755
3376 5 0 1347029277
3377 6 0 330188972
3378 7 0 -275126803
3379 8 0 -647051242
3380 9 0 -1808782611
3381 10 0 4134640072
3382 11 0 3221578921
3383 12 0 1141198848
3384 13 0 55855961
3385 14 0 -2296507235
3386 15 0 -988155911
3391 0 0 273481728
3392 1 0 -524967509
3393 2 0 735704603
3394 3 0 1913920937
3395 4 0 -1489089849
3396 5 0 2899510103
3397 6 0 3877766773
3398 7 0 -1188437153
3399 8 0 -3036013039
3400 9 0 -1184147699
3401 10 0 -1892793600
3402 11 0 1169781121
3403 12 0 -20972306
3404 13 0 -3314485525
3405 14 0 -850798736
3406 15 0 1455731515
3411 0 0 3763994624
3412 1 0 -225459322
3413 2 0 1614054633
3414 3 0 -1309471455
3415 4 0 -905440641
3416 5 0 -295313763
3417 6 0 -1067813011
3418 7 0 -1643021828
3419 8 0 -1384219264
3420 9 0 335357614
3421 10 0 -3418681746
3422 11 0 -5344351582
3423 12 0 1158116696
3424 13 0 1648883444
3425 14 0 -351119187
3426 15 0 -1415243144
3433 0 0 4727242752
3434 1 0 -333739166
3435 2 0 -1334959952
3436 3 0 3121783289
3437 4 0 -51939856
3438 5 0 77222072
3439 6 0 1219358388
3440 7 0 -1585593646
3441 8 0 -1371333285
3442 9 0 351906040
3443 10 0 239889890
3444 11 0 -699251390
3445 12 0 -187724331
3446 13 0 2941026202
3447 14 0 -1933706372
3448 15 0 2205577753
3453 0 0 5994905600
3454 1 0 -61834143
3455 2 0 -396706062
3456 3 0 1388270462
3457 4 0 343625314
3458 5 0 -2651250721
3459 6 0 -1280418275
3460 7 0 -1456606368
3461 8 0 2312142809
3462 9 0 3128175518
3463 10 0 -706811446
3464 11 0 -2606547058
3465 12 0 -1768455455
3466 13 0 1783209170
3467 14 0 -1497482038
3468 15 0 -536725099
3473 0 0 5183045632
3474 1 0 2124240031
3475 2 0 1312183653
3476 3 0 2997631798
3477 4 0 1665582865
3478 5 0 -2238505053
3479 6 0 -1237881992
3480 7 0 -1547320540
3481 8 0 1482184719
3482 9 0 2157240084
3483 10 0 2953981471
3484 11 0 -2913971092
3485 12 0 -1358139004
3486 13 0 -263410310
3487 14 0 -2144879255
3488 15 0 411244512
3493 0 0 3730767872
3494 1 0 593931121
3495 2 0 2889663593
3496 3 0 878417281
3497 4 0 2015508928
3498 5 0 -683500912
3499 6 0 -3130258288
3500 7 0 -777067514
3501 8 0 2675382215
3502 9 0 -1405286218
3503 10 0 -767502051
3504 11 0 607063664
3505 12 0 -1817796740
3506 13 0 -2793779464
3507 14 0 307107550
3508 15 0 -1329720403
3513 0 0 696745984
3514 1 0 -2069457545
3515 2 0 -1378284729
3516 3 0 -1959900775
3517 4 0 99240945
3518 5 0 -2865949448
3519 6 0 2356366222
3520 7 0 3502938812
3521 8 0 888964895
3522 9 0 2277875852
3523 10 0 5349945805
3524 11 0 -2248646725
3525 12 0 -1508946786
3526 13 0 2089446411
3527 14 0 -1222987573
3528 15 0 1938959783
3533 0 0 625508352
3534 1 0 -132824547
3535 2 0 -562182303
3536 3 0 1957150532
3537 4 0 866874712
3538 5 0 -691542567
3539 6 0 -507786339
3540 7 0 -1373229896
3541 8 0 -2187593107
3542 9 0 1637674735
3543 10 0 -2126422068
3544 11 0 -2842586775
3545 12 0 328065876
3546 13 0 708504962
3547 14 0 239199532
3548 15 0 -2767272033
3553 0 0 1469939712
3554 1 0 1492543212
3555 2 0 -326307319
3556 3 0 -1090857250
3557 4 0 176000222
3558 5 0 622097801
3559 6 0 -3826115955
3560 7 0 778097439
3561 8 0 4356050746
3562 9 0 -619216152
3563 10 0 -169686845
3564 11 0 1534609075
3565 12 0 646459091
3566 13 0 -1275564343
3567 14 0 1459803674
3568 15 0 1551559153
3573 0 0 1385365504
3574 1 0 625863253
3575 2 0 -1197826332
3576 3 0 -3912523295
3577 4 0 -2418246377
3578 5 0 -2094388989
3579 6 0 2819831729
3580 7 0 2951484727
3581 8 0 -2009179415
3582 9 0 -855185482
3583 10 0 1309603090
3584 11 0 1499324418
3585 12 0 1014427095
3586 13 0 649774845
3587 14 0 308076166
3588 15 0 1152367136
3593 0 0 -484802560
3594 1 0 -1288482129
3595 2 0 -897284760
3596 3 0 3282307927
3597 4 0 175915291
3598 5 0 -238079706
3599 6 0 -593576474
3600 7 0 -1973568752
3601 8 0 -3501260458
3602 9 0 2852757364
3603 10 0 -83001089
3604 11 0 1795641302
3605 12 0 400664089
3606 13 0 2645983874
3607 14 0 -513901758
3608 15 0 -1913946001
3613 0 0 -3285352448
3614 1 0 -976777
3615 2 0 -178613198
3616 3 0 499667756
3617 4 0 650811176
3618 5 0 -810999255
3619 6 0 -1781005503
3620 7 0 3348389272
3621 8 0 1119231618
3622 9 0 -2232840718
3623 10 0 3476604757
3624 11 0 2182458198
3625 12 0 1683941501
3626 13 0 1179449362
3627 14 0 1217365890
3628 15 0 -53572952
3633 0 0 -5207064576
3634 1 0 -1906922046
3635 2 0 706426685
3636 3 0 -1428555114
3637 4 0 389664013
3638 5 0 -519007535
3639 6 0 724615117
3640 7 0 693162247
3641 8 0 -2962199105
3642 9 0 -1567899155
3643 10 0 611552285
3644 11 0 3244397344
3645 12 0 -129281109
3646 13 0 866947041
3647 14 0 3746500126
3648 15 0 -647801305
3653 0 0 -3502800896
3654 1 0 -142023993
3655 2 0 -1846383562
3656 3 0 2439461954
3657 4 0 2060898685
3658 5 0 -785539093
3659 6 0 3293657804
3660 7 0 1040230910
3661 8 0 -79018671
3662 9 0 -871270972
3663 10 0 946050611
3664 11 0 386256679
3665 12 0 1179829950
3666 13 0 3734639941
3667 14 0 -986918567
3668 15 0 -106942611
3673 0 0 -5898764288
3674 1 0 465605923
3675 2 0 1649964351
3676 3 0 671461127
3677 4 0 -1324952247
3678 5 0 1165129404
3679 6 0 -2344236658
3680 7 0 -73770101
3681 8 0 -2299796792
3682 9 0 1398445580
3683 10 0 -1268903010
3684 11 0 -484496587
3685 12 0 2253969358
3686 13 0 -157063619
3687 14 0 3065087860
3688 15 0 1012037782
3693 0 0 -5529632768
3694 1 0 -1124572306
3695 2 0 -1472728677
3696 3 0 -4455835560
3697 4 0 -231722009
3698 5 0 973119524
3699 6 0 679729823
3700 7 0 1876583280
3701 8 0 -280893226
3702 9 0 656856473
3703 10 0 2455162534
3704 11 0 3048793432
3705 12 0 -743845586
3706 13 0 1731569652
3707 14 0 -62099214
3708 15 0 -1156523002
3713 0 0 -4182867968
3714 1 0 -1911711246
3715 2 0 -3815022010
3716 3 0 767658876
3717 4 0 -306037955
3718 5 0 1581071773
3719 6 0 2759776693
3720 7 0 1008165610
3721 8 0 1320618566
3722 9 0 -931226750
3723 10 0 907045313
3724 11 0 4136228763
3725 12 0 1268550460
3726 13 0 3701155399
3727 14 0 1779548855
3728 15 0 1610812804
3733 0 0 -3499917312
3734 1 0 314684711
3735 2 0 -734698277
3736 3 0 1032708116
3737 4 0 -27326972
3738 5 0 -1734328627
3739 6 0 1080705484
3740 7 0 -1137173436
3741 8 0 -1825077246
3742 9 0 1757509744
3743 10 0 4381032877
3744 11 0 1941520725
3745 12 0 2030817093
3746 13 0 1147816147
3747 14 0 3351588220
3748 15 0 688836956
3753 0 0 -1618804736
3754 1 0 1234212474
3755 2 0 -1220076490
3756 3 0 2231998096
3757 4 0 3682768205
3758 5 0 -190435237
3759 6 0 -3006954650
3760 7 0 -2539134581
3761 8 0 1499970079
3762 9 0 2276569841
3763 10 0 3554527416
3764 11 0 -681602542
3765 12 0 -423655578
3766 13 0 1151999288
3767 14 0 335952889
3768 15 0 -3511202999
3773 0 0 -3386507264
3774 1 0 -1762371174
3775 2 0 761422352
3776 3 0 -3018408845
3777 4 0 1595218638
3778 5 0 -1047128208
3779 6 0 -2471713906
3780 7 0 2573595198
3781 8 0 5280966797
3782 9 0 -4185833498
3783 10 0 1481323452
3784 11 0 775132547
3785 12 0 -819334142
3786 13 0 174025672
3787 14 0 2564871432
3788 15 0 -1815059856
3793 0 0 -2583035904
3794 1 0 -883077474
3795 2 0 -548890954
3796 3 0 -2262694234
3797 4 0 -1441761384
3798 5 0 -2741050587
3799 6 0 2778265990
3800 7 0 3273655249
3801 8 0 -2644032561
3802 9 0 -236148700
3803 10 0 3155751560
3804 11 0 -52980754
3805 12 0 -1222327431
3806 13 0 1398079921
3807 14 0 1675855087
3808 15 0 1192753049
3813 0 0 -681934848
3814 1 0 -2349874177
3815 2 0 2646141734
3816 3 0 -78239797
3817 4 0 -389678561
3818 5 0 2308250478
3819 6 0 -3830109597
3820 7 0 -1545827273
3821 8 0 -1335928658
3822 9 0 1256806441
3823 10 0 1342948863
3824 11 0 344295477
3825 12 0 2263060995
3826 13 0 4345428318
3827 14 0 3392230356
3828 15 0 -574500422
3833 0 0 -2107637760
3834 1 0 -2469151111
3835 2 0 1183142564
3836 3 0 1618610830
3837 4 0 -404184657
3838 5 0 2330377889
3839 6 0 -484987883
3840 7 0 -2356027327
3841 8 0 -1871044121
3842 9 0 -1694521988
3843 10 0 1358361111
3844 11 0 959643445
3845 12 0 9372794
3846 13 0 907495608
3847 14 0 3055946432
3848 15 0 1325069242
3853 0 0 28573696
3854 1 0 -1199695932
3855 2 0 1148381801
3856 3 0 550114543
3857 4 0 643053618
3858 5 0 -1448119683
3859 6 0 381075080
3860 7 0 -774038261
3861 8 0 -665725421
3862 9 0 -1113292882
3863 10 0 -2317159209
3864 11 0 -4237381910
3865 12 0 -793070459
3866 13 0 2472583498
3867 14 0 3327538463
3868 15 0 -1509035003
3873 0 0 -3747971072
3874 1 0 1141564455
3875 2 0 1290574460
3876 3 0 -454002512
3877 4 0 713482237
3878 5 0 676962402
3879 6 0 -1617476124
3880 7 0 -57785175
3881 8 0 -213306947
3882 9 0 -2173981621
3883 10 0 -82253004
3884 11 0 3044464793
3885 12 0 1047617784
3886 13 0 -3534999893
3887 14 0 554871127
3888 15 0 72878855
3893 0 0 -2426044416
3894 1 0 -5756997
3895 2 0 -895394290
3896 3 0 1801371519
3897 4 0 422872127
3898 5 0 1131851624
3899 6 0 1991597634
3900 7 0 1883389336
3901 8 0 -1721773406
3902 9 0 -198100650
3903 10 0 786871229
3904 11 0 2097255338
3905 12 0 -625758803
3906 13 0 -2082903808
3907 14 0 -3552382322
3908 15 0 664830605
3915 0 0 3517972480
3916 1 0 54632072
3917 2 0 -1124325915
3918 3 0 -1153635760
3919 4 0 563255729
3920 5 0 -1925782077
3921 6 0 -2560054160
3922 7 0 1344144877
3923 8 0 1259062264
3924 9 0 342951618
3925 10 0 3115920418
3926 11 0 -1144759830
3927 12 0 3128469025
3928 13 0 -445222162
3929 14 0 -68723051
3930 15 0 -683723171
3935 0 0 3700260864
3936 1 0 532825417
3937 2 0 -3672449489
3938 3 0 1037495110
3939 4 0 2593909194
3940 5 0 -171558980
3941 6 0 2610063108
3942 7 0 -1205123058
3943 8 0 163577599
3944 9 0 3685873635
3945 10 0 5781842090
3946 11 0 2313794801
3947 12 0 1692888248
3948 13 0 267086326
3949 14 0 -2762094730
3950 15 0 860217591
3955 0 0 5684887552
3956 1 0 931249800
3957 2 0 1204021307
3958 3 0 -648276327
3959 4 0 -576578519
3960 5 0 -2736092600
3961 6 0 -2546441879
3962 7 0 314530256
3963 8 0 1959301214
3964 9 0 -3004221526
3965 10 0 -1589812604
3966 11 0 -870544086
3967 12 0 1004830343
3968 13 0 -778157870
3969 14 0 -180540477
3970 15 0 -3972775553
3975 0 0 6548193280
3976 1 0 1308093324
3977 2 0 1433632711
3978 3 0 -2180499748
3979 4 0 -1150837158
3980 5 0 -226095155
3981 6 0 577506794
3982 7 0 1606351912
3983 8 0 1614856203
3984 9 0 -4099666685
3985 10 0 2456099851
3986 11 0 2376625712
3987 12 0 -3123173826
3988 13 0 -317470769
3989 14 0 -426938175
3990 15 0 1036917130
3995 0 0 3860168704
3996 1 0 -1790811499
3997 2 0 655362588
3998 3 0 2575087278
3999 4 0 -306266250
4000 5 0 -2214628764
4001 6 0 1602544184
4002 7 0 -1704389268
4003 8 0 -4158844890
4004 9 0 3848941515
4005 10 0 -1645661243
4006 11 0 -4570686855
4007 12 0 1089165615
4008 13 0 2522509618
4009 14 0 188564154
4010 15 0 810316036
4015 0 0 3170172928
4016 1 0 3252868821
4017 2 0 706835669
4018 3 0 -1526460871
4019 4 0 -1789667690
4020 5 0 1446094566
4021 6 0 -4001573840
4022 7 0 -518621176
4023 8 0 1504187485
4024 9 0 -2716396407
4025 10 0 -2343333234
4026 11 0 1964509613
4027 12 0 344310514
4028 13 0 -1823452073
4029 14 0 -387232750
4030 15 0 -2794988125
4035 0 0 3433070592
4036 1 0 2419740323
4037 2 0 -373350953
4038 3 0 -57468888
4039 4 0 -1732395854
4040 5 0 -357836726
4041 6 0 950594224
4042 7 0 -2101383079
4043 8 0 -1457285493
4044 9 0 1356217483
4045 10 0 -678780513
4046 11 0 -456234085
4047 12 0 -753947122
4048 13 0 -334459481
4049 14 0 412006234
4050 15 0 2675037859
4055 0 0 4211343360
4056 1 0 -517454291
4057 2 0 2142510540
4058 3 0 -577311412
4059 4 0 -1107345426
4060 5 0 64550667
4061 6 0 716561904
4062 7 0 -3915644695
4063 8 0 -624694024
4064 9 0 88275115
4065 10 0 -4122445719
4066 11 0 -2761381633
4067 12 0 -249313690
4068 13 0 67451268
4069 14 0 -917115673
4070 15 0 166078205
4075 0 0 2078179328
4076 1 0 927768497
4077 2 0 -982903944
4078 3 0 -2239769491
4079 4 0 -2678197354
4080 5 0 1309540303
4081 6 0 1734459703
4082 7 0 112934083
4083 8 0 -1882820597
4084 9 0 -1886897989
4085 10 0 -2187071744
4086 11 0 -456856609
4087 12 0 -94690173
4088 13 0 -646064047
4089 14 0 -1490695132
4090 15 0 -1634742273
4095 0 0 -3643899904
4096 1 0 -725393720
4097 2 0 -1550615957
4098 3 0 -1651746539
4099 4 0 -2530238257
4100 5 0 1569016251
4101 6 0 644859109
4102 7 0 -690366225
4103 8 0 -2840196498
4104 9 0 4970570852
4105 10 0 -2767008294
4106 11 0 -2396859446
4107 12 0 -500597769
4108 13 0 975625281
4109 14 0 308504173
4110 15 0 -69200252
4115 0 0 -4091478016
4116 1 0 -99625012
4117 2 0 -1804511155
4118 3 0 -2118348192
4119 4 0 -1443625193
4120 5 0 2051150581
4121 6 0 -1126189644
4122 7 0 1585930715
4123 8 0 3142059276
4124 9 0 -1300735000
4125 10 0 -3837149483
4126 11 0 1092516963
4127 12 0 -861272710
4128 13 0 -31803119
4129 14 0 1894700170
4130 15 0 -106369680
4135 0 0 -3733848064
4136 1 0 227094805
4137 2 0 -4776288474
4138 3 0 -2298238766
4139 4 0 -513765093
4140 5 0 -2932270110
4141 6 0 2353388906
4142 7 0 2886528196
4143 8 0 802241032
4144 9 0 3209521526
4145 10 0 579063676
4146 11 0 -1974862417
4147 12 0 1293001057
4148 13 0 -852937857
4149 14 0 -540994065
4150 15 0 -342801579
4155 0 0 -3834216448
4156 1 0 2189398158
4157 2 0 727375747
4158 3 0 -703898271
4159 4 0 -1190704283
4160 5 0 2443140058
4161 6 0 -3444714961
4162 7 0 -106194131
4163 8 0 1075450145
4164 9 0 -682035930
4165 10 0 -821788496
4166 11 0 3844959418
4167 12 0 -360656605
4168 13 0 -2920894332
4169 14 0 2424445574
4170 15 0 -1970208248
4175 0 0 -6070108160
4176 1 0 -1083666786
4177 2 0 -2432011253
4178 3 0 -1711835861
4179 4 0 1486158565
4180 5 0 -1480676606
4181 6 0 2084260484
4182 7 0 2373275552
4183 8 0 -68503621
4184 9 0 1565357407
4185 10 0 3200435577
4186 11 0 -1383133552
4187 12 0 711956086
4188 13 0 2987543694
4189 14 0 1281049503
4190 15 0 1185796627
4195 0 0 -4426301440
4196 1 0 124070083
4197 2 0 138543210
4198 3 0 1652968085
4199 4 0 2503497210
4200 5 0 796108622
4201 6 0 -1359944239
4202 7 0 -1057635238
4203 8 0 2655371689
4204 9 0 -362621721
4205 10 0 -2837437039
4206 11 0 -220077172
4207 12 0 2865298104
4208 13 0 2249400463
4209 14 0 3635554024
4210 15 0 -180658495
4215 0 0 -3184066560
4216 1 0 3681159544
4217 2 0 -916530301
4218 3 0 -3229274910
4219 4 0 -417080296
4220 5 0 -3251414924
4221 6 0 -398659200
4222 7 0 1569566661
4223 8 0 2720975458
4224 9 0 -149100287
4225 10 0 2072072489
4226 11 0 646457962
4227 12 0 -1524961674
4228 13 0 -1350287454
4229 14 0 264265956
4230 15 0 570165989
4235 0 0 -2915467264
4236 1 0 735699766
4237 2 0 -287382324
4238 3 0 -2780753798
4239 4 0 -1199079329
4240 5 0 -1581912409
4241 6 0 -1688038365
4242 7 0 4640975875
4243 8 0 -1603387281
4244 9 0 -2339534343
4245 10 0 23184901
4246 11 0 -495800145
4247 12 0 -137283207
4248 13 0 796998081
4249 14 0 -2978190434
4250 15 0 -4214238953
4255 0 0 -4052746240
4256 1 0 -1876277263
4257 2 0 -2572786542
4258 3 0 859329311
4259 4 0 -105915556
4260 5 0 1862136806
4261 6 0 -300301951
4262 7 0 1204213661
4263 8 0 -486537785
4264 9 0 6428415971
4265 10 0 -757081989
4266 11 0 -708264975
4267 12 0 -708892201
4268 13 0 1180005070
4269 14 0 -2218700028
4270 15 0 2186158579
4275 0 0 -3810099200
4276 1 0 -2192590835
4277 2 0 -1181079543
4278 3 0 -105776906
4279 4 0 298144867
4280 5 0 -1719624983
4281 6 0 823457847
4282 7 0 4757278497
4283 8 0 2680736978
4284 9 0 -1053983342
4285 10 0 161614189
4286 11 0 1728020382
4287 12 0 2084690439
4288 13 0 886585523
4289 14 0 732400583
4290 15 0 -626131837
4295 0 0 -1847656448
4296 1 0 2045294125
4297 2 0 -6312074573
4298 3 0 -897886953
4299 4 0 66677896
4300 5 0 -1133539851
4301 6 0 1652240975
4302 7 0 2662758773
4303 8 0 2497249498
4304 9 0 1194356207
4305 10 0 2693552799
4306 11 0 1398365203
4307 12 0 -2161814905
4308 13 0 1420687624
4309 14 0 161195476
4310 15 0 2045554084
4315 0 0 -1511227392
4316 1 0 -1343544711
4317 2 0 869640922
4318 3 0 -1065171502
4319 4 0 -405164704
4320 5 0 -2245340031
4321 6 0 -1508825012
4322 7 0 2564413431
4323 8 0 485676689
4324 9 0 -354790262
4325 10 0 -1302626780
4326 11 0 676440609
4327 12 0 66437467
4328 13 0 1943635471
4329 14 0 1804486634
4330 15 0 1233185072
4335 0 0 881721344
4336 1 0 223951636
4337 2 0 2227205222
4338 3 0 1297100810
4339 4 0 -809739636
4340 5 0 1609434491
4341 6 0 -908400242
4342 7 0 -545892747
4343 8 0 -746600001
4344 9 0 1924340415
4345 10 0 1403544526
4346 11 0 1553638099
4347 12 0 -1500670193
4348 13 0 1443999152
4349 14 0 1868280575
4350 15 0 3772729654
4355 0 0 -895746048
4356 1 0 -2321816679
4357 2 0 4063884836
4358 3 0 1134428740
4359 4 0 -408097665
4360 5 0 389899233
4361 6 0 60465014
4362 7 0 -1522497872
4363 8 0 -2042311909
4364 9 0 53183161
4365 10 0 -1069600458
4366 11 0 -436498099
4367 12 0 -3159835141
4368 13 0 -43257919
4369 14 0 2405054653
4370 15 0 396135644
4375 0 0 -1745977344
4376 1 0 -2531916885
4377 2 0 1586607272
4378 3 0 -842998143
4379 4 0 -103873534
4380 5 0 1617237295
4381 6 0 -2353794361
4382 7 0 1039302128
4383 8 0 -1597007885
4384 9 0 -3414571464
4385 10 0 1836475729
4386 11 0 -221777045
4387 12 0 1778550733
4388 13 0 1778753321
4389 14 0 2364910176
4390 15 0 -411142791
4397 0 0 -5048139776
4398 1 0 2922133078
4399 2 0 -792491426
4400 3 0 1055121716
4401 4 0 342030780
4402 5 0 2802220815
4403 6 0 2454735682
4404 7 0 -729385292
4405 8 0 -1378014232
4406 9 0 578057546
4407 10 0 3497417918
4408 11 0 5737552890
4409 12 0 825983148
4410 13 0 -1253356869
4411 14 0 2243992126
4412 15 0 1304016555
4417 0 0 -274464768
4418 1 0 1354362354
4419 2 0 -1850938778
4420 3 0 -4177268788
4421 4 0 -489959599
4422 5 0 -2713470745
4423 6 0 -2116620004
4424 7 0 87685041
4425 8 0 602328230
4426 9 0 -1883798609
4427 10 0 -357481351
4428 11 0 -2541070854
4429 12 0 4285246812
4430 13 0 1412201599
4431 14 0 -857831021
4432 15 0 -4953152186
4437 0 0 3836510208
4438 1 0 1784661208
4439 2 0 -2385312045
4440 3 0 -2556402942
4441 4 0 -3824868470
4442 5 0 2005376454
4443 6 0 -3356682695
4444 7 0 -205674277
4445 8 0 1392520982
4446 9 0 -2324909189
4447 10 0 -1780003600
4448 11 0 1027521270
4449 12 0 -860729760
4450 13 0 -1789048648
4451 14 0 -1539561929
4452 15 0 -1051211926
4457 0 0 5810978816
4458 1 0 -2337591209
4459 2 0 364520113
4460 3 0 2033330312
4461 4 0 492699991
4462 5 0 -2603874340
4463 6 0 3111030455
4464 7 0 -2087960857
4465 8 0 -2099091582
4466 9 0 2010694808
4467 10 0 -1994797903
4468 11 0 -2942025828
4469 12 0 377482442
4470 13 0 2429413573
4471 14 0 -488936962
4472 15 0 2048060488
4477 0 0 5515313152
4478 1 0 2154568020
4479 2 0 1130473172
4480 3 0 -146470356
4481 4 0 -1237938903
4482 5 0 -485743130
4483 6 0 -731110116
4484 7 0 -828823815
4485 8 0 920423785
4486 9 0 517960116
4487 10 0 -799965992
4488 11 0 -29931990
4489 12 0 301344144
4490 13 0 -984809113
4491 14 0 270121832
4492 15 0 499076247
4497 0 0 5121114112
4498 1 0 1019588881
4499 2 0 801311409
4500 3 0 -2406348
4501 4 0 -662567903
4502 5 0 1784090096
4503 6 0 1354251686
4504 7 0 -3745244070
4505 8 0 -341271132
4506 9 0 -2735080657
4507 10 0 -2222792069
4508 11 0 1019133169
4509 12 0 -3496777779
4510 13 0 -1498314199
4511 14 0 -828812032
4512 15 0 -355171211
4517 0 0 7077560320
4518 1 0 -836756075
4519 2 0 2163079513
4520 3 0 2147514727
4521 4 0 -316372301
4522 5 0 -183668581
4523 6 0 704624659
4524 7 0 -4203613418
4525 8 0 -125526198
4526 9 0 478330523
4527 10 0 -3252623122
4528 11 0 -4179434768
4529 12 0 443830976
4530 13 0 2162717923
4531 14 0 -238499404
4532 15 0 3968637808
4537 0 0 6503792640
4538 1 0 996201848
4539 2 0 708333304
4540 3 0 3590540241
4541 4 0 882135047
4542 5 0 -35080626
4543 6 0 131325126
4544 7 0 -4549296975
4545 8 0 639615593
4546 9 0 2310491727
4547 10 0 -1391769826
4548 11 0 -1680744602
4549 12 0 -2109879431
4550 13 0 -895573721
4551 14 0 -508502100
4552 15 0 -206875286
4557 0 0 2850193408
4558 1 0 1296159423
4559 2 0 -642980056
4560 3 0 -123392660
4561 4 0 1662792486
4562 5 0 -1798456816
4563 6 0 235332776
4564 7 0 -2277498334
4565 8 0 768019760
4566 9 0 2124915944
4567 10 0 3890910834
4568 11 0 -610902382
4569 12 0 -1066372178
4570 13 0 -44814590
4571 14 0 -1298256341
4572 15 0 -1892862087
4577 0 0 -3014721536
4578 1 0 1465334683
4579 2 0 -1282567627
4580 3 0 351229459
4581 4 0 1250717139
4582 5 0 -376845387
4583 6 0 -905835930
4584 7 0 471424959
4585 8 0 323249433
4586 9 0 964825361
4587 10 0 2813837680
4588 11 0 1241161932
4589 12 0 1031158266
4590 13 0 154142493
4591 14 0 490271965
4592 15 0 -890842604
4597 0 0 -2710601728
4598 1 0 882420922
4599 2 0 -1742177696
4600 3 0 -1166679869
4601 4 0 2255027873
4602 5 0 -657450100
4603 6 0 -896184421
4604 7 0 1110931081
4605 8 0 3817004313
4606 9 0 -9059135
4607 10 0 2017553542
4608 11 0 2392164689
4609 12 0 567091579
4610 13 0 2152974737
4611 14 0 2959576763
4612 15 0 -494611625
4617 0 0 -2972090368
4618 1 0 1790791418
4619 2 0 74355101
4620 3 0 -34598496
4621 4 0 184508783
4622 5 0 -3285928060
4623 6 0 -1196153341
4624 7 0 237455342
4625 8 0 -162065937
4626 9 0 1466122803
4627 10 0 2616613098
4628 11 0 -1392898393
4629 12 0 872030179
4630 13 0 4878387
4631 14 0 2956420455
4632 15 0 2020916535
4637 0 0 -1561460736
4638 1 0 2953180528
4639 2 0 1048129818
4640 3 0 -3143395873
4641 4 0 299437014
4642 5 0 359210798
4643 6 0 2969481468
4644 7 0 218551995
4645 8 0 1305622426
4646 9 0 -3305743426
4647 10 0 -4645395751
4648 11 0 1321815138
4649 12 0 -4615894697
4650 13 0 -3191288547
4651 14 0 -3150898048
4652 15 0 -2258255190
4657 0 0 -2416902144
4658 1 0 -315784775
4659 2 0 -297898774
4660 3 0 -2821095153
4661 4 0 -2927524980
4662 5 0 -164326813
4663 6 0 -328936422
4664 7 0 3297454063
4665 8 0 1070766837
4666 9 0 262054797
4667 10 0 -3615998320
4668 11 0 -3594859600
4669 12 0 1111321141
4670 13 0 1885691735
4671 14 0 -1928014289
4672 15 0 1331680407
4677 0 0 -1105264640
4678 1 0 1174052566
4679 2 0 -662672759
4680 3 0 -321660280
4681 4 0 -2676451375
4682 5 0 2357922657
4683 6 0 -1006738347
4684 7 0 -664599109
4685 8 0 -884744483
4686 9 0 1328240918
4687 10 0 -3312789287
4688 11 0 -97649618
4689 12 0 -1679479212
4690 13 0 -2436195753
4691 14 0 -1913247276
4692 15 0 -908988576
4697 0 0 1264353280
4698 1 0 -2174076195
4699 2 0 -1044649742
4700 3 0 1063256259
4701 4 0 -378545297
4702 5 0 -1330597734
4703 6 0 -3760632870
4704 7 0 -1620740394
4705 8 0 115280007
4706 9 0 5927359068
4707 10 0 248984148
4708 11 0 -4900145791
4709 12 0 741252567
4710 13 0 2145129107
4711 14 0 1699783616
4712 15 0 698407220
4717 0 0 -2312044544
4718 1 0 -225249206
4719 2 0 -1206259683
4720 3 0 -4579289394
4721 4 0 -1269772963
4722 5 0 -366047705
4723 6 0 2301763060
4724 7 0 2242881419
4725 8 0 504758161
4726 9 0 -208099530
4727 10 0 -403782970
4728 11 0 -2522031016
4729 12 0 -1386377716
4730 13 0 -2751160395
4731 14 0 -741217999
4732 15 0 -211850405
4737 0 0 -1858764800
4738 1 0 -1437772256
4739 2 0 1601277468
4740 3 0 -971837771
4741 4 0 1443796748
4742 5 0 1111165943
4743 6 0 -134057534
4744 7 0 1665583525
4745 8 0 -162657305
4746 9 0 -779627999
4747 10 0 -2703413068
4748 11 0 -138632905
4749 12 0 3286294477
4750 13 0 -535328972
4751 14 0 565779899
4752 15 0 -2938067565
4757 0 0 -1953595392
4758 1 0 2993747320
4759 2 0 -2442813493
4760 3 0 -2695179241
4761 4 0 -2528356385
4762 5 0 1577251800
4763 6 0 -696597277
4764 7 0 1827056272
4765 8 0 3454499840
4766 9 0 389092759
4767 10 0 -441232345
4768 11 0 227494440
4769 12 0 -218862220
4770 13 0 -1651408858
4771 14 0 1021198978
4772 15 0 -725228706
4777 0 0 2417065984
4778 1 0 1055838937
4779 2 0 -361372420
4780 3 0 -375215563
4781 4 0 246561925
4782 5 0 -2990402751
4783 6 0 -1820205938
4784 7 0 -1268607751
4785 8 0 -668002196
4786 9 0 1122111129
4787 10 0 -331859653
4788 11 0 -4968192376
4789 12 0 2698988487
4790 13 0 953465829
4791 14 0 -1589869455
4792 15 0 -652732983
4797 0 0 4297719808
4798 1 0 1077932679
4799 2 0 -383081695
4800 3 0 -2354152412
4801 4 0 -1020714740
4802 5 0 754075298
4803 6 0 -1304207503
4804 7 0 133427956
4805 8 0 4196069758
4806 9 0 261268381
4807 10 0 -1395341574
4808 11 0 375198624
4809 12 0 -741364310
4810 13 0 -1985017886
4811 14 0 -1818561223
4812 15 0 -1872803009
4817 0 0 1929674752
4818 1 0 -1471751163
4819 2 0 -1486286874
4820 3 0 784888949
4821 4 0 -282088303
4822 5 0 -1922574081
4823 6 0 2264769634
4824 7 0 1264492898
4825 8 0 -1713187968
4826 9 0 -905992998
4827 10 0 1207673097
4828 11 0 -1411500934
4829 12 0 -175767510
4830 13 0 591737859
4831 14 0 -2741001384
4832 15 0 1753008977
4837 0 0 -1252982784
4838 1 0 -2670234759
4839 2 0 1016121702
4840 3 0 2227836661
4841 4 0 2182132620
4842 5 0 180726678
4843 6 0 2031457245
4844 7 0 2944436418
4845 8 0 996038097
4846 9 0 214381080
4847 10 0 458466987
4848 11 0 2874170932
4849 12 0 -540513636
4850 13 0 1540367888
4851 14 0 369157023
4852 15 0 -149701876
4857 0 0 -4850581504
4858 1 0 8107454
4859 2 0 -2703696105
4860 3 0 92319018
4861 4 0 -972143951
4862 5 0 -476477413
4863 6 0 647123078
4864 7 0 1500875801
4865 8 0 -1915712165
4866 9 0 1569156976
4867 10 0 3848294969
4868 11 0 3942038276
4869 12 0 -1029527784
4870 13 0 667939171
4871 14 0 4558875304
4872 15 0 1476099085
4879 0 0 -8183906304
4880 1 0 293160542
4881 2 0 -575020300
4882 3 0 169624473
4883 4 0 -813594678
4884 5 0 1154587697
4885 6 0 -68063880
4886 7 0 2158317135
4887 8 0 1943810755
4888 9 0 -4909077559
4889 10 0 -6030258285
4890 11 0 -1913569096
4891 12 0 1565455902
4892 13 0 -328658075
4893 14 0 -384778372
4894 15 0 -1302702318
4899 0 0 -4778688512
4900 1 0 775422840
4901 2 0 -2285435801
4902 3 0 -1498234564
4903 4 0 -779940910
4904 5 0 -85939518
4905 6 0 -305954126
4906 7 0 2637941523
4907 8 0 2404059955
4908 9 0 3511012945
4909 10 0 -1143410695
4910 11 0 -3765636123
4911 12 0 -2183993182
4912 13 0 -2908219338
4913 14 0 -1663826321
4914 15 0 1007075353
4919 0 0 555614208
4920 1 0 -1600055399
4921 2 0 879283637
4922 3 0 -201272507
4923 4 0 870690335
4924 5 0 2904253260
4925 6 0 -826116182
4926 7 0 -2017741000
4927 8 0 552467806
4928 9 0 1528765437
4929 10 0 -1905977850
4930 11 0 -1995585889
4931 12 0 1454195716
4932 13 0 -364533426
4933 14 0 -1280363841
4934 15 0 1688234180
4939 0 0 2741141504
4940 1 0 1267668773
4941 2 0 -268150765
4942 3 0 -1753565945
4943 4 0 -661068931
4944 5 0 549721792
4945 6 0 1297912880
4946 7 0 49340859
4947 8 0 2232269126
4948 9 0 1222992624
4949 10 0 2275510257
4950 11 0 3018880905
4951 12 0 1861225894
4952 13 0 -1385319087
4953 14 0 715177286
4954 15 0 604447482
4959 0 0 4893442048
4960 1 0 1864883876
4961 2 0 -1625625630
4962 3 0 1513382123
4963 4 0 160211182
4964 5 0 92625896
4965 6 0 -1070820078
4966 7 0 -3359716879
4967 8 0 1400825080
4968 9 0 -362192391
4969 10 0 2185793533
4970 11 0 -929503086
4971 12 0 -1451977983
4972 13 0 1222873253
4973 14 0 -82675531
4974 15 0 185234127
4979 0 0 7488700416
4980 1 0 55786606
4981 2 0 2224270714
4982 3 0 1194354908
4983 4 0 2788810160
4984 5 0 -2341903780
4985 6 0 27759456
4986 7 0 -2911543636
4987 8 0 2981309049
4988 9 0 -2341582828
4989 10 0 -1280420186
4990 11 0 -1712111411
4991 12 0 -951667422
4992 13 0 483469754
4993 14 0 -856203071
4994 15 0 277202788
4999 0 0 8785526784
5000 1 0 975540911
5001 2 0 2585577250
5002 3 0 4535163016
5003 4 0 1302601716
5004 5 0 -908314547
5005 6 0 -488000836
5006 7 0 -2941161969
5007 8 0 826593256
5008 9 0 807678098
5009 10 0 1814063340
5010 11 0 -377822282
5011 12 0 -1399127529
5012 13 0 -989061367
5013 14 0 -1013370143
5014 15 0 2999994711
5019 0 0 8468496384
5020 1 0 954282236
5021 2 0 2760012181
5022 3 0 1232702622
5023 4 0 2344392639
5024 5 0 -1202566980
5025 6 0 122630021
5026 7 0 -2733892795
5027 8 0 -297387270
5028 9 0 -611876862
5029 10 0 4569738654
5030 11 0 1470388817
5031 12 0 -923448782
5032 13 0 569511413
5033 14 0 -1386511420
5034 15 0 -2016185272
5039 0 0 2075164672
5040 1 0 2812990097
5041 2 0 -962822163
5042 3 0 2861968957
5043 4 0 1048789184
5044 5 0 -1270175485
5045 6 0 156755810
5046 7 0 -2974792752
5047 8 0 -1882698098
5048 9 0 2429654302
5049 10 0 3852445814
5050 11 0 1261988837
5051 12 0 326170070
5052 13 0 4813744
5053 14 0 -13563954
5054 15 0 -2056794127
5059 0 0 -3448864768
5060 1 0 3214772050
5061 2 0 -1813824564
5062 3 0 -4209259513
5063 4 0 -1444240123
5064 5 0 -2004727792
5065 6 0 -1794458059
5066 7 0 2228023183
5067 8 0 410613527
5068 9 0 -1130534220
5069 10 0 615074548
5070 11 0 289201176
5071 12 0 78440771
5072 13 0 -869602635
5073 14 0 193908142
5074 15 0 -2978963755
5079 0 0 -4870438912
5080 1 0 451116242
5081 2 0 -1884592042
5082 3 0 -2091426640
5083 4 0 358000467
5084 5 0 850222414
5085 6 0 3200292774
5086 7 0 1115838624
5087 8 0 774447893
5088 9 0 1519661804
5089 10 0 -2309855580
5090 11 0 -905870537
5091 12 0 351233163
5092 13 0 1060344452
5093 14 0 -1670584522
5094 15 0 1807630792
5099 0 0 -2835709952
5100 1 0 -75177975
5101 2 0 2255597290
5102 3 0 -2224676512
5103 4 0 -3489342666
5104 5 0 525796607
5105 6 0 -1718539152
5106 7 0 790388858
5107 8 0 346524211
5108 9 0 -672928521
5109 10 0 -6168457226
5110 11 0 -1141085673
5111 12 0 678512269
5112 13 0 -2772557752
5113 14 0 2235554425
5114 15 0 -60081900
5119 0 0 2339569664
5120 1 0 -1357043435
5121 2 0 -926910684
5122 3 0 -59050052
5123 4 0 1116311234
5124 5 0 856921542
5125 6 0 111300868
5126 7 0 -1648777841
5127 8 0 1478881820
5128 9 0 -198111897
5129 10 0 1579658992
5130 11 0 -1485789277
5131 12 0 -855205158
5132 13 0 363214671
5133 14 0 -2933685639
5134 15 0 1381108225
5139 0 0 3261562880
5140 1 0 -1187699139
5141 2 0 694243244
5142 3 0 4167962256
5143 4 0 1137665570
5144 5 0 -1058791243
5145 6 0 130396868
5146 7 0 -1105500754
5147 8 0 620117094
5148 9 0 -342233826
5149 10 0 -4514188760
5150 11 0 -4270505560
5151 12 0 -1675669385
5152 13 0 -2048992281
5153 14 0 -169711149
5154 15 0 -272824520
5159 0 0 2481356800
5160 1 0 -509306024
5161 2 0 2126165133
5162 3 0 -223595899
5163 4 0 2093474803
5164 5 0 -418732943
5165 6 0 502895479
5166 7 0 112952611
5167 8 0 780442796
5168 9 0 -1918360361
5169 10 0 516431699
5170 11 0 269840324
5171 12 0 -1056283868
5172 13 0 -1570074746
5173 14 0 -1284620689
5174 15 0 865557149
5179 0 0 1521811456
5180 1 0 3415781316
5181 2 0 1764467698
5182 3 0 925991562
5183 4 0 -753677379
5184 5 0 2172866957
5185 6 0 2248230641
5186 7 0 86072525
5187 8 0 -616926008
5188 9 0 310497688
5189 10 0 -1139249256
5190 11 0 1023832728
5191 12 0 -529848236
5192 13 0 -255537212
5193 14 0 113205152
5194 15 0 4154752095
5199 0 0 -2262204416
5200 1 0 -1240031975
5201 2 0 1191721724
5202 3 0 -572909946
5203 4 0 -399801633
5204 5 0 -790580643
5205 6 0 -614860987
5206 7 0 -231253008
5207 8 0 -2000056513
5208 9 0 1164545810
5209 10 0 -2057218691
5210 11 0 -624249510
5211 12 0 64256986
5212 13 0 -747466513
5213 14 0 -3057899444
5214 15 0 -3241928052
5219 0 0 -4087513088
5220 1 0 1908462117
5221 2 0 -1678203132
5222 3 0 -931337551
5223 4 0 -2610002486
5224 5 0 1739026967
5225 6 0 -2223048649
5226 7 0 4361586525
5227 8 0 1802070180
5228 9 0 -1314647309
5229 10 0 71175863
5230 11 0 -205467994
5231 12 0 -2297940354
5232 13 0 -934191504
5233 14 0 -1854415369
5234 15 0 -498473557
5239 0 0 -6075187200
5240 1 0 -888287733
5241 2 0 -375675883
5242 3 0 276676835
5243 4 0 2300811612
5244 5 0 -1057475993
5245 6 0 1946858439
5246 7 0 1831078183
5247 8 0 -873598577
5248 9 0 1277270095
5249 10 0 -2812484454
5250 11 0 -306640199
5251 12 0 92304599
5252 13 0 -1631812584
5253 14 0 -138659422
5254 15 0 1022354979
5259 0 0 -2070970368
5260 1 0 -42315878
5261 2 0 -442744838
5262 3 0 -1870238382
5263 4 0 -1550772865
5264 5 0 1076242671
5265 6 0 -556813578
5266 7 0 3044057169
5267 8 0 1846429247
5268 9 0 639182148
5269 10 0 -423246333
5270 11 0 1061218111
5271 12 0 2168520578
5272 13 0 -1540455493
5273 14 0 -1476221127
5274 15 0 1972930491
5279 0 0 3217555456
5280 1 0 -577237656
5281 2 0 -2415499556
5282 3 0 1126708739
5283 4 0 566472096
5284 5 0 697778088
5285 6 0 2033725396
5286 7 0 -2332786153
5287 8 0 -764497410
5288 9 0 930008811
5289 10 0 999911427
5290 11 0 -96124628
5291 12 0 314703575
5292 13 0 1424512415
5293 14 0 -1861328577
5294 15 0 -1826259726
5299 0 0 3734765568
5300 1 0 -787175859
5301 2 0 895110916
5302 3 0 -1141167446
5303 4 0 -1739772246
5304 5 0 -1393143453
5305 6 0 -3304440073
5306 7 0 -590278562
5307 8 0 -525433170
5308 9 0 1729995314
5309 10 0 1923242254
5310 11 0 -2974501257
5311 12 0 2480834458
5312 13 0 1673171703
5313 14 0 734613484
5314 15 0 699508156
5319 0 0 772866048
5320 1 0 938725533
5321 2 0 1752323018
5322 3 0 -2080775486
5323 4 0 -2901383
5324 5 0 930121962
5325 6 0 851312214
5326 7 0 723187517
5327 8 0 1041097700
5328 9 0 -2162382853
5329 10 0 84419677
5330 11 0 1147715701
5331 12 0 -1444880082
5332 13 0 101220344
5333 14 0 1700379005
5334 15 0 -3404682489
5339 0 0 -809205760
5340 1 0 2245845136
5341 2 0 1027524126
5342 3 0 -503261001
5343 4 0 306219039
5344 5 0 403660343
5345 6 0 406431924
5346 7 0 -944929444
5347 8 0 1605004268
5348 9 0 -1978535054
5349 10 0 -885797513
5350 11 0 956830115
5351 12 0 354745420
5352 13 0 820125595
5353 14 0 2062746224
5354 15 0 1344122335
5361 0 0 -6840877056
5362 1 0 -3113654495
5363 2 0 -3230503256
5364 3 0 1634637621
5365 4 0 -788713595
5366 5 0 2129816122
5367 6 0 -2552701537
5368 7 0 3253393631
5369 8 0 970950754
5370 9 0 -107387507
5371 10 0 503620312
5372 11 0 1951483048
5373 12 0 854593584
5374 13 0 1036076280
5375 14 0 1230112830
5376 15 0 2727557277
5381 0 0 -184647680
5382 1 0 -2178642535
5383 2 0 301364976
5384 3 0 1537190096
5385 4 0 2955103152
5386 5 0 -2972979112
5387 6 0 -609339331
5388 7 0 52339885
5389 8 0 -1088665734
5390 9 0 2378506836
5391 10 0 5106013752
5392 11 0 433304748
5393 12 0 2357382572
5394 13 0 3780873368
5395 14 0 3817143059
5396 15 0 897272457
5401 0 0 1620639744
5402 1 0 1340126923
5403 2 0 710979328
5404 3 0 2591139133
5405 4 0 2108275175
5406 5 0 -683635768
5407 6 0 -1103058887
5408 7 0 -2636962601
5409 8 0 -302582084
5410 9 0 -287282209
5411 10 0 2307873241
5412 11 0 1987534481
5413 12 0 768977160
5414 13 0 2917209
5415 14 0 513920654
5416 15 0 -1203475214
5421 0 0 2567602176
5422 1 0 -67385588
5423 2 0 276267343
5424 3 0 429290230
5425 4 0 1716819275
5426 5 0 -2807601418
5427 6 0 665560284
5428 7 0 -665807690
5429 8 0 2595430090
5430 9 0 152832469
5431 10 0 1704879333
5432 11 0 -2974736115
5433 12 0 -1066294900
5434 13 0 3625132911
5435 14 0 -357975168
5436 15 0 -1769104905
5441 0 0 3338665984
5442 1 0 815835699
5443 2 0 1926548576
5444 3 0 625863824
5445 4 0 -172096434
5446 5 0 -1201772366
5447 6 0 -4269151842
5448 7 0 -1168514784
5449 8 0 180731768
5450 9 0 -1095140562
5451 10 0 107429726
5452 11 0 -3591218372
5453 12 0 1122786382
5454 13 0 1227928340
5455 14 0 1393763410
5456 15 0 1865828784
5461 0 0 7659520000
5462 1 0 -701284358
5463 2 0 2587763506
5464 3 0 -580721729
5465 4 0 1847839611
5466 5 0 -987230342
5467 6 0 -643215778
5468 7 0 -1786090966
5469 8 0 2369181061
5470 9 0 2207206869
5471 10 0 1886734536
5472 11 0 159046063
5473 12 0 -1306338677
5474 13 0 -117053815
5475 14 0 -1389448509
5476 15 0 469988902
5481 0 0 7366213632
5482 1 0 -826491167
5483 2 0 1709048756
5484 3 0 3677407214
5485 4 0 -314376237
5486 5 0 -537485589
5487 6 0 102119615
5488 7 0 -1478231087
5489 8 0 -2708206814
5490 9 0 -2157475513
5491 10 0 2989674863
5492 11 0 723458252
5493 12 0 932552825
5494 13 0 -498216413
5495 14 0 -1469856607
5496 15 0 -1071376283
5501 0 0 4314267648
5502 1 0 802726745
5503 2 0 -925858974
5504 3 0 1406357527
5505 4 0 1808411683
5506 5 0 -1160693183
5507 6 0 1637288738
5508 7 0 -2560634641
5509 8 0 -1295516373
5510 9 0 2082640285
5511 10 0 3782262952
5512 11 0 1379478785
5513 12 0 -554044125
5514 13 0 359226009
5515 14 0 -1282889
5516 15 0 -2415336886
5521 0 0 -562757632
5522 1 0 3819752462
5523 2 0 -1342679319
5524 3 0 -1982897534
5525 4 0 -1158565973
5526 5 0 -736546177
5527 6 0 1519995493
5528 7 0 -447663596
5529 8 0 622515003
5530 9 0 -1346630801
5531 10 0 -719691435
5532 11 0 38080839
5533 12 0 617033154
5534 13 0 -1106647633
5535 14 0 -150915702
5536 15 0 -68633889
5541 0 0 -4606689280
5542 1 0 1147096990
5543 2 0 717226142
5544 3 0 -1813688935
5545 4 0 -1451202967
5546 5 0 1137462528
5547 6 0 2981829308
5548 7 0 549075523
5549 8 0 -420996371
5550 9 0 -701162952
5551 10 0 -4885490475
5552 11 0 -1021837271
5553 12 0 -1949693812
5554 13 0 -3431053833
5555 14 0 -1312261707
5556 15 0 -1601505933
5561 0 0 -2989457408
5562 1 0 -1849338700
5563 2 0 -1884086949
5564 3 0 -1809195239
5565 4 0 533680594
5566 5 0 648942625
5567 6 0 -2524419946
5568 7 0 454114992
5569 8 0 2818910460
5570 9 0 3172070910
5571 10 0 -1412048481
5572 11 0 -4538938924
5573 12 0 2356150370
5574 13 0 1826813664
5575 14 0 -1486440734
5576 15 0 189744966
5581 0 0 -1922990080
5582 1 0 -372750225
5583 2 0 524974911
5584 3 0 424310478
5585 4 0 344286503
5586 5 0 2549915169
5587 6 0 1086643272
5588 7 0 1615633267
5589 8 0 4697005251
5590 9 0 -3244796539
5591 10 0 -920601008
5592 11 0 1549793274
5593 12 0 -2755122162
5594 13 0 -1447951101
5595 14 0 -99400652
5596 15 0 2846156324
5601 0 0 3925966848
5602 1 0 -3279479090
5603 2 0 3042967068
5604 3 0 890105210
5605 4 0 1383406758
5606 5 0 -2555069592
5607 6 0 -431699581
5608 7 0 -389054318
5609 8 0 -710460072
5610 9 0 1351325936
5611 10 0 651487864
5612 11 0 -5366236646
5613 12 0 -777153541
5614 13 0 3443991820
5615 14 0 1516151453
5616 15 0 2475512128
5621 0 0 6168805376
5622 1 0 -241980917
5623 2 0 1685787200
5624 3 0 -588328956
5625 4 0 -584835631
5626 5 0 1343487904
5627 6 0 -1849548171
5628 7 0 -543106161
5629 8 0 90382672
5630 9 0 292118447
5631 10 0 2648481541
5632 11 0 2078252446
5633 12 0 -574265729
5634 13 0 -1085699243
5635 14 0 -1743861486
5636 15 0 -2012756694
5641 0 0 3053322240
5642 1 0 21225110
5643 2 0 453262713
5644 3 0 4689657034
5645 4 0 -329165815
5646 5 0 917402086
5647 6 0 75801822
5648 7 0 -3279046685
5649 8 0 -2713005439
5650 9 0 3541953929
5651 10 0 2998997660
5652 11 0 -395089105
5653 12 0 -1041116887
5654 13 0 -928618362
5655 14 0 -137044067
5656 15 0 371317132
5661 0 0 -281640960
5662 1 0 -425790922
5663 2 0 -1315725536
5664 3 0 -134285562
5665 4 0 2519859331
5666 5 0 -2781854256
5667 6 0 -1028019054
5668 7 0 799583198
5669 8 0 1952455558
5670 9 0 -1196375367
5671 10 0 1424961080
5672 11 0 177250826
5673 12 0 1001715828
5674 13 0 -1688318091
5675 14 0 524998928
5676 15 0 -4191899542
5681 0 0 -4086595584
5682 1 0 389933426
5683 2 0 -2586832444
5684 3 0 -1765274825
5685 4 0 139737901
5686 5 0 383126113
5687 6 0 164261559
5688 7 0 3372259682
5689 8 0 1185324685
5690 9 0 -1757334235
5691 10 0 4759647273
5692 11 0 3490002246
5693 12 0 388005728
5694 13 0 -2189170044
5695 14 0 2618215755
5696 15 0 1895627314
5701 0 0 -3960209408
5702 1 0 -2015569174
5703 2 0 534471253
5704 3 0 -1450001147
5705 4 0 66575375
5706 5 0 -474140178
5707 6 0 3640940253
5708 7 0 -82154044
5709 8 0 -5921682697
5710 9 0 -1897179287
5711 10 0 -3238542370
5712 11 0 1300075948
5713 12 0 608910246
5714 13 0 -1223455033
5715 14 0 1474345028
5716 15 0 -764490229
5721 0 0 -5061935104
5722 1 0 -2151705143
5723 2 0 444340216
5724 3 0 1230648679
5725 4 0 -853464665
5726 5 0 2372953192
5727 6 0 1658319230
5728 7 0 1409482331
5729 8 0 -1936959064
5730 9 0 384304508
5731 10 0 -2143137559
5732 11 0 1651916244
5733 12 0 1929737612
5734 13 0 -9170117
5735 14 0 -339331660
5736 15 0 544124707
5741 0 0 -3201990656
5742 1 0 -1082376144
5743 2 0 -3068627875
5744 3 0 1696157871
5745 4 0 1433626287
5746 5 0 1085891007
5747 6 0 225163686
5748 7 0 -558798402
5749 8 0 584110839
5750 9 0 589026524
5751 10 0 311896805
5752 11 0 -90566527
5753 12 0 1045024446
5754 13 0 959015991
5755 14 0 964504320
5756 15 0 -459634954
5761 0 0 -1782972416
5762 1 0 1892453344
5763 2 0 -2276849528
5764 3 0 115370193
5765 4 0 1750750339
5766 5 0 -2236171187
5767 6 0 1388802862
5768 7 0 788488312
5769 8 0 579034451
5770 9 0 -836823074
5771 10 0 -64070712
5772 11 0 -225000307
5773 12 0 2112332414
5774 13 0 -2045709883
5775 14 0 -1288203627
5776 15 0 -1901634678
5781 0 0 1604419584
5782 1 0 2870739911
5783 2 0 -686545814
5784 3 0 -2886424765
5785 4 0 -971360334
5786 5 0 101954261
5787 6 0 -3150823675
5788 7 0 704635903
5789 8 0 3106338549
5790 9 0 1536664521
5791 10 0 986129509
5792 11 0 1399069757
5793 12 0 60566615
5794 13 0 -503061890
5795 14 0 68844498
5796 15 0 274340520
5801 0 0 -790855680
5802 1 0 94973807
5803 2 0 -477404634
5804 3 0 -2515979201
5805 4 0 -2265035580
5806 5 0 -1365916262
5807 6 0 3020842914
5808 7 0 2359014311
5809 8 0 -630093039
5810 9 0 -3075125725
5811 10 0 -3292237313
5812 11 0 -1680259150
5813 12 0 -3006974924
5814 13 0 -958507667
5815 14 0 -3566367784
5816 15 0 -532985530
5821 0 0 -353599488
5822 1 0 -1363641128
5823 2 0 3086157050
5824 3 0 4533722662
5825 4 0 1125696072
5826 5 0 464510836
5827 6 0 -728986070
5828 7 0 332701057
5829 8 0 1157684827
5830 9 0 2192040331
5831 10 0 -5001988755
5832 11 0 -3276990185
5833 12 0 -1602845407
5834 13 0 -471013649
5835 14 0 -455443173
5836 15 0 2244439932
5843 0 0 -172687360
5844 1 0 -1689245759
5845 2 0 -390234916
5846 3 0 -488358943
5847 4 0 890854031
5848 5 0 1198148990
5849 6 0 -1236605348
5850 7 0 -1866605255
5851 8 0 -1773336451
5852 9 0 2339588359
5853 10 0 -914706826
5854 11 0 1036119518
5855 12 0 1597027996
5856 13 0 1819366889
5857 14 0 1596886940
5858 15 0 -1328998534
5863 0 0 -1431732224
5864 1 0 2450458628
5865 2 0 -4060277942
5866 3 0 -32870874
5867 4 0 -3347344588
5868 5 0 -797977360
5869 6 0 -582251900
5870 7 0 1058954271
5871 8 0 -357886921
5872 9 0 2222608363
5873 10 0 -533984063
5874 11 0 -66343554
5875 12 0 499297108
5876 13 0 -208476815
5877 14 0 1661417296
5878 15 0 -516941775
5883 0 0 -324927488
5884 1 0 1979397423
5885 2 0 -2734624833
5886 3 0 -4281918064
5887 4 0 -546465670
5888 5 0 -1854581092
5889 6 0 -3061708002
5890 7 0 1494874978
5891 8 0 2161483015
5892 9 0 476079313
5893 10 0 715980818
5894 11 0 1211648102
5895 12 0 172298905
5896 13 0 -175090166
5897 14 0 1173474541
5898 15 0 -1100128177
5903 0 0 1952874496
5904 1 0 1714730277
5905 2 0 -3046850897
5906 3 0 -412170261
5907 4 0 -45776115
5908 5 0 -1412063007
5909 6 0 952779634
5910 7 0 675299066
5911 8 0 1516605633
5912 9 0 955864767
5913 10 0 -1889581786
5914 11 0 -536618799
5915 12 0 769472860
5916 13 0 -109579934
5917 14 0 -1396081357
5918 15 0 1000087223
5923 0 0 3071344640
5924 1 0 -1431558964
5925 2 0 3464714985
5926 3 0 633710136
5927 4 0 -1491545198
5928 5 0 -347632956
5929 6 0 505709945
5930 7 0 543067415
5931 8 0 -2014475881
5932 9 0 -97756030
5933 10 0 -2820971012
5934 11 0 -1022055741
5935 12 0 -818426094
5936 13 0 -2328493957
5937 14 0 -3019800814
5938 15 0 792311526
5943 0 0 5780504576
5944 1 0 -3175599241
5945 2 0 2698090319
5946 3 0 2982111557
5947 4 0 1802387131
5948 5 0 1850059759
5949 6 0 -759393034
5950 7 0 -1320841369
5951 8 0 1392099733
5952 9 0 2808126959
5953 10 0 879887002
5954 11 0 -4383485910
5955 12 0 -299526710
5956 13 0 4100439057
5957 14 0 -526910952
5958 15 0 1983172132
5963 0 0 829227008
5964 1 0 601160534
5965 2 0 1541275040
5966 3 0 -2461859917
5967 4 0 -421620664
5968 5 0 -676574539
5969 6 0 2357524549
5970 7 0 2363525695
5971 8 0 416511348
5972 9 0 -3559231107
5973 10 0 1373681181
5974 11 0 3452873123
5975 12 0 -412496702
5976 13 0 -4277857460
5977 14 0 -53387780
5978 15 0 -3141470417
5983 0 0 968392704
5984 1 0 2597177565
5985 2 0 -1687053231
5986 3 0 1047430390
5987 4 0 -942484647
5988 5 0 1738640727
5989 6 0 257975580
5990 7 0 -2309186095
5991 8 0 -1050009265
5992 9 0 2067492954
5993 10 0 3123444716
5994 11 0 929629683
5995 12 0 1082266913
5996 13 0 2442811011
5997 14 0 732671042
5998 15 0 229776923
6003 0 0 -633438208
6004 1 0 1260876015
6005 2 0 -3217538511
6006 3 0 -638124390
6007 4 0 483677498
6008 5 0 -1906666491
6009 6 0 -2049687969
6010 7 0 -1561425513
6011 8 0 3049512263
6012 9 0 71919351
6013 10 0 -557509619
6014 11 0 -656863957
6015 12 0 540269297
6016 13 0 812789052
6017 14 0 159476327
6018 15 0 -1450927072
6023 0 0 -1910898688
6024 1 0 -709010363
6025 2 0 -1283284208
6026 3 0 -496556268
6027 4 0 775928042
6028 5 0 -2670570235
6029 6 0 1033716494
6030 7 0 2005821009
6031 8 0 1666635093
6032 9 0 -1079537879
6033 10 0 2371940418
6034 11 0 186734275
6035 12 0 -209961969
6036 13 0 568040084
6037 14 0 -709092286
6038 15 0 -1400570953
6043 0 0 -264437760
6044 1 0 -290218928
6045 2 0 -851940147
6046 3 0 1137753077
6047 4 0 1745404377
6048 5 0 -1418239382
6049 6 0 -3664182614
6050 7 0 -50136191
6051 8 0 -225090318
6052 9 0 3719391240
6053 10 0 3686735604
6054 11 0 -1392881548
6055 12 0 -207870870
6056 13 0 3751671223
6057 14 0 3787663782
6058 15 0 817922354
6063 0 0 144900096
6064 1 0 -3314782842
6065 2 0 -2069871817
6066 3 0 -1341319124
6067 4 0 2337521263
6068 5 0 -3511532581
6069 6 0 -1051948321
6070 7 0 1426083509
6071 8 0 678362087
6072 9 0 344090001
6073 10 0 2244768199
6074 11 0 583043594
6075 12 0 1836656136
6076 13 0 2062702246
6077 14 0 -379715466
6078 15 0 -2269050077
6083 0 0 5685641216
6084 1 0 -1114175098
6085 2 0 -682058626
6086 3 0 3208121274
6087 4 0 232628498
6088 5 0 -1947951526
6089 6 0 -2351331801
6090 7 0 1195317818
6091 8 0 800028793
6092 9 0 2293561775
6093 10 0 5272524954
6094 11 0 166516144
6095 12 0 1353369994
6096 13 0 2942340742
6097 14 0 561872580
6098 15 0 2178404838
6103 0 0 4343660544
6104 1 0 -2010407255
6105 2 0 583042389
6106 3 0 1926486455
6107 4 0 3821586696
6108 5 0 -3444515428
6109 6 0 1877810806
6110 7 0 -71736453
6111 8 0 -55975079
6112 9 0 -423451137
6113 10 0 5002956240
6114 11 0 1906936764
6115 12 0 -706510333
6116 13 0 2084152506
6117 14 0 892662648
6118 15 0 -4083026556
6123 0 0 1237483520
6124 1 0 1786329758
6125 2 0 485809791
6126 3 0 -234304454
6127 4 0 -621634368
6128 5 0 -1270231170
6129 6 0 -2080628754
6130 7 0 1099447768
6131 8 0 -211890447
6132 9 0 -1779834270
6133 10 0 3969976638
6134 11 0 1608246845
6135 12 0 2022671488
6136 13 0 2621114527
6137 14 0 2781859836
6138 15 0 1795496628
6143 0 0 -2230353920
6144 1 0 687454919
6145 2 0 1340764449
6146 3 0 -2196966321
6147 4 0 -631119875
6148 5 0 7618114
6149 6 0 2472392192
6150 7 0 1625287329
6151 8 0 -697718148
6152 9 0 -1586209731
6153 10 0 1737398006
6154 11 0 4528101529
6155 12 0 -1746475188
6156 13 0 2276022316
6157 14 0 3287183325
6158 15 0 -1712599595
6163 0 0 -70778880
6164 1 0 155083419
6165 2 0 -2018354610
6166 3 0 -1185507995
6167 4 0 -3008884902
6168 5 0 276454469
6169 6 0 -2155711132
6170 7 0 -4514505173
6171 8 0 -2438106443
6172 9 0 2710814012
6173 10 0 -872589749
6174 11 0 -3025921243
6175 12 0 1132891508
6176 13 0 5585765614
6177 14 0 3068285949
6178 15 0 1915517620
6183 0 0 -1105821696
6184 1 0 694251810
6185 2 0 2485904112
6186 3 0 -540653113
6187 4 0 -2336791187
6188 5 0 1468656000
6189 6 0 -912065264
6190 7 0 -1116064899
6191 8 0 499118638
6192 9 0 -3695045174
6193 10 0 -4148696969
6194 11 0 370480885
6195 12 0 -1675574527
6196 13 0 -1427502211
6197 14 0 1039916246
6198 15 0 662929046
6203 0 0 -4416143360
6204 1 0 -1392507525
6205 2 0 172794250
6206 3 0 -899892862
6207 4 0 202276278
6208 5 0 664463560
6209 6 0 1458687034
6210 7 0 973466311
6211 8 0 -2066461968
6212 9 0 720120196
6213 10 0 -450417790
6214 11 0 1172263745
6215 12 0 -1083084051
6216 13 0 393521542
6217 14 0 2341597852
6218 15 0 -1821291736
6223 0 0 -3530653696
6224 1 0 1616891627
6225 2 0 -3169529776
6226 3 0 -97433408
6227 4 0 -223598180
6228 5 0 1454123767
6229 6 0 -3803177688
6230 7 0 -1497674050
6231 8 0 -692905300
6232 9 0 1804637768
6233 10 0 1763965472
6234 11 0 1374835121
6235 12 0 2986440542
6236 13 0 3181703267
6237 14 0 3478986900
6238 15 0 1296170748
6243 0 0 -3040411648
6244 1 0 1165892615
6245 2 0 -461857162
6246 3 0 -2374513603
6247 4 0 -1072253126
6248 5 0 -1820208850
6249 6 0 975585673
6250 7 0 -593840937
6251 8 0 -1537384774
6252 9 0 324523860
6253 10 0 262227596
6254 11 0 2192351515
6255 12 0 1044259300
6256 13 0 -2421882671
6257 14 0 -79411329
6258 15 0 -2716893872
6263 0 0 1350565888
6264 1 0 956572004
6265 2 0 -2112390195
6266 3 0 2865816426
6267 4 0 341319166
6268 5 0 591654257
6269 6 0 -1003225580
6270 7 0 -2548041005
6271 8 0 -536343881
6272 9 0 2475925479
6273 10 0 -2097321997
6274 11 0 -4877635997
6275 12 0 -190107790
6276 13 0 656844259
6277 14 0 -1935449512
6278 15 0 -1017738553
6283 0 0 -661028864
6284 1 0 -3666531749
6285 2 0 579121198
6286 3 0 -3969545137
6287 4 0 1021693421
6288 5 0 -1403101002
6289 6 0 -1212692192
6290 7 0 2816801308
6291 8 0 3544597040
6292 9 0 -865830980
6293 10 0 -1391580061
6294 11 0 -1600664330
6295 12 0 1567750752
6296 13 0 -1428669193
6297 14 0 -768519369
6298 15 0 80764696
6303 0 0 2743992320
6304 1 0 -813277396
6305 2 0 424141063
6306 3 0 -618020262
6307 4 0 -885012886
6308 5 0 1301035966
6309 6 0 2303508616
6310 7 0 2811176002
6311 8 0 298105407
6312 9 0 -3992786024
6313 10 0 2838403643
6314 11 0 5200564671
6315 12 0 -80015649
6316 13 0 17648931
6317 14 0 1034034744
6318 15 0 1112351783
6325 0 0 1590362112
6326 1 0 3961064369
6327 2 0 -384612962
6328 3 0 1521105121
6329 4 0 1035804349
6330 5 0 1179745743
6331 6 0 -1457488835
6332 7 0 -1691729519
6333 8 0 679955385
6334 9 0 1933463159
6335 10 0 341750355
6336 11 0 2056391804
6337 12 0 -910745103
6338 13 0 -1987704622
6339 14 0 -1421864230
6340 15 0 -1541313405
6345 0 0 -2880667648
6346 1 0 2091237523
6347 2 0 -552351125
6348 3 0 -1763424184
6349 4 0 -1272275967
6350 5 0 178923244
6351 6 0 1757834111
6352 7 0 278910890
6353 8 0 -1086585994
6354 9 0 267426895
6355 10 0 -953744679
6356 11 0 442996312
6357 12 0 2045124152
6358 13 0 -1548382049
6359 14 0 -1653709795
6360 15 0 573327589
6365 0 0 -1800896512
6366 1 0 1972966325
6367 2 0 1451853720
6368 3 0 361169355
6369 4 0 -963513380
6370 5 0 2722171292
6371 6 0 184703108
6372 7 0 -2394489387
6373 8 0 200428080
6374 9 0 1220670893
6375 10 0 -3377423417
6376 11 0 -1918316595
6377 12 0 -405917853
6378 13 0 65367388
6379 14 0 1012675893
6380 15 0 2152462113
6385 0 0 1036517376
6386 1 0 1116089398
6387 2 0 -345307747
6388 3 0 -4317746641
6389 4 0 -476726254
6390 5 0 -1433174687
6391 6 0 -1478268200
6392 7 0 64973793
6393 8 0 1810885686
6394 9 0 -1192848433
6395 10 0 -3508578097
6396 11 0 -2105872471
6397 12 0 824839575
6398 13 0 -3677528687
6399 14 0 -1149151045
6400 15 0 -1906865577
6405 0 0 2157215744
6406 1 0 -647420908
6407 2 0 -765675041
6408 3 0 -1435274947
6409 4 0 -1081929942
6410 5 0 2074310007
6411 6 0 572410484
6412 7 0 1702791538
6413 8 0 131659938
6414 9 0 -2742266075
6415 10 0 1857668089
6416 11 0 4200044383
6417 12 0 1159296349
6418 13 0 -2496622275
6419 14 0 -4311061688
6420 15 0 -207843249
6425 0 0 5111218176
6426 1 0 -1462872913
6427 2 0 -1769922412
6428 3 0 1526049909
6429 4 0 -630674467
6430 5 0 -1149728648
6431 6 0 -47917788
6432 7 0 287068508
6433 8 0 -3893284668
6434 9 0 -646601888
6435 10 0 752631410
6436 11 0 735600297
6437 12 0 2216687981
6438 13 0 3949019874
6439 14 0 -788829824
6440 15 0 -1747726604
6445 0 0 892469248
6446 1 0 -1666000842
6447 2 0 -291933
6448 3 0 2964109099
6449 4 0 788366816
6450 5 0 -1543696682
6451 6 0 807927503
6452 7 0 -785147003
6453 8 0 -462975964
6454 9 0 802267730
6455 10 0 2437912198
6456 11 0 2212892779
6457 12 0 -385738039
6458 13 0 2700899536
6459 14 0 775358400
6460 15 0 -1570399971
6465 0 0 749371392
6466 1 0 1712831032
6467 2 0 -3011930664
6468 3 0 2094759596
6469 4 0 1145096604
6470 5 0 -3751727479
6471 6 0 690248676
6472 7 0 -1144134852
6473 8 0 -819152611
6474 9 0 1137413790
6475 10 0 1596077503
6476 11 0 -1408989296
6477 12 0 993172829
6478 13 0 3150270076
6479 14 0 1389538603
6480 15 0 -586659572
6485 0 0 1717075968
6486 1 0 1319524196
6487 2 0 44966568
6488 3 0 -397849450
6489 4 0 749401177
6490 5 0 -561707871
6491 6 0 -3578517202
6492 7 0 -1317770682
6493 8 0 3643775194
6494 9 0 2065415104
6495 10 0 -485749
6496 11 0 -3272535088
6497 12 0 230684566
6498 13 0 2923058892
6499 14 0 2485192383
6500 15 0 2986971876
6505 0 0 20709376
6506 1 0 513159626
6507 2 0 748260364
6508 3 0 -3650186906
6509 4 0 -288303819
6510 5 0 -3001599555
6511 6 0 2451476956
6512 7 0 709607240
6513 8 0 -326177637
6514 9 0 1359245695
6515 10 0 -1030339096
6516 11 0 -528933842
6517 12 0 -2126838016
6518 13 0 -3208668389
6519 14 0 -640251946
6520 15 0 -3690919682
6525 0 0 396623872
6526 1 0 3388063081
6527 2 0 -2055195563
6528 3 0 -1070658333
6529 4 0 -2291136235
6530 5 0 1289471293
6531 6 0 -3127120770
6532 7 0 1353751465
6533 8 0 264792637
6534 9 0 1993089111
6535 10 0 -130785568
6536 11 0 -1639121837
6537 12 0 781104550
6538 13 0 397776925
6539 14 0 -953383447
6540 15 0 -242070997
6545 0 0 -2241724416
6546 1 0 -238562497
6547 2 0 -2535396749
6548 3 0 -5193458420
6549 4 0 -397726497
6550 5 0 -264119550
6551 6 0 886061259
6552 7 0 3166383818
6553 8 0 2599051786
6554 9 0 3370297635
6555 10 0 1158410002
6556 11 0 921461999
6557 12 0 1318834028
6558 13 0 -460407023
6559 14 0 -998297793
6560 15 0 -965155133
6565 0 0 2716139520
6566 1 0 1791963410
6567 2 0 -1188898032
6568 3 0 -1632809977
6569 4 0 -3360495866
6570 5 0 1510345773
6571 6 0 -3119184190
6572 7 0 712994279
6573 8 0 599693461
6574 9 0 -1926951617
6575 10 0 -1830734653
6576 11 0 -961704978
6577 12 0 2603595638
6578 13 0 482894342
6579 14 0 849701649
6580 15 0 197293973
6585 0 0 3412066304
6586 1 0 3316615355
6587 2 0 -862954096
6588 3 0 -5248688023
6589 4 0 -1663725468
6590 5 0 -3024135599
6591 6 0 2830149595
6592 7 0 2343734743
6593 8 0 1724565844
6594 9 0 1189603305
6595 10 0 -1578312657
6596 11 0 -554959211
6597 12 0 -1673658493
6598 13 0 -2468556901
6599 14 0 -3077658083
6600 15 0 -4444720153
6605 0 0 -589234176
6606 1 0 520657895
6607 2 0 -1350995756
6608 3 0 1687795929
6609 4 0 -3312007279
6610 5 0 1647151726
6611 6 0 -1595921741
6612 7 0 704229808
6613 8 0 -806789999
6614 9 0 1809512669
6615 10 0 -3333835756
6616 11 0 -2633245070
6617 12 0 -364323290
6618 13 0 -1216893646
6619 14 0 -3389806357
6620 15 0 554018763
6625 0 0 -4594630656
6626 1 0 164778934
6627 2 0 -1304392617
6628 3 0 -1614305393
6629 4 0 1517785870
6630 5 0 -360350650
6631 6 0 3380974451
6632 7 0 3583635133
6633 8 0 5083892611
6634 9 0 764798794
6635 10 0 -2705284922
6636 11 0 -1899143477
6637 12 0 -1372894281
6638 13 0 -924169995
6639 14 0 -823117763
6640 15 0 -340496110
6645 0 0 -1759936512
6646 1 0 2794889383
6647 2 0 -2413544720
6648 3 0 1761223537
6649 4 0 2275358199
6650 5 0 -219922598
6651 6 0 -1941709847
6652 7 0 207262635
6653 8 0 4286018046
6654 9 0 1021876931
6655 10 0 410553549
6656 11 0 1998471767
6657 12 0 1515267947
6658 13 0 -1810155273
6659 14 0 1899555406
6660 15 0 4072806970
6665 0 0 -1425768448
6666 1 0 -668705138
6667 2 0 467726735
6668 3 0 -817695957
6669 4 0 -181166597
6670 5 0 -1386088457
6671 6 0 2438434610
6672 7 0 1167064501
6673 8 0 -228762502
6674 9 0 -68272608
6675 10 0 1164137988
6676 11 0 488698360
6677 12 0 -2256450007
6678 13 0 -2263186258
6679 14 0 -2044997114
6680 15 0 2811328485
6685 0 0 -2136178688
6686 1 0 197847756
6687 2 0 3188357274
6688 3 0 494586878
6689 4 0 1500320067
6690 5 0 1171819698
6691 6 0 3207825817
6692 7 0 -38107157
6693 8 0 -898978462
6694 9 0 154989544
6695 10 0 257592289
6696 11 0 2149396800
6697 12 0 -2873018719
6698 13 0 352694049
6699 14 0 505414476
6700 15 0 -1083739211
6705 0 0 -2267283456
6706 1 0 1411915980
6707 2 0 -2963777267
6708 3 0 -749632226
6709 4 0 -281366436
6710 5 0 1440374365
6711 6 0 -360923193
6712 7 0 -1556292128
6713 8 0 648936917
6714 9 0 701703627
6715 10 0 -394425765
6716 11 0 371278004
6717 12 0 665013258
6718 13 0 1046483754
6719 14 0 386905765
6720 15 0 1365355279
6725 0 0 -2641264640
6726 1 0 -518294920
6727 2 0 -1721301415
6728 3 0 -132853659
6729 4 0 -1271445440
6730 5 0 -194212945
6731 6 0 1315184124
6732 7 0 -293010058
6733 8 0 1462802605
6734 9 0 2296547077
6735 10 0 -2072994255
6736 11 0 -3610660054
6737 12 0 -1179269399
6738 13 0 -384623189
6739 14 0 -1802098653
6740 15 0 237456045
6745 0 0 1149272064
6746 1 0 2050723054
6747 2 0 2503555099
6748 3 0 -3096331697
6749 4 0 -162814041
6750 5 0 843631061
6751 6 0 -4965093724
6752 7 0 445811197
6753 8 0 2201697159
6754 9 0 -784714117
6755 10 0 295327812
6756 11 0 -828583555
6757 12 0 1627762339
6758 13 0 842380163
6759 14 0 2282311219
6760 15 0 -914861254
6765 0 0 -1066041344
6766 1 0 530557415
6767 2 0 1654543857
6768 3 0 -1011550905
6769 4 0 -684577440
6770 5 0 1529745009
6771 6 0 -2131056785
6772 7 0 217861938
6773 8 0 635263522
6774 9 0 881452425
6775 10 0 1527818516
6776 11 0 993953040
6777 12 0 -1828171220
6778 13 0 -1145273490
6779 14 0 2443590186
6780 15 0 1614988146
6785 0 0 2373910528
6786 1 0 -2511996546
6787 2 0 104537500
6788 3 0 -1073961945
6789 4 0 259212119
6790 5 0 -1360821177
6791 6 0 3035310432
6792 7 0 126003574
6793 8 0 -272811464
6794 9 0 -1230318782
6795 10 0 -2829816767
6796 11 0 -3669320705
6797 12 0 -1715807088
6798 13 0 1271999304
6799 14 0 -3986497936
6800 15 0 -1065333228
6807 0 0 3023699968
6808 1 0 517189789
6809 2 0 847820610
6810 3 0 466019946
6811 4 0 -16983153
6812 5 0 109948250
6813 6 0 2315241843
6814 7 0 -1816818092
6815 8 0 -1318171171
6816 9 0 397354504
6817 10 0 -26423754
6818 11 0 -2257779639
6819 12 0 -1298771531
6820 13 0 675216620
6821 14 0 -882712938
6822 15 0 -1105039721
6827 0 0 -4694343680
6828 1 0 654249142
6829 2 0 -404521396
6830 3 0 997111370
6831 4 0 676560704
6832 5 0 1396070429
6833 6 0 -135516343
6834 7 0 -914628074
6835 8 0 580534946
6836 9 0 344185808
6837 10 0 -1100758675
6838 11 0 643656067
6839 12 0 255161048
6840 13 0 -3179164189
6841 14 0 210412327
6842 15 0 -1032605601
6847 0 0 -3479863296
6848 1 0 -116603947
6849 2 0 -2053411530
6850 3 0 -2014833438
6851 4 0 407937606
6852 5 0 73827183
6853 6 0 -1001362186
6854 7 0 747496124
6855 8 0 1329993014
6856 9 0 -1174912940
6857 10 0 719074982
6858 11 0 1140263349
6859 12 0 1841768233
6860 13 0 859642607
6861 14 0 1396676140
6862 15 0 286357440
6867 0 0 -2271346688
6868 1 0 -2012964423
6869 2 0 1144978964
6870 3 0 2081025140
6871 4 0 968039037
6872 5 0 797711435
6873 6 0 736342317
6874 7 0 -1845883228
6875 8 0 -1207098580
6876 9 0 1122622603
6877 10 0 3037082074
6878 11 0 1188322490
6879 12 0 153006094
6880 13 0 2074278432
6881 14 0 4094345895
6882 15 0 3828493278
6887 0 0 3359637504
6888 1 0 -1140038520
6889 2 0 46546861
6890 3 0 -2180867027
6891 4 0 443827072
6892 5 0 -1844227727
6893 6 0 625439732
6894 7 0 -4332937613
6895 8 0 -1897986496
6896 9 0 835403372
6897 10 0 -483152747
6898 11 0 -2510283230
6899 12 0 -758042169
6900 13 0 995030700
6901 14 0 2165416109
6902 15 0 -2896823163
6907 0 0 3341713408
6908 1 0 2047581859
6909 2 0 -1147688350
6910 3 0 -708351184
6911 4 0 -2611740898
6912 5 0 2161102679
6913 6 0 -1365368900
6914 7 0 -958557105
6915 8 0 -843781887
6916 9 0 -3470764139
6917 10 0 -2908746405
6918 11 0 -523852326
6919 12 0 138654435
6920 13 0 -2066908086
6921 14 0 -543015323
6922 15 0 -656415295
6927 0 0 2029092864
6928 1 0 1452025087
6929 2 0 -3251584404
6930 3 0 -3027774638
6931 4 0 -908410050
6932 5 0 -1139119217
6933 6 0 3042343356
6934 7 0 -638675784
6935 8 0 32685492
6936 9 0 5121103215
6937 10 0 -3391684861
6938 11 0 -637910050
6939 12 0 -153432717
6940 13 0 -1120826484
6941 14 0 -1292836323
6942 15 0 -2143043505
6947 0 0 1022853120
6948 1 0 4510657012
6949 2 0 -1634805448
6950 3 0 862222090
6951 4 0 -1860775640
6952 5 0 1712773366
6953 6 0 -1512366015
6954 7 0 -503133486
6955 8 0 3210488408
6956 9 0 687133353
6957 10 0 -1470730310
6958 11 0 -1363040066
6959 12 0 1148366032
6960 13 0 -58057410
6961 14 0 -2295920120
6962 15 0 2409399578
6967 0 0 4457136128
6968 1 0 1933554694
6969 2 0 2130183768
6970 3 0 -2723827834
6971 4 0 170902774
6972 5 0 -1570379916
6973 6 0 -2262164132
6974 7 0 -532002063
6975 8 0 3663112748
6976 9 0 -94425954
6977 10 0 -3819830043
6978 11 0 -3115123428
6979 12 0 -1099358354
6980 13 0 -2192697513
6981 14 0 -761220140
6982 15 0 -1573389553
6987 0 0 2784722944
6988 1 0 1576717448
6989 2 0 2780668838
6990 3 0 -785591762
6991 4 0 -804629422
6992 5 0 -347593220
6993 6 0 262624165
6994 7 0 570261506
6995 8 0 2505697168
6996 9 0 680465398
6997 10 0 436252641
6998 11 0 -2598638840
6999 12 0 -2734057962
7000 13 0 -3219698930
7001 14 0 -3211915548
7002 15 0 39376266
7007 0 0 -177635328
7008 1 0 974307126
7009 2 0 2043456738
7010 3 0 -1579616717
7011 4 0 -382186453
7012 5 0 476953183
7013 6 0 567370398
7014 7 0 1118003369
7015 8 0 -1164028605
7016 9 0 -1717294433
7017 10 0 -1022098209
7018 11 0 -332391180
7019 12 0 -136536574
7020 13 0 -1734867563
7021 14 0 -1543855204
7022 15 0 -2522341933
7027 0 0 -3957817344
7028 1 0 191472645
7029 2 0 -4305566733
7030 3 0 -282140598
7031 4 0 496213623
7032 5 0 -261295245
7033 6 0 -432293039
7034 7 0 960735319
7035 8 0 1391056430
7036 9 0 4624718603
7037 10 0 1779964072
7038 11 0 -2453597906
7039 12 0 2473867908
7040 13 0 2032394188
7041 14 0 -774554661
7042 15 0 -1497956358
7047 0 0 -365953024
7048 1 0 2351202764
7049 2 0 -631454006
7050 3 0 -2763698173
7051 4 0 -2022449990
7052 5 0 19168911
7053 6 0 -3616906900
7054 7 0 -183524767
7055 8 0 1993046549
7056 9 0 -1448521076
7057 10 0 -3054541122
7058 11 0 -2414861466
7059 12 0 472764084
7060 13 0 -2392954773
7061 14 0 -383063665
7062 15 0 1728497492
7067 0 0 1703575552
7068 1 0 -1186970411
7069 2 0 3137760201
7070 3 0 -845886821
7071 4 0 1438977644
7072 5 0 -2040381596
7073 6 0 3164032149
7074 7 0 1504990194
7075 8 0 2508649582
7076 9 0 -443225289
7077 10 0 -3553704389
7078 11 0 -3368403981
7079 12 0 -2027390508
7080 13 0 -2098153543
7081 14 0 -2285868046
7082 15 0 -1543815102
7087 0 0 1736900608
7088 1 0 1289749396
7089 2 0 1974784414
7090 3 0 -1304953457
7091 4 0 -922108353
7092 5 0 1764564488
7093 6 0 -1522842447
7094 7 0 2217094977
7095 8 0 639170659
7096 9 0 -3229120765
7097 10 0 -300345518
7098 11 0 156516201
7099 12 0 982418468
7100 13 0 -2757097292
7101 14 0 -2778434441
7102 15 0 260771258
7107 0 0 -2274459648
7108 1 0 -1882915333
7109 2 0 724646639
7110 3 0 1101902829
7111 4 0 -188369490
7112 5 0 550491700
7113 6 0 2417334717
7114 7 0 398211537
7115 8 0 -2528983138
7116 9 0 1664017395
7117 10 0 -747218327
7118 11 0 -630545256
7119 12 0 -73214492
7120 13 0 775053793
7121 14 0 -1967993198
7122 15 0 -1435726437
7127 0 0 47480832
7128 1 0 984611848
7129 2 0 1154763125
7130 3 0 2512234466
7131 4 0 679914878
7132 5 0 1014578802
7133 6 0 -2571216998
7134 7 0 -808577673
7135 8 0 1616863477
7136 9 0 621845570
7137 10 0 1056120910
7138 11 0 -2213002452
7139 12 0 1306896666
7140 13 0 1479221744
7141 14 0 443177312
7142 15 0 1886601326
7147 0 0 -1016594432
7148 1 0 -2238046644
7149 2 0 3744726075
7150 3 0 -2176663119
7151 4 0 635752748
7152 5 0 462958623
7153 6 0 303523174
7154 7 0 -545785986
7155 8 0 -238340364
7156 9 0 -1924306524
7157 10 0 605054649
7158 11 0 -305081341
7159 12 0 802522779
7160 13 0 -2237387051
7161 14 0 258888939
7162 15 0 839564379
7167 0 0 -794263552
7168 1 0 626908070
7169 2 0 -250123309
7170 3 0 699431786
7171 4 0 543953165
7172 5 0 532358123
7173 6 0 3336071269
7174 7 0 620317458
7175 8 0 227764429
7176 9 0 -4282524943
7177 10 0 -1903758679
7178 11 0 1824368701
7179 12 0 -2141181285
7180 13 0 -1733580015
7181 14 0 -1798716901
7182 15 0 -4214203483
7187 0 0 1637646336
7188 1 0 855489575
7189 2 0 -2496159883
7190 3 0 2990264928
7191 4 0 2462871057
7192 5 0 -1042006630
7193 6 0 -2381751631
7194 7 0 -1093302082
7195 8 0 2829855899
7196 9 0 778214059
7197 10 0 2460053089
7198 11 0 -1536271149
7199 12 0 1896701407
7200 13 0 3312308818
7201 14 0 -675602483
7202 15 0 2801262462
7207 0 0 3476553728
7208 1 0 836090406
7209 2 0 1353320396
7210 3 0 185928898
7211 4 0 176456825
7212 5 0 -2720766722
7213 6 0 -1592617335
7214 7 0 -1557681182
7215 8 0 -127052192
7216 9 0 230023521
7217 10 0 199628221
7218 11 0 -1657140693
7219 12 0 658467113
7220 13 0 -749455597
7221 14 0 -773796279
7222 15 0 -832614869
7227 0 0 2541551616
7228 1 0 519722161
7229 2 0 1014307840
7230 3 0 806024807
7231 4 0 -43064223
7232 5 0 -1098950189
7233 6 0 598491523
7234 7 0 -1325710
7235 8 0 -1102930471
7236 9 0 1082903393
7237 10 0 -300612999
7238 11 0 -1752984303
7239 12 0 -4948480323
7240 13 0 -813457519
7241 14 0 -3753082958
7242 15 0 -1854689340
7247 0 0 -1940619264
7248 1 0 -3747169229
7249 2 0 1819765174
7250 3 0 -810316873
7251 4 0 -400993141
7252 5 0 -15681295
7253 6 0 -647315659
7254 7 0 3246629324
7255 8 0 368633447
7256 9 0 1531281752
7257 10 0 -2234945858
7258 11 0 -4709934621
7259 12 0 342277043
7260 13 0 2332480819
7261 14 0 -224087716
7262 15 0 2892041147
7267 0 0 -168198144
7268 1 0 -1971343751
7269 2 0 1379817854
7270 3 0 1574229276
7271 4 0 2382930511
7272 5 0 1186152166
7273 6 0 -979244725
7274 7 0 1706825977
7275 8 0 2149842601
7276 9 0 681736554
7277 10 0 2167120921
7278 11 0 1810136087
7279 12 0 1703028059
7280 13 0 -1474218188
7281 14 0 435142604
7282 15 0 983047581
7289 0 0 1438679040
7290 1 0 630659777
7291 2 0 1701162467
7292 3 0 2904641586
7293 4 0 1407661583
7294 5 0 -63062234
7295 6 0 1871584107
7296 7 0 223005186
7297 8 0 -219049551
7298 9 0 -1456996874
7299 10 0 216338713
7300 11 0 -440315036
7301 12 0 -1561920100
7302 13 0 -810310260
7303 14 0 -2620828028
7304 15 0 399944077
7309 0 0 -2657452032
7310 1 0 782547738
7311 2 0 1631341035
7312 3 0 -374776321
7313 4 0 -279685861
7314 5 0 789985895
7315 6 0 1099543492
7316 7 0 1420446242
7317 8 0 475103000
7318 9 0 -337726609
7319 10 0 1714549
7320 11 0 -178700988
7321 12 0 -2032744818
7322 13 0 -712141022
7323 14 0 -2459311990
7324 15 0 289898414
7329 0 0 -1979547648
7330 1 0 -462823272
7331 2 0 1216334383
7332 3 0 551748816
7333 4 0 -254517746
7334 5 0 3528227658
7335 6 0 -964596403
7336 7 0 -411677724
7337 8 0 942753417
7338 9 0 -2248232337
7339 10 0 -893615776
7340 11 0 1077100639
7341 12 0 -1185861801
7342 13 0 1393991678
7343 14 0 702001527
7344 15 0 1592277484
7349 0 0 -105971712
7350 1 0 -615389692
7351 2 0 -1601450918
7352 3 0 -1771131064
7353 4 0 -1234513442
7354 5 0 -721786841
7355 6 0 562833111
7356 7 0 -544656832
7357 8 0 -352759613
7358 9 0 1604999971
7359 10 0 18470326
7360 11 0 -805274805
7361 12 0 947386908
7362 13 0 2727215963
7363 14 0 710470936
7364 15 0 1793452317
7369 0 0 3344465920
7370 1 0 2071754224
7371 2 0 -1232777018
7372 3 0 4874416442
7373 4 0 1065551308
7374 5 0 105355224
7375 6 0 -3203743774
7376 7 0 -4061038951
7377 8 0 1146063288
7378 9 0 2976817633
7379 10 0 1687944884
7380 11 0 680732142
7381 12 0 144496861
7382 13 0 2974735927
7383 14 0 2089599320
7384 15 0 187825972
7389 0 0 3873374208
7390 1 0 2207774701
7391 2 0 252615245
7392 3 0 -2594279763
7393 4 0 375706295
7394 5 0 -3276525658
7395 6 0 -1075794882
7396 7 0 -3088883759
7397 8 0 369259760
7398 9 0 1802522634
7399 10 0 3810525978
7400 11 0 -93583813
7401 12 0 -274007760
7402 13 0 114990969
7403 14 0 746706246
7404 15 0 300559454
7409 0 0 2840985600
7410 1 0 2880363506
7411 2 0 2704915241
7412 3 0 3737556797
7413 4 0 2376173685
7414 5 0 260683716
7415 6 0 490015932
7416 7 0 -3976232987
7417 8 0 1059271861
7418 9 0 93936436
7419 10 0 65832730
7420 11 0 -980483208
7421 12 0 -739852612
7422 13 0 -273558442
7423 14 0 491837142
7424 15 0 -1124395049
7429 0 0 -262897664
7430 1 0 2147676250
7431 2 0 -585035243
7432 3 0 -2495434904
7433 4 0 1258918164
7434 5 0 -3617948512
7435 6 0 -2247493929
7436 7 0 739899091
7437 8 0 1334691715
7438 9 0 431460657
7439 10 0 -1310383612
7440 11 0 -3684579168
7441 12 0 22023184
7442 13 0 -4674284564
7443 14 0 -2801884565
7444 15 0 -3437248509
7449 0 0 1158938624
7450 1 0 -2600287271
7451 2 0 -977674152
7452 3 0 -911452977
7453 4 0 1119893629
7454 5 0 998953755
7455 6 0 -132587672
7456 7 0 3018119701
7457 8 0 3020446294
7458 9 0 -104190099
7459 10 0 2751534962
7460 11 0 1173431809
7461 12 0 253676297
7462 13 0 434498841
7463 14 0 -4053164138
7464 15 0 340499414
7469 0 0 731873280
7470 1 0 -3050312248
7471 2 0 -807778059
7472 3 0 1633667260
7473 4 0 210288343
7474 5 0 -2207123243
7475 6 0 2893950065
7476 7 0 1123390942
7477 8 0 -2205293346
7478 9 0 621409815
7479 10 0 1407998223
7480 11 0 -590793804
7481 12 0 325099387
7482 13 0 138539409
7483 14 0 -319168132
7484 15 0 976121311
7489 0 0 -615677952
7490 1 0 -771581709
7491 2 0 -113768815
7492 3 0 626723533
7493 4 0 1417798154
7494 5 0 -708128845
7495 6 0 3318491225
7496 7 0 2381237341
7497 8 0 1239056925
7498 9 0 -1419765337
7499 10 0 1016833165
7500 11 0 1554237487
7501 12 0 -2325494733
7502 13 0 -251937655
7503 14 0 -1432515297
7504 15 0 -2412370213
7509 0 0 -3472162816
7510 1 0 899169340
7511 2 0 -2595149089
7512 3 0 -402906804
7513 4 0 -529352534
7514 5 0 -732600909
7515 6 0 -268482690
7516 7 0 980414435
7517 8 0 12993888
7518 9 0 3709725872
7519 10 0 32865174
7520 11 0 -4036073308
7521 12 0 1210952045
7522 13 0 1696122777
7523 14 0 1992088212
7524 15 0 159317466
7529 0 0 -2370994176
7530 1 0 -1515531205
7531 2 0 295982884
7532 3 0 -750679660
7533 4 0 615470838
7534 5 0 1228419968
7535 6 0 -3707274088
7536 7 0 264524310
7537 8 0 2161762599
7538 9 0 1877226070
7539 10 0 -314399210
7540 11 0 -1397299549
7541 12 0 622758144
7542 13 0 -1217261742
7543 14 0 -698522915
7544 15 0 1758874354
7549 0 0 613023744
7550 1 0 -2690653821
7551 2 0 44657899
7552 3 0 -2311571903
7553 4 0 -368255305
7554 5 0 -1402732158
7555 6 0 195667142
7556 7 0 3435015175
7557 8 0 3118140797
7558 9 0 281416515
7559 10 0 449302564
7560 11 0 -1151281523
7561 12 0 -970037476
7562 13 0 -85624941
7563 14 0 1803718115
7564 15 0 -1823639972
7569 0 0 -1220837376
7570 1 0 -395028676
7571 2 0 -1479738878
7572 3 0 1398256067
7573 4 0 852410053
7574 5 0 -1361246476
7575 6 0 582547261
7576 7 0 1445993994
7577 8 0 -1463710833
7578 9 0 253738848
7579 10 0 3903971889
7580 11 0 599232702
7581 12 0 -2047739676
7582 13 0 -2601923873
7583 14 0 -173114956
7584 15 0 667906738
7589 0 0 -2795438080
7590 1 0 -2240178557
7591 2 0 -68749374
7592 3 0 -1820836405
7593 4 0 650612194
7594 5 0 467091310
7595 6 0 1188090724
7596 7 0 3413143148
7597 8 0 472836366
7598 9 0 -2647794882
7599 10 0 -1750310468
7600 11 0 2028666226
7601 12 0 543964110
7602 13 0 -707961893
7603 14 0 746048199
7604 15 0 -1866774144
7609 0 0 -2251816960
7610 1 0 -37387745
7611 2 0 -1526584719
7612 3 0 1003941717
7613 4 0 -837181334
7614 5 0 1517271717
7615 6 0 336368757
7616 7 0 927949333
7617 8 0 -965058423
7618 9 0 -401394847
7619 10 0 201075800
7620 11 0 1232184478
7621 12 0 1528487734
7622 13 0 1508259834
7623 14 0 1048407985
7624 15 0 4139870467
7629 0 0 -621936640
7630 1 0 -3641014623
7631 2 0 2087551657
7632 3 0 1134913622
7633 4 0 -242138177
7634 5 0 -1177025004
7635 6 0 -181246449
7636 7 0 511787472
7637 8 0 -1447954232
7638 9 0 516369669
7639 10 0 -1619969064
7640 11 0 -1023045836
7641 12 0 -1757650328
7642 13 0 910397620
7643 14 0 16051349
7644 15 0 -1111231842
7649 0 0 462651392
7650 1 0 -2841103922
7651 2 0 643627456
7652 3 0 1503528556
7653 4 0 -17133479
7654 5 0 1560989297
7655 6 0 -19400158
7656 7 0 -360438379
7657 8 0 -727249385
7658 9 0 -446960599
7659 10 0 976746565
7660 11 0 -1815843425
7661 12 0 -1341642594
7662 13 0 3114409127
7663 14 0 451443266
7664 15 0 1448846613
7669 0 0 3513057280
7670 1 0 1140124330
7671 2 0 1195376718
7672 3 0 2502420931
7673 4 0 1542292383
7674 5 0 -697071714
7675 6 0 -1368442142
7676 7 0 -2372996496
7677 8 0 868225596
7678 9 0 3120349100
7679 10 0 -1403719582
7680 11 0 -3887058571
7681 12 0 179609067
7682 13 0 -193350096
7683 14 0 2054796909
7684 15 0 2080724501
7689 0 0 5958959104
7690 1 0 1150615260
7691 2 0 599861783
7692 3 0 -2869380059
7693 4 0 -1510242546
7694 5 0 -363541742
7695 6 0 -2300722687
7696 7 0 -1020075069
7697 8 0 2448801775
7698 9 0 -635297144
7699 10 0 -2001254501
7700 11 0 -1177025526
7701 12 0 -2264046157
7702 13 0 -5355104852
7703 14 0 -2569342426
7704 15 0 -3236609547
7709 0 0 5670305792
7710 1 0 439590525
7711 2 0 1024662207
7712 3 0 -836973219
7713 4 0 -1663323803
7714 5 0 1060350106
7715 6 0 -720688359
7716 7 0 901792386
7717 8 0 -572968090
7718 9 0 -2014196314
7719 10 0 1326377614
7720 11 0 -1324270915
7721 12 0 622209474
7722 13 0 -394690226
7723 14 0 -2656390249
7724 15 0 1252094469
7729 0 0 2484862976
7730 1 0 -1991322634
7731 2 0 2473622765
7732 3 0 -135177246
7733 4 0 98983829
7734 5 0 1064423233
7735 6 0 292547271
7736 7 0 857211670
7737 8 0 -561615877
7738 9 0 -526603857
7739 10 0 -1586271689
7740 11 0 1054815802
7741 12 0 -450802990
7742 13 0 910608094
7743 14 0 -250994510
7744 15 0 136434316
7749 0 0 572882944
7750 1 0 -1866299787
7751 2 0 1729113261
7752 3 0 1644486578
7753 4 0 -2300755388
7754 5 0 -130872630
7755 6 0 -1489828050
7756 7 0 1890153450
7757 8 0 -2370167598
7758 9 0 -2319014778
7759 10 0 -1526054640
7760 11 0 -2604352950
7761 12 0 -866629519
7762 13 0 1671071098
7763 14 0 1039437193
7764 15 0 -309145036
7771 0 0 716767232
7772 1 0 -2168347867
7773 2 0 4304619899
7774 3 0 2711103980
7775 4 0 949383951
7776 5 0 5834711
7777 6 0 1217150992
7778 7 0 835533101
7779 8 0 -3025075514
7780 9 0 -3720643697
7781 10 0 -864084421
7782 11 0 1403483102
7783 12 0 -694960848
7784 13 0 -2006982013
7785 14 0 904100481
7786 15 0 -422635284
7791 0 0 1610514432
7792 1 0 -2864241816
7793 2 0 -1453107486
7794 3 0 1660799713
7795 4 0 2041434080
7796 5 0 -130173481
7797 6 0 923513637
7798 7 0 -43208806
7799 8 0 -396799946
7800 9 0 38282335
7801 10 0 1075306570
7802 11 0 -24830475
7803 12 0 -44377287
7804 13 0 764477346
7805 14 0 -2743441883
7806 15 0 -1305528221
7811 0 0 4146757632
7812 1 0 113603767
7813 2 0 -594040725
7814 3 0 4237317745
7815 4 0 -161064078
7816 5 0 46918153
7817 6 0 -1105851271
7818 7 0 -1498293055
7819 8 0 575846716
7820 9 0 -3185142044
7821 10 0 -1832523703
7822 11 0 -760315847
7823 12 0 529595670
7824 13 0 1120227653
7825 14 0 204836737
7826 15 0 890219759
7831 0 0 6846906368
7832 1 0 367716909
7833 2 0 1187836751
7834 3 0 2004972791
7835 4 0 1840957026
7836 5 0 -3353317237
7837 6 0 -702298218
7838 7 0 -3247619761
7839 8 0 -35596197
7840 9 0 3134282785
7841 10 0 2343547390
7842 11 0 -1931641739
7843 12 0 -1094004401
7844 13 0 1325600900
7845 14 0 1084291709
7846 15 0 1942207655
7851 0 0 5929336832
7852 1 0 2485843937
7853 2 0 581476930
7854 3 0 153499296
7855 4 0 -364120146
7856 5 0 -716968232
7857 6 0 832153980
7858 7 0 -3170968320
7859 8 0 -1500014930
7860 9 0 953577869
7861 10 0 -648353026
7862 11 0 -1511194824
7863 12 0 147075011
7864 13 0 597000817
7865 14 0 -983281968
7866 15 0 -1080200785
7871 0 0 3241771008
7872 1 0 832545816
7873 2 0 723128049
7874 3 0 1938988462
7875 4 0 1539181145
7876 5 0 44854264
7877 6 0 -1992332561
7878 7 0 -4079639760
7879 8 0 1817578013
7880 9 0 3656814436
7881 10 0 955228197
7882 11 0 -1104754977
7883 12 0 111354521
7884 13 0 1861365466
7885 14 0 283144885
7886 15 0 1276334625
7891 0 0 -253493248
7892 1 0 1509487365
7893 2 0 -1310093288
7894 3 0 -3682598535
7895 4 0 -1415596337
7896 5 0 -3648054752
7897 6 0 2199110900
7898 7 0 2724961103
7899 8 0 950522769
7900 9 0 -1577175439
7901 10 0 -1183199135
7902 11 0 -2171271119
7903 12 0 -1627838518
7904 13 0 -2191025310
7905 14 0 -2889941698
7906 15 0 -3149317339
7911 0 0 -1700069376
7912 1 0 -1908293574
7913 2 0 4096303262
7914 3 0 -505104496
7915 4 0 -316245199
7916 5 0 3087952686
7917 6 0 -3377454636
7918 7 0 1302830532
7919 8 0 357096318
7920 9 0 625830962
7921 10 0 3020898491
7922 11 0 846473338
7923 12 0 -473061697
7924 13 0 1041468689
7925 14 0 2248408553
7926 15 0 1898226023
7931 0 0 -1085210624
7932 1 0 -1791581255
7933 2 0 -1365007171
7934 3 0 -1705506117
7935 4 0 1210325386
7936 5 0 389110199
7937 6 0 3040883902
7938 7 0 274243018
7939 8 0 -1242552484
7940 9 0 344103180
7941 10 0 148258903
7942 11 0 -1479429480
7943 12 0 1090628293
7944 13 0 459298477
7945 14 0 -133549503
7946 15 0 -1683491794
7951 0 0 1955266560
7952 1 0 -266054267
7953 2 0 1009765118
7954 3 0 -575659395
7955 4 0 -2452933599
7956 5 0 1758778407
7957 6 0 -3449950595
7958 7 0 386121630
7959 8 0 1768808005
7960 9 0 -1608507874
7961 10 0 -2595201309
7962 11 0 -2040804634
7963 12 0 1480797606
7964 13 0 480740495
7965 14 0 -467408191
7966 15 0 131195680
7971 0 0 2384953344
7972 1 0 1723086665
7973 2 0 617820690
7974 3 0 -1090458672
7975 4 0 -38377925
7976 5 0 -1213078803
7977 6 0 951102632
7978 7 0 1861731518
7979 8 0 2735663126
7980 9 0 -1782256216
7981 10 0 -649438722
7982 11 0 -1670687256
7983 12 0 -2211355689
7984 13 0 -670250901
7985 14 0 -1960227176
7986 15 0 -2239371169
7991 0 0 -1006731264
7992 1 0 2369039433
7993 2 0 -35388770
7994 3 0 1227261209
7995 4 0 261135874
7996 5 0 -1656901331
7997 6 0 -719236884
7998 7 0 2467377674
7999 8 0 804604314
8000 9 0 1407349252
8001 10 0 -1027689082
8002 11 0 -2078730945
8003 12 0 -928023135
8004 13 0 -2688301838
8005 14 0 -4210782987
8006 15 0 -1790736040
8011 0 0 -2033844224
8012 1 0 -859571942
8013 2 0 1983901856
8014 3 0 -1846353687
8015 4 0 -630069371
8016 5 0 1845586544
8017 6 0 -5979879707
8018 7 0 4479792406
8019 8 0 2841644430
8020 9 0 -834844954
8021 10 0 2575530304
8022 11 0 437440442
8023 12 0 1861052724
8024 13 0 1403421104
8025 14 0 308218793
8026 15 0 1092184097
8031 0 0 -3285811200
8032 1 0 -1335151915
8033 2 0 -775390356
8034 3 0 -1042220817
8035 4 0 228565502
8036 5 0 -128261573
8037 6 0 4106884933
8038 7 0 3041122750
8039 8 0 -2251526347
8040 9 0 -218470110
8041 10 0 2216536684
8042 11 0 2834978044
8043 12 0 -1014648764
8044 13 0 312504737
8045 14 0 -244483944
8046 15 0 1064553184
8051 0 0 -2163179520
8052 1 0 -1475753746
8053 2 0 2037583071
8054 3 0 626142086
8055 4 0 -1542059851
8056 5 0 58574072
8057 6 0 -1714286971
8058 7 0 1429735162
8059 8 0 -2679908255
8060 9 0 -467320168
8061 10 0 -233694053
8062 11 0 1126668924
8063 12 0 3362473474
8064 13 0 2753722206
8065 14 0 2164365402
8066 15 0 71601109
8071 0 0 -2852356096
8072 1 0 1244652067
8073 2 0 -4467762707
8074 3 0 -680759650
8075 4 0 -335512255
8076 5 0 584938325
8077 6 0 3358549126
8078 7 0 581314444
8079 8 0 -434990670
8080 9 0 1097162037
8081 10 0 2055062710
8082 11 0 2957799066
8083 12 0 -1466492310
8084 13 0 -290031851
8085 14 0 -2116857369
8086 15 0 -1432944531
8091 0 0 -2135883776
8092 1 0 -1607706169
8093 2 0 -631091087
8094 3 0 2342142387
8095 4 0 -653676328
8096 5 0 5648399
8097 6 0 -2856761912
8098 7 0 205960710
8099 8 0 -895568486
8100 9 0 -1036219980
8101 10 0 -3161007515
8102 11 0 -2110488406
8103 12 0 2023233521
8104 13 0 435698798
8105 14 0 739713913
8106 15 0 1152873197
8111 0 0 -2458255360
8112 1 0 -537209759
8113 2 0 -1229973509
8114 3 0 -1865334627
8115 4 0 1559273332
8116 5 0 -474677871
8117 6 0 2303434494
8118 7 0 4792054747
8119 8 0 1401982418
8120 9 0 938637940
8121 10 0 2300896276
8122 11 0 2745201085
8123 12 0 -729401292
8124 13 0 -2528049083
8125 14 0 -843567696
8126 15 0 -148804948
8131 0 0 -4017750016
8132 1 0 -765016842
8133 2 0 -1688001543
8134 3 0 2744697887
8135 4 0 1684741603
8136 5 0 804148806
8137 6 0 795677603
8138 7 0 1423798506
8139 8 0 -2242584385
8140 9 0 555286177
8141 10 0 1460593694
8142 11 0 4915148159
8143 12 0 2514893162
8144 13 0 -531547341
8145 14 0 131715653
8146 15 0 -42551639
8151 0 0 -593723392
8152 1 0 -277876219
8153 2 0 -3539190585
8154 3 0 273270771
8155 4 0 1352335908
8156 5 0 -2502835794
8157 6 0 -62036929
8158 7 0 3392248229
8159 8 0 1433065324
8160 9 0 1045865525
8161 10 0 5946519453
8162 11 0 3563343172
8163 12 0 2619658358
8164 13 0 1997397066
8165 14 0 -1610967434
8166 15 0 13283545
8171 0 0 4419551232
8172 1 0 -951329378
8173 2 0 -214218616
8174 3 0 3828739554
8175 4 0 2527791468
8176 5 0 -339291699
8177 6 0 335987712
8178 7 0 -2279553621
8179 8 0 1074067454
8180 9 0 -244826374
8181 10 0 4696675746
8182 11 0 2252977220
8183 12 0 582148374
8184 13 0 2424746826
8185 14 0 699496356
8186 15 0 326371254
8191 0 0 3181641728
8192 1 0 62884973
8193 2 0 1208870970
8194 3 0 226418374
8195 4 0 -707264397
8196 5 0 -3987013269
8197 6 0 1127375648
8198 7 0 -627251694
8199 8 0 -3197128177
8200 9 0 138135135
8201 10 0 331425463
8202 11 0 -2564751247
8203 12 0 -1756090008
8204 13 0 -2179729026
8205 14 0 515879692
8206 15 0 -983194145
8211 0 0 1731723264
8212 1 0 -1657714714
8213 2 0 -721743327
8214 3 0 -1405732132
8215 4 0 1034630095
8216 5 0 558621033
8217 6 0 -531610058
8218 7 0 2656883926
8219 8 0 2337933412
8220 9 0 933104349
8221 10 0 74119878
8222 11 0 -1657283985
8223 12 0 -1681053734
8224 13 0 564447850
8225 14 0 -2358819663
8226 15 0 -876110439
8231 0 0 -3233382400
8232 1 0 -1916079173
8233 2 0 672840728
8234 3 0 -470800257
8235 4 0 -1723225173
8236 5 0 2173233838
8237 6 0 2113534650
8238 7 0 3704549906
8239 8 0 -1492775821
8240 9 0 -2329021358
8241 10 0 -2208952100
8242 11 0 3115274420
8243 12 0 223568508
8244 13 0 -4288388297
8245 14 0 514826378
8246 15 0 2046549993
8253 0 0 2706735104
8254 1 0 -2043942453
8255 2 0 170010121
8256 3 0 326688473
8257 4 0 -2737244047
8258 5 0 544962720
8259 6 0 -1600272154
8260 7 0 -431257172
8261 8 0 -1785309185
8262 9 0 -1443137174
8263 10 0 529783021
8264 11 0 2107866200
8265 12 0 -806574178
8266 13 0 3365050100
8267 14 0 3828625244
8268 15 0 474372708
8273 0 0 4383768576
8274 1 0 -361084975
8275 2 0 -1467480559
8276 3 0 2377552662
8277 4 0 1404374080
8278 5 0 -2091617582
8279 6 0 -913255223
8280 7 0 -2117991504
8281 8 0 -2313665666
8282 9 0 1751093767
8283 10 0 2297321917
8284 11 0 -708651486
8285 12 0 205582597
8286 13 0 3835697855
8287 14 0 3516244909
8288 15 0 884877507
8293 0 0 5445746688
8294 1 0 987385385
8295 2 0 408572254
8296 3 0 2180565242
8297 4 0 -166959938
8298 5 0 418186997
8299 6 0 -817980586
8300 7 0 -3896890571
8301 8 0 -1699372002
8302 9 0 -1385190618
8303 10 0 -3784489399
8304 11 0 2361530702
8305 12 0 446472562
8306 13 0 -2618872744
8307 14 0 456075627
8308 15 0 -639166288
8313 0 0 8269070336
8314 1 0 3053388499
8315 2 0 -1207116996
8316 3 0 1819343655
8317 4 0 -403770668
8318 5 0 -1983992994
8319 6 0 621209853
8320 7 0 -3048884850
8321 8 0 -416149243
8322 9 0 3965602362
8323 10 0 1820701422
8324 11 0 -377100145
8325 12 0 465565506
8326 13 0 258098063
8327 14 0 -435067884
8328 15 0 1289377529
8333 0 0 3854893056
8334 1 0 2441038944
8335 2 0 -568023509
8336 3 0 316832356
8337 4 0 1310540922
8338 5 0 -580083290
8339 6 0 2169446017
8340 7 0 -3353198996
8341 8 0 416815347
8342 9 0 -264522241
8343 10 0 307948882
8344 11 0 1305384335
8345 12 0 -198440788
8346 13 0 -1937870691
8347 14 0 -3693852071
8348 15 0 -1739633934
8353 0 0 4266786816
8354 1 0 2736109443
8355 2 0 393674153
8356 3 0 -259633703
8357 4 0 -737337977
8358 5 0 -854777160
8359 6 0 -2423244823
8360 7 0 -648516965
8361 8 0 1863306647
8362 9 0 -1044323870
8363 10 0 -1527899637
8364 11 0 -1670349564
8365 12 0 384566602
8366 13 0 241589087
8367 14 0 1014273109
8368 15 0 -1235866364
8373 0 0 930381824
8374 1 0 -1639230649
8375 2 0 1020413621
8376 3 0 -2592429392
8377 4 0 523084000
8378 5 0 -965186649
8379 6 0 -749531919
8380 7 0 304552185
8381 8 0 289565875
8382 9 0 -364594966
8383 10 0 3093617544
8384 11 0 722835688
8385 12 0 -435549549
8386 13 0 399680778
8387 14 0 -377743416
8388 15 0 598642152
8393 0 0 1536688128
8394 1 0 -373358917
8395 2 0 -640297195
8396 3 0 291270393
8397 4 0 -1519235870
8398 5 0 -693005418
8399 6 0 783842779
8400 7 0 385155958
8401 8 0 -1582800955
8402 9 0 -2132563603
8403 10 0 -3251256005
8404 11 0 -212816933
8405 12 0 -1181880481
8406 13 0 2860599451
8407 14 0 1392826750
8408 15 0 -1137624613
8413 0 0 -1600290816
8414 1 0 -320719286
8415 2 0 -458121895
8416 3 0 1187388465
8417 4 0 -83124781
8418 5 0 -3012433770
8419 6 0 -2371499442
8420 7 0 1721829379
8421 8 0 -1764869134
8422 9 0 1221465924
8423 10 0 778864683
8424 11 0 -1081166723
8425 12 0 988196143
8426 13 0 1580130036
8427 14 0 695354235
8428 15 0 159729804
8433 0 0 475955200
8434 1 0 -606177858
8435 2 0 92974796
8436 3 0 1828871050
8437 4 0 587062114
8438 5 0 670673569
8439 6 0 -2640048625
8440 7 0 -149566535
8441 8 0 -1350422457
8442 9 0 1929659974
8443 10 0 -797072481
8444 11 0 12581678
8445 12 0 -36519242
8446 13 0 -697827407
8447 14 0 -1077150630
8448 15 0 1397620888
8453 0 0 999882752
8454 1 0 -3974464068
8455 2 0 -648421381
8456 3 0 -261546852
8457 4 0 342389204
8458 5 0 -2956492984
8459 6 0 2402184515
8460 7 0 2684019610
8461 8 0 -1662691982
8462 9 0 1259163363
8463 10 0 -603690627
8464 11 0 -1368583732
8465 12 0 203317573
8466 13 0 -64527899
8467 14 0 -3142686494
8468 15 0 -2278755616
8473 0 0 2408087552
8474 1 0 -1076149310
8475 2 0 39799122
8476 3 0 143124143
8477 4 0 -942872856
8478 5 0 677972495
8479 6 0 -2453377621
8480 7 0 2070128865
8481 8 0 784250599
8482 9 0 -1323149756
8483 10 0 2951064067
8484 11 0 1141177221
8485 12 0 1461186498
8486 13 0 741358514
8487 14 0 469660086
8488 15 0 -431294721
8493 0 0 644284416
8494 1 0 209197772
8495 2 0 -893965042
8496 3 0 -1466300746
8497 4 0 -2354196032
8498 5 0 -822370372
8499 6 0 1315437201
8500 7 0 917802176
8501 8 0 -3255342461
8502 9 0 -1757059419
8503 10 0 -3082791673
8504 11 0 -663490415
8505 12 0 -2401824014
8506 13 0 -2055591405
8507 14 0 2369585973
8508 15 0 -1006189707
8513 0 0 -1478426624
8514 1 0 -3741851477
8515 2 0 920805449
8516 3 0 -1090754572
8517 4 0 -841769893
8518 5 0 -452045133
8519 6 0 1352626521
8520 7 0 846924263
8521 8 0 -2354029655
8522 9 0 2665134161
8523 10 0 -3129358221
8524 11 0 -4125475571
8525 12 0 2179423910
8526 13 0 1933485859
8527 14 0 -1352442685
8528 15 0 1265021806
8533 0 0 -4409196544
8534 1 0 -200976780
8535 2 0 -625875520
8536 3 0 664058007
8537 4 0 -1889165000
8538 5 0 4031609217
8539 6 0 1667902857
8540 7 0 1270289446
8541 8 0 257132050
8542 9 0 -983458829
8543 10 0 -3683162974
8544 11 0 2582005020
8545 12 0 -741719262
8546 13 0 -1816508716
8547 14 0 1482619646
8548 15 0 -740421825
8553 0 0 -4157702144
8554 1 0 319050965
8555 2 0 -721160318
8556 3 0 397489533
8557 4 0 1567781210
8558 5 0 -735266477
8559 6 0 -1829060108
8560 7 0 -318525718
8561 8 0 430860753
8562 9 0 469713143
8563 10 0 860606497
8564 11 0 -2935565659
8565 12 0 2740082327
8566 13 0 1933697755
8567 14 0 3037585884
8568 15 0 1559075864
8573 0 0 -821952512
8574 1 0 1716622843
8575 2 0 1169245798
8576 3 0 -5056946989
8577 4 0 -1328253443
8578 5 0 989446424
8579 6 0 -508421836
8580 7 0 1252333067
8581 8 0 1094643220
8582 9 0 -1676251259
8583 10 0 -377798566
8584 11 0 3700835065
8585 12 0 72781039
8586 13 0 -3119072063
8587 14 0 -451698934
8588 15 0 -675653060
8593 0 0 -869302272
8594 1 0 -2136767544
8595 2 0 1629866276
8596 3 0 355070015
8597 4 0 -2309682169
8598 5 0 1506999241
8599 6 0 1615619886
8600 7 0 -1106866783
8601 8 0 -4076227754
8602 9 0 347085211
8603 10 0 449228060
8604 11 0 -2294978560
8605 12 0 808351747
8606 13 0 2593013459
8607 14 0 -1144185581
8608 15 0 -1805625090
8613 0 0 -3705470976
8614 1 0 1505792708
8615 2 0 2288637781
8616 3 0 -1855460579
8617 4 0 -1613107979
8618 5 0 2584906911
8619 6 0 -1958029380
8620 7 0 464895914
8621 8 0 -522552993
8622 9 0 -2300623061
8623 10 0 -2276074164
8624 11 0 -351347270
8625 12 0 -126548779
8626 13 0 -2300176259
8627 14 0 1291458101
8628 15 0 -2820709919
8633 0 0 -3390406656
8634 1 0 -537769954
8635 2 0 -1198641784
8636 3 0 -3997335664
8637 4 0 -646306054
8638 5 0 1858541727
8639 6 0 -930672498
8640 7 0 1806442344
8641 8 0 2130806214
8642 9 0 26370306
8643 10 0 -1094932574
8644 11 0 -2936841120
8645 12 0 2137836550
8646 13 0 1751700968
8647 14 0 809415458
8648 15 0 312673918
8653 0 0 339509248
8654 1 0 1971427936
8655 2 0 -1993215400
8656 3 0 -1297780698
8657 4 0 -1589876206
8658 5 0 -11436361
8659 6 0 -161370770
8660 7 0 360670370
8661 8 0 600833034
8662 9 0 -2154849637
8663 10 0 -4437296968
8664 11 0 -315560434
8665 12 0 2117388932
8666 13 0 -2684595509
8667 14 0 -2320990192
8668 15 0 -3148857605
8673 0 0 1541177344
8674 1 0 1015240703
8675 2 0 1667203925
8676 3 0 -1032276019
8677 4 0 -2353104743
8678 5 0 924881427
8679 6 0 -2095515558
8680 7 0 1527773171
8681 8 0 206707837
8682 9 0 68989372
8683 10 0 2894594978
8684 11 0 2457822140
8685 12 0 1069663801
8686 13 0 -536208966
8687 14 0 -1562437190
8688 15 0 1305512040
8693 0 0 800063488
8694 1 0 -1636343274
8695 2 0 -1835152278
8696 3 0 -374858015
8697 4 0 680566667
8698 5 0 -847844778
8699 6 0 806288972
8700 7 0 903075326
8701 8 0 -2434857880
8702 9 0 657177477
8703 10 0 3861798945
8704 11 0 1080383175
8705 12 0 1969767973
8706 13 0 4205465132
8707 14 0 207940463
8708 15 0 -3083732127
8713 0 0 -2897346560
8714 1 0 -2302448396
8715 2 0 221007209
8716 3 0 1037140283
8717 4 0 -100340234
8718 5 0 888368238
8719 6 0 -681178114
8720 7 0 -36850809
8721 8 0 -1030282414
8722 9 0 -1777263404
8723 10 0 2315185669
8724 11 0 3178605194
8725 12 0 1543357677
8726 13 0 1633102457
8727 14 0 1275650437
8728 15 0 646370351
8735 0 0 2106163200
8736 1 0 130843846
8737 2 0 150733313
8738 3 0 -413925614
8739 4 0 28039211
8740 5 0 2444193842
8741 6 0 1937507845
8742 7 0 -2208589955
8743 8 0 -724258979
8744 9 0 4252573745
8745 10 0 47168581
8746 11 0 247227029
8747 12 0 -1378496908
8748 13 0 1036368111
8749 14 0 -1604756454
8750 15 0 2375069056
8755 0 0 1585479680
8756 1 0 2044222018
8757 2 0 -511701746
8758 3 0 -116399742
8759 4 0 -1219696739
8760 5 0 -6396580
8761 6 0 -597169153
8762 7 0 233116528
8763 8 0 1794661457
8764 9 0 1184716426
8765 10 0 -393643929
8766 11 0 -889931446
8767 12 0 1370079019
8768 13 0 503008051
8769 14 0 3985320
8770 15 0 223755736
8775 0 0 2837250048
8776 1 0 2822180502
8777 2 0 2048449962
8778 3 0 -275805619
8779 4 0 741155675
8780 5 0 2507598345
8781 6 0 -300678502
8782 7 0 -3005526249
8783 8 0 2356047176
8784 9 0 -943721126
8785 10 0 2398268375
8786 11 0 4114509924
8787 12 0 -845947334
8788 13 0 -4044576989
8789 14 0 -477998798
8790 15 0 402446452
8795 0 0 5063540736
8796 1 0 3398817831
8797 2 0 1198663341
8798 3 0 522101456
8799 4 0 435290630
8800 5 0 -117784946
8801 6 0 1343224996
8802 7 0 -3816266185
8803 8 0 692782806
8804 9 0 -550634093
8805 10 0 936126946
8806 11 0 -397967718
8807 12 0 614295176
8808 13 0 -419508034
8809 14 0 937295655
8810 15 0 -139472784
8815 0 0 855277568
8816 1 0 2376211848
8817 2 0 -519965374
8818 3 0 -369916654
8819 4 0 539944817
8820 5 0 -1114857801
8821 6 0 -34785183
8822 7 0 -2157232529
8823 8 0 132763933
8824 9 0 -218790007
8825 10 0 -20263911
8826 11 0 -2129712830
8827 12 0 -615401440
8828 13 0 -2983869800
8829 14 0 -3485209211
8830 15 0 -2506553091
8835 0 0 712114176
8836 1 0 1656215514
8837 2 0 1212112478
8838 3 0 -1086654789
8839 4 0 -25555651
8840 5 0 2036032410
8841 6 0 347644111
8842 7 0 194141304
8843 8 0 2152809133
8844 9 0 -1815722319
8845 10 0 -3343854761
8846 11 0 -835224049
8847 12 0 -1705394461
8848 13 0 -2557283404
8849 14 0 -2635427486
8850 15 0 -112818181
8855 0 0 -1458208768
8856 1 0 -427708537
8857 2 0 -323856578
8858 3 0 -1787416379
8859 4 0 -1007313123
8860 5 0 -580154831
8861 6 0 2099571955
8862 7 0 1720468166
8863 8 0 -346178929
8864 9 0 1990838087
8865 10 0 -1401413157
8866 11 0 -1215926951
8867 12 0 -646658411
8868 13 0 -2656044745
8869 14 0 -1073804482
8870 15 0 675275204
8875 0 0 1876164608
8876 1 0 685753727
8877 2 0 -2378359149
8878 3 0 -924016885
8879 4 0 -1179371282
8880 5 0 2905229485
8881 6 0 594683522
8882 7 0 -258885348
8883 8 0 815829152
8884 9 0 -1122196529
8885 10 0 -1579721507
8886 11 0 1941500917
8887 12 0 -18198354
8888 13 0 -1878558944
8889 14 0 -2581676532
8890 15 0 494358845
8895 0 0 2827124736
8896 1 0 451345168
8897 2 0 -37100401
8898 3 0 -2593139276
8899 4 0 -3629794629
8900 5 0 864550924
8901 6 0 810191326
8902 7 0 -774872916
8903 8 0 -563510141
8904 9 0 1037105500
8905 10 0 -1794689107
8906 11 0 -355990883
8907 12 0 -184984808
8908 13 0 -187983586
8909 14 0 2156362317
8910 15 0 2654602635
8915 0 0 5159518208
8916 1 0 -714729749
8917 2 0 393766640
8918 3 0 -1789071283
8919 4 0 -1957015404
8920 5 0 1005871621
8921 6 0 -233854886
8922 7 0 -2140692291
8923 8 0 -2953197840
8924 9 0 -796303854
8925 10 0 -1072905823
8926 11 0 -384221363
8927 12 0 199608971
8928 13 0 472476055
8929 14 0 -1035261702
8930 15 0 -1582393273
8935 0 0 4464672768
8936 1 0 -1392173204
8937 2 0 722591441
8938 3 0 569108880
8939 4 0 -1476519104
8940 5 0 2774436446
8941 6 0 -2196529389
8942 7 0 -1868733562
8943 8 0 210059200
8944 9 0 718852037
8945 10 0 -1121069228
8946 11 0 -1452667122
8947 12 0 1172803547
8948 13 0 2752638006
8949 14 0 1569480236
8950 15 0 -695705098
8955 0 0 3920396288
8956 1 0 1498461715
8957 2 0 -3411816996
8958 3 0 -1534111022
8959 4 0 -1751229361
8960 5 0 -2696912690
8961 6 0 711838250
8962 7 0 -745629054
8963 8 0 -459856959
8964 9 0 1863971495
8965 10 0 -2058730230
8966 11 0 -3112207370
8967 12 0 -2161574642
8968 13 0 514432695
8969 14 0 -362679469
8970 15 0 -2325766782
8975 0 0 2699329536
8976 1 0 -1395572
8977 2 0 1218886096
8978 3 0 -97028310
8979 4 0 -1414191816
8980 5 0 1064412500
8981 6 0 -718213575
8982 7 0 219024302
8983 8 0 2468123003
8984 9 0 -128649857
8985 10 0 -1852829114
8986 11 0 -973656349
8987 12 0 -42877262
8988 13 0 1075589708
8989 14 0 -1141906124
8990 15 0 2572960159
8995 0 0 -373293056
8996 1 0 101287675
8997 2 0 -215993805
8998 3 0 154446034
8999 4 0 40017791
9000 5 0 -555005994
9001 6 0 961453101
9002 7 0 1504724907
9003 8 0 1191279966
9004 9 0 3337880847
9005 10 0 1336431800
9006 11 0 -220525508
9007 12 0 -1729062349
9008 13 0 -1167779520
9009 14 0 622924057
9010 15 0 267648093
9015 0 0 -3074162688
9016 1 0 1362831263
9017 2 0 145438362
9018 3 0 69889202
9019 4 0 1423295138
9020 5 0 1258018067
9021 6 0 -1052833027
9022 7 0 1220654754
9023 8 0 2622349251
9024 9 0 -2801302696
9025 10 0 179703540
9026 11 0 1081735776
9027 12 0 -1491933934
9028 13 0 -361365674
9029 14 0 280521743
9030 15 0 -1649455409
9035 0 0 -4910678016
9036 1 0 736201181
9037 2 0 357112825
9038 3 0 -2397434846
9039 4 0 -1742740746
9040 5 0 -1548013265
9041 6 0 -390411547
9042 7 0 2508930019
9043 8 0 -677952140
9044 9 0 2871364254
9045 10 0 136382353
9046 11 0 -676494277
9047 12 0 -1096245222
9048 13 0 -1621649121
9049 14 0 1693263026
9050 15 0 2638530045
9055 0 0 -3239837696
9056 1 0 -2142128531
9057 2 0 1268440465
9058 3 0 2970494775
9059 4 0 2358800129
9060 5 0 2946579107
9061 6 0 -593619667
9062 7 0 -351647188
9063 8 0 2187804965
9064 9 0 -956549804
9065 10 0 -1226343412
9066 11 0 -1262667827
9067 12 0 -1472004789
9068 13 0 159974475
9069 14 0 -1145852975
9070 15 0 1191461703
9075 0 0 -5130223616
9076 1 0 -1032306754
9077 2 0 -1919133476
9078 3 0 -2771656550
9079 4 0 251281583
9080 5 0 -2527529828
9081 6 0 3478737296
9082 7 0 5080467740
9083 8 0 27445365
9084 9 0 -401995830
9085 10 0 -2145794542
9086 11 0 -1037095551
9087 12 0 -1123393709
9088 13 0 -4235677898
9089 14 0 -3261785933
9090 15 0 -1742383371
9095 0 0 -8346206208
9096 1 0 -1299491532
9097 2 0 188311161
9098 3 0 1706144641
9099 4 0 -798334584
9100 5 0 3667320307
9101 6 0 -706411798
9102 7 0 4107460004
9103 8 0 25322126
9104 9 0 -1002016006
9105 10 0 -70554153
9106 11 0 3727372519
9107 12 0 -899060468
9108 13 0 280572780
9109 14 0 461793324
9110 15 0 1175842495
9115 0 0 -7593263104
9116 1 0 -527390075
9117 2 0 -3573120106
9118 3 0 205603265
9119 4 0 1532591088
9120 5 0 -2386500780
9121 6 0 -322407882
9122 7 0 3265018952
9123 8 0 -436514228
9124 9 0 4180848739
9125 10 0 1810566863
9126 11 0 -946941111
9127 12 0 420906278
9128 13 0 108712817
9129 14 0 2063024558
9130 15 0 2072345718
9135 0 0 -4560027648
9136 1 0 -805332965
9137 2 0 2541000396
9138 3 0 580843691
9139 4 0 722149621
9140 5 0 2254588904
9141 6 0 -1136833240
9142 7 0 409711732
9143 8 0 626355640
9144 9 0 -1418363691
9145 10 0 -2206896210
9146 11 0 981974539
9147 12 0 590494101
9148 13 0 -3797578440
9149 14 0 429335095
9150 15 0 1680658335
9155 0 0 -2176581632
9156 1 0 -621374444
9157 2 0 163097816
9158 3 0 -2170524645
9159 4 0 223437015
9160 5 0 74743934
9161 6 0 5150804403
9162 7 0 1608309108
9163 8 0 -1153630291
9164 9 0 -147141661
9165 10 0 -1266400497
9166 11 0 64289550
9167 12 0 -1502267059
9168 13 0 -2896339553
9169 14 0 -2333675679
9170 15 0 -494531212
9175 0 0 -2483716096
9176 1 0 185418546
9177 2 0 -1405992042
9178 3 0 -1975475451
9179 4 0 -2265837748
9180 5 0 2804240872
9181 6 0 478527349
9182 7 0 2102147608
9183 8 0 773036592
9184 9 0 -2041856920
9185 10 0 -3522318150
9186 11 0 -1818886021
9187 12 0 1009064711
9188 13 0 862591729
9189 14 0 -1796105009
9190 15 0 -1406028473
9195 0 0 -2341339136
9196 1 0 144614573
9197 2 0 -1143037878
9198 3 0 -2549583861
9199 4 0 -2575475255
9200 5 0 1394263621
9201 6 0 -1905631650
9202 7 0 922504631
9203 8 0 500780142
9204 9 0 1431448169
9205 10 0 -2349483934
9206 11 0 -809180521
9207 12 0 -9841173
9208 13 0 -559884300
9209 14 0 60515641
9210 15 0 1336840362
9217 0 0 2721873920
9218 1 0 1843175580
9219 2 0 544254914
9220 3 0 -10761942
9221 4 0 3053421484
9222 5 0 -1095339757
9223 6 0 879835312
9224 7 0 -431686738
9225 8 0 1355519607
9226 9 0 -2455660768
9227 10 0 4507781458
9228 11 0 1559610343
9229 12 0 891446069
9230 13 0 -446636500
9231 14 0 -2187299530
9232 15 0 -1017680483
9237 0 0 258211840
9238 1 0 -1004894432
9239 2 0 1886332537
9240 3 0 1954424214
9241 4 0 218929089
9242 5 0 223482796
9243 6 0 639640619
9244 7 0 270699883
9245 8 0 -136336144
9246 9 0 -2405967409
9247 10 0 -1228710128
9248 11 0 -2536135869
9249 12 0 317462638
9250 13 0 216985901
9251 14 0 -2743568663
9252 15 0 -570045746
9257 0 0 875593728
9258 1 0 -2634403166
9259 2 0 2535354921
9260 3 0 1582188647
9261 4 0 2552079073
9262 5 0 -1125864088
9263 6 0 784617581
9264 7 0 -1147368369
9265 8 0 619956826
9266 9 0 1523981375
9267 10 0 1716267223
9268 11 0 -2248017456
9269 12 0 -730629465
9270 13 0 2794887454
9271 14 0 -1562048327
9272 15 0 -910213000
9277 0 0 908427264
9278 1 0 955795152
9279 2 0 682854102
9280 3 0 2187894467
9281 4 0 937483964
9282 5 0 88636813
9283 6 0 -633668863
9284 7 0 -693267595
9285 8 0 3306535381
9286 9 0 -1499719706
9287 10 0 1508649724
9288 11 0 -1410403974
9289 12 0 -948636170
9290 13 0 1271212282
9291 14 0 308648920
9292 15 0 1843364401
9297 0 0 1994883072
9298 1 0 -193431852
9299 2 0 4207319174
9300 3 0 -2416460562
9301 4 0 -136120652
9302 5 0 -1422761204
9303 6 0 -2342567335
9304 7 0 -209686647
9305 8 0 862986857
9306 9 0 -1478349425
9307 10 0 1458880616
9308 11 0 -2453012075
9309 12 0 -1590301829
9310 13 0 -982485327
9311 14 0 1487096772
9312 15 0 86790935
9317 0 0 4900716544
9318 1 0 -1978115082
9319 2 0 2702789708
9320 3 0 348544967
9321 4 0 685843920
9322 5 0 2013505145
9323 6 0 -1233574271
9324 7 0 -3204260198
9325 8 0 -649023722
9326 9 0 -1824894677
9327 10 0 553609043
9328 11 0 -26583312
9329 12 0 -818019814
9330 13 0 1313726307
9331 14 0 -1122297736
9332 15 0 -1027530237
9337 0 0 4489871360
9338 1 0 -1257916725
9339 2 0 2025184558
9340 3 0 3105457365
9341 4 0 -489092679
9342 5 0 -279897946
9343 6 0 -888076236
9344 7 0 -2361471331
9345 8 0 -678224074
9346 9 0 -353722861
9347 10 0 832922000
9348 11 0 -2760426993
9349 12 0 307052088
9350 13 0 2999091676
9351 14 0 1606238941
9352 15 0 639732132
9357 0 0 4497768448
9358 1 0 525749496
9359 2 0 3265473175
9360 3 0 3111261964
9361 4 0 2400475814
9362 5 0 -37432372
9363 6 0 -1144839613
9364 7 0 -5266929584
9365 8 0 -736115653
9366 9 0 -35817531
9367 10 0 807952237
9368 11 0 -3001502257
9369 12 0 -234321132
9370 13 0 1862368527
9371 14 0 1137371265
9372 15 0 726375584
9377 0 0 3868983296
9378 1 0 1352127667
9379 2 0 1024655091
9380 3 0 1911114184
9381 4 0 1947777549
9382 5 0 -1177242173
9383 6 0 -546276855
9384 7 0 -3249732096
9385 8 0 2114179780
9386 9 0 -208264985
9387 10 0 -1561233489
9388 11 0 -824370037
9389 12 0 -1169325840
9390 13 0 -835501183
9391 14 0 107070055
9392 15 0 -768184008
9397 0 0 2403041280
9398 1 0 2373701490
9399 2 0 157707359
9400 3 0 464406206
9401 4 0 440359680
9402 5 0 -1150380651
9403 6 0 -706871386
9404 7 0 305706197
9405 8 0 1621426001
9406 9 0 -1295447955
9407 10 0 2181217746
9408 11 0 -1039848324
9409 12 0 -1244206934
9410 13 0 -1104287778
9411 14 0 -1809191932
9412 15 0 2324969605
9417 0 0 2476277760
9418 1 0 2011248427
9419 2 0 312575941
9420 3 0 -1558695679
9421 4 0 667124792
9422 5 0 -1289966352
9423 6 0 2194532645
9424 7 0 -54444602
9425 8 0 -1023643099
9426 9 0 1456980854
9427 10 0 -2341622784
9428 11 0 154843528
9429 12 0 -2409230860
9430 13 0 -2851891114
9431 14 0 -4074949888
9432 15 0 -2040989874
9437 0 0 3436576768
9438 1 0 31250828
9439 2 0 -69765774
9440 3 0 2380038070
9441 4 0 564426732
9442 5 0 1426592166
9443 6 0 -1447206593
9444 7 0 477981924
9445 8 0 1573753980
9446 9 0 1492545303
9447 10 0 1991048610
9448 11 0 497461255
9449 12 0 2989669824
9450 13 0 841785949
9451 14 0 -4794463095
9452 15 0 237801361
9457 0 0 2848784384
9458 1 0 8026869
9459 2 0 -421265582
9460 3 0 2368004674
9461 4 0 1285014889
9462 5 0 -622210389
9463 6 0 -17541516
9464 7 0 -782901895
9465 8 0 1466116717
9466 9 0 2178864412
9467 10 0 2635486345
9468 11 0 -834711481
9469 12 0 395101202
9470 13 0 -9416744
9471 14 0 -1925139949
9472 15 0 280284028
9477 0 0 3730210816
9478 1 0 611497607
9479 2 0 995033558
9480 3 0 -3001296318
9481 4 0 892137093
9482 5 0 -4177151896
9483 6 0 -2382235906
9484 7 0 3246428010
9485 8 0 3990834457
9486 9 0 -1927306233
9487 10 0 3867925088
9488 11 0 -1424957263
9489 12 0 -738458863
9490 13 0 2488646483
9491 14 0 815201049
9492 15 0 -3670199328
9497 0 0 53313536
9498 1 0 -751012877
9499 2 0 -1964012874
9500 3 0 -1399163403
9501 4 0 -720790663
9502 5 0 -2036445850
9503 6 0 1076515449
9504 7 0 1402966055
9505 8 0 -1715972503
9506 9 0 -37702865
9507 10 0 3040888352
9508 11 0 1482580860
9509 12 0 -999711476
9510 13 0 -47981559
9511 14 0 -1346946884
9512 15 0 -1459236047
9517 0 0 252641280
9518 1 0 -2358941831
9519 2 0 1848712810
9520 3 0 3967442113
9521 4 0 372550398
9522 5 0 959723764
9523 6 0 -3576001227
9524 7 0 -81554173
9525 8 0 744613842
9526 9 0 -380673263
9527 10 0 642644101
9528 11 0 -224453150
9529 12 0 1266833767
9530 13 0 4609129548
9531 14 0 4651601319
9532 15 0 3236793237
9537 0 0 -232521728
9538 1 0 -320119389
9539 2 0 -305547575
9540 3 0 -3076264981
9541 4 0 -350615396
9542 5 0 -3850716884
9543 6 0 -292189935
9544 7 0 1090308810
9545 8 0 -2829625054
9546 9 0 -974334289
9547 10 0 751096861
9548 11 0 380201844
9549 12 0 145347688
9550 13 0 183567670
9551 14 0 4147387264
9552 15 0 -287667704
9557 0 0 508755968
9558 1 0 -1900222763
9559 2 0 2258216869
9560 3 0 2129921298
9561 4 0 427666285
9562 5 0 754765083
9563 6 0 -2232560147
9564 7 0 -1359138890
9565 8 0 -3101096937
9566 9 0 -421970943
9567 10 0 2449487197
9568 11 0 2998388055
9569 12 0 906653235
9570 13 0 1234532254
9571 14 0 1027340511
9572 15 0 -883737400
9577 0 0 -2977103872
9578 1 0 -852460186
9579 2 0 -843887364
9580 3 0 448722562
9581 4 0 -1275585407
9582 5 0 780441570
9583 6 0 4643834716
9584 7 0 205083726
9585 8 0 -5405287070
9586 9 0 -3252430554
9587 10 0 -3743372729
9588 11 0 430258585
9589 12 0 -864192525
9590 13 0 -790057014
9591 14 0 -1921566255
9592 15 0 -1017872760
9597 0 0 -3540615168
9598 1 0 -2989027726
9599 2 0 1551989231
9600 3 0 -198118458
9601 4 0 -895572988
9602 5 0 1420207432
9603 6 0 -1170981252
9604 7 0 1859276782
9605 8 0 -985782531
9606 9 0 720693623
9607 10 0 -1952782289
9608 11 0 -581438950
9609 12 0 3209971340
9610 13 0 4802556746
9611 14 0 2667862990
9612 15 0 722254831
9617 0 0 -4349100032
9618 1 0 -1629311804
9619 2 0 -3004182272
9620 3 0 -788959314
9621 4 0 -1686970052
9622 5 0 1619364339
9623 6 0 621328285
9624 7 0 -774089359
9625 8 0 -2341129801
9626 9 0 341965423
9627 10 0 1312336600
9628 11 0 3361395788
9629 12 0 573681891
9630 13 0 -109129085
9631 14 0 894522693
9632 15 0 340943242
9637 0 0 675774464
9638 1 0 -1638085272
9639 2 0 -432582575
9640 3 0 2539689586
9641 4 0 1343615736
9642 5 0 -1468911736
9643 6 0 -1705599790
9644 7 0 -792275571
9645 8 0 1117918450
9646 9 0 -77660662
9647 10 0 1368474757
9648 11 0 -1982577488
9649 12 0 902287574
9650 13 0 4328609280
9651 14 0 1911507160
9652 15 0 -1063821541
9657 0 0 -35782656
9658 1 0 1240433633
9659 2 0 -1472517734
9660 3 0 616206320
9661 4 0 1649053089
9662 5 0 -2628653820
9663 6 0 -1638846241
9664 7 0 -737076144
9665 8 0 682275441
9666 9 0 -1069962124
9667 10 0 90784926
9668 11 0 161885900
9669 12 0 -728853390
9670 13 0 -1783750036
9671 14 0 2285389778
9672 15 0 -2774940563
9677 0 0 894337024
9678 1 0 -191614093
9679 2 0 -421678231
9680 3 0 1155918021
9681 4 0 1207848747
9682 5 0 -2231437008
9683 6 0 -803635557
9684 7 0 339188237
9685 8 0 -293722612
9686 9 0 3197794415
9687 10 0 1632470740
9688 11 0 -3024733501
9689 12 0 -369146623
9690 13 0 173242581
9691 14 0 -1521067654
9692 15 0 2727468220
9699 0 0 -1160380416
9700 1 0 -930100598
9701 2 0 -2569832808
9702 3 0 641542654
9703 4 0 -982981084
9704 5 0 -3190450147
9705 6 0 458341100
9706 7 0 3191986298
9707 8 0 269026532
9708 9 0 -953420379
9709 10 0 203382477
9710 11 0 -4461201709
9711 12 0 -689602688
9712 13 0 1419055101
9713 14 0 -294056509
9714 15 0 1051316897
9719 0 0 580845568
9720 1 0 -2156904978
9721 2 0 2029966092
9722 3 0 -2334982782
9723 4 0 -168490827
9724 5 0 863772588
9725 6 0 -3290514886
9726 7 0 1435523340
9727 8 0 589650992
9728 9 0 -1420331337
9729 10 0 -2443650906
9730 11 0 532494174
9731 12 0 -160950063
9732 13 0 -2294490871
9733 14 0 907170606
9734 15 0 -1012008504
9739 0 0 2021228544
9740 1 0 -199663932
9741 2 0 -835049721
9742 3 0 1664190331
9743 4 0 -63129111
9744 5 0 366780691
9745 6 0 813145123
9746 7 0 1736469844
9747 8 0 -637352292
9748 9 0 -225295259
9749 10 0 740735301
9750 11 0 821065650
9751 12 0 -470670126
9752 13 0 173800328
9753 14 0 -1141710361
9754 15 0 1609755669
9759 0 0 2710962176
9760 1 0 -2273618224
9761 2 0 2246304524
9762 3 0 3778888527
9763 4 0 894761747
9764 5 0 -765914259
9765 6 0 -893860831
9766 7 0 13953306
9767 8 0 -1197188299
9768 9 0 -451265540
9769 10 0 -3229534463
9770 11 0 -3057689877
9771 12 0 -39459776
9772 13 0 1307410412
9773 14 0 -2050295289
9774 15 0 1064425733
9779 0 0 3471245312
9780 1 0 -2713691240
9781 2 0 1495649207
9782 3 0 1921614373
9783 4 0 420467715
9784 5 0 -995808214
9785 6 0 -807592607
9786 7 0 1418279292
9787 8 0 1161087054
9788 9 0 891928428
9789 10 0 458021470
9790 11 0 -709772427
9791 12 0 -2414834351
9792 13 0 937090452
9793 14 0 -796296851
9794 15 0 1019675256
9799 0 0 3331817472
9800 1 0 -1503195231
9801 2 0 -982056941
9802 3 0 3394417374
9803 4 0 1334325558
9804 5 0 -913672745
9805 6 0 1427406409
9806 7 0 964581050
9807 8 0 -784466080
9808 9 0 242449448
9809 10 0 1988149543
9810 11 0 -1098012920
9811 12 0 -2016257381
9812 13 0 829088682
9813 14 0 -2201521049
9814 15 0 3202402192
9819 0 0 3376971776
9820 1 0 -1089711452
9821 2 0 -275384943
9822 3 0 863956171
9823 4 0 1063885955
9824 5 0 -1164835698
9825 6 0 1775056847
9826 7 0 1134727875
9827 8 0 527413195
9828 9 0 2413783497
9829 10 0 -607382724
9830 11 0 1040630693
9831 12 0 -953806806
9832 13 0 -166287757
9833 14 0 -1498434372
9834 15 0 -525227747
9839 0 0 3085271040
9840 1 0 857691769
9841 2 0 -254546456
9842 3 0 2327092989
9843 4 0 -1111839381
9844 5 0 689477484
9845 6 0 -2925113285
9846 7 0 -595577668
9847 8 0 409018043
9848 9 0 1107976977
9849 10 0 2835146343
9850 11 0 1045100237
9851 12 0 94860332
9852 13 0 663425004
9853 14 0 229810594
9854 15 0 2876571223
9859 0 0 3264839680
9860 1 0 322702629
9861 2 0 2894378675
9862 3 0 1677379117
9863 4 0 2079991904
9864 5 0 -895883301
9865 6 0 482143065
9866 7 0 -771386303
9867 8 0 238288830
9868 9 0 -148355974
9869 10 0 2380688745
9870 11 0 1584416685
9871 12 0 -1268365607
9872 13 0 -757273079
9873 14 0 1980628872
9874 15 0 -379898717
9879 0 0 3814588416
9880 1 0 -1399992582
9881 2 0 679429953
9882 3 0 -756082817
9883 4 0 -414349934
9884 5 0 -875357444
9885 6 0 -1764472702
9886 7 0 -3999198062
9887 8 0 -2684141182
9888 9 0 3006227476
9889 10 0 3081515961
9890 11 0 -1083114184
9891 12 0 1705684220
9892 13 0 1247888018
9893 14 0 2319817150
9894 15 0 417294585
9899 0 0 4674519040
9900 1 0 -1240188625
9901 2 0 -753635462
9902 3 0 1478356430
9903 4 0 1462318905
9904 5 0 -255519738
9905 6 0 916880820
9906 7 0 -2416586158
9907 8 0 269114364
9908 9 0 -2256647497
9909 10 0 2478121061
9910 11 0 -462913310
9911 12 0 685684916
9912 13 0 933773724
9913 14 0 -2095989283
9914 15 0 -2516198357
9919 0 0 5757009920
9920 1 0 471441306
9921 2 0 -884934684
9922 3 0 -1160024406
9923 4 0 403190810
9924 5 0 -2481873458
9925 6 0 -702114760
9926 7 0 -1018963163
9927 8 0 1440524435
9928 9 0 -314048313
9929 10 0 -539224235
9930 11 0 -3569481553
9931 12 0 463577423
9932 13 0 551867752
9933 14 0 503653131
9934 15 0 -4442815200
9939 0 0 1604321280
9940 1 0 788979198
9941 2 0 -241816796
9942 3 0 -1142829432
9943 4 0 -1668762956
9944 5 0 -1767392050
9945 6 0 -3662558329
9946 7 0 1567240720
9947 8 0 -1822927248
9948 9 0 -497522296
9949 10 0 1350229285
9950 11 0 -1135639750
9951 12 0 1295474426
9952 13 0 -1077890704
9953 14 0 314839425
9954 15 0 -2470048247
9959 0 0 3533996032
9960 1 0 123443896
9961 2 0 -3199117761
9962 3 0 -3289668800
9963 4 0 -581585405
9964 5 0 -1111905633
9965 6 0 -537757578
9966 7 0 968458001
9967 8 0 2669579749
9968 9 0 4052745342
9969 10 0 -525844015
9970 11 0 -2195305117
9971 12 0 -1076236202
9972 13 0 2770845337
9973 14 0 -17879267
9974 15 0 -393515310
9979 0 0 3336634368
9980 1 0 -295540613
9981 2 0 -323304903
9982 3 0 -668092150
9983 4 0 -1417855854
9984 5 0 -1601450734
9985 6 0 303549677
9986 7 0 1040459455
9987 8 0 1957123867
9988 9 0 -3120789754
9989 10 0 -2029108271
9990 11 0 -554710817
9991 12 0 1519907448
9992 13 0 1286455499
9993 14 0 246970434
9994 15 0 988638633
9999 0 0 5612437504
10000 1 0 2857676317
10001 2 0 350013331
10002 3 0 -1368491062
10003 4 0 -4082631504
10004 5 0 -366854238
10005 6 0 1384435341
10006 7 0 -735565934
10007 8 0 -2182062252
10008 9 0 1289281337
10009 10 0 -4253323773
10010 11 0 -2279519325
10011 12 0 -3168925492
10012 13 0 -991714590
10013 14 0 -284343230
10014 15 0 1407605304
10019 0 0 3617226752
10020 1 0 -3187032607
10021 2 0 2808468085
10022 3 0 -501044280
10023 4 0 -1250303084
10024 5 0 2683377712
10025 6 0 -1077317109
10026 7 0 -2754694831
10027 8 0 374399621
10028 9 0 3070523555
10029 10 0 -1234207643
10030 11 0 -713165736
10031 12 0 -1311998813
10032 13 0 4057769091
10033 14 0 1259745936
10034 15 0 2782859384
10039 0 0 254935040
10040 1 0 1995438511
10041 2 0 -1741516896
10042 3 0 292071435
10043 4 0 -3721777573
10044 5 0 1055387451
10045 6 0 1572176497
10046 7 0 -1507263369
10047 8 0 -1971783637
10048 9 0 540656606
10049 10 0 -3998813527
10050 11 0 -2859586426
10051 12 0 -2539076813
10052 13 0 -2019545419
10053 14 0 2575658878
10054 15 0 1425643650
10059 0 0 -4450516992
10060 1 0 -239521797
10061 2 0 2010239356
10062 3 0 -1559481845
10063 4 0 1047335928
10064 5 0 1026114471
10065 6 0 -848844903
10066 7 0 698528978
10067 8 0 -647208122
10068 9 0 566341529
10069 10 0 -1909232019
10070 11 0 1576913341
10071 12 0 -449584936
10072 13 0 -4515789519
10073 14 0 -832129916
10074 15 0 -1285965135
10079 0 0 -6819184640
10080 1 0 1670558304
10081 2 0 -4389234035
10082 3 0 -124755152
10083 4 0 -54870051
10084 5 0 3619574804
10085 6 0 1825388760
10086 7 0 2835094412
10087 8 0 2187008077
10088 9 0 -100034763
10089 10 0 -784297667
10090 11 0 4530339197
10091 12 0 -112770693
10092 13 0 -1679663509
10093 14 0 915451683
10094 15 0 -82872410
10099 0 0 -5744295936
10100 1 0 -371189553
10101 2 0 -2410867682
10102 3 0 -516250543
10103 4 0 860612455
10104 5 0 -734055754
10105 6 0 55001580
10106 7 0 1236999162
10107 8 0 -366483926
10108 9 0 -1111489355
10109 10 0 1900092006
10110 11 0 2162862477
10111 12 0 2243920571
10112 13 0 1211231061
10113 14 0 1219299634
10114 15 0 3007460462
10119 0 0 550436864
10120 1 0 1099289542
10121 2 0 -2674780707
10122 3 0 -1668146157
10123 4 0 -1516109098
10124 5 0 -1063452187
10125 6 0 180666640
10126 7 0 721561591
10127 8 0 -886220211
10128 9 0 1448095841
10129 10 0 -1780254828
10130 11 0 973355273
10131 12 0 68850563
10132 13 0 1128485701
10133 14 0 312167449
10134 15 0 -1482787824
10139 0 0 3937075200
10140 1 0 1580751212
10141 2 0 291562153
10142 3 0 -986300624
10143 4 0 -1990900543
10144 5 0 1080110635
10145 6 0 -1747352779
10146 7 0 -2661508678
10147 8 0 383374053
10148 9 0 994832840
10149 10 0 120013904
10150 11 0 1010405236
10151 12 0 -550569695
10152 13 0 1923199162
10153 14 0 399841363
10154 15 0 2526936911
10159 0 0 3641114624
10160 1 0 185652408
10161 2 0 1460501123
10162 3 0 -200496129
10163 4 0 -1857751896
10164 5 0 -1877334498
10165 6 0 -1308376882
10166 7 0 -388064883
10167 8 0 -3091409333
10168 9 0 -294792753
10169 10 0 -548677088
10170 11 0 192718357
10171 12 0 1716936687
10172 13 0 -533841065
10173 14 0 1641332882
10174 15 0 -2489142428
10181 0 0 3308945408
10182 1 0 -1196458112
10183 2 0 543182830
10184 3 0 -735725758
10185 4 0 -1760590691
10186 5 0 -2467232586
10187 6 0 -3972785395
10188 7 0 452745627
10189 8 0 922578131
10190 9 0 1639892015
10191 10 0 918111621
10192 11 0 -2361902316
10193 12 0 2733028164
10194 13 0 3797274128
10195 14 0 4725437006
10196 15 0 2278011575
10201 0 0 6012141568
10202 1 0 188563397
10203 2 0 341008412
10204 3 0 372664708
10205 4 0 -267108316
10206 5 0 -1220977201
10207 6 0 -291989253
10208 7 0 -2796291214
10209 8 0 -1372867775
10210 9 0 1380122556
10211 10 0 2080691813
10212 11 0 1236574111
10213 12 0 -3855630654
10214 13 0 332080400
10215 14 0 1643385145
10216 15 0 -1622616916
10221 0 0 5942575104
10222 1 0 -1488865912
10223 2 0 -1659405881
10224 3 0 -791807958
10225 4 0 -1201253601
10226 5 0 -2898463136
10227 6 0 -1283858123
10228 7 0 -569147550
10229 8 0 -1227845939
10230 9 0 2332826738
10231 10 0 188235089
10232 11 0 -4700029745
10233 12 0 631180165
10234 13 0 2690943724
10235 14 0 -490424704
10236 15 0 -204258819
10241 0 0 4096983040
10242 1 0 -1274499827
10243 2 0 2077105544
10244 3 0 204798668
10245 4 0 -969256921
10246 5 0 2110023697
10247 6 0 -1553499085
10248 7 0 786877291
10249 8 0 55686031
10250 9 0 -782109101
10251 10 0 -977532562
10252 11 0 202196852
10253 12 0 -59846267
10254 13 0 -2323981929
10255 14 0 -1086215327
10256 15 0 965789990
10261 0 0 5503385600
10262 1 0 -1455452126
10263 2 0 1735586440
10264 3 0 1155991612
10265 4 0 1025347235
10266 5 0 508252821
10267 6 0 772296107
10268 7 0 408602243
10269 8 0 -312817133
10270 9 0 -761738870
10271 10 0 491863012
10272 11 0 2079207790
10273 12 0 213842395
10274 13 0 -588768381
10275 14 0 1708481987
10276 15 0 -2665236601
10281 0 0 5295570944
10282 1 0 407719464
10283 2 0 -1218098790
10284 3 0 553599888
10285 4 0 -1154720827
10286 5 0 -1154713510
10287 6 0 -2940044488
10288 7 0 -1404471522
10289 8 0 -2374262933
10290 9 0 1257211804
10291 10 0 5518177901
10292 11 0 304997921
10293 12 0 4160056581
10294 13 0 1438252734
10295 14 0 899341960
10296 15 0 1418935493
10301 0 0 4308860928
10302 1 0 2232301563
10303 2 0 1224634282
10304 3 0 3103916783
10305 4 0 2331657471
10306 5 0 -435462806
10307 6 0 1485853851
10308 7 0 -1901817470
10309 8 0 108985261
10310 9 0 -2015177211
10311 10 0 609089812
10312 11 0 1535014126
10313 12 0 -30944656
10314 13 0 -1538132017
10315 14 0 -1509308248
10316 15 0 -3474664724
10321 0 0 3476979712
10322 1 0 1121419602
10323 2 0 946402796
10324 3 0 -1271157324
10325 4 0 -257768335
10326 5 0 -1318071767
10327 6 0 -1637812218
10328 7 0 415232992
10329 8 0 120664638
10330 9 0 -3659560978
10331 10 0 -1294266801
10332 11 0 260551906
10333 12 0 656484364
10334 13 0 -1182892341
10335 14 0 -533647518
10336 15 0 -628449627
10341 0 0 -102334464
10342 1 0 -563301073
10343 2 0 -313139934
10344 3 0 -1104843595
10345 4 0 -1087755460
10346 5 0 -206187249
10347 6 0 5857394530
10348 7 0 2239365804
10349 8 0 -1667636933
10350 9 0 -1442275729
10351 10 0 518023035
10352 11 0 2715510523
10353 12 0 -427425927
10354 13 0 543448329
10355 14 0 -3548272188
10356 15 0 567792037
10361 0 0 520224768
10362 1 0 226592670
10363 2 0 151333770
10364 3 0 5223642857
10365 4 0 696323595
10366 5 0 2726103739
10367 6 0 -49130634
10368 7 0 -2563238065
10369 8 0 -832339491
10370 9 0 1099792369
10371 10 0 -611811317
10372 11 0 1105080164
10373 12 0 454732084
10374 13 0 3375606442
10375 14 0 449523038
10376 15 0 2842486246
10381 0 0 -1576960000
10382 1 0 196208686
10383 2 0 -1389859297
10384 3 0 -1586486665
10385 4 0 -318301756
10386 5 0 -2534693102
10387 6 0 -371731679
10388 7 0 1652325655
10389 8 0 -248592468
10390 9 0 1409077922
10391 10 0 63019271
10392 11 0 -2627286997
10393 12 0 218288311
10394 13 0 226824383
10395 14 0 -574270774
10396 15 0 -1419898944
10401 0 0 836468736
10402 1 0 3613779169
10403 2 0 -813363462
10404 3 0 475463057
10405 4 0 820359663
10406 5 0 670635242
10407 6 0 -2672030912
10408 7 0 -79896173
10409 8 0 2750020885
10410 9 0 2984295870
10411 10 0 -155472363
10412 11 0 178787197
10413 12 0 -1637086171
10414 13 0 -2510073473
10415 14 0 -1740249728
10416 15 0 -712889039
10421 0 0 -2831613952
10422 1 0 2657452489
10423 2 0 1258200905
10424 3 0 -5829546881
10425 4 0 -3011629927
10426 5 0 -87036904
10427 6 0 2399841313
10428 7 0 5221211589
10429 8 0 1220087516
10430 9 0 -2399839616
10431 10 0 -1618813498
10432 11 0 2135046091
10433 12 0 -1654763251
10434 13 0 -6151409364
10435 14 0 -2469172349
10436 15 0 -365899086
10441 0 0 1977712640
10442 1 0 461622168
10443 2 0 -2052352506
10444 3 0 1124109931
10445 4 0 119319161
10446 5 0 2819982329
10447 6 0 138164637
10448 7 0 -823726783
10449 8 0 552463307
10450 9 0 2289917601
10451 10 0 -2096516613
10452 11 0 -1918009706
10453 12 0 2158416652
10454 13 0 1916044294
10455 14 0 -2327563285
10456 15 0 1266193183
10461 0 0 3430285312
10462 1 0 2125462897
10463 2 0 -2430254169
10464 3 0 -394126398
10465 4 0 -1455397791
10466 5 0 -1592116317
10467 6 0 -107883592
10468 7 0 -508831905
10469 8 0 3227136862
10470 9 0 3076250593
10471 10 0 -3719085446
10472 11 0 -3522655969
10473 12 0 -394881224
10474 13 0 -4382179639
10475 14 0 -3662395128
10476 15 0 -4615645
10481 0 0 5580750848
10482 1 0 -256693587
10483 2 0 1781763207
10484 3 0 1318162604
10485 4 0 1947894517
10486 5 0 -392974392
10487 6 0 -466705156
10488 7 0 -202298517
10489 8 0 2170806545
10490 9 0 -2050931181
10491 10 0 2976912052
10492 11 0 2533667782
10493 12 0 1074007266
10494 13 0 -1203952562
10495 14 0 -2443159929
10496 15 0 -970619954
10501 0 0 4797628416
10502 1 0 2683666985
10503 2 0 -3283654936
10504 3 0 2736208921
10505 4 0 3259484099
10506 5 0 -1508017629
10507 6 0 1782881082
10508 7 0 -1448792292
10509 8 0 2794573691
10510 9 0 1749676737
10511 10 0 5155313857
10512 11 0 2009233700
10513 12 0 126456899
10514 13 0 2475283448
10515 14 0 1194692093
10516 15 0 2552284701
10521 0 0 1481310208
10522 1 0 544548172
10523 2 0 4095935512
10524 3 0 1403598037
10525 4 0 1325978070
10526 5 0 -3166199323
10527 6 0 -5753202
10528 7 0 -1636871825
10529 8 0 -1876649674
10530 9 0 -3514514552
10531 10 0 1466887863
10532 11 0 2788943741
10533 12 0 736574339
10534 13 0 -373865669
10535 14 0 1100282269
10536 15 0 653870565
10541 0 0 -2512420864
10542 1 0 -1251654660
10543 2 0 2478476698
10544 3 0 380952418
10545 4 0 467009425
10546 5 0 -72485806
10547 6 0 3044280586
10548 7 0 347786810
10549 8 0 -3311039885
10550 9 0 1890782756
10551 10 0 5180612543
10552 11 0 2262635170
10553 12 0 -2812924332
10554 13 0 1646548424
10555 14 0 -258034614
10556 15 0 -916401780
10561 0 0 -5568004096
10562 1 0 -1208903256
10563 2 0 -1428056336
10564 3 0 1087886482
10565 4 0 2047636345
10566 5 0 1827002064
10567 6 0 1745255868
10568 7 0 -1711422918
10569 8 0 -1168095423
10570 9 0 -336169285
10571 10 0 -426524684
10572 11 0 -1341915155
10573 12 0 994083578
10574 13 0 3356804700
10575 14 0 -202475011
10576 15 0 -1816383121
10581 0 0 -5914361856
10582 1 0 1032241418
10583 2 0 -104555225
10584 3 0 30423106
10585 4 0 -749541930
10586 5 0 256861187
10587 6 0 -1480033428
10588 7 0 495614604
10589 8 0 2022820291
10590 9 0 2106473473
10591 10 0 -2296141527
10592 11 0 -2959328784
10593 12 0 1149134474
10594 13 0 -3395978866
10595 14 0 1585234919
10596 15 0 506023435
10601 0 0 181633024
10602 1 0 2175371441
10603 2 0 106466712
10604 3 0 -3598614386
10605 4 0 1549796135
10606 5 0 1604806741
10607 6 0 -29919228
10608 7 0 -440979510
10609 8 0 4886004430
10610 9 0 202690615
10611 10 0 595740315
10612 11 0 -1671231721
10613 12 0 -780886605
10614 13 0 -2977106988
10615 14 0 -1838438053
10616 15 0 -963375968
10621 0 0 427786240
10622 1 0 740360105
10623 2 0 -1999874065
10624 3 0 1569198053
10625 4 0 1555135267
10626 5 0 -314555848
10627 6 0 1774540047
10628 7 0 -580450252
10629 8 0 2349573607
10630 9 0 571223187
10631 10 0 -1820202194
10632 11 0 -1176437507
10633 12 0 642822756
10634 13 0 -3619847363
10635 14 0 -2914129399
10636 15 0 -628954223
10641 0 0 161873920
10642 1 0 2842512083
10643 2 0 -305562933
10644 3 0 -4381658682
10645 4 0 -1937641986
10646 5 0 269295993
10647 6 0 1210643903
10648 7 0 2909655841
10649 8 0 4274612337
10650 9 0 -612977421
10651 10 0 1932019955
10652 11 0 1132029789
10653 12 0 -2373979777
10654 13 0 -2453851670
10655 14 0 -268255483
10656 15 0 310818824
10663 0 0 838893568
10664 1 0 2089561063
10665 2 0 -3511463686
10666 3 0 -1567971511
10667 4 0 -1368725707
10668 5 0 -162241812
10669 6 0 -1130723452
10670 7 0 1176378760
10671 8 0 1536258981
10672 9 0 5218640743
10673 10 0 2161469978
10674 11 0 1016899863
10675 12 0 -108518969
10676 13 0 -1709933801
10677 14 0 -1349503182
10678 15 0 2503241649
10683 0 0 1476919296
10684 1 0 309512198
10685 2 0 -781074655
10686 3 0 -212761469
10687 4 0 1190182851
10688 5 0 -1154618253
10689 6 0 3033005437
10690 7 0 1233433626
10691 8 0 1049946702
10692 9 0 400803647
10693 10 0 1644643701
10694 11 0 1664821179
10695 12 0 1926402233
10696 13 0 1491737091
10697 14 0 -1687642897
10698 15 0 -284217773
10703 0 0 692060160
10704 1 0 3051001424
10705 2 0 399904150
10706 3 0 1702706277
10707 4 0 640953787
10708 5 0 441669423
10709 6 0 -1929970589
10710 7 0 -224531408
10711 8 0 1309213829
10712 9 0 1224474321
10713 10 0 2333036624
10714 11 0 1739868852
10715 12 0 1520049350
10716 13 0 -900299586
10717 14 0 2189594180
10718 15 0 1820286713
10723 0 0 394461184
10724 1 0 -268708978
10725 2 0 289210243
10726 3 0 -4746477489
10727 4 0 108330395
10728 5 0 -2370509238
10729 6 0 -52836984
10730 7 0 3133326838
10731 8 0 294901855
10732 9 0 -2399071217
10733 10 0 1894134274
10734 11 0 1669681005
10735 12 0 -863268968
10736 13 0 -2001980786
10737 14 0 -2746024449
10738 15 0 -2956572480
10743 0 0 -2043936768
10744 1 0 164265808
10745 2 0 348566584
10746 3 0 2281601514
10747 4 0 -367978203
10748 5 0 2249160355
10749 6 0 4846562971
10750 7 0 2799389581
10751 8 0 -1467912726
10752 9 0 -1990769796
10753 10 0 -243516533
10754 11 0 3279960779
10755 12 0 -610508637
10756 13 0 -857229371
10757 14 0 -2935125556
10758 15 0 -687929240
10763 0 0 -1608024064
10764 1 0 905711490
10765 2 0 585522169
10766 3 0 -299309795
10767 4 0 -1181960651
10768 5 0 1578002673
10769 6 0 -1560453077
10770 7 0 -306236115
10771 8 0 -366157802
10772 9 0 1452812088
10773 10 0 -418305614
10774 11 0 346512487
10775 12 0 1309338817
10776 13 0 285854003
10777 14 0 2151585651
10778 15 0 2928171385
10783 0 0 -3416686592
10784 1 0 811177152
10785 2 0 -462453693
10786 3 0 -3909409738
10787 4 0 -3427065766
10788 5 0 643873309
10789 6 0 1644609244
10790 7 0 2094286482
10791 8 0 -1935337545
10792 9 0 -3183224385
10793 10 0 -3332154552
10794 11 0 261727198
10795 12 0 -255942134
10796 13 0 -3962404021
10797 14 0 -1884333371
10798 15 0 -2517602531
10803 0 0 -699006976
10804 1 0 -663849339
10805 2 0 894400235
10806 3 0 1542145194
10807 4 0 -304152580
10808 5 0 4130515754
10809 6 0 89432082
10810 7 0 -1379909454
10811 8 0 -1183658785
10812 9 0 2243272045
10813 10 0 -1302597499
10814 11 0 855645546
10815 12 0 -114411789
10816 13 0 -1808536824
10817 14 0 -1198750596
10818 15 0 1934635022
10823 0 0 -1081212928
10824 1 0 -2639251512
10825 2 0 -1332373128
10826 3 0 -489221854
10827 4 0 666276376
10828 5 0 655802574
10829 6 0 2429450905
10830 7 0 -1049603497
10831 8 0 1109672593
10832 9 0 -895019759
10833 10 0 -1612998156
10834 11 0 -824099235
10835 12 0 1997293571
10836 13 0 162537135
10837 14 0 -89964094
10838 15 0 -1082139807
10843 0 0 4130897920
10844 1 0 3504137973
10845 2 0 -1523597081
10846 3 0 -44832016
10847 4 0 -407029129
10848 5 0 -564835192
10849 6 0 -1217052166
10850 7 0 -724255845
10851 8 0 1931440951
10852 9 0 -3246560724
10853 10 0 22021401
10854 11 0 -905791327
10855 12 0 601015521
10856 13 0 -1006633226
10857 14 0 -1144284407
10858 15 0 -652407608
10863 0 0 1308721152
10864 1 0 -532499945
10865 2 0 3913875983
10866 3 0 -510600949
10867 4 0 -411115431
10868 5 0 -815454359
10869 6 0 -1791171400
10870 7 0 -560005643
10871 8 0 -1977450505
10872 9 0 929198227
10873 10 0 364210192
10874 11 0 -526859734
10875 12 0 -224681961
10876 13 0 -2079966164
10877 14 0 749870323
10878 15 0 -2645539020
10883 0 0 2769682432
10884 1 0 -439035914
10885 2 0 -858669818
10886 3 0 -1490469464
10887 4 0 -285630288
10888 5 0 275767557
10889 6 0 -2539924131
10890 7 0 -1732561136
10891 8 0 -1417202486
10892 9 0 1331375604
10893 10 0 2859983117
10894 11 0 -749689320
10895 12 0 2170873586
10896 13 0 2895215623
10897 14 0 278506877
10898 15 0 -1438234105
10903 0 0 -2042331136
10904 1 0 -2953441018
10905 2 0 -2403753794
10906 3 0 1186630251
10907 4 0 899774845
10908 5 0 -2019211984
10909 6 0 3156552639
10910 7 0 215136249
10911 8 0 291994775
10912 9 0 -639044380
10913 10 0 1034001466
10914 11 0 639249923
10915 12 0 758563075
10916 13 0 1187166193
10917 14 0 -709567867
10918 15 0 -2338765940
10923 0 0 2707062784
10924 1 0 847414298
10925 2 0 71446853
10926 3 0 1778796967
10927 4 0 628441862
10928 5 0 -1452961890
10929 6 0 -2893389784
10930 7 0 -1256289597
10931 8 0 679766120
10932 9 0 -1568355480
10933 10 0 -30120374
10934 11 0 -4147486494
10935 12 0 1877417914
10936 13 0 2963004433
10937 14 0 3301036640
10938 15 0 1165008599
10943 0 0 4741398528
10944 1 0 -447557598
10945 2 0 4130194931
10946 3 0 -1304603337
10947 4 0 2820395396
10948 5 0 -1490761794
10949 6 0 -1601691860
10950 7 0 -2333671220
10951 8 0 1348852267
10952 9 0 412781003
10953 10 0 1719712382
10954 11 0 -192372900
10955 12 0 789133548
10956 13 0 -724537162
10957 14 0 1127913613
10958 15 0 111110015
10963 0 0 4353916928
10964 1 0 1259221549
10965 2 0 1304724847
10966 3 0 261806233
10967 4 0 -1833602240
10968 5 0 310221785
10969 6 0 3261085318
10970 7 0 -1539155174
10971 8 0 -2093369456
10972 9 0 -1804871346
10973 10 0 -492743064
10974 11 0 139426200
10975 12 0 -1787177085
10976 13 0 -1653335039
10977 14 0 -2172174047
10978 15 0 -3930093204
10983 0 0 2341273600
10984 1 0 1397302578
10985 2 0 -1396930840
10986 3 0 1141431870
10987 4 0 -547642934
10988 5 0 -739158252
10989 6 0 -2709272226
10990 7 0 -2753480501
10991 8 0 -2048061791
10992 9 0 3457654915
10993 10 0 312320785
10994 11 0 -4837717693
10995 12 0 2555750867
10996 13 0 2361559784
10997 14 0 23872812
10998 15 0 -430070395
11003 0 0 -2896003072
11004 1 0 268584658
11005 2 0 909772790
11006 3 0 -3670229874
11007 4 0 -674353874
11008 5 0 2515076441
11009 6 0 1142863493
11010 7 0 738753792
11011 8 0 3710060725
11012 9 0 -993954103
11013 10 0 -1541740476
11014 11 0 2293914114
11015 12 0 -1286306037
11016 13 0 -4111539660
11017 14 0 -801239737
11018 15 0 2365691494
11023 0 0 -2757885952
11024 1 0 -738036259
11025 2 0 108055348
11026 3 0 -2279136117
11027 4 0 -362717710
11028 5 0 -472997765
11029 6 0 4352290913
11030 7 0 3391248027
11031 8 0 317616432
11032 9 0 -5738419494
11033 10 0 -2519091892
11034 11 0 962203395
11035 12 0 -944655593
11036 13 0 -172584420
11037 14 0 73585091
11038 15 0 -3286789828
11043 0 0 -2260074496
11044 1 0 950577062
11045 2 0 -2281534045
11046 3 0 901934669
11047 4 0 14564482
11048 5 0 599188203
11049 6 0 -3659809129
11050 7 0 516580263
11051 8 0 617187099
11052 9 0 -495442607
11053 10 0 256481976
11054 11 0 337907288
11055 12 0 1008427748
11056 13 0 1846656021
11057 14 0 -412940790
11058 15 0 673796774
11063 0 0 -3325329408
11064 1 0 -457240081
11065 2 0 3682985040
11066 3 0 1986047057
11067 4 0 -450181006
11068 5 0 -260258484
11069 6 0 -2436470801
11070 7 0 1329950406
11071 8 0 -1225682042
11072 9 0 -696678142
11073 10 0 -897691246
11074 11 0 10412711
11075 12 0 -322951527
11076 13 0 550877311
11077 14 0 1364135243
11078 15 0 1718703426
11083 0 0 -790429696
11084 1 0 -2411069377
11085 2 0 561585069
11086 3 0 1445766476
11087 4 0 3095060729
11088 5 0 -2734036508
11089 6 0 -1178819703
11090 7 0 -289343591
11091 8 0 -1375847009
11092 9 0 2390450671
11093 10 0 2947618180
11094 11 0 -454071209
11095 12 0 438418765
11096 13 0 3840426128
11097 14 0 -34241708
11098 15 0 -2571108627
11103 0 0 -479100928
11104 1 0 -1028986701
11105 2 0 -237399588
11106 3 0 745049179
11107 4 0 146486622
11108 5 0 -270138321
11109 6 0 -1857095596
11110 7 0 987776038
11111 8 0 -242973304
11112 9 0 -737290635
11113 10 0 5635619545
11114 11 0 792877743
11115 12 0 3360538086
11116 13 0 3042863300
11117 14 0 -484772171
11118 15 0 956626060
11123 0 0 336199680
11124 1 0 -424905308
11125 2 0 1985643627
11126 3 0 4230299134
11127 4 0 3050379740
11128 5 0 -926156647
11129 6 0 2140564524
11130 7 0 -4372990813
11131 8 0 -1106490630
11132 9 0 987917330
11133 10 0 -720077099
11134 11 0 -1549581421
11135 12 0 -721773370
11136 13 0 1481072125
11137 14 0 1467056035
11138 15 0 -1552972203
11145 0 0 766574592
11146 1 0 455174631
11147 2 0 -490371292
11148 3 0 2031810794
11149 4 0 -837121980
11150 5 0 1197052776
11151 6 0 -1123124192
11152 7 0 -1523731478
11153 8 0 -1895464481
11154 9 0 510179719
11155 10 0 1956173585
11156 11 0 -1124483682
11157 12 0 4021579081
11158 13 0 946031510
11159 14 0 182386476
11160 15 0 -654111442
11165 0 0 -1154646016
11166 1 0 2780908753
11167 2 0 -1341042577
11168 3 0 -3890917100
11169 4 0 -303166362
11170 5 0 -866767790
11171 6 0 -1411625415
11172 7 0 -719307349
11173 8 0 2529718430
11174 9 0 687687357
11175 10 0 342035378
11176 11 0 -1076251628
11177 12 0 1296458177
11178 13 0 -436994348
11179 14 0 1740831181
11180 15 0 -2073882584
11185 0 0 -3756752896
11186 1 0 2285824559
11187 2 0 2191399172
11188 3 0 -3258129970
11189 4 0 -2223511356
11190 5 0 -568898931
11191 6 0 -340301420
11192 7 0 1618582037
11193 8 0 -1176865488
11194 9 0 -4263057517
11195 10 0 -3330267017
11196 11 0 -665124495
11197 12 0 -21085866
11198 13 0 -2909153531
11199 14 0 656387038
11200 15 0 -306130550
11205 0 0 -4642406400
11206 1 0 -4263556769
11207 2 0 1678672495
11208 3 0 -1670478058
11209 4 0 14338716
11210 5 0 1448170642
11211 6 0 2063120908
11212 7 0 2517777272
11213 8 0 -2690780531
11214 9 0 678489625
11215 10 0 -1542731167
11216 11 0 -745300313
11217 12 0 122753216
11218 13 0 -1178332384
11219 14 0 -2140553286
11220 15 0 -1302501285
11225 0 0 -7141031936
11226 1 0 -3034637812
11227 2 0 -2425772868
11228 3 0 -51529203
11229 4 0 -378776873
11230 5 0 2818990592
11231 6 0 3424641511
11232 7 0 1826190817
11233 8 0 -2226449842
11234 9 0 -1355359153
11235 10 0 -1370666471
11236 11 0 1884724959
11237 12 0 3428068952
11238 13 0 -541876811
11239 14 0 -2502452816
11240 15 0 -2094295792
11245 0 0 -4682743808
11246 1 0 720326837
11247 2 0 -3129102879
11248 3 0 3311785362
11249 4 0 1301003752
11250 5 0 634482835
11251 6 0 -25970456
11252 7 0 1679219250
11253 8 0 1714079597
11254 9 0 -663879736
11255 10 0 1404241025
11256 11 0 2402227600
11257 12 0 1838486336
11258 13 0 647493802
11259 14 0 1238768241
11260 15 0 377925898
11265 0 0 -5105319936
11266 1 0 -3332657854
11267 2 0 693606117
11268 3 0 -1868729955
11269 4 0 659585507
11270 5 0 -360180987
11271 6 0 825747713
11272 7 0 841403704
11273 8 0 417398970
11274 9 0 -1832901237
11275 10 0 2001543417
11276 11 0 986179824
11277 12 0 -266329452
11278 13 0 612592489
11279 14 0 2447780086
11280 15 0 2110781306
11285 0 0 -1591377920
11286 1 0 -868302791
11287 2 0 1851407020
11288 3 0 1637004482
11289 4 0 2099148334
11290 5 0 370025580
11291 6 0 1847275934
11292 7 0 -111886982
11293 8 0 -947170465
11294 9 0 -2437114391
11295 10 0 1366618157
11296 11 0 1600707569
11297 12 0 399346876
11298 13 0 2812969969
11299 14 0 2327509157
11300 15 0 618929331
11305 0 0 -2645458944
11306 1 0 520324815
11307 2 0 -757032880
11308 3 0 3009800598
11309 4 0 1480780928
11310 5 0 -403109251
11311 6 0 -468183046
11312 7 0 -1039238188
11313 8 0 -512616243
11314 9 0 2393402588
11315 10 0 -255019656
11316 11 0 -1205720898
11317 12 0 -1302748805
11318 13 0 -591077266
11319 14 0 -33580433
11320 15 0 -867099629
11325 0 0 -473956352
11326 1 0 -1094134331
11327 2 0 -871651884
11328 3 0 449794571
11329 4 0 1171595949
11330 5 0 -1066480534
11331 6 0 -3024257557
11332 7 0 619892061
11333 8 0 1036698005
11334 9 0 1676166097
11335 10 0 1705901548
11336 11 0 -1450014733
11337 12 0 587601917
11338 13 0 -362761561
11339 14 0 -1583917887
11340 15 0 -700645485
11345 0 0 -2301231104
11346 1 0 953379205
11347 2 0 -1999136428
11348 3 0 -3660794171
11349 4 0 -736642768
11350 5 0 222886852
11351 6 0 3730204069
11352 7 0 3467297157
11353 8 0 2081718786
11354 9 0 -174617497
11355 10 0 2603647678
11356 11 0 4100975817
11357 12 0 -2096491227
11358 13 0 -2354231736
11359 14 0 -863390676
11360 15 0 16005553
11365 0 0 -942145536
11366 1 0 653648848
11367 2 0 -1353648630
11368 3 0 573631059
11369 4 0 -520578833
11370 5 0 1383489893
11371 6 0 1274210304
11372 7 0 385482068
11373 8 0 192906904
11374 9 0 -1220963236
11375 10 0 -1884355461
11376 11 0 -275845218
11377 12 0 -489433603
11378 13 0 1926695317
11379 14 0 902688229
11380 15 0 2332999730
11385 0 0 -1596817408
11386 1 0 750370078
11387 2 0 -67505118
11388 3 0 -1928889313
11389 4 0 -1209232453
11390 5 0 -407333959
11391 6 0 -187775025
11392 7 0 1446199398
11393 8 0 1790664237
11394 9 0 2258333533
11395 10 0 -3869153478
11396 11 0 -3497412029
11397 12 0 -612753611
11398 13 0 -586894295
11399 14 0 233064273
11400 15 0 -32344875
11405 0 0 1301872640
11406 1 0 2349436724
11407 2 0 374427633
11408 3 0 -1659220340
11409 4 0 -2196545731
11410 5 0 1751676979
11411 6 0 -4641044200
11412 7 0 -292826723
11413 8 0 989276003
11414 9 0 518748637
11415 10 0 -1289845421
11416 11 0 1929615833
11417 12 0 -569358750
11418 13 0 -1517300532
11419 14 0 818962694
11420 15 0 533291391
11425 0 0 1976991744
11426 1 0 -1005894291
11427 2 0 -2543824690
11428 3 0 -455063904
11429 4 0 -729840538
11430 5 0 -1776970695
11431 6 0 876788164
11432 7 0 1189808320
11433 8 0 571588633
11434 9 0 3438001816
11435 10 0 1858216647
11436 11 0 -1903160220
11437 12 0 -1631116445
11438 13 0 1055612058
11439 14 0 -2275909684
11440 15 0 2094234885
11445 0 0 469467136
11446 1 0 -814696264
11447 2 0 632430718
11448 3 0 2108337635
11449 4 0 1948535908
11450 5 0 -263292718
11451 6 0 3147062608
11452 7 0 126058848
11453 8 0 433049718
11454 9 0 -980112082
11455 10 0 -1487983022
11456 11 0 919003220
11457 12 0 -267178341
11458 13 0 -1637705604
11459 14 0 -2736810180
11460 15 0 -2868970270
11465 0 0 -1563525120
11466 1 0 3098333805
11467 2 0 2267559980
11468 3 0 271768553
11469 4 0 -740474362
11470 5 0 2211131356
11471 6 0 -1485083467
11472 7 0 373220391
11473 8 0 997776761
11474 9 0 -225751182
11475 10 0 1638487980
11476 11 0 1170310062
11477 12 0 803380996
11478 13 0 -188703697
11479 14 0 2903431393
11480 15 0 3494541553
11485 0 0 -2551676928
11486 1 0 -2169265050
11487 2 0 540403719
11488 3 0 -1338403883
11489 4 0 1434102519
11490 5 0 -1037951597
11491 6 0 -1886344195
11492 7 0 -447243844
11493 8 0 515186536
11494 9 0 -663451420
11495 10 0 809096850
11496 11 0 465292374
11497 12 0 -130494948
11498 13 0 1510756754
11499 14 0 2383170353
11500 15 0 -1831139030
11505 0 0 1341063168
11506 1 0 -356951987
11507 2 0 -2776866970
11508 3 0 -402169094
11509 4 0 -1068023931
11510 5 0 -1481899121
11511 6 0 140424482
11512 7 0 -144203297
11513 8 0 1007283493
11514 9 0 -125709509
11515 10 0 485160569
11516 11 0 -2638030078
11517 12 0 -2272151157
11518 13 0 1541859756
11519 14 0 -1240459306
11520 15 0 1195891673
11525 0 0 3472785408
11526 1 0 -1721042453
11527 2 0 1010285534
11528 3 0 1836612813
11529 4 0 -23237941
11530 5 0 -1751520583
11531 6 0 293312751
11532 7 0 -1019160467
11533 8 0 -2826883436
11534 9 0 1594468916
11535 10 0 -2973547782
11536 11 0 -3387865942
11537 12 0 -1322119429
11538 13 0 -634775069
11539 14 0 -751719960
11540 15 0 -330814887
11545 0 0 -617742336
11546 1 0 -1912816024
11547 2 0 -128946214
11548 3 0 -1736809205
11549 4 0 -2517995478
11550 5 0 2397318354
11551 6 0 -251516793
11552 7 0 1429974468
11553 8 0 -1271163512
11554 9 0 1493045365
11555 10 0 -2447223100
11556 11 0 293246812
11557 12 0 -1649501885
11558 13 0 -3341103525
11559 14 0 -479445181
11560 15 0 697579515
11565 0 0 -362610688
11566 1 0 403113936
11567 2 0 -1665283488
11568 3 0 -1831362803
11569 4 0 -668692699
11570 5 0 1827680541
11571 6 0 1640573867
11572 7 0 2315916360
11573 8 0 1641696458
11574 9 0 312727241
11575 10 0 -1050290899
11576 11 0 492108264
11577 12 0 -587185815
11578 13 0 838141854
11579 14 0 2043934009
11580 15 0 1757006640
11585 0 0 -2614165504
11586 1 0 631061131
11587 2 0 -1916550538
11588 3 0 -874124619
11589 4 0 -1801130485
11590 5 0 -398250579
11591 6 0 228589267
11592 7 0 594510076
11593 8 0 -1334052321
11594 9 0 205130514
11595 10 0 -5077579953
11596 11 0 -1371450944
11597 12 0 152610219
11598 13 0 -2986590764
11599 14 0 54531052
11600 15 0 -826396542
11605 0 1 -1122500608
11606 1 1 2435686727
11607 2 1 -2495774265
11608 3 1 861814124
11609 4 1 -1804010360
11610 5 1 702422230
11611 6 1 2104609255
11612 7 1 -1927772764
11613 8 1 55573548
11614 9 1 1224850199
11615 10 1 66390014
11616 11 1 950506720
11617 12 1 -790907231
11618 13 1 -2006699284
11619 14 1 1426421589
11620 15 1 -1407524604
11680 0 1 28991029248
11681 1 1 2357788672
11682 2 1 -1790377984
11683 3 1 -746520576
11684 4 1 1556676608
11685 5 1 8682373120
11686 6 1 -2787672064
11687 7 1 707297280
11688 8 1 1069449216
11689 9 1 4649844736
11690 10 1 1724448768
11691 11 1 853606400
11692 12 1 2114519040
11693 13 1 -3843981312
11694 14 1 -3723067392
11695 15 1 -511705088
11700 0 1 15773761536
11701 1 1 -4548108972
11702 2 1 1468998774
11703 3 1 -1737087668
11704 4 1 -3643075008
11705 5 1 2094302360
11706 6 1 4280555978
11707 7 1 5675727219
11708 8 1 2243151006
11709 9 1 2798894238
11710 10 1 -801921127
11711 11 1 3889564924
11712 12 1 2272149272
11713 13 1 -2200112207
11714 14 1 2186693947
11715 15 1 -1760481123
11720 0 1 2262695936
11721 1 1 -429580760
11722 2 1 2870899709
11723 3 1 -642451410
11724 4 1 -2839214331
11725 5 1 324046774
11726 6 1 -1965003358
11727 7 1 -2255985903
11728 8 1 631264407
11729 9 1 3449687677
11730 10 1 -2174027594
11731 11 1 2982255531
11732 12 1 309038280
11733 13 1 -1781773672
11734 14 1 5836240120
11735 15 1 -2705451311
11740 0 1 -6088359936
11741 1 1 1919500818
11742 2 1 -2883061857
11743 3 1 3428583307
11744 4 1 -1202742131
11745 5 1 -1755176520
11746 6 1 -148536357
11747 7 1 -2840895176
11748 8 1 -1030093740
11749 9 1 -1612236423
11750 10 1 107036667
11751 11 1 -220091281
11752 12 1 -1809679297
11753 13 1 -663997130
11754 14 1 381976311
11755 15 1 1550642415
11760 0 1 -2741895168
11761 1 1 -3398757455
11762 2 1 283490652
11763 3 1 3225133437
11764 4 1 -3240579955
11765 5 1 -1146372163
11766 6 1 2821345518
11767 7 1 1258850966
11768 8 1 1584918987
11769 9 1 -2207377455
11770 10 1 816410521
11771 11 1 -200277838
11772 12 1 -2889536197
11773 13 1 1107155131
11774 14 1 -1978039786
11775 15 1 1998348187
11780 0 1 1057849344
11781 1 1 -1957627095
11782 2 1 56719061
11783 3 1 1875194751
11784 4 1 -2127639347
11785 5 1 -2674394251
11786 6 1 -2458733806
11787 7 1 -820181434
11788 8 1 1794079987
11789 9 1 -1410462070
11790 10 1 -1637653727
11791 11 1 986711084
11792 12 1 -306543674
11793 13 1 1429085829
11794 14 1 2548242568
11795 15 1 622134974
11800 0 1 69500928
11801 1 1 1159575297
11802 2 1 -3242787524
11803 3 1 2250948488
11804 4 1 -1096482799
11805 5 1 -1975302873
11806 6 1 -133165760
11807 7 1 795260154
11808 8 1 -227410693
11809 9 1 -1069085824
11810 10 1 -1153260719
11811 11 1 -185560663
11812 12 1 4457943153
11813 13 1 840329142
11814 14 1 1959226877
11815 15 1 435055597
11820 0 1 127631360
11821 1 1 -2216145867
11822 2 1 -40197871
11823 3 1 3273713560
11824 4 1 -3012482729
11825 5 1 -806440536
11826 6 1 365759635
11827 7 1 2145718881
11828 8 1 -804261162
11829 9 1 -339950827
11830 10 1 478067235
11831 11 1 1120729743
11832 12 1 2175553896
11833 13 1 3531397028
11834 14 1 1659653685
11835 15 1 425686317
11840 0 1 2589458432
11841 1 1 2714096282
11842 2 1 -734182427
11843 3 1 692577800
11844 4 1 -2259424380
11845 5 1 123462092
11846 6 1 -206686549
11847 7 1 -766971678
11848 8 1 -2894390285
11849 9 1 -3173133179
11850 10 1 1243154818
11851 11 1 4160087302
11852 12 1 776515458
11853 13 1 714934827
11854 14 1 -1698730308
11855 15 1 1677987892
11860 0 1 4112121856
11861 1 1 464176299
11862 2 1 -2904679948
11863 3 1 -367305916
11864 4 1 -1645080208
11865 5 1 3641372864
11866 6 1 4503777129
11867 7 1 5555664247
11868 8 1 240018406
11869 9 1 -1949750452
11870 10 1 2241029996
11871 11 1 -2167906546
11872 12 1 1257204939
11873 13 1 -1795557160
11874 14 1 3364152328
11875 15 1 1197279948
11880 0 1 5923045376
11881 1 1 1948728130
11882 2 1 212652696
11883 3 1 -2242275954
11884 4 1 1596319785
11885 5 1 3257442911
11886 6 1 1512709836
11887 7 1 1862397290
11888 8 1 -884943069
11889 9 1 1445725599
11890 10 1 -861325560
11891 11 1 759763283
11892 12 1 -1986977581
11893 13 1 -1301912330
11894 14 1 2070720814
11895 15 1 -3801954931
11900 0 1 -190185472
11901 1 1 -3420324382
11902 2 1 -358712172
11903 3 1 654827249
11904 4 1 16404971
11905 5 1 394550134
11906 6 1 214339257
11907 7 1 1499066412
11908 8 1 630267070
11909 9 1 2234822284
11910 10 1 659080543
11911 11 1 4988490702
11912 12 1 -365334157
11913 13 1 -2928566222
11914 14 1 1216925423
11915 15 1 -2778449572
11920 0 1 -1066926080
11921 1 1 4261683838
11922 2 1 -783348566
11923 3 1 1068782938
11924 4 1 315584504
11925 5 1 -1322213295
11926 6 1 -3508134580
11927 7 1 -4062954539
11928 8 1 3497394781
11929 9 1 51064556
11930 10 1 -2921977259
11931 11 1 -446188586
11932 12 1 800672387
11933 13 1 1489784614
11934 14 1 -999330281
11935 15 1 509078520
11940 0 1 -3008724992
11941 1 1 14763963
11942 2 1 1049243834
11943 3 1 -950291081
11944 4 1 839881009
11945 5 1 943370072
11946 6 1 -688669509
11947 7 1 3074453554
11948 8 1 699934869
11949 9 1 1184420717
11950 10 1 2000570581
11951 11 1 -2512345592
11952 12 1 3213536819
11953 13 1 578825164
11954 14 1 2195334776
11955 15 1 3228633246
11960 0 1 -2216296448
11961 1 1 -865534194
11962 2 1 994713261
11963 3 1 -3154130883
11964 4 1 -3285952184
11965 5 1 -762659167
11966 6 1 2849315124
11967 7 1 805510119
11968 8 1 -1994205427
11969 9 1 1251290075
11970 10 1 -1487380528
11971 11 1 898581799
11972 12 1 -2265216015
11973 13 1 -20598652
11974 14 1 1717663190
11975 15 1 -77189460
11980 0 1 -1007026176
11981 1 1 3638577182
11982 2 1 511613178
11983 3 1 1022336027
11984 4 1 29252524
11985 5 1 -791610836
11986 6 1 -2144037603
11987 7 1 -1964512228
11988 8 1 -507345434
11989 9 1 -633878776
11990 10 1 -1119188046
11991 11 1 -315387593
11992 12 1 181210654
11993 13 1 3196891178
11994 14 1 273365880
11995 15 1 157520125
12000 0 1 -1914601472
12001 1 1 -459223017
12002 2 1 393865034
12003 3 1 40451830
12004 4 1 1539293926
12005 5 1 -2588263226
12006 6 1 175290978
12007 7 1 -492549039
12008 8 1 188641344
12009 9 1 -1978171826
12010 10 1 285289689
12011 11 1 -2053251251
12012 12 1 1430199006
12013 13 1 -675944602
12014 14 1 2113837674
12015 15 1 1399269783
12020 0 1 3508862976
12021 1 1 3848153430
12022 2 1 -244561553
12023 3 1 -712154673
12024 4 1 2818296886
12025 5 1 458366823
12026 6 1 38675248
12027 7 1 -1132618908
12028 8 1 1757137724
12029 9 1 393909762
12030 10 1 -451662724
12031 11 1 -1480180008
12032 12 1 606104605
12033 13 1 -2283643912
12034 14 1 -4404469343
12035 15 1 2612708282
12040 0 1 3991109632
12041 1 1 -260449708
12042 2 1 603580784
12043 3 1 -1351574242
12044 4 1 3180560903
12045 5 1 2175786748
12046 6 1 1023732389
12047 7 1 -663004562
12048 8 1 -279172230
12049 9 1 366130108
12050 10 1 932162576
12051 11 1 -805677875
12052 12 1 -84263487
12053 13 1 -1874941381
12054 14 1 -3846809602
12055 15 1 1121789201
12060 0 1 4622352384
12061 1 1 -1764958442
12062 2 1 -1293098330
12063 3 1 587390984
12064 4 1 1410807456
12065 5 1 2634556313
12066 6 1 -2128569453
12067 7 1 -34464044
12068 8 1 372211994
12069 9 1 2064204123
12070 10 1 1016851549
12071 11 1 1241263127
12072 12 1 3259952816
12073 13 1 1398655918
12074 14 1 354009723
12075 15 1 73087093
12080 0 1 1953988608
12081 1 1 18695210
12082 2 1 -320680918
12083 3 1 939731333
12084 4 1 -2887230883
12085 5 1 1329138584
12086 6 1 1198204359
12087 7 1 43916223
12088 8 1 1356998042
12089 9 1 1416953902
12090 10 1 3236519303
12091 11 1 3282161832
12092 12 1 -3284842504
12093 13 1 -395717665
12094 14 1 -2916489511
12095 15 1 -385536704
12100 0 1 613122048
12101 1 1 -33886357
12102 2 1 1883424692
12103 3 1 -845981723
12104 4 1 -3000059097
12105 5 1 1978078272
12106 6 1 886892980
12107 7 1 1903324934
12108 8 1 3707704515
12109 9 1 790583280
12110 10 1 -1139733793
12111 11 1 929911114
12112 12 1 -3944902606
12113 13 1 1336047093
12114 14 1 -2244773017
12115 15 1 4213004671
12120 0 1 3024125952
12121 1 1 2596904038
12122 2 1 -28175896
12123 3 1 -991528555
12124 4 1 421411611
12125 5 1 433958680
12126 6 1 -3035051200
12127 7 1 782190910
12128 8 1 4130374348
12129 9 1 -1142884179
12130 10 1 -1864284962
12131 11 1 906655364
12132 12 1 1671260116
12133 13 1 3880218409
12134 14 1 981607297
12135 15 1 2956915481
12140 0 1 5247467520
12141 1 1 1370071613
12142 2 1 -1024507266
12143 3 1 -1549943465
12144 4 1 -11559779
12145 5 1 2434074495
12146 6 1 675144778
12147 7 1 1801626722
12148 8 1 1142241203
12149 9 1 252504294
12150 10 1 917501232
12151 11 1 -943136584
12152 12 1 1831440627
12153 13 1 -262585234
12154 14 1 1142056024
12155 15 1 2038465964
12162 0 1 18255446016
12163 1 1 1147895440
12164 2 1 218292144
12165 3 1 -2007484939
12166 4 1 4569686128
12167 5 1 2864438831
12168 6 1 -1869297180
12169 7 1 3052746219
12170 8 1 751522266
12171 9 1 5002616911
12172 10 1 -1371238823
12173 11 1 2754315605
12174 12 1 -13896554
12175 13 1 -1564151686
12176 14 1 -2591909955
12177 15 1 -4268195812
12182 0 1 9604890624
12183 1 1 -1506419837
12184 2 1 224369987
12185 3 1 -2409817277
12186 4 1 2194315530
12187 5 1 109942340
12188 6 1 382854380
12189 7 1 4139989129
12190 8 1 1783655644
12191 9 1 2436860925
12192 10 1 -3568304625
12193 11 1 5171417312
12194 12 1 4421610682
12195 13 1 463296714
12196 14 1 1151200836
12197 15 1 -3426582076
12202 0 1 1420492800
12203 1 1 -930798494
12204 2 1 1244410223
12205 3 1 401898214
12206 4 1 -1967050324
12207 5 1 876582196
12208 6 1 869118027
12209 7 1 2607091513
12210 8 1 -955704536
12211 9 1 4352242962
12212 10 1 -539343464
12213 11 1 4341999185
12214 12 1 1716536568
12215 13 1 829594482
12216 14 1 648183332
12217 15 1 -2383735526
12222 0 1 -4507860992
12223 1 1 -84476033
12224 2 1 -3721664895
12225 3 1 1479539290
12226 4 1 -2910754336
12227 5 1 610476432
12228 6 1 -681613544
12229 7 1 -180451367
12230 8 1 -2325947918
12231 9 1 -548441799
12232 10 1 1319278325
12233 11 1 2202752068
12234 12 1 -2334126275
12235 13 1 665328901
12236 14 1 -1396205171
12237 15 1 -742466746
12242 0 1 -2410774528
12243 1 1 2269349885
12244 2 1 -1940438984
12245 3 1 -1134646449
12246 4 1 -434269893
12247 5 1 -1881669646
12248 6 1 915310611
12249 7 1 2904121769
12250 8 1 -705028144
12251 9 1 -3874250393
12252 10 1 -1983141819
12253 11 1 445962850
12254 12 1 2325324194
12255 13 1 4881507189
12256 14 1 985941287
12257 15 1 -1002855313
12262 0 1 1844805632
12263 1 1 -1388616402
12264 2 1 -1864598851
12265 3 1 -132162391
12266 4 1 -98667713
12267 5 1 2841994798
12268 6 1 1222286790
12269 7 1 5013453621
12270 8 1 -3851211413
12271 9 1 232088385
12272 10 1 2819056767
12273 11 1 3620728894
12274 12 1 1254045000
12275 13 1 -1766609599
12276 14 1 -1211294403
12277 15 1 -870986110
12282 0 1 1293221888
12283 1 1 992313494
12284 2 1 -1008011674
12285 3 1 -189792868
12286 4 1 -719323324
12287 5 1 332548887
12288 6 1 -1770090013
12289 7 1 -784015083
12290 8 1 -1154051464
12291 9 1 -144636085
12292 10 1 -682708202
12293 11 1 -490688163
12294 12 1 423895082
12295 13 1 -2289443627
12296 14 1 333686750
12297 15 1 -603954600
12302 0 1 2811002880
12303 1 1 -947277571
12304 2 1 -2687047467
12305 3 1 -852162799
12306 4 1 2659636545
12307 5 1 1750270779
12308 6 1 37667951
12309 7 1 1445141570
12310 8 1 -2626549518
12311 9 1 742558098
12312 10 1 284790401
12313 11 1 -1672544907
12314 12 1 1230797367
12315 13 1 -1151534530
12316 14 1 2431668132
12317 15 1 -5160003143
12322 0 1 4197646336
12323 1 1 1077873618
12324 2 1 -770535964
12325 3 1 805432290
12326 4 1 771239436
12327 5 1 -345253061
12328 6 1 -1515380997
12329 7 1 1065177541
12330 8 1 -2521408048
12331 9 1 2326295284
12332 10 1 73404087
12333 11 1 774831844
12334 12 1 -718809230
12335 13 1 -1002301283
12336 14 1 -982209211
12337 15 1 -1151022672
12342 0 1 6913654784
12343 1 1 3233803123
12344 2 1 -1211704934
12345 3 1 -395366303
12346 4 1 4098276728
12347 5 1 1048423891
12348 6 1 -2409018831
12349 7 1 -3042204129
12350 8 1 185101147
12351 9 1 1673453006
12352 10 1 -2607520870
12353 11 1 1787938849
12354 12 1 -76960362
12355 13 1 -3417000876
12356 14 1 -1507170742
12357 15 1 -1385823388
12362 0 1 4069425152
12363 1 1 -2531499594
12364 2 1 -1605452654
12365 3 1 380387584
12366 4 1 3175244569
12367 5 1 1349764838
12368 6 1 88274896
12369 7 1 2173758687
12370 8 1 860316292
12371 9 1 3293295135
12372 10 1 2092093985
12373 11 1 2026810066
12374 12 1 3388432086
12375 13 1 -1624029870
12376 14 1 -1431123471
12377 15 1 -1684413749
12382 0 1 -2214002688
12383 1 1 -2436521629
12384 2 1 2266561993
12385 3 1 -883927372
12386 4 1 -1837997313
12387 5 1 -2877656296
12388 6 1 1849621354
12389 7 1 1780544524
12390 8 1 1061582830
12391 9 1 -115606767
12392 10 1 512224303
12393 11 1 813382694
12394 12 1 -937033195
12395 13 1 1621071991
12396 14 1 -2239327503
12397 15 1 -3598268012
12402 0 1 -4977393664
12403 1 1 -1207406322
12404 2 1 3927997964
12405 3 1 -586104746
12406 4 1 1510721889
12407 5 1 -3177488239
12408 6 1 -3952511860
12409 7 1 -298622808
12410 8 1 596722352
12411 9 1 514181313
12412 10 1 -1414027455
12413 11 1 -1090595918
12414 12 1 855375304
12415 13 1 1132961272
12416 14 1 -17280777
12417 15 1 1180333160
12422 0 1 -6354829312
12423 1 1 774497094
12424 2 1 1137523893
12425 3 1 -1447955502
12426 4 1 1899875966
12427 5 1 -3820972349
12428 6 1 3542724216
12429 7 1 910742611
12430 8 1 -630056320
12431 9 1 -1544156003
12432 10 1 -2704469629
12433 11 1 -932392098
12434 12 1 -1126778735
12435 13 1 673925176
12436 14 1 1985038870
12437 15 1 744775719
12442 0 1 -5635997696
12443 1 1 -3163438235
12444 2 1 -536378740
12445 3 1 -479247698
12446 4 1 627416283
12447 5 1 2053927213
12448 6 1 3796122906
12449 7 1 1362208269
12450 8 1 -448465029
12451 9 1 170669371
12452 10 1 762013353
12453 11 1 2545070112
12454 12 1 -3127264480
12455 13 1 -196250
12456 14 1 1538993983
12457 15 1 -3324495891
12462 0 1 -3783131136
12463 1 1 2211099750
12464 2 1 283518724
12465 3 1 537565125
12466 4 1 -309696298
12467 5 1 -2590712209
12468 6 1 -3570160789
12469 7 1 -2252902185
12470 8 1 -1403725246
12471 9 1 -767858305
12472 10 1 -1139708136
12473 11 1 -292604901
12474 12 1 -2000627404
12475 13 1 3046589440
12476 14 1 1028349240
12477 15 1 -1051718070
12482 0 1 -3683745792
12483 1 1 -2194016921
12484 2 1 -2414036787
12485 3 1 1964179143
12486 4 1 -642209961
12487 5 1 -1328123495
12488 6 1 -183625343
12489 7 1 619949202
12490 8 1 437236950
12491 9 1 816560473
12492 10 1 -1376264348
12493 11 1 380014432
12494 12 1 227550846
12495 13 1 -1622108540
12496 14 1 1355122934
12497 15 1 2565246743
12502 0 1 1071644672
12503 1 1 2516748441
12504 2 1 1830223273
12505 3 1 467545527
12506 4 1 -2528093194
12507 5 1 -662509450
12508 6 1 -2912150117
12509 7 1 -3133965728
12510 8 1 1203787086
12511 9 1 995691940
12512 10 1 -1035650108
12513 11 1 1579207117
12514 12 1 -1872990810
12515 13 1 1370538837
12516 14 1 852012848
12517 15 1 1461652729
12522 0 1 1156677632
12523 1 1 874408197
12524 2 1 -1266618847
12525 3 1 -1286874591
12526 4 1 -2630968619
12527 5 1 517327157
12528 6 1 294719182
12529 7 1 2380407968
12530 8 1 -1312416625
12531 9 1 844501034
12532 10 1 -1071661307
12533 11 1 -116107866
12534 12 1 1833492169
12535 13 1 -611383444
12536 14 1 3069771978
12537 15 1 4457555521
12542 0 1 3587080192
12543 1 1 4113841983
12544 2 1 -2089355629
12545 3 1 -345767346
12546 4 1 -814454273
12547 5 1 309093995
12548 6 1 1343844799
12549 7 1 -583952549
12550 8 1 1332995360
12551 9 1 -3475404903
12552 10 1 636025998
12553 11 1 -855419332
12554 12 1 1686129196
12555 13 1 475886418
12556 14 1 3379229222
12557 15 1 -2214155991
12562 0 1 1186693120
12563 1 1 -125298912
12564 2 1 -364042632
12565 3 1 148204857
12566 4 1 551185154
12567 5 1 135982357
12568 6 1 3759434822
12569 7 1 3629826316
12570 8 1 1052098538
12571 9 1 444282504
12572 10 1 -973629148
12573 11 1 -1697643500
12574 12 1 2719467970
12575 13 1 111760541
12576 14 1 628745786
12577 15 1 148919672
12582 0 1 889946112
12583 1 1 958350293
12584 2 1 658218626
12585 3 1 -1742093823
12586 4 1 923542120
12587 5 1 1508701967
12588 6 1 -49001537
12589 7 1 -491132494
12590 8 1 -5590251250
12591 9 1 5366638
12592 10 1 195882506
12593 11 1 1678839576
12594 12 1 -141234703
12595 13 1 383419366
12596 14 1 -92086442
12597 15 1 -2610789504
12602 0 1 -109281280
12603 1 1 -1531474899
12604 2 1 -2080351823
12605 3 1 1731011996
12606 4 1 -217798570
12607 5 1 -1460881638
12608 6 1 -149127537
12609 7 1 523738536
12610 8 1 -4627293835
12611 9 1 -1156920356
12612 10 1 1852815762
12613 11 1 1549215955
12614 12 1 1112824855
12615 13 1 -1626307653
12616 14 1 2059997858
12617 15 1 -663515350
12622 0 1 3960897536
12623 1 1 733572780
12624 2 1 -2845400586
12625 3 1 2536506372
12626 4 1 -194828210
12627 5 1 2083204489
12628 6 1 -2713119806
12629 7 1 -3466944798
12630 8 1 413085717
12631 9 1 2905189829
12632 10 1 -1176634777
12633 11 1 -686107569
12634 12 1 -1538009285
12635 13 1 -3364304107
12636 14 1 -958117112
12637 15 1 396079728
12644 0 1 10243866624
12645 1 1 -1469720228
12646 2 1 1532801817
12647 3 1 502070650
12648 4 1 4290723893
12649 5 1 1389846876
12650 6 1 -2071102335
12651 7 1 -2263207141
12652 8 1 331405588
12653 9 1 2579853661
12654 10 1 -1196374884
12655 11 1 -975937735
12656 12 1 -1607326414
12657 13 1 -520048984
12658 14 1 -3113072465
12659 15 1 -1644498092
12664 0 1 5691604992
12665 1 1 -4132635086
12666 2 1 -337551746
12667 3 1 -675138416
12668 4 1 2996936496
12669 5 1 -1906421407
12670 6 1 -5531124718
12671 7 1 -1802058790
12672 8 1 280469769
12673 9 1 1727077923
12674 10 1 -234885715
12675 11 1 -350478095
12676 12 1 2689902897
12677 13 1 -1747852422
12678 14 1 2270697661
12679 15 1 -1286887458
12684 0 1 746061824
12685 1 1 -1231935863
12686 2 1 1799819773
12687 3 1 1448309135
12688 4 1 -3432020431
12689 5 1 -3969689660
12690 6 1 1054333756
12691 7 1 -2263473113
12692 8 1 -928803524
12693 9 1 2029858039
12694 10 1 -3383762667
12695 11 1 -1448428620
12696 12 1 752165993
12697 13 1 -534138192
12698 14 1 -87064009
12699 15 1 35111572
12704 0 1 -2251554816
12705 1 1 341714788
12706 2 1 2445257147
12707 3 1 537580883
12708 4 1 1816964847
12709 5 1 -1147241299
12710 6 1 1102629372
12711 7 1 -3900798448
12712 8 1 -800328652
12713 9 1 -3815976838
12714 10 1 -42709247
12715 11 1 -3146189893
12716 12 1 -3387201450
12717 13 1 549417303
12718 14 1 -79296055
12719 15 1 -2487293909
12724 0 1 -2253946880
12725 1 1 -1186630168
12726 2 1 -3788458536
12727 3 1 800148978
12728 4 1 4690774312
12729 5 1 -1183573213
12730 6 1 -2725431736
12731 7 1 -1638144191
12732 8 1 -1682506680
12733 9 1 -65652773
12734 10 1 273557769
12735 11 1 -3295893668
12736 12 1 3485878216
12737 13 1 -3480913988
12738 14 1 2561533241
12739 15 1 643313710
12744 0 1 808189952
12745 1 1 859755052
12746 2 1 -1887708029
12747 3 1 994882025
12748 4 1 487516445
12749 5 1 -2235147267
12750 6 1 1147367732
12751 7 1 79601893
12752 8 1 -2680029534
12753 9 1 2352595507
12754 10 1 1013395284
12755 11 1 1122527362
12756 12 1 1261229301
12757 13 1 -1681281127
12758 14 1 -3747832815
12759 15 1 -2887436437
12764 0 1 -1997307904
12765 1 1 -215154626
12766 2 1 4722387820
12767 3 1 -460837025
12768 4 1 2059517932
12769 5 1 -1998330301
12770 6 1 1781322030
12771 7 1 781126390
12772 8 1 1611407781
12773 9 1 -348927256
12774 10 1 -274801672
12775 11 1 1114796393
12776 12 1 -748274908
12777 13 1 1436259371
12778 14 1 -1706111968
12779 15 1 -1481688152
12784 0 1 -2082897920
12785 1 1 -1094832269
12786 2 1 1981752626
12787 3 1 -1700131070
12788 4 1 4273359344
12789 5 1 -75361858
12790 6 1 -187331041
12791 7 1 1092520041
12792 8 1 -174648522
12793 9 1 2504785155
12794 10 1 663679518
12795 11 1 690640145
12796 12 1 -1437455238
12797 13 1 -1666406443
12798 14 1 -2333098162
12799 15 1 -640135965
12804 0 1 -1701019648
12805 1 1 -3872361
12806 2 1 688452659
12807 3 1 -386986108
12808 4 1 1453997165
12809 5 1 -1538959819
12810 6 1 1229163996
12811 7 1 585595990
12812 8 1 1181722118
12813 9 1 -1558052958
12814 10 1 -1998118934
12815 11 1 -146298494
12816 12 1 -1804165883
12817 13 1 3206336074
12818 14 1 -3176544284
12819 15 1 158891689
12824 0 1 1605206016
12825 1 1 -2804402989
12826 2 1 1034764192
12827 3 1 652747738
12828 4 1 685542372
12829 5 1 -64382341
12830 6 1 -4968300264
12831 7 1 -74163683
12832 8 1 280168335
12833 9 1 2858806303
12834 10 1 -182808360
12835 11 1 1237016439
12836 12 1 2483916790
12837 13 1 2001870146
12838 14 1 228270843
12839 15 1 2105283450
12844 0 1 737771520
12845 1 1 3322362010
12846 2 1 -926519914
12847 3 1 -2669783557
12848 4 1 -3707167776
12849 5 1 -1525723472
12850 6 1 -485935636
12851 7 1 699440382
12852 8 1 -277461129
12853 9 1 -480924008
12854 10 1 -963997171
12855 11 1 -668469677
12856 12 1 2013466043
12857 13 1 -635454342
12858 14 1 2072062912
12859 15 1 1467184146
12864 0 1 -3114237952
12865 1 1 637258231
12866 2 1 1740574755
12867 3 1 -831050743
12868 4 1 -1373031179
12869 5 1 -1740674531
12870 6 1 3546092370
12871 7 1 1417936113
12872 8 1 178362852
12873 9 1 -1232604020
12874 10 1 -1025710785
12875 11 1 -314658544
12876 12 1 1893924510
12877 13 1 -1522375985
12878 14 1 386255103
12879 15 1 1153922176
12884 0 1 -2063958016
12885 1 1 1074565556
12886 2 1 -342614470
12887 3 1 2387244840
12888 4 1 3468309317
12889 5 1 -16574007
12890 6 1 295938708
12891 7 1 -3385656321
12892 8 1 -651682647
12893 9 1 -1995897430
12894 10 1 1098226560
12895 11 1 -7019764
12896 12 1 -1607661316
12897 13 1 -503260309
12898 14 1 -2077054600
12899 15 1 -2329146
12904 0 1 -6078464000
12905 1 1 -4647626516
12906 2 1 -965130425
12907 3 1 854476712
12908 4 1 1047765434
12909 5 1 445315623
12910 6 1 1517766211
12911 7 1 893379442
12912 8 1 2073917890
12913 9 1 -99067682
12914 10 1 2022161842
12915 11 1 100496510
12916 12 1 636121593
12917 13 1 -1132986065
12918 14 1 1013619373
12919 15 1 647441542
12924 0 1 -3893690368
12925 1 1 64198350
12926 2 1 4077460968
12927 3 1 105007426
12928 4 1 -3068463169
12929 5 1 277685788
12930 6 1 -2150354679
12931 7 1 -3427863460
12932 8 1 320387948
12933 9 1 1541386379
12934 10 1 -1112047140
12935 11 1 -3558618429
12936 12 1 -2456514012
12937 13 1 4439487488
12938 14 1 416666004
12939 15 1 -1506072879
12944 0 1 -6979649536
12945 1 1 -1892152711
12946 2 1 -720771760
12947 3 1 128478161
12948 4 1 763763354
12949 5 1 -3987140180
12950 6 1 352839219
12951 7 1 -53522380
12952 8 1 -1360329823
12953 9 1 -3165324159
12954 10 1 -301924041
12955 11 1 -893604056
12956 12 1 -1555672347
12957 13 1 2840214919
12958 14 1 -632549217
12959 15 1 1229794822
12964 0 1 -3858432000
12965 1 1 956309561
12966 2 1 -1023713027
12967 3 1 536265589
12968 4 1 1021823388
12969 5 1 -1513177300
12970 6 1 2739007082
12971 7 1 -2332463050
12972 8 1 993261956
12973 9 1 -3537099776
12974 10 1 360664353
12975 11 1 361627682
12976 12 1 -2779116053
12977 13 1 -867000501
12978 14 1 -2166058493
12979 15 1 -683722962
12984 0 1 -1932951552
12985 1 1 -2662268291
12986 2 1 2159066773
12987 3 1 -903965783
12988 4 1 2221799447
12989 5 1 26166947
12990 6 1 672494510
12991 7 1 3639347045
12992 8 1 -1148017097
12993 9 1 1653100019
12994 10 1 -215099678
12995 11 1 -771756256
12996 12 1 -661211830
12997 13 1 1425863222
12998 14 1 -926010412
12999 15 1 288853681
13004 0 1 1254096896
13005 1 1 -881485863
13006 2 1 -3516387167
13007 3 1 -710843417
13008 4 1 751518493
13009 5 1 1410468558
13010 6 1 550286580
13011 7 1 -645561888
13012 8 1 -2051962074
13013 9 1 -529552822
13014 10 1 486795154
13015 11 1 3468251693
13016 12 1 -5260482102
13017 13 1 -2023669242
13018 14 1 -3393968707
13019 15 1 -2290670934
13024 0 1 4647682048
13025 1 1 898986576
13026 2 1 907544708
13027 3 1 1366916835
13028 4 1 -17215784
13029 5 1 769423173
13030 6 1 -5254696051
13031 7 1 -224668141
13032 8 1 3933060341
13033 9 1 2251097500
13034 10 1 -826444912
13035 11 1 46752774
13036 12 1 892067511
13037 13 1 -689058732
13038 14 1 384578318
13039 15 1 806041331
13044 0 1 4386062336
13045 1 1 287170446
13046 2 1 558642056
13047 3 1 -635180494
13048 4 1 91368836
13049 5 1 707214140
13050 6 1 -3549953667
13051 7 1 -3353725669
13052 8 1 408892583
13053 9 1 1249792461
13054 10 1 -2927428927
13055 11 1 -1087437704
13056 12 1 2820299385
13057 13 1 -827328773
13058 14 1 2020027268
13059 15 1 1751689827
13064 0 1 4117659648
13065 1 1 -466802540
13066 2 1 -2308880054
13067 3 1 1399558331
13068 4 1 -2133141944
13069 5 1 3920880057
13070 6 1 461932654
13071 7 1 -692514012
13072 8 1 -1295636648
13073 9 1 2559186203
13074 10 1 1313982584
13075 11 1 -2727807162
13076 12 1 273914330
13077 13 1 1148181101
13078 14 1 2241052954
13079 15 1 661203059
13084 0 1 1437171712
13085 1 1 2111225378
13086 2 1 -485640185
13087 3 1 6194178
13088 4 1 -2562460370
13089 5 1 109885956
13090 6 1 2330757146
13091 7 1 -1826015086
13092 8 1 27957321
13093 9 1 -2251923864
13094 10 1 1166583670
13095 11 1 1373776836
13096 12 1 -5326211532
13097 13 1 12977979
13098 14 1 -385322809
13099 15 1 -1739110835
13104 0 1 4775673856
13105 1 1 -328091961
13106 2 1 -121968217
13107 3 1 1329095643
13108 4 1 656578050
13109 5 1 1495011291
13110 6 1 -1031933668
13111 7 1 -1135713253
13112 8 1 -407986830
13113 9 1 593659573
13114 10 1 106091037
13115 11 1 1292325879
13116 12 1 -1526071134
13117 13 1 -1984289614
13118 14 1 -3767008353
13119 15 1 2052092994
13126 0 1 1749483520
13127 1 1 1287643942
13128 2 1 3130732069
13129 3 1 78643158
13130 4 1 -585664175
13131 5 1 143161602
13132 6 1 -1467008888
13133 7 1 -409357938
13134 8 1 1338845581
13135 9 1 -1041762482
13136 10 1 596736259
13137 11 1 799695281
13138 12 1 1520876621
13139 13 1 3617618079
13140 14 1 -337868632
13141 15 1 -1569903930
13146 0 1 2623438848
13147 1 1 -2189398976
13148 2 1 -2057089167
13149 3 1 1544230078
13150 4 1 -189511345
13151 5 1 3468548081
13152 6 1 2883419195
13153 7 1 2493727936
13154 8 1 2599287329
13155 9 1 -470432156
13156 10 1 3514692255
13157 11 1 -126737353
13158 12 1 -2661375117
13159 13 1 -2099609134
13160 14 1 -3220604816
13161 15 1 854009405
13166 0 1 584646656
13167 1 1 -2833162854
13168 2 1 3299951316
13169 3 1 -1532351879
13170 4 1 -2050217712
13171 5 1 738595942
13172 6 1 -622916647
13173 7 1 444512955
13174 8 1 2606060873
13175 9 1 472821486
13176 10 1 -13017183
13177 11 1 1940010653
13178 12 1 -2312555618
13179 13 1 -270925164
13180 14 1 -1882665426
13181 15 1 -803583193
13186 0 1 -1903099904
13187 1 1 -1817554571
13188 2 1 2455359587
13189 3 1 2106804100
13190 4 1 -1983546799
13191 5 1 -778920821
13192 6 1 -432925755
13193 7 1 401051073
13194 8 1 2853084313
13195 9 1 593558237
13196 10 1 -1404275069
13197 11 1 -421885775
13198 12 1 53912252
13199 13 1 3137111133
13200 14 1 852850819
13201 15 1 730530299
13206 0 1 -445644800
13207 1 1 1458603736
13208 2 1 927914932
13209 3 1 1111222235
13210 4 1 -497291546
13211 5 1 2328449268
13212 6 1 -2716275363
13213 7 1 -4087270189
13214 8 1 3585429755
13215 9 1 -853971786
13216 10 1 706657899
13217 11 1 -1328157836
13218 12 1 -4683073740
13219 13 1 273203089
13220 14 1 -778923554
13221 15 1 2640938005
13226 0 1 -785285120
13227 1 1 436938481
13228 2 1 -18486543
13229 3 1 -3618568373
13230 4 1 -2482287143
13231 5 1 -1452681820
13232 6 1 2717903735
13233 7 1 3876690516
13234 8 1 1075591490
13235 9 1 -1806079995
13236 10 1 -1231727828
13237 11 1 -971606056
13238 12 1 1684308891
13239 13 1 -361071498
13240 14 1 1024835085
13241 15 1 4504634400
13246 0 1 -2378825728
13247 1 1 290523027
13248 2 1 612751399
13249 3 1 -1118981031
13250 4 1 -393401147
13251 5 1 -1876992860
13252 6 1 1892679831
13253 7 1 154832438
13254 8 1 648448478
13255 9 1 -559874533
13256 10 1 -2326678877
13257 11 1 -1760274144
13258 12 1 1272576685
13259 13 1 123289466
13260 14 1 6034989607
13261 15 1 -1413143423
13266 0 1 -6168674304
13267 1 1 -147375337
13268 2 1 -1747824334
13269 3 1 3358274910
13270 4 1 868741241
13271 5 1 -1749377609
13272 6 1 -989285284
13273 7 1 -3229302151
13274 8 1 -1772759428
13275 9 1 689408619
13276 10 1 -391127217
13277 11 1 1421823444
13278 12 1 -301395458
13279 13 1 497749781
13280 14 1 199809446
13281 15 1 73301380
13286 0 1 -5765660672
13287 1 1 1653950944
13288 2 1 -197744694
13289 3 1 -633478444
13290 4 1 225638650
13291 5 1 -2063646913
13292 6 1 -651313354
13293 7 1 -819025057
13294 8 1 -987454742
13295 9 1 -2252413060
13296 10 1 -822227
13297 11 1 -2296930704
13298 12 1 2099741694
13299 13 1 3398901676
13300 14 1 2182537736
13301 15 1 380031919
13306 0 1 -461438976
13307 1 1 3040456463
13308 2 1 -2079623513
13309 3 1 -1813217204
13310 4 1 3573475771
13311 5 1 -97225186
13312 6 1 2616810626
13313 7 1 871409100
13314 8 1 -1909815594
13315 9 1 -3382364665
13316 10 1 1542998784
13317 11 1 -1257537975
13318 12 1 54190510
13319 13 1 179768752
13320 14 1 79737373
13321 15 1 -1331044547
13326 0 1 61374464
13327 1 1 -3252003387
13328 2 1 -31408503
13329 3 1 -683688098
13330 4 1 286776120
13331 5 1 2209476871
13332 6 1 1944625194
13333 7 1 3679593089
13334 8 1 -825097761
13335 9 1 3212777060
13336 10 1 1523801249
13337 11 1 2853694552
13338 12 1 -988309095
13339 13 1 -3811456600
13340 14 1 -3463209167
13341 15 1 1442579462
13346 0 1 1119453184
13347 1 1 910364820
13348 2 1 -139660868
13349 3 1 -437600202
13350 4 1 -3180761891
13351 5 1 958143389
13352 6 1 -4349559074
13353 7 1 -2318280063
13354 8 1 464001574
13355 9 1 1842489209
13356 10 1 -2277198571
13357 11 1 3040001241
13358 12 1 542344940
13359 13 1 1129631282
13360 14 1 467503169
13361 15 1 119273026
13366 0 1 -1005256704
13367 1 1 1020577122
13368 2 1 -704292167
13369 3 1 814946705
13370 4 1 -4084872780
13371 5 1 17783374
13372 6 1 69103273
13373 7 1 2621590087
13374 8 1 -367159323
13375 9 1 125533212
13376 10 1 1959873258
13377 11 1 573796653
13378 12 1 3039904651
13379 13 1 461280970
13380 14 1 3076940011
13381 15 1 888971945
13386 0 1 -4768235520
13387 1 1 -925185150
13388 2 1 1329566922
13389 3 1 -129604161
13390 4 1 -3496536857
13391 5 1 -1770490660
13392 6 1 3310679172
13393 7 1 589904892
13394 8 1 1335320540
13395 9 1 -2808329590
13396 10 1 -134307954
13397 11 1 -1429483992
13398 12 1 -1120241096
13399 13 1 -806715235
13400 14 1 3945707629
13401 15 1 -974202998
13406 0 1 -6026493952
13407 1 1 -342223228
13408 2 1 914061299
13409 3 1 987896222
13410 4 1 3480729781
13411 5 1 -1799778756
13412 6 1 62562349
13413 7 1 -2057831890
13414 8 1 -56575747
13415 9 1 -1950784951
13416 10 1 -691864633
13417 11 1 -911380058
13418 12 1 905272270
13419 13 1 1679401234
13420 14 1 1669332301
13421 15 1 -3023051150
13426 0 1 -8689156096
13427 1 1 -2885918333
13428 2 1 -46212389
13429 3 1 1842194444
13430 4 1 -473734143
13431 5 1 -1238924228
13432 6 1 3988096022
13433 7 1 2076073400
13434 8 1 984336802
13435 9 1 -1686610682
13436 10 1 2314174649
13437 11 1 -1619184390
13438 12 1 -1963741156
13439 13 1 1026874553
13440 14 1 -1292285418
13441 15 1 -370707819
13446 0 1 -7360348160
13447 1 1 1734203166
13448 2 1 3783688277
13449 3 1 -4243425095
13450 4 1 2172434899
13451 5 1 -2494917845
13452 6 1 -3339452672
13453 7 1 -354758214
13454 8 1 2186473179
13455 9 1 264759380
13456 10 1 -1207607270
13457 11 1 -1488501284
13458 12 1 1051926080
13459 13 1 -764824368
13460 14 1 1139557313
13461 15 1 -1303264829
13466 0 1 -7044694016
13467 1 1 -141292369
13468 2 1 4952165
13469 3 1 654880833
13470 4 1 2795229080
13471 5 1 -2728101551
13472 6 1 3042501884
13473 7 1 -258274646
13474 8 1 -2329793422
13475 9 1 1457588394
13476 10 1 147421650
13477 11 1 -208213061
13478 12 1 -1178369041
13479 13 1 -1660093158
13480 14 1 -4967672335
13481 15 1 -248450387
13486 0 1 -4797300736
13487 1 1 -4480877021
13488 2 1 5051372617
13489 3 1 -304725359
13490 4 1 909419454
13491 5 1 -2001258389
13492 6 1 518592355
13493 7 1 2358821042
13494 8 1 1360583725
13495 9 1 -411542824
13496 10 1 1784008185
13497 11 1 -526908891
13498 12 1 -2859167313
13499 13 1 2555263156
13500 14 1 -4860854891
13501 15 1 -2031078467
13506 0 1 24805376
13507 1 1 -1103309904
13508 2 1 220531562
13509 3 1 1583727395
13510 4 1 2618622257
13511 5 1 -4678651974
13512 6 1 -2643064584
13513 7 1 -1707978936
13514 8 1 359024689
13515 9 1 -1813289976
13516 10 1 -3164054760
13517 11 1 715873109
13518 12 1 -3397941
13519 13 1 2756318479
13520 14 1 -2617490227
13521 15 1 -300648648
13526 0 1 1724284928
13527 1 1 -2201864888
13528 2 1 715047260
13529 3 1 1501176854
13530 4 1 1894136078
13531 5 1 351867170
13532 6 1 -845710704
13533 7 1 1414276605
13534 8 1 205474589
13535 9 1 1619135368
13536 10 1 2252546113
13537 11 1 2226371345
13538 12 1 875647911
13539 13 1 -843631222
13540 14 1 -586033470
13541 15 1 990773476
13546 0 1 2719875072
13547 1 1 978880077
13548 2 1 1376870573
13549 3 1 -2936218525
13550 4 1 -215114023
13551 5 1 2093395379
13552 6 1 3142312807
13553 7 1 1842521941
13554 8 1 1816572813
13555 9 1 -554513093
13556 10 1 -620376420
13557 11 1 -1701907130
13558 12 1 -2252355985
13559 13 1 787381286
13560 14 1 228562051
13561 15 1 -3081213467
13566 0 1 -1426489344
13567 1 1 -4300078372
13568 2 1 2102804997
13569 3 1 -799922820
13570 4 1 -582645076
13571 5 1 431985560
13572 6 1 258574024
13573 7 1 3119346655
13574 8 1 1470635067
13575 9 1 2080827403
13576 10 1 -899804741
13577 11 1 450304874
13578 12 1 -991069892
13579 13 1 1064349271
13580 14 1 448393519
13581 15 1 -1607927902
13586 0 1 2096300032
13587 1 1 3612160728
13588 2 1 654230009
13589 3 1 1885957544
13590 4 1 -1474456431
13591 5 1 -1040165998
13592 6 1 -4266629348
13593 7 1 -5106980935
13594 8 1 -3486565980
13595 9 1 1484614472
13596 10 1 -2532822312
13597 11 1 596155567
13598 12 1 -2999512845
13599 13 1 1254128628
13600 14 1 -3106980350
13601 15 1 944994554
13608 0 1 2913075200
13609 1 1 272620771
13610 2 1 -1920977042
13611 3 1 581490109
13612 4 1 -677724225
13613 5 1 -2332245146
13614 6 1 -2223719498
13615 7 1 1901252642
13616 8 1 -3084783114
13617 9 1 1273045643
13618 10 1 -1995538428
13619 11 1 210939214
13620 12 1 4206637621
13621 13 1 1904937764
13622 14 1 2952389659
13623 15 1 1542410003
13628 0 1 3340861440
13629 1 1 3815298976
13630 2 1 -425402506
13631 3 1 -1108945809
13632 4 1 525317391
13633 5 1 -1369503116
13634 6 1 1778920533
13635 7 1 -119545007
13636 8 1 -1238394363
13637 9 1 -982957928
13638 10 1 -218207254
13639 11 1 2306420348
13640 12 1 1127762798
13641 13 1 -1848745748
13642 14 1 -264007853
13643 15 1 -2463035388
13648 0 1 695730176
13649 1 1 -1633015814
13650 2 1 -3018043297
13651 3 1 234641622
13652 4 1 2303845028
13653 5 1 -428596579
13654 6 1 2292009433
13655 7 1 4890347203
13656 8 1 -1740180513
13657 9 1 1336922711
13658 10 1 773555226
13659 11 1 1227302241
13660 12 1 3763614776
13661 13 1 -1731481867
13662 14 1 -1702802606
13663 15 1 5801826
13668 0 1 -906723328
13669 1 1 -6468034
13670 2 1 3604512890
13671 3 1 833518881
13672 4 1 16553946
13673 5 1 -2381584135
13674 6 1 -1268241078
13675 7 1 -855018482
13676 8 1 -1759393592
13677 9 1 -54566209
13678 10 1 -710876418
13679 11 1 1178149799
13680 12 1 1021935009
13681 13 1 2796066251
13682 14 1 -525972465
13683 15 1 -2679534167
13688 0 1 -90963968
13689 1 1 -3216423795
13690 2 1 2428248210
13691 3 1 700132010
13692 4 1 895379382
13693 5 1 -393495553
13694 6 1 336618215
13695 7 1 1132201776
13696 8 1 -2779976578
13697 9 1 648122429
13698 10 1 694990734
13699 11 1 526733747
13700 12 1 -1448753157
13701 13 1 -220962003
13702 14 1 -316044237
13703 15 1 -72623456
13708 0 1 -1913552896
13709 1 1 -1958023428
13710 2 1 -2330667782
13711 3 1 1650672089
13712 4 1 -1819218027
13713 5 1 -1296632859
13714 6 1 1808094029
13715 7 1 -1927739500
13716 8 1 714894654
13717 9 1 -2153227715
13718 10 1 -1690453592
13719 11 1 2155482737
13720 12 1 -4656271675
13721 13 1 -1068323845
13722 14 1 173933989
13723 15 1 1166515907
13728 0 1 -2456944640
13729 1 1 454427347
13730 2 1 -845964947
13731 3 1 1900880915
13732 4 1 -1709949884
13733 5 1 1195972056
13734 6 1 -2249782677
13735 7 1 -1518205250
13736 8 1 3166124105
13737 9 1 801628508
13738 10 1 -1789400360
13739 11 1 1786921487
13740 12 1 1915212953
13741 13 1 1673650254
13742 14 1 2905363164
13743 15 1 620941828
13748 0 1 -3219750912
13749 1 1 2856835637
13750 2 1 -2321168100
13751 3 1 -282801889
13752 4 1 -2015938250
13753 5 1 1798534260
13754 6 1 -467102347
13755 7 1 -974955868
13756 8 1 -547387307
13757 9 1 -3122331283
13758 10 1 2566297796
13759 11 1 -1168010609
13760 12 1 2024568199
13761 13 1 1884868262
13762 14 1 2343715665
13763 15 1 -837177
13768 0 1 -956530688
13769 1 1 2902175537
13770 2 1 -1309927671
13771 3 1 -1713522028
13772 4 1 198464929
13773 5 1 3708709765
13774 6 1 -392250361
13775 7 1 -263224649
13776 8 1 558165460
13777 9 1 -279896256
13778 10 1 1341508618
13779 11 1 -4589472417
13780 12 1 875475206
13781 13 1 -1465179113
13782 14 1 801821598
13783 15 1 3482774530
13788 0 1 596639744
13789 1 1 1085237972
13790 2 1 1336365386
13791 3 1 -2049943781
13792 4 1 -60433333
13793 5 1 3002655787
13794 6 1 -1601520325
13795 7 1 -455356132
13796 8 1 596222051
13797 9 1 3658716950
13798 10 1 2582194054
13799 11 1 -1174039969
13800 12 1 53077331
13801 13 1 -3923022132
13802 14 1 -2143405053
13803 15 1 1369652225
13808 0 1 2522054656
13809 1 1 1370917139
13810 2 1 1812572992
13811 3 1 -959919926
13812 4 1 -716282815
13813 5 1 87933956
13814 6 1 1900601578
13815 7 1 -2867056175
13816 8 1 507709659
13817 9 1 -958940342
13818 10 1 -871366268
13819 11 1 -1033855833
13820 12 1 -3067963098
13821 13 1 912613745
13822 14 1 -4088586563
13823 15 1 56182992
13828 0 1 4013883392
13829 1 1 -1313999490
13830 2 1 -1754583870
13831 3 1 -910822303
13832 4 1 3131923600
13833 5 1 1296708128
13834 6 1 -437592156
13835 7 1 2513201070
13836 8 1 -548635319
13837 9 1 -2710844563
13838 10 1 2329301608
13839 11 1 382645595
13840 12 1 3607535681
13841 13 1 1610833927
13842 14 1 -438960543
13843 15 1 -492171632
13848 0 1 3312549888
13849 1 1 -1255052578
13850 2 1 -2074517786
13851 3 1 1259005392
13852 4 1 -2895329321
13853 5 1 643972276
13854 6 1 3838798563
13855 7 1 3378204254
13856 8 1 -857862759
13857 9 1 1050515985
13858 10 1 -148950645
13859 11 1 9936461
13860 12 1 -72789777
13861 13 1 -549516520
13862 14 1 676106506
13863 15 1 -494066751
13868 0 1 -579928064
13869 1 1 -443264835
13870 2 1 1199110544
13871 3 1 -914230576
13872 4 1 -795142538
13873 5 1 1494549862
13874 6 1 -1408512198
13875 7 1 -215675279
13876 8 1 -837219269
13877 9 1 1187616789
13878 10 1 -1212062266
13879 11 1 4271493640
13880 12 1 -714119077
13881 13 1 212915789
13882 14 1 1888721243
13883 15 1 -2520599714
13888 0 1 -4799561728
13889 1 1 1486155117
13890 2 1 -1844148559
13891 3 1 1696317315
13892 4 1 -1207101159
13893 5 1 -2537714384
13894 6 1 -2122090047
13895 7 1 126146572
13896 8 1 -878572415
13897 9 1 1615542952
13898 10 1 -139420084
13899 11 1 -377909595
13900 12 1 2533240853
13901 13 1 442684999
13902 14 1 2342636932
13903 15 1 1826024688
13908 0 1 -5753372672
13909 1 1 1899647043
13910 2 1 1923492443
13911 3 1 -1624909073
13912 4 1 222974161
13913 5 1 -3068912566
13914 6 1 221292796
13915 7 1 -1747216385
13916 8 1 945339629
13917 9 1 -3423458061
13918 10 1 -1745533834
13919 11 1 -1860718312
13920 12 1 32060396
13921 13 1 1313744198
13922 14 1 2323804439
13923 15 1 177219481
13928 0 1 -4349558784
13929 1 1 -398383492
13930 2 1 87411799
13931 3 1 1740070425
13932 4 1 448533126
13933 5 1 -1579490570
13934 6 1 -536161770
13935 7 1 -559610889
13936 8 1 168549065
13937 9 1 1029840252
13938 10 1 -1439448100
13939 11 1 911094218
13940 12 1 2619155246
13941 13 1 591069400
13942 14 1 -2353901146
13943 15 1 7382198458
13948 0 1 -3704029184
13949 1 1 850966184
13950 2 1 -195188056
13951 3 1 -626157311
13952 4 1 -4798722999
13953 5 1 1520259556
13954 6 1 -203068801
13955 7 1 -1999823534
13956 8 1 -1144503618
13957 9 1 -50684953
13958 10 1 1230345884
13959 11 1 -1819103181
13960 12 1 -383799680
13961 13 1 112445480
13962 14 1 2310246364
13963 15 1 2772805688
13968 0 1 -3458891776
13969 1 1 2078000193
13970 2 1 -1797511219
13971 3 1 -607381607
13972 4 1 -1960703505
13973 5 1 -3028608723
13974 6 1 4154272523
13975 7 1 670581135
13976 8 1 -2245860363
13977 9 1 -5948870737
13978 10 1 -602776677
13979 11 1 -550770224
13980 12 1 819204463
13981 13 1 3595557609
13982 14 1 3145099697
13983 15 1 -502771633
13988 0 1 -86343680
13989 1 1 -687552618
13990 2 1 -1162738988
13991 3 1 3466606988
13992 4 1 314015073
13993 5 1 1593742812
13994 6 1 -392554534
13995 7 1 -1268176466
13996 8 1 -2340692425
13997 9 1 269071824
13998 10 1 1624499484
13999 11 1 -1719969256
14000 12 1 -1016127739
14001 13 1 -1368141238
14002 14 1 -566420924
14003 15 1 2472467765
14008 0 1 2184216576
14009 1 1 1426398010
14010 2 1 -2097145514
14011 3 1 -798987446
14012 4 1 1923864737
14013 5 1 -2262281188
14014 6 1 -1383690382
14015 7 1 -568823535
14016 8 1 -852597938
14017 9 1 -1402206306
14018 10 1 -1467563599
14019 11 1 -986508001
14020 12 1 615925030
14021 13 1 -528345810
14022 14 1 550497382
14023 15 1 143496691
14028 0 1 2787508224
14029 1 1 565272825
14030 2 1 -520235646
14031 3 1 1018985219
14032 4 1 3551010334
14033 5 1 143480671
14034 6 1 -399022295
14035 7 1 -1782697248
14036 8 1 1719612078
14037 9 1 1522305152
14038 10 1 591669778
14039 11 1 345819978
14040 12 1 2569280174
14041 13 1 -2850800040
14042 14 1 -1164138425
14043 15 1 -687259641
14048 0 1 78938112
14049 1 1 -2527195243
14050 2 1 2729295337
14051 3 1 301325860
14052 4 1 1051354192
14053 5 1 -240561327
14054 6 1 325777142
14055 7 1 -682986133
14056 8 1 -694400069
14057 9 1 1152968949
14058 10 1 2637801
14059 11 1 -1630595527
14060 12 1 107732234
14061 13 1 3017960798
14062 14 1 -2423986853
14063 15 1 -1299484844
14068 0 1 1199013888
14069 1 1 -69669691
14070 2 1 -816929545
14071 3 1 -1630087521
14072 4 1 2097879565
14073 5 1 1396143879
14074 6 1 -484678695
14075 7 1 -470970444
14076 8 1 -2352044502
14077 9 1 -1424888961
14078 10 1 1102624409
14079 11 1 -484825900
14080 12 1 -1445601124
14081 13 1 2015116682
14082 14 1 -2835211048
14083 15 1 -423488665
14090 0 1 1992949760
14091 1 1 -1742777727
14092 2 1 857578192
14093 3 1 -466041234
14094 4 1 211140274
14095 5 1 2525252163
14096 6 1 1153221527
14097 7 1 -158862087
14098 8 1 -942650966
14099 9 1 -1523189571
14100 10 1 2071057960
14101 11 1 -578811703
14102 12 1 -2755756824
14103 13 1 1413196639
14104 14 1 2021811451
14105 15 1 -2852519623
14110 0 1 3034939392
14111 1 1 -487493743
14112 2 1 -1084283099
14113 3 1 271669585
14114 4 1 -2411170955
14115 5 1 659697837
14116 6 1 -2886068056
14117 7 1 -1944619220
14118 8 1 -718310319
14119 9 1 3099004118
14120 10 1 -2714166986
14121 11 1 1283257049
14122 12 1 -475021286
14123 13 1 -1378205391
14124 14 1 2383713541
14125 15 1 2726150309
14130 0 1 268632064
14131 1 1 4674469510
14132 2 1 -2704528855
14133 3 1 -922764279
14134 4 1 -2958742136
14135 5 1 -672390452
14136 6 1 -497869919
14137 7 1 -2275258213
14138 8 1 -2003901767
14139 9 1 -642390195
14140 10 1 -1935731480
14141 11 1 -471466578
14142 12 1 231316283
14143 13 1 -962614266
14144 14 1 2351885600
14145 15 1 1407045364
14150 0 1 1302659072
14151 1 1 972794189
14152 2 1 -3098580881
14153 3 1 1983811392
14154 4 1 -382832823
14155 5 1 696344330
14156 6 1 -1049825145
14157 7 1 -1066502965
14158 8 1 -2646540132
14159 9 1 -33638018
14160 10 1 -720572198
14161 11 1 -1349623348
14162 12 1 3511284782
14163 13 1 641945928
14164 14 1 5046149878
14165 15 1 1503012552
14170 0 1 3897720832
14171 1 1 1118568010
14172 2 1 -1900879626
14173 3 1 3108717824
14174 4 1 -1318588596
14175 5 1 1106783242
14176 6 1 678617442
14177 7 1 -3853865430
14178 8 1 -3200163760
14179 9 1 406548885
14180 10 1 1160432892
14181 11 1 2169317426
14182 12 1 -2922851634
14183 13 1 -375894033
14184 14 1 -2388842652
14185 15 1 146410770
14190 0 1 3168894976
14191 1 1 -1947297211
14192 2 1 -827815987
14193 3 1 1451712976
14194 4 1 -2475260356
14195 5 1 2787350126
14196 6 1 574154117
14197 7 1 -763156223
14198 8 1 912607806
14199 9 1 -2090949073
14200 10 1 1711874629
14201 11 1 -322028134
14202 12 1 -1408117909
14203 13 1 -469528512
14204 14 1 -1501353868
14205 15 1 1123956432
14210 0 1 1358692352
14211 1 1 -2922273262
14212 2 1 1105535975
14213 3 1 709237859
14214 4 1 -2100216150
14215 5 1 -2807626710
14216 6 1 -2216812002
14217 7 1 -868517136
14218 8 1 -877616300
14219 9 1 -379322527
14220 10 1 -452517989
14221 11 1 -2255601488
14222 12 1 1598137462
14223 13 1 703514177
14224 14 1 3270872428
14225 15 1 -158819281
14230 0 1 1472331776
14231 1 1 3756773594
14232 2 1 -2233802400
14233 3 1 1133411020
14234 4 1 1119074729
14235 5 1 358977279
14236 6 1 -2071677045
14237 7 1 -3244152110
14238 8 1 1064321150
14239 9 1 -148769810
14240 10 1 -931905803
14241 11 1 -2275578215
14242 12 1 700987029
14243 13 1 -2154877460
14244 14 1 -76885069
14245 15 1 2007519948
14250 0 1 551714816
14251 1 1 673735548
14252 2 1 1929517412
14253 3 1 -322916929
14254 4 1 620745776
14255 5 1 934463853
14256 6 1 1164632566
14257 7 1 1292452486
14258 8 1 1170010544
14259 9 1 2387664288
14260 10 1 984940501
14261 11 1 -463324051
14262 12 1 1988553842
14263 13 1 -145724223
14264 14 1 475487227
14265 15 1 1360861430
14270 0 1 765591552
14271 1 1 1999748563
14272 2 1 888105845
14273 3 1 -4055634774
14274 4 1 -667468041
14275 5 1 372475070
14276 6 1 4276817136
14277 7 1 2264926988
14278 8 1 48722794
14279 9 1 -1751104097
14280 10 1 882479933
14281 11 1 3942986613
14282 12 1 -1973741608
14283 13 1 123668221
14284 14 1 -671446944
14285 15 1 -194222741
14290 0 1 -2852978688
14291 1 1 -303715321
14292 2 1 195881314
14293 3 1 -2440466584
14294 4 1 -196272404
14295 5 1 869811409
14296 6 1 3251459779
14297 7 1 5422248702
14298 8 1 -31781621
14299 9 1 636686277
14300 10 1 924197825
14301 11 1 711518852
14302 12 1 1794424310
14303 13 1 -1200423748
14304 14 1 1826500277
14305 15 1 -1003132662
14310 0 1 -708214784
14311 1 1 2071891304
14312 2 1 -322187110
14313 3 1 -552241774
14314 4 1 2587666808
14315 5 1 -1823406316
14316 6 1 -693849043
14317 7 1 1727276829
14318 8 1 1498792017
14319 9 1 -270311753
14320 10 1 672453465
14321 11 1 -902529165
14322 12 1 -1514219776
14323 13 1 -353346807
14324 14 1 -207579625
14325 15 1 -3422103150
14330 0 1 -1488158720
14331 1 1 -1720596583
14332 2 1 2911029116
14333 3 1 -1633906709
14334 4 1 3580466459
14335 5 1 -1504509103
14336 6 1 691277547
14337 7 1 1622752005
14338 8 1 1504848399
14339 9 1 661462665
14340 10 1 -2809844080
14341 11 1 682033877
14342 12 1 1835817133
14343 13 1 -889597651
14344 14 1 -815248507
14345 15 1 -2274881338
14350 0 1 -1445527552
14351 1 1 -4198622959
14352 2 1 2464304698
14353 3 1 1656070135
14354 4 1 -5274011
14355 5 1 -1362556947
14356 6 1 -1307343742
14357 7 1 340626713
14358 8 1 -2115357944
14359 9 1 2466429181
14360 10 1 -318853882
14361 11 1 490721054
14362 12 1 1078458706
14363 13 1 2878951093
14364 14 1 804153897
14365 15 1 -2145407370
14370 0 1 -6541934592
14371 1 1 1122554800
14372 2 1 -72914519
14373 3 1 -136930023
14374 4 1 -1101024466
14375 5 1 -3172894272
14376 6 1 1182077059
14377 7 1 -2995289278
14378 8 1 -532334414
14379 9 1 -4311486590
14380 10 1 -1481787599
14381 11 1 101998407
14382 12 1 -2907019725
14383 13 1 210150065
14384 14 1 2274403918
14385 15 1 -1046460607
14390 0 1 -4310040576
14391 1 1 -1372845005
14392 2 1 -3025308723
14393 3 1 3053358335
14394 4 1 334479758
14395 5 1 1937660835
14396 6 1 -2357758733
14397 7 1 -1703224871
14398 8 1 -661844543
14399 9 1 2679776299
14400 10 1 1081917051
14401 11 1 736868498
14402 12 1 784851318
14403 13 1 -2942374655
14404 14 1 682075748
14405 15 1 2487689931
14410 0 1 -1740144640
14411 1 1 2747450551
14412 2 1 -78459828
14413 3 1 364901020
14414 4 1 -4191926868
14415 5 1 -412920446
14416 6 1 -1015670226
14417 7 1 -2481555293
14418 8 1 -975548295
14419 9 1 -2917591667
14420 10 1 42600618
14421 11 1 -253618632
14422 12 1 -309963451
14423 13 1 3894228430
14424 14 1 1443950292
14425 15 1 1148367425
14430 0 1 1788018688
14431 1 1 -676395626
14432 2 1 -824684519
14433 3 1 -1053088401
14434 4 1 -3378776206
14435 5 1 4368102053
14436 6 1 3981899980
14437 7 1 2544089065
14438 8 1 -1473101676
14439 9 1 -1107645163
14440 10 1 382882733
14441 11 1 -595802959
14442 12 1 -1102156571
14443 13 1 232978144
14444 14 1 4314698670
14445 15 1 1418146542
14450 0 1 90439680
14451 1 1 1715306737
14452 2 1 -5066986448
14453 3 1 795927153
14454 4 1 -3526935720
14455 5 1 3809461174
14456 6 1 -735225722
14457 7 1 -1413974248
14458 8 1 -364001085
14459 9 1 -496457777
14460 10 1 1207747686
14461 11 1 1378505222
14462 12 1 -396247416
14463 13 1 -1814385514
14464 14 1 3861310921
14465 15 1 -1026721798
14470 0 1 971407360
14471 1 1 3561010458
14472 2 1 299549181
14473 3 1 2222649921
14474 4 1 -2671087846
14475 5 1 1260973770
14476 6 1 182060638
14477 7 1 -2551657220
14478 8 1 -1516763310
14479 9 1 153526820
14480 10 1 -447486488
14481 11 1 -1407508422
14482 12 1 -1566706768
14483 13 1 1693770679
14484 14 1 1357405168
14485 15 1 -658234143
14490 0 1 1057456128
14491 1 1 -3557597379
14492 2 1 -1871542138
14493 3 1 1175943616
14494 4 1 -2530951488
14495 5 1 2441401138
14496 6 1 12835103
14497 7 1 743639121
14498 8 1 -1473879065
14499 9 1 36123461
14500 10 1 1281228780
14501 11 1 2180875104
14502 12 1 -2180350421
14503 13 1 -748272468
14504 14 1 -21528584
14505 15 1 3423814985
14510 0 1 650346496
14511 1 1 2988571568
14512 2 1 1958352996
14513 3 1 -400597776
14514 4 1 -5780180639
14515 5 1 -2202863680
14516 6 1 -2829536242
14517 7 1 -2347240468
14518 8 1 1204010720
14519 9 1 469466381
14520 10 1 -3052134665
14521 11 1 -886608409
14522 12 1 652870965
14523 13 1 299884879
14524 14 1 5161892008
14525 15 1 2816847412
14530 0 1 203325440
14531 1 1 1806846124
14532 2 1 -1225486631
14533 3 1 1020632505
14534 4 1 -278640121
14535 5 1 135986840
14536 6 1 499682473
14537 7 1 -3606777585
14538 8 1 -2067405995
14539 9 1 -925575180
14540 10 1 -512370743
14541 11 1 -1906419811
14542 12 1 -390469243
14543 13 1 -2183518416
14544 14 1 3238784479
14545 15 1 1458856418
14550 0 1 1640562688
14551 1 1 561841102
14552 2 1 2096003
14553 3 1 1864059965
14554 4 1 424594332
14555 5 1 -117557913
14556 6 1 925040480
14557 7 1 -1604135320
14558 8 1 1595581930
14559 9 1 -1348839523
14560 10 1 1493036715
14561 11 1 -3244369691
14562 12 1 -1497244904
14563 13 1 -1002480223
14564 14 1 -796462438
14565 15 1 1509025124
14572 0 1 -2003271680
14573 1 1 -3060315333
14574 2 1 1862509059
14575 3 1 -47718185
14576 4 1 1168813655
14577 5 1 -2739525376
14578 6 1 2307655446
14579 7 1 2641616489
14580 8 1 2135501162
14581 9 1 -986675880
14582 10 1 -1822315610
14583 11 1 -2306107519
14584 12 1 370334279
14585 13 1 2438948093
14586 14 1 1839238319
14587 15 1 -86317004
14592 0 1 -227639296
14593 1 1 -2451043522
14594 2 1 2370194640
14595 3 1 2183127713
14596 4 1 293088662
14597 5 1 1841493
14598 6 1 1579325403
14599 7 1 -3774730960
14600 8 1 1111944367
14601 9 1 -1269015389
14602 10 1 -142260116
14603 11 1 1279509187
14604 12 1 -6436354945
14605 13 1 1761604431
14606 14 1 -1666772669
14607 15 1 -3068952091
14612 0 1 -3040837632
14613 1 1 -1172692530
14614 2 1 -2171552705
14615 3 1 -165553550
14616 4 1 672645998
14617 5 1 -312515448
14618 6 1 -767917358
14619 7 1 570881945
14620 8 1 1756368814
14621 9 1 -1190973355
14622 10 1 -1542830888
14623 11 1 1092149162
14624 12 1 -311218872
14625 13 1 1864088207
14626 14 1 478828616
14627 15 1 2221692509
14632 0 1 2003566592
14633 1 1 4014902606
14634 2 1 -2461429236
14635 3 1 -999720920
14636 4 1 -1571524273
14637 5 1 4922594056
14638 6 1 -1271247671
14639 7 1 -296561926
14640 8 1 -858358763
14641 9 1 1851807046
14642 10 1 888025560
14643 11 1 -936947200
14644 12 1 -361451514
14645 13 1 223252804
14646 14 1 1045534412
14647 15 1 -431262184
14652 0 1 599195648
14653 1 1 -2089722347
14654 2 1 -876805393
14655 3 1 -2914645360
14656 4 1 -2613145769
14657 5 1 1074564917
14658 6 1 1245651040
14659 7 1 5281706015
14660 8 1 -2285817524
14661 9 1 1246962422
14662 10 1 2120484368
14663 11 1 1570846560
14664 12 1 1096894756
14665 13 1 -104353143
14666 14 1 1178457877
14667 15 1 -2685933554
14672 0 1 1330741248
14673 1 1 1830025581
14674 2 1 2349030797
14675 3 1 -578120626
14676 4 1 -1846637729
14677 5 1 -1519042473
14678 6 1 559792112
14679 7 1 -315022170
14680 8 1 -810880432
14681 9 1 593008638
14682 10 1 -1407390703
14683 11 1 392783780
14684 12 1 -2913209966
14685 13 1 -506286220
14686 14 1 -1425705374
14687 15 1 -3280576294
14692 0 1 -1294663680
14693 1 1 -2488969322
14694 2 1 1627844932
14695 3 1 1844778951
14696 4 1 2603617181
14697 5 1 -1280542728
14698 6 1 778615187
14699 7 1 845502089
14700 8 1 927352082
14701 9 1 722358963
14702 10 1 -1331767193
14703 11 1 1779608042
14704 12 1 -2743458995
14705 13 1 -1413102626
14706 14 1 -2730464921
14707 15 1 -31332326
14712 0 1 1706426368
14713 1 1 807580593
14714 2 1 1586776141
14715 3 1 579060736
14716 4 1 1768107059
14717 5 1 -374840172
14718 6 1 -2430859216
14719 7 1 -1789905005
14720 8 1 2503365530
14721 9 1 -283878841
14722 10 1 -261275994
14723 11 1 1333722203
14724 12 1 -925764113
14725 13 1 -397826750
14726 14 1 -1325471720
14727 15 1 547285038
14732 0 1 1481736192
14733 1 1 1095140388
14734 2 1 -688543738
14735 3 1 -3091117882
14736 4 1 3114248604
14737 5 1 -118569956
14738 6 1 972527365
14739 7 1 1064148420
14740 8 1 2006397561
14741 9 1 -267175596
14742 10 1 -1956299955
14743 11 1 -2262790184
14744 12 1 1368283972
14745 13 1 -966021781
14746 14 1 3003951471
14747 15 1 844350879
14752 0 1 558170112
14753 1 1 -860597134
14754 2 1 -1398077134
14755 3 1 -1265968834
14756 4 1 -251425566
14757 5 1 2374007695
14758 6 1 681490233
14759 7 1 2666127108
14760 8 1 -213255755
14761 9 1 2822229073
14762 10 1 1609744401
14763 11 1 1726594269
14764 12 1 584578483
14765 13 1 -2702352875
14766 14 1 -394925565
14767 15 1 -886528449
14772 0 1 -2096529408
14773 1 1 497423943
14774 2 1 2881805275
14775 3 1 526357777
14776 4 1 -2068796717
14777 5 1 -3384041872
14778 6 1 -327660340
14779 7 1 -2529636450
14780 8 1 498584123
14781 9 1 1244354502
14782 10 1 -2756617934
14783 11 1 -419989339
14784 12 1 -3118710021
14785 13 1 343562145
14786 14 1 -911309838
14787 15 1 -280772030
14792 0 1 -1905197056
14793 1 1 -1598233338
14794 2 1 -716060775
14795 3 1 3632569936
14796 4 1 658532143
14797 5 1 -1697273070
14798 6 1 -1417768071
14799 7 1 -2236584565
14800 8 1 571033182
14801 9 1 -1497491686
14802 10 1 -1754827967
14803 11 1 792997034
14804 12 1 -1190249722
14805 13 1 1527242857
14806 14 1 -349189088
14807 15 1 2255098546
14812 0 1 -1255440384
14813 1 1 -1745076920
14814 2 1 -850146821
14815 3 1 2019708398
14816 4 1 -855661837
14817 5 1 -3588622350
14818 6 1 -3724652598
14819 7 1 -2532709586
14820 8 1 -837251106
14821 9 1 85425820
14822 10 1 -1470170146
14823 11 1 -248658457
14824 12 1 2626099938
14825 13 1 1989371389
14826 14 1 4178615176
14827 15 1 3340900631
14832 0 1 659128320
14833 1 1 3191063186
14834 2 1 -4711147855
14835 3 1 1436164440
14836 4 1 -658440472
14837 5 1 -93728738
14838 6 1 2229823593
14839 7 1 -1931712769
14840 8 1 -856907836
14841 9 1 -3882765196
14842 10 1 -335850529
14843 11 1 -1048425771
14844 12 1 1120575802
14845 13 1 2328612439
14846 14 1 1894572481
14847 15 1 -294004479
14852 0 1 -5151457280
14853 1 1 -4022948185
14854 2 1 1624265015
14855 3 1 442996399
14856 4 1 -1214173943
14857 5 1 -475190562
14858 6 1 2564329806
14859 7 1 3663232309
14860 8 1 2064248920
14861 9 1 525156911
14862 10 1 2239954241
14863 11 1 370122326
14864 12 1 1104809255
14865 13 1 865639459
14866 14 1 1870285673
14867 15 1 597674439
14872 0 1 -847085568
14873 1 1 4412473599
14874 2 1 980124818
14875 3 1 -1247112101
14876 4 1 -1564927009
14877 5 1 1060120102
14878 6 1 -1623731385
14879 7 1 -4013324826
14880 8 1 -2508161017
14881 9 1 139618591
14882 10 1 -717441442
14883 11 1 -301306354
14884 12 1 -4884217729
14885 13 1 -189731481
14886 14 1 -4291681649
14887 15 1 973831675
14892 0 1 41385984
14893 1 1 -763544620
14894 2 1 -556358767
14895 3 1 -1433757120
14896 4 1 3084457580
14897 5 1 -753797026
14898 6 1 652435539
14899 7 1 3537379835
14900 8 1 -89423463
14901 9 1 -2290563157
14902 10 1 442558635
14903 11 1 -1731753030
14904 12 1 1980448792
14905 13 1 725497098
14906 14 1 938217441
14907 15 1 1800629565
14912 0 1 6320422912
14913 1 1 -720663537
14914 2 1 -2460600477
14915 3 1 961142079
14916 4 1 1933232182
14917 5 1 3305123855
14918 6 1 992469292
14919 7 1 -1252031994
14920 8 1 710634889
14921 9 1 2652427116
14922 10 1 436025191
14923 11 1 646873681
14924 12 1 -1657261809
14925 13 1 -1655960697
14926 14 1 -1599008495
14927 15 1 -4012117414
14932 0 1 527269888
14933 1 1 -1355483376
14934 2 1 5030127233
14935 3 1 -2204195205
14936 4 1 -252490490
14937 5 1 -1213277964
14938 6 1 -405389988
14939 7 1 2844276321
14940 8 1 1286542139
14941 9 1 675424368
14942 10 1 936472296
14943 11 1 888752624
14944 12 1 -473510323
14945 13 1 2012224665
14946 14 1 -916829206
14947 15 1 -2793623005
14952 0 1 1176240128
14953 1 1 -471153658
14954 2 1 102700531
14955 3 1 -380646737
14956 4 1 1239526803
14957 5 1 515807255
14958 6 1 -2098558776
14959 7 1 -2257077526
14960 8 1 -1772083164
14961 9 1 3496198500
14962 10 1 -3406039151
14963 11 1 -1734995174
14964 12 1 -1591459739
14965 13 1 -1437555976
14966 14 1 -1330147694
14967 15 1 1029180986
14972 0 1 2119532544
14973 1 1 -421153828
14974 2 1 957371349
14975 3 1 1611743200
14976 4 1 -509100222
14977 5 1 159981197
14978 6 1 233410901
14979 7 1 -1620976411
14980 8 1 -2089029689
14981 9 1 -1870609622
14982 10 1 461446334
14983 11 1 926699968
14984 12 1 -2887192509
14985 13 1 3505470785
14986 14 1 -1457118272
14987 15 1 -2371146716
14992 0 1 3574202368
14993 1 1 -2608600789
14994 2 1 -1780345276
14995 3 1 740216756
14996 4 1 -750951097
14997 5 1 928336038
14998 6 1 1305310473
14999 7 1 -169822131
15000 8 1 -246323718
15001 9 1 -690141586
15002 10 1 -1053344324
15003 11 1 3074947121
15004 12 1 -2568153106
15005 13 1 -1205054483
15006 14 1 37385470
15007 15 1 1377476769
15012 0 1 2821947392
15013 1 1 -109449075
15014 2 1 -3538085377
15015 3 1 2208390832
15016 4 1 -2463212177
15017 5 1 3770392662
15018 6 1 -748266843
15019 7 1 -1059560596
15020 8 1 336659693
15021 9 1 2469118338
15022 10 1 2711869226
15023 11 1 2983480381
15024 12 1 -3464283626
15025 13 1 -4400247166
15026 14 1 -1756521427
15027 15 1 -970656157
15032 0 1 424804352
15033 1 1 -1595828506
15034 2 1 300473718
15035 3 1 979155504
15036 4 1 -2370669973
15037 5 1 -1068148304
15038 6 1 180940810
15039 7 1 1810905659
15040 8 1 4078082171
15041 9 1 -830738667
15042 10 1 -525222493
15043 11 1 217451991
15044 12 1 -2035022211
15045 13 1 1665968794
15046 14 1 -339247996
15047 15 1 -1633291356
15054 0 1 -2262761472
15055 1 1 -2673776451
15056 2 1 411691377
15057 3 1 2058193602
15058 4 1 -2569427939
15059 5 1 -808621989
15060 6 1 1010548499
15061 7 1 247811538
15062 8 1 -1036740266
15063 9 1 1575792116
15064 10 1 1154959615
15065 11 1 575947785
15066 12 1 -1493331581
15067 13 1 -1550077580
15068 14 1 -902009002
15069 15 1 454426552
15074 0 1 -526745600
15075 1 1 -341151035
15076 2 1 3631198330
15077 3 1 -265680963
15078 4 1 1373302310
15079 5 1 -1391988308
15080 6 1 -3565303124
15081 7 1 -3197144880
15082 8 1 1171980874
15083 9 1 222329909
15084 10 1 -2299187863
15085 11 1 -2639073553
15086 12 1 -884550163
15087 13 1 2715335794
15088 14 1 -1188042121
15089 15 1 -1637210991
15094 0 1 -1199407104
15095 1 1 -1327753702
15096 2 1 1522075068
15097 3 1 1954935066
15098 4 1 1572344950
15099 5 1 -2079910888
15100 6 1 -1829256508
15101 7 1 -3443700204
15102 8 1 680636502
15103 9 1 -1166243489
15104 10 1 -3639851
15105 11 1 -3922017398
15106 12 1 -1441739579
15107 13 1 492666910
15108 14 1 -1592545173
15109 15 1 2836840818
15114 0 1 2519302144
15115 1 1 1916284605
15116 2 1 638793102
15117 3 1 -3311122142
15118 4 1 4586435811
15119 5 1 -840939961
15120 6 1 -752585560
15121 7 1 -1899497721
15122 8 1 151668873
15123 9 1 -136934756
15124 10 1 -505192244
15125 11 1 -2806590399
15126 12 1 914274402
15127 13 1 -2465779250
15128 14 1 -1951507776
15129 15 1 615250536
15134 0 1 1474461696
15135 1 1 -1374674679
15136 2 1 68053533
15137 3 1 -293403623
15138 4 1 2232952634
15139 5 1 357077719
15140 6 1 5024045659
15141 7 1 1323612695
15142 8 1 850755230
15143 9 1 917180593
15144 10 1 1244000424
15145 11 1 -1322126216
15146 12 1 -2255897753
15147 13 1 -2366494587
15148 14 1 -4558487402
15149 15 1 -1302064407
15154 0 1 -1095106560
15155 1 1 -1805959128
15156 2 1 3518716875
15157 3 1 -2304066362
15158 4 1 3836822816
15159 5 1 -1895170213
15160 6 1 -1188343889
15161 7 1 750092331
15162 8 1 620742618
15163 9 1 2267441425
15164 10 1 -1794403445
15165 11 1 1075318289
15166 12 1 -269547717
15167 13 1 1550283364
15168 14 1 -3105999963
15169 15 1 -2652837804
15174 0 1 -3976232960
15175 1 1 -3452972769
15176 2 1 163992477
15177 3 1 913898657
15178 4 1 125216217
15179 5 1 -3262199743
15180 6 1 -433265271
15181 7 1 643045891
15182 8 1 -3152919742
15183 9 1 1118486322
15184 10 1 213727127
15185 11 1 2564727019
15186 12 1 -542678003
15187 13 1 656157929
15188 14 1 -1568388620
15189 15 1 -1618348891
15194 0 1 -2123956224
15195 1 1 947626797
15196 2 1 2686852317
15197 3 1 1141335860
15198 4 1 367711585
15199 5 1 -4172273267
15200 6 1 -2547343345
15201 7 1 -1742572529
15202 8 1 68573924
15203 9 1 -1014108218
15204 10 1 -2899285448
15205 11 1 -30466989
15206 12 1 -1213677855
15207 13 1 2772929064
15208 14 1 -1077354628
15209 15 1 2100544693
15214 0 1 -2185330688
15215 1 1 -3570327928
15216 2 1 -373227357
15217 3 1 1292014863
15218 4 1 710716865
15219 5 1 -587374421
15220 6 1 -1177336414
15221 7 1 -470838998
15222 8 1 1607961130
15223 9 1 1558637755
15224 10 1 348578282
15225 11 1 1298508996
15226 12 1 -390036952
15227 13 1 -3550122255
15228 14 1 690899181
15229 15 1 2841316410
15234 0 1 -1131511808
15235 1 1 1144538789
15236 2 1 -567909067
15237 3 1 1173729764
15238 4 1 -2981216118
15239 5 1 -2062340319
15240 6 1 2444783398
15241 7 1 -1031030764
15242 8 1 2518692449
15243 9 1 -2321413184
15244 10 1 -1316691314
15245 11 1 252262400
15246 12 1 -1586249797
15247 13 1 2981202419
15248 14 1 -1432593067
15249 15 1 -387898463
15254 0 1 -6051725312
15255 1 1 -4543594259
15256 2 1 -663736826
15257 3 1 -413405799
15258 4 1 -519537054
15259 5 1 -1114049753
15260 6 1 2612951044
15261 7 1 4583087157
15262 8 1 1448520810
15263 9 1 -2569354857
15264 10 1 252826840
15265 11 1 1948522234
15266 12 1 2159960412
15267 13 1 3183753668
15268 14 1 3539280886
15269 15 1 -1448806870
15274 0 1 -4287135744
15275 1 1 963819915
15276 2 1 -6565056
15277 3 1 2277438504
15278 4 1 -4077716852
15279 5 1 1101700840
15280 6 1 211535209
15281 7 1 -1037575959
15282 8 1 -3987495686
15283 9 1 -1465185691
15284 10 1 1355754235
15285 11 1 1288750737
15286 12 1 -1867830893
15287 13 1 2452659608
15288 14 1 642930095
15289 15 1 -1926437404
15294 0 1 -673120256
15295 1 1 -605007749
15296 2 1 -3438179150
15297 3 1 1692133920
15298 4 1 -783542757
15299 5 1 3371911560
15300 6 1 -2442001606
15301 7 1 -861063653
15302 8 1 -609348657
15303 9 1 -1656363657
15304 10 1 -200975195
15305 11 1 -1269285568
15306 12 1 -1540887396
15307 13 1 755019210
15308 14 1 699865453
15309 15 1 2288121192
15314 0 1 2656698368
15315 1 1 2721444640
15316 2 1 -1077980548
15317 3 1 -1107353418
15318 4 1 -2005179327
15319 5 1 2593634015
15320 6 1 -2630922406
15321 7 1 -598089943
15322 8 1 786128350
15323 9 1 444442220
15324 10 1 2516056858
15325 11 1 -1280334945
15326 12 1 2748327370
15327 13 1 -2982676569
15328 14 1 2283169128
15329 15 1 -307534017
15334 0 1 -197132288
15335 1 1 1262475998
15336 2 1 -46145486
15337 3 1 -1350683281
15338 4 1 -446339216
15339 5 1 158465064
15340 6 1 2794319152
15341 7 1 -687651022
15342 8 1 1530897649
15343 9 1 -131779785
15344 10 1 -1677393360
15345 11 1 -3046009067
15346 12 1 842250133
15347 13 1 -1386881416
15348 14 1 1290975032
15349 15 1 -851139345
15354 0 1 213057536
15355 1 1 1917445153
15356 2 1 102267954
15357 3 1 -610709703
15358 4 1 3471479164
15359 5 1 3675389131
15360 6 1 -1637606892
15361 7 1 -1430341571
15362 8 1 -2368052422
15363 9 1 1556841869
15364 10 1 2810155803
15365 11 1 834918383
15366 12 1 423102775
15367 13 1 -267742141
15368 14 1 -4701173343
15369 15 1 -221043082
15374 0 1 3048144896
15375 1 1 1239696770
15376 2 1 -1948702742
15377 3 1 459444295
15378 4 1 -455712535
15379 5 1 2971715601
15380 6 1 -388009097
15381 7 1 -159610325
15382 8 1 191286724
15383 9 1 620338582
15384 10 1 1836841088
15385 11 1 -1535575886
15386 12 1 -575644613
15387 13 1 -65199263
15388 14 1 -2897081084
15389 15 1 2677576317
15394 0 1 7393280000
15395 1 1 1974794564
15396 2 1 3935716579
15397 3 1 -3547652840
15398 4 1 145639518
15399 5 1 3561229219
15400 6 1 -4215025980
15401 7 1 -1121719821
15402 8 1 522153946
15403 9 1 2416556339
15404 10 1 440943935
15405 11 1 -1871230972
15406 12 1 2789026698
15407 13 1 -121416363
15408 14 1 -927827982
15409 15 1 560120121
15414 0 1 2528641024
15415 1 1 -298418147
15416 2 1 -474783916
15417 3 1 -1198535263
15418 4 1 894682136
15419 5 1 -1764174905
15420 6 1 2903948811
15421 7 1 223319247
15422 8 1 -398996242
15423 9 1 -1065632650
15424 10 1 -470992136
15425 11 1 -1273076830
15426 12 1 947377817
15427 13 1 -850594584
15428 14 1 -839520292
15429 15 1 1449163876
15434 0 1 3864657920
15435 1 1 207738155
15436 2 1 224145737
15437 3 1 1564285822
15438 4 1 2139985749
15439 5 1 5166032675
15440 6 1 -1184952664
15441 7 1 -5108026481
15442 8 1 -281776927
15443 9 1 1461756896
15444 10 1 3034348577
15445 11 1 -322892730
15446 12 1 -2875909231
15447 13 1 -2876247696
15448 14 1 -5853578689
15449 15 1 -186413566
15454 0 1 3204874240
15455 1 1 -4052251300
15456 2 1 3489191514
15457 3 1 -139826754
15458 4 1 -193926268
15459 5 1 85381862
15460 6 1 -1011645912
15461 7 1 701472486
15462 8 1 -301573743
15463 9 1 773582928
15464 10 1 1342889447
15465 11 1 -4611819320
15466 12 1 -1102194926
15467 13 1 2645217107
15468 14 1 -319758921
15469 15 1 -751768132
15474 0 1 4973232128
15475 1 1 -2998515249
15476 2 1 -330308701
15477 3 1 557422288
15478 4 1 -805454780
15479 5 1 414992932
15480 6 1 -773767058
15481 7 1 -2755158636
15482 8 1 632330919
15483 9 1 589527844
15484 10 1 -412595509
15485 11 1 345056900
15486 12 1 -3979114638
15487 13 1 -2101627934
15488 14 1 -3804577557
15489 15 1 -1585298744
15494 0 1 695369728
15495 1 1 -1384473596
15496 2 1 2919988829
15497 3 1 1955776715
15498 4 1 -1808258386
15499 5 1 -4544482913
15500 6 1 1096803973
15501 7 1 600657529
15502 8 1 1794746450
15503 9 1 45021547
15504 10 1 -2040126205
15505 11 1 -620379954
15506 12 1 -885596401
15507 13 1 1451789103
15508 14 1 -3153706832
15509 15 1 -237034593
15514 0 1 -2094891008
15515 1 1 -2202371144
15516 2 1 1665887355
15517 3 1 -580594583
15518 4 1 2474516002
15519 5 1 -4021603588
15520 6 1 1634027016
15521 7 1 1022364585
15522 8 1 -1140984176
15523 9 1 -2190549322
15524 10 1 -1565923130
15525 11 1 644050859
15526 12 1 -618825579
15527 13 1 -558584458
15528 14 1 -251193306
15529 15 1 -1618182034
15536 0 1 -451346432
15537 1 1 1357696208
15538 2 1 -3121449022
15539 3 1 470954448
15540 4 1 -1690239375
15541 5 1 -139301367
15542 6 1 683002374
15543 7 1 -3024161907
15544 8 1 -932377949
15545 9 1 -2781880873
15546 10 1 -2078928354
15547 11 1 -104841044
15548 12 1 -19121328
15549 13 1 -432531995
15550 14 1 1242555593
15551 15 1 -133042154
15556 0 1 -2034466816
15557 1 1 -1733976490
15558 2 1 2147208541
15559 3 1 2920333615
15560 4 1 -1141320752
15561 5 1 -1959944829
15562 6 1 991859009
15563 7 1 267756052
15564 8 1 -1671384557
15565 9 1 553529134
15566 10 1 2419473740
15567 11 1 630860250
15568 12 1 643027923
15569 13 1 1128027523
15570 14 1 1342898595
15571 15 1 -115794572
15576 0 1 -1329790976
15577 1 1 634530261
15578 2 1 -267734532
15579 3 1 225638556
15580 4 1 404571624
15581 5 1 1075210657
15582 6 1 187808810
15583 7 1 -3003890049
15584 8 1 70770068
15585 9 1 -1799414140
15586 10 1 -124392086
15587 11 1 -693060253
15588 12 1 -4231353730
15589 13 1 -1546769363
15590 14 1 -940412792
15591 15 1 494193879
15596 0 1 -346062848
15597 1 1 -676392065
15598 2 1 1055714881
15599 3 1 795577434
15600 4 1 115975284
15601 5 1 -336642095
15602 6 1 -1785272594
15603 7 1 63533295
15604 8 1 4504755677
15605 9 1 1795009593
15606 10 1 525269674
15607 11 1 581680823
15608 12 1 -666921950
15609 13 1 -1571106809
15610 14 1 -2462576740
15611 15 1 4847556964
15616 0 1 -626163712
15617 1 1 1617536271
15618 2 1 2675890216
15619 3 1 -3002075698
15620 4 1 -2022405052
15621 5 1 127850041
15622 6 1 935844705
15623 7 1 -345880303
15624 8 1 3648358254
15625 9 1 -963008899
15626 10 1 -1385933390
15627 11 1 -1438740066
15628 12 1 1371529942
15629 13 1 -161470137
15630 14 1 1160099840
15631 15 1 369894761
15636 0 1 -5409570816
15637 1 1 -1376832787
15638 2 1 676196147
15639 3 1 -1376282611
15640 4 1 1537169292
15641 5 1 -1820753386
15642 6 1 2797942028
15643 7 1 1619667371
15644 8 1 1542817628
15645 9 1 -2359636096
15646 10 1 1078978578
15647 11 1 -1711520350
15648 12 1 2335987212
15649 13 1 1245198359
15650 14 1 2222035607
15651 15 1 -1020053993
15656 0 1 -5910167552
15657 1 1 -807331423
15658 2 1 623318945
15659 3 1 645451989
15660 4 1 -588166672
15661 5 1 1054890911
15662 6 1 1618097006
15663 7 1 -659172857
15664 8 1 -1732254665
15665 9 1 -226595809
15666 10 1 1681900628
15667 11 1 -1856446849
15668 12 1 -2573967383
15669 13 1 -1143055568
15670 14 1 -2447624482
15671 15 1 -1207984905
15676 0 1 -3498770432
15677 1 1 -2297378003
15678 2 1 -299168327
15679 3 1 2916047283
15680 4 1 622207025
15681 5 1 -1300153721
15682 6 1 -1974183530
15683 7 1 -2148704899
15684 8 1 -880242466
15685 9 1 -1339471057
15686 10 1 -561760658
15687 11 1 -390451438
15688 12 1 -434341882
15689 13 1 3470467866
15690 14 1 -1401554002
15691 15 1 -158808504
15696 0 1 -93290496
15697 1 1 -2316777081
15698 2 1 -78272827
15699 3 1 2445642293
15700 4 1 -3724794250
15701 5 1 204543096
15702 6 1 544251476
15703 7 1 -198922305
15704 8 1 -1107127193
15705 9 1 -1370503
15706 10 1 763591816
15707 11 1 1698833415
15708 12 1 -2712549378
15709 13 1 1606873711
15710 14 1 -177007780
15711 15 1 826459734
15716 0 1 -365559808
15717 1 1 2461195468
15718 2 1 63225377
15719 3 1 -2676066221
15720 4 1 -1778823567
15721 5 1 -1023566920
15722 6 1 -760765960
15723 7 1 -111747068
15724 8 1 -1004332712
15725 9 1 -3288433939
15726 10 1 -1255517525
15727 11 1 166722882
15728 12 1 561823384
15729 13 1 -536279775
15730 14 1 2826742323
15731 15 1 1200424192
15736 0 1 -1780449280
15737 1 1 -1071289183
15738 2 1 -4533562469
15739 3 1 2207979449
15740 4 1 -128374755
15741 5 1 -870331829
15742 6 1 992273440
15743 7 1 1151823587
15744 8 1 -804494784
15745 9 1 196491304
15746 10 1 -461838185
15747 11 1 -2481488088
15748 12 1 4013402178
15749 13 1 -2486813205
15750 14 1 2074917282
15751 15 1 542548336
15756 0 1 1093566464
15757 1 1 3006323328
15758 2 1 960326997
15759 3 1 1626749039
15760 4 1 2492758702
15761 5 1 256725599
15762 6 1 -3188802430
15763 7 1 -4296375670
15764 8 1 -1357057919
15765 9 1 933507357
15766 10 1 -173269922
15767 11 1 -2750909554
15768 12 1 544508525
15769 13 1 2339017786
15770 14 1 -1144254647
15771 15 1 -2685859165
15776 0 1 6275727360
15777 1 1 -1176411408
15778 2 1 -682520276
15779 3 1 1512741700
15780 4 1 1774377607
15781 5 1 2890981043
15782 6 1 -2016524300
15783 7 1 -1053932051
15784 8 1 -4419642403
15785 9 1 893077922
15786 10 1 3824317958
15787 11 1 436042028
15788 12 1 202490103
15789 13 1 -826243676
15790 14 1 -4747668746
15791 15 1 1144244327
15796 0 1 8405123072
15797 1 1 1435735307
15798 2 1 1764947847
15799 3 1 -1296618544
15800 4 1 -966163203
15801 5 1 -328754204
15802 6 1 -269404030
15803 7 1 -230714029
15804 8 1 2787775409
15805 9 1 -185958183
15806 10 1 -1581946013
15807 11 1 -178696481
15808 12 1 129195005
15809 13 1 -728259329
15810 14 1 -2054600131
15811 15 1 4224351048
15816 0 1 5824937984
15817 1 1 -58638218
15818 2 1 1218698866
15819 3 1 -1511621272
15820 4 1 -430868699
15821 5 1 4959525417
15822 6 1 -1549059225
15823 7 1 -1948657989
15824 8 1 1444066277
15825 9 1 3199971575
15826 10 1 1391744313
15827 11 1 1389873976
15828 12 1 1875023402
15829 13 1 -5480450728
15830 14 1 301564948
15831 15 1 2022084660
15836 0 1 3940089856
15837 1 1 4441158326
15838 2 1 -1228191245
15839 3 1 -484162794
15840 4 1 -1124797264
15841 5 1 1280010394
15842 6 1 248472782
15843 7 1 -452230290
15844 8 1 1220194487
15845 9 1 -425196710
15846 10 1 600512534
15847 11 1 -4500176690
15848 12 1 2223211041
15849 13 1 2306271880
15850 14 1 6303091
15851 15 1 2127309085
15856 0 1 2165407744
15857 1 1 -198264494
15858 2 1 1263320738
15859 3 1 -3811910380
15860 4 1 1155645572
15861 5 1 2251462555
15862 6 1 3649223469
15863 7 1 3451806838
15864 8 1 -279922722
15865 9 1 -1619141687
15866 10 1 2267276238
15867 11 1 -1908899491
15868 12 1 1097656083
15869 13 1 -329682900
15870 14 1 3775397395
15871 15 1 -2817932693
15876 0 1 3297673216
15877 1 1 1927961744
15878 2 1 -558090423
15879 3 1 -931377243
15880 4 1 2350807988
15881 5 1 570120932
15882 6 1 633866085
15883 7 1 422713726
15884 8 1 -2029731577
15885 9 1 2119860804
15886 10 1 -92696412
15887 11 1 2590657221
15888 12 1 47269317
15889 13 1 -931018346
15890 14 1 407771780
15891 15 1 -1360556334
15896 0 1 -1188528128
15897 1 1 -1676193380
15898 2 1 1034828869
15899 3 1 -658353339
15900 4 1 -2950619920
15901 5 1 1610263323
15902 6 1 495371672
15903 7 1 2677926466
15904 8 1 968217749
15905 9 1 3348568483
15906 10 1 1078129610
15907 11 1 3487354198
15908 12 1 -765722485
15909 13 1 -2835037851
15910 14 1 -697962345
15911 15 1 716721935
15916 0 1 1646559232
15917 1 1 4687612029
15918 2 1 1999955393
15919 3 1 -1879319305
15920 4 1 -605148748
15921 5 1 -1584684177
15922 6 1 -1744706120
15923 7 1 -180420032
15924 8 1 1631011827
15925 9 1 -730014027
15926 10 1 -884785806
15927 11 1 -1028630015
15928 12 1 1431989737
15929 13 1 1061985628
15930 14 1 274244544
15931 15 1 -1657093181
15936 0 1 -58032128
15937 1 1 -3233350498
15938 2 1 -562123350
15939 3 1 1869124144
15940 4 1 3448345297
15941 5 1 -86896566
15942 6 1 5216419037
15943 7 1 2810068802
15944 8 1 1830515108
15945 9 1 -640557507
15946 10 1 1502557272
15947 11 1 -907464472
15948 12 1 -1576690921
15949 13 1 -1464323674
15950 14 1 -1559938096
15951 15 1 -2559221369
15956 0 1 213811200
15957 1 1 -3085249570
15958 2 1 4864376813
15959 3 1 -1130499738
15960 4 1 2082222397
15961 5 1 -1179289311
15962 6 1 716707668
15963 7 1 2566696006
15964 8 1 2403358445
15965 9 1 -314535533
15966 10 1 1405897556
15967 11 1 2277534805
15968 12 1 -1982110946
15969 13 1 1252755083
15970 14 1 -4538049802
15971 15 1 -4801033246
15976 0 1 -2680193024
15977 1 1 -3167692642
15978 2 1 1689163211
15979 3 1 -103688293
15980 4 1 1090875102
15981 5 1 -3129539887
15982 6 1 -701466673
15983 7 1 793834408
15984 8 1 834710904
15985 9 1 -26203412
15986 10 1 -4248580554
15987 11 1 -961333544
15988 12 1 288064253
15989 13 1 1474283287
15990 14 1 5612865
15991 15 1 180581236
15996 0 1 -2622816256
15997 1 1 -876073134
15998 2 1 -260549488
15999 3 1 1683117858
16000 4 1 -707241765
16001 5 1 381263109
16002 6 1 -3673419984
16003 7 1 -1808606120
16004 8 1 -1608790567
16005 9 1 1572185052
16006 10 1 -282138932
16007 11 1 2637863983
16008 12 1 954394249
16009 13 1 -395163869
16010 14 1 -474184972
16011 15 1 1144479583
16018 0 1 1968308224
16019 1 1 115359102
16020 2 1 785019368
16021 3 1 -2363196058
16022 4 1 -1451938084
16023 5 1 3189590882
16024 6 1 -1897655544
16025 7 1 -30976664
16026 8 1 -1000339257
16027 9 1 1847720416
16028 10 1 1050109546
16029 11 1 732787899
16030 12 1 -2304968609
16031 13 1 -1911311033
16032 14 1 887239345
16033 15 1 -145370525
16038 0 1 -627867648
16039 1 1 2098021996
16040 2 1 -2321685772
16041 3 1 536113093
16042 4 1 -1821790995
16043 5 1 -1705999815
16044 6 1 -727161734
16045 7 1 -854506064
16046 8 1 -621891751
16047 9 1 10701690
16048 10 1 -3553221578
16049 11 1 -377187048
16050 12 1 659881765
16051 13 1 -432362945
16052 14 1 923654508
16053 15 1 1328715150
16058 0 1 4265967616
16059 1 1 789063001
16060 2 1 832782171
16061 3 1 3524496117
16062 4 1 -258797193
16063 5 1 3043727329
16064 6 1 -2726577578
16065 7 1 -4178957145
16066 8 1 -78479745
16067 9 1 2067172053
16068 10 1 1764818317
16069 11 1 574803656
16070 12 1 -1256361287
16071 13 1 -866909866
16072 14 1 -4131695494
16073 15 1 1651514989
16078 0 1 2777743360
16079 1 1 -1885550803
16080 2 1 -2064492028
16081 3 1 -358923827
16082 4 1 -1767896223
16083 5 1 -1408666704
16084 6 1 2094972611
16085 7 1 1860157066
16086 8 1 554495320
16087 9 1 -4021315677
16088 10 1 806423888
16089 11 1 276853108
16090 12 1 404839848
16091 13 1 806016434
16092 14 1 917342453
16093 15 1 983989366
16098 0 1 3087368192
16099 1 1 -105768519
16100 2 1 -284837356
16101 3 1 116713772
16102 4 1 -1548389213
16103 5 1 1448373301
16104 6 1 -185717465
16105 7 1 299078870
16106 8 1 747983674
16107 9 1 1603493658
16108 10 1 254006118
16109 11 1 1958898817
16110 12 1 592392035
16111 13 1 -3084170696
16112 14 1 823255892
16113 15 1 1799690841
16118 0 1 -3043262464
16119 1 1 -274142763
16120 2 1 252733809
16121 3 1 278977586
16122 4 1 -2533229357
16123 5 1 -751082438
16124 6 1 -354967870
16125 7 1 1394581877
16126 8 1 2519012744
16127 9 1 49424879
16128 10 1 432050276
16129 11 1 573413427
16130 12 1 1950178947
16131 13 1 -1530963265
16132 14 1 2392609920
16133 15 1 462217966
16138 0 1 -4975460352
16139 1 1 -1547245828
16140 2 1 1219811374
16141 3 1 809385095
16142 4 1 -1453153035
16143 5 1 -2183741531
16144 6 1 3634089596
16145 7 1 1017326203
16146 8 1 1144173476
16147 9 1 -981704023
16148 10 1 380658717
16149 11 1 -759064369
16150 12 1 -1024223512
16151 13 1 716289412
16152 14 1 534048998
16153 15 1 -2610298257
16158 0 1 -5342855168
16159 1 1 -1907733
16160 2 1 889209758
16161 3 1 197324580
16162 4 1 3329144711
16163 5 1 -2054933038
16164 6 1 585343534
16165 7 1 366302136
16166 8 1 1136573210
16167 9 1 -4258476997
16168 10 1 310474775
16169 11 1 -2713416280
16170 12 1 -436046467
16171 13 1 3784849439
16172 14 1 2169573865
16173 15 1 -3561411048
16178 0 1 -2677800960
16179 1 1 -2538067071
16180 2 1 786984061
16181 3 1 79756565
16182 4 1 2212765699
16183 5 1 -845563243
16184 6 1 1037342600
16185 7 1 2446924119
16186 8 1 -2738017682
16187 9 1 678628457
16188 10 1 -1589147438
16189 11 1 -850066175
16190 12 1 1103345260
16191 13 1 2071115323
16192 14 1 581672895
16193 15 1 -1676052861
16198 0 1 699891712
16199 1 1 -182557210
16200 2 1 -1592700965
16201 3 1 1148477026
16202 4 1 -547393503
16203 5 1 579332547
16204 6 1 -3001154124
16205 7 1 -1610345816
16206 8 1 -1850797234
16207 9 1 1798137502
16208 10 1 825573182
16209 11 1 4529624360
16210 12 1 -2158748700
16211 13 1 -1681899321
16212 14 1 -2730930921
16213 15 1 746732221
16218 0 1 496402432
16219 1 1 2857570724
16220 2 1 -265484219
16221 3 1 659287529
16222 4 1 -2621664243
16223 5 1 170235978
16224 6 1 -311754625
16225 7 1 -2119734799
16226 8 1 1318151125
16227 9 1 -1386150792
16228 10 1 -75655054
16229 11 1 1049425078
16230 12 1 732102215
16231 13 1 -1975321461
16232 14 1 -1293874927
16233 15 1 1611947696
16238 0 1 3942219776
16239 1 1 -293218772
16240 2 1 749308421
16241 3 1 -324425752
16242 4 1 754315825
16243 5 1 3974151753
16244 6 1 -2622764267
16245 7 1 277195302
16246 8 1 970806770
16247 9 1 2276606187
16248 10 1 457450177
16249 11 1 -5020853555
16250 12 1 2317247005
16251 13 1 838934480
16252 14 1 2731472306
16253 15 1 2216382960
16258 0 1 6090260480
16259 1 1 3808050369
16260 2 1 -1622258436
16261 3 1 -2427821120
16262 4 1 1160620525
16263 5 1 1790041214
16264 6 1 1592608607
16265 7 1 -51762106
16266 8 1 -2452374076
16267 9 1 -1410024746
16268 10 1 2076324819
16269 11 1 -1222011578
16270 12 1 -1450371687
16271 13 1 -753042572
16272 14 1 -957406888
16273 15 1 -2259518229
16278 0 1 7031357440
16279 1 1 -2302055571
16280 2 1 -889746866
16281 3 1 -573790550
16282 4 1 1636663980
16283 5 1 2146013245
16284 6 1 2042266685
16285 7 1 2301407293
16286 8 1 2010098596
16287 9 1 1101586711
16288 10 1 1624459353
16289 11 1 2873311452
16290 12 1 -949896320
16291 13 1 -4430952067
16292 14 1 -1093381986
16293 15 1 -1444923188
16298 0 1 6096289792
16299 1 1 164123015
16300 2 1 2674129764
16301 3 1 880408362
16302 4 1 -1725097809
16303 5 1 482216061
16304 6 1 -1980664200
16305 7 1 604389472
16306 8 1 534950880
16307 9 1 5019067344
16308 10 1 -1716460362
16309 11 1 2631019134
16310 12 1 42146435
16311 13 1 -188857288
16312 14 1 -2651665955
16313 15 1 640047452
16318 0 1 2892267520
16319 1 1 2246846422
16320 2 1 699400422
16321 3 1 -2684323797
16322 4 1 1587158666
16323 5 1 523340712
16324 6 1 927921241
16325 7 1 901528636
16326 8 1 3089400379
16327 9 1 -3145366776
16328 10 1 -156693327
16329 11 1 -154049027
16330 12 1 -874837846
16331 13 1 -4689436
16332 14 1 4223869229
16333 15 1 -1887189244
16338 0 1 2330165248
16339 1 1 798968811
16340 2 1 -734963535
16341 3 1 -295856807
16342 4 1 2558112000
16343 5 1 2366194829
16344 6 1 1698471133
16345 7 1 1379499071
16346 8 1 2459088525
16347 9 1 3539443761
16348 10 1 -1462749501
16349 11 1 -689738006
16350 12 1 29948319
16351 13 1 -2665509008
16352 14 1 1380700768
16353 15 1 903210691
16358 0 1 -851968000
16359 1 1 901989073
16360 2 1 1561812861
16361 3 1 -2294919970
16362 4 1 2172186026
16363 5 1 -722873786
16364 6 1 -648414902
16365 7 1 -18913339
16366 8 1 1343855101
16367 9 1 1223555969
16368 10 1 159183673
16369 11 1 362553642
16370 12 1 -1496630920
16371 13 1 379561578
16372 14 1 -552782124
16373 15 1 -2484632239
16378 0 1 989724672
16379 1 1 -1338752104
16380 2 1 -2302994741
16381 3 1 93432264
16382 4 1 1317976457
16383 5 1 -1745370732
16384 6 1 656217993
16385 7 1 67890629
16386 8 1 -716561796
16387 9 1 -1144759663
16388 10 1 -849672718
16389 11 1 1940423542
16390 12 1 -1183424353
16391 13 1 -87412244
16392 14 1 -2948896893
16393 15 1 -733302235
16398 0 1 735477760
16399 1 1 -253614794
16400 2 1 -736043515
16401 3 1 1238146232
16402 4 1 731515409
16403 5 1 -2495102205
16404 6 1 -1004704601
16405 7 1 2932293459
16406 8 1 1688886259
16407 9 1 914908370
16408 10 1 -1772297835
16409 11 1 934730940
16410 12 1 2902584163
16411 13 1 2079660388
16412 14 1 -998504537
16413 15 1 2147064300
16418 0 1 -277315584
16419 1 1 89910270
16420 2 1 -1601718677
16421 3 1 -2462019321
16422 4 1 1310426459
16423 5 1 513857610
16424 6 1 -1214892061
16425 7 1 1719661138
16426 8 1 279676663
16427 9 1 1216252250
16428 10 1 1036944981
16429 11 1 976597371
16430 12 1 2655413794
16431 13 1 -2757619092
16432 14 1 2454061364
16433 15 1 -3862555480
16438 0 1 -1603960832
16439 1 1 2312720500
16440 2 1 1510171607
16441 3 1 1334328188
16442 4 1 656505795
16443 5 1 -3752537810
16444 6 1 -1577211457
16445 7 1 155123502
16446 8 1 -623018045
16447 9 1 691102075
16448 10 1 -2585726451
16449 11 1 -789090987
16450 12 1 3551523239
16451 13 1 3348742848
16452 14 1 -2410200600
16453 15 1 2035805497
16458 0 1 -1166802944
16459 1 1 -2962150351
16460 2 1 1745659560
16461 3 1 552547904
16462 4 1 1603784432
16463 5 1 364047605
16464 6 1 -2046731628
16465 7 1 -1503374510
16466 8 1 -2785678097
16467 9 1 483920368
16468 10 1 701945145
16469 11 1 -154797080
16470 12 1 1759996577
16471 13 1 987620810
16472 14 1 -408055319
16473 15 1 1397800002
16478 0 1 1305804800
16479 1 1 -2187660792
16480 2 1 -2108953670
16481 3 1 1248008487
16482 4 1 -3905514368
16483 5 1 -645750293
16484 6 1 1628015506
16485 7 1 372488588
16486 8 1 -3315003703
16487 9 1 -1892405400
16488 10 1 2631112960
16489 11 1 1212086090
16490 12 1 -1468898000
16491 13 1 466490973
16492 14 1 423672655
16493 15 1 -363423132
16500 0 1 4926210048
16501 1 1 3381620296
16502 2 1 -3122168459
16503 3 1 1111489048
16504 4 1 1442029516
16505 5 1 823430202
16506 6 1 646235347
16507 7 1 -3834093231
16508 8 1 -252607043
16509 9 1 -1201659641
16510 10 1 -863911375
16511 11 1 293549904
16512 12 1 -1111266495
16513 13 1 258883949
16514 14 1 -1965268620
16515 15 1 1014532333
16520 0 1 -278528000
16521 1 1 -4282917694
16522 2 1 -1571140849
16523 3 1 -167620654
16524 4 1 -1592754203
16525 5 1 703444760
16526 6 1 2839642678
16527 7 1 2728641688
16528 8 1 -1569126357
16529 9 1 651158494
16530 10 1 4522481004
16531 11 1 2375732737
16532 12 1 -300566083
16533 13 1 -3465170048
16534 14 1 -1201208324
16535 15 1 -309127189
16540 0 1 2779086848
16541 1 1 1838816138
16542 2 1 1721893093
16543 3 1 -935673661
16544 4 1 -1484217037
16545 5 1 -958316843
16546 6 1 -961575747
16547 7 1 -327728072
16548 8 1 -708674892
16549 9 1 -43017714
16550 10 1 -1765104621
16551 11 1 -1044488629
16552 12 1 -2132474589
16553 13 1 1461891473
16554 14 1 -906366076
16555 15 1 -2078729738
16560 0 1 1375961088
16561 1 1 -936450764
16562 2 1 -1755217092
16563 3 1 396401799
16564 4 1 2750948954
16565 5 1 869086431
16566 6 1 23311025
16567 7 1 2328404466
16568 8 1 1989444200
16569 9 1 -686026214
16570 10 1 -416734793
16571 11 1 1084339473
16572 12 1 1623000874
16573 13 1 -1040883005
16574 14 1 -1675287937
16575 15 1 38975084
16580 0 1 5155389440
16581 1 1 1104399281
16582 2 1 -751516891
16583 3 1 720194440
16584 4 1 -1187675970
16585 5 1 2549466304
16586 6 1 -823531866
16587 7 1 1497836886
16588 8 1 359434514
16589 9 1 2987050730
16590 10 1 77983111
16591 11 1 1376762243
16592 12 1 1640663862
16593 13 1 271574420
16594 14 1 -846041196
16595 15 1 -622493925
16600 0 1 2209120256
16601 1 1 -897655185
16602 2 1 15441073
16603 3 1 444568105
16604 4 1 -4500056755
16605 5 1 76651477
16606 6 1 148550892
16607 7 1 1969041268
16608 8 1 -3029578280
16609 9 1 130031623
16610 10 1 -203699621
16611 11 1 4661499306
16612 12 1 633446661
16613 13 1 1568823756
16614 14 1 241513391
16615 15 1 1923726339
16620 0 1 -901447680
16621 1 1 1470412679
16622 2 1 -1169630581
16623 3 1 -935197426
16624 4 1 -3247926971
16625 5 1 -786154737
16626 6 1 1869084630
16627 7 1 1132062904
16628 8 1 -520995539
16629 9 1 -2044388618
16630 10 1 -1874546922
16631 11 1 1021823441
16632 12 1 813307626
16633 13 1 -335129145
16634 14 1 4063073224
16635 15 1 1166862285
16640 0 1 -2581921792
16641 1 1 2319252075
16642 2 1 -2226280317
16643 3 1 2754365312
16644 4 1 1771226204
16645 5 1 314426409
16646 6 1 -2207335367
16647 7 1 -2726367626
16648 8 1 238039651
16649 9 1 -1138277590
16650 10 1 584400648
16651 11 1 -2483284258
16652 12 1 1665743568
16653 13 1 -1289795075
16654 14 1 3429960516
16655 15 1 552143646
16660 0 1 -2614493184
16661 1 1 -1346843520
16662 2 1 -847365324
16663 3 1 385498300
16664 4 1 4126578191
16665 5 1 -1539715321
16666 6 1 -451254378
16667 7 1 -2779039361
16668 8 1 -490806231
16669 9 1 -340913315
16670 10 1 1284023494
16671 11 1 -2422533159
16672 12 1 803588592
16673 13 1 -822133166
16674 14 1 -767606110
16675 15 1 -1130401161
16680 0 1 1141538816
16681 1 1 -3700284592
16682 2 1 1123581622
16683 3 1 -94703770
16684 4 1 -1245850900
16685 5 1 133600066
16686 6 1 2241601249
16687 7 1 2585691929
16688 8 1 -209201794
16689 9 1 269805166
16690 10 1 2982618590
16691 11 1 -340768433
16692 12 1 -3449750576
16693 13 1 -514749339
16694 14 1 -5306954760
16695 15 1 -1336023904
16700 0 1 3012067328
16701 1 1 338856033
16702 2 1 2706935917
16703 3 1 719128748
16704 4 1 160640352
16705 5 1 -2245034100
16706 6 1 -5184714914
16707 7 1 -3299477252
16708 8 1 1837796346
16709 9 1 267349297
16710 10 1 -3747498842
16711 11 1 -265119575
16712 12 1 324771640
16713 13 1 373234680
16714 14 1 -2092243156
16715 15 1 2608584015
16720 0 1 4842160128
16721 1 1 390452547
16722 2 1 -1193387149
16723 3 1 655098774
16724 4 1 3411462004
16725 5 1 1547768037
16726 6 1 1832486434
16727 7 1 453272540
16728 8 1 42149757
16729 9 1 -17096410
16730 10 1 1888188900
16731 11 1 27228432
16732 12 1 1144821227
16733 13 1 -1573420976
16734 14 1 1558244507
16735 15 1 -2555066162
16740 0 1 4033413120
16741 1 1 451528370
16742 2 1 -1006345313
16743 3 1 -1280355315
16744 4 1 2572179167
16745 5 1 3342811516
16746 6 1 2406152464
16747 7 1 1989435342
16748 8 1 4384446706
16749 9 1 727250308
16750 10 1 2424233971
16751 11 1 43258638
16752 12 1 -2757626384
16753 13 1 -2645915375
16754 14 1 -2617646499
16755 15 1 -1036668137
16760 0 1 4027875328
16761 1 1 -1260253343
16762 2 1 3995957192
16763 3 1 -1946098882
16764 4 1 139354025
16765 5 1 66046736
16766 6 1 -2222533321
16767 7 1 2532585625
16768 8 1 1536461650
16769 9 1 4538116336
16770 10 1 -1135281646
16771 11 1 924430866
16772 12 1 -342639623
16773 13 1 -828139000
16774 14 1 -4803512863
16775 15 1 -197487370
16780 0 1 3947003904
16781 1 1 -703249804
16782 2 1 -6767640
16783 3 1 -452726661
16784 4 1 2390734196
16785 5 1 -2858558611
16786 6 1 629669826
16787 7 1 -434594652
16788 8 1 -323240969
16789 9 1 -2715333557
16790 10 1 -2311617274
16791 11 1 1040630623
16792 12 1 -507764094
16793 13 1 2207732790
16794 14 1 -1713347266
16795 15 1 -1824511306
16800 0 1 2018672640
16801 1 1 -4888800700
16802 2 1 836103866
16803 3 1 3365650401
16804 4 1 695741174
16805 5 1 197026885
16806 6 1 -1075896139
16807 7 1 1771504711
16808 8 1 2074758439
16809 9 1 3264706180
16810 10 1 581378527
16811 11 1 1151431464
16812 12 1 -407783510
16813 13 1 -1377892735
16814 14 1 1419220260
16815 15 1 505153958
16820 0 1 -1350172672
16821 1 1 100526671
16822 2 1 264784280
16823 3 1 361316139
16824 4 1 -864399993
16825 5 1 -2060054514
16826 6 1 -3495500228
16827 7 1 -4981647325
16828 8 1 1128196018
16829 9 1 -111162586
16830 10 1 -2604090718
16831 11 1 1744085978
16832 12 1 -598150090
16833 13 1 402578603
16834 14 1 302787424
16835 15 1 -827780220
16840 0 1 -4799299584
16841 1 1 -987638974
16842 2 1 -593705230
16843 3 1 1248216350
16844 4 1 -697295168
16845 5 1 -1940157227
16846 6 1 1579486879
16847 7 1 1010385766
16848 8 1 3452897263
16849 9 1 -2386516840
16850 10 1 703787138
16851 11 1 -1079150918
16852 12 1 1181728784
16853 13 1 1816193153
16854 14 1 945080379
16855 15 1 1973438611
16860 0 1 -1415217152
16861 1 1 -208715650
16862 2 1 -169702374
16863 3 1 -527859371
16864 4 1 -1364509999
16865 5 1 1990780834
16866 6 1 -19686517
16867 7 1 545136838
16868 8 1 -514796384
16869 9 1 39634335
16870 10 1 2918057726
16871 11 1 -1061254572
16872 12 1 -1491677622
16873 13 1 -2640212233
16874 14 1 -3971040724
16875 15 1 319792668
16880 0 1 -1131020288
16881 1 1 -1384639475
16882 2 1 1684697737
16883 3 1 1080932972
16884 4 1 -637849066
16885 5 1 -2350252174
16886 6 1 -92268830
16887 7 1 -995084077
16888 8 1 1693933204
16889 9 1 -3619230132
16890 10 1 -2156769031
16891 11 1 -2825074934
16892 12 1 596927393
16893 13 1 2988731603
16894 14 1 1153445616
16895 15 1 473405625
16900 0 1 -299368448
16901 1 1 -854610665
16902 2 1 -1406680349
16903 3 1 -256801323
16904 4 1 1499271939
16905 5 1 910052501
16906 6 1 -1413713952
16907 7 1 527375962
16908 8 1 328373800
16909 9 1 440771673
16910 10 1 785046490
16911 11 1 1423898350
16912 12 1 3854404688
16913 13 1 -1843875768
16914 14 1 1683351021
16915 15 1 490620181
16920 0 1 -1535574016
16921 1 1 3915237661
16922 2 1 -4361577656
16923 3 1 295267695
16924 4 1 -1180113068
16925 5 1 2377073680
16926 6 1 388498008
16927 7 1 -1350309387
16928 8 1 -1997561019
16929 9 1 -1413608543
16930 10 1 2052052243
16931 11 1 -1105528947
16932 12 1 3258172154
16933 13 1 -600652550
16934 14 1 2288177305
16935 15 1 -640892271
16940 0 1 2690482176
16941 1 1 1555094816
16942 2 1 -393862871
16943 3 1 -134935129
16944 4 1 67027772
16945 5 1 4938131483
16946 6 1 -685519136
16947 7 1 776062550
16948 8 1 -2349038068
16949 9 1 1598687237
16950 10 1 2766026080
16951 11 1 -1488267291
16952 12 1 1147246521
16953 13 1 1549923438
16954 14 1 275065486
16955 15 1 227907731
16960 0 1 6690570240
16961 1 1 1123320073
16962 2 1 -25455711
16963 3 1 -1811423834
16964 4 1 -3158687440
16965 5 1 5163420249
16966 6 1 2241759921
16967 7 1 1833409626
16968 8 1 -2128014731
16969 9 1 493508691
16970 10 1 1991241757
16971 11 1 601469629
16972 12 1 -3649845631
16973 13 1 -1513259937
16974 14 1 -3435101605
16975 15 1 -232588862
16982 0 1 2419490816
16983 1 1 1050039
16984 2 1 2043274892
16985 3 1 680945874
16986 4 1 -3216098889
16987 5 1 -395106510
16988 6 1 -3767967366
16989 7 1 -2149961873
16990 8 1 2987249708
16991 9 1 1766861552
16992 10 1 -674809188
16993 11 1 -1895387289
16994 12 1 -652136635
16995 13 1 -50879174
16996 14 1 -785762361
16997 15 1 2250831448
17002 0 1 2444394496
17003 1 1 1698712118
17004 2 1 817220053
17005 3 1 -1120658416
17006 4 1 -2520439267
17007 5 1 -218060968
17008 6 1 2658334385
17009 7 1 -902901631
17010 8 1 2433783089
17011 9 1 -658087234
17012 10 1 -3038811449
17013 11 1 -3477299686
17014 12 1 -3255925080
17015 13 1 -1590652096
17016 14 1 -1152782037
17017 15 1 2306465263
17022 0 1 3667689472
17023 1 1 273975089
17024 2 1 -771234467
17025 3 1 2312539565
17026 4 1 2304617698
17027 5 1 1166611202
17028 6 1 -456264144
17029 7 1 -2255256377
17030 8 1 -1061995182
17031 9 1 753159157
17032 10 1 -115984077
17033 11 1 714266929
17034 12 1 -674799978
17035 13 1 34422718
17036 14 1 -2102024405
17037 15 1 125198514
17042 0 1 2669445120
17043 1 1 636114020
17044 2 1 -2112123024
17045 3 1 -663309586
17046 4 1 2854522657
17047 5 1 -2711654086
17048 6 1 -1325240542
17049 7 1 95820589
17050 8 1 188811636
17051 9 1 -3221089421
17052 10 1 1549101969
17053 11 1 1066821341
17054 12 1 3351297607
17055 13 1 338940748
17056 14 1 1704868189
17057 15 1 -731656397
17062 0 1 3987275776
17063 1 1 994736127
17064 2 1 -800885630
17065 3 1 -2160895354
17066 4 1 1358413343
17067 5 1 1421194111
17068 6 1 1951133384
17069 7 1 3057824785
17070 8 1 -1717058888
17071 9 1 2402341296
17072 10 1 -966370817
17073 11 1 -1996484553
17074 12 1 3420400072
17075 13 1 -2016974529
17076 14 1 -508688235
17077 15 1 706692705
17082 0 1 1860698112
17083 1 1 -1310212119
17084 2 1 -842868634
17085 3 1 -1273941585
17086 4 1 1118228790
17087 5 1 1926981730
17088 6 1 1741243084
17089 7 1 1826416035
17090 8 1 -3862303740
17091 9 1 -360542037
17092 10 1 677517455
17093 11 1 976051420
17094 12 1 -116702548
17095 13 1 1976100554
17096 14 1 842139868
17097 15 1 -4963594002
17102 0 1 -324370432
17103 1 1 -2491975592
17104 2 1 -1629553951
17105 3 1 2369610851
17106 4 1 -3503378395
17107 5 1 1377389384
17108 6 1 -1902138671
17109 7 1 -118033215
17110 8 1 -2488284143
17111 9 1 2935620400
17112 10 1 -579163689
17113 11 1 4064201286
17114 12 1 430705807
17115 13 1 473559986
17116 14 1 2323780948
17117 15 1 -1031236640
17122 0 1 -1831010304
17123 1 1 3967239905
17124 2 1 291046429
17125 3 1 1815742732
17126 4 1 -5547714032
17127 5 1 -141730462
17128 6 1 -3301857241
17129 7 1 -3385981827
17130 8 1 -2494719053
17131 9 1 1001615545
17132 10 1 -1111870506
17133 11 1 1964421399
17134 12 1 -584263951
17135 13 1 1303772820
17136 14 1 1936533739
17137 15 1 2214610890
17142 0 1 -3679780864
17143 1 1 1711222133
17144 2 1 -1735368755
17145 3 1 310559310
17146 4 1 -2818618725
17147 5 1 -192958022
17148 6 1 1185905866
17149 7 1 317712016
17150 8 1 1068042342
17151 9 1 -1333616482
17152 10 1 169750129
17153 11 1 -1552533711
17154 12 1 330085152
17155 13 1 -945465730
17156 14 1 3405417925
17157 15 1 4781028277
17162 0 1 77135872
17163 1 1 2020782205
17164 2 1 -654566522
17165 3 1 -1413522405
17166 4 1 -1143714307
17167 5 1 -1067287301
17168 6 1 4864065989
17169 7 1 1820355639
17170 8 1 -640259194
17171 9 1 -2467211323
17172 10 1 410601820
17173 11 1 1023290960
17174 12 1 -2802736253
17175 13 1 -340221419
17176 14 1 -2221742233
17177 15 1 -838323644
17182 0 1 2275835904
17183 1 1 -1975464243
17184 2 1 -181502665
17185 3 1 1470204995
17186 4 1 2305604062
17187 5 1 -1015809753
17188 6 1 339613254
17189 7 1 1842987163
17190 8 1 -163357638
17191 9 1 -2313770827
17192 10 1 1038504362
17193 11 1 2236040892
17194 12 1 -166664893
17195 13 1 -660784833
17196 14 1 -2265210167
17197 15 1 759714082
17202 0 1 4088070144
17203 1 1 -1791575570
17204 2 1 -843389892
17205 3 1 2838119072
17206 4 1 998241546
17207 5 1 196566771
17208 6 1 -2803227983
17209 7 1 -151841271
17210 8 1 3778288653
17211 9 1 3299864868
17212 10 1 -1737019093
17213 11 1 -1426542843
17214 12 1 1879864869
17215 13 1 -984442248
17216 14 1 42720365
17217 15 1 913560535
17222 0 1 949911552
17223 1 1 96470279
17224 2 1 4234597266
17225 3 1 -1351637720
17226 4 1 -1502633955
17227 5 1 -1384362525
17228 6 1 -1626601016
17229 7 1 330415068
17230 8 1 2044785478
17231 9 1 938134331
17232 10 1 -1246983061
17233 11 1 -478648871
17234 12 1 1142089212
17235 13 1 2322677018
17236 14 1 2421532051
17237 15 1 -930426236
17242 0 1 957546496
17243 1 1 376914962
17244 2 1 -3023888120
17245 3 1 815912572
17246 4 1 -473771599
17247 5 1 -1917922979
17248 6 1 2165841681
17249 7 1 -986104808
17250 8 1 -4254677170
17251 9 1 -1829032742
17252 10 1 -1717008992
17253 11 1 2647493298
17254 12 1 -565812703
17255 13 1 788171719
17256 14 1 -1927106320
17257 15 1 2657925625
17262 0 1 3083796480
17263 1 1 429972182
17264 2 1 -2792590653
17265 3 1 2518944400
17266 4 1 -1246604292
17267 5 1 2702888682
17268 6 1 -2721202338
17269 7 1 37068364
17270 8 1 436102827
17271 9 1 -727622267
17272 10 1 2143002647
17273 11 1 50638354
17274 12 1 2529938439
17275 13 1 -337486592
17276 14 1 1107481305
17277 15 1 2147238481
17282 0 1 2975072256
17283 1 1 -1764795162
17284 2 1 -1017682192
17285 3 1 1811358332
17286 4 1 -3119979659
17287 5 1 -470427135
17288 6 1 2549362726
17289 7 1 90584583
17290 8 1 -1024365277
17291 9 1 -1650194365
17292 10 1 386046245
17293 11 1 812332936
17294 12 1 1080748303
17295 13 1 -9502872
17296 14 1 -185262696
17297 15 1 -2127548272
17302 0 1 148209664
17303 1 1 -2720606225
17304 2 1 553927587
17305 3 1 1483842884
17306 4 1 -153825014
17307 5 1 1232335557
17308 6 1 -202912545
17309 7 1 -362392816
17310 8 1 1349572050
17311 9 1 -1158471693
17312 10 1 3441065423
17313 11 1 -209824988
17314 12 1 -1614201508
17315 13 1 -1792814447
17316 14 1 -859938587
17317 15 1 -1014753616
17322 0 1 -3323756544
17323 1 1 -2125040264
17324 2 1 43849957
17325 3 1 1695650462
17326 4 1 -2588105535
17327 5 1 -1800737323
17328 6 1 -1347423022
17329 7 1 760888087
17330 8 1 1177762429
17331 9 1 781544249
17332 10 1 -1537688694
17333 11 1 -1713789824
17334 12 1 1386267890
17335 13 1 -170510929
17336 14 1 377265978
17337 15 1 1220995103
17342 0 1 1675198464
17343 1 1 2212742938
17344 2 1 709147752
17345 3 1 609800965
17346 4 1 -1003339988
17347 5 1 -784911299
17348 6 1 -442671436
17349 7 1 -690032792
17350 8 1 -362653632
17351 9 1 -822124644
17352 10 1 -700426767
17353 11 1 1416552424
17354 12 1 -1109319277
17355 13 1 1811086828
17356 14 1 -2627513400
17357 15 1 1022471884
17362 0 1 3220668416
17363 1 1 -197834110
17364 2 1 -600932064
17365 3 1 1035964589
17366 4 1 -182686828
17367 5 1 2121613744
17368 6 1 -443667561
17369 7 1 757474555
17370 8 1 -1060164492
17371 9 1 -1580720306
17372 10 1 1435186139
17373 11 1 668891326
17374 12 1 2646447519
17375 13 1 -867371905
17376 14 1 2835898341
17377 15 1 1507484281
17382 0 1 3022553088
17383 1 1 -948084440
17384 2 1 -1842335308
17385 3 1 2341001442
17386 4 1 -2513723975
17387 5 1 -439356914
17388 6 1 1458509119
17389 7 1 688989323
17390 8 1 1069973223
17391 9 1 -573326900
17392 10 1 71198912
17393 11 1 671530632
17394 12 1 1702573925
17395 13 1 930641975
17396 14 1 2168799930
17397 15 1 1185633114
17402 0 1 2682388480
17403 1 1 6365230825
17404 2 1 319421184
17405 3 1 -3182632509
17406 4 1 757295322
17407 5 1 3289526396
17408 6 1 -1437743175
17409 7 1 -669024248
17410 8 1 2108665949
17411 9 1 792801016
17412 10 1 -870034865
17413 11 1 -3482410999
17414 12 1 649601124
17415 13 1 -406634544
17416 14 1 3495900697
17417 15 1 1718683031
17422 0 1 3687612416
17423 1 1 1733767417
17424 2 1 -518072483
17425 3 1 -2353764648
17426 4 1 1269911204
17427 5 1 1650519890
17428 6 1 1500047692
17429 7 1 2642865793
17430 8 1 -4739403940
17431 9 1 2058422409
17432 10 1 1356496889
17433 11 1 -55093406
17434 12 1 1262535451
17435 13 1 -1737666519
17436 14 1 2080532532
17437 15 1 153519852
17442 0 1 7663157248
17443 1 1 -379410869
17444 2 1 -2089013581
17445 3 1 683469478
17446 4 1 -13975203
17447 5 1 1063342563
17448 6 1 1122527480
17449 7 1 -1406210654
17450 8 1 -1239974877
17451 9 1 -103309222
17452 10 1 -592979013
17453 11 1 2992273662
17454 12 1 -1704968975
17455 13 1 -68340711
17456 14 1 -3038662089
17457 15 1 -1778228531
17464 0 1 2714566656
17465 1 1 -868407893
17466 2 1 366401715
17467 3 1 615414292
17468 4 1 2660781530
17469 5 1 -2460055289
17470 6 1 881511629
17471 7 1 950669752
17472 8 1 2304691595
17473 9 1 -1650301330
17474 10 1 -1340287379
17475 11 1 -248035169
17476 12 1 -185243015
17477 13 1 1665037855
17478 14 1 -5724216332
17479 15 1 2281243809
17484 0 1 3488153600
17485 1 1 -4364755814
17486 2 1 1884718940
17487 3 1 -1671208285
17488 4 1 -98339580
17489 5 1 3704471045
17490 6 1 -472419149
17491 7 1 2739752346
17492 8 1 799255302
17493 9 1 3040565293
17494 10 1 494343265
17495 11 1 3100028129
17496 12 1 886640738
17497 13 1 525328281
17498 14 1 -1820171386
17499 15 1 368113729
17504 0 1 3141173248
17505 1 1 4225312914
17506 2 1 278328981
17507 3 1 -2968956573
17508 4 1 -2964910830
17509 5 1 2999048079
17510 6 1 -2172728130
17511 7 1 -472928858
17512 8 1 -1591693328
17513 9 1 -350321780
17514 10 1 62516982
17515 11 1 -828825048
17516 12 1 594240712
17517 13 1 1877766307
17518 14 1 1235509638
17519 15 1 -336719027
17524 0 1 810745856
17525 1 1 1428841560
17526 2 1 -2264180862
17527 3 1 220005881
17528 4 1 -678899637
17529 5 1 1964354657
17530 6 1 304916735
17531 7 1 1761871296
17532 8 1 1345513222
17533 9 1 224122634
17534 10 1 1002292753
17535 11 1 -1674767028
17536 12 1 1702286245
17537 13 1 -2692001786
17538 14 1 1273415571
17539 15 1 2846428541
17544 0 1 1981251584
17545 1 1 3608344131
17546 2 1 -91853238
17547 3 1 -2663322667
17548 4 1 2499772501
17549 5 1 1827319733
17550 6 1 -85184886
17551 7 1 -2290941063
17552 8 1 885290362
17553 9 1 2077813305
17554 10 1 182047940
17555 11 1 118818950
17556 12 1 -511327199
17557 13 1 -2631725060
17558 14 1 -704010644
17559 15 1 -1195498924
17564 0 1 -673447936
17565 1 1 1144240917
17566 2 1 1126603235
17567 3 1 -3665109925
17568 4 1 3656669130
17569 5 1 1232832310
17570 6 1 2227004313
17571 7 1 3792331292
17572 8 1 489977941
17573 9 1 511548557
17574 10 1 2149422745
17575 11 1 -1429223727
17576 12 1 1998148270
17577 13 1 656036299
17578 14 1 -463803804
17579 15 1 -2273699617
17584 0 1 1279426560
17585 1 1 -1833677541
17586 2 1 2970189632
17587 3 1 -2586555709
17588 4 1 2892489756
17589 5 1 497361222
17590 6 1 -338060947
17591 7 1 92109634
17592 8 1 -1451942198
17593 9 1 285373880
17594 10 1 879819552
17595 11 1 -889099207
17596 12 1 -1105524568
17597 13 1 -154359208
17598 14 1 -3628740984
17599 15 1 -3872692810
17604 0 1 733085696
17605 1 1 -2716899999
17606 2 1 -240900481
17607 3 1 805079162
17608 4 1 2539893213
17609 5 1 -497411925
17610 6 1 -137453617
17611 7 1 -396276283
17612 8 1 -616945291
17613 9 1 225437469
17614 10 1 -730455067
17615 11 1 -670996799
17616 12 1 -193180737
17617 13 1 517183948
17618 14 1 -3343807465
17619 15 1 -1364662705
17624 0 1 -831684608
17625 1 1 -767136071
17626 2 1 579645225
17627 3 1 -242228273
17628 4 1 448539308
17629 5 1 2102397109
17630 6 1 328007146
17631 7 1 -868473818
17632 8 1 984448917
17633 9 1 225896169
17634 10 1 602657422
17635 11 1 581374291
17636 12 1 -1909181127
17637 13 1 -100072826
17638 14 1 1106489342
17639 15 1 -3207734153
17644 0 1 483459072
17645 1 1 567607432
17646 2 1 -2719083515
17647 3 1 -1197579464
17648 4 1 -2088832405
17649 5 1 3455514600
17650 6 1 -2652162833
17651 7 1 754007070
17652 8 1 -2838431001
17653 9 1 3986467710
17654 10 1 228096276
17655 11 1 2419489554
17656 12 1 -123674584
17657 13 1 -2036559742
17658 14 1 -2389997490
17659 15 1 1644512793
17664 0 1 3759505408
17665 1 1 3530429282
17666 2 1 -2161586051
17667 3 1 1607017174
17668 4 1 -4250193956
17669 5 1 138443493
17670 6 1 -2077855963
17671 7 1 -29463131
17672 8 1 -2203198573
17673 9 1 -90554935
17674 10 1 -173218991
17675 11 1 467323670
17676 12 1 616248406
17677 13 1 1274298340
17678 14 1 -2542147450
17679 15 1 1914755234
17684 0 1 3946741760
17685 1 1 -1339237495
17686 2 1 -264668504
17687 3 1 447702614
17688 4 1 1299085084
17689 5 1 -1037168489
17690 6 1 948520511
17691 7 1 -88863791
17692 8 1 484745542
17693 9 1 -4530894832
17694 10 1 952833590
17695 11 1 1346446775
17696 12 1 2996903010
17697 13 1 -280536314
17698 14 1 3303140841
17699 15 1 -2203304516
17704 0 1 3052011520
17705 1 1 -613490136
17706 2 1 -3552369186
17707 3 1 1554561326
17708 4 1 1824173092
17709 5 1 3866340391
17710 6 1 956617682
17711 7 1 134369769
17712 8 1 20522431
17713 9 1 1193423162
17714 10 1 183109825
17715 11 1 -337408533
17716 12 1 1917688594
17717 13 1 -712686750
17718 14 1 655117079
17719 15 1 506683607
17724 0 1 3405971456
17725 1 1 1573563492
17726 2 1 -1977982048
17727 3 1 -1007064053
17728 4 1 -2422640706
17729 5 1 6913222659
17730 6 1 -2966535613
17731 7 1 84066487
17732 8 1 -2308233956
17733 9 1 1760577613
17734 10 1 4138407281
17735 11 1 -51075412
17736 12 1 -151423437
17737 13 1 -760289364
17738 14 1 -2197170959
17739 15 1 -245342825
17744 0 1 7176388608
17745 1 1 -621138815
17746 2 1 -123120736
17747 3 1 -94804615
17748 4 1 -5165536343
17749 5 1 1142214358
17750 6 1 396153125
17751 7 1 2185478243
17752 8 1 -2835637502
17753 9 1 314519328
17754 10 1 1208455290
17755 11 1 -705000746
17756 12 1 -655976135
17757 13 1 -496192239
17758 14 1 746724246
17759 15 1 -1076409870
17764 0 1 6933708800
17765 1 1 -1169957208
17766 2 1 -1635733499
17767 3 1 1471547894
17768 4 1 -1270024739
17769 5 1 1069613854
17770 6 1 -1958395705
17771 7 1 -2096863696
17772 8 1 312737781
17773 9 1 909774587
17774 10 1 -1181164448
17775 11 1 1716410310
17776 12 1 -434943306
17777 13 1 -3367525742
17778 14 1 211192651
17779 15 1 -873329853
17784 0 1 3433791488
17785 1 1 1240844697
17786 2 1 1523776270
17787 3 1 3233589390
17788 4 1 -2441760415
17789 5 1 -1803087527
17790 6 1 180102239
17791 7 1 938075960
17792 8 1 1426660917
17793 9 1 450190651
17794 10 1 -1287698330
17795 11 1 144993746
17796 12 1 1997899763
17797 13 1 722753034
17798 14 1 63783573
17799 15 1 858746555
17804 0 1 916226048
17805 1 1 -1065166383
17806 2 1 -352485052
17807 3 1 7487581
17808 4 1 1961517917
17809 5 1 -873039652
17810 6 1 3795586286
17811 7 1 -895905859
17812 8 1 -1187854341
17813 9 1 -4369063380
17814 10 1 758971676
17815 11 1 1530953166
17816 12 1 -1391596048
17817 13 1 -1633511091
17818 14 1 584395028
17819 15 1 -1647808058
17824 0 1 -1154678784
17825 1 1 -3936911726
17826 2 1 -3603778743
17827 3 1 700968849
17828 4 1 1356737806
17829 5 1 -469586259
17830 6 1 3485403428
17831 7 1 5578628030
17832 8 1 -1271492053
17833 9 1 -296970681
17834 10 1 1391429938
17835 11 1 307850348
17836 12 1 859865380
17837 13 1 -689993411
17838 14 1 3151664075
17839 15 1 -2993228941
17844 0 1 376766464
17845 1 1 2002518440
17846 2 1 -2677536648
17847 3 1 1164648755
17848 4 1 1474787439
17849 5 1 -588574248
17850 6 1 -2899942756
17851 7 1 151500682
17852 8 1 -901899947
17853 9 1 2434863683
17854 10 1 -2044969361
17855 11 1 1634400960
17856 12 1 -88236054
17857 13 1 1382595119
17858 14 1 17228549
17859 15 1 -3911818323
17864 0 1 -619446272
17865 1 1 1035641650
17866 2 1 3944934129
17867 3 1 -1559323787
17868 4 1 1367195221
17869 5 1 -2046427307
17870 6 1 -14767080
17871 7 1 2143678614
17872 8 1 -179067215
17873 9 1 -379909822
17874 10 1 -970061430
17875 11 1 2356958804
17876 12 1 477945080
17877 13 1 1650566259
17878 14 1 2634579759
17879 15 1 -2476137537
17884 0 1 2065170432
17885 1 1 1050419909
17886 2 1 -225849500
17887 3 1 -364251143
17888 4 1 1857708498
17889 5 1 2176037464
17890 6 1 -2169159418
17891 7 1 -1730999240
17892 8 1 -1257711964
17893 9 1 3649399703
17894 10 1 -3410122152
17895 11 1 444049532
17896 12 1 -513807720
17897 13 1 -1593783419
17898 14 1 735965855
17899 15 1 4332359398
17904 0 1 2349301760
17905 1 1 1637057228
17906 2 1 -4142262059
17907 3 1 404509082
17908 4 1 -807293551
17909 5 1 3020561703
17910 6 1 -51954203
17911 7 1 -2579061973
17912 8 1 -864196879
17913 9 1 1109841979
17914 10 1 683902126
17915 11 1 1202296231
17916 12 1 -3336029340
17917 13 1 -257722417
17918 14 1 -277715071
17919 15 1 267676790
17924 0 1 7253393408
17925 1 1 1578114171
17926 2 1 -1216402921
17927 3 1 -1380303450
17928 4 1 -1595964013
17929 5 1 2326307592
17930 6 1 -1183409015
17931 7 1 583924767
17932 8 1 552107374
17933 9 1 -755425727
17934 10 1 2997383485
17935 11 1 298129560
17936 12 1 -999188757
17937 13 1 -1433480360
17938 14 1 -1058724427
17939 15 1 -1592588215
17946 0 1 -66453504
17947 1 1 2185621942
17948 2 1 -492524882
17949 3 1 115023386
17950 4 1 3701184139
17951 5 1 -634308762
17952 6 1 -480246146
17953 7 1 -1848994998
17954 8 1 1116851817
17955 9 1 -750612108
17956 10 1 346482075
17957 11 1 -2653431755
17958 12 1 1715780247
17959 13 1 -3667599969
17960 14 1 -1759648762
17961 15 1 701201331
17966 0 1 1394180096
17967 1 1 -1842206126
17968 2 1 3192855270
17969 3 1 -2415535572
17970 4 1 4788293541
17971 5 1 -1693377744
17972 6 1 1515856550
17973 7 1 2777135840
17974 8 1 -1690825589
17975 9 1 1753226855
17976 10 1 879283530
17977 11 1 -2098426535
17978 12 1 2816475241
17979 13 1 -165015769
17980 14 1 -449853516
17981 15 1 -3429619390
17986 0 1 1839923200
17987 1 1 -2288167376
17988 2 1 1890678855
17989 3 1 -196919768
17990 4 1 2666797627
17991 5 1 -52447692
17992 6 1 -52611094
17993 7 1 84727488
17994 8 1 -1036840179
17995 9 1 2849279735
17996 10 1 1240297751
17997 11 1 1062559245
17998 12 1 -3083988947
17999 13 1 -2505405922
18000 14 1 -2987994250
18001 15 1 -2667900761
18006 0 1 -2810839040
18007 1 1 -1510201084
18008 2 1 5207233420
18009 3 1 -179744234
18010 4 1 709637346
18011 5 1 -5271840122
18012 6 1 2016154506
18013 7 1 -577415028
18014 8 1 2375179786
18015 9 1 -1069524099
18016 10 1 -2596543828
18017 11 1 2273232301
18018 12 1 -2925084918
18019 13 1 415596132
18020 14 1 -1285202487
18021 15 1 -1731242197
18026 0 1 -4083384320
18027 1 1 -1217022362
18028 2 1 922055377
18029 3 1 -1102984892
18030 4 1 3061568502
18031 5 1 -998908114
18032 6 1 -805959676
18033 7 1 1149944554
18034 8 1 3632727517
18035 9 1 1823508582
18036 10 1 -2310865442
18037 11 1 -830516353
18038 12 1 606463551
18039 13 1 -864307298
18040 14 1 2934434726
18041 15 1 1126946698
18046 0 1 -8369569792
18047 1 1 2703882851
18048 2 1 155655011
18049 3 1 -1802144645
18050 4 1 963551812
18051 5 1 -4504776789
18052 6 1 -307071119
18053 7 1 707363295
18054 8 1 1027827588
18055 9 1 255423965
18056 10 1 -1246697629
18057 11 1 -49550844
18058 12 1 2256250442
18059 13 1 498543728
18060 14 1 3003362009
18061 15 1 -716129375
18066 0 1 -4008607744
18067 1 1 1193301059
18068 2 1 167230480
18069 3 1 640250514
18070 4 1 2375374735
18071 5 1 -1797022227
18072 6 1 583146645
18073 7 1 717229078
18074 8 1 279103496
18075 9 1 2042969802
18076 10 1 594318153
18077 11 1 294246741
18078 12 1 172951407
18079 13 1 498379850
18080 14 1 -3316631972
18081 15 1 5644325
18086 0 1 -2979889152
18087 1 1 751879981
18088 2 1 4492471264
18089 3 1 -2881276879
18090 4 1 3457048115
18091 5 1 -3631419601
18092 6 1 -399377992
18093 7 1 1632769025
18094 8 1 2658926116
18095 9 1 -2076799434
18096 10 1 297254694
18097 11 1 -913502953
18098 12 1 894548983
18099 13 1 2329782240
18100 14 1 -1996045210
18101 15 1 -429145922
18106 0 1 6488064
18107 1 1 -1255333654
18108 2 1 4879076408
18109 3 1 -1042181511
18110 4 1 3102714130
18111 5 1 -675394030
18112 6 1 -1112092955
18113 7 1 -127204277
18114 8 1 1654884091
18115 9 1 2071643148
18116 10 1 -1950909644
18117 11 1 -2570733121
18118 12 1 2381713218
18119 13 1 -39885442
18120 14 1 -1622635505
18121 15 1 2525805527
18126 0 1 534970368
18127 1 1 -1815545218
18128 2 1 -419354218
18129 3 1 -1474010195
18130 4 1 1797770257
18131 5 1 -469983632
18132 6 1 2026750531
18133 7 1 22280222
18134 8 1 -1910089524
18135 9 1 -2095971073
18136 10 1 2639459408
18137 11 1 535280965
18138 12 1 -1135897234
18139 13 1 -327137731
18140 14 1 -3867709374
18141 15 1 -2149316026
18146 0 1 2983526400
18147 1 1 -1177318128
18148 2 1 -2767997749
18149 3 1 -337075138
18150 4 1 258741051
18151 5 1 1287719500
18152 6 1 3510355679
18153 7 1 3188678935
18154 8 1 -171182284
18155 9 1 -2242318035
18156 10 1 2107743774
18157 11 1 -200920438
18158 12 1 -1031766895
18159 13 1 -1817950491
18160 14 1 -1969281120
18161 15 1 -3047848877
18166 0 1 3978919936
18167 1 1 -519376928
18168 2 1 2239393141
18169 3 1 2146627569
18170 4 1 818299350
18171 5 1 1654448650
18172 6 1 -5529685865
18173 7 1 332661744
18174 8 1 1851218349
18175 9 1 4968280080
18176 10 1 -1145954844
18177 11 1 231707783
18178 12 1 2845617029
18179 13 1 -794698988
18180 14 1 102541536
18181 15 1 -355283980
18186 0 1 5461803008
18187 1 1 3032663659
18188 2 1 1708466694
18189 3 1 -808413317
18190 4 1 811481616
18191 5 1 1936556724
18192 6 1 -5135736010
18193 7 1 -3598299512
18194 8 1 -693580890
18195 9 1 2815003206
18196 10 1 97616499
18197 11 1 -1064401989
18198 12 1 2487511121
18199 13 1 -720295087
18200 14 1 70709196
18201 15 1 -330430703
18206 0 1 5531009024
18207 1 1 712640442
18208 2 1 -363630078
18209 3 1 -1826614482
18210 4 1 334042317
18211 5 1 -571841968
18212 6 1 5124069621
18213 7 1 3854264279
18214 8 1 -1473649926
18215 9 1 -1541641010
18216 10 1 1771936591
18217 11 1 -1753582376
18218 12 1 159623605
18219 13 1 227841595
18220 14 1 -397021062
18221 15 1 79191401
18226 0 1 8309669888
18227 1 1 6436129
18228 2 1 -680352372
18229 3 1 41456626
18230 4 1 2340235300
18231 5 1 3121127686
18232 6 1 3622654112
18233 7 1 248304518
18234 8 1 -29171385
18235 9 1 439609089
18236 10 1 -726498406
18237 11 1 2511541323
18238 12 1 -4744345793
18239 13 1 -2056003102
18240 14 1 -5145914477
18241 15 1 -1994374096
18246 0 1 8654258176
18247 1 1 -2512404211
18248 2 1 579178573
18249 3 1 1112168317
18250 4 1 1226525643
18251 5 1 1838400294
18252 6 1 -3987606918
18253 7 1 1663434035
18254 8 1 -142273170
18255 9 1 1319171324
18256 10 1 1691761206
18257 11 1 4117346538
18258 12 1 1655657662
18259 13 1 -743949275
18260 14 1 -2489832395
18261 15 1 -1429335312
18266 0 1 5568528384
18267 1 1 -2986136088
18268 2 1 -3309463493
18269 3 1 1460999655
18270 4 1 -2570363037
18271 5 1 -1378890154
18272 6 1 1314720497
18273 7 1 1521124206
18274 8 1 -501849987
18275 9 1 -235793177
18276 10 1 -1957576959
18277 11 1 1105823755
18278 12 1 2053148791
18279 13 1 -756923346
18280 14 1 1564989840
18281 15 1 -1125264175
18286 0 1 1225457664
18287 1 1 210183196
18288 2 1 48622871
18289 3 1 954439208
18290 4 1 -132359186
18291 5 1 2170468374
18292 6 1 -2177368107
18293 7 1 -29717780
18294 8 1 2804057963
18295 9 1 2062580194
18296 10 1 1138103795
18297 11 1 927344057
18298 12 1 -211090046
18299 13 1 -1936005031
18300 14 1 2280152973
18301 15 1 -2595417155
18306 0 1 -2415493120
18307 1 1 927310960
18308 2 1 2171388418
18309 3 1 1549598514
18310 4 1 -1727278691
18311 5 1 -585080228
18312 6 1 506638510
18313 7 1 -1718417092
18314 8 1 -66604580
18315 9 1 1162513743
18316 10 1 -1964589476
18317 11 1 -1284792622
18318 12 1 -2172981989
18319 13 1 -79170339
18320 14 1 -3097499638
18321 15 1 1244353895
18326 0 1 -69894144
18327 1 1 -1260168613
18328 2 1 2575692274
18329 3 1 -675868013
18330 4 1 3015814416
18331 5 1 -1543426932
18332 6 1 -2753501180
18333 7 1 -3211703725
18334 8 1 -329057091
18335 9 1 -2976842344
18336 10 1 -917421174
18337 11 1 -3494216099
18338 12 1 -952430526
18339 13 1 2357804447
18340 14 1 901987554
18341 15 1 933244484
18346 0 1 -2595487744
18347 1 1 -3518319440
18348 2 1 -3696794487
18349 3 1 2118289962
18350 4 1 1937568660
18351 5 1 -3699035719
18352 6 1 583879559
18353 7 1 -1349135594
18354 8 1 -1449434101
18355 9 1 311859474
18356 10 1 -1403954994
18357 11 1 -778857368
18358 12 1 1906068586
18359 13 1 -1521599957
18360 14 1 3074209785
18361 15 1 941415873
18366 0 1 44892160
18367 1 1 630266340
18368 2 1 1109318632
18369 3 1 3380260213
18370 4 1 -203104578
18371 5 1 1613468972
18372 6 1 -1522974903
18373 7 1 -7296099535
18374 8 1 -792211223
18375 9 1 1657457221
18376 10 1 1645857188
18377 11 1 738014161
18378 12 1 -6167118003
18379 13 1 520753696
18380 14 1 -3521063793
18381 15 1 -1763581597
18386 0 1 -913833984
18387 1 1 -2865997304
18388 2 1 1108011613
18389 3 1 -1364608026
18390 4 1 -1556386712
18391 5 1 -45162979
18392 6 1 -607463181
18393 7 1 1937709063
18394 8 1 1079870311
18395 9 1 -1075918269
18396 10 1 -371124679
18397 11 1 -2570505411
18398 12 1 -651343697
18399 13 1 3040554586
18400 14 1 -502189257
18401 15 1 2454206833
18406 0 1 5832441856
18407 1 1 2427819260
18408 2 1 -1975041419
18409 3 1 145942506
18410 4 1 -1524236357
18411 5 1 98387307
18412 6 1 -490129715
18413 7 1 -375026525
18414 8 1 898902651
18415 9 1 59622972
18416 10 1 -692789854
18417 11 1 504543080
18418 12 1 -2133505008
18419 13 1 -1081389343
18420 14 1 -3342092940
18421 15 1 781701419
18428 0 1 2850062336
18429 1 1 3883351851
18430 2 1 1489756348
18431 3 1 -1357960768
18432 4 1 -1972828665
18433 5 1 1369379922
18434 6 1 -4432589194
18435 7 1 -2960501474
18436 8 1 1814072831
18437 9 1 75216902
18438 10 1 -2503621021
18439 11 1 -1004553480
18440 12 1 368926787
18441 13 1 1618270168
18442 14 1 2126974880
18443 15 1 4681654766
18448 0 1 -806158336
18449 1 1 1578231595
18450 2 1 -3421261932
18451 3 1 -1300535256
18452 4 1 -793891588
18453 5 1 -217237479
18454 6 1 4668741148
18455 7 1 2736859503
18456 8 1 235943075
18457 9 1 -515630831
18458 10 1 34849329
18459 11 1 178862592
18460 12 1 2053436648
18461 13 1 -613285214
18462 14 1 5064368426
18463 15 1 2526672965
18468 0 1 -1530200064
18469 1 1 1746373118
18470 2 1 -858219691
18471 3 1 -1448393380
18472 4 1 -426163752
18473 5 1 516648025
18474 6 1 4732076738
18475 7 1 2138968082
18476 8 1 219405178
18477 9 1 -766305372
18478 10 1 1271953849
18479 11 1 1978742666
18480 12 1 -3353381189
18481 13 1 590200957
18482 14 1 -1172290902
18483 15 1 -2654994893
18488 0 1 -7488929792
18489 1 1 -1971689575
18490 2 1 263019028
18491 3 1 -248588719
18492 4 1 2601481269
18493 5 1 -4956333100
18494 6 1 -860775973
18495 7 1 1848624122
18496 8 1 1895160489
18497 9 1 -1812665816
18498 10 1 -2621649950
18499 11 1 2048394865
18500 12 1 2374575712
18501 13 1 3186102367
18502 14 1 497294395
18503 15 1 863076995
18508 0 1 -7098302464
18509 1 1 -1069479569
18510 2 1 2082115588
18511 3 1 1231726936
18512 4 1 -486034919
18513 5 1 -2105871208
18514 6 1 -71142284
18515 7 1 -75572587
18516 8 1 -271253732
18517 9 1 777514697
18518 10 1 -696344006
18519 11 1 829285004
18520 12 1 -61257161
18521 13 1 2406446899
18522 14 1 74568961
18523 15 1 912967602
18528 0 1 -9048424448
18529 1 1 -614814896
18530 2 1 -1245497077
18531 3 1 -1664387385
18532 4 1 -1237067406
18533 5 1 -1384797972
18534 6 1 -736099040
18535 7 1 -43378248
18536 8 1 865503154
18537 9 1 -2145801944
18538 10 1 -1280853388
18539 11 1 205660132
18540 12 1 -762526035
18541 13 1 1628324722
18542 14 1 1948997264
18543 15 1 3660173199
18548 0 1 -6467616768
18549 1 1 3756859030
18550 2 1 -693136513
18551 3 1 -1428768280
18552 4 1 -2548311921
18553 5 1 -1657429718
18554 6 1 1332063483
18555 7 1 383023033
18556 8 1 -1789430661
18557 9 1 -1547136177
18558 10 1 -1107019657
18559 11 1 -1783955187
18560 12 1 767741849
18561 13 1 1341728478
18562 14 1 2527446815
18563 15 1 1881392665
18568 0 1 -5466652672
18569 1 1 -162154136
18570 2 1 -3812425257
18571 3 1 -265745029
18572 4 1 1424708710
18573 5 1 -1871434244
18574 6 1 17351381
18575 7 1 1774108459
18576 8 1 -1021722778
18577 9 1 -1346507505
18578 10 1 93528891
18579 11 1 196717506
18580 12 1 2051448158
18581 13 1 -428323215
18582 14 1 4312272525
18583 15 1 766329475
18588 0 1 -2434957312
18589 1 1 2281584412
18590 2 1 -698992303
18591 3 1 1870554074
18592 4 1 -187195994
18593 5 1 -1119232891
18594 6 1 -1327105078
18595 7 1 -2426942048
18596 8 1 -1755846397
18597 9 1 1850929323
18598 10 1 -171092208
18599 11 1 2215620213
18600 12 1 875051870
18601 13 1 510890596
18602 14 1 540593846
18603 15 1 -78410325
18608 0 1 46497792
18609 1 1 1717461749
18610 2 1 -317233917
18611 3 1 -2009538135
18612 4 1 413849213
18613 5 1 4323314
18614 6 1 1419742150
18615 7 1 3659231476
18616 8 1 2186762762
18617 9 1 -1328888837
18618 10 1 1896180465
18619 11 1 437337251
18620 12 1 -446044984
18621 13 1 103068301
18622 14 1 -1710602048
18623 15 1 1538865570
18628 0 1 3152609280
18629 1 1 2134430710
18630 2 1 -578930471
18631 3 1 -2271569569
18632 4 1 1855092717
18633 5 1 142311806
18634 6 1 1138052272
18635 7 1 3607300453
18636 8 1 3014956106
18637 9 1 195775137
18638 10 1 -513996382
18639 11 1 -861553544
18640 12 1 2472984217
18641 13 1 -2528228365
18642 14 1 -3412715277
18643 15 1 198397734
18648 0 1 1351876608
18649 1 1 -3268266909
18650 2 1 3003738496
18651 3 1 -56994040
18652 4 1 4319012305
18653 5 1 -3446549166
18654 6 1 1486421406
18655 7 1 2794374241
18656 8 1 -544149950
18657 9 1 -689857761
18658 10 1 263442821
18659 11 1 979624260
18660 12 1 2745957244
18661 13 1 2610520326
18662 14 1 656420019
18663 15 1 -4714544961
18668 0 1 3869409280
18669 1 1 418503308
18670 2 1 -444970174
18671 3 1 40730030
18672 4 1 4692982787
18673 5 1 2267888774
18674 6 1 -2611178510
18675 7 1 -315987986
18676 8 1 -438207103
18677 9 1 2197360067
18678 10 1 -136753294
18679 11 1 961174528
18680 12 1 -459586303
18681 13 1 70696461
18682 14 1 -1240018091
18683 15 1 212087454
18688 0 1 3545366528
18689 1 1 1962408425
18690 2 1 -769807656
18691 3 1 -2685581489
18692 4 1 269456495
18693 5 1 2812956592
18694 6 1 363223445
18695 7 1 2393725015
18696 8 1 1512801153
18697 9 1 2299027580
18698 10 1 -666235913
18699 11 1 561625604
18700 12 1 -325729544
18701 13 1 -1308675176
18702 14 1 -903141257
18703 15 1 813260231
18708 0 1 6680313856
18709 1 1 -374830797
18710 2 1 477056364
18711 3 1 -880756321
18712 4 1 -1637697921
18713 5 1 2856604636
18714 6 1 -2914938396
18715 7 1 -359822642
18716 8 1 -1616803069
18717 9 1 3310147447
18718 10 1 467345609
18719 11 1 515205628
18720 12 1 1259349163
18721 13 1 -338682468
18722 14 1 -307033229
18723 15 1 -1694290883
18728 0 1 6138134528
18729 1 1 -838982685
18730 2 1 -1068248152
18731 3 1 3080655601
18732 4 1 -2194483081
18733 5 1 -3505474421
18734 6 1 -587578440
18735 7 1 -155959348
18736 8 1 -2930641467
18737 9 1 -68494452
18738 10 1 -1465777155
18739 11 1 -292813766
18740 12 1 -925422470
18741 13 1 2760576119
18742 14 1 -1416741341
18743 15 1 356662524
18748 0 1 5530058752
18749 1 1 -614241178
18750 2 1 572493657
18751 3 1 1055797194
18752 4 1 -233446605
18753 5 1 5355230
18754 6 1 -30571853
18755 7 1 -1418116809
18756 8 1 616024414
18757 9 1 -937620331
18758 10 1 -1714584934
18759 11 1 1272793629
18760 12 1 -1316544952
18761 13 1 -1789653889
18762 14 1 319440422
18763 15 1 749017766
18768 0 1 2087256064
18769 1 1 -1402067722
18770 2 1 -2245830545
18771 3 1 2081563688
18772 4 1 -558443437
18773 5 1 -2622297695
18774 6 1 -105719483
18775 7 1 1758048948
18776 8 1 -259647461
18777 9 1 260788375
18778 10 1 -1763133332
18779 11 1 2104419961
18780 12 1 4776393534
18781 13 1 778253826
18782 14 1 2390803420
18783 15 1 332011503
18788 0 1 -1822228480
18789 1 1 251764423
18790 2 1 -1278503557
18791 3 1 1261820226
18792 4 1 -1567097952
18793 5 1 -90817138
18794 6 1 -15992257
18795 7 1 -2451947114
18796 8 1 -2563183976
18797 9 1 -1205988676
18798 10 1 559266654
18799 11 1 1876202935
18800 12 1 1070080708
18801 13 1 549723220
18802 14 1 1932969684
18803 15 1 -670662649
18808 0 1 -1570045952
18809 1 1 -798107813
18810 2 1 -242331513
18811 3 1 2884199853
18812 4 1 -2926876400
18813 5 1 2785952241
18814 6 1 44754198
18815 7 1 488629546
18816 8 1 -1474753457
18817 9 1 636115548
18818 10 1 2536011140
18819 11 1 303238871
18820 12 1 -1013135398
18821 13 1 861754777
18822 14 1 272835945
18823 15 1 1813786197
18828 0 1 -2401763328
18829 1 1 -1302241240
18830 2 1 2066625725
18831 3 1 494946127
18832 4 1 -5430688354
18833 5 1 1936147036
18834 6 1 791827082
18835 7 1 -2677786106
18836 8 1 2935044953
18837 9 1 -1103787678
18838 10 1 217969629
18839 11 1 -944922550
18840 12 1 -4985322862
18841 13 1 -522827038
18842 14 1 -739579917
18843 15 1 1744652517
18848 0 1 591101952
18849 1 1 1897174793
18850 2 1 1820033734
18851 3 1 -149407528
18852 4 1 -649296892
18853 5 1 538572965
18854 6 1 -1956165051
18855 7 1 -2290868996
18856 8 1 1055784400
18857 9 1 -401310688
18858 10 1 -1379861058
18859 11 1 -5013520812
18860 12 1 -1021331253
18861 13 1 2429842645
18862 14 1 1529619236
18863 15 1 798097905
18868 0 1 -559710208
18869 1 1 -1630782503
18870 2 1 -522924163
18871 3 1 816303454
18872 4 1 1334441475
18873 5 1 -2277015633
18874 6 1 3198249483
18875 7 1 -905932824
18876 8 1 -1818917964
18877 9 1 -3388049312
18878 10 1 993643448
18879 11 1 -632589559
18880 12 1 -2901771020
18881 13 1 -351288127
18882 14 1 -702417598
18883 15 1 -149596218
18888 0 1 4353359872
18889 1 1 -2292307287
18890 2 1 -150950677
18891 3 1 678082316
18892 4 1 -224167003
18893 5 1 467524204
18894 6 1 389969602
18895 7 1 191959748
18896 8 1 315826115
18897 9 1 1071360706
18898 10 1 -151306480
18899 11 1 1348379139
18900 12 1 -2972595161
18901 13 1 -2729344874
18902 14 1 -4115514294
18903 15 1 577257180
18910 0 1 3306061824
18911 1 1 -2615446579
18912 2 1 924153341
18913 3 1 -1005135018
18914 4 1 925871428
18915 5 1 2226473411
18916 6 1 2403337310
18917 7 1 2026981804
18918 8 1 -2405755520
18919 9 1 -210999047
18920 10 1 1343026274
18921 11 1 1094801396
18922 12 1 -1695316729
18923 13 1 -85837670
18924 14 1 1743067855
18925 15 1 -853638729
18930 0 1 -1426227200
18931 1 1 -608398916
18932 2 1 -1779202881
18933 3 1 211083682
18934 4 1 -3175179948
18935 5 1 3114357344
18936 6 1 -398124632
18937 7 1 -2602193469
18938 8 1 1156349438
18939 9 1 1004489568
18940 10 1 -884713510
18941 11 1 1288610432
18942 12 1 -3241893412
18943 13 1 -3530354384
18944 14 1 3265690752
18945 15 1 -490301313
18950 0 1 -5043486720
18951 1 1 2827988445
18952 2 1 -1088443056
18953 3 1 -784139806
18954 4 1 -1917864108
18955 5 1 -1323796167
18956 6 1 -1429649240
18957 7 1 -1141780820
18958 8 1 665400352
18959 9 1 -459853295
18960 10 1 -1843350712
18961 11 1 -687013236
18962 12 1 3146191614
18963 13 1 1282756952
18964 14 1 1932241529
18965 15 1 -587374453
18970 0 1 -7353761792
18971 1 1 -56768740
18972 2 1 -2452544466
18973 3 1 1212732301
18974 4 1 -1276268525
18975 5 1 -579674725
18976 6 1 -95038747
18977 7 1 -739090612
18978 8 1 -1301394340
18979 9 1 -1978009380
18980 10 1 2905266960
18981 11 1 -2051664534
18982 12 1 2364469448
18983 13 1 -1408958986
18984 14 1 2194572880
18985 15 1 210624538
18990 0 1 -7651098624
18991 1 1 593929103
18992 2 1 1496315417
18993 3 1 162661331
18994 4 1 117310978
18995 5 1 -1968218609
18996 6 1 883699106
18997 7 1 -1847917833
18998 8 1 -1739695069
18999 9 1 -808175114
19000 10 1 -465896449
19001 11 1 -1950924330
19002 12 1 1490892277
19003 13 1 1309348208
19004 14 1 370215925
19005 15 1 -609246657
19010 0 1 -7442923520
19011 1 1 -3062931120
19012 2 1 2741641015
19013 3 1 520491273
19014 4 1 -1652333231
19015 5 1 1004048336
19016 6 1 2131868621
19017 7 1 112303734
19018 8 1 -2120714317
19019 9 1 -946589336
19020 10 1 2840367382
19021 11 1 -372672205
19022 12 1 -3429600002
19023 13 1 1085558051
19024 14 1 310936079
19025 15 1 -132081938
19030 0 1 -6216187904
19031 1 1 1319307008
19032 2 1 -459600192
19033 3 1 355697865
19034 4 1 -2164240433
19035 5 1 -859595962
19036 6 1 -735579236
19037 7 1 -3870545178
19038 8 1 -558442057
19039 9 1 -1885167588
19040 10 1 -3324072243
19041 11 1 -367885879
19042 12 1 -2363581088
19043 13 1 2306947257
19044 14 1 1783774003
19045 15 1 3174916021
19050 0 1 -5589925888
19051 1 1 1346040302
19052 2 1 -2554522306
19053 3 1 -203634596
19054 4 1 -1959533772
19055 5 1 655031185
19056 6 1 3154027689
19057 7 1 1059983351
19058 8 1 -7588713
19059 9 1 -3070862524
19060 10 1 2435492493
19061 11 1 1359735513
19062 12 1 -811127684
19063 13 1 -408391838
19064 14 1 2443578201
19065 15 1 312289038
19070 0 1 -3657564160
19071 1 1 3004996208
19072 2 1 -2436380845
19073 3 1 -978135381
19074 4 1 -3842190
19075 5 1 809994957
19076 6 1 1293196993
19077 7 1 355259139
19078 8 1 -291090628
19079 9 1 -417543743
19080 10 1 -980350980
19081 11 1 -3304451066
19082 12 1 108622273
19083 13 1 328575073
19084 14 1 1949652432
19085 15 1 744743502
19090 0 1 -2456289280
19091 1 1 -1377730016
19092 2 1 -919115662
19093 3 1 269239416
19094 4 1 -956933356
19095 5 1 -1139879110
19096 6 1 -1062292472
19097 7 1 2371409843
19098 8 1 -2688051232
19099 9 1 1015560336
19100 10 1 -134617297
19101 11 1 2474479997
19102 12 1 206139009
19103 13 1 2032912786
19104 14 1 931481286
19105 15 1 518563716
19110 0 1 -1702264832
19111 1 1 3602752992
19112 2 1 -915236607
19113 3 1 -2102660080
19114 4 1 -2890112112
19115 5 1 -3803652918
19116 6 1 194453078
19117 7 1 1191353468
19118 8 1 -2129266065
19119 9 1 -1063325552
19120 10 1 -3344545231
19121 11 1 3534874966
19122 12 1 2789011262
19123 13 1 717529423
19124 14 1 2229762504
19125 15 1 2867336994
19130 0 1 -1971355648
19131 1 1 3203312303
19132 2 1 -2729046219
19133 3 1 831734589
19134 4 1 589052644
19135 5 1 606354815
19136 6 1 685574687
19137 7 1 553566126
19138 8 1 -997411345
19139 9 1 996675519
19140 10 1 -1134581953
19141 11 1 -1461568059
19142 12 1 2305917551
19143 13 1 -877720628
19144 14 1 5556215453
19145 15 1 1189029909
19150 0 1 207814656
19151 1 1 2005485468
19152 2 1 1416811949
19153 3 1 322072716
19154 4 1 2069291957
19155 5 1 -768293797
19156 6 1 -1564223968
19157 7 1 -2086170782
19158 8 1 -3025235119
19159 9 1 -140371791
19160 10 1 1775298458
19161 11 1 802790611
19162 12 1 -1041580314
19163 13 1 -511375785
19164 14 1 -919784991
19165 15 1 -96992699
19170 0 1 154959872
19171 1 1 -5183602474
19172 2 1 -1318969075
19173 3 1 1106591204
19174 4 1 88441165
19175 5 1 -2696805112
19176 6 1 2012353746
19177 7 1 51235538
19178 8 1 991607306
19179 9 1 -1263689602
19180 10 1 -665918687
19181 11 1 -110652151
19182 12 1 -414201106
19183 13 1 -1344513132
19184 14 1 -86993035
19185 15 1 1148201003
19190 0 1 4067819520
19191 1 1 873274919
19192 2 1 1437962393
19193 3 1 2108282197
19194 4 1 -511327634
19195 5 1 570280560
19196 6 1 -1060321965
19197 7 1 -2874184157
19198 8 1 822959115
19199 9 1 682456590
19200 10 1 -1323278044
19201 11 1 -1616542101
19202 12 1 -3054864329
19203 13 1 2553201299
19204 14 1 -965602761
19205 15 1 -1774005862
19210 0 1 2590212096
19211 1 1 -1099787118
19212 2 1 -3251823822
19213 3 1 -155400142
19214 4 1 1997755367
19215 5 1 1335194228
19216 6 1 2725439648
19217 7 1 1810078721
19218 8 1 -802680198
19219 9 1 -3334789342
19220 10 1 572973613
19221 11 1 697217411
19222 12 1 -948581340
19223 13 1 400434736
19224 14 1 -351158718
19225 15 1 -2354876620
19230 0 1 4927651840
19231 1 1 -1144177478
19232 2 1 -2073344653
19233 3 1 1162559359
19234 4 1 752522398
19235 5 1 2633078499
19236 6 1 -2117185546
19237 7 1 341252496
19238 8 1 -185674072
19239 9 1 2127296950
19240 10 1 720027359
19241 11 1 1606513374
19242 12 1 1317040661
19243 13 1 -738829887
19244 14 1 928321647
19245 15 1 -2643950083
19250 0 1 572227584
19251 1 1 1418772078
19252 2 1 -263505761
19253 3 1 -1300167549
19254 4 1 -1256978015
19255 5 1 15504244
19256 6 1 -1121536083
19257 7 1 162975672
19258 8 1 -1783277940
19259 9 1 895351073
19260 10 1 -668668106
19261 11 1 959878668
19262 12 1 1355947539
19263 13 1 -109432141
19264 14 1 -529579347
19265 15 1 -411762434
19270 0 1 474251264
19271 1 1 243967723
19272 2 1 181214026
19273 3 1 -2561756542
19274 4 1 -180323888
19275 5 1 2228394520
19276 6 1 -760312838
19277 7 1 2514764902
19278 8 1 -1509643643
19279 9 1 3463005199
19280 10 1 1033042162
19281 11 1 -1895391535
19282 12 1 130168688
19283 13 1 -3051674056
19284 14 1 1562281061
19285 15 1 -838680184
19290 0 1 1084751872
19291 1 1 868062792
19292 2 1 -971711209
19293 3 1 1382656755
19294 4 1 -121198584
19295 5 1 -1861725898
19296 6 1 600647340
19297 7 1 -1525950787
19298 8 1 -2913026914
19299 9 1 504547550
19300 10 1 -1349836940
19301 11 1 894166413
19302 12 1 -2003978450
19303 13 1 585430467
19304 14 1 -2951795779
19305 15 1 -3022378616
19310 0 1 -1607630848
19311 1 1 -3990234329
19312 2 1 4026459354
19313 3 1 85421376
19314 4 1 1631801458
19315 5 1 -3868174598
19316 6 1 1266672897
19317 7 1 2186447490
19318 8 1 486625886
19319 9 1 -1604133707
19320 10 1 -1047214578
19321 11 1 2010393348
19322 12 1 626026973
19323 13 1 3294423032
19324 14 1 2580107623
19325 15 1 -3321125520
19330 0 1 -1175322624
19331 1 1 -620904439
19332 2 1 -22274309
19333 3 1 1084837575
19334 4 1 487080524
19335 5 1 -161285380
19336 6 1 25657867
19337 7 1 -1365209718
19338 8 1 -2569851995
19339 9 1 2298187519
19340 10 1 -591606379
19341 11 1 1540765616
19342 12 1 -3873690071
19343 13 1 -2857825298
19344 14 1 -1415661111
19345 15 1 14661178
19350 0 1 -4823285760
19351 1 1 -1423890015
19352 2 1 -93783029
19353 3 1 393621333
19354 4 1 810051107
19355 5 1 -2121638675
19356 6 1 168918693
19357 7 1 26087983
19358 8 1 3241215472
19359 9 1 -1159551896
19360 10 1 -125709355
19361 11 1 320082769
19362 12 1 -2192598969
19363 13 1 -1511786947
19364 14 1 -1443838528
19365 15 1 -1368259586
19370 0 1 -552599552
19371 1 1 -2211575355
19372 2 1 1931602908
19373 3 1 2050820524
19374 4 1 609010672
19375 5 1 -2352890052
19376 6 1 1133991895
19377 7 1 153902275
19378 8 1 1822656770
19379 9 1 513833915
19380 10 1 -846537711
19381 11 1 -32800488
19382 12 1 -2829858753
19383 13 1 1513388515
19384 14 1 -4154830351
19385 15 1 -2277321332
19392 0 1 4178935808
19393 1 1 -1113065572
19394 2 1 1909176404
19395 3 1 -33167881
19396 4 1 2098335647
19397 5 1 2109613641
19398 6 1 1701633291
19399 7 1 1089627590
19400 8 1 2421892370
19401 9 1 2223286078
19402 10 1 2134731253
19403 11 1 -22931483
19404 12 1 -1056452250
19405 13 1 -11421760
19406 14 1 -2823707661
19407 15 1 -4304995211
19412 0 1 -467501056
19413 1 1 -4861662666
19414 2 1 5234849895
19415 3 1 -1120033857
19416 4 1 707516602
19417 5 1 -412608196
19418 6 1 -177444926
19419 7 1 415091481
19420 8 1 1234260118
19421 9 1 1006647821
19422 10 1 1585922491
19423 11 1 2061953578
19424 12 1 -2058210110
19425 13 1 109441003
19426 14 1 -3176144822
19427 15 1 -3756315353
19432 0 1 -3765305344
19433 1 1 -2824498073
19434 2 1 1990381415
19435 3 1 924395212
19436 4 1 -1529050194
19437 5 1 -3526397945
19438 6 1 -2804020268
19439 7 1 -1367546886
19440 8 1 2036468154
19441 9 1 -66763930
19442 10 1 -1588653830
19443 11 1 -470131900
19444 12 1 -1255683762
19445 13 1 483986431
19446 14 1 -1565694232
19447 15 1 3020120188
19452 0 1 -1634271232
19453 1 1 1723655805
19454 2 1 1660931057
19455 3 1 -382834869
19456 4 1 -1789896843
19457 5 1 -256508468
19458 6 1 -946161805
19459 7 1 -407307100
19460 8 1 2371681406
19461 9 1 -1116608951
19462 10 1 -732451251
19463 11 1 -865798196
19464 12 1 108076374
19465 13 1 -1661595272
19466 14 1 -750286853
19467 15 1 2699648030
19472 0 1 407502848
19473 1 1 -681341987
19474 2 1 769118103
19475 3 1 1654922236
19476 4 1 -832510678
19477 5 1 1554909680
19478 6 1 -604466999
19479 7 1 -2573961488
19480 8 1 2283880219
19481 9 1 -363943618
19482 10 1 866951667
19483 11 1 -2346752611
19484 12 1 932246713
19485 13 1 -2129527750
19486 14 1 2139553697
19487 15 1 2187382232
19492 0 1 -50724864
19493 1 1 -165169670
19494 2 1 -616702103
19495 3 1 486220843
19496 4 1 1107562165
19497 5 1 767248117
19498 6 1 3378883830
19499 7 1 -1255859774
19500 8 1 1329627867
19501 9 1 -2844185849
19502 10 1 1722835741
19503 11 1 -1760425317
19504 12 1 -900939637
19505 13 1 511691337
19506 14 1 707343123
19507 15 1 -3672226193
19512 0 1 -694976512
19513 1 1 -4015676767
19514 2 1 2019117752
19515 3 1 2538455585
19516 4 1 -321761037
19517 5 1 3221684152
19518 6 1 -224774953
19519 7 1 -2072996151
19520 8 1 843454894
19521 9 1 330568826
19522 10 1 3095881809
19523 11 1 -2360129082
19524 12 1 -3486280772
19525 13 1 -65887462
19526 14 1 -789250409
19527 15 1 -718720154
19532 0 1 -3487203328
19533 1 1 -2993245595
19534 2 1 2889381998
19535 3 1 -447615009
19536 4 1 -3263270111
19537 5 1 -3660143645
19538 6 1 -1236901375
19539 7 1 -729569409
19540 8 1 956887121
19541 9 1 -303421636
19542 10 1 -2341224120
19543 11 1 -724022070
19544 12 1 -1970570824
19545 13 1 1135845782
19546 14 1 1066852199
19547 15 1 1030983139
19552 0 1 -4077715456
19553 1 1 2259456450
19554 2 1 2571346773
19555 3 1 719799670
19556 4 1 -830690398
19557 5 1 -800592887
19558 6 1 189417767
19559 7 1 -5891386016
19560 8 1 1494128435
19561 9 1 -1149514434
19562 10 1 -2415237038
19563 11 1 -2629895279
19564 12 1 -3765062252
19565 13 1 -1582738606
19566 14 1 2064715624
19567 15 1 1398214835
19572 0 1 -5094801408
19573 1 1 -3114372618
19574 2 1 -2011988084
19575 3 1 1455238112
19576 4 1 1454513349
19577 5 1 -1406029761
19578 6 1 4016476193
19579 7 1 -549089996
19580 8 1 -2628937499
19581 9 1 -3523806968
19582 10 1 802438574
19583 11 1 -1208383544
19584 12 1 -2810118359
19585 13 1 998997535
19586 14 1 1656914007
19587 15 1 -1577678304
19592 0 1 -2673442816
19593 1 1 -22039548
19594 2 1 -2982705085
19595 3 1 1147615800
19596 4 1 53716677
19597 5 1 -366602585
19598 6 1 -448989424
19599 7 1 -2413190566
19600 8 1 1211483397
19601 9 1 -2496121120
19602 10 1 -1483593520
19603 11 1 594202147
19604 12 1 -2186380205
19605 13 1 741425529
19606 14 1 1845666694
19607 15 1 745241938
19612 0 1 -3628302336
19613 1 1 -913487618
19614 2 1 -1178937136
19615 3 1 637896321
19616 4 1 -2681240429
19617 5 1 1401410794
19618 6 1 -1357174433
19619 7 1 -351660724
19620 8 1 -2327119658
19621 9 1 2914383504
19622 10 1 380895762
19623 11 1 1507928259
19624 12 1 1284880394
19625 13 1 -1884548712
19626 14 1 3565401310
19627 15 1 -708143550
19632 0 1 -2074148864
19633 1 1 1853995632
19634 2 1 -4995724206
19635 3 1 2128791742
19636 4 1 -2379020343
19637 5 1 934218229
19638 6 1 375775541
19639 7 1 -1676058094
19640 8 1 -304859304
19641 9 1 -861941725
19642 10 1 1092070000
19643 11 1 1066522217
19644 12 1 -3189046128
19645 13 1 850850945
19646 14 1 -995690885
19647 15 1 -953625524
19652 0 1 -2484273152
19653 1 1 488291878
19654 2 1 1145615105
19655 3 1 -26549756
19656 4 1 -1255182270
19657 5 1 139124619
19658 6 1 1273432950
19659 7 1 2311179505
19660 8 1 2730831286
19661 9 1 -1293503854
19662 10 1 699887572
19663 11 1 329303564
19664 12 1 -687188617
19665 13 1 1826258904
19666 14 1 -1025444990
19667 15 1 -510231922
19672 0 1 3822092288
19673 1 1 355636916
19674 2 1 543484418
19675 3 1 -1206895016
19676 4 1 2026268033
19677 5 1 2100695361
19678 6 1 -3064220470
19679 7 1 426160048
19680 8 1 -1233109695
19681 9 1 1682974817
19682 10 1 -557336715
19683 11 1 -860991521
19684 12 1 399623744
19685 13 1 1123587421
19686 14 1 -1368361089
19687 15 1 123271551
19692 0 1 3299934208
19693 1 1 604867268
19694 2 1 -438807402
19695 3 1 -132898838
19696 4 1 691304952
19697 5 1 189166473
19698 6 1 -3149670906
19699 7 1 -745759190
19700 8 1 544144706
19701 9 1 16458621
19702 10 1 288055050
19703 11 1 -1224877182
19704 12 1 3191452120
19705 13 1 -52406054
19706 14 1 -1789047159
19707 15 1 1904790714
19712 0 1 6633717760
19713 1 1 1214181595
19714 2 1 2359108823
19715 3 1 -1693732818
19716 4 1 1412556277
19717 5 1 1345061317
19718 6 1 -1163018414
19719 7 1 -1275322494
19720 8 1 626970234
19721 9 1 2205900249
19722 10 1 1123204049
19723 11 1 -3289668513
19724 12 1 917138818
19725 13 1 -2788108777
19726 14 1 -2645916809
19727 15 1 -412069143
19732 0 1 2386755584
19733 1 1 -798240403
19734 2 1 2162203643
19735 3 1 -808060606
19736 4 1 2633146354
19737 5 1 91300300
19738 6 1 621866318
19739 7 1 -1840287642
19740 8 1 808402145
19741 9 1 -284098644
19742 10 1 748632617
19743 11 1 -1084173681
19744 12 1 -306565482
19745 13 1 -2435763523
19746 14 1 -3356912965
19747 15 1 1253245601
19752 0 1 1616216064
19753 1 1 -3166677732
19754 2 1 2814563361
19755 3 1 350909428
19756 4 1 191425528
19757 5 1 1071382981
19758 6 1 2986422472
19759 7 1 -116063290
19760 8 1 990195063
19761 9 1 2430574396
19762 10 1 158656534
19763 11 1 229070951
19764 12 1 -3770059702
19765 13 1 -796374983
19766 14 1 -4011255548
19767 15 1 -105286995
19772 0 1 539295744
19773 1 1 -86022671
19774 2 1 1801090172
19775 3 1 -1091402078
19776 4 1 271476004
19777 5 1 1125946903
19778 6 1 -1575980489
19779 7 1 -2792454169
19780 8 1 176750081
19781 9 1 -2167997733
19782 10 1 -78287429
19783 11 1 -1430372776
19784 12 1 -3051403098
19785 13 1 1432909811
19786 14 1 19841029
19787 15 1 -1102532565
19792 0 1 -1592197120
19793 1 1 -3038312318
19794 2 1 -1129380672
19795 3 1 2268383608
19796 4 1 470811079
19797 5 1 -3002906561
19798 6 1 -966937361
19799 7 1 -630219792
19800 8 1 -98875377
19801 9 1 930239038
19802 10 1 -2756787383
19803 11 1 -2727780250
19804 12 1 1659699410
19805 13 1 1258367349
19806 14 1 3366279987
19807 15 1 963996191
19812 0 1 -779255808
19813 1 1 -621477628
19814 2 1 -757641287
19815 3 1 2445898641
19816 4 1 -1019204795
19817 5 1 -561349877
19818 6 1 -940950281
19819 7 1 -4643763085
19820 8 1 -1497157841
19821 9 1 921326028
19822 10 1 676169476
19823 11 1 2023935754
19824 12 1 -4504925098
19825 13 1 -925396108
19826 14 1 -3695628710
19827 15 1 -1099989815
19832 0 1 -4309417984
19833 1 1 -1604157889
19834 2 1 -268487927
19835 3 1 1075731930
19836 4 1 -1389529452
19837 5 1 -5033668516
19838 6 1 -135317056
19839 7 1 566921471
19840 8 1 2089873889
19841 9 1 -3445205748
19842 10 1 -387800553
19843 11 1 928454185
19844 12 1 1422972862
19845 13 1 841530640
19846 14 1 -2088677743
19847 15 1 2663623212
19852 0 1 -2295201792
19853 1 1 -284237537
19854 2 1 1837710273
19855 3 1 476871395
19856 4 1 742644618
19857 5 1 -1865514045
19858 6 1 986569175
19859 7 1 -121970574
19860 8 1 317275221
19861 9 1 -414113530
19862 10 1 -1521032290
19863 11 1 -3268437570
19864 12 1 1087124292
19865 13 1 646545436
19866 14 1 -786639054
19867 15 1 536673026
19874 0 1 -1052606464
19875 1 1 -455885262
19876 2 1 834080895
19877 3 1 -2951612334
19878 4 1 951929595
19879 5 1 -1588755773
19880 6 1 217366350
19881 7 1 3979088813
19882 8 1 1065522502
19883 9 1 930650488
19884 10 1 -1512329027
19885 11 1 385553993
19886 12 1 4356670910
19887 13 1 2173274183
19888 14 1 3407327577
19889 15 1 -2884904126
19894 0 1 -3752132608
19895 1 1 2021580201
19896 2 1 2995901169
19897 3 1 -1127008311
19898 4 1 975826741
19899 5 1 -3895982051
19900 6 1 626034733
19901 7 1 1916373698
19902 8 1 -1522704165
19903 9 1 1368312183
19904 10 1 -1463207811
19905 11 1 1254017266
19906 12 1 1362976169
19907 13 1 2072588846
19908 14 1 -1869245982
19909 15 1 -87148958
19914 0 1 -2533228544
19915 1 1 -1538465492
19916 2 1 142636830
19917 3 1 1832572563
19918 4 1 337109785
19919 5 1 -974364207
19920 6 1 1866385608
19921 7 1 875964795
19922 8 1 -2503851265
19923 9 1 -1868021018
19924 10 1 928468054
19925 11 1 2321665731
19926 12 1 -2005531635
19927 13 1 -293492150
19928 14 1 -3590219113
19929 15 1 1163364550
19934 0 1 -170426368
19935 1 1 -3983256886
19936 2 1 -2169298416
19937 3 1 1510291675
19938 4 1 -13029896
19939 5 1 -3986893114
19940 6 1 1538765706
19941 7 1 3432197849
19942 8 1 274912571
19943 9 1 -1482141255
19944 10 1 -197294714
19945 11 1 4070017959
19946 12 1 77963189
19947 13 1 1221977167
19948 14 1 -124322813
19949 15 1 -246110184
19954 0 1 1631191040
19955 1 1 1684504565
19956 2 1 -2779131514
19957 3 1 818458870
19958 4 1 -157506185
19959 5 1 975622488
19960 6 1 -418055719
19961 7 1 2741726298
19962 8 1 2327708284
19963 9 1 -488416169
19964 10 1 23992045
19965 11 1 3369911908
19966 12 1 1392677902
19967 13 1 136456559
19968 14 1 1780069248
19969 15 1 -2217723874
19974 0 1 -656900096
19975 1 1 -358837932
19976 2 1 471681060
19977 3 1 392910493
19978 4 1 -1268335828
19979 5 1 20777062
19980 6 1 -2297095069
19981 7 1 4889108119
19982 8 1 2768022487
19983 9 1 3268610688
19984 10 1 -385715514
19985 11 1 870077143
19986 12 1 5580332904
19987 13 1 1744076775
19988 14 1 891713739
19989 15 1 1318885790
19994 0 1 1256751104
19995 1 1 4205241459
19996 2 1 2344335983
19997 3 1 -2784452176
19998 4 1 1122511475
19999 5 1 556963976
20000 6 1 326303391
20001 7 1 873609666
20002 8 1 72263178
20003 9 1 -642230696
20004 10 1 -399555321
20005 11 1 -1590258576
20006 12 1 801449878
20007 13 1 2980942800
20008 14 1 108323676
20009 15 1 -3150197423
20014 0 1 -2808610816
20015 1 1 -5568381682
20016 2 1 98496611
20017 3 1 883742882
20018 4 1 607413395
20019 5 1 -428329318
20020 6 1 5175431510
20021 7 1 4008552672
20022 8 1 -1166593555
20023 9 1 -1498081027
20024 10 1 2306163380
20025 11 1 4075980129
20026 12 1 -1711916734
20027 13 1 269257750
20028 14 1 -3181419571
20029 15 1 -15885739
20034 0 1 -4121853952
20035 1 1 -2097005100
20036 2 1 3474848568
20037 3 1 -231442071
20038 4 1 -1792587791
20039 5 1 -623956001
20040 6 1 -2159438295
20041 7 1 -425754781
20042 8 1 1939465193
20043 9 1 2045506622
20044 10 1 -1360885925
20045 11 1 1859406286
20046 12 1 -1930015797
20047 13 1 1465470250
20048 14 1 -43272981
20049 15 1 -523170098
20054 0 1 -7007633408
20055 1 1 -894788820
20056 2 1 1086196020
20057 3 1 1054759949
20058 4 1 -1658881580
20059 5 1 -882684174
20060 6 1 573595802
20061 7 1 -1170424753
20062 8 1 1304608501
20063 9 1 -555155835
20064 10 1 546011913
20065 11 1 -1169033659
20066 12 1 -4566369657
20067 13 1 368047295
20068 14 1 -1348811210
20069 15 1 -372488810
20074 0 1 -5572558848
20075 1 1 -1801987053
20076 2 1 1976736831
20077 3 1 -651897438
20078 4 1 1612922902
20079 5 1 -2865550693
20080 6 1 -1307936079
20081 7 1 405388716
20082 8 1 3999129658
20083 9 1 -2753741451
20084 10 1 -376177979
20085 11 1 -1995602117
20086 12 1 -338945069
20087 13 1 2182907955
20088 14 1 -684311942
20089 15 1 -839290624
20094 0 1 -3506929664
20095 1 1 -2611884338
20096 2 1 2284065651
20097 3 1 1454297712
20098 4 1 -197428994
20099 5 1 -2611633071
20100 6 1 804949006
20101 7 1 -423027601
20102 8 1 668098329
20103 9 1 1833185826
20104 10 1 -1915897731
20105 11 1 -1352725177
20106 12 1 -1980913040
20107 13 1 1374378722
20108 14 1 -3062802510
20109 15 1 1677532636
20114 0 1 -3162767360
20115 1 1 -633228040
20116 2 1 3964361737
20117 3 1 -2805817454
20118 4 1 -961050059
20119 5 1 -1665508677
20120 6 1 385616340
20121 7 1 1661412895
20122 8 1 -586647131
20123 9 1 -2002058957
20124 10 1 64967217
20125 11 1 -586801744
20126 12 1 -1849467773
20127 13 1 1327315359
20128 14 1 -590634936
20129 15 1 -1211743250
20134 0 1 -3236102144
20135 1 1 -490628224
20136 2 1 -213746601
20137 3 1 -208295204
20138 4 1 2379756275
20139 5 1 -5006067035
20140 6 1 -448590351
20141 7 1 -1503521999
20142 8 1 -963180903
20143 9 1 -1887667745
20144 10 1 -3146135143
20145 11 1 -1577252934
20146 12 1 1365486208
20147 13 1 -2110986689
20148 14 1 2518942985
20149 15 1 232950883
20154 0 1 2144174080
20155 1 1 -522486478
20156 2 1 -1911993739
20157 3 1 4456987947
20158 4 1 2867495579
20159 5 1 1150636686
20160 6 1 -2869234437
20161 7 1 -3841727778
20162 8 1 -2745916301
20163 9 1 2895441658
20164 10 1 2015879761
20165 11 1 -27908726
20166 12 1 -381574311
20167 13 1 -3626516273
20168 14 1 -4565996069
20169 15 1 -198594960
20174 0 1 2082209792
20175 1 1 -1548333186
20176 2 1 1944202697
20177 3 1 140687363
20178 4 1 941737863
20179 5 1 -2743616108
20180 6 1 160271985
20181 7 1 257625078
20182 8 1 3050765438
20183 9 1 -3002818153
20184 10 1 1479099842
20185 11 1 -1226693534
20186 12 1 786000071
20187 13 1 434189830
20188 14 1 407565882
20189 15 1 -1619176088
20194 0 1 4064837632
20195 1 1 -2674056631
20196 2 1 1924595675
20197 3 1 180602950
20198 4 1 253421818
20199 5 1 1121599623
20200 6 1 2170141620
20201 7 1 1701867602
20202 8 1 2293083552
20203 9 1 4616064847
20204 10 1 -81886203
20205 11 1 1020733587
20206 12 1 -2873691170
20207 13 1 -4297255919
20208 14 1 -1672953561
20209 15 1 -108794521
20214 0 1 -2017394688
20215 1 1 1124314424
20216 2 1 2371036008
20217 3 1 -1375207236
20218 4 1 417766037
20219 5 1 -2148323702
20220 6 1 -403992332
20221 7 1 1102139038
20222 8 1 3279072984
20223 9 1 -781323758
20224 10 1 -1456694820
20225 11 1 2145172997
20226 12 1 -119094142
20227 13 1 1655427470
20228 14 1 546857095
20229 15 1 -1296328553
20234 0 1 -2668134400
20235 1 1 -2140928919
20236 2 1 26679526
20237 3 1 1079138483
20238 4 1 -335872845
20239 5 1 -1421992636
20240 6 1 2427540725
20241 7 1 2516758540
20242 8 1 1202026202
20243 9 1 232964114
20244 10 1 -1815975925
20245 11 1 356883953
20246 12 1 1932335129
20247 13 1 3511853495
20248 14 1 2676308156
20249 15 1 -1452105994
20254 0 1 -1745453056
20255 1 1 1184659180
20256 2 1 1743554770
20257 3 1 331243269
20258 4 1 -730730241
20259 5 1 272425937
20260 6 1 -2255179781
20261 7 1 42478396
20262 8 1 -1377761804
20263 9 1 -114878644
20264 10 1 374991881
20265 11 1 977235130
20266 12 1 -759492821
20267 13 1 3693570652
20268 14 1 1111646160
20269 15 1 -132725518
20274 0 1 -2668953600
20275 1 1 -1045076808
20276 2 1 -1176521352
20277 3 1 1513598651
20278 4 1 -2240163459
20279 5 1 95001680
20280 6 1 988406148
20281 7 1 -2072516713
20282 8 1 -643697240
20283 9 1 -2093627033
20284 10 1 -29553099
20285 11 1 974167385
20286 12 1 -704940101
20287 13 1 -845575649
20288 14 1 -342548639
20289 15 1 1752988293
20294 0 1 -1864794112
20295 1 1 -1834582106
20296 2 1 116635155
20297 3 1 -538758868
20298 4 1 -2173287688
20299 5 1 250047821
20300 6 1 2108828404
20301 7 1 2063080018
20302 8 1 1144075922
20303 9 1 -1216966050
20304 10 1 1726056581
20305 11 1 -1682425924
20306 12 1 -698512352
20307 13 1 754834634
20308 14 1 50605472
20309 15 1 -1647011057
20314 0 1 -4818206720
20315 1 1 -644274545
20316 2 1 125311545
20317 3 1 -379260022
20318 4 1 -2401947067
20319 5 1 -2495200622
20320 6 1 982732202
20321 7 1 1522556803
20322 8 1 -489961208
20323 9 1 -2267030219
20324 10 1 129649501
20325 11 1 724356704
20326 12 1 -1302142648
20327 13 1 -2061720020
20328 14 1 -693077370
20329 15 1 220882732
20334 0 1 -4849827840
20335 1 1 -304709255
20336 2 1 550520626
20337 3 1 1197510617
20338 4 1 1450891100
20339 5 1 -1885745927
20340 6 1 -901341855
20341 7 1 -776699581
20342 8 1 297706587
20343 9 1 811327365
20344 10 1 -1885096957
20345 11 1 447610120
20346 12 1 2673548161
20347 13 1 -1121574923
20348 14 1 1327919934
20349 15 1 -613132840
20356 0 1 -3836215296
20357 1 1 2494463065
20358 2 1 -1007491007
20359 3 1 -2660222410
20360 4 1 3320175825
20361 5 1 63783922
20362 6 1 -924090184
20363 7 1 -305866294
20364 8 1 -2460384189
20365 9 1 -488680571
20366 10 1 547109076
20367 11 1 2079025093
20368 12 1 2443002485
20369 13 1 -1352606653
20370 14 1 3440973327
20371 15 1 -1697957123
20376 0 1 -6565363712
20377 1 1 -1471065225
20378 2 1 -4363302023
20379 3 1 1238556161
20380 4 1 -1710291459
20381 5 1 -1203863801
20382 6 1 1970211301
20383 7 1 1938508862
20384 8 1 -2423049275
20385 9 1 1380409264
20386 10 1 -402688894
20387 11 1 -73884631
20388 12 1 2503577463
20389 13 1 33720923
20390 14 1 2093239204
20391 15 1 914801964
20396 0 1 -2665381888
20397 1 1 3648912928
20398 2 1 -624551702
20399 3 1 -785607128
20400 4 1 -534497365
20401 5 1 125074401
20402 6 1 -1004320826
20403 7 1 -1788704954
20404 8 1 -2733844536
20405 9 1 -1408506063
20406 10 1 345703433
20407 11 1 779367352
20408 12 1 -1616750502
20409 13 1 3146609572
20410 14 1 -220990033
20411 15 1 -3298222222
20416 0 1 -2343272448
20417 1 1 -885428468
20418 2 1 -1368532713
20419 3 1 391445457
20420 4 1 -1436628623
20421 5 1 -590745144
20422 6 1 2833343373
20423 7 1 4081956382
20424 8 1 -2512147914
20425 9 1 -1355712982
20426 10 1 -392354061
20427 11 1 -184625904
20428 12 1 545946188
20429 13 1 159363551
20430 14 1 377892179
20431 15 1 1727656899
20436 0 1 2946138112
20437 1 1 1523949034
20438 2 1 -1069948146
20439 3 1 59745039
20440 4 1 1085329377
20441 5 1 -1268199945
20442 6 1 -4701608270
20443 7 1 -2218778944
20444 8 1 -3414251374
20445 9 1 1242266259
20446 10 1 -1833778736
20447 11 1 167939074
20448 12 1 1313095527
20449 13 1 -1503679595
20450 14 1 252597047
20451 15 1 115273722
20456 0 1 1702232064
20457 1 1 630171130
20458 2 1 -2360667959
20459 3 1 1270215134
20460 4 1 1574889236
20461 5 1 -3914988534
20462 6 1 -399915296
20463 7 1 -2005877340
20464 8 1 -3732438075
20465 9 1 -3192660339
20466 10 1 -830088612
20467 11 1 597350882
20468 12 1 3089984270
20469 13 1 -2170530586
20470 14 1 2684485887
20471 15 1 562547815
20476 0 1 1702002688
20477 1 1 -1471382254
20478 2 1 -2794518431
20479 3 1 950489686
20480 4 1 2820086466
20481 5 1 513845806
20482 6 1 396001979
20483 7 1 385862093
20484 8 1 -69845953
20485 9 1 2789274410
20486 10 1 861483261
20487 11 1 -1089146666
20488 12 1 3544385200
20489 13 1 -4755310364
20490 14 1 1507650656
20491 15 1 -432222030
20496 0 1 -4229103616
20497 1 1 -1280185763
20498 2 1 2136272753
20499 3 1 -348915412
20500 4 1 -529896327
20501 5 1 -1940562587
20502 6 1 2235203323
20503 7 1 -106817046
20504 8 1 -143504931
20505 9 1 220000718
20506 10 1 1351947874
20507 11 1 -2090852886
20508 12 1 -1842828870
20509 13 1 -649940246
20510 14 1 1328031933
20511 15 1 -6755100579
20516 0 1 -6995279872
20517 1 1 -3368489540
20518 2 1 2997226141
20519 3 1 1422375658
20520 4 1 2097257630
20521 5 1 -5839417078
20522 6 1 -166883347
20523 7 1 -379122948
20524 8 1 -1418410414
20525 9 1 475848880
20526 10 1 -3223983337
20527 11 1 253206650
20528 12 1 -643851004
20529 13 1 2775584491
20530 14 1 -1831765286
20531 15 1 -1509548385
20536 0 1 -6260391936
20537 1 1 -293695198
20538 2 1 -617338390
20539 3 1 2646431903
20540 4 1 1803339536
20541 5 1 -3169443939
20542 6 1 -2933815922
20543 7 1 -3123369277
20544 8 1 -753960925
20545 9 1 -1882986256
20546 10 1 -954942174
20547 11 1 1360226536
20548 12 1 1146781053
20549 13 1 1963998824
20550 14 1 -1298918656
20551 15 1 16585765
20556 0 1 -2003271680
20557 1 1 2738478839
20558 2 1 -396703201
20559 3 1 1533580128
20560 4 1 251050508
20561 5 1 -1404398137
20562 6 1 -1156126861
20563 7 1 -532365417
20564 8 1 -148609888
20565 9 1 -891516903
20566 10 1 197399624
20567 11 1 -1562100374
20568 12 1 3495382330
20569 13 1 1580917670
20570 14 1 -2349968451
20571 15 1 4877664874
20576 0 1 1551859712
20577 1 1 489498240
20578 2 1 -608542025
20579 3 1 -2269177195
20580 4 1 668774092
20581 5 1 3883678556
20582 6 1 159612210
20583 7 1 -691521695
20584 8 1 -2261657691
20585 9 1 -534177827
20586 10 1 1469195979
20587 11 1 -1938482157
20588 12 1 1616594075
20589 13 1 -583991649
20590 14 1 -149624692
20591 15 1 1542070495
20596 0 1 -792920064
20597 1 1 -557480485
20598 2 1 -753890285
20599 3 1 -504507139
20600 4 1 -1191487952
20601 5 1 67903505
20602 6 1 3918400535
20603 7 1 1885930162
20604 8 1 -1954951839
20605 9 1 -1343348811
20606 10 1 1375780867
20607 11 1 1287981487
20608 12 1 394791587
20609 13 1 2100749911
20610 14 1 -397533716
20611 15 1 -32402530
20616 0 1 -1479442432
20617 1 1 -1522251163
20618 2 1 -946740329
20619 3 1 1615977454
20620 4 1 -2848070983
20621 5 1 3896387757
20622 6 1 -1406175597
20623 7 1 -1572982279
20624 8 1 279031344
20625 9 1 2767668693
20626 10 1 2124561536
20627 11 1 2483108875
20628 12 1 -3947978214
20629 13 1 -2161644012
20630 14 1 -2137108549
20631 15 1 1603085170
20636 0 1 89718784
20637 1 1 2934391631
20638 2 1 -838388225
20639 3 1 -1002554476
20640 4 1 -2405026358
20641 5 1 -2045339902
20642 6 1 -487125030
20643 7 1 1750105678
20644 8 1 -535945894
20645 9 1 -1957542649
20646 10 1 -33185353
20647 11 1 537008031
20648 12 1 -171893779
20649 13 1 3019716325
20650 14 1 -2193194966
20651 15 1 906507019
20656 0 1 3308978176
20657 1 1 623839576
20658 2 1 -899732879
20659 3 1 -646266711
20660 4 1 1926278573
20661 5 1 -118456129
20662 6 1 1464056753
20663 7 1 3847790794
20664 8 1 4629235527
20665 9 1 -2034121767
20666 10 1 -698662602
20667 11 1 9017250
20668 12 1 995519074
20669 13 1 -492837480
20670 14 1 597886384
20671 15 1 2099727206
20676 0 1 2658697216
20677 1 1 -2680663360
20678 2 1 2548182078
20679 3 1 49791098
20680 4 1 -938217014
20681 5 1 442957767
20682 6 1 1795019346
20683 7 1 2495204454
20684 8 1 -1147467190
20685 9 1 3425740517
20686 10 1 -1430365181
20687 11 1 3300442716
20688 12 1 -50500546
20689 13 1 -507814857
20690 14 1 -2658025244
20691 15 1 -8723353
20696 0 1 -125435904
20697 1 1 -865072828
20698 2 1 -496304230
20699 3 1 1419599905
20700 4 1 -1349121435
20701 5 1 -1661604658
20702 6 1 -2104327939
20703 7 1 -1649762514
20704 8 1 -131396958
20705 9 1 -2555354319
20706 10 1 -2404093737
20707 11 1 -314052161
20708 12 1 -957464371
20709 13 1 4429059414
20710 14 1 3138853676
20711 15 1 1238248969
20716 0 1 -887324672
20717 1 1 1495797506
20718 2 1 -3419394904
20719 3 1 -97022937
20720 4 1 1491961402
20721 5 1 -973840593
20722 6 1 -2576271773
20723 7 1 -2640748185
20724 8 1 -2236976610
20725 9 1 -1862065363
20726 10 1 -910278065
20727 11 1 -1342169347
20728 12 1 3563386188
20729 13 1 -1177574180
20730 14 1 5885984667
20731 15 1 -378695253
20736 0 1 1456308224
20737 1 1 -1530095208
20738 2 1 -3764438283
20739 3 1 2828733999
20740 4 1 -927231288
20741 5 1 758469579
20742 6 1 1524642548
20743 7 1 -54375239
20744 8 1 -3533832923
20745 9 1 1550720392
20746 10 1 2647561268
20747 11 1 -1211451181
20748 12 1 -1201292774
20749 13 1 -2991571337
20750 14 1 -1446874854
20751 15 1 -659018512
20756 0 1 1045233664
20757 1 1 -1842199790
20758 2 1 2821936789
20759 3 1 1006834872
20760 4 1 -100357003
20761 5 1 -1850560243
20762 6 1 -2862427798
20763 7 1 -3787068051
20764 8 1 1309866598
20765 9 1 -627507075
20766 10 1 459571449
20767 11 1 -280369407
20768 12 1 -2543220721
20769 13 1 -1902141222
20770 14 1 -2311028252
20771 15 1 -2151477212
20776 0 1 1784578048
20777 1 1 -2386849647
20778 2 1 2159764192
20779 3 1 2309366315
20780 4 1 457938088
20781 5 1 -1944017948
20782 6 1 38933566
20783 7 1 -1299473447
20784 8 1 2889125991
20785 9 1 957811554
20786 10 1 -1745902155
20787 11 1 -1872816402
20788 12 1 -1181796336
20789 13 1 -1708212936
20790 14 1 -2490971188
20791 15 1 823104548
20796 0 1 -1813348352
20797 1 1 -2557024854
20798 2 1 50857271
20799 3 1 670791229
20800 4 1 562241852
20801 5 1 -2308914204
20802 6 1 2762284786
20803 7 1 1253719855
20804 8 1 1537341589
20805 9 1 -2282113841
20806 10 1 -282685435
20807 11 1 1749150940
20808 12 1 -741309596
20809 13 1 228168446
20810 14 1 -1991211421
20811 15 1 -839347507
20816 0 1 -3436609536
20817 1 1 -406239011
20818 2 1 -824065124
20819 3 1 944213466
20820 4 1 1390660209
20821 5 1 -1992260743
20822 6 1 -557018251
20823 7 1 322695775
20824 8 1 1365253339
20825 9 1 -750272217
20826 10 1 47930727
20827 11 1 554862654
20828 12 1 1931261141
20829 13 1 519093106
20830 14 1 2762780412
20831 15 1 -1073206788
20838 0 1 -2815721472
20839 1 1 1159828270
20840 2 1 64530320
20841 3 1 879765950
20842 4 1 -4457443499
20843 5 1 1095609982
20844 6 1 -2397431826
20845 7 1 -2319388468
20846 8 1 -754914446
20847 9 1 1987845678
20848 10 1 113413445
20849 11 1 -432759305
20850 12 1 -488119722
20851 13 1 2843391274
20852 14 1 1277669883
20853 15 1 3824811031
20858 0 1 -3243737088
20859 1 1 4822083131
20860 2 1 -266334295
20861 3 1 -3243042010
20862 4 1 -2961055038
20863 5 1 1270269597
20864 6 1 2471557848
20865 7 1 -3058343065
20866 8 1 -305154325
20867 9 1 -4692601737
20868 10 1 -138895404
20869 11 1 -1859122666
20870 12 1 -2282255397
20871 13 1 895930584
20872 14 1 2504271152
20873 15 1 1513819718
20878 0 1 72646656
20879 1 1 1028305385
20880 2 1 -3004664866
20881 3 1 226317466
20882 4 1 -51220517
20883 5 1 2664250844
20884 6 1 118441144
20885 7 1 1345805817
20886 8 1 -1833641047
20887 9 1 288035051
20888 10 1 786637699
20889 11 1 -3149935779
20890 12 1 2744894994
20891 13 1 490361556
20892 14 1 1999994239
20893 15 1 3993351203
20898 0 1 -4358995968
20899 1 1 -1448946405
20900 2 1 494588596
20901 3 1 -1491059058
20902 4 1 -2512785872
20903 5 1 -2381116280
20904 6 1 4073478591
20905 7 1 -27595998
20906 8 1 -3441705557
20907 9 1 -2198111696
20908 10 1 337204292
20909 11 1 1175793525
20910 12 1 -909890616
20911 13 1 740194913
20912 14 1 3458366119
20913 15 1 -3612213401
20918 0 1 -2861563904
20919 1 1 -287318304
20920 2 1 -1906552223
20921 3 1 2714126321
20922 4 1 -918278300
20923 5 1 1339816865
20924 6 1 2123438972
20925 7 1 -1446180014
20926 8 1 -1814509200
20927 9 1 196300294
20928 10 1 364408305
20929 11 1 2008946368
20930 12 1 -5338498508
20931 13 1 312603055
20932 14 1 -793361834
20933 15 1 -822435989
20938 0 1 -2034204672
20939 1 1 470741531
20940 2 1 -1947091794
20941 3 1 1406683405
20942 4 1 -1957830013
20943 5 1 908834239
20944 6 1 -4601366573
20945 7 1 109304391
20946 8 1 289504391
20947 9 1 1687036634
20948 10 1 -389443772
20949 11 1 3009696655
20950 12 1 -1173949380
20951 13 1 354076773
20952 14 1 -679654406
20953 15 1 3625221217
20958 0 1 822706176
20959 1 1 3102794642
20960 2 1 -154697097
20961 3 1 -853380994
20962 4 1 -4316435969
20963 5 1 -1687942970
20964 6 1 1440546976
20965 7 1 1366650407
20966 8 1 3428259802
20967 9 1 -2131812954
20968 10 1 -1004427924
20969 11 1 2733458964
20970 12 1 1421003148
20971 13 1 146677092
20972 14 1 995871273
20973 15 1 2347927520
20978 0 1 -2831974400
20979 1 1 -940906581
20980 2 1 455902728
20981 3 1 -427243387
20982 4 1 -820388098
20983 5 1 1218946045
20984 6 1 3289039770
20985 7 1 2501558738
20986 8 1 3257092697
20987 9 1 91562983
20988 10 1 -1240653548
20989 11 1 -1329630723
20990 12 1 1325048509
20991 13 1 757272460
20992 14 1 2521267115
20993 15 1 1143271539
20998 0 1 -8124170240
20999 1 1 -518706497
21000 2 1 517382903
21001 3 1 -407875080
21002 4 1 -719548334
21003 5 1 -1181019749
21004 6 1 184737080
21005 7 1 -481541333
21006 8 1 -2124803444
21007 9 1 -2611983073
21008 10 1 343061436
21009 11 1 -388590456
21010 12 1 100530035
21011 13 1 4391251794
21012 14 1 2624221805
21013 15 1 -1214354102
21018 0 1 -6504677376
21019 1 1 -788091424
21020 2 1 -948809651
21021 3 1 -621821667
21022 4 1 -1118637319
21023 5 1 -2603936161
21024 6 1 -703674916
21025 7 1 1279225411
21026 8 1 -3342761370
21027 9 1 -1610569124
21028 10 1 1426831626
21029 11 1 -1261095079
21030 12 1 780002188
21031 13 1 -14129508
21032 14 1 3135840706
21033 15 1 413408994
21038 0 1 -3209166848
21039 1 1 1887423159
21040 2 1 157769006
21041 3 1 825224178
21042 4 1 -1262555901
21043 5 1 -2350446173
21044 6 1 -672013485
21045 7 1 -2802000756
21046 8 1 -1407966480
21047 9 1 -678221827
21048 10 1 -2716897732
21049 11 1 -1772003108
21050 12 1 -1334853480
21051 13 1 -1220875616
21052 14 1 2496449594
21053 15 1 2084973273
21058 0 1 1815248896
21059 1 1 2120517003
21060 2 1 -1569680116
21061 3 1 -612859353
21062 4 1 2780117666
21063 5 1 2015810258
21064 6 1 -1822690092
21065 7 1 -1208007281
21066 8 1 -380914665
21067 9 1 1256944915
21068 10 1 824926642
21069 11 1 346390553
21070 12 1 1948340554
21071 13 1 -2300784500
21072 14 1 1918397423
21073 15 1 -379719386
21078 0 1 -916160512
21079 1 1 478068401
21080 2 1 957496805
21081 3 1 -1224862136
21082 4 1 -2353951965
21083 5 1 -79613019
21084 6 1 4175295760
21085 7 1 1933684021
21086 8 1 1902498118
21087 9 1 -282933216
21088 10 1 1471552583
21089 11 1 -1216227056
21090 12 1 449177747
21091 13 1 -2034943751
21092 14 1 2391567999
21093 15 1 -1936442381
21098 0 1 -1326350336
21099 1 1 -1552962070
21100 2 1 4228893037
21101 3 1 -511429909
21102 4 1 -217834823
21103 5 1 -899348632
21104 6 1 2697258400
21105 7 1 -215031021
21106 8 1 -2015427480
21107 9 1 -12409293
21108 10 1 -350394047
21109 11 1 -376420423
21110 12 1 -3423214428
21111 13 1 -466763705
21112 14 1 -2341805782
21113 15 1 -3737480613
21118 0 1 -2475655168
21119 1 1 -1809297707
21120 2 1 -1162069246
21121 3 1 2963544372
21122 4 1 1833290857
21123 5 1 -2590541533
21124 6 1 -221226520
21125 7 1 -1650769583
21126 8 1 -675281711
21127 9 1 -2354963039
21128 10 1 -2128443314
21129 11 1 -1530805744
21130 12 1 -2743324463
21131 13 1 779657165
21132 14 1 -446019961
21133 15 1 973235240
21138 0 1 1224704000
21139 1 1 -675707230
21140 2 1 -2246190943
21141 3 1 2359231863
21142 4 1 5715422
21143 5 1 -1015947111
21144 6 1 -3678102642
21145 7 1 -1212336021
21146 8 1 -1362607551
21147 9 1 924559147
21148 10 1 -1504034623
21149 11 1 2210455355
21150 12 1 3473106338
21151 13 1 -283024289
21152 14 1 3403996761
21153 15 1 -54166436
21158 0 1 227737600
21159 1 1 1214105270
21160 2 1 -4245319316
21161 3 1 1302977444
21162 4 1 -2260025025
21163 5 1 -974700097
21164 6 1 1862411469
21165 7 1 -827798014
21166 8 1 -3971216833
21167 9 1 -707611206
21168 10 1 -968139586
21169 11 1 1844670347
21170 12 1 2896490021
21171 13 1 1777008685
21172 14 1 3082627903
21173 15 1 -1007915967
21178 0 1 -1523482624
21179 1 1 1185435961
21180 2 1 -1753197856
21181 3 1 903833848
21182 4 1 -918900835
21183 5 1 3431968385
21184 6 1 1627149960
21185 7 1 913392419
21186 8 1 -2451123137
21187 9 1 -2499896872
21188 10 1 3176327316
21189 11 1 481854833
21190 12 1 163897440
21191 13 1 1894875692
21192 14 1 2820960875
21193 15 1 -3021876900
21198 0 1 -3226861568
21199 1 1 -1459797895
21200 2 1 -734163595
21201 3 1 1370569638
21202 4 1 -1859587958
21203 5 1 1100213453
21204 6 1 -1279770301
21205 7 1 454089458
21206 8 1 -297910262
21207 9 1 3199193487
21208 10 1 1194614978
21209 11 1 578618708
21210 12 1 -956962700
21211 13 1 -1591704989
21212 14 1 -785176509
21213 15 1 2275936419
21218 0 1 198082560
21219 1 1 2574675330
21220 2 1 599886967
21221 3 1 -1477747754
21222 4 1 -3403554293
21223 5 1 1477636683
21224 6 1 557098005
21225 7 1 -596622164
21226 8 1 297256724
21227 9 1 791275064
21228 10 1 -597893460
21229 11 1 720489935
21230 12 1 -4793915756
21231 13 1 662725853
21232 14 1 -4314773560
21233 15 1 -221941676
21238 0 1 -34668544
21239 1 1 -112361777
21240 2 1 597150948
21241 3 1 -1065988558
21242 4 1 491862115
21243 5 1 -3081293240
21244 6 1 1231255720
21245 7 1 5019036771
21246 8 1 1643963803
21247 9 1 -2705729960
21248 10 1 -596891958
21249 11 1 2674814425
21250 12 1 2355988790
21251 13 1 2651377472
21252 14 1 -1463707769
21253 15 1 1793031230
21258 0 1 -242876416
21259 1 1 -3176430445
21260 2 1 -672006618
21261 3 1 1682159562
21262 4 1 -1019022176
21263 5 1 -943108729
21264 6 1 2503395826
21265 7 1 2867906831
21266 8 1 -413149874
21267 9 1 804472371
21268 10 1 41830727
21269 11 1 2920333120
21270 12 1 780849616
21271 13 1 -243875242
21272 14 1 119163341
21273 15 1 -1234939374
21278 0 1 -3380477952
21279 1 1 1813755137
21280 2 1 -824320867
21281 3 1 -2107786688
21282 4 1 550842071
21283 5 1 -1442284830
21284 6 1 -1134392849
21285 7 1 2467804358
21286 8 1 1590140266
21287 9 1 -2536906184
21288 10 1 -1706276276
21289 11 1 1250037821
21290 12 1 2765123730
21291 13 1 3752455604
21292 14 1 1539934902
21293 15 1 -504673536
21298 0 1 -3322806272
21299 1 1 3505871359
21300 2 1 -790627274
21301 3 1 -962784453
21302 4 1 153297388
21303 5 1 1295866691
21304 6 1 -1553216662
21305 7 1 2411489111
21306 8 1 -903990246
21307 9 1 760094825
21308 10 1 -187055316
21309 11 1 -619357997
21310 12 1 6164428370
21311 13 1 -303918521
21312 14 1 1932167168
21313 15 1 2737667572
21320 0 1 -4054974464
21321 1 1 -360734091
21322 2 1 2686238806
21323 3 1 -4063930614
21324 4 1 562373460
21325 5 1 -259103273
21326 6 1 5670347605
21327 7 1 2238850242
21328 8 1 -2071272772
21329 9 1 -3476415270
21330 10 1 1291237008
21331 11 1 856623738
21332 12 1 -4014586555
21333 13 1 1874096530
21334 14 1 1875927428
21335 15 1 -4450687949
21340 0 1 -4126310400
21341 1 1 -1172119018
21342 2 1 773277902
21343 3 1 -449188062
21344 4 1 1200221616
21345 5 1 1033812002
21346 6 1 -1973892180
21347 7 1 -230573791
21348 8 1 619216394
21349 9 1 3305458371
21350 10 1 -525912640
21351 11 1 956193121
21352 12 1 -2228059761
21353 13 1 -3481119137
21354 14 1 421572496
21355 15 1 1015615573
21360 0 1 -2199486464
21361 1 1 2510908993
21362 2 1 773814358
21363 3 1 92684416
21364 4 1 -157715762
21365 5 1 -1076080265
21366 6 1 -798339063
21367 7 1 -3103236058
21368 8 1 347402813
21369 9 1 -427679330
21370 10 1 -361814380
21371 11 1 -215625616
21372 12 1 -2779866083
21373 13 1 -692522148
21374 14 1 -1848140547
21375 15 1 -1907973895
21380 0 1 -3870162944
21381 1 1 -4120806358
21382 2 1 2228096503
21383 3 1 -708151775
21384 4 1 852860337
21385 5 1 -393612464
21386 6 1 2749496944
21387 7 1 1915349573
21388 8 1 5242549703
21389 9 1 556851306
21390 10 1 -577439562
21391 11 1 -2050741495
21392 12 1 -1512229420
21393 13 1 -690090210
21394 14 1 1105869906
21395 15 1 -606843837
21400 0 1 -4485545984
21401 1 1 435466067
21402 2 1 4982666551
21403 3 1 -591357257
21404 4 1 579844458
21405 5 1 -1552450613
21406 6 1 -502438692
21407 7 1 -3177662999
21408 8 1 -488613084
21409 9 1 694884026
21410 10 1 -980236413
21411 11 1 -2081550489
21412 12 1 -3968649687
21413 13 1 1310470669
21414 14 1 -1892665746
21415 15 1 -4275700660
21420 0 1 -2893316096
21421 1 1 -4017114633
21422 2 1 -2660786350
21423 3 1 1657192526
21424 4 1 3448775664
21425 5 1 -3614544012
21426 6 1 451142287
21427 7 1 -334036814
21428 8 1 -2909268893
21429 9 1 -3346555550
21430 10 1 -55228623
21431 11 1 -787081658
21432 12 1 -2945548157
21433 13 1 1051577738
21434 14 1 -3618323741
21435 15 1 -445229785
21440 0 1 -527695872
21441 1 1 -2135580735
21442 2 1 -869611689
21443 3 1 1094233807
21444 4 1 -501074179
21445 5 1 -3600971341
21446 6 1 -1963962358
21447 7 1 1273401866
21448 8 1 890035412
21449 9 1 -112969624
21450 10 1 -2296860733
21451 11 1 2323878365
21452 12 1 2862542065
21453 13 1 -201687802
21454 14 1 1527692696
21455 15 1 468287394
21460 0 1 -2768175104
21461 1 1 60614912
21462 2 1 1701690574
21463 3 1 172042542
21464 4 1 -2398209114
21465 5 1 -839065418
21466 6 1 -642946697
21467 7 1 -947119051
21468 8 1 -2414642695
21469 9 1 2854361343
21470 10 1 -1592966859
21471 11 1 1171924876
21472 12 1 2264767830
21473 13 1 -1230281788
21474 14 1 4035015522
21475 15 1 -1631961524
21480 0 1 -5472550912
21481 1 1 1526930477
21482 2 1 -808808560
21483 3 1 841710636
21484 4 1 -118271104
21485 5 1 556943655
21486 6 1 -1211705053
21487 7 1 -3200054876
21488 8 1 -1597964975
21489 9 1 -1897081934
21490 10 1 1105342679
21491 11 1 -1495368390
21492 12 1 -1107071416
21493 13 1 -177833159
21494 14 1 2439858820
21495 15 1 -452611236
21500 0 1 -3961061376
21501 1 1 291928821
21502 2 1 -1094302690
21503 3 1 2692078535
21504 4 1 -81516390
21505 5 1 -860843430
21506 6 1 3655193829
21507 7 1 -1307073717
21508 8 1 1510889329
21509 9 1 -2113709901
21510 10 1 953983503
21511 11 1 -412813163
21512 12 1 -3349178177
21513 13 1 -1349199863
21514 14 1 -4219213649
21515 15 1 1735667941
21520 0 1 1601601536
21521 1 1 -1071965325
21522 2 1 -293356270
21523 3 1 746977690
21524 4 1 3278374452
21525 5 1 4080160048
21526 6 1 -630868066
21527 7 1 -2653597592
21528 8 1 3154033870
21529 9 1 -683548524
21530 10 1 2148501980
21531 11 1 -49618914
21532 12 1 -3804455336
21533 13 1 -519637695
21534 14 1 -3068899256
21535 15 1 -1018163439
21540 0 1 5310218240
21541 1 1 788141814
21542 2 1 -1961365316
21543 3 1 -201755016
21544 4 1 1214079497
21545 5 1 2311430864
21546 6 1 -3632773357
21547 7 1 1409535853
21548 8 1 2480073441
21549 9 1 1600381039
21550 10 1 1169894371
21551 11 1 -365143608
21552 12 1 1547937849
21553 13 1 1707691738
21554 14 1 -3243099438
21555 15 1 3107034227
21560 0 1 3789553664
21561 1 1 -115166462
21562 2 1 547411993
21563 3 1 -4029539723
21564 4 1 -2248405108
21565 5 1 1693325074
21566 6 1 36760994
21567 7 1 3663841382
21568 8 1 3062924542
21569 9 1 1652590323
21570 10 1 -1176625185
21571 11 1 776753798
21572 12 1 3253386813
21573 13 1 469277992
21574 14 1 1201767999
21575 15 1 1103621531
21580 0 1 2684747776
21581 1 1 966504577
21582 2 1 938748770
21583 3 1 477106874
21584 4 1 -3048921636
21585 5 1 2366519701
21586 6 1 520175903
21587 7 1 -689188875
21588 8 1 -1986743760
21589 9 1 2919602730
21590 10 1 14149877
21591 11 1 1833589675
21592 12 1 -1831677825
21593 13 1 1626898618
21594 14 1 -2088217095
21595 15 1 549103240
21600 0 1 -3683844096
21601 1 1 -1590600449
21602 2 1 -94698720
21603 3 1 -73830743
21604 4 1 -1013627193
21605 5 1 -867504227
21606 6 1 1630583265
21607 7 1 1031180352
21608 8 1 -528328450
21609 9 1 -4868306339
21610 10 1 528383585
21611 11 1 37748135
21612 12 1 -481900370
21613 13 1 4233333760
21614 14 1 2728810143
21615 15 1 -1276707241
21620 0 1 1083047936
21621 1 1 -601933144
21622 2 1 -1479257380
21623 3 1 1175826209
21624 4 1 -72761888
21625 5 1 819248392
21626 6 1 -417391422
21627 7 1 -1369872597
21628 8 1 -1323592004
21629 9 1 -434125880
21630 10 1 134177838
21631 11 1 -669847542
21632 12 1 -3148933719
21633 13 1 -35628970
21634 14 1 915368621
21635 15 1 608618235
21640 0 1 -1241513984
21641 1 1 916312135
21642 2 1 -1235562022
21643 3 1 -2643415969
21644 4 1 -91465206
21645 5 1 361818415
21646 6 1 -1886460188
21647 7 1 1087561315
21648 8 1 -106719598
21649 9 1 594722673
21650 10 1 -1402513130
21651 11 1 -1830742160
21652 12 1 2348693325
21653 13 1 -1718578332
21654 14 1 2487935917
21655 15 1 834929932
21660 0 1 2759622656
21661 1 1 2318780233
21662 2 1 460594293
21663 3 1 -148978893
21664 4 1 1319037120
21665 5 1 76752044
21666 6 1 -2498493666
21667 7 1 -2702231334
21668 8 1 -210443127
21669 9 1 3188318270
21670 10 1 834552260
21671 11 1 -2202758241
21672 12 1 -159052988
21673 13 1 -3496166804
21674 14 1 -563447436
21675 15 1 -2759398957
21680 0 1 -463241216
21681 1 1 -420541975
21682 2 1 4095611682
21683 3 1 687694435
21684 4 1 1496922029
21685 5 1 -2182324346
21686 6 1 1976330332
21687 7 1 -2946040764
21688 8 1 388768859
21689 9 1 -1323078591
21690 10 1 -1692084433
21691 11 1 -1480354473
21692 12 1 -1910419882
21693 13 1 -155291951
21694 14 1 -4815974462
21695 15 1 894426621
21700 0 1 2205220864
21701 1 1 -4620705865
21702 2 1 1798037887
21703 3 1 -318510512
21704 4 1 1865866550
21705 5 1 1045929793
21706 6 1 -343212493
21707 7 1 -761450289
21708 8 1 -2205497577
21709 9 1 831041343
21710 10 1 346874814
21711 11 1 -1789949035
21712 12 1 -1283653309
21713 13 1 62723980
21714 14 1 -94646180
21715 15 1 -605353710
21720 0 1 1910669312
21721 1 1 2100882225
21722 2 1 -5500363632
21723 3 1 1429766805
21724 4 1 -1564217620
21725 5 1 -1109839594
21726 6 1 -1915518399
21727 7 1 -2768464577
21728 8 1 -2020521788
21729 9 1 -2355780906
21730 10 1 -1381535933
21731 11 1 385707998
21732 12 1 1092084520
21733 13 1 -695268822
21734 14 1 928324595
21735 15 1 1134541708
21740 0 1 2025062400
21741 1 1 1749102835
21742 2 1 1494330136
21743 3 1 1154105391
21744 4 1 -1117336551
21745 5 1 291998874
21746 6 1 402218248
21747 7 1 -1783400871
21748 8 1 -2269486495
21749 9 1 1281349861
21750 10 1 -812719640
21751 11 1 -1765408138
21752 12 1 2077752638
21753 13 1 -1659307999
21754 14 1 1972117889
21755 15 1 289272433
21760 0 1 551124992
21761 1 1 -1047603159
21762 2 1 -2377568949
21763 3 1 1061002533
21764 4 1 712553243
21765 5 1 514946124
21766 6 1 -2242406625
21767 7 1 -2542155077
21768 8 1 -3511218135
21769 9 1 -942668288
21770 10 1 1333034430
21771 11 1 -919138178
21772 12 1 1389622825
21773 13 1 -1808685227
21774 14 1 3468189641
21775 15 1 642764076
21780 0 1 -239304704
21781 1 1 1320728826
21782 2 1 -1483700158
21783 3 1 925711426
21784 4 1 -1157834510
21785 5 1 -2531058027
21786 6 1 -605812333
21787 7 1 -3297075778
21788 8 1 -1996522576
21789 9 1 239753664
21790 10 1 -183489336
21791 11 1 384815603
21792 12 1 549669000
21793 13 1 -2968462925
21794 14 1 2040666758
21795 15 1 1732018292
21802 0 1 -1421508608
21803 1 1 -1883642042
21804 2 1 461163520
21805 3 1 -53113804
21806 4 1 221060620
21807 5 1 951233930
21808 6 1 3515885357
21809 7 1 951438
21810 8 1 1737073809
21811 9 1 1471475391
21812 10 1 2011111906
21813 11 1 -1220744614
21814 12 1 -1570948934
21815 13 1 -1694064736
21816 14 1 1514677357
21817 15 1 -1976864151
21822 0 1 -4505632768
21823 1 1 -1207929575
21824 2 1 434593256
21825 3 1 674321551
21826 4 1 1825618600
21827 5 1 -3426366476
21828 6 1 676855755
21829 7 1 -2972422512
21830 8 1 1473166193
21831 9 1 -1131808498
21832 10 1 648751972
21833 11 1 1551839483
21834 12 1 -5098274225
21835 13 1 255827299
21836 14 1 -5398642298
21837 15 1 -2932028734
21842 0 1 -3814948864
21843 1 1 -2951166415
21844 2 1 3037575425
21845 3 1 2150862875
21846 4 1 846019169
21847 5 1 -3481308970
21848 6 1 -2196753113
21849 7 1 922423133
21850 8 1 2623843051
21851 9 1 1266631776
21852 10 1 -1588547551
21853 11 1 -1321752740
21854 12 1 -1178832316
21855 13 1 2780780205
21856 14 1 -4746165616
21857 15 1 4702239112
21862 0 1 -3925770240
21863 1 1 -4555244982
21864 2 1 4448764336
21865 3 1 -1212325043
21866 4 1 -2313247629
21867 5 1 -4507739854
21868 6 1 -1395182970
21869 7 1 908767584
21870 8 1 1196884802
21871 9 1 -869991040
21872 10 1 -3181386492
21873 11 1 1054101860
21874 12 1 1336504374
21875 13 1 3475946660
21876 14 1 3016397957
21877 15 1 487861762
21882 0 1 -4878860288
21883 1 1 587497968
21884 2 1 -470487514
21885 3 1 2142329023
21886 4 1 -760030877
21887 5 1 -2909569660
21888 6 1 397972298
21889 7 1 -3878169514
21890 8 1 463800917
21891 9 1 -1715028550
21892 10 1 -1129344363
21893 11 1 375231686
21894 12 1 -1243781803
21895 13 1 627009472
21896 14 1 567465661
21897 15 1 1193949660
21902 0 1 -4689264640
21903 1 1 510595608
21904 2 1 -1702547428
21905 3 1 2490642268
21906 4 1 992504018
21907 5 1 546828850
21908 6 1 1984404502
21909 7 1 -677279804
21910 8 1 1675258752
21911 9 1 -3698508717
21912 10 1 3233269181
21913 11 1 -3068423568
21914 12 1 -2399915854
21915 13 1 -363693602
21916 14 1 -4140642191
21917 15 1 1012920780
21922 0 1 248578048
21923 1 1 -2736116156
21924 2 1 995720655
21925 3 1 -863451203
21926 4 1 2274136372
21927 5 1 -908721169
21928 6 1 -594406224
21929 7 1 1367510881
21930 8 1 2587315766
21931 9 1 -1853856924
21932 10 1 -315915301
21933 11 1 -1856884386
21934 12 1 1062304224
21935 13 1 1624742979
21936 14 1 -1577339281
21937 15 1 452557739
21942 0 1 1145602048
21943 1 1 -1499439286
21944 2 1 1689229991
21945 3 1 234622110
21946 4 1 -858732805
21947 5 1 1473549269
21948 6 1 -1429720628
21949 7 1 -863495510
21950 8 1 -1385777559
21951 9 1 3651733502
21952 10 1 -1229322832
21953 11 1 815800996
21954 12 1 445113799
21955 13 1 639299051
21956 14 1 -235344203
21957 15 1 1316453175
21962 0 1 -1228242944
21963 1 1 -334801772
21964 2 1 -1347170424
21965 3 1 173896711
21966 4 1 -2882488241
21967 5 1 697991041
21968 6 1 -56505148
21969 7 1 693322969
21970 8 1 -1473399403
21971 9 1 135985487
21972 10 1 2200747902
21973 11 1 1756143443
21974 12 1 -1323997238
21975 13 1 920686960
21976 14 1 492435701
21977 15 1 -874754031
21982 0 1 -2487091200
21983 1 1 468816600
21984 2 1 -425936170
21985 3 1 111020117
21986 4 1 -3384009803
21987 5 1 -2384780237
21988 6 1 154793491
21989 7 1 -189928953
21990 8 1 1953617055
21991 9 1 -2183216398
21992 10 1 -1071552569
21993 11 1 653981597
21994 12 1 -335839410
21995 13 1 339855119
21996 14 1 781563417
21997 15 1 1404252768
22002 0 1 -2214756352
22003 1 1 1133076175
22004 2 1 3234181484
22005 3 1 -899816915
22006 4 1 -27382903
22007 5 1 -2484268498
22008 6 1 -353558116
22009 7 1 2996782988
22010 8 1 -127251518
22011 9 1 948003169
22012 10 1 -806833005
22013 11 1 -2284790579
22014 12 1 3837399220
22015 13 1 603116062
22016 14 1 772023593
22017 15 1 1222535579
22022 0 1 625147904
22023 1 1 1671437624
22024 2 1 -928029315
22025 3 1 410074612
22026 4 1 3608643676
22027 5 1 -936083234
22028 6 1 1176127013
22029 7 1 -1632029338
22030 8 1 -298232486
22031 9 1 -3822140186
22032 10 1 834385567
22033 11 1 -1915055001
22034 12 1 -825841760
22035 13 1 -712109049
22036 14 1 -481493177
22037 15 1 -1395659935
22042 0 1 2201583616
22043 1 1 -1594936844
22044 2 1 1159762711
22045 3 1 -1293499278
22046 4 1 2634355531
22047 5 1 337915377
22048 6 1 16950281
22049 7 1 2177246698
22050 8 1 128243543
22051 9 1 1794189684
22052 10 1 -517829570
22053 11 1 689774927
22054 12 1 3757544479
22055 13 1 -1211717280
22056 14 1 -52287963
22057 15 1 1499919223
22062 0 1 1554808832
22063 1 1 394240114
22064 2 1 -658483233
22065 3 1 -1172398327
22066 4 1 -2194068460
22067 5 1 2405736473
22068 6 1 2011297874
22069 7 1 1253421132
22070 8 1 -3752031904
22071 9 1 1423768417
22072 10 1 487394715
22073 11 1 -172199871
22074 12 1 1710810646
22075 13 1 675785121
22076 14 1 1990888941
22077 15 1 -3735361939
22082 0 1 -2270003200
22083 1 1 1659428414
22084 2 1 548369964
22085 3 1 982693681
22086 4 1 372028735
22087 5 1 179372890
22088 6 1 -619345722
22089 7 1 -2552628656
22090 8 1 -782754296
22091 9 1 -680172089
22092 10 1 24677213
22093 11 1 -1950670492
22094 12 1 -1101668455
22095 13 1 1894191741
22096 14 1 2741903923
22097 15 1 -2486007567
22102 0 1 345604096
22103 1 1 1679678456
22104 2 1 -252229080
22105 3 1 965661510
22106 4 1 1891381738
22107 5 1 2100916354
22108 6 1 -2101564855
22109 7 1 -2760354103
22110 8 1 -2779759560
22111 9 1 2605246089
22112 10 1 346886149
22113 11 1 39500358
22114 12 1 -1324154605
22115 13 1 -1341393826
22116 14 1 -3769381150
22117 15 1 1370546092
22122 0 1 792166400
22123 1 1 -1136182333
22124 2 1 3074023036
22125 3 1 272295954
22126 4 1 -2155059312
22127 5 1 -1374924516
22128 6 1 140393238
22129 7 1 -1934068973
22130 8 1 -184408259
22131 9 1 -217528318
22132 10 1 -94529298
22133 11 1 538626104
22134 12 1 -3193141257
22135 13 1 862124346
22136 14 1 -2657598654
22137 15 1 4713362382
22142 0 1 3593568256
22143 1 1 -1073089741
22144 2 1 -928946514
22145 3 1 -577330671
22146 4 1 -2125932666
22147 5 1 566888586
22148 6 1 85406168
22149 7 1 -358459878
22150 8 1 1163054942
22151 9 1 819271451
22152 10 1 -471092380
22153 11 1 2159989220
22154 12 1 -2381623011
22155 13 1 -2755258278
22156 14 1 -1983107300
22157 15 1 3103500239
22162 0 1 -1914503168
22163 1 1 19607059
22164 2 1 -32926868
22165 3 1 600397253
22166 4 1 -1103365446
22167 5 1 -2468482331
22168 6 1 1315476536
22169 7 1 -276661278
22170 8 1 3251374998
22171 9 1 -2703597834
22172 10 1 -354619826
22173 11 1 -304728075
22174 12 1 1271375779
22175 13 1 1185512146
22176 14 1 3346518054
22177 15 1 -537420638
22182 0 1 757465088
22183 1 1 -1161134388
22184 2 1 305857174
22185 3 1 2229352438
22186 4 1 1040099866
22187 5 1 2547044417
22188 6 1 1420318280
22189 7 1 -2461644
22190 8 1 1437367209
22191 9 1 1157677435
22192 10 1 827397129
22193 11 1 -1111903638
22194 12 1 -3025602207
22195 13 1 1776297663
22196 14 1 -1238786507
22197 15 1 -1367704454
22202 0 1 633470976
22203 1 1 -2351266252
22204 2 1 3449178360
22205 3 1 -1284619076
22206 4 1 -2652160925
22207 5 1 705421562
22208 6 1 -1208549263
22209 7 1 1815612997
22210 8 1 508103296
22211 9 1 -1294589148
22212 10 1 1331337142
22213 11 1 912623277
22214 12 1 -2905316306
22215 13 1 1373510472
22216 14 1 -917449239
22217 15 1 931569525
22222 0 1 1824358400
22223 1 1 -787101602
22224 2 1 -3022899048
22225 3 1 799873059
22226 4 1 -1154966848
22227 5 1 -980943219
22228 6 1 -746085682
22229 7 1 -1940358901
22230 8 1 1750643934
22231 9 1 137435039
22232 10 1 -3799643022
22233 11 1 840009159
22234 12 1 901715318
22235 13 1 -871240762
22236 14 1 3629436332
22237 15 1 611524634
22242 0 1 2303361024
22243 1 1 2545602137
22244 2 1 936496566
22245 3 1 3329430153
22246 4 1 -2595183438
22247 5 1 4443180926
22248 6 1 1033226043
22249 7 1 -1711682324
22250 8 1 1490900281
22251 9 1 602890138
22252 10 1 2913961689
22253 11 1 1112446456
22254 12 1 -4284736565
22255 13 1 783139159
22256 14 1 -1457619059
22257 15 1 -359770507
22262 0 1 1071874048
22263 1 1 -1484419937
22264 2 1 -2502910718
22265 3 1 -1747503367
22266 4 1 -1434338479
22267 5 1 1897273863
22268 6 1 1978410133
22269 7 1 3599738531
22270 8 1 2832055858
22271 9 1 -1011166937
22272 10 1 -320601851
22273 11 1 1071942741
22274 12 1 -1732411795
22275 13 1 -178042615
22276 14 1 -522263470
22277 15 1 2717253205
22284 0 1 -4708106240
22285 1 1 -264723368
22286 2 1 3851426209
22287 3 1 -1480392846
22288 4 1 -4926459004
22289 5 1 -1048514627
22290 6 1 1448948759
22291 7 1 1208338656
22292 8 1 4176099827
22293 9 1 382321402
22294 10 1 -1930883876
22295 11 1 857174701
22296 12 1 -543301654
22297 13 1 2113591167
22298 14 1 1398681450
22299 15 1 -1845557519
22304 0 1 -6750732288
22305 1 1 930592819
22306 2 1 1718739264
22307 3 1 161116184
22308 4 1 -1882618932
22309 5 1 -728232490
22310 6 1 -1498567895
22311 7 1 -169534625
22312 8 1 1273074188
22313 9 1 -1040366595
22314 10 1 -644827811
22315 11 1 -1704283505
22316 12 1 258147912
22317 13 1 1909728416
22318 14 1 -1525181640
22319 15 1 2661902666
22324 0 1 -4872798208
22325 1 1 500289031
22326 2 1 -1427111437
22327 3 1 103104692
22328 4 1 266567216
22329 5 1 -2217091117
22330 6 1 1930755630
22331 7 1 -366294272
22332 8 1 -3406837590
22333 9 1 -5391443033
22334 10 1 578548283
22335 11 1 -1777569800
22336 12 1 762376940
22337 13 1 880194710
22338 14 1 1118749496
22339 15 1 62209785
22344 0 1 51773440
22345 1 1 -4784690277
22346 2 1 -2495723841
22347 3 1 4609843125
22348 4 1 -914390337
22349 5 1 2273216555
22350 6 1 1386699223
22351 7 1 -903349910
22352 8 1 -2505565235
22353 9 1 -313916149
22354 10 1 1769289738
22355 11 1 1123264341
22356 12 1 -825674296
22357 13 1 -137251464
22358 14 1 19235283
22359 15 1 -175921649
22364 0 1 -457408512
22365 1 1 -527989558
22366 2 1 -1248962892
22367 3 1 1054205795
22368 4 1 -3758749851
22369 5 1 923791858
22370 6 1 -4270838596
22371 7 1 -1272901659
22372 8 1 816731917
22373 9 1 314315730
22374 10 1 1315540382
22375 11 1 880939887
22376 12 1 771564899
22377 13 1 -77446993
22378 14 1 881370647
22379 15 1 -547365214
22384 0 1 812744704
22385 1 1 3585513375
22386 2 1 -99999584
22387 3 1 1766288075
22388 4 1 -3879152342
22389 5 1 -220397744
22390 6 1 -819573955
22391 7 1 -2188886032
22392 8 1 151155889
22393 9 1 -1128345794
22394 10 1 111254557
22395 11 1 -2307383572
22396 12 1 482832021
22397 13 1 -1576409178
22398 14 1 -876224591
22399 15 1 3222894782
22404 0 1 1184759808
22405 1 1 -2444671624
22406 2 1 3421307298
22407 3 1 -146568707
22408 4 1 25443925
22409 5 1 -425730722
22410 6 1 1386734930
22411 7 1 966853266
22412 8 1 -483661074
22413 9 1 -561672790
22414 10 1 742535054
22415 11 1 -2055538438
22416 12 1 -61503757
22417 13 1 -1344086080
22418 14 1 1389661807
22419 15 1 1672274366
22424 0 1 1207566336
22425 1 1 -1894941563
22426 2 1 -1025101762
22427 3 1 225305772
22428 4 1 1508834245
22429 5 1 -258257765
22430 6 1 1911920061
22431 7 1 -2389275430
22432 8 1 -400344164
22433 9 1 -2148413470
22434 10 1 579465423
22435 11 1 15029987
22436 12 1 -1966884770
22437 13 1 -2386669064
22438 14 1 1641730240
22439 15 1 -3537168784
22444 0 1 262995968
22445 1 1 -1126229159
22446 2 1 745688728
22447 3 1 3075301410
22448 4 1 400361864
22449 5 1 -674587084
22450 6 1 1961680821
22451 7 1 -1163225443
22452 8 1 2409132891
22453 9 1 -1673733172
22454 10 1 546166733
22455 11 1 -1369459962
22456 12 1 -3011881499
22457 13 1 -702145448
22458 14 1 -2915778078
22459 15 1 -1300967922
22464 0 1 -350945280
22465 1 1 -4521273379
22466 2 1 1220162611
22467 3 1 834946436
22468 4 1 625806623
22469 5 1 -677271497
22470 6 1 -1104254813
22471 7 1 559738354
22472 8 1 427980457
22473 9 1 48703354
22474 10 1 -266931949
22475 11 1 -697453416
22476 12 1 -148224844
22477 13 1 -1689861356
22478 14 1 55726119
22479 15 1 -1149019472
22484 0 1 -2059534336
22485 1 1 -2315641254
22486 2 1 -692220224
22487 3 1 2993576262
22488 4 1 -1275154727
22489 5 1 -3812783090
22490 6 1 1289709335
22491 7 1 -2172126619
22492 8 1 -646940841
22493 9 1 147403271
22494 10 1 -2016734143
22495 11 1 1518398519
22496 12 1 -3845731992
22497 13 1 -480743893
22498 14 1 1910660419
22499 15 1 -1345236457
22504 0 1 1340604416
22505 1 1 4193910503
22506 2 1 -1703873875
22507 3 1 1661624353
22508 4 1 3031932066
22509 5 1 1975559792
22510 6 1 -5282891366
22511 7 1 -3982030232
22512 8 1 2283576724
22513 9 1 -271639014
22514 10 1 -496447799
22515 11 1 878636924
22516 12 1 -228429134
22517 13 1 -989153120
22518 14 1 -190745169
22519 15 1 1386316018
22524 0 1 4999970816
22525 1 1 268616103
22526 2 1 -3312725817
22527 3 1 966327804
22528 4 1 796865034
22529 5 1 906805517
22530 6 1 -1686593320
22531 7 1 811249105
22532 8 1 1249715338
22533 9 1 617758908
22534 10 1 580409923
22535 11 1 -1197021218
22536 12 1 4517350017
22537 13 1 11783792
22538 14 1 791946911
22539 15 1 3682067344
22544 0 1 7907704832
22545 1 1 1895959161
22546 2 1 1452087936
22547 3 1 -2195108543
22548 4 1 -1610820663
22549 5 1 4339944311
22550 6 1 986674700
22551 7 1 -654901565
22552 8 1 947556889
22553 9 1 1427831624
22554 10 1 429919920
22555 11 1 -2262590731
22556 12 1 -201037047
22557 13 1 583720081
22558 14 1 678493028
22559 15 1 -161175257
22564 0 1 3644358656
22565 1 1 656913468
22566 2 1 811490177
22567 3 1 -966823550
22568 4 1 794750236
22569 5 1 3575688227
22570 6 1 -3036181058
22571 7 1 -2958721706
22572 8 1 595059706
22573 9 1 386520317
22574 10 1 355477821
22575 11 1 -1966712493
22576 12 1 1525236011
22577 13 1 227902526
22578 14 1 2848865946
22579 15 1 3991633
22584 0 1 4144791552
22585 1 1 1598062003
22586 2 1 -1187531725
22587 3 1 373747821
22588 4 1 -1112955784
22589 5 1 2444267808
22590 6 1 -912242642
22591 7 1 -4077756998
22592 8 1 -2579367915
22593 9 1 1423849913
22594 10 1 2156679739
22595 11 1 -1754142965
22596 12 1 -955496429
22597 13 1 -2085958482
22598 14 1 -3166969645
22599 15 1 2456968227
22604 0 1 3443458048
22605 1 1 -1235737141
22606 2 1 -358387080
22607 3 1 -319687643
22608 4 1 -2390016964
22609 5 1 3299390439
22610 6 1 3176249217
22611 7 1 -163036524
22612 8 1 395770523
22613 9 1 -1493060468
22614 10 1 923870383
22615 11 1 -2082444097
22616 12 1 -2651376611
22617 13 1 362655129
22618 14 1 -26331918
22619 15 1 -155675448
22624 0 1 3934322688
22625 1 1 -1918026337
22626 2 1 -667642607
22627 3 1 1447074405
22628 4 1 -3387685510
22629 5 1 1850642245
22630 6 1 2065870545
22631 7 1 348942169
22632 8 1 -1211975618
22633 9 1 286321452
22634 10 1 1113361793
22635 11 1 3354813831
22636 12 1 -3561917549
22637 13 1 382449677
22638 14 1 -2806331413
22639 15 1 -1229063638
22644 0 1 106627072
22645 1 1 3114314929
22646 2 1 -1417517395
22647 3 1 -456945125
22648 4 1 -1336664778
22649 5 1 44574386
22650 6 1 -2379701491
22651 7 1 206873821
22652 8 1 2077212923
22653 9 1 -370880671
22654 10 1 -3111673264
22655 11 1 -1335487410
22656 12 1 1877177115
22657 13 1 1280976146
22658 14 1 3576685761
22659 15 1 2243767459
22664 0 1 2334654464
22665 1 1 3050210012
22666 2 1 -2386575986
22667 3 1 -47393842
22668 4 1 1566940590
22669 5 1 1488733134
22670 6 1 -2638789734
22671 7 1 -970771591
22672 8 1 -4157756952
22673 9 1 1665993128
22674 10 1 1033015056
22675 11 1 402024635
22676 12 1 4272437866
22677 13 1 -612598275
22678 14 1 560677699
22679 15 1 -435825671
22684 0 1 3682271232
22685 1 1 700267447
22686 2 1 -2117607348
22687 3 1 431881083
22688 4 1 1042151255
22689 5 1 -74179954
22690 6 1 4371499821
22691 7 1 1966309468
22692 8 1 -2059066820
22693 9 1 -1913818230
22694 10 1 1069202783
22695 11 1 128026762
22696 12 1 -896080414
22697 13 1 2116474394
22698 14 1 -4175132208
22699 15 1 226752857
22704 0 1 3347677184
22705 1 1 -2478755345
22706 2 1 781742090
22707 3 1 -2696658680
22708 4 1 2476868018
22709 5 1 2525902240
22710 6 1 -957026885
22711 7 1 2357086510
22712 8 1 1140464765
22713 9 1 1271931960
22714 10 1 3620881411
22715 11 1 2425097885
22716 12 1 -162458820
22717 13 1 -4307432698
22718 14 1 -3070124625
22719 15 1 -2316674847
22724 0 1 2652766208
22725 1 1 152845759
22726 2 1 1191918388
22727 3 1 -13346914
22728 4 1 1045901735
22729 5 1 -1434199813
22730 6 1 -1540171916
22731 7 1 832048387
22732 8 1 -271326910
22733 9 1 3183959257
22734 10 1 -2678750615
22735 11 1 -2603204086
22736 12 1 1883391919
22737 13 1 1364696301
22738 14 1 -2583411134
22739 15 1 -1814836774
22744 0 1 -1785167872
22745 1 1 -2756798607
22746 2 1 3440110821
22747 3 1 -2056846617
22748 4 1 2419235560
22749 5 1 -2034384320
22750 6 1 1241990132
22751 7 1 1991996183
22752 8 1 -1903576
22753 9 1 -1524602452
22754 10 1 -128406671
22755 11 1 905952426
22756 12 1 -359418157
22757 13 1 2490348638
22758 14 1 -1120540505
22759 15 1 -2759478337
22766 0 1 -3232694272
22767 1 1 -2047358210
22768 2 1 985166249
22769 3 1 -1393244786
22770 4 1 1779337882
22771 5 1 -3828700346
22772 6 1 -556203310
22773 7 1 1631380069
22774 8 1 -1350634756
22775 9 1 39124101
22776 10 1 -1318355022
22777 11 1 2713896833
22778 12 1 4152187084
22779 13 1 766005863
22780 14 1 2131689603
22781 15 1 -1545804171
22786 0 1 -2434531328
22787 1 1 1772573523
22788 2 1 -1885960833
22789 3 1 2281734227
22790 4 1 -949623544
22791 5 1 -522118760
22792 6 1 -580073505
22793 7 1 -1223348546
22794 8 1 -3636061848
22795 9 1 -661540819
22796 10 1 56218337
22797 11 1 1499924194
22798 12 1 1479501261
22799 13 1 1261283843
22800 14 1 -984789114
22801 15 1 1278021319
22806 0 1 -2431713280
22807 1 1 -1713422660
22808 2 1 -847051306
22809 3 1 -319950725
22810 4 1 -2287722765
22811 5 1 1361207342
22812 6 1 999980670
22813 7 1 3657115840
22814 8 1 -962015214
22815 9 1 1559247058
22816 10 1 1798333511
22817 11 1 -409570158
22818 12 1 148390609
22819 13 1 -1016404651
22820 14 1 1604073397
22821 15 1 1488144179
22826 0 1 -557481984
22827 1 1 1325514902
22828 2 1 1715316340
22829 3 1 -1086562986
22830 4 1 -1598442812
22831 5 1 -1209354017
22832 6 1 2377064010
22833 7 1 -121225732
22834 8 1 -1531124036
22835 9 1 -1767923886
22836 10 1 466335467
22837 11 1 -125970285
22838 12 1 -2938756482
22839 13 1 128004289
22840 14 1 2386092216
22841 15 1 -6677092265
22846 0 1 -59834368
22847 1 1 -2857926114
22848 2 1 -483975752
22849 3 1 3134287372
22850 4 1 2372132543
22851 5 1 -3703673555
22852 6 1 -458663224
22853 7 1 1283679892
22854 8 1 329609149
22855 9 1 -1097436011
22856 10 1 -2061644378
22857 11 1 1390043198
22858 12 1 -440661862
22859 13 1 1401403830
22860 14 1 -2530648438
22861 15 1 903372788
22866 0 1 1372979200
22867 1 1 1040635611
22868 2 1 -1200402475
22869 3 1 -714157711
22870 4 1 1448608259
22871 5 1 -1650997203
22872 6 1 -360779523
22873 7 1 2200701867
22874 8 1 32611445
22875 9 1 -581472404
22876 10 1 -1284537283
22877 11 1 3087045200
22878 12 1 2932465059
22879 13 1 -974011165
22880 14 1 306971527
22881 15 1 -74567824
22886 0 1 2596732928
22887 1 1 -890295819
22888 2 1 -3233606565
22889 3 1 2825475730
22890 4 1 -1185209596
22891 5 1 3397362827
22892 6 1 3948237397
22893 7 1 2562050459
22894 8 1 -508409653
22895 9 1 2288645444
22896 10 1 977691608
22897 11 1 3303581887
22898 12 1 -1346418631
22899 13 1 -551094696
22900 14 1 343955128
22901 15 1 -1996110758
22906 0 1 240746496
22907 1 1 576591843
22908 2 1 341474891
22909 3 1 -1385664590
22910 4 1 -578751989
22911 5 1 1412960520
22912 6 1 -3304150515
22913 7 1 2904079666
22914 8 1 2222373906
22915 9 1 1761846698
22916 10 1 1137566964
22917 11 1 3551225111
22918 12 1 369920031
22919 13 1 1835423225
22920 14 1 -1041685564
22921 15 1 -1743363914
22926 0 1 -3277750272
22927 1 1 -1302329322
22928 2 1 241327520
22929 3 1 -87530455
22930 4 1 -2769611486
22931 5 1 -4435808120
22932 6 1 1260598563
22933 7 1 4653980369
22934 8 1 405409451
22935 9 1 -112594045
22936 10 1 -1245601480
22937 11 1 1276221783
22938 12 1 2734857234
22939 13 1 2017152513
22940 14 1 952614364
22941 15 1 -438399561
22946 0 1 -2916581376
22947 1 1 -649286896
22948 2 1 2304579582
22949 3 1 -63186445
22950 4 1 1220069598
22951 5 1 -3157153055
22952 6 1 1900724014
22953 7 1 1451807804
22954 8 1 510084424
22955 9 1 -1533395359
22956 10 1 -1272690917
22957 11 1 2795415598
22958 12 1 -2781018194
22959 13 1 2104596293
22960 14 1 -2954678484
22961 15 1 -711820884
22966 0 1 -5664669696
22967 1 1 -3529822424
22968 2 1 -766346389
22969 3 1 170970263
22970 4 1 1088641508
22971 5 1 101976995
22972 6 1 1148193852
22973 7 1 3618692105
22974 8 1 1840192118
22975 9 1 -1923143720
22976 10 1 -9632233
22977 11 1 2175432362
22978 12 1 1832968239
22979 13 1 287375079
22980 14 1 -1108667341
22981 15 1 -779108659
22986 0 1 401801216
22987 1 1 696160122
22988 2 1 -718663075
22989 3 1 2643387233
22990 4 1 742567577
22991 5 1 -361966395
22992 6 1 -4662551544
22993 7 1 -1269197973
22994 8 1 589659889
22995 9 1 -96573384
22996 10 1 2506202537
22997 11 1 -326316006
22998 12 1 1230644687
22999 13 1 1508666934
23000 14 1 -2582519517
23001 15 1 -727218210
23006 0 1 4892360704
23007 1 1 229322387
23008 2 1 -776171480
23009 3 1 -804690659
23010 4 1 376158448
23011 5 1 3317244606
23012 6 1 -1347097069
23013 7 1 1405042768
23014 8 1 733370482
23015 9 1 903718950
23016 10 1 1174255292
23017 11 1 -2292706156
23018 12 1 -9936862
23019 13 1 -2150496023
23020 14 1 -2661484521
23021 15 1 2572036720
23026 0 1 6093438976
23027 1 1 -194336533
23028 2 1 2003246684
23029 3 1 -3513076878
23030 4 1 1341145022
23031 5 1 2392742214
23032 6 1 237092806
23033 7 1 2884991964
23034 8 1 2330547899
23035 9 1 1288418921
23036 10 1 112608361
23037 11 1 252957120
23038 12 1 3205488090
23039 13 1 476585652
23040 14 1 2573227072
23041 15 1 -3324744693
23046 0 1 5730893824
23047 1 1 858661333
23048 2 1 1427057066
23049 3 1 1012462167
23050 4 1 35032071
23051 5 1 4236494946
23052 6 1 -1669269883
23053 7 1 -1863038362
23054 8 1 386412799
23055 9 1 4078231809
23056 10 1 2462007692
23057 11 1 376219841
23058 12 1 -1882903689
23059 13 1 -1484368203
23060 14 1 -1630016792
23061 15 1 -1438179918
23066 0 1 3479076864
23067 1 1 2028686464
23068 2 1 1084101658
23069 3 1 -1960771082
23070 4 1 1833847
23071 5 1 1258171153
23072 6 1 282077259
23073 7 1 1125938347
23074 8 1 2507201382
23075 9 1 207848330
23076 10 1 -900181306
23077 11 1 -1169242467
23078 12 1 -898513256
23079 13 1 1697496278
23080 14 1 -2624253326
23081 15 1 1998638587
23086 0 1 5768970240
23087 1 1 47019971
23088 2 1 2491361280
23089 3 1 -3236759526
23090 4 1 -9702025
23091 5 1 3110872619
23092 6 1 1746902161
23093 7 1 2539621211
23094 8 1 792031125
23095 9 1 2091059282
23096 10 1 551065272
23097 11 1 -558112577
23098 12 1 -1032014654
23099 13 1 -165066362
23100 14 1 766065421
23101 15 1 -1741421237
23106 0 1 3461218304
23107 1 1 2220339365
23108 2 1 -412641941
23109 3 1 -2425935755
23110 4 1 1981997449
23111 5 1 -619452314
23112 6 1 870572974
23113 7 1 402622908
23114 8 1 -1084566708
23115 9 1 -2261476135
23116 10 1 -1399852036
23117 11 1 1046910922
23118 12 1 1065415412
23119 13 1 837749174
23120 14 1 -1390808642
23121 15 1 -2358639136
23126 0 1 1083179008
23127 1 1 -1148531672
23128 2 1 -45928286
23129 3 1 860912532
23130 4 1 2280391995
23131 5 1 1757134719
23132 6 1 -1615799783
23133 7 1 -630582481
23134 8 1 -385454447
23135 9 1 1315995593
23136 10 1 236492985
23137 11 1 -905188212
23138 12 1 3348686676
23139 13 1 -1201310555
23140 14 1 508933470
23141 15 1 739507159
23146 0 1 1996914688
23147 1 1 2456264426
23148 2 1 -1556450370
23149 3 1 -1618057507
23150 4 1 210846749
23151 5 1 3271610442
23152 6 1 -2002717153
23153 7 1 -1375000929
23154 8 1 -2744848462
23155 9 1 2958410535
23156 10 1 1995680152
23157 11 1 -1330920628
23158 12 1 617720533
23159 13 1 -1963748639
23160 14 1 -237647459
23161 15 1 -183488259
23166 0 1 374996992
23167 1 1 2718698512
23168 2 1 -253169132
23169 3 1 -4282414627
23170 4 1 -176885524
23171 5 1 2103490841
23172 6 1 1455736609
23173 7 1 1671094835
23174 8 1 -19633360
23175 9 1 798891327
23176 10 1 1115280654
23177 11 1 -2125532225
23178 12 1 863080099
23179 13 1 -1944652102
23180 14 1 1009122448
23181 15 1 -2179518675
23186 0 1 76677120
23187 1 1 2489829011
23188 2 1 1670246330
23189 3 1 -819853166
23190 4 1 975037731
23191 5 1 -1849469311
23192 6 1 -100791054
23193 7 1 1506214503
23194 8 1 72812113
23195 9 1 2030860851
23196 10 1 -1594281787
23197 11 1 1021430161
23198 12 1 2540666596
23199 13 1 930312778
23200 14 1 -2767705407
23201 15 1 868350669
23206 0 1 1156612096
23207 1 1 2651164061
23208 2 1 2900205689
23209 3 1 -1684624043
23210 4 1 2301981429
23211 5 1 1118680778
23212 6 1 -1835679503
23213 7 1 -2574358842
23214 8 1 -2950539691
23215 9 1 1554941086
23216 10 1 -171839623
23217 11 1 -299354240
23218 12 1 666103819
23219 13 1 -724263498
23220 14 1 -2013304071
23221 15 1 2259959153
23226 0 1 -684392448
23227 1 1 -1199374585
23228 2 1 275285299
23229 3 1 -1130823159
23230 4 1 776289490
23231 5 1 -925820828
23232 6 1 1393872097
23233 7 1 979866364
23234 8 1 -1039194855
23235 9 1 -1923859438
23236 10 1 506848670
23237 11 1 -935415415
23238 12 1 2775869875
23239 13 1 598092093
23240 14 1 3293193475
23241 15 1 1457501416
