cycle,pos,y,x,och,code,out_ch_done,python,diff
67,0,0,0,0,0,0,0,0
67,0,0,0,1,1681,0,1681,0
67,0,0,0,2,0,0,0,0
70,0,0,0,3,0,0,0,0
70,0,0,0,4,0,0,0,0
70,0,0,0,5,15,0,15,0
77,1,0,1,0,0,0,0,0
77,1,0,1,1,1681,0,1681,0
77,1,0,1,2,0,0,0,0
80,1,0,1,3,0,0,0,0
80,1,0,1,4,0,0,0,0
80,1,0,1,5,15,0,15,0
87,2,0,2,0,0,0,0,0
87,2,0,2,1,1681,0,1681,0
87,2,0,2,2,0,0,0,0
90,2,0,2,3,0,0,0,0
90,2,0,2,4,0,0,0,0
90,2,0,2,5,15,0,15,0
97,3,0,3,0,0,0,0,0
97,3,0,3,1,1681,0,1681,0
97,3,0,3,2,0,0,0,0
100,3,0,3,3,0,0,0,0
100,3,0,3,4,0,0,0,0
100,3,0,3,5,15,0,15,0
107,4,0,4,0,0,0,0,0
107,4,0,4,1,1681,0,1681,0
107,4,0,4,2,0,0,0,0
110,4,0,4,3,0,0,0,0
110,4,0,4,4,0,0,0,0
110,4,0,4,5,15,0,15,0
117,5,0,5,0,0,0,0,0
117,5,0,5,1,1681,0,1681,0
117,5,0,5,2,0,0,0,0
120,5,0,5,3,0,0,0,0
120,5,0,5,4,0,0,0,0
120,5,0,5,5,15,0,15,0
127,6,0,6,0,0,0,0,0
127,6,0,6,1,1681,0,1681,0
127,6,0,6,2,0,0,0,0
130,6,0,6,3,0,0,0,0
130,6,0,6,4,0,0,0,0
130,6,0,6,5,15,0,15,0
137,7,0,7,0,0,0,0,0
137,7,0,7,1,1681,0,1681,0
137,7,0,7,2,0,0,0,0
140,7,0,7,3,0,0,0,0
140,7,0,7,4,0,0,0,0
140,7,0,7,5,15,0,15,0
147,8,0,8,0,0,0,0,0
147,8,0,8,1,1681,0,1681,0
147,8,0,8,2,0,0,0,0
150,8,0,8,3,0,0,0,0
150,8,0,8,4,0,0,0,0
150,8,0,8,5,15,0,15,0
157,9,0,9,0,0,0,0,0
157,9,0,9,1,1681,0,1681,0
157,9,0,9,2,0,0,0,0
160,9,0,9,3,0,0,0,0
160,9,0,9,4,0,0,0,0
160,9,0,9,5,15,0,15,0
167,10,0,10,0,0,0,0,0
167,10,0,10,1,1681,0,1681,0
167,10,0,10,2,0,0,0,0
170,10,0,10,3,0,0,0,0
170,10,0,10,4,0,0,0,0
170,10,0,10,5,15,0,15,0
177,11,0,11,0,0,0,0,0
177,11,0,11,1,1681,0,1681,0
177,11,0,11,2,0,0,0,0
180,11,0,11,3,0,0,0,0
180,11,0,11,4,0,0,0,0
180,11,0,11,5,15,0,15,0
187,12,0,12,0,0,0,0,0
187,12,0,12,1,1681,0,1681,0
187,12,0,12,2,0,0,0,0
190,12,0,12,3,0,0,0,0
190,12,0,12,4,0,0,0,0
190,12,0,12,5,15,0,15,0
197,13,0,13,0,0,0,0,0
197,13,0,13,1,1560,0,1560,0
197,13,0,13,2,0,0,0,0
200,13,0,13,3,0,0,0,0
200,13,0,13,4,0,0,0,0
200,13,0,13,5,46,0,46,0
207,14,0,14,0,0,0,0,0
207,14,0,14,1,987,0,987,0
207,14,0,14,2,0,0,0,0
210,14,0,14,3,0,0,0,0
210,14,0,14,4,0,0,0,0
210,14,0,14,5,184,0,184,0
217,15,0,15,0,0,0,0,0
217,15,0,15,1,308,0,308,0
217,15,0,15,2,0,0,0,0
220,15,0,15,3,260,0,260,0
220,15,0,15,4,0,0,0,0
220,15,0,15,5,294,0,294,0
227,16,0,16,0,0,0,0,0
227,16,0,16,1,96,0,96,0
227,16,0,16,2,0,0,0,0
230,16,0,16,3,416,0,416,0
230,16,0,16,4,0,0,0,0
230,16,0,16,5,241,0,241,0
237,17,0,17,0,0,0,0,0
237,17,0,17,1,676,0,676,0
237,17,0,17,2,76,0,76,0
240,17,0,17,3,224,0,224,0
240,17,0,17,4,0,0,0,0
240,17,0,17,5,98,0,98,0
247,18,0,18,0,0,0,0,0
247,18,0,18,1,1332,0,1332,0
247,18,0,18,2,17,0,17,0
250,18,0,18,3,0,0,0,0
250,18,0,18,4,0,0,0,0
250,18,0,18,5,22,0,22,0
257,19,0,19,0,0,0,0,0
257,19,0,19,1,1665,0,1665,0
257,19,0,19,2,0,0,0,0
260,19,0,19,3,0,0,0,0
260,19,0,19,4,0,0,0,0
260,19,0,19,5,15,0,15,0
267,20,0,20,0,0,0,0,0
267,20,0,20,1,1681,0,1681,0
267,20,0,20,2,0,0,0,0
270,20,0,20,3,0,0,0,0
270,20,0,20,4,0,0,0,0
270,20,0,20,5,15,0,15,0
277,21,0,21,0,0,0,0,0
277,21,0,21,1,1681,0,1681,0
277,21,0,21,2,0,0,0,0
280,21,0,21,3,0,0,0,0
280,21,0,21,4,0,0,0,0
280,21,0,21,5,15,0,15,0
287,22,0,22,0,0,0,0,0
287,22,0,22,1,1681,0,1681,0
287,22,0,22,2,0,0,0,0
290,22,0,22,3,0,0,0,0
290,22,0,22,4,0,0,0,0
290,22,0,22,5,15,0,15,0
297,23,0,23,0,0,0,0,0
297,23,0,23,1,1681,0,1681,0
297,23,0,23,2,0,0,0,0
300,23,0,23,3,0,0,0,0
300,23,0,23,4,0,0,0,0
300,23,0,23,5,15,0,15,0
307,24,0,24,0,0,0,0,0
307,24,0,24,1,1681,0,1681,0
307,24,0,24,2,0,0,0,0
310,24,0,24,3,0,0,0,0
310,24,0,24,4,0,0,0,0
310,24,0,24,5,15,0,15,0
317,25,0,25,0,0,0,0,0
317,25,0,25,1,1681,0,1681,0
317,25,0,25,2,0,0,0,0
320,25,0,25,3,0,0,0,0
320,25,0,25,4,0,0,0,0
320,25,0,25,5,15,0,15,0
329,26,1,0,0,0,0,0,0
329,26,1,0,1,1681,0,1681,0
329,26,1,0,2,0,0,0,0
332,26,1,0,3,0,0,0,0
332,26,1,0,4,0,0,0,0
332,26,1,0,5,15,0,15,0
339,27,1,1,0,0,0,0,0
339,27,1,1,1,1681,0,1681,0
339,27,1,1,2,0,0,0,0
342,27,1,1,3,0,0,0,0
342,27,1,1,4,0,0,0,0
342,27,1,1,5,15,0,15,0
349,28,1,2,0,0,0,0,0
349,28,1,2,1,1681,0,1681,0
349,28,1,2,2,0,0,0,0
352,28,1,2,3,0,0,0,0
352,28,1,2,4,0,0,0,0
352,28,1,2,5,15,0,15,0
359,29,1,3,0,0,0,0,0
359,29,1,3,1,1681,0,1681,0
359,29,1,3,2,0,0,0,0
362,29,1,3,3,0,0,0,0
362,29,1,3,4,0,0,0,0
362,29,1,3,5,15,0,15,0
369,30,1,4,0,0,0,0,0
369,30,1,4,1,1681,0,1681,0
369,30,1,4,2,0,0,0,0
372,30,1,4,3,0,0,0,0
372,30,1,4,4,0,0,0,0
372,30,1,4,5,15,0,15,0
379,31,1,5,0,0,0,0,0
379,31,1,5,1,1681,0,1681,0
379,31,1,5,2,0,0,0,0
382,31,1,5,3,0,0,0,0
382,31,1,5,4,0,0,0,0
382,31,1,5,5,15,0,15,0
389,32,1,6,0,0,0,0,0
389,32,1,6,1,1681,0,1681,0
389,32,1,6,2,0,0,0,0
392,32,1,6,3,0,0,0,0
392,32,1,6,4,0,0,0,0
392,32,1,6,5,15,0,15,0
399,33,1,7,0,0,0,0,0
399,33,1,7,1,1681,0,1681,0
399,33,1,7,2,0,0,0,0
402,33,1,7,3,0,0,0,0
402,33,1,7,4,0,0,0,0
402,33,1,7,5,15,0,15,0
409,34,1,8,0,0,0,0,0
409,34,1,8,1,1681,0,1681,0
409,34,1,8,2,0,0,0,0
412,34,1,8,3,0,0,0,0
412,34,1,8,4,0,0,0,0
412,34,1,8,5,15,0,15,0
419,35,1,9,0,0,0,0,0
419,35,1,9,1,1681,0,1681,0
419,35,1,9,2,0,0,0,0
422,35,1,9,3,0,0,0,0
422,35,1,9,4,0,0,0,0
422,35,1,9,5,15,0,15,0
429,36,1,10,0,0,0,0,0
429,36,1,10,1,1681,0,1681,0
429,36,1,10,2,0,0,0,0
432,36,1,10,3,0,0,0,0
432,36,1,10,4,0,0,0,0
432,36,1,10,5,15,0,15,0
439,37,1,11,0,0,0,0,0
439,37,1,11,1,1681,0,1681,0
439,37,1,11,2,0,0,0,0
442,37,1,11,3,0,0,0,0
442,37,1,11,4,0,0,0,0
442,37,1,11,5,15,0,15,0
449,38,1,12,0,0,0,0,0
449,38,1,12,1,1629,0,1629,0
449,38,1,12,2,0,0,0,0
452,38,1,12,3,0,0,0,0
452,38,1,12,4,0,0,0,0
452,38,1,12,5,29,0,29,0
459,39,1,13,0,0,0,0,0
459,39,1,13,1,1029,0,1029,0
459,39,1,13,2,0,0,0,0
462,39,1,13,3,0,0,0,0
462,39,1,13,4,0,0,0,0
462,39,1,13,5,248,0,248,0
469,40,1,14,0,0,0,0,0
469,40,1,14,1,0,0,0,0
469,40,1,14,2,0,0,0,0
472,40,1,14,3,177,0,177,0
472,40,1,14,4,0,0,0,0
472,40,1,14,5,933,0,933,0
479,41,1,15,0,0,0,0,0
479,41,1,15,1,0,0,0,0
479,41,1,15,2,0,0,0,0
482,41,1,15,3,1184,0,1184,0
482,41,1,15,4,260,0,260,0
482,41,1,15,5,1199,0,1199,0
489,42,1,16,0,0,0,0,0
489,42,1,16,1,0,0,0,0
489,42,1,16,2,90,0,90,0
492,42,1,16,3,2357,0,2357,0
492,42,1,16,4,32,0,32,0
492,42,1,16,5,815,0,815,0
499,43,1,17,0,0,0,0,0
499,43,1,17,1,0,0,0,0
499,43,1,17,2,603,0,603,0
502,43,1,17,3,2051,0,2051,0
502,43,1,17,4,0,0,0,0
502,43,1,17,5,201,0,201,0
509,44,1,18,0,0,0,0,0
509,44,1,18,1,160,0,160,0
509,44,1,18,2,361,0,361,0
512,44,1,18,3,808,0,808,0
512,44,1,18,4,0,0,0,0
512,44,1,18,5,7,0,7,0
519,45,1,19,0,0,0,0,0
519,45,1,19,1,1560,0,1560,0
519,45,1,19,2,0,0,0,0
522,45,1,19,3,0,0,0,0
522,45,1,19,4,0,0,0,0
522,45,1,19,5,14,0,14,0
529,46,1,20,0,0,0,0,0
529,46,1,20,1,1681,0,1681,0
529,46,1,20,2,0,0,0,0
532,46,1,20,3,0,0,0,0
532,46,1,20,4,0,0,0,0
532,46,1,20,5,15,0,15,0
539,47,1,21,0,0,0,0,0
539,47,1,21,1,1681,0,1681,0
539,47,1,21,2,0,0,0,0
542,47,1,21,3,0,0,0,0
542,47,1,21,4,0,0,0,0
542,47,1,21,5,15,0,15,0
549,48,1,22,0,0,0,0,0
549,48,1,22,1,1681,0,1681,0
549,48,1,22,2,0,0,0,0
552,48,1,22,3,0,0,0,0
552,48,1,22,4,0,0,0,0
552,48,1,22,5,15,0,15,0
559,49,1,23,0,0,0,0,0
559,49,1,23,1,1681,0,1681,0
559,49,1,23,2,0,0,0,0
562,49,1,23,3,0,0,0,0
562,49,1,23,4,0,0,0,0
562,49,1,23,5,15,0,15,0
569,50,1,24,0,0,0,0,0
569,50,1,24,1,1681,0,1681,0
569,50,1,24,2,0,0,0,0
572,50,1,24,3,0,0,0,0
572,50,1,24,4,0,0,0,0
572,50,1,24,5,15,0,15,0
579,51,1,25,0,0,0,0,0
579,51,1,25,1,1681,0,1681,0
579,51,1,25,2,0,0,0,0
582,51,1,25,3,0,0,0,0
582,51,1,25,4,0,0,0,0
582,51,1,25,5,15,0,15,0
591,52,2,0,0,0,0,0,0
591,52,2,0,1,1681,0,1681,0
591,52,2,0,2,0,0,0,0
594,52,2,0,3,0,0,0,0
594,52,2,0,4,0,0,0,0
594,52,2,0,5,15,0,15,0
601,53,2,1,0,0,0,0,0
601,53,2,1,1,1681,0,1681,0
601,53,2,1,2,0,0,0,0
604,53,2,1,3,0,0,0,0
604,53,2,1,4,0,0,0,0
604,53,2,1,5,15,0,15,0
611,54,2,2,0,0,0,0,0
611,54,2,2,1,1681,0,1681,0
611,54,2,2,2,0,0,0,0
614,54,2,2,3,0,0,0,0
614,54,2,2,4,0,0,0,0
614,54,2,2,5,15,0,15,0
621,55,2,3,0,0,0,0,0
621,55,2,3,1,1681,0,1681,0
621,55,2,3,2,0,0,0,0
624,55,2,3,3,0,0,0,0
624,55,2,3,4,0,0,0,0
624,55,2,3,5,15,0,15,0
631,56,2,4,0,0,0,0,0
631,56,2,4,1,1681,0,1681,0
631,56,2,4,2,0,0,0,0
634,56,2,4,3,0,0,0,0
634,56,2,4,4,0,0,0,0
634,56,2,4,5,15,0,15,0
641,57,2,5,0,0,0,0,0
641,57,2,5,1,1681,0,1681,0
641,57,2,5,2,0,0,0,0
644,57,2,5,3,0,0,0,0
644,57,2,5,4,0,0,0,0
644,57,2,5,5,15,0,15,0
651,58,2,6,0,0,0,0,0
651,58,2,6,1,1681,0,1681,0
651,58,2,6,2,0,0,0,0
654,58,2,6,3,0,0,0,0
654,58,2,6,4,0,0,0,0
654,58,2,6,5,15,0,15,0
661,59,2,7,0,0,0,0,0
661,59,2,7,1,1681,0,1681,0
661,59,2,7,2,0,0,0,0
664,59,2,7,3,0,0,0,0
664,59,2,7,4,0,0,0,0
664,59,2,7,5,15,0,15,0
671,60,2,8,0,0,0,0,0
671,60,2,8,1,1681,0,1681,0
671,60,2,8,2,0,0,0,0
674,60,2,8,3,0,0,0,0
674,60,2,8,4,0,0,0,0
674,60,2,8,5,15,0,15,0
681,61,2,9,0,0,0,0,0
681,61,2,9,1,1681,0,1681,0
681,61,2,9,2,0,0,0,0
684,61,2,9,3,0,0,0,0
684,61,2,9,4,0,0,0,0
684,61,2,9,5,15,0,15,0
691,62,2,10,0,0,0,0,0
691,62,2,10,1,1681,0,1681,0
691,62,2,10,2,0,0,0,0
694,62,2,10,3,0,0,0,0
694,62,2,10,4,0,0,0,0
694,62,2,10,5,15,0,15,0
701,63,2,11,0,0,0,0,0
701,63,2,11,1,1351,0,1351,0
701,63,2,11,2,0,0,0,0
704,63,2,11,3,0,0,0,0
704,63,2,11,4,0,0,0,0
704,63,2,11,5,100,0,100,0
711,64,2,12,0,0,0,0,0
711,64,2,12,1,175,0,175,0
711,64,2,12,2,0,0,0,0
714,64,2,12,3,220,0,220,0
714,64,2,12,4,0,0,0,0
714,64,2,12,5,405,0,405,0
721,65,2,13,0,0,0,0,0
721,65,2,13,1,0,0,0,0
721,65,2,13,2,0,0,0,0
724,65,2,13,3,754,0,754,0
724,65,2,13,4,0,0,0,0
724,65,2,13,5,1448,0,1448,0
731,66,2,14,0,0,0,0,0
731,66,2,14,1,0,0,0,0
731,66,2,14,2,0,0,0,0
734,66,2,14,3,753,0,753,0
734,66,2,14,4,0,0,0,0
734,66,2,14,5,3119,0,3119,0
741,67,2,15,0,0,0,0,0
741,67,2,15,1,0,0,0,0
741,67,2,15,2,0,0,0,0
744,67,2,15,3,2398,0,2398,0
744,67,2,15,4,338,0,338,0
744,67,2,15,5,3004,0,3004,0
751,68,2,16,0,0,0,0,0
751,68,2,16,1,0,0,0,0
751,68,2,16,2,858,0,858,0
754,68,2,16,3,5110,0,5110,0
754,68,2,16,4,283,0,283,0
754,68,2,16,5,1519,0,1519,0
761,69,2,17,0,0,0,0,0
761,69,2,17,1,0,0,0,0
761,69,2,17,2,1792,0,1792,0
764,69,2,17,3,5541,0,5541,0
764,69,2,17,4,554,0,554,0
764,69,2,17,5,0,0,0,0
771,70,2,18,0,0,0,0,0
771,70,2,18,1,0,0,0,0
771,70,2,18,2,1269,0,1269,0
774,70,2,18,3,3118,0,3118,0
774,70,2,18,4,0,0,0,0
774,70,2,18,5,0,0,0,0
781,71,2,19,0,0,0,0,0
781,71,2,19,1,1003,0,1003,0
781,71,2,19,2,125,0,125,0
784,71,2,19,3,200,0,200,0
784,71,2,19,4,0,0,0,0
784,71,2,19,5,4,0,4,0
791,72,2,20,0,0,0,0,0
791,72,2,20,1,1616,0,1616,0
791,72,2,20,2,0,0,0,0
794,72,2,20,3,0,0,0,0
794,72,2,20,4,0,0,0,0
794,72,2,20,5,16,0,16,0
801,73,2,21,0,0,0,0,0
801,73,2,21,1,1681,0,1681,0
801,73,2,21,2,0,0,0,0
804,73,2,21,3,0,0,0,0
804,73,2,21,4,0,0,0,0
804,73,2,21,5,15,0,15,0
811,74,2,22,0,0,0,0,0
811,74,2,22,1,1681,0,1681,0
811,74,2,22,2,0,0,0,0
814,74,2,22,3,0,0,0,0
814,74,2,22,4,0,0,0,0
814,74,2,22,5,15,0,15,0
821,75,2,23,0,0,0,0,0
821,75,2,23,1,1681,0,1681,0
821,75,2,23,2,0,0,0,0
824,75,2,23,3,0,0,0,0
824,75,2,23,4,0,0,0,0
824,75,2,23,5,15,0,15,0
831,76,2,24,0,0,0,0,0
831,76,2,24,1,1681,0,1681,0
831,76,2,24,2,0,0,0,0
834,76,2,24,3,0,0,0,0
834,76,2,24,4,0,0,0,0
834,76,2,24,5,15,0,15,0
841,77,2,25,0,0,0,0,0
841,77,2,25,1,1681,0,1681,0
841,77,2,25,2,0,0,0,0
844,77,2,25,3,0,0,0,0
844,77,2,25,4,0,0,0,0
844,77,2,25,5,15,0,15,0
853,78,3,0,0,0,0,0,0
853,78,3,0,1,1681,0,1681,0
853,78,3,0,2,0,0,0,0
856,78,3,0,3,0,0,0,0
856,78,3,0,4,0,0,0,0
856,78,3,0,5,15,0,15,0
863,79,3,1,0,0,0,0,0
863,79,3,1,1,1681,0,1681,0
863,79,3,1,2,0,0,0,0
866,79,3,1,3,0,0,0,0
866,79,3,1,4,0,0,0,0
866,79,3,1,5,15,0,15,0
873,80,3,2,0,0,0,0,0
873,80,3,2,1,1681,0,1681,0
873,80,3,2,2,0,0,0,0
876,80,3,2,3,0,0,0,0
876,80,3,2,4,0,0,0,0
876,80,3,2,5,15,0,15,0
883,81,3,3,0,0,0,0,0
883,81,3,3,1,1681,0,1681,0
883,81,3,3,2,0,0,0,0
886,81,3,3,3,0,0,0,0
886,81,3,3,4,0,0,0,0
886,81,3,3,5,15,0,15,0
893,82,3,4,0,0,0,0,0
893,82,3,4,1,1681,0,1681,0
893,82,3,4,2,0,0,0,0
896,82,3,4,3,0,0,0,0
896,82,3,4,4,0,0,0,0
896,82,3,4,5,15,0,15,0
903,83,3,5,0,0,0,0,0
903,83,3,5,1,1681,0,1681,0
903,83,3,5,2,0,0,0,0
906,83,3,5,3,0,0,0,0
906,83,3,5,4,0,0,0,0
906,83,3,5,5,15,0,15,0
913,84,3,6,0,0,0,0,0
913,84,3,6,1,1681,0,1681,0
913,84,3,6,2,0,0,0,0
916,84,3,6,3,0,0,0,0
916,84,3,6,4,0,0,0,0
916,84,3,6,5,15,0,15,0
923,85,3,7,0,0,0,0,0
923,85,3,7,1,1681,0,1681,0
923,85,3,7,2,0,0,0,0
926,85,3,7,3,0,0,0,0
926,85,3,7,4,0,0,0,0
926,85,3,7,5,15,0,15,0
933,86,3,8,0,0,0,0,0
933,86,3,8,1,1681,0,1681,0
933,86,3,8,2,0,0,0,0
936,86,3,8,3,0,0,0,0
936,86,3,8,4,0,0,0,0
936,86,3,8,5,15,0,15,0
943,87,3,9,0,0,0,0,0
943,87,3,9,1,1681,0,1681,0
943,87,3,9,2,0,0,0,0
946,87,3,9,3,0,0,0,0
946,87,3,9,4,0,0,0,0
946,87,3,9,5,15,0,15,0
953,88,3,10,0,0,0,0,0
953,88,3,10,1,1595,0,1595,0
953,88,3,10,2,0,0,0,0
956,88,3,10,3,0,0,0,0
956,88,3,10,4,0,0,0,0
956,88,3,10,5,38,0,38,0
963,89,3,11,0,0,0,0,0
963,89,3,11,1,481,0,481,0
963,89,3,11,2,0,0,0,0
966,89,3,11,3,0,0,0,0
966,89,3,11,4,0,0,0,0
966,89,3,11,5,503,0,503,0
973,90,3,12,0,0,0,0,0
973,90,3,12,1,0,0,0,0
973,90,3,12,2,0,0,0,0
976,90,3,12,3,27,0,27,0
976,90,3,12,4,0,0,0,0
976,90,3,12,5,1491,0,1491,0
983,91,3,13,0,501,0,501,0
983,91,3,13,1,0,0,0,0
983,91,3,13,2,0,0,0,0
986,91,3,13,3,0,0,0,0
986,91,3,13,4,695,0,695,0
986,91,3,13,5,3507,0,3507,0
993,92,3,14,0,0,0,0,0
993,92,3,14,1,0,0,0,0
993,92,3,14,2,663,0,663,0
996,92,3,14,3,0,0,0,0
996,92,3,14,4,2486,0,2486,0
996,92,3,14,5,4968,0,4968,0
1003,93,3,15,0,0,0,0,0
1003,93,3,15,1,0,0,0,0
1003,93,3,15,2,2615,0,2615,0
1006,93,3,15,3,1623,0,1623,0
1006,93,3,15,4,2375,0,2375,0
1006,93,3,15,5,3982,0,3982,0
1013,94,3,16,0,0,0,0,0
1013,94,3,16,1,0,0,0,0
1013,94,3,16,2,3277,0,3277,0
1016,94,3,16,3,4147,0,4147,0
1016,94,3,16,4,2755,0,2755,0
1016,94,3,16,5,1220,0,1220,0
1023,95,3,17,0,0,0,0,0
1023,95,3,17,1,0,0,0,0
1023,95,3,17,2,3133,0,3133,0
1026,95,3,17,3,7235,0,7235,0
1026,95,3,17,4,2260,0,2260,0
1026,95,3,17,5,0,0,0,0
1033,96,3,18,0,0,0,0,0
1033,96,3,18,1,0,0,0,0
1033,96,3,18,2,2489,0,2489,0
1036,96,3,18,3,5649,0,5649,0
1036,96,3,18,4,0,0,0,0
1036,96,3,18,5,0,0,0,0
1043,97,3,19,0,0,0,0,0
1043,97,3,19,1,183,0,183,0
1043,97,3,19,2,466,0,466,0
1046,97,3,19,3,1011,0,1011,0
1046,97,3,19,4,0,0,0,0
1046,97,3,19,5,0,0,0,0
1053,98,3,20,0,0,0,0,0
1053,98,3,20,1,1409,0,1409,0
1053,98,3,20,2,37,0,37,0
1056,98,3,20,3,0,0,0,0
1056,98,3,20,4,0,0,0,0
1056,98,3,20,5,9,0,9,0
1063,99,3,21,0,0,0,0,0
1063,99,3,21,1,1681,0,1681,0
1063,99,3,21,2,0,0,0,0
1066,99,3,21,3,0,0,0,0
1066,99,3,21,4,0,0,0,0
1066,99,3,21,5,15,0,15,0
1073,100,3,22,0,0,0,0,0
1073,100,3,22,1,1681,0,1681,0
1073,100,3,22,2,0,0,0,0
1076,100,3,22,3,0,0,0,0
1076,100,3,22,4,0,0,0,0
1076,100,3,22,5,15,0,15,0
1083,101,3,23,0,0,0,0,0
1083,101,3,23,1,1681,0,1681,0
1083,101,3,23,2,0,0,0,0
1086,101,3,23,3,0,0,0,0
1086,101,3,23,4,0,0,0,0
1086,101,3,23,5,15,0,15,0
1093,102,3,24,0,0,0,0,0
1093,102,3,24,1,1681,0,1681,0
1093,102,3,24,2,0,0,0,0
1096,102,3,24,3,0,0,0,0
1096,102,3,24,4,0,0,0,0
1096,102,3,24,5,15,0,15,0
1103,103,3,25,0,0,0,0,0
1103,103,3,25,1,1681,0,1681,0
1103,103,3,25,2,0,0,0,0
1106,103,3,25,3,0,0,0,0
1106,103,3,25,4,0,0,0,0
1106,103,3,25,5,15,0,15,0
1115,104,4,0,0,0,0,0,0
1115,104,4,0,1,1681,0,1681,0
1115,104,4,0,2,0,0,0,0
1118,104,4,0,3,0,0,0,0
1118,104,4,0,4,0,0,0,0
1118,104,4,0,5,15,0,15,0
1125,105,4,1,0,0,0,0,0
1125,105,4,1,1,1681,0,1681,0
1125,105,4,1,2,0,0,0,0
1128,105,4,1,3,0,0,0,0
1128,105,4,1,4,0,0,0,0
1128,105,4,1,5,15,0,15,0
1135,106,4,2,0,0,0,0,0
1135,106,4,2,1,1681,0,1681,0
1135,106,4,2,2,0,0,0,0
1138,106,4,2,3,0,0,0,0
1138,106,4,2,4,0,0,0,0
1138,106,4,2,5,15,0,15,0
1145,107,4,3,0,0,0,0,0
1145,107,4,3,1,1681,0,1681,0
1145,107,4,3,2,0,0,0,0
1148,107,4,3,3,0,0,0,0
1148,107,4,3,4,0,0,0,0
1148,107,4,3,5,15,0,15,0
1155,108,4,4,0,0,0,0,0
1155,108,4,4,1,1681,0,1681,0
1155,108,4,4,2,0,0,0,0
1158,108,4,4,3,0,0,0,0
1158,108,4,4,4,0,0,0,0
1158,108,4,4,5,15,0,15,0
1165,109,4,5,0,0,0,0,0
1165,109,4,5,1,1681,0,1681,0
1165,109,4,5,2,0,0,0,0
1168,109,4,5,3,0,0,0,0
1168,109,4,5,4,0,0,0,0
1168,109,4,5,5,15,0,15,0
1175,110,4,6,0,0,0,0,0
1175,110,4,6,1,1681,0,1681,0
1175,110,4,6,2,0,0,0,0
1178,110,4,6,3,0,0,0,0
1178,110,4,6,4,0,0,0,0
1178,110,4,6,5,15,0,15,0
1185,111,4,7,0,0,0,0,0
1185,111,4,7,1,1681,0,1681,0
1185,111,4,7,2,0,0,0,0
1188,111,4,7,3,0,0,0,0
1188,111,4,7,4,0,0,0,0
1188,111,4,7,5,15,0,15,0
1195,112,4,8,0,0,0,0,0
1195,112,4,8,1,1681,0,1681,0
1195,112,4,8,2,0,0,0,0
1198,112,4,8,3,0,0,0,0
1198,112,4,8,4,0,0,0,0
1198,112,4,8,5,15,0,15,0
1205,113,4,9,0,0,0,0,0
1205,113,4,9,1,1681,0,1681,0
1205,113,4,9,2,0,0,0,0
1208,113,4,9,3,0,0,0,0
1208,113,4,9,4,0,0,0,0
1208,113,4,9,5,15,0,15,0
1215,114,4,10,0,0,0,0,0
1215,114,4,10,1,1332,0,1332,0
1215,114,4,10,2,0,0,0,0
1218,114,4,10,3,0,0,0,0
1218,114,4,10,4,0,0,0,0
1218,114,4,10,5,154,0,154,0
1225,115,4,11,0,119,0,119,0
1225,115,4,11,1,0,0,0,0
1225,115,4,11,2,0,0,0,0
1228,115,4,11,3,0,0,0,0
1228,115,4,11,4,0,0,0,0
1228,115,4,11,5,1510,0,1510,0
1235,116,4,12,0,875,0,875,0
1235,116,4,12,1,0,0,0,0
1235,116,4,12,2,0,0,0,0
1238,116,4,12,3,0,0,0,0
1238,116,4,12,4,888,0,888,0
1238,116,4,12,5,3270,0,3270,0
1245,117,4,13,0,1030,0,1030,0
1245,117,4,13,1,0,0,0,0
1245,117,4,13,2,1581,0,1581,0
1248,117,4,13,3,0,0,0,0
1248,117,4,13,4,1013,0,1013,0
1248,117,4,13,5,5365,0,5365,0
1255,118,4,14,0,804,0,804,0
1255,118,4,14,1,0,0,0,0
1255,118,4,14,2,3965,0,3965,0
1258,118,4,14,3,0,0,0,0
1258,118,4,14,4,1590,0,1590,0
1258,118,4,14,5,4930,0,4930,0
1265,119,4,15,0,1617,0,1617,0
1265,119,4,15,1,0,0,0,0
1265,119,4,15,2,6053,0,6053,0
1268,119,4,15,3,48,0,48,0
1268,119,4,15,4,900,0,900,0
1268,119,4,15,5,2726,0,2726,0
1275,120,4,16,0,1838,0,1838,0
1275,120,4,16,1,0,0,0,0
1275,120,4,16,2,6312,0,6312,0
1278,120,4,16,3,1152,0,1152,0
1278,120,4,16,4,1247,0,1247,0
1278,120,4,16,5,195,0,195,0
1285,121,4,17,0,0,0,0,0
1285,121,4,17,1,0,0,0,0
1285,121,4,17,2,4885,0,4885,0
1288,121,4,17,3,5118,0,5118,0
1288,121,4,17,4,1104,0,1104,0
1288,121,4,17,5,0,0,0,0
1295,122,4,18,0,0,0,0,0
1295,122,4,18,1,0,0,0,0
1295,122,4,18,2,2974,0,2974,0
1298,122,4,18,3,5307,0,5307,0
1298,122,4,18,4,0,0,0,0
1298,122,4,18,5,0,0,0,0
1305,123,4,19,0,0,0,0,0
1305,123,4,19,1,452,0,452,0
1305,123,4,19,2,766,0,766,0
1308,123,4,19,3,1455,0,1455,0
1308,123,4,19,4,21,0,21,0
1308,123,4,19,5,0,0,0,0
1315,124,4,20,0,0,0,0,0
1315,124,4,20,1,1373,0,1373,0
1315,124,4,20,2,143,0,143,0
1318,124,4,20,3,137,0,137,0
1318,124,4,20,4,0,0,0,0
1318,124,4,20,5,0,0,0,0
1325,125,4,21,0,0,0,0,0
1325,125,4,21,1,1681,0,1681,0
1325,125,4,21,2,0,0,0,0
1328,125,4,21,3,0,0,0,0
1328,125,4,21,4,0,0,0,0
1328,125,4,21,5,15,0,15,0
1335,126,4,22,0,0,0,0,0
1335,126,4,22,1,1681,0,1681,0
1335,126,4,22,2,0,0,0,0
1338,126,4,22,3,0,0,0,0
1338,126,4,22,4,0,0,0,0
1338,126,4,22,5,15,0,15,0
1345,127,4,23,0,0,0,0,0
1345,127,4,23,1,1681,0,1681,0
1345,127,4,23,2,0,0,0,0
1348,127,4,23,3,0,0,0,0
1348,127,4,23,4,0,0,0,0
1348,127,4,23,5,15,0,15,0
1355,128,4,24,0,0,0,0,0
1355,128,4,24,1,1681,0,1681,0
1355,128,4,24,2,0,0,0,0
1358,128,4,24,3,0,0,0,0
1358,128,4,24,4,0,0,0,0
1358,128,4,24,5,15,0,15,0
1365,129,4,25,0,0,0,0,0
1365,129,4,25,1,1681,0,1681,0
1365,129,4,25,2,0,0,0,0
1368,129,4,25,3,0,0,0,0
1368,129,4,25,4,0,0,0,0
1368,129,4,25,5,15,0,15,0
1377,130,5,0,0,0,0,0,0
1377,130,5,0,1,1681,0,1681,0
1377,130,5,0,2,0,0,0,0
1380,130,5,0,3,0,0,0,0
1380,130,5,0,4,0,0,0,0
1380,130,5,0,5,15,0,15,0
1387,131,5,1,0,0,0,0,0
1387,131,5,1,1,1681,0,1681,0
1387,131,5,1,2,0,0,0,0
1390,131,5,1,3,0,0,0,0
1390,131,5,1,4,0,0,0,0
1390,131,5,1,5,15,0,15,0
1397,132,5,2,0,0,0,0,0
1397,132,5,2,1,1681,0,1681,0
1397,132,5,2,2,0,0,0,0
1400,132,5,2,3,0,0,0,0
1400,132,5,2,4,0,0,0,0
1400,132,5,2,5,15,0,15,0
1407,133,5,3,0,0,0,0,0
1407,133,5,3,1,1681,0,1681,0
1407,133,5,3,2,0,0,0,0
1410,133,5,3,3,0,0,0,0
1410,133,5,3,4,0,0,0,0
1410,133,5,3,5,15,0,15,0
1417,134,5,4,0,0,0,0,0
1417,134,5,4,1,1681,0,1681,0
1417,134,5,4,2,0,0,0,0
1420,134,5,4,3,0,0,0,0
1420,134,5,4,4,0,0,0,0
1420,134,5,4,5,15,0,15,0
1427,135,5,5,0,0,0,0,0
1427,135,5,5,1,1681,0,1681,0
1427,135,5,5,2,0,0,0,0
1430,135,5,5,3,0,0,0,0
1430,135,5,5,4,0,0,0,0
1430,135,5,5,5,15,0,15,0
1437,136,5,6,0,0,0,0,0
1437,136,5,6,1,1681,0,1681,0
1437,136,5,6,2,0,0,0,0
1440,136,5,6,3,0,0,0,0
1440,136,5,6,4,0,0,0,0
1440,136,5,6,5,15,0,15,0
1447,137,5,7,0,0,0,0,0
1447,137,5,7,1,1681,0,1681,0
1447,137,5,7,2,0,0,0,0
1450,137,5,7,3,0,0,0,0
1450,137,5,7,4,0,0,0,0
1450,137,5,7,5,15,0,15,0
1457,138,5,8,0,0,0,0,0
1457,138,5,8,1,1664,0,1664,0
1457,138,5,8,2,0,0,0,0
1460,138,5,8,3,0,0,0,0
1460,138,5,8,4,0,0,0,0
1460,138,5,8,5,20,0,20,0
1467,139,5,9,0,0,0,0,0
1467,139,5,9,1,1523,0,1523,0
1467,139,5,9,2,0,0,0,0
1470,139,5,9,3,0,0,0,0
1470,139,5,9,4,0,0,0,0
1470,139,5,9,5,55,0,55,0
1477,140,5,10,0,0,0,0,0
1477,140,5,10,1,0,0,0,0
1477,140,5,10,2,0,0,0,0
1480,140,5,10,3,0,0,0,0
1480,140,5,10,4,0,0,0,0
1480,140,5,10,5,732,0,732,0
1487,141,5,11,0,1136,0,1136,0
1487,141,5,11,1,0,0,0,0
1487,141,5,11,2,0,0,0,0
1490,141,5,11,3,0,0,0,0
1490,141,5,11,4,0,0,0,0
1490,141,5,11,5,3385,0,3385,0
1497,142,5,12,0,250,0,250,0
1497,142,5,12,1,0,0,0,0
1497,142,5,12,2,777,0,777,0
1500,142,5,12,3,0,0,0,0
1500,142,5,12,4,973,0,973,0
1500,142,5,12,5,4903,0,4903,0
1507,143,5,13,0,16,0,16,0
1507,143,5,13,1,0,0,0,0
1507,143,5,13,2,3919,0,3919,0
1510,143,5,13,3,0,0,0,0
1510,143,5,13,4,380,0,380,0
1510,143,5,13,5,5358,0,5358,0
1517,144,5,14,0,1353,0,1353,0
1517,144,5,14,1,0,0,0,0
1517,144,5,14,2,5920,0,5920,0
1520,144,5,14,3,0,0,0,0
1520,144,5,14,4,1102,0,1102,0
1520,144,5,14,5,3169,0,3169,0
1527,145,5,15,0,2832,0,2832,0
1527,145,5,15,1,0,0,0,0
1527,145,5,15,2,7108,0,7108,0
1530,145,5,15,3,0,0,0,0
1530,145,5,15,4,951,0,951,0
1530,145,5,15,5,691,0,691,0
1537,146,5,16,0,2678,0,2678,0
1537,146,5,16,1,1250,0,1250,0
1537,146,5,16,2,7047,0,7047,0
1540,146,5,16,3,0,0,0,0
1540,146,5,16,4,1496,0,1496,0
1540,146,5,16,5,0,0,0,0
1547,147,5,17,0,1622,0,1622,0
1547,147,5,17,1,2257,0,2257,0
1547,147,5,17,2,5207,0,5207,0
1550,147,5,17,3,2286,0,2286,0
1550,147,5,17,4,494,0,494,0
1550,147,5,17,5,0,0,0,0
1557,148,5,18,0,1416,0,1416,0
1557,148,5,18,1,2003,0,2003,0
1557,148,5,18,2,2686,0,2686,0
1560,148,5,18,3,2533,0,2533,0
1560,148,5,18,4,309,0,309,0
1560,148,5,18,5,0,0,0,0
1567,149,5,19,0,0,0,0,0
1567,149,5,19,1,1826,0,1826,0
1567,149,5,19,2,680,0,680,0
1570,149,5,19,3,704,0,704,0
1570,149,5,19,4,158,0,158,0
1570,149,5,19,5,0,0,0,0
1577,150,5,20,0,0,0,0,0
1577,150,5,20,1,1652,0,1652,0
1577,150,5,20,2,123,0,123,0
1580,150,5,20,3,36,0,36,0
1580,150,5,20,4,16,0,16,0
1580,150,5,20,5,0,0,0,0
1587,151,5,21,0,0,0,0,0
1587,151,5,21,1,1681,0,1681,0
1587,151,5,21,2,0,0,0,0
1590,151,5,21,3,0,0,0,0
1590,151,5,21,4,0,0,0,0
1590,151,5,21,5,15,0,15,0
1597,152,5,22,0,0,0,0,0
1597,152,5,22,1,1681,0,1681,0
1597,152,5,22,2,0,0,0,0
1600,152,5,22,3,0,0,0,0
1600,152,5,22,4,0,0,0,0
1600,152,5,22,5,15,0,15,0
1607,153,5,23,0,0,0,0,0
1607,153,5,23,1,1681,0,1681,0
1607,153,5,23,2,0,0,0,0
1610,153,5,23,3,0,0,0,0
1610,153,5,23,4,0,0,0,0
1610,153,5,23,5,15,0,15,0
1617,154,5,24,0,0,0,0,0
1617,154,5,24,1,1681,0,1681,0
1617,154,5,24,2,0,0,0,0
1620,154,5,24,3,0,0,0,0
1620,154,5,24,4,0,0,0,0
1620,154,5,24,5,15,0,15,0
1627,155,5,25,0,0,0,0,0
1627,155,5,25,1,1681,0,1681,0
1627,155,5,25,2,0,0,0,0
1630,155,5,25,3,0,0,0,0
1630,155,5,25,4,0,0,0,0
1630,155,5,25,5,15,0,15,0
1639,156,6,0,0,0,0,0,0
1639,156,6,0,1,1681,0,1681,0
1639,156,6,0,2,0,0,0,0
1642,156,6,0,3,0,0,0,0
1642,156,6,0,4,0,0,0,0
1642,156,6,0,5,15,0,15,0
1649,157,6,1,0,0,0,0,0
1649,157,6,1,1,1681,0,1681,0
1649,157,6,1,2,0,0,0,0
1652,157,6,1,3,0,0,0,0
1652,157,6,1,4,0,0,0,0
1652,157,6,1,5,15,0,15,0
1659,158,6,2,0,0,0,0,0
1659,158,6,2,1,1681,0,1681,0
1659,158,6,2,2,0,0,0,0
1662,158,6,2,3,0,0,0,0
1662,158,6,2,4,0,0,0,0
1662,158,6,2,5,15,0,15,0
1669,159,6,3,0,0,0,0,0
1669,159,6,3,1,1681,0,1681,0
1669,159,6,3,2,0,0,0,0
1672,159,6,3,3,0,0,0,0
1672,159,6,3,4,0,0,0,0
1672,159,6,3,5,15,0,15,0
1679,160,6,4,0,0,0,0,0
1679,160,6,4,1,1681,0,1681,0
1679,160,6,4,2,0,0,0,0
1682,160,6,4,3,0,0,0,0
1682,160,6,4,4,0,0,0,0
1682,160,6,4,5,15,0,15,0
1689,161,6,5,0,0,0,0,0
1689,161,6,5,1,1681,0,1681,0
1689,161,6,5,2,0,0,0,0
1692,161,6,5,3,0,0,0,0
1692,161,6,5,4,0,0,0,0
1692,161,6,5,5,15,0,15,0
1699,162,6,6,0,0,0,0,0
1699,162,6,6,1,1681,0,1681,0
1699,162,6,6,2,0,0,0,0
1702,162,6,6,3,0,0,0,0
1702,162,6,6,4,0,0,0,0
1702,162,6,6,5,15,0,15,0
1709,163,6,7,0,0,0,0,0
1709,163,6,7,1,1681,0,1681,0
1709,163,6,7,2,0,0,0,0
1712,163,6,7,3,0,0,0,0
1712,163,6,7,4,0,0,0,0
1712,163,6,7,5,15,0,15,0
1719,164,6,8,0,0,0,0,0
1719,164,6,8,1,1299,0,1299,0
1719,164,6,8,2,0,0,0,0
1722,164,6,8,3,0,0,0,0
1722,164,6,8,4,0,0,0,0
1722,164,6,8,5,123,0,123,0
1729,165,6,9,0,0,0,0,0
1729,165,6,9,1,0,0,0,0
1729,165,6,9,2,0,0,0,0
1732,165,6,9,3,243,0,243,0
1732,165,6,9,4,0,0,0,0
1732,165,6,9,5,524,0,524,0
1739,166,6,10,0,255,0,255,0
1739,166,6,10,1,0,0,0,0
1739,166,6,10,2,0,0,0,0
1742,166,6,10,3,0,0,0,0
1742,166,6,10,4,0,0,0,0
1742,166,6,10,5,2447,0,2447,0
1749,167,6,11,0,1133,0,1133,0
1749,167,6,11,1,0,0,0,0
1749,167,6,11,2,219,0,219,0
1752,167,6,11,3,0,0,0,0
1752,167,6,11,4,1420,0,1420,0
1752,167,6,11,5,5440,0,5440,0
1759,168,6,12,0,0,0,0,0
1759,168,6,12,1,0,0,0,0
1759,168,6,12,2,2607,0,2607,0
1762,168,6,12,3,0,0,0,0
1762,168,6,12,4,1476,0,1476,0
1762,168,6,12,5,5217,0,5217,0
1769,169,6,13,0,263,0,263,0
1769,169,6,13,1,0,0,0,0
1769,169,6,13,2,5517,0,5517,0
1772,169,6,13,3,3,0,3,0
1772,169,6,13,4,1468,0,1468,0
1772,169,6,13,5,3595,0,3595,0
1779,170,6,14,0,456,0,456,0
1779,170,6,14,1,0,0,0,0
1779,170,6,14,2,7206,0,7206,0
1782,170,6,14,3,0,0,0,0
1782,170,6,14,4,1474,0,1474,0
1782,170,6,14,5,1003,0,1003,0
1789,171,6,15,0,1824,0,1824,0
1789,171,6,15,1,1728,0,1728,0
1789,171,6,15,2,7578,0,7578,0
1792,171,6,15,3,0,0,0,0
1792,171,6,15,4,0,0,0,0
1792,171,6,15,5,0,0,0,0
1799,172,6,16,0,3101,0,3101,0
1799,172,6,16,1,4660,0,4660,0
1799,172,6,16,2,5976,0,5976,0
1802,172,6,16,3,0,0,0,0
1802,172,6,16,4,0,0,0,0
1802,172,6,16,5,0,0,0,0
1809,173,6,17,0,3388,0,3388,0
1809,173,6,17,1,3698,0,3698,0
1809,173,6,17,2,3737,0,3737,0
1812,173,6,17,3,420,0,420,0
1812,173,6,17,4,0,0,0,0
1812,173,6,17,5,0,0,0,0
1819,174,6,18,0,1862,0,1862,0
1819,174,6,18,1,2720,0,2720,0
1819,174,6,18,2,1295,0,1295,0
1822,174,6,18,3,142,0,142,0
1822,174,6,18,4,0,0,0,0
1822,174,6,18,5,0,0,0,0
1829,175,6,19,0,0,0,0,0
1829,175,6,19,1,1987,0,1987,0
1829,175,6,19,2,236,0,236,0
1832,175,6,19,3,0,0,0,0
1832,175,6,19,4,0,0,0,0
1832,175,6,19,5,0,0,0,0
1839,176,6,20,0,0,0,0,0
1839,176,6,20,1,1735,0,1735,0
1839,176,6,20,2,0,0,0,0
1842,176,6,20,3,0,0,0,0
1842,176,6,20,4,0,0,0,0
1842,176,6,20,5,0,0,0,0
1849,177,6,21,0,0,0,0,0
1849,177,6,21,1,1681,0,1681,0
1849,177,6,21,2,0,0,0,0
1852,177,6,21,3,0,0,0,0
1852,177,6,21,4,0,0,0,0
1852,177,6,21,5,15,0,15,0
1859,178,6,22,0,0,0,0,0
1859,178,6,22,1,1681,0,1681,0
1859,178,6,22,2,0,0,0,0
1862,178,6,22,3,0,0,0,0
1862,178,6,22,4,0,0,0,0
1862,178,6,22,5,15,0,15,0
1869,179,6,23,0,0,0,0,0
1869,179,6,23,1,1681,0,1681,0
1869,179,6,23,2,0,0,0,0
1872,179,6,23,3,0,0,0,0
1872,179,6,23,4,0,0,0,0
1872,179,6,23,5,15,0,15,0
1879,180,6,24,0,0,0,0,0
1879,180,6,24,1,1681,0,1681,0
1879,180,6,24,2,0,0,0,0
1882,180,6,24,3,0,0,0,0
1882,180,6,24,4,0,0,0,0
1882,180,6,24,5,15,0,15,0
1889,181,6,25,0,0,0,0,0
1889,181,6,25,1,1681,0,1681,0
1889,181,6,25,2,0,0,0,0
1892,181,6,25,3,0,0,0,0
1892,181,6,25,4,0,0,0,0
1892,181,6,25,5,15,0,15,0
1901,182,7,0,0,0,0,0,0
1901,182,7,0,1,1681,0,1681,0
1901,182,7,0,2,0,0,0,0
1904,182,7,0,3,0,0,0,0
1904,182,7,0,4,0,0,0,0
1904,182,7,0,5,15,0,15,0
1911,183,7,1,0,0,0,0,0
1911,183,7,1,1,1681,0,1681,0
1911,183,7,1,2,0,0,0,0
1914,183,7,1,3,0,0,0,0
1914,183,7,1,4,0,0,0,0
1914,183,7,1,5,15,0,15,0
1921,184,7,2,0,0,0,0,0
1921,184,7,2,1,1681,0,1681,0
1921,184,7,2,2,0,0,0,0
1924,184,7,2,3,0,0,0,0
1924,184,7,2,4,0,0,0,0
1924,184,7,2,5,15,0,15,0
1931,185,7,3,0,0,0,0,0
1931,185,7,3,1,1681,0,1681,0
1931,185,7,3,2,0,0,0,0
1934,185,7,3,3,0,0,0,0
1934,185,7,3,4,0,0,0,0
1934,185,7,3,5,15,0,15,0
1941,186,7,4,0,0,0,0,0
1941,186,7,4,1,1681,0,1681,0
1941,186,7,4,2,0,0,0,0
1944,186,7,4,3,0,0,0,0
1944,186,7,4,4,0,0,0,0
1944,186,7,4,5,15,0,15,0
1951,187,7,5,0,0,0,0,0
1951,187,7,5,1,1681,0,1681,0
1951,187,7,5,2,0,0,0,0
1954,187,7,5,3,0,0,0,0
1954,187,7,5,4,0,0,0,0
1954,187,7,5,5,15,0,15,0
1961,188,7,6,0,0,0,0,0
1961,188,7,6,1,1681,0,1681,0
1961,188,7,6,2,0,0,0,0
1964,188,7,6,3,0,0,0,0
1964,188,7,6,4,0,0,0,0
1964,188,7,6,5,15,0,15,0
1971,189,7,7,0,0,0,0,0
1971,189,7,7,1,1664,0,1664,0
1971,189,7,7,2,0,0,0,0
1974,189,7,7,3,0,0,0,0
1974,189,7,7,4,0,0,0,0
1974,189,7,7,5,20,0,20,0
1981,190,7,8,0,0,0,0,0
1981,190,7,8,1,847,0,847,0
1981,190,7,8,2,0,0,0,0
1984,190,7,8,3,0,0,0,0
1984,190,7,8,4,0,0,0,0
1984,190,7,8,5,460,0,460,0
1991,191,7,9,0,208,0,208,0
1991,191,7,9,1,0,0,0,0
1991,191,7,9,2,0,0,0,0
1994,191,7,9,3,0,0,0,0
1994,191,7,9,4,168,0,168,0
1994,191,7,9,5,1549,0,1549,0
2001,192,7,10,0,1745,0,1745,0
2001,192,7,10,1,0,0,0,0
2001,192,7,10,2,0,0,0,0
2004,192,7,10,3,0,0,0,0
2004,192,7,10,4,971,0,971,0
2004,192,7,10,5,4560,0,4560,0
2011,193,7,11,0,556,0,556,0
2011,193,7,11,1,0,0,0,0
2011,193,7,11,2,2355,0,2355,0
2014,193,7,11,3,0,0,0,0
2014,193,7,11,4,2152,0,2152,0
2014,193,7,11,5,6105,0,6105,0
2021,194,7,12,0,457,0,457,0
2021,194,7,12,1,0,0,0,0
2021,194,7,12,2,5541,0,5541,0
2024,194,7,12,3,0,0,0,0
2024,194,7,12,4,1196,0,1196,0
2024,194,7,12,5,4108,0,4108,0
2031,195,7,13,0,1868,0,1868,0
2031,195,7,13,1,0,0,0,0
2031,195,7,13,2,6834,0,6834,0
2034,195,7,13,3,106,0,106,0
2034,195,7,13,4,978,0,978,0
2034,195,7,13,5,1001,0,1001,0
2041,196,7,14,0,0,0,0,0
2041,196,7,14,1,0,0,0,0
2041,196,7,14,2,6906,0,6906,0
2044,196,7,14,3,1845,0,1845,0
2044,196,7,14,4,99,0,99,0
2044,196,7,14,5,0,0,0,0
2051,197,7,15,0,876,0,876,0
2051,197,7,15,1,1489,0,1489,0
2051,197,7,15,2,5714,0,5714,0
2054,197,7,15,3,1739,0,1739,0
2054,197,7,15,4,0,0,0,0
2054,197,7,15,5,0,0,0,0
2061,198,7,16,0,2077,0,2077,0
2061,198,7,16,1,2890,0,2890,0
2061,198,7,16,2,2672,0,2672,0
2064,198,7,16,3,199,0,199,0
2064,198,7,16,4,0,0,0,0
2064,198,7,16,5,0,0,0,0
2071,199,7,17,0,962,0,962,0
2071,199,7,17,1,2234,0,2234,0
2071,199,7,17,2,845,0,845,0
2074,199,7,17,3,250,0,250,0
2074,199,7,17,4,0,0,0,0
2074,199,7,17,5,0,0,0,0
2081,200,7,18,0,0,0,0,0
2081,200,7,18,1,1828,0,1828,0
2081,200,7,18,2,65,0,65,0
2084,200,7,18,3,0,0,0,0
2084,200,7,18,4,0,0,0,0
2084,200,7,18,5,0,0,0,0
2091,201,7,19,0,0,0,0,0
2091,201,7,19,1,1689,0,1689,0
2091,201,7,19,2,0,0,0,0
2094,201,7,19,3,0,0,0,0
2094,201,7,19,4,0,0,0,0
2094,201,7,19,5,0,0,0,0
2101,202,7,20,0,0,0,0,0
2101,202,7,20,1,1681,0,1681,0
2101,202,7,20,2,0,0,0,0
2104,202,7,20,3,0,0,0,0
2104,202,7,20,4,0,0,0,0
2104,202,7,20,5,15,0,15,0
2111,203,7,21,0,0,0,0,0
2111,203,7,21,1,1681,0,1681,0
2111,203,7,21,2,0,0,0,0
2114,203,7,21,3,0,0,0,0
2114,203,7,21,4,0,0,0,0
2114,203,7,21,5,15,0,15,0
2121,204,7,22,0,0,0,0,0
2121,204,7,22,1,1681,0,1681,0
2121,204,7,22,2,0,0,0,0
2124,204,7,22,3,0,0,0,0
2124,204,7,22,4,0,0,0,0
2124,204,7,22,5,15,0,15,0
2131,205,7,23,0,0,0,0,0
2131,205,7,23,1,1681,0,1681,0
2131,205,7,23,2,0,0,0,0
2134,205,7,23,3,0,0,0,0
2134,205,7,23,4,0,0,0,0
2134,205,7,23,5,15,0,15,0
2141,206,7,24,0,0,0,0,0
2141,206,7,24,1,1681,0,1681,0
2141,206,7,24,2,0,0,0,0
2144,206,7,24,3,0,0,0,0
2144,206,7,24,4,0,0,0,0
2144,206,7,24,5,15,0,15,0
2151,207,7,25,0,0,0,0,0
2151,207,7,25,1,1681,0,1681,0
2151,207,7,25,2,0,0,0,0
2154,207,7,25,3,0,0,0,0
2154,207,7,25,4,0,0,0,0
2154,207,7,25,5,15,0,15,0
2163,208,8,0,0,0,0,0,0
2163,208,8,0,1,1681,0,1681,0
2163,208,8,0,2,0,0,0,0
2166,208,8,0,3,0,0,0,0
2166,208,8,0,4,0,0,0,0
2166,208,8,0,5,15,0,15,0
2173,209,8,1,0,0,0,0,0
2173,209,8,1,1,1681,0,1681,0
2173,209,8,1,2,0,0,0,0
2176,209,8,1,3,0,0,0,0
2176,209,8,1,4,0,0,0,0
2176,209,8,1,5,15,0,15,0
2183,210,8,2,0,0,0,0,0
2183,210,8,2,1,1681,0,1681,0
2183,210,8,2,2,0,0,0,0
2186,210,8,2,3,0,0,0,0
2186,210,8,2,4,0,0,0,0
2186,210,8,2,5,15,0,15,0
2193,211,8,3,0,0,0,0,0
2193,211,8,3,1,1681,0,1681,0
2193,211,8,3,2,0,0,0,0
2196,211,8,3,3,0,0,0,0
2196,211,8,3,4,0,0,0,0
2196,211,8,3,5,15,0,15,0
2203,212,8,4,0,0,0,0,0
2203,212,8,4,1,1681,0,1681,0
2203,212,8,4,2,0,0,0,0
2206,212,8,4,3,0,0,0,0
2206,212,8,4,4,0,0,0,0
2206,212,8,4,5,15,0,15,0
2213,213,8,5,0,0,0,0,0
2213,213,8,5,1,1681,0,1681,0
2213,213,8,5,2,0,0,0,0
2216,213,8,5,3,0,0,0,0
2216,213,8,5,4,0,0,0,0
2216,213,8,5,5,15,0,15,0
2223,214,8,6,0,0,0,0,0
2223,214,8,6,1,1681,0,1681,0
2223,214,8,6,2,0,0,0,0
2226,214,8,6,3,0,0,0,0
2226,214,8,6,4,0,0,0,0
2226,214,8,6,5,15,0,15,0
2233,215,8,7,0,0,0,0,0
2233,215,8,7,1,1108,0,1108,0
2233,215,8,7,2,0,0,0,0
2236,215,8,7,3,0,0,0,0
2236,215,8,7,4,0,0,0,0
2236,215,8,7,5,172,0,172,0
2243,216,8,8,0,0,0,0,0
2243,216,8,8,1,0,0,0,0
2243,216,8,8,2,0,0,0,0
2246,216,8,8,3,0,0,0,0
2246,216,8,8,4,0,0,0,0
2246,216,8,8,5,1610,0,1610,0
2253,217,8,9,0,373,0,373,0
2253,217,8,9,1,0,0,0,0
2253,217,8,9,2,0,0,0,0
2256,217,8,9,3,0,0,0,0
2256,217,8,9,4,220,0,220,0
2256,217,8,9,5,3637,0,3637,0
2263,218,8,10,0,553,0,553,0
2263,218,8,10,1,0,0,0,0
2263,218,8,10,2,2188,0,2188,0
2266,218,8,10,3,0,0,0,0
2266,218,8,10,4,181,0,181,0
2266,218,8,10,5,6035,0,6034,1
2273,219,8,11,0,841,0,841,0
2273,219,8,11,1,0,0,0,0
2273,219,8,11,2,4733,0,4733,0
2276,219,8,11,3,0,0,0,0
2276,219,8,11,4,1087,0,1087,0
2276,219,8,11,5,4516,0,4516,0
2283,220,8,12,0,2064,0,2064,0
2283,220,8,12,1,0,0,0,0
2283,220,8,12,2,6940,0,6940,0
2286,220,8,12,3,0,0,0,0
2286,220,8,12,4,1112,0,1112,0
2286,220,8,12,5,1175,0,1175,0
2293,221,8,13,0,2084,0,2084,0
2293,221,8,13,1,1061,0,1061,0
2293,221,8,13,2,7205,0,7205,0
2296,221,8,13,3,0,0,0,0
2296,221,8,13,4,1105,0,1105,0
2296,221,8,13,5,0,0,0,0
2303,222,8,14,0,1429,0,1429,0
2303,222,8,14,1,2641,0,2641,0
2303,222,8,14,2,5313,0,5313,0
2306,222,8,14,3,2045,0,2045,0
2306,222,8,14,4,0,0,0,0
2306,222,8,14,5,0,0,0,0
2313,223,8,15,0,1892,0,1892,0
2313,223,8,15,1,2328,0,2328,0
2313,223,8,15,2,2835,0,2835,0
2316,223,8,15,3,2079,0,2079,0
2316,223,8,15,4,0,0,0,0
2316,223,8,15,5,0,0,0,0
2323,224,8,16,0,20,0,20,0
2323,224,8,16,1,2023,0,2023,0
2323,224,8,16,2,641,0,641,0
2326,224,8,16,3,341,0,341,0
2326,224,8,16,4,0,0,0,0
2326,224,8,16,5,0,0,0,0
2333,225,8,17,0,0,0,0,0
2333,225,8,17,1,1725,0,1725,0
2333,225,8,17,2,81,0,81,0
2336,225,8,17,3,0,0,0,0
2336,225,8,17,4,0,0,0,0
2336,225,8,17,5,0,0,0,0
2343,226,8,18,0,0,0,0,0
2343,226,8,18,1,1681,0,1681,0
2343,226,8,18,2,0,0,0,0
2346,226,8,18,3,0,0,0,0
2346,226,8,18,4,0,0,0,0
2346,226,8,18,5,15,0,15,0
2353,227,8,19,0,0,0,0,0
2353,227,8,19,1,1681,0,1681,0
2353,227,8,19,2,0,0,0,0
2356,227,8,19,3,0,0,0,0
2356,227,8,19,4,0,0,0,0
2356,227,8,19,5,15,0,15,0
2363,228,8,20,0,0,0,0,0
2363,228,8,20,1,1681,0,1681,0
2363,228,8,20,2,0,0,0,0
2366,228,8,20,3,0,0,0,0
2366,228,8,20,4,0,0,0,0
2366,228,8,20,5,15,0,15,0
2373,229,8,21,0,0,0,0,0
2373,229,8,21,1,1681,0,1681,0
2373,229,8,21,2,0,0,0,0
2376,229,8,21,3,0,0,0,0
2376,229,8,21,4,0,0,0,0
2376,229,8,21,5,15,0,15,0
2383,230,8,22,0,0,0,0,0
2383,230,8,22,1,1681,0,1681,0
2383,230,8,22,2,0,0,0,0
2386,230,8,22,3,0,0,0,0
2386,230,8,22,4,0,0,0,0
2386,230,8,22,5,15,0,15,0
2393,231,8,23,0,0,0,0,0
2393,231,8,23,1,1681,0,1681,0
2393,231,8,23,2,0,0,0,0
2396,231,8,23,3,0,0,0,0
2396,231,8,23,4,0,0,0,0
2396,231,8,23,5,15,0,15,0
2403,232,8,24,0,0,0,0,0
2403,232,8,24,1,1681,0,1681,0
2403,232,8,24,2,0,0,0,0
2406,232,8,24,3,0,0,0,0
2406,232,8,24,4,0,0,0,0
2406,232,8,24,5,15,0,15,0
2413,233,8,25,0,0,0,0,0
2413,233,8,25,1,1681,0,1681,0
2413,233,8,25,2,0,0,0,0
2416,233,8,25,3,0,0,0,0
2416,233,8,25,4,0,0,0,0
2416,233,8,25,5,15,0,15,0
2425,234,9,0,0,0,0,0,0
2425,234,9,0,1,1681,0,1681,0
2425,234,9,0,2,0,0,0,0
2428,234,9,0,3,0,0,0,0
2428,234,9,0,4,0,0,0,0
2428,234,9,0,5,15,0,15,0
2435,235,9,1,0,0,0,0,0
2435,235,9,1,1,1681,0,1681,0
2435,235,9,1,2,0,0,0,0
2438,235,9,1,3,0,0,0,0
2438,235,9,1,4,0,0,0,0
2438,235,9,1,5,15,0,15,0
2445,236,9,2,0,0,0,0,0
2445,236,9,2,1,1681,0,1681,0
2445,236,9,2,2,0,0,0,0
2448,236,9,2,3,0,0,0,0
2448,236,9,2,4,0,0,0,0
2448,236,9,2,5,15,0,15,0
2455,237,9,3,0,0,0,0,0
2455,237,9,3,1,1681,0,1681,0
2455,237,9,3,2,0,0,0,0
2458,237,9,3,3,0,0,0,0
2458,237,9,3,4,0,0,0,0
2458,237,9,3,5,15,0,15,0
2465,238,9,4,0,0,0,0,0
2465,238,9,4,1,1681,0,1681,0
2465,238,9,4,2,0,0,0,0
2468,238,9,4,3,0,0,0,0
2468,238,9,4,4,0,0,0,0
2468,238,9,4,5,15,0,15,0
2475,239,9,5,0,0,0,0,0
2475,239,9,5,1,1681,0,1681,0
2475,239,9,5,2,0,0,0,0
2478,239,9,5,3,0,0,0,0
2478,239,9,5,4,0,0,0,0
2478,239,9,5,5,15,0,15,0
2485,240,9,6,0,0,0,0,0
2485,240,9,6,1,1542,0,1542,0
2485,240,9,6,2,0,0,0,0
2488,240,9,6,3,0,0,0,0
2488,240,9,6,4,0,0,0,0
2488,240,9,6,5,51,0,51,0
2495,241,9,7,0,0,0,0,0
2495,241,9,7,1,0,0,0,0
2495,241,9,7,2,0,0,0,0
2498,241,9,7,3,0,0,0,0
2498,241,9,7,4,0,0,0,0
2498,241,9,7,5,947,0,947,0
2505,242,9,8,0,1598,0,1598,0
2505,242,9,8,1,0,0,0,0
2505,242,9,8,2,0,0,0,0
2508,242,9,8,3,0,0,0,0
2508,242,9,8,4,471,0,471,0
2508,242,9,8,5,3654,0,3654,0
2515,243,9,9,0,0,0,0,0
2515,243,9,9,1,0,0,0,0
2515,243,9,9,2,596,0,596,0
2518,243,9,9,3,0,0,0,0
2518,243,9,9,4,1850,0,1850,0
2518,243,9,9,5,5017,0,5017,0
2525,244,9,10,0,0,0,0,0
2525,244,9,10,1,0,0,0,0
2525,244,9,10,2,4137,0,4137,0
2528,244,9,10,3,0,0,0,0
2528,244,9,10,4,1433,0,1433,0
2528,244,9,10,5,5281,0,5281,0
2535,245,9,11,0,0,0,0,0
2535,245,9,11,1,0,0,0,0
2535,245,9,11,2,6646,0,6646,0
2538,245,9,11,3,0,0,0,0
2538,245,9,11,4,1704,0,1704,0
2538,245,9,11,5,2343,0,2343,0
2545,246,9,12,0,1464,0,1464,0
2545,246,9,12,1,1299,0,1299,0
2545,246,9,12,2,7338,0,7338,0
2548,246,9,12,3,0,0,0,0
2548,246,9,12,4,0,0,0,0
2548,246,9,12,5,0,0,0,0
2555,247,9,13,0,2370,0,2370,0
2555,247,9,13,1,3944,0,3944,0
2555,247,9,13,2,5983,0,5983,0
2558,247,9,13,3,103,0,103,0
2558,247,9,13,4,0,0,0,0
2558,247,9,13,5,0,0,0,0
2565,248,9,14,0,2954,0,2954,0
2565,248,9,14,1,3116,0,3116,0
2565,248,9,14,2,3490,0,3490,0
2568,248,9,14,3,864,0,864,0
2568,248,9,14,4,0,0,0,0
2568,248,9,14,5,0,0,0,0
2575,249,9,15,0,1525,0,1525,0
2575,249,9,15,1,2505,0,2505,0
2575,249,9,15,2,934,0,934,0
2578,249,9,15,3,222,0,222,0
2578,249,9,15,4,0,0,0,0
2578,249,9,15,5,0,0,0,0
2585,250,9,16,0,0,0,0,0
2585,250,9,16,1,1809,0,1809,0
2585,250,9,16,2,95,0,95,0
2588,250,9,16,3,0,0,0,0
2588,250,9,16,4,0,0,0,0
2588,250,9,16,5,0,0,0,0
2595,251,9,17,0,0,0,0,0
2595,251,9,17,1,1649,0,1649,0
2595,251,9,17,2,0,0,0,0
2598,251,9,17,3,0,0,0,0
2598,251,9,17,4,0,0,0,0
2598,251,9,17,5,0,0,0,0
2605,252,9,18,0,0,0,0,0
2605,252,9,18,1,1632,0,1632,0
2605,252,9,18,2,0,0,0,0
2608,252,9,18,3,0,0,0,0
2608,252,9,18,4,0,0,0,0
2608,252,9,18,5,16,0,16,0
2615,253,9,19,0,0,0,0,0
2615,253,9,19,1,1681,0,1681,0
2615,253,9,19,2,0,0,0,0
2618,253,9,19,3,0,0,0,0
2618,253,9,19,4,0,0,0,0
2618,253,9,19,5,15,0,15,0
2625,254,9,20,0,0,0,0,0
2625,254,9,20,1,1681,0,1681,0
2625,254,9,20,2,0,0,0,0
2628,254,9,20,3,0,0,0,0
2628,254,9,20,4,0,0,0,0
2628,254,9,20,5,15,0,15,0
2635,255,9,21,0,0,0,0,0
2635,255,9,21,1,1681,0,1681,0
2635,255,9,21,2,0,0,0,0
2638,255,9,21,3,0,0,0,0
2638,255,9,21,4,0,0,0,0
2638,255,9,21,5,15,0,15,0
2645,256,9,22,0,0,0,0,0
2645,256,9,22,1,1681,0,1681,0
2645,256,9,22,2,0,0,0,0
2648,256,9,22,3,0,0,0,0
2648,256,9,22,4,0,0,0,0
2648,256,9,22,5,15,0,15,0
2655,257,9,23,0,0,0,0,0
2655,257,9,23,1,1681,0,1681,0
2655,257,9,23,2,0,0,0,0
2658,257,9,23,3,0,0,0,0
2658,257,9,23,4,0,0,0,0
2658,257,9,23,5,15,0,15,0
2665,258,9,24,0,0,0,0,0
2665,258,9,24,1,1681,0,1681,0
2665,258,9,24,2,0,0,0,0
2668,258,9,24,3,0,0,0,0
2668,258,9,24,4,0,0,0,0
2668,258,9,24,5,15,0,15,0
2675,259,9,25,0,0,0,0,0
2675,259,9,25,1,1681,0,1681,0
2675,259,9,25,2,0,0,0,0
2678,259,9,25,3,0,0,0,0
2678,259,9,25,4,0,0,0,0
2678,259,9,25,5,15,0,15,0
2687,260,10,0,0,0,0,0,0
2687,260,10,0,1,1681,0,1681,0
2687,260,10,0,2,0,0,0,0
2690,260,10,0,3,0,0,0,0
2690,260,10,0,4,0,0,0,0
2690,260,10,0,5,15,0,15,0
2697,261,10,1,0,0,0,0,0
2697,261,10,1,1,1681,0,1681,0
2697,261,10,1,2,0,0,0,0
2700,261,10,1,3,0,0,0,0
2700,261,10,1,4,0,0,0,0
2700,261,10,1,5,15,0,15,0
2707,262,10,2,0,0,0,0,0
2707,262,10,2,1,1681,0,1681,0
2707,262,10,2,2,0,0,0,0
2710,262,10,2,3,0,0,0,0
2710,262,10,2,4,0,0,0,0
2710,262,10,2,5,15,0,15,0
2717,263,10,3,0,0,0,0,0
2717,263,10,3,1,1681,0,1681,0
2717,263,10,3,2,0,0,0,0
2720,263,10,3,3,0,0,0,0
2720,263,10,3,4,0,0,0,0
2720,263,10,3,5,15,0,15,0
2727,264,10,4,0,0,0,0,0
2727,264,10,4,1,1681,0,1681,0
2727,264,10,4,2,0,0,0,0
2730,264,10,4,3,0,0,0,0
2730,264,10,4,4,0,0,0,0
2730,264,10,4,5,15,0,15,0
2737,265,10,5,0,0,0,0,0
2737,265,10,5,1,1647,0,1647,0
2737,265,10,5,2,0,0,0,0
2740,265,10,5,3,0,0,0,0
2740,265,10,5,4,0,0,0,0
2740,265,10,5,5,24,0,24,0
2747,266,10,6,0,0,0,0,0
2747,266,10,6,1,1274,0,1274,0
2747,266,10,6,2,0,0,0,0
2750,266,10,6,3,0,0,0,0
2750,266,10,6,4,0,0,0,0
2750,266,10,6,5,196,0,196,0
2757,267,10,7,0,1418,0,1418,0
2757,267,10,7,1,0,0,0,0
2757,267,10,7,2,0,0,0,0
2760,267,10,7,3,0,0,0,0
2760,267,10,7,4,0,0,0,0
2760,267,10,7,5,2495,0,2495,0
2767,268,10,8,0,2654,0,2654,0
2767,268,10,8,1,0,0,0,0
2767,268,10,8,2,382,0,382,0
2770,268,10,8,3,0,0,0,0
2770,268,10,8,4,1756,0,1756,0
2770,268,10,8,5,5673,0,5673,0
2777,269,10,9,0,549,0,549,0
2777,269,10,9,1,0,0,0,0
2777,269,10,9,2,3374,0,3374,0
2780,269,10,9,3,0,0,0,0
2780,269,10,9,4,1954,0,1954,0
2780,269,10,9,5,5237,0,5237,0
2787,270,10,10,0,454,0,454,0
2787,270,10,10,1,0,0,0,0
2787,270,10,10,2,6256,0,6256,0
2790,270,10,10,3,222,0,222,0
2790,270,10,10,4,1397,0,1397,0
2790,270,10,10,5,2404,0,2404,0
2797,271,10,11,0,0,0,0,0
2797,271,10,11,1,0,0,0,0
2797,271,10,11,2,7096,0,7096,0
2800,271,10,11,3,1559,0,1559,0
2800,271,10,11,4,197,0,197,0
2800,271,10,11,5,0,0,0,0
2807,272,10,12,0,937,0,937,0
2807,272,10,12,1,1412,0,1412,0
2807,272,10,12,2,5935,0,5935,0
2810,272,10,12,3,1611,0,1611,0
2810,272,10,12,4,0,0,0,0
2810,272,10,12,5,0,0,0,0
2817,273,10,13,0,2223,0,2223,0
2817,273,10,13,1,2807,0,2807,0
2817,273,10,13,2,2698,0,2698,0
2820,273,10,13,3,670,0,670,0
2820,273,10,13,4,0,0,0,0
2820,273,10,13,5,0,0,0,0
2827,274,10,14,0,779,0,779,0
2827,274,10,14,1,1981,0,1981,0
2827,274,10,14,2,802,0,802,0
2830,274,10,14,3,573,0,573,0
2830,274,10,14,4,0,0,0,0
2830,274,10,14,5,0,0,0,0
2837,275,10,15,0,0,0,0,0
2837,275,10,15,1,1542,0,1542,0
2837,275,10,15,2,0,0,0,0
2840,275,10,15,3,0,0,0,0
2840,275,10,15,4,0,0,0,0
2840,275,10,15,5,0,0,0,0
2847,276,10,16,0,0,0,0,0
2847,276,10,16,1,971,0,971,0
2847,276,10,16,2,0,0,0,0
2850,276,10,16,3,0,0,0,0
2850,276,10,16,4,0,0,0,0
2850,276,10,16,5,182,0,182,0
2857,277,10,17,0,0,0,0,0
2857,277,10,17,1,906,0,906,0
2857,277,10,17,2,0,0,0,0
2860,277,10,17,3,80,0,80,0
2860,277,10,17,4,115,0,115,0
2860,277,10,17,5,134,0,134,0
2867,278,10,18,0,0,0,0,0
2867,278,10,18,1,1062,0,1062,0
2867,278,10,18,2,64,0,64,0
2870,278,10,18,3,98,0,98,0
2870,278,10,18,4,0,0,0,0
2870,278,10,18,5,43,0,43,0
2877,279,10,19,0,0,0,0,0
2877,279,10,19,1,1546,0,1546,0
2877,279,10,19,2,0,0,0,0
2880,279,10,19,3,0,0,0,0
2880,279,10,19,4,0,0,0,0
2880,279,10,19,5,20,0,20,0
2887,280,10,20,0,0,0,0,0
2887,280,10,20,1,1665,0,1665,0
2887,280,10,20,2,0,0,0,0
2890,280,10,20,3,0,0,0,0
2890,280,10,20,4,0,0,0,0
2890,280,10,20,5,15,0,15,0
2897,281,10,21,0,0,0,0,0
2897,281,10,21,1,1681,0,1681,0
2897,281,10,21,2,0,0,0,0
2900,281,10,21,3,0,0,0,0
2900,281,10,21,4,0,0,0,0
2900,281,10,21,5,15,0,15,0
2907,282,10,22,0,0,0,0,0
2907,282,10,22,1,1681,0,1681,0
2907,282,10,22,2,0,0,0,0
2910,282,10,22,3,0,0,0,0
2910,282,10,22,4,0,0,0,0
2910,282,10,22,5,15,0,15,0
2917,283,10,23,0,0,0,0,0
2917,283,10,23,1,1681,0,1681,0
2917,283,10,23,2,0,0,0,0
2920,283,10,23,3,0,0,0,0
2920,283,10,23,4,0,0,0,0
2920,283,10,23,5,15,0,15,0
2927,284,10,24,0,0,0,0,0
2927,284,10,24,1,1681,0,1681,0
2927,284,10,24,2,0,0,0,0
2930,284,10,24,3,0,0,0,0
2930,284,10,24,4,0,0,0,0
2930,284,10,24,5,15,0,15,0
2937,285,10,25,0,0,0,0,0
2937,285,10,25,1,1681,0,1681,0
2937,285,10,25,2,0,0,0,0
2940,285,10,25,3,0,0,0,0
2940,285,10,25,4,0,0,0,0
2940,285,10,25,5,15,0,15,0
2949,286,11,0,0,0,0,0,0
2949,286,11,0,1,1681,0,1681,0
2949,286,11,0,2,0,0,0,0
2952,286,11,0,3,0,0,0,0
2952,286,11,0,4,0,0,0,0
2952,286,11,0,5,15,0,15,0
2959,287,11,1,0,0,0,0,0
2959,287,11,1,1,1681,0,1681,0
2959,287,11,1,2,0,0,0,0
2962,287,11,1,3,0,0,0,0
2962,287,11,1,4,0,0,0,0
2962,287,11,1,5,15,0,15,0
2969,288,11,2,0,0,0,0,0
2969,288,11,2,1,1681,0,1681,0
2969,288,11,2,2,0,0,0,0
2972,288,11,2,3,0,0,0,0
2972,288,11,2,4,0,0,0,0
2972,288,11,2,5,15,0,15,0
2979,289,11,3,0,0,0,0,0
2979,289,11,3,1,1681,0,1681,0
2979,289,11,3,2,0,0,0,0
2982,289,11,3,3,0,0,0,0
2982,289,11,3,4,0,0,0,0
2982,289,11,3,5,15,0,15,0
2989,290,11,4,0,0,0,0,0
2989,290,11,4,1,1681,0,1681,0
2989,290,11,4,2,0,0,0,0
2992,290,11,4,3,0,0,0,0
2992,290,11,4,4,0,0,0,0
2992,290,11,4,5,15,0,15,0
2999,291,11,5,0,0,0,0,0
2999,291,11,5,1,1524,0,1524,0
2999,291,11,5,2,0,0,0,0
3002,291,11,5,3,0,0,0,0
3002,291,11,5,4,0,0,0,0
3002,291,11,5,5,75,0,75,0
3009,292,11,6,0,0,0,0,0
3009,292,11,6,1,723,0,723,0
3009,292,11,6,2,0,0,0,0
3012,292,11,6,3,0,0,0,0
3012,292,11,6,4,0,0,0,0
3012,292,11,6,5,575,0,575,0
3019,293,11,7,0,2190,0,2190,0
3019,293,11,7,1,0,0,0,0
3019,293,11,7,2,46,0,46,0
3022,293,11,7,3,0,0,0,0
3022,293,11,7,4,0,0,0,0
3022,293,11,7,5,4386,0,4386,0
3029,294,11,8,0,2948,0,2948,0
3029,294,11,8,1,0,0,0,0
3029,294,11,8,2,2142,0,2142,0
3032,294,11,8,3,0,0,0,0
3032,294,11,8,4,1484,0,1484,0
3032,294,11,8,5,6417,0,6417,0
3039,295,11,9,0,1763,0,1763,0
3039,295,11,9,1,0,0,0,0
3039,295,11,9,2,5278,0,5278,0
3042,295,11,9,3,0,0,0,0
3042,295,11,9,4,903,0,903,0
3042,295,11,9,5,3676,0,3676,0
3049,296,11,10,0,1045,0,1045,0
3049,296,11,10,1,0,0,0,0
3049,296,11,10,2,7037,0,7037,0
3052,296,11,10,3,807,0,807,0
3052,296,11,10,4,1428,0,1428,0
3052,296,11,10,5,0,0,0,0
3059,297,11,11,0,0,0,0,0
3059,297,11,11,1,0,0,0,0
3059,297,11,11,2,5901,0,5901,0
3062,297,11,11,3,3433,0,3433,0
3062,297,11,11,4,0,0,0,0
3062,297,11,11,5,0,0,0,0
3069,298,11,12,0,916,0,916,0
3069,298,11,12,1,1388,0,1388,0
3069,298,11,12,2,3335,0,3335,0
3072,298,11,12,3,2624,0,2624,0
3072,298,11,12,4,0,0,0,0
3072,298,11,12,5,0,0,0,0
3079,299,11,13,0,328,0,328,0
3079,299,11,13,1,1462,0,1462,0
3079,299,11,13,2,567,0,567,0
3082,299,11,13,3,562,0,562,0
3082,299,11,13,4,0,0,0,0
3082,299,11,13,5,0,0,0,0
3089,300,11,14,0,0,0,0,0
3089,300,11,14,1,0,0,0,0
3089,300,11,14,2,0,0,0,0
3092,300,11,14,3,867,0,867,0
3092,300,11,14,4,0,0,0,0
3092,300,11,14,5,120,0,120,0
3099,301,11,15,0,0,0,0,0
3099,301,11,15,1,0,0,0,0
3099,301,11,15,2,0,0,0,0
3102,301,11,15,3,1561,0,1561,0
3102,301,11,15,4,0,0,0,0
3102,301,11,15,5,1135,0,1135,0
3109,302,11,16,0,0,0,0,0
3109,302,11,16,1,0,0,0,0
3109,302,11,16,2,0,0,0,0
3112,302,11,16,3,2465,0,2465,0
3112,302,11,16,4,0,0,0,0
3112,302,11,16,5,1642,0,1642,0
3119,303,11,17,0,0,0,0,0
3119,303,11,17,1,0,0,0,0
3119,303,11,17,2,60,0,60,0
3122,303,11,17,3,2852,0,2852,0
3122,303,11,17,4,0,0,0,0
3122,303,11,17,5,1005,0,1005,0
3129,304,11,18,0,0,0,0,0
3129,304,11,18,1,0,0,0,0
3129,304,11,18,2,658,0,658,0
3132,304,11,18,3,2545,0,2545,0
3132,304,11,18,4,0,0,0,0
3132,304,11,18,5,302,0,302,0
3139,305,11,19,0,0,0,0,0
3139,305,11,19,1,0,0,0,0
3139,305,11,19,2,264,0,264,0
3142,305,11,19,3,715,0,715,0
3142,305,11,19,4,0,0,0,0
3142,305,11,19,5,89,0,89,0
3149,306,11,20,0,0,0,0,0
3149,306,11,20,1,1313,0,1313,0
3149,306,11,20,2,31,0,31,0
3152,306,11,20,3,0,0,0,0
3152,306,11,20,4,0,0,0,0
3152,306,11,20,5,16,0,16,0
3159,307,11,21,0,0,0,0,0
3159,307,11,21,1,1681,0,1681,0
3159,307,11,21,2,0,0,0,0
3162,307,11,21,3,0,0,0,0
3162,307,11,21,4,0,0,0,0
3162,307,11,21,5,15,0,15,0
3169,308,11,22,0,0,0,0,0
3169,308,11,22,1,1681,0,1681,0
3169,308,11,22,2,0,0,0,0
3172,308,11,22,3,0,0,0,0
3172,308,11,22,4,0,0,0,0
3172,308,11,22,5,15,0,15,0
3179,309,11,23,0,0,0,0,0
3179,309,11,23,1,1681,0,1681,0
3179,309,11,23,2,0,0,0,0
3182,309,11,23,3,0,0,0,0
3182,309,11,23,4,0,0,0,0
3182,309,11,23,5,15,0,15,0
3189,310,11,24,0,0,0,0,0
3189,310,11,24,1,1681,0,1681,0
3189,310,11,24,2,0,0,0,0
3192,310,11,24,3,0,0,0,0
3192,310,11,24,4,0,0,0,0
3192,310,11,24,5,15,0,15,0
3199,311,11,25,0,0,0,0,0
3199,311,11,25,1,1681,0,1681,0
3199,311,11,25,2,0,0,0,0
3202,311,11,25,3,0,0,0,0
3202,311,11,25,4,0,0,0,0
3202,311,11,25,5,15,0,15,0
3211,312,12,0,0,0,0,0,0
3211,312,12,0,1,1681,0,1681,0
3211,312,12,0,2,0,0,0,0
3214,312,12,0,3,0,0,0,0
3214,312,12,0,4,0,0,0,0
3214,312,12,0,5,15,0,15,0
3221,313,12,1,0,0,0,0,0
3221,313,12,1,1,1681,0,1681,0
3221,313,12,1,2,0,0,0,0
3224,313,12,1,3,0,0,0,0
3224,313,12,1,4,0,0,0,0
3224,313,12,1,5,15,0,15,0
3231,314,12,2,0,0,0,0,0
3231,314,12,2,1,1681,0,1681,0
3231,314,12,2,2,0,0,0,0
3234,314,12,2,3,0,0,0,0
3234,314,12,2,4,0,0,0,0
3234,314,12,2,5,15,0,15,0
3241,315,12,3,0,0,0,0,0
3241,315,12,3,1,1681,0,1681,0
3241,315,12,3,2,0,0,0,0
3244,315,12,3,3,0,0,0,0
3244,315,12,3,4,0,0,0,0
3244,315,12,3,5,15,0,15,0
3251,316,12,4,0,0,0,0,0
3251,316,12,4,1,1681,0,1681,0
3251,316,12,4,2,0,0,0,0
3254,316,12,4,3,0,0,0,0
3254,316,12,4,4,0,0,0,0
3254,316,12,4,5,15,0,15,0
3261,317,12,5,0,0,0,0,0
3261,317,12,5,1,1211,0,1211,0
3261,317,12,5,2,0,0,0,0
3264,317,12,5,3,0,0,0,0
3264,317,12,5,4,0,0,0,0
3264,317,12,5,5,255,0,255,0
3271,318,12,6,0,0,0,0,0
3271,318,12,6,1,0,0,0,0
3271,318,12,6,2,0,0,0,0
3274,318,12,6,3,0,0,0,0
3274,318,12,6,4,0,0,0,0
3274,318,12,6,5,1299,0,1299,0
3281,319,12,7,0,2655,0,2655,0
3281,319,12,7,1,0,0,0,0
3281,319,12,7,2,598,0,598,0
3284,319,12,7,3,0,0,0,0
3284,319,12,7,4,0,0,0,0
3284,319,12,7,5,5539,0,5539,0
3291,320,12,8,0,2166,0,2166,0
3291,320,12,8,1,0,0,0,0
3291,320,12,8,2,3018,0,3018,0
3294,320,12,8,3,0,0,0,0
3294,320,12,8,4,1745,0,1745,0
3294,320,12,8,5,5925,0,5925,0
3301,321,12,9,0,1507,0,1507,0
3301,321,12,9,1,0,0,0,0
3301,321,12,9,2,6307,0,6307,0
3304,321,12,9,3,0,0,0,0
3304,321,12,9,4,1086,0,1086,0
3304,321,12,9,5,2285,0,2285,0
3311,322,12,10,0,0,0,0,0
3311,322,12,10,1,0,0,0,0
3311,322,12,10,2,6832,0,6832,0
3314,322,12,10,3,2005,0,2005,0
3314,322,12,10,4,671,0,671,0
3314,322,12,10,5,0,0,0,0
3321,323,12,11,0,52,0,52,0
3321,323,12,11,1,213,0,213,0
3321,323,12,11,2,4702,0,4702,0
3324,323,12,11,3,3904,0,3904,0
3324,323,12,11,4,0,0,0,0
3324,323,12,11,5,0,0,0,0
3331,324,12,12,0,1226,0,1226,0
3331,324,12,12,1,378,0,378,0
3331,324,12,12,2,1194,0,1194,0
3334,324,12,12,3,1869,0,1869,0
3334,324,12,12,4,0,0,0,0
3334,324,12,12,5,0,0,0,0
3341,325,12,13,0,0,0,0,0
3341,325,12,13,1,0,0,0,0
3341,325,12,13,2,0,0,0,0
3344,325,12,13,3,943,0,943,0
3344,325,12,13,4,0,0,0,0
3344,325,12,13,5,726,0,726,0
3351,326,12,14,0,0,0,0,0
3351,326,12,14,1,0,0,0,0
3351,326,12,14,2,0,0,0,0
3354,326,12,14,3,1228,0,1228,0
3354,326,12,14,4,92,0,92,0
3354,326,12,14,5,2659,0,2659,0
3361,327,12,15,0,0,0,0,0
3361,327,12,15,1,0,0,0,0
3361,327,12,15,2,0,0,0,0
3364,327,12,15,3,2831,0,2831,0
3364,327,12,15,4,910,0,910,0
3364,327,12,15,5,2988,0,2988,0
3371,328,12,16,0,0,0,0,0
3371,328,12,16,1,0,0,0,0
3371,328,12,16,2,397,0,397,0
3374,328,12,16,3,3767,0,3767,0
3374,328,12,16,4,1489,0,1489,0
3374,328,12,16,5,3406,0,3406,0
3381,329,12,17,0,0,0,0,0
3381,329,12,17,1,0,0,0,0
3381,329,12,17,2,806,0,806,0
3384,329,12,17,3,5754,0,5754,0
3384,329,12,17,4,1721,0,1721,0
3384,329,12,17,5,1348,0,1348,0
3391,330,12,18,0,0,0,0,0
3391,330,12,18,1,0,0,0,0
3391,330,12,18,2,1781,0,1781,0
3394,330,12,18,3,6663,0,6663,0
3394,330,12,18,4,302,0,302,0
3394,330,12,18,5,202,0,202,0
3401,331,12,19,0,0,0,0,0
3401,331,12,19,1,0,0,0,0
3401,331,12,19,2,1083,0,1083,0
3404,331,12,19,3,3468,0,3468,0
3404,331,12,19,4,0,0,0,0
3404,331,12,19,5,128,0,128,0
3411,332,12,20,0,0,0,0,0
3411,332,12,20,1,0,0,0,0
3411,332,12,20,2,431,0,431,0
3414,332,12,20,3,1168,0,1168,0
3414,332,12,20,4,0,0,0,0
3414,332,12,20,5,64,0,64,0
3421,333,12,21,0,0,0,0,0
3421,333,12,21,1,1253,0,1253,0
3421,333,12,21,2,21,0,21,0
3424,333,12,21,3,0,0,0,0
3424,333,12,21,4,0,0,0,0
3424,333,12,21,5,36,0,36,0
3431,334,12,22,0,0,0,0,0
3431,334,12,22,1,1599,0,1599,0
3431,334,12,22,2,0,0,0,0
3434,334,12,22,3,0,0,0,0
3434,334,12,22,4,0,0,0,0
3434,334,12,22,5,16,0,16,0
3441,335,12,23,0,0,0,0,0
3441,335,12,23,1,1681,0,1681,0
3441,335,12,23,2,0,0,0,0
3444,335,12,23,3,0,0,0,0
3444,335,12,23,4,0,0,0,0
3444,335,12,23,5,15,0,15,0
3451,336,12,24,0,0,0,0,0
3451,336,12,24,1,1681,0,1681,0
3451,336,12,24,2,0,0,0,0
3454,336,12,24,3,0,0,0,0
3454,336,12,24,4,0,0,0,0
3454,336,12,24,5,15,0,15,0
3461,337,12,25,0,0,0,0,0
3461,337,12,25,1,1681,0,1681,0
3461,337,12,25,2,0,0,0,0
3464,337,12,25,3,0,0,0,0
3464,337,12,25,4,0,0,0,0
3464,337,12,25,5,15,0,15,0
3473,338,13,0,0,0,0,0,0
3473,338,13,0,1,1681,0,1681,0
3473,338,13,0,2,0,0,0,0
3476,338,13,0,3,0,0,0,0
3476,338,13,0,4,0,0,0,0
3476,338,13,0,5,15,0,15,0
3483,339,13,1,0,0,0,0,0
3483,339,13,1,1,1681,0,1681,0
3483,339,13,1,2,0,0,0,0
3486,339,13,1,3,0,0,0,0
3486,339,13,1,4,0,0,0,0
3486,339,13,1,5,15,0,15,0
3493,340,13,2,0,0,0,0,0
3493,340,13,2,1,1681,0,1681,0
3493,340,13,2,2,0,0,0,0
3496,340,13,2,3,0,0,0,0
3496,340,13,2,4,0,0,0,0
3496,340,13,2,5,15,0,15,0
3503,341,13,3,0,0,0,0,0
3503,341,13,3,1,1681,0,1681,0
3503,341,13,3,2,0,0,0,0
3506,341,13,3,3,0,0,0,0
3506,341,13,3,4,0,0,0,0
3506,341,13,3,5,15,0,15,0
3513,342,13,4,0,0,0,0,0
3513,342,13,4,1,1681,0,1681,0
3513,342,13,4,2,0,0,0,0
3516,342,13,4,3,0,0,0,0
3516,342,13,4,4,0,0,0,0
3516,342,13,4,5,15,0,15,0
3523,343,13,5,0,0,0,0,0
3523,343,13,5,1,1081,0,1081,0
3523,343,13,5,2,0,0,0,0
3526,343,13,5,3,0,0,0,0
3526,343,13,5,4,0,0,0,0
3526,343,13,5,5,583,0,583,0
3533,344,13,6,0,761,0,761,0
3533,344,13,6,1,0,0,0,0
3533,344,13,6,2,0,0,0,0
3536,344,13,6,3,0,0,0,0
3536,344,13,6,4,277,0,277,0
3536,344,13,6,5,2166,0,2166,0
3543,345,13,7,0,2922,0,2922,0
3543,345,13,7,1,0,0,0,0
3543,345,13,7,2,1441,0,1441,0
3546,345,13,7,3,0,0,0,0
3546,345,13,7,4,292,0,292,0
3546,345,13,7,5,5972,0,5972,0
3553,346,13,8,0,2322,0,2322,0
3553,346,13,8,1,0,0,0,0
3553,346,13,8,2,4033,0,4033,0
3556,346,13,8,3,0,0,0,0
3556,346,13,8,4,1855,0,1855,0
3556,346,13,8,5,4873,0,4873,0
3563,347,13,9,0,1121,0,1121,0
3563,347,13,9,1,0,0,0,0
3563,347,13,9,2,6685,0,6685,0
3566,347,13,9,3,481,0,481,0
3566,347,13,9,4,590,0,590,0
3566,347,13,9,5,381,0,381,0
3573,348,13,10,0,0,0,0,0
3573,348,13,10,1,0,0,0,0
3573,348,13,10,2,5742,0,5742,0
3576,348,13,10,3,3580,0,3580,0
3576,348,13,10,4,0,0,0,0
3576,348,13,10,5,0,0,0,0
3583,349,13,11,0,534,0,534,0
3583,349,13,11,1,0,0,0,0
3583,349,13,11,2,2931,0,2931,0
3586,349,13,11,3,3550,0,3550,0
3586,349,13,11,4,0,0,0,0
3586,349,13,11,5,0,0,0,0
3593,350,13,12,0,1163,0,1163,0
3593,350,13,12,1,0,0,0,0
3593,350,13,12,2,0,0,0,0
3596,350,13,12,3,350,0,350,0
3596,350,13,12,4,0,0,0,0
3596,350,13,12,5,0,0,0,0
3603,351,13,13,0,1081,0,1081,0
3603,351,13,13,1,0,0,0,0
3603,351,13,13,2,0,0,0,0
3606,351,13,13,3,0,0,0,0
3606,351,13,13,4,790,0,790,0
3606,351,13,13,5,3391,0,3391,0
3613,352,13,14,0,0,0,0,0
3613,352,13,14,1,0,0,0,0
3613,352,13,14,2,634,0,634,0
3616,352,13,14,3,0,0,0,0
3616,352,13,14,4,2673,0,2673,0
3616,352,13,14,5,4991,0,4991,0
3623,353,13,15,0,0,0,0,0
3623,353,13,15,1,0,0,0,0
3623,353,13,15,2,2776,0,2776,0
3626,353,13,15,3,1357,0,1357,0
3626,353,13,15,4,2263,0,2263,0
3626,353,13,15,5,4196,0,4196,0
3633,354,13,16,0,0,0,0,0
3633,354,13,16,1,0,0,0,0
3633,354,13,16,2,4293,0,4293,0
3636,354,13,16,3,1840,0,1840,0
3636,354,13,16,4,1981,0,1981,0
3636,354,13,16,5,3249,0,3249,0
3643,355,13,17,0,0,0,0,0
3643,355,13,17,1,0,0,0,0
3643,355,13,17,2,3718,0,3718,0
3646,355,13,17,3,4295,0,4295,0
3646,355,13,17,4,1678,0,1678,0
3646,355,13,17,5,518,0,518,0
3653,356,13,18,0,0,0,0,0
3653,356,13,18,1,0,0,0,0
3653,356,13,18,2,2584,0,2584,0
3656,356,13,18,3,7382,0,7382,0
3656,356,13,18,4,866,0,866,0
3656,356,13,18,5,0,0,0,0
3663,357,13,19,0,0,0,0,0
3663,357,13,19,1,0,0,0,0
3663,357,13,19,2,1839,0,1839,0
3666,357,13,19,3,6978,0,6978,0
3666,357,13,19,4,672,0,672,0
3666,357,13,19,5,0,0,0,0
3673,358,13,20,0,0,0,0,0
3673,358,13,20,1,0,0,0,0
3673,358,13,20,2,1406,0,1406,0
3676,358,13,20,3,4411,0,4411,0
3676,358,13,20,4,0,0,0,0
3676,358,13,20,5,0,0,0,0
3683,359,13,21,0,0,0,0,0
3683,359,13,21,1,0,0,0,0
3683,359,13,21,2,466,0,466,0
3686,359,13,21,3,1278,0,1278,0
3686,359,13,21,4,0,0,0,0
3686,359,13,21,5,87,0,87,0
3693,360,13,22,0,0,0,0,0
3693,360,13,22,1,1123,0,1123,0
3693,360,13,22,2,95,0,95,0
3696,360,13,22,3,117,0,117,0
3696,360,13,22,4,0,0,0,0
3696,360,13,22,5,10,0,10,0
3703,361,13,23,0,0,0,0,0
3703,361,13,23,1,1681,0,1681,0
3703,361,13,23,2,0,0,0,0
3706,361,13,23,3,0,0,0,0
3706,361,13,23,4,0,0,0,0
3706,361,13,23,5,15,0,15,0
3713,362,13,24,0,0,0,0,0
3713,362,13,24,1,1681,0,1681,0
3713,362,13,24,2,0,0,0,0
3716,362,13,24,3,0,0,0,0
3716,362,13,24,4,0,0,0,0
3716,362,13,24,5,15,0,15,0
3723,363,13,25,0,0,0,0,0
3723,363,13,25,1,1681,0,1681,0
3723,363,13,25,2,0,0,0,0
3726,363,13,25,3,0,0,0,0
3726,363,13,25,4,0,0,0,0
3726,363,13,25,5,15,0,15,0
3735,364,14,0,0,0,0,0,0
3735,364,14,0,1,1681,0,1681,0
3735,364,14,0,2,0,0,0,0
3738,364,14,0,3,0,0,0,0
3738,364,14,0,4,0,0,0,0
3738,364,14,0,5,15,0,15,0
3745,365,14,1,0,0,0,0,0
3745,365,14,1,1,1681,0,1681,0
3745,365,14,1,2,0,0,0,0
3748,365,14,1,3,0,0,0,0
3748,365,14,1,4,0,0,0,0
3748,365,14,1,5,15,0,15,0
3755,366,14,2,0,0,0,0,0
3755,366,14,2,1,1681,0,1681,0
3755,366,14,2,2,0,0,0,0
3758,366,14,2,3,0,0,0,0
3758,366,14,2,4,0,0,0,0
3758,366,14,2,5,15,0,15,0
3765,367,14,3,0,0,0,0,0
3765,367,14,3,1,1681,0,1681,0
3765,367,14,3,2,0,0,0,0
3768,367,14,3,3,0,0,0,0
3768,367,14,3,4,0,0,0,0
3768,367,14,3,5,15,0,15,0
3775,368,14,4,0,0,0,0,0
3775,368,14,4,1,1647,0,1647,0
3775,368,14,4,2,0,0,0,0
3778,368,14,4,3,0,0,0,0
3778,368,14,4,4,0,0,0,0
3778,368,14,4,5,24,0,24,0
3785,369,14,5,0,0,0,0,0
3785,369,14,5,1,545,0,545,0
3785,369,14,5,2,0,0,0,0
3788,369,14,5,3,0,0,0,0
3788,369,14,5,4,0,0,0,0
3788,369,14,5,5,1119,0,1119,0
3795,370,14,6,0,966,0,966,0
3795,370,14,6,1,0,0,0,0
3795,370,14,6,2,242,0,242,0
3798,370,14,6,3,0,0,0,0
3798,370,14,6,4,0,0,0,0
3798,370,14,6,5,3188,0,3188,0
3805,371,14,7,0,2771,0,2771,0
3805,371,14,7,1,0,0,0,0
3805,371,14,7,2,2337,0,2337,0
3808,371,14,7,3,0,0,0,0
3808,371,14,7,4,0,0,0,0
3808,371,14,7,5,5965,0,5965,0
3815,372,14,8,0,2082,0,2082,0
3815,372,14,8,1,0,0,0,0
3815,372,14,8,2,4381,0,4381,0
3818,372,14,8,3,0,0,0,0
3818,372,14,8,4,981,0,981,0
3818,372,14,8,5,3590,0,3590,0
3825,373,14,9,0,300,0,300,0
3825,373,14,9,1,0,0,0,0
3825,373,14,9,2,6008,0,6008,0
3828,373,14,9,3,2310,0,2310,0
3828,373,14,9,4,254,0,254,0
3828,373,14,9,5,0,0,0,0
3835,374,14,10,0,0,0,0,0
3835,374,14,10,1,0,0,0,0
3835,374,14,10,2,4531,0,4531,0
3838,374,14,10,3,4966,0,4966,0
3838,374,14,10,4,0,0,0,0
3838,374,14,10,5,0,0,0,0
3845,375,14,11,0,0,0,0,0
3845,375,14,11,1,0,0,0,0
3845,375,14,11,2,1991,0,1991,0
3848,375,14,11,3,2783,0,2783,0
3848,375,14,11,4,0,0,0,0
3848,375,14,11,5,0,0,0,0
3855,376,14,12,0,1535,0,1535,0
3855,376,14,12,1,0,0,0,0
3855,376,14,12,2,34,0,34,0
3858,376,14,12,3,0,0,0,0
3858,376,14,12,4,163,0,163,0
3858,376,14,12,5,2343,0,2343,0
3865,377,14,13,0,2834,0,2834,0
3865,377,14,13,1,0,0,0,0
3865,377,14,13,2,1162,0,1162,0
3868,377,14,13,3,0,0,0,0
3868,377,14,13,4,1023,0,1023,0
3868,377,14,13,5,5294,0,5294,0
3875,378,14,14,0,1752,0,1752,0
3875,378,14,14,1,0,0,0,0
3875,378,14,14,2,3657,0,3657,0
3878,378,14,14,3,0,0,0,0
3878,378,14,14,4,1954,0,1954,0
3878,378,14,14,5,4964,0,4964,0
3885,379,14,15,0,1681,0,1681,0
3885,379,14,15,1,0,0,0,0
3885,379,14,15,2,6005,0,6005,0
3888,379,14,15,3,65,0,65,0
3888,379,14,15,4,841,0,841,0
3888,379,14,15,5,2817,0,2817,0
3895,380,14,16,0,2771,0,2771,0
3895,380,14,16,1,0,0,0,0
3895,380,14,16,2,6321,0,6321,0
3898,380,14,16,3,341,0,341,0
3898,380,14,16,4,492,0,492,0
3898,380,14,16,5,1637,0,1637,0
3905,381,14,17,0,2725,0,2725,0
3905,381,14,17,1,0,0,0,0
3905,381,14,17,2,5599,0,5599,0
3908,381,14,17,3,1560,0,1560,0
3908,381,14,17,4,938,0,938,0
3908,381,14,17,5,480,0,480,0
3915,382,14,18,0,1544,0,1544,0
3915,382,14,18,1,0,0,0,0
3915,382,14,18,2,4234,0,4234,0
3918,382,14,18,3,3667,0,3667,0
3918,382,14,18,4,1724,0,1724,0
3918,382,14,18,5,0,0,0,0
3925,383,14,19,0,0,0,0,0
3925,383,14,19,1,0,0,0,0
3925,383,14,19,2,3223,0,3223,0
3928,383,14,19,3,6416,0,6416,0
3928,383,14,19,4,2687,0,2687,0
3928,383,14,19,5,0,0,0,0
3935,384,14,20,0,0,0,0,0
3935,384,14,20,1,0,0,0,0
3935,384,14,20,2,2762,0,2762,0
3938,384,14,20,3,6514,0,6514,0
3938,384,14,20,4,884,0,884,0
3938,384,14,20,5,0,0,0,0
3945,385,14,21,0,0,0,0,0
3945,385,14,21,1,0,0,0,0
3945,385,14,21,2,1316,0,1316,0
3948,385,14,21,3,2966,0,2966,0
3948,385,14,21,4,20,0,20,0
3948,385,14,21,5,0,0,0,0
3955,386,14,22,0,0,0,0,0
3955,386,14,22,1,892,0,892,0
3955,386,14,22,2,363,0,363,0
3958,386,14,22,3,619,0,619,0
3958,386,14,22,4,0,0,0,0
3958,386,14,22,5,0,0,0,0
3965,387,14,23,0,0,0,0,0
3965,387,14,23,1,1681,0,1681,0
3965,387,14,23,2,0,0,0,0
3968,387,14,23,3,0,0,0,0
3968,387,14,23,4,0,0,0,0
3968,387,14,23,5,15,0,15,0
3975,388,14,24,0,0,0,0,0
3975,388,14,24,1,1681,0,1681,0
3975,388,14,24,2,0,0,0,0
3978,388,14,24,3,0,0,0,0
3978,388,14,24,4,0,0,0,0
3978,388,14,24,5,15,0,15,0
3985,389,14,25,0,0,0,0,0
3985,389,14,25,1,1681,0,1681,0
3985,389,14,25,2,0,0,0,0
3988,389,14,25,3,0,0,0,0
3988,389,14,25,4,0,0,0,0
3988,389,14,25,5,15,0,15,0
3997,390,15,0,0,0,0,0,0
3997,390,15,0,1,1681,0,1681,0
3997,390,15,0,2,0,0,0,0
4000,390,15,0,3,0,0,0,0
4000,390,15,0,4,0,0,0,0
4000,390,15,0,5,15,0,15,0
4007,391,15,1,0,0,0,0,0
4007,391,15,1,1,1681,0,1681,0
4007,391,15,1,2,0,0,0,0
4010,391,15,1,3,0,0,0,0
4010,391,15,1,4,0,0,0,0
4010,391,15,1,5,15,0,15,0
4017,392,15,2,0,0,0,0,0
4017,392,15,2,1,1681,0,1681,0
4017,392,15,2,2,0,0,0,0
4020,392,15,2,3,0,0,0,0
4020,392,15,2,4,0,0,0,0
4020,392,15,2,5,15,0,15,0
4027,393,15,3,0,0,0,0,0
4027,393,15,3,1,1681,0,1681,0
4027,393,15,3,2,0,0,0,0
4030,393,15,3,3,0,0,0,0
4030,393,15,3,4,0,0,0,0
4030,393,15,3,5,15,0,15,0
4037,394,15,4,0,0,0,0,0
4037,394,15,4,1,1611,0,1611,0
4037,394,15,4,2,0,0,0,0
4040,394,15,4,3,0,0,0,0
4040,394,15,4,4,0,0,0,0
4040,394,15,4,5,53,0,53,0
4047,395,15,5,0,512,0,512,0
4047,395,15,5,1,0,0,0,0
4047,395,15,5,2,0,0,0,0
4050,395,15,5,3,0,0,0,0
4050,395,15,5,4,0,0,0,0
4050,395,15,5,5,1857,0,1857,0
4057,396,15,6,0,1752,0,1752,0
4057,396,15,6,1,0,0,0,0
4057,396,15,6,2,49,0,49,0
4060,396,15,6,3,0,0,0,0
4060,396,15,6,4,643,0,643,0
4060,396,15,6,5,4011,0,4011,0
4067,397,15,7,0,1644,0,1644,0
4067,397,15,7,1,0,0,0,0
4067,397,15,7,2,2749,0,2749,0
4070,397,15,7,3,0,0,0,0
4070,397,15,7,4,813,0,813,0
4070,397,15,7,5,5772,0,5772,0
4077,398,15,8,0,846,0,846,0
4077,398,15,8,1,0,0,0,0
4077,398,15,8,2,4811,0,4811,0
4080,398,15,8,3,0,0,0,0
4080,398,15,8,4,1010,0,1010,0
4080,398,15,8,5,3161,0,3161,0
4087,399,15,9,0,0,0,0,0
4087,399,15,9,1,0,0,0,0
4087,399,15,9,2,5532,0,5532,0
4090,399,15,9,3,3327,0,3327,0
4090,399,15,9,4,655,0,655,0
4090,399,15,9,5,0,0,0,0
4097,400,15,10,0,0,0,0,0
4097,400,15,10,1,0,0,0,0
4097,400,15,10,2,3814,0,3814,0
4100,400,15,10,3,5700,0,5700,0
4100,400,15,10,4,50,0,50,0
4100,400,15,10,5,0,0,0,0
4107,401,15,11,0,0,0,0,0
4107,401,15,11,1,0,0,0,0
4107,401,15,11,2,1220,0,1220,0
4110,401,15,11,3,3041,0,3041,0
4110,401,15,11,4,0,0,0,0
4110,401,15,11,5,0,0,0,0
4117,402,15,12,0,1026,0,1026,0
4117,402,15,12,1,0,0,0,0
4117,402,15,12,2,385,0,385,0
4120,402,15,12,3,0,0,0,0
4120,402,15,12,4,68,0,68,0
4120,402,15,12,5,4211,0,4211,0
4127,403,15,13,0,1456,0,1456,0
4127,403,15,13,1,0,0,0,0
4127,403,15,13,2,2923,0,2923,0
4130,403,15,13,3,0,0,0,0
4130,403,15,13,4,0,0,0,0
4130,403,15,13,5,6040,0,6040,0
4137,404,15,14,0,2048,0,2048,0
4137,404,15,14,1,0,0,0,0
4137,404,15,14,2,4931,0,4931,0
4140,404,15,14,3,0,0,0,0
4140,404,15,14,4,428,0,428,0
4140,404,15,14,5,3898,0,3898,0
4147,405,15,15,0,2915,0,2915,0
4147,405,15,15,1,0,0,0,0
4147,405,15,15,2,6357,0,6357,0
4150,405,15,15,3,220,0,220,0
4150,405,15,15,4,392,0,392,0
4150,405,15,15,5,1599,0,1599,0
4157,406,15,16,0,2972,0,2972,0
4157,406,15,16,1,0,0,0,0
4157,406,15,16,2,6418,0,6418,0
4160,406,15,16,3,309,0,309,0
4160,406,15,16,4,398,0,398,0
4160,406,15,16,5,1485,0,1485,0
4167,407,15,17,0,2972,0,2972,0
4167,407,15,17,1,0,0,0,0
4167,407,15,17,2,6355,0,6355,0
4170,407,15,17,3,398,0,398,0
4170,407,15,17,4,451,0,451,0
4170,407,15,17,5,1386,0,1386,0
4177,408,15,18,0,2747,0,2747,0
4177,408,15,18,1,0,0,0,0
4177,408,15,18,2,6179,0,6179,0
4180,408,15,18,3,757,0,757,0
4180,408,15,18,4,649,0,649,0
4180,408,15,18,5,1065,0,1065,0
4187,409,15,19,0,0,0,0,0
4187,409,15,19,1,0,0,0,0
4187,409,15,19,2,5539,0,5539,0
4190,409,15,19,3,3791,0,3791,0
4190,409,15,19,4,1520,0,1520,0
4190,409,15,19,5,0,0,0,0
4197,410,15,20,0,0,0,0,0
4197,410,15,20,1,0,0,0,0
4197,410,15,20,2,4269,0,4269,0
4200,410,15,20,3,5705,0,5705,0
4200,410,15,20,4,0,0,0,0
4200,410,15,20,5,0,0,0,0
4207,411,15,21,0,0,0,0,0
4207,411,15,21,1,0,0,0,0
4207,411,15,21,2,1873,0,1873,0
4210,411,15,21,3,3111,0,3111,0
4210,411,15,21,4,0,0,0,0
4210,411,15,21,5,0,0,0,0
4217,412,15,22,0,0,0,0,0
4217,412,15,22,1,1046,0,1046,0
4217,412,15,22,2,463,0,463,0
4220,412,15,22,3,747,0,747,0
4220,412,15,22,4,0,0,0,0
4220,412,15,22,5,0,0,0,0
4227,413,15,23,0,0,0,0,0
4227,413,15,23,1,1681,0,1681,0
4227,413,15,23,2,0,0,0,0
4230,413,15,23,3,0,0,0,0
4230,413,15,23,4,0,0,0,0
4230,413,15,23,5,15,0,15,0
4237,414,15,24,0,0,0,0,0
4237,414,15,24,1,1681,0,1681,0
4237,414,15,24,2,0,0,0,0
4240,414,15,24,3,0,0,0,0
4240,414,15,24,4,0,0,0,0
4240,414,15,24,5,15,0,15,0
4247,415,15,25,0,0,0,0,0
4247,415,15,25,1,1681,0,1681,0
4247,415,15,25,2,0,0,0,0
4250,415,15,25,3,0,0,0,0
4250,415,15,25,4,0,0,0,0
4250,415,15,25,5,15,0,15,0
4259,416,16,0,0,0,0,0,0
4259,416,16,0,1,1681,0,1681,0
4259,416,16,0,2,0,0,0,0
4262,416,16,0,3,0,0,0,0
4262,416,16,0,4,0,0,0,0
4262,416,16,0,5,15,0,15,0
4269,417,16,1,0,0,0,0,0
4269,417,16,1,1,1681,0,1681,0
4269,417,16,1,2,0,0,0,0
4272,417,16,1,3,0,0,0,0
4272,417,16,1,4,0,0,0,0
4272,417,16,1,5,15,0,15,0
4279,418,16,2,0,0,0,0,0
4279,418,16,2,1,1681,0,1681,0
4279,418,16,2,2,0,0,0,0
4282,418,16,2,3,0,0,0,0
4282,418,16,2,4,0,0,0,0
4282,418,16,2,5,15,0,15,0
4289,419,16,3,0,0,0,0,0
4289,419,16,3,1,1681,0,1681,0
4289,419,16,3,2,0,0,0,0
4292,419,16,3,3,0,0,0,0
4292,419,16,3,4,0,0,0,0
4292,419,16,3,5,15,0,15,0
4299,420,16,4,0,0,0,0,0
4299,420,16,4,1,1543,0,1543,0
4299,420,16,4,2,0,0,0,0
4302,420,16,4,3,0,0,0,0
4302,420,16,4,4,0,0,0,0
4302,420,16,4,5,121,0,121,0
4309,421,16,5,0,1490,0,1490,0
4309,421,16,5,1,0,0,0,0
4309,421,16,5,2,0,0,0,0
4312,421,16,5,3,0,0,0,0
4312,421,16,5,4,0,0,0,0
4312,421,16,5,5,2900,0,2900,0
4319,422,16,6,0,2935,0,2935,0
4319,422,16,6,1,0,0,0,0
4319,422,16,6,2,817,0,817,0
4322,422,16,6,3,0,0,0,0
4322,422,16,6,4,1265,0,1265,0
4322,422,16,6,5,4980,0,4980,0
4329,423,16,7,0,2138,0,2138,0
4329,423,16,7,1,0,0,0,0
4329,423,16,7,2,3691,0,3691,0
4332,423,16,7,3,0,0,0,0
4332,423,16,7,4,1271,0,1271,0
4332,423,16,7,5,4873,0,4873,0
4339,424,16,8,0,1323,0,1323,0
4339,424,16,8,1,0,0,0,0
4339,424,16,8,2,5599,0,5599,0
4342,424,16,8,3,0,0,0,0
4342,424,16,8,4,1301,0,1301,0
4342,424,16,8,5,2084,0,2084,0
4349,425,16,9,0,58,0,58,0
4349,425,16,9,1,0,0,0,0
4349,425,16,9,2,5612,0,5612,0
4352,425,16,9,3,3345,0,3345,0
4352,425,16,9,4,615,0,615,0
4352,425,16,9,5,0,0,0,0
4359,426,16,10,0,0,0,0,0
4359,426,16,10,1,0,0,0,0
4359,426,16,10,2,3302,0,3302,0
4362,426,16,10,3,5643,0,5643,0
4362,426,16,10,4,0,0,0,0
4362,426,16,10,5,0,0,0,0
4369,427,16,11,0,1104,0,1104,0
4369,427,16,11,1,0,0,0,0
4369,427,16,11,2,1003,0,1003,0
4372,427,16,11,3,2044,0,2044,0
4372,427,16,11,4,0,0,0,0
4372,427,16,11,5,1161,0,1161,0
4379,428,16,12,0,507,0,507,0
4379,428,16,12,1,0,0,0,0
4379,428,16,12,2,658,0,658,0
4382,428,16,12,3,0,0,0,0
4382,428,16,12,4,1780,0,1780,0
4382,428,16,12,5,5070,0,5070,0
4389,429,16,13,0,0,0,0,0
4389,429,16,13,1,0,0,0,0
4389,429,16,13,2,4048,0,4048,0
4392,429,16,13,3,0,0,0,0
4392,429,16,13,4,1025,0,1025,0
4392,429,16,13,5,5416,0,5416,0
4399,430,16,14,0,1366,0,1366,0
4399,430,16,14,1,0,0,0,0
4399,430,16,14,2,5776,0,5776,0
4402,430,16,14,3,0,0,0,0
4402,430,16,14,4,690,0,690,0
4402,430,16,14,5,3476,0,3476,0
4409,431,16,15,0,2945,0,2945,0
4409,431,16,15,1,0,0,0,0
4409,431,16,15,2,6402,0,6402,0
4412,431,16,15,3,265,0,265,0
4412,431,16,15,4,439,0,439,0
4412,431,16,15,5,1554,0,1554,0
4419,432,16,16,0,2983,0,2983,0
4419,432,16,16,1,0,0,0,0
4419,432,16,16,2,6426,0,6426,0
4422,432,16,16,3,305,0,305,0
4422,432,16,16,4,429,0,429,0
4422,432,16,16,5,1470,0,1470,0
4429,433,16,17,0,2902,0,2902,0
4429,433,16,17,1,0,0,0,0
4429,433,16,17,2,6654,0,6654,0
4432,433,16,17,3,118,0,118,0
4432,433,16,17,4,781,0,781,0
4432,433,16,17,5,1309,0,1309,0
4439,434,16,18,0,2768,0,2768,0
4439,434,16,18,1,0,0,0,0
4439,434,16,18,2,6901,0,6901,0
4442,434,16,18,3,0,0,0,0
4442,434,16,18,4,965,0,965,0
4442,434,16,18,5,751,0,751,0
4449,435,16,19,0,697,0,697,0
4449,435,16,19,1,0,0,0,0
4449,435,16,19,2,6207,0,6207,0
4452,435,16,19,3,2229,0,2229,0
4452,435,16,19,4,1501,0,1501,0
4452,435,16,19,5,0,0,0,0
4459,436,16,20,0,0,0,0,0
4459,436,16,20,1,111,0,111,0
4459,436,16,20,2,4357,0,4357,0
4462,436,16,20,3,4087,0,4087,0
4462,436,16,20,4,0,0,0,0
4462,436,16,20,5,0,0,0,0
4469,437,16,21,0,0,0,0,0
4469,437,16,21,1,1384,0,1384,0
4469,437,16,21,2,1613,0,1613,0
4472,437,16,21,3,2027,0,2027,0
4472,437,16,21,4,173,0,173,0
4472,437,16,21,5,0,0,0,0
4479,438,16,22,0,0,0,0,0
4479,438,16,22,1,1508,0,1508,0
4479,438,16,22,2,360,0,360,0
4482,438,16,22,3,464,0,464,0
4482,438,16,22,4,0,0,0,0
4482,438,16,22,5,0,0,0,0
4489,439,16,23,0,0,0,0,0
4489,439,16,23,1,1681,0,1681,0
4489,439,16,23,2,0,0,0,0
4492,439,16,23,3,0,0,0,0
4492,439,16,23,4,0,0,0,0
4492,439,16,23,5,15,0,15,0
4499,440,16,24,0,0,0,0,0
4499,440,16,24,1,1681,0,1681,0
4499,440,16,24,2,0,0,0,0
4502,440,16,24,3,0,0,0,0
4502,440,16,24,4,0,0,0,0
4502,440,16,24,5,15,0,15,0
4509,441,16,25,0,0,0,0,0
4509,441,16,25,1,1681,0,1681,0
4509,441,16,25,2,0,0,0,0
4512,441,16,25,3,0,0,0,0
4512,441,16,25,4,0,0,0,0
4512,441,16,25,5,15,0,15,0
4521,442,17,0,0,0,0,0,0
4521,442,17,0,1,1681,0,1681,0
4521,442,17,0,2,0,0,0,0
4524,442,17,0,3,0,0,0,0
4524,442,17,0,4,0,0,0,0
4524,442,17,0,5,15,0,15,0
4531,443,17,1,0,0,0,0,0
4531,443,17,1,1,1681,0,1681,0
4531,443,17,1,2,0,0,0,0
4534,443,17,1,3,0,0,0,0
4534,443,17,1,4,0,0,0,0
4534,443,17,1,5,15,0,15,0
4541,444,17,2,0,0,0,0,0
4541,444,17,2,1,1681,0,1681,0
4541,444,17,2,2,0,0,0,0
4544,444,17,2,3,0,0,0,0
4544,444,17,2,4,0,0,0,0
4544,444,17,2,5,15,0,15,0
4551,445,17,3,0,0,0,0,0
4551,445,17,3,1,1647,0,1647,0
4551,445,17,3,2,0,0,0,0
4554,445,17,3,3,0,0,0,0
4554,445,17,3,4,0,0,0,0
4554,445,17,3,5,24,0,24,0
4561,446,17,4,0,0,0,0,0
4561,446,17,4,1,1313,0,1313,0
4561,446,17,4,2,0,0,0,0
4564,446,17,4,3,0,0,0,0
4564,446,17,4,4,0,0,0,0
4564,446,17,4,5,257,0,257,0
4571,447,17,5,0,1779,0,1779,0
4571,447,17,5,1,0,0,0,0
4571,447,17,5,2,255,0,255,0
4574,447,17,5,3,0,0,0,0
4574,447,17,5,4,0,0,0,0
4574,447,17,5,5,3816,0,3816,0
4581,448,17,6,0,3213,0,3213,0
4581,448,17,6,1,0,0,0,0
4581,448,17,6,2,1780,0,1780,0
4584,448,17,6,3,0,0,0,0
4584,448,17,6,4,959,0,959,0
4584,448,17,6,5,5713,0,5713,0
4591,449,17,7,0,2758,0,2758,0
4591,449,17,7,1,0,0,0,0
4591,449,17,7,2,4580,0,4580,0
4594,449,17,7,3,0,0,0,0
4594,449,17,7,4,653,0,653,0
4594,449,17,7,5,4002,0,4002,0
4601,450,17,8,0,1734,0,1734,0
4601,450,17,8,1,0,0,0,0
4601,450,17,8,2,6068,0,6068,0
4604,450,17,8,3,329,0,329,0
4604,450,17,8,4,1102,0,1102,0
4604,450,17,8,5,871,0,871,0
4611,451,17,9,0,228,0,228,0
4611,451,17,9,1,0,0,0,0
4611,451,17,9,2,5735,0,5735,0
4614,451,17,9,3,3105,0,3105,0
4614,451,17,9,4,245,0,245,0
4614,451,17,9,5,0,0,0,0
4621,452,17,10,0,669,0,669,0
4621,452,17,10,1,0,0,0,0
4621,452,17,10,2,2974,0,2974,0
4624,452,17,10,3,3943,0,3943,0
4624,452,17,10,4,0,0,0,0
4624,452,17,10,5,0,0,0,0
4631,453,17,11,0,2510,0,2510,0
4631,453,17,11,1,0,0,0,0
4631,453,17,11,2,1948,0,1948,0
4634,453,17,11,3,0,0,0,0
4634,453,17,11,4,704,0,704,0
4634,453,17,11,5,3225,0,3225,0
4641,454,17,12,0,736,0,736,0
4641,454,17,12,1,0,0,0,0
4641,454,17,12,2,3062,0,3062,0
4644,454,17,12,3,0,0,0,0
4644,454,17,12,4,1666,0,1666,0
4644,454,17,12,5,5442,0,5442,0
4651,455,17,13,0,1328,0,1328,0
4651,455,17,13,1,0,0,0,0
4651,455,17,13,2,5660,0,5660,0
4654,455,17,13,3,0,0,0,0
4654,455,17,13,4,877,0,877,0
4654,455,17,13,5,3219,0,3219,0
4661,456,17,14,0,2462,0,2462,0
4661,456,17,14,1,0,0,0,0
4661,456,17,14,2,6309,0,6309,0
4664,456,17,14,3,116,0,116,0
4664,456,17,14,4,516,0,516,0
4664,456,17,14,5,2074,0,2074,0
4671,457,17,15,0,3007,0,3007,0
4671,457,17,15,1,0,0,0,0
4671,457,17,15,2,6433,0,6433,0
4674,457,17,15,3,268,0,268,0
4674,457,17,15,4,386,0,386,0
4674,457,17,15,5,1492,0,1492,0
4681,458,17,16,0,2984,0,2984,0
4681,458,17,16,1,0,0,0,0
4681,458,17,16,2,6484,0,6484,0
4684,458,17,16,3,250,0,250,0
4684,458,17,16,4,479,0,479,0
4684,458,17,16,5,1412,0,1412,0
4691,459,17,17,0,2166,0,2166,0
4691,459,17,17,1,0,0,0,0
4691,459,17,17,2,6963,0,6963,0
4694,459,17,17,3,283,0,283,0
4694,459,17,17,4,903,0,903,0
4694,459,17,17,5,669,0,669,0
4701,460,17,18,0,1598,0,1598,0
4701,460,17,18,1,0,0,0,0
4701,460,17,18,2,7255,0,7255,0
4704,460,17,18,3,168,0,168,0
4704,460,17,18,4,0,0,0,0
4704,460,17,18,5,0,0,0,0
4711,461,17,19,0,928,0,928,0
4711,461,17,19,1,1332,0,1332,0
4711,461,17,19,2,5846,0,5846,0
4714,461,17,19,3,1882,0,1882,0
4714,461,17,19,4,0,0,0,0
4714,461,17,19,5,0,0,0,0
4721,462,17,20,0,1402,0,1402,0
4721,462,17,20,1,1503,0,1503,0
4721,462,17,20,2,3521,0,3521,0
4724,462,17,20,3,2396,0,2396,0
4724,462,17,20,4,0,0,0,0
4724,462,17,20,5,0,0,0,0
4731,463,17,21,0,539,0,539,0
4731,463,17,21,1,2095,0,2095,0
4731,463,17,21,2,830,0,830,0
4734,463,17,21,3,430,0,430,0
4734,463,17,21,4,0,0,0,0
4734,463,17,21,5,0,0,0,0
4741,464,17,22,0,0,0,0,0
4741,464,17,22,1,1743,0,1743,0
4741,464,17,22,2,107,0,107,0
4744,464,17,22,3,0,0,0,0
4744,464,17,22,4,0,0,0,0
4744,464,17,22,5,0,0,0,0
4751,465,17,23,0,0,0,0,0
4751,465,17,23,1,1681,0,1681,0
4751,465,17,23,2,0,0,0,0
4754,465,17,23,3,0,0,0,0
4754,465,17,23,4,0,0,0,0
4754,465,17,23,5,15,0,15,0
4761,466,17,24,0,0,0,0,0
4761,466,17,24,1,1681,0,1681,0
4761,466,17,24,2,0,0,0,0
4764,466,17,24,3,0,0,0,0
4764,466,17,24,4,0,0,0,0
4764,466,17,24,5,15,0,15,0
4771,467,17,25,0,0,0,0,0
4771,467,17,25,1,1681,0,1681,0
4771,467,17,25,2,0,0,0,0
4774,467,17,25,3,0,0,0,0
4774,467,17,25,4,0,0,0,0
4774,467,17,25,5,15,0,15,0
4783,468,18,0,0,0,0,0,0
4783,468,18,0,1,1681,0,1681,0
4783,468,18,0,2,0,0,0,0
4786,468,18,0,3,0,0,0,0
4786,468,18,0,4,0,0,0,0
4786,468,18,0,5,15,0,15,0
4793,469,18,1,0,0,0,0,0
4793,469,18,1,1,1681,0,1681,0
4793,469,18,1,2,0,0,0,0
4796,469,18,1,3,0,0,0,0
4796,469,18,1,4,0,0,0,0
4796,469,18,1,5,15,0,15,0
4803,470,18,2,0,0,0,0,0
4803,470,18,2,1,1681,0,1681,0
4803,470,18,2,2,0,0,0,0
4806,470,18,2,3,0,0,0,0
4806,470,18,2,4,0,0,0,0
4806,470,18,2,5,15,0,15,0
4813,471,18,3,0,0,0,0,0
4813,471,18,3,1,1611,0,1611,0
4813,471,18,3,2,0,0,0,0
4816,471,18,3,3,0,0,0,0
4816,471,18,3,4,0,0,0,0
4816,471,18,3,5,53,0,53,0
4823,472,18,4,0,0,0,0,0
4823,472,18,4,1,1075,0,1075,0
4823,472,18,4,2,0,0,0,0
4826,472,18,4,3,0,0,0,0
4826,472,18,4,4,0,0,0,0
4826,472,18,4,5,507,0,507,0
4833,473,18,5,0,2388,0,2388,0
4833,473,18,5,1,0,0,0,0
4833,473,18,5,2,213,0,213,0
4836,473,18,5,3,0,0,0,0
4836,473,18,5,4,0,0,0,0
4836,473,18,5,5,4501,0,4501,0
4843,474,18,6,0,3023,0,3023,0
4843,474,18,6,1,0,0,0,0
4843,474,18,6,2,1989,0,1989,0
4846,474,18,6,3,0,0,0,0
4846,474,18,6,4,1485,0,1485,0
4846,474,18,6,5,5861,0,5861,0
4853,475,18,7,0,2025,0,2025,0
4853,475,18,7,1,0,0,0,0
4853,475,18,7,2,5059,0,5059,0
4856,475,18,7,3,0,0,0,0
4856,475,18,7,4,628,0,628,0
4856,475,18,7,5,3660,0,3660,0
4863,476,18,8,0,891,0,891,0
4863,476,18,8,1,0,0,0,0
4863,476,18,8,2,6139,0,6139,0
4866,476,18,8,3,1258,0,1258,0
4866,476,18,8,4,840,0,840,0
4866,476,18,8,5,226,0,226,0
4873,477,18,9,0,23,0,23,0
4873,477,18,9,1,0,0,0,0
4873,477,18,9,2,5408,0,5408,0
4876,477,18,9,3,3609,0,3609,0
4876,477,18,9,4,0,0,0,0
4876,477,18,9,5,0,0,0,0
4883,478,18,10,0,2144,0,2144,0
4883,478,18,10,1,0,0,0,0
4883,478,18,10,2,3009,0,3009,0
4886,478,18,10,3,1913,0,1913,0
4886,478,18,10,4,0,0,0,0
4886,478,18,10,5,0,0,0,0
4893,479,18,11,0,2447,0,2447,0
4893,479,18,11,1,0,0,0,0
4893,479,18,11,2,3071,0,3071,0
4896,479,18,11,3,0,0,0,0
4896,479,18,11,4,875,0,875,0
4896,479,18,11,5,4317,0,4317,0
4903,480,18,12,0,1108,0,1108,0
4903,480,18,12,1,0,0,0,0
4903,480,18,12,2,4931,0,4931,0
4906,480,18,12,3,0,0,0,0
4906,480,18,12,4,652,0,652,0
4906,480,18,12,5,4320,0,4320,0
4913,481,18,13,0,2640,0,2640,0
4913,481,18,13,1,0,0,0,0
4913,481,18,13,2,6268,0,6268,0
4916,481,18,13,3,136,0,136,0
4916,481,18,13,4,455,0,455,0
4916,481,18,13,5,1873,0,1873,0
4923,482,18,14,0,2944,0,2944,0
4923,482,18,14,1,0,0,0,0
4923,482,18,14,2,6413,0,6413,0
4926,482,18,14,3,277,0,277,0
4926,482,18,14,4,423,0,423,0
4926,482,18,14,5,1527,0,1527,0
4933,483,18,15,0,2981,0,2981,0
4933,483,18,15,1,0,0,0,0
4933,483,18,15,2,6473,0,6473,0
4936,483,18,15,3,234,0,234,0
4936,483,18,15,4,490,0,490,0
4936,483,18,15,5,1437,0,1437,0
4943,484,18,16,0,2684,0,2684,0
4943,484,18,16,1,0,0,0,0
4943,484,18,16,2,6987,0,6987,0
4946,484,18,16,3,0,0,0,0
4946,484,18,16,4,1243,0,1243,0
4946,484,18,16,5,940,0,940,0
4953,485,18,17,0,1323,0,1323,0
4953,485,18,17,1,0,0,0,0
4953,485,18,17,2,7313,0,7313,0
4956,485,18,17,3,253,0,253,0
4956,485,18,17,4,1057,0,1057,0
4956,485,18,17,5,0,0,0,0
4963,486,18,18,0,1976,0,1976,0
4963,486,18,18,1,2519,0,2519,0
4963,486,18,18,2,6364,0,6364,0
4966,486,18,18,3,488,0,488,0
4966,486,18,18,4,0,0,0,0
4966,486,18,18,5,0,0,0,0
4973,487,18,19,0,2290,0,2290,0
4973,487,18,19,1,3302,0,3302,0
4973,487,18,19,2,3569,0,3569,0
4976,487,18,19,3,1369,0,1369,0
4976,487,18,19,4,0,0,0,0
4976,487,18,19,5,0,0,0,0
4983,488,18,20,0,1081,0,1081,0
4983,488,18,20,1,2013,0,2013,0
4983,488,18,20,2,1555,0,1555,0
4986,488,18,20,3,1421,0,1421,0
4986,488,18,20,4,0,0,0,0
4986,488,18,20,5,0,0,0,0
4993,489,18,21,0,0,0,0,0
4993,489,18,21,1,1827,0,1827,0
4993,489,18,21,2,174,0,174,0
4996,489,18,21,3,0,0,0,0
4996,489,18,21,4,0,0,0,0
4996,489,18,21,5,0,0,0,0
5003,490,18,22,0,0,0,0,0
5003,490,18,22,1,1702,0,1702,0
5003,490,18,22,2,0,0,0,0
5006,490,18,22,3,0,0,0,0
5006,490,18,22,4,0,0,0,0
5006,490,18,22,5,0,0,0,0
5013,491,18,23,0,0,0,0,0
5013,491,18,23,1,1681,0,1681,0
5013,491,18,23,2,0,0,0,0
5016,491,18,23,3,0,0,0,0
5016,491,18,23,4,0,0,0,0
5016,491,18,23,5,15,0,15,0
5023,492,18,24,0,0,0,0,0
5023,492,18,24,1,1681,0,1681,0
5023,492,18,24,2,0,0,0,0
5026,492,18,24,3,0,0,0,0
5026,492,18,24,4,0,0,0,0
5026,492,18,24,5,15,0,15,0
5033,493,18,25,0,0,0,0,0
5033,493,18,25,1,1681,0,1681,0
5033,493,18,25,2,0,0,0,0
5036,493,18,25,3,0,0,0,0
5036,493,18,25,4,0,0,0,0
5036,493,18,25,5,15,0,15,0
5045,494,19,0,0,0,0,0,0
5045,494,19,0,1,1681,0,1681,0
5045,494,19,0,2,0,0,0,0
5048,494,19,0,3,0,0,0,0
5048,494,19,0,4,0,0,0,0
5048,494,19,0,5,15,0,15,0
5055,495,19,1,0,0,0,0,0
5055,495,19,1,1,1681,0,1681,0
5055,495,19,1,2,0,0,0,0
5058,495,19,1,3,0,0,0,0
5058,495,19,1,4,0,0,0,0
5058,495,19,1,5,15,0,15,0
5065,496,19,2,0,0,0,0,0
5065,496,19,2,1,1681,0,1681,0
5065,496,19,2,2,0,0,0,0
5068,496,19,2,3,0,0,0,0
5068,496,19,2,4,0,0,0,0
5068,496,19,2,5,15,0,15,0
5075,497,19,3,0,0,0,0,0
5075,497,19,3,1,1665,0,1665,0
5075,497,19,3,2,0,0,0,0
5078,497,19,3,3,0,0,0,0
5078,497,19,3,4,0,0,0,0
5078,497,19,3,5,90,0,90,0
5085,498,19,4,0,0,0,0,0
5085,498,19,4,1,1540,0,1540,0
5085,498,19,4,2,84,0,84,0
5088,498,19,4,3,0,0,0,0
5088,498,19,4,4,72,0,72,0
5088,498,19,4,5,719,0,719,0
5095,499,19,5,0,3296,0,3296,0
5095,499,19,5,1,581,0,581,0
5095,499,19,5,2,997,0,997,0
5098,499,19,5,3,0,0,0,0
5098,499,19,5,4,0,0,0,0
5098,499,19,5,5,4893,0,4893,0
5105,500,19,6,0,4085,0,4085,0
5105,500,19,6,1,0,0,0,0
5105,500,19,6,2,2520,0,2520,0
5108,500,19,6,3,0,0,0,0
5108,500,19,6,4,1866,0,1866,0
5108,500,19,6,5,5355,0,5355,0
5115,501,19,7,0,3476,0,3476,0
5115,501,19,7,1,0,0,0,0
5115,501,19,7,2,5342,0,5342,0
5118,501,19,7,3,0,0,0,0
5118,501,19,7,4,1230,0,1230,0
5118,501,19,7,5,2818,0,2818,0
5125,502,19,8,0,1411,0,1411,0
5125,502,19,8,1,0,0,0,0
5125,502,19,8,2,5403,0,5403,0
5128,502,19,8,3,2387,0,2387,0
5128,502,19,8,4,471,0,471,0
5128,502,19,8,5,0,0,0,0
5135,503,19,9,0,167,0,167,0
5135,503,19,9,1,0,0,0,0
5135,503,19,9,2,4431,0,4431,0
5138,503,19,9,3,4840,0,4840,0
5138,503,19,9,4,0,0,0,0
5138,503,19,9,5,0,0,0,0
5145,504,19,10,0,963,0,963,0
5145,504,19,10,1,0,0,0,0
5145,504,19,10,2,3487,0,3487,0
5148,504,19,10,3,1366,0,1366,0
5148,504,19,10,4,0,0,0,0
5148,504,19,10,5,2387,0,2387,0
5155,505,19,11,0,483,0,483,0
5155,505,19,11,1,0,0,0,0
5155,505,19,11,2,4098,0,4098,0
5158,505,19,11,3,0,0,0,0
5158,505,19,11,4,573,0,573,0
5158,505,19,11,5,4455,0,4455,0
5165,506,19,12,0,1552,0,1552,0
5165,506,19,12,1,0,0,0,0
5165,506,19,12,2,5924,0,5924,0
5168,506,19,12,3,0,0,0,0
5168,506,19,12,4,684,0,684,0
5168,506,19,12,5,3092,0,3092,0
5175,507,19,13,0,2880,0,2880,0
5175,507,19,13,1,0,0,0,0
5175,507,19,13,2,6403,0,6403,0
5178,507,19,13,3,263,0,263,0
5178,507,19,13,4,441,0,441,0
5178,507,19,13,5,1595,0,1595,0
5185,508,19,14,0,2907,0,2907,0
5185,508,19,14,1,0,0,0,0
5185,508,19,14,2,6645,0,6645,0
5188,508,19,14,3,102,0,102,0
5188,508,19,14,4,773,0,773,0
5188,508,19,14,5,1311,0,1311,0
5195,509,19,15,0,2810,0,2810,0
5195,509,19,15,1,0,0,0,0
5195,509,19,15,2,6973,0,6973,0
5198,509,19,15,3,0,0,0,0
5198,509,19,15,4,936,0,936,0
5198,509,19,15,5,861,0,861,0
5205,510,19,16,0,1820,0,1820,0
5205,510,19,16,1,392,0,392,0
5205,510,19,16,2,7496,0,7496,0
5208,510,19,16,3,0,0,0,0
5208,510,19,16,4,1156,0,1156,0
5208,510,19,16,5,0,0,0,0
5215,511,19,17,0,1146,0,1146,0
5215,511,19,17,1,2905,0,2905,0
5215,511,19,17,2,6581,0,6581,0
5218,511,19,17,3,1073,0,1073,0
5218,511,19,17,4,0,0,0,0
5218,511,19,17,5,0,0,0,0
5225,512,19,18,0,3098,0,3098,0
5225,512,19,18,1,3611,0,3611,0
5225,512,19,18,2,4388,0,4388,0
5228,512,19,18,3,452,0,452,0
5228,512,19,18,4,0,0,0,0
5228,512,19,18,5,0,0,0,0
5235,513,19,19,0,2128,0,2128,0
5235,513,19,19,1,3012,0,3012,0
5235,513,19,19,2,1553,0,1553,0
5238,513,19,19,3,0,0,0,0
5238,513,19,19,4,0,0,0,0
5238,513,19,19,5,0,0,0,0
5245,514,19,20,0,216,0,216,0
5245,514,19,20,1,2050,0,2050,0
5245,514,19,20,2,355,0,355,0
5248,514,19,20,3,110,0,110,0
5248,514,19,20,4,0,0,0,0
5248,514,19,20,5,0,0,0,0
5255,515,19,21,0,0,0,0,0
5255,515,19,21,1,1720,0,1720,0
5255,515,19,21,2,0,0,0,0
5258,515,19,21,3,0,0,0,0
5258,515,19,21,4,0,0,0,0
5258,515,19,21,5,0,0,0,0
5265,516,19,22,0,0,0,0,0
5265,516,19,22,1,1685,0,1685,0
5265,516,19,22,2,0,0,0,0
5268,516,19,22,3,0,0,0,0
5268,516,19,22,4,0,0,0,0
5268,516,19,22,5,0,0,0,0
5275,517,19,23,0,0,0,0,0
5275,517,19,23,1,1681,0,1681,0
5275,517,19,23,2,0,0,0,0
5278,517,19,23,3,0,0,0,0
5278,517,19,23,4,0,0,0,0
5278,517,19,23,5,15,0,15,0
5285,518,19,24,0,0,0,0,0
5285,518,19,24,1,1681,0,1681,0
5285,518,19,24,2,0,0,0,0
5288,518,19,24,3,0,0,0,0
5288,518,19,24,4,0,0,0,0
5288,518,19,24,5,15,0,15,0
5295,519,19,25,0,0,0,0,0
5295,519,19,25,1,1681,0,1681,0
5295,519,19,25,2,0,0,0,0
5298,519,19,25,3,0,0,0,0
5298,519,19,25,4,0,0,0,0
5298,519,19,25,5,15,0,15,0
5307,520,20,0,0,0,0,0,0
5307,520,20,0,1,1681,0,1681,0
5307,520,20,0,2,0,0,0,0
5310,520,20,0,3,0,0,0,0
5310,520,20,0,4,0,0,0,0
5310,520,20,0,5,15,0,15,0
5317,521,20,1,0,0,0,0,0
5317,521,20,1,1,1681,0,1681,0
5317,521,20,1,2,0,0,0,0
5320,521,20,1,3,0,0,0,0
5320,521,20,1,4,0,0,0,0
5320,521,20,1,5,15,0,15,0
5327,522,20,2,0,0,0,0,0
5327,522,20,2,1,1681,0,1681,0
5327,522,20,2,2,0,0,0,0
5330,522,20,2,3,0,0,0,0
5330,522,20,2,4,0,0,0,0
5330,522,20,2,5,15,0,15,0
5337,523,20,3,0,0,0,0,0
5337,523,20,3,1,1720,0,1720,0
5337,523,20,3,2,1,0,1,0
5340,523,20,3,3,0,0,0,0
5340,523,20,3,4,0,0,0,0
5340,523,20,3,5,87,0,87,0
5347,524,20,4,0,0,0,0,0
5347,524,20,4,1,1956,0,1956,0
5347,524,20,4,2,321,0,321,0
5350,524,20,4,3,0,0,0,0
5350,524,20,4,4,0,0,0,0
5350,524,20,4,5,692,0,692,0
5357,525,20,5,0,2493,0,2493,0
5357,525,20,5,1,2403,0,2403,0
5357,525,20,5,2,1915,0,1915,0
5360,525,20,5,3,0,0,0,0
5360,525,20,5,4,0,0,0,0
5360,525,20,5,5,4555,0,4555,0
5367,526,20,6,0,5030,0,5030,0
5367,526,20,6,1,2293,0,2293,0
5367,526,20,6,2,3278,0,3278,0
5370,526,20,6,3,0,0,0,0
5370,526,20,6,4,320,0,320,0
5370,526,20,6,5,4746,0,4746,0
5377,527,20,7,0,6141,0,6141,0
5377,527,20,7,1,0,0,0,0
5377,527,20,7,2,4982,0,4982,0
5380,527,20,7,3,0,0,0,0
5380,527,20,7,4,513,0,513,0
5380,527,20,7,5,2142,0,2142,0
5387,528,20,8,0,4195,0,4195,0
5387,528,20,8,1,0,0,0,0
5387,528,20,8,2,4938,0,4938,0
5390,528,20,8,3,568,0,568,0
5390,528,20,8,4,1599,0,1599,0
5390,528,20,8,5,315,0,315,0
5397,529,20,9,0,1720,0,1720,0
5397,529,20,9,1,0,0,0,0
5397,529,20,9,2,4428,0,4428,0
5400,529,20,9,3,3121,0,3121,0
5400,529,20,9,4,1540,0,1540,0
5400,529,20,9,5,101,0,101,0
5407,530,20,10,0,302,0,302,0
5407,530,20,10,1,0,0,0,0
5407,530,20,10,2,4830,0,4830,0
5410,530,20,10,3,1299,0,1299,0
5410,530,20,10,4,1354,0,1354,0
5410,530,20,10,5,3092,0,3092,0
5417,531,20,11,0,914,0,914,0
5417,531,20,11,1,0,0,0,0
5417,531,20,11,2,5793,0,5793,0
5420,531,20,11,3,0,0,0,0
5420,531,20,11,4,930,0,930,0
5420,531,20,11,5,3587,0,3587,0
5427,532,20,12,0,2661,0,2661,0
5427,532,20,12,1,0,0,0,0
5427,532,20,12,2,6351,0,6351,0
5430,532,20,12,3,206,0,206,0
5430,532,20,12,4,483,0,483,0
5430,532,20,12,5,1838,0,1838,0
5437,533,20,13,0,2954,0,2954,0
5437,533,20,13,1,0,0,0,0
5437,533,20,13,2,6480,0,6480,0
5440,533,20,13,3,251,0,251,0
5440,533,20,13,4,500,0,500,0
5440,533,20,13,5,1426,0,1426,0
5447,534,20,14,0,2155,0,2155,0
5447,534,20,14,1,0,0,0,0
5447,534,20,14,2,6960,0,6960,0
5450,534,20,14,3,273,0,273,0
5450,534,20,14,4,896,0,896,0
5450,534,20,14,5,682,0,682,0
5457,535,20,15,0,1617,0,1617,0
5457,535,20,15,1,0,0,0,0
5457,535,20,15,2,7272,0,7272,0
5460,535,20,15,3,130,0,130,0
5460,535,20,15,4,0,0,0,0
5460,535,20,15,5,0,0,0,0
5467,536,20,16,0,1013,0,1013,0
5467,536,20,16,1,1818,0,1818,0
5467,536,20,16,2,6352,0,6352,0
5470,536,20,16,3,1106,0,1106,0
5470,536,20,16,4,0,0,0,0
5470,536,20,16,5,0,0,0,0
5477,537,20,17,0,1864,0,1864,0
5477,537,20,17,1,1989,0,1989,0
5477,537,20,17,2,3994,0,3994,0
5480,537,20,17,3,1944,0,1944,0
5480,537,20,17,4,0,0,0,0
5480,537,20,17,5,0,0,0,0
5487,538,20,18,0,1392,0,1392,0
5487,538,20,18,1,2334,0,2334,0
5487,538,20,18,2,1114,0,1114,0
5490,538,20,18,3,460,0,460,0
5490,538,20,18,4,0,0,0,0
5490,538,20,18,5,0,0,0,0
5497,539,20,19,0,0,0,0,0
5497,539,20,19,1,1886,0,1886,0
5497,539,20,19,2,138,0,138,0
5500,539,20,19,3,0,0,0,0
5500,539,20,19,4,0,0,0,0
5500,539,20,19,5,0,0,0,0
5507,540,20,20,0,0,0,0,0
5507,540,20,20,1,1716,0,1716,0
5507,540,20,20,2,0,0,0,0
5510,540,20,20,3,0,0,0,0
5510,540,20,20,4,0,0,0,0
5510,540,20,20,5,0,0,0,0
5517,541,20,21,0,0,0,0,0
5517,541,20,21,1,1681,0,1681,0
5517,541,20,21,2,0,0,0,0
5520,541,20,21,3,0,0,0,0
5520,541,20,21,4,0,0,0,0
5520,541,20,21,5,15,0,15,0
5527,542,20,22,0,0,0,0,0
5527,542,20,22,1,1681,0,1681,0
5527,542,20,22,2,0,0,0,0
5530,542,20,22,3,0,0,0,0
5530,542,20,22,4,0,0,0,0
5530,542,20,22,5,15,0,15,0
5537,543,20,23,0,0,0,0,0
5537,543,20,23,1,1681,0,1681,0
5537,543,20,23,2,0,0,0,0
5540,543,20,23,3,0,0,0,0
5540,543,20,23,4,0,0,0,0
5540,543,20,23,5,15,0,15,0
5547,544,20,24,0,0,0,0,0
5547,544,20,24,1,1681,0,1681,0
5547,544,20,24,2,0,0,0,0
5550,544,20,24,3,0,0,0,0
5550,544,20,24,4,0,0,0,0
5550,544,20,24,5,15,0,15,0
5557,545,20,25,0,0,0,0,0
5557,545,20,25,1,1681,0,1681,0
5557,545,20,25,2,0,0,0,0
5560,545,20,25,3,0,0,0,0
5560,545,20,25,4,0,0,0,0
5560,545,20,25,5,15,0,15,0
5569,546,21,0,0,0,0,0,0
5569,546,21,0,1,1681,0,1681,0
5569,546,21,0,2,0,0,0,0
5572,546,21,0,3,0,0,0,0
5572,546,21,0,4,0,0,0,0
5572,546,21,0,5,15,0,15,0
5579,547,21,1,0,0,0,0,0
5579,547,21,1,1,1681,0,1681,0
5579,547,21,1,2,0,0,0,0
5582,547,21,1,3,0,0,0,0
5582,547,21,1,4,0,0,0,0
5582,547,21,1,5,15,0,15,0
5589,548,21,2,0,0,0,0,0
5589,548,21,2,1,1681,0,1681,0
5589,548,21,2,2,0,0,0,0
5592,548,21,2,3,0,0,0,0
5592,548,21,2,4,0,0,0,0
5592,548,21,2,5,15,0,15,0
5599,549,21,3,0,0,0,0,0
5599,549,21,3,1,1701,0,1701,0
5599,549,21,3,2,0,0,0,0
5602,549,21,3,3,0,0,0,0
5602,549,21,3,4,0,0,0,0
5602,549,21,3,5,41,0,41,0
5609,550,21,4,0,0,0,0,0
5609,550,21,4,1,1891,0,1891,0
5609,550,21,4,2,183,0,183,0
5612,550,21,4,3,0,0,0,0
5612,550,21,4,4,0,0,0,0
5612,550,21,4,5,338,0,338,0
5619,551,21,5,0,937,0,937,0
5619,551,21,5,1,3056,0,3056,0
5619,551,21,5,2,1659,0,1659,0
5622,551,21,5,3,0,0,0,0
5622,551,21,5,4,0,0,0,0
5622,551,21,5,5,2999,0,2999,0
5629,552,21,6,0,3926,0,3926,0
5629,552,21,6,1,4240,0,4240,0
5629,552,21,6,2,3061,0,3061,0
5632,552,21,6,3,0,0,0,0
5632,552,21,6,4,0,0,0,0
5632,552,21,6,5,3909,0,3909,0
5639,553,21,7,0,7137,0,7137,0
5639,553,21,7,1,2079,0,2079,0
5639,553,21,7,2,4170,0,4170,0
5642,553,21,7,3,0,0,0,0
5642,553,21,7,4,151,0,151,0
5642,553,21,7,5,2874,0,2874,0
5649,554,21,8,0,6199,0,6199,0
5649,554,21,8,1,0,0,0,0
5649,554,21,8,2,5000,0,5000,0
5652,554,21,8,3,0,0,0,0
5652,554,21,8,4,1628,0,1628,0
5652,554,21,8,5,1809,0,1809,0
5659,555,21,9,0,3727,0,3727,0
5659,555,21,9,1,0,0,0,0
5659,555,21,9,2,6020,0,6020,0
5662,555,21,9,3,79,0,79,0
5662,555,21,9,4,1061,0,1061,0
5662,555,21,9,5,1285,0,1285,0
5669,556,21,10,0,2814,0,2814,0
5669,556,21,10,1,0,0,0,0
5669,556,21,10,2,6236,0,6236,0
5672,556,21,10,3,252,0,252,0
5672,556,21,10,4,619,0,619,0
5672,556,21,10,5,1689,0,1689,0
5679,557,21,11,0,2849,0,2849,0
5679,557,21,11,1,0,0,0,0
5679,557,21,11,2,6415,0,6415,0
5682,557,21,11,3,104,0,104,0
5682,557,21,11,4,598,0,598,0
5682,557,21,11,5,1657,0,1657,0
5689,558,21,12,0,3032,0,3032,0
5689,558,21,12,1,0,0,0,0
5689,558,21,12,2,6615,0,6615,0
5692,558,21,12,3,0,0,0,0
5692,558,21,12,4,715,0,715,0
5692,558,21,12,5,1305,0,1305,0
5699,559,21,13,0,2887,0,2887,0
5699,559,21,13,1,0,0,0,0
5699,559,21,13,2,7171,0,7171,0
5702,559,21,13,3,0,0,0,0
5702,559,21,13,4,1481,0,1481,0
5702,559,21,13,5,676,0,676,0
5709,560,21,14,0,1944,0,1944,0
5709,560,21,14,1,846,0,846,0
5709,560,21,14,2,7221,0,7221,0
5712,560,21,14,3,0,0,0,0
5712,560,21,14,4,966,0,966,0
5712,560,21,14,5,0,0,0,0
5719,561,21,15,0,2640,0,2640,0
5719,561,21,15,1,3175,0,3175,0
5719,561,21,15,2,6257,0,6257,0
5722,561,21,15,3,137,0,137,0
5722,561,21,15,4,71,0,71,0
5722,561,21,15,5,0,0,0,0
5729,562,21,16,0,2351,0,2351,0
5729,562,21,16,1,3374,0,3374,0
5729,562,21,16,2,3583,0,3583,0
5732,562,21,16,3,1299,0,1299,0
5732,562,21,16,4,0,0,0,0
5732,562,21,16,5,0,0,0,0
5739,563,21,17,0,1094,0,1094,0
5739,563,21,17,1,1998,0,1998,0
5739,563,21,17,2,1506,0,1506,0
5742,563,21,17,3,1496,0,1496,0
5742,563,21,17,4,0,0,0,0
5742,563,21,17,5,0,0,0,0
5749,564,21,18,0,0,0,0,0
5749,564,21,18,1,1767,0,1767,0
5749,564,21,18,2,138,0,138,0
5752,564,21,18,3,10,0,10,0
5752,564,21,18,4,0,0,0,0
5752,564,21,18,5,0,0,0,0
5759,565,21,19,0,0,0,0,0
5759,565,21,19,1,1685,0,1685,0
5759,565,21,19,2,0,0,0,0
5762,565,21,19,3,0,0,0,0
5762,565,21,19,4,0,0,0,0
5762,565,21,19,5,0,0,0,0
5769,566,21,20,0,0,0,0,0
5769,566,21,20,1,1681,0,1681,0
5769,566,21,20,2,0,0,0,0
5772,566,21,20,3,0,0,0,0
5772,566,21,20,4,0,0,0,0
5772,566,21,20,5,15,0,15,0
5779,567,21,21,0,0,0,0,0
5779,567,21,21,1,1681,0,1681,0
5779,567,21,21,2,0,0,0,0
5782,567,21,21,3,0,0,0,0
5782,567,21,21,4,0,0,0,0
5782,567,21,21,5,15,0,15,0
5789,568,21,22,0,0,0,0,0
5789,568,21,22,1,1681,0,1681,0
5789,568,21,22,2,0,0,0,0
5792,568,21,22,3,0,0,0,0
5792,568,21,22,4,0,0,0,0
5792,568,21,22,5,15,0,15,0
5799,569,21,23,0,0,0,0,0
5799,569,21,23,1,1681,0,1681,0
5799,569,21,23,2,0,0,0,0
5802,569,21,23,3,0,0,0,0
5802,569,21,23,4,0,0,0,0
5802,569,21,23,5,15,0,15,0
5809,570,21,24,0,0,0,0,0
5809,570,21,24,1,1681,0,1681,0
5809,570,21,24,2,0,0,0,0
5812,570,21,24,3,0,0,0,0
5812,570,21,24,4,0,0,0,0
5812,570,21,24,5,15,0,15,0
5819,571,21,25,0,0,0,0,0
5819,571,21,25,1,1681,0,1681,0
5819,571,21,25,2,0,0,0,0
5822,571,21,25,3,0,0,0,0
5822,571,21,25,4,0,0,0,0
5822,571,21,25,5,15,0,15,0
5831,572,22,0,0,0,0,0,0
5831,572,22,0,1,1681,0,1681,0
5831,572,22,0,2,0,0,0,0
5834,572,22,0,3,0,0,0,0
5834,572,22,0,4,0,0,0,0
5834,572,22,0,5,15,0,15,0
5841,573,22,1,0,0,0,0,0
5841,573,22,1,1,1681,0,1681,0
5841,573,22,1,2,0,0,0,0
5844,573,22,1,3,0,0,0,0
5844,573,22,1,4,0,0,0,0
5844,573,22,1,5,15,0,15,0
5851,574,22,2,0,0,0,0,0
5851,574,22,2,1,1681,0,1681,0
5851,574,22,2,2,0,0,0,0
5854,574,22,2,3,0,0,0,0
5854,574,22,2,4,0,0,0,0
5854,574,22,2,5,15,0,15,0
5861,575,22,3,0,0,0,0,0
5861,575,22,3,1,1681,0,1681,0
5861,575,22,3,2,0,0,0,0
5864,575,22,3,3,0,0,0,0
5864,575,22,3,4,0,0,0,0
5864,575,22,3,5,15,0,15,0
5871,576,22,4,0,0,0,0,0
5871,576,22,4,1,1750,0,1750,0
5871,576,22,4,2,28,0,28,0
5874,576,22,4,3,0,0,0,0
5874,576,22,4,4,0,0,0,0
5874,576,22,4,5,106,0,106,0
5881,577,22,5,0,0,0,0,0
5881,577,22,5,1,2641,0,2641,0
5881,577,22,5,2,979,0,979,0
5884,577,22,5,3,0,0,0,0
5884,577,22,5,4,0,0,0,0
5884,577,22,5,5,1448,0,1448,0
5891,578,22,6,0,1415,0,1415,0
5891,578,22,6,1,4261,0,4261,0
5891,578,22,6,2,2526,0,2526,0
5894,578,22,6,3,0,0,0,0
5894,578,22,6,4,0,0,0,0
5894,578,22,6,5,2655,0,2655,0
5901,579,22,7,0,5957,0,5957,0
5901,579,22,7,1,5542,0,5542,0
5901,579,22,7,2,4133,0,4133,0
5904,579,22,7,3,0,0,0,0
5904,579,22,7,4,0,0,0,0
5904,579,22,7,5,3157,0,3157,0
5911,580,22,8,0,7765,0,7765,0
5911,580,22,8,1,5277,0,5277,0
5911,580,22,8,2,4760,0,4760,0
5914,580,22,8,3,0,0,0,0
5914,580,22,8,4,914,0,914,0
5914,580,22,8,5,1848,0,1848,0
5921,581,22,9,0,7263,0,7263,0
5921,581,22,9,1,2966,0,2966,0
5921,581,22,9,2,6101,0,6101,0
5924,581,22,9,3,0,0,0,0
5924,581,22,9,4,2257,0,2257,0
5924,581,22,9,5,486,0,486,0
5931,582,22,10,0,5828,0,5828,0
5931,582,22,10,1,1405,0,1405,0
5931,582,22,10,2,6644,0,6644,0
5934,582,22,10,3,0,0,0,0
5934,582,22,10,4,1905,0,1905,0
5934,582,22,10,5,440,0,440,0
5941,583,22,11,0,5436,0,5436,0
5941,583,22,11,1,1423,0,1423,0
5941,583,22,11,2,6803,0,6803,0
5944,583,22,11,3,0,0,0,0
5944,583,22,11,4,1910,0,1910,0
5944,583,22,11,5,302,0,302,0
5951,584,22,12,0,4978,0,4978,0
5951,584,22,12,1,2234,0,2234,0
5951,584,22,12,2,7040,0,7040,0
5954,584,22,12,3,0,0,0,0
5954,584,22,12,4,1787,0,1787,0
5954,584,22,12,5,0,0,0,0
5961,585,22,13,0,3551,0,3551,0
5961,585,22,13,1,4109,0,4109,0
5961,585,22,13,2,7208,0,7208,0
5964,585,22,13,3,0,0,0,0
5964,585,22,13,4,957,0,957,0
5964,585,22,13,5,0,0,0,0
5971,586,22,14,0,3086,0,3086,0
5971,586,22,14,1,4652,0,4652,0
5971,586,22,14,2,6202,0,6202,0
5974,586,22,14,3,0,0,0,0
5974,586,22,14,4,0,0,0,0
5974,586,22,14,5,0,0,0,0
5981,587,22,15,0,3704,0,3704,0
5981,587,22,15,1,4244,0,4244,0
5981,587,22,15,2,3998,0,3998,0
5984,587,22,15,3,0,0,0,0
5984,587,22,15,4,0,0,0,0
5984,587,22,15,5,0,0,0,0
5991,588,22,16,0,2161,0,2161,0
5991,588,22,16,1,3042,0,3042,0
5991,588,22,16,2,1545,0,1545,0
5994,588,22,16,3,0,0,0,0
5994,588,22,16,4,0,0,0,0
5994,588,22,16,5,0,0,0,0
6001,589,22,17,0,232,0,232,0
6001,589,22,17,1,2055,0,2055,0
6001,589,22,17,2,345,0,345,0
6004,589,22,17,3,98,0,98,0
6004,589,22,17,4,0,0,0,0
6004,589,22,17,5,0,0,0,0
6011,590,22,18,0,0,0,0,0
6011,590,22,18,1,1716,0,1716,0
6011,590,22,18,2,0,0,0,0
6014,590,22,18,3,0,0,0,0
6014,590,22,18,4,0,0,0,0
6014,590,22,18,5,0,0,0,0
6021,591,22,19,0,0,0,0,0
6021,591,22,19,1,1681,0,1681,0
6021,591,22,19,2,0,0,0,0
6024,591,22,19,3,0,0,0,0
6024,591,22,19,4,0,0,0,0
6024,591,22,19,5,15,0,15,0
6031,592,22,20,0,0,0,0,0
6031,592,22,20,1,1681,0,1681,0
6031,592,22,20,2,0,0,0,0
6034,592,22,20,3,0,0,0,0
6034,592,22,20,4,0,0,0,0
6034,592,22,20,5,15,0,15,0
6041,593,22,21,0,0,0,0,0
6041,593,22,21,1,1681,0,1681,0
6041,593,22,21,2,0,0,0,0
6044,593,22,21,3,0,0,0,0
6044,593,22,21,4,0,0,0,0
6044,593,22,21,5,15,0,15,0
6051,594,22,22,0,0,0,0,0
6051,594,22,22,1,1681,0,1681,0
6051,594,22,22,2,0,0,0,0
6054,594,22,22,3,0,0,0,0
6054,594,22,22,4,0,0,0,0
6054,594,22,22,5,15,0,15,0
6061,595,22,23,0,0,0,0,0
6061,595,22,23,1,1681,0,1681,0
6061,595,22,23,2,0,0,0,0
6064,595,22,23,3,0,0,0,0
6064,595,22,23,4,0,0,0,0
6064,595,22,23,5,15,0,15,0
6071,596,22,24,0,0,0,0,0
6071,596,22,24,1,1681,0,1681,0
6071,596,22,24,2,0,0,0,0
6074,596,22,24,3,0,0,0,0
6074,596,22,24,4,0,0,0,0
6074,596,22,24,5,15,0,15,0
6081,597,22,25,0,0,0,0,0
6081,597,22,25,1,1681,0,1681,0
6081,597,22,25,2,0,0,0,0
6084,597,22,25,3,0,0,0,0
6084,597,22,25,4,0,0,0,0
6084,597,22,25,5,15,0,15,0
6093,598,23,0,0,0,0,0,0
6093,598,23,0,1,1681,0,1681,0
6093,598,23,0,2,0,0,0,0
6096,598,23,0,3,0,0,0,0
6096,598,23,0,4,0,0,0,0
6096,598,23,0,5,15,0,15,0
6103,599,23,1,0,0,0,0,0
6103,599,23,1,1,1681,0,1681,0
6103,599,23,1,2,0,0,0,0
6106,599,23,1,3,0,0,0,0
6106,599,23,1,4,0,0,0,0
6106,599,23,1,5,15,0,15,0
6113,600,23,2,0,0,0,0,0
6113,600,23,2,1,1681,0,1681,0
6113,600,23,2,2,0,0,0,0
6116,600,23,2,3,0,0,0,0
6116,600,23,2,4,0,0,0,0
6116,600,23,2,5,15,0,15,0
6123,601,23,3,0,0,0,0,0
6123,601,23,3,1,1681,0,1681,0
6123,601,23,3,2,0,0,0,0
6126,601,23,3,3,0,0,0,0
6126,601,23,3,4,0,0,0,0
6126,601,23,3,5,15,0,15,0
6133,602,23,4,0,0,0,0,0
6133,602,23,4,1,1681,0,1681,0
6133,602,23,4,2,0,0,0,0
6136,602,23,4,3,0,0,0,0
6136,602,23,4,4,0,0,0,0
6136,602,23,4,5,15,0,15,0
6143,603,23,5,0,0,0,0,0
6143,603,23,5,1,1895,0,1895,0
6143,603,23,5,2,177,0,177,0
6146,603,23,5,3,0,0,0,0
6146,603,23,5,4,0,0,0,0
6146,603,23,5,5,309,0,309,0
6153,604,23,6,0,0,0,0,0
6153,604,23,6,1,2636,0,2636,0
6153,604,23,6,2,929,0,929,0
6156,604,23,6,3,0,0,0,0
6156,604,23,6,4,0,0,0,0
6156,604,23,6,5,1036,0,1036,0
6163,605,23,7,0,919,0,919,0
6163,605,23,7,1,4343,0,4343,0
6163,605,23,7,2,2731,0,2731,0
6166,605,23,7,3,0,0,0,0
6166,605,23,7,4,0,0,0,0
6166,605,23,7,5,2584,0,2584,0
6173,606,23,8,0,4420,0,4420,0
6173,606,23,8,1,5759,0,5759,0
6173,606,23,8,2,4255,0,4255,0
6176,606,23,8,3,0,0,0,0
6176,606,23,8,4,0,0,0,0
6176,606,23,8,5,2486,0,2486,0
6183,607,23,9,0,6338,0,6338,0
6183,607,23,9,1,6303,0,6303,0
6183,607,23,9,2,5121,0,5121,0
6186,607,23,9,3,0,0,0,0
6186,607,23,9,4,0,0,0,0
6186,607,23,9,5,146,0,146,0
6193,608,23,10,0,6206,0,6206,0
6193,608,23,10,1,5679,0,5679,0
6193,608,23,10,2,5913,0,5913,0
6196,608,23,10,3,0,0,0,0
6196,608,23,10,4,0,0,0,0
6196,608,23,10,5,0,0,0,0
6203,609,23,11,0,5833,0,5833,0
6203,609,23,11,1,5594,0,5594,0
6203,609,23,11,2,5985,0,5985,0
6206,609,23,11,3,0,0,0,0
6206,609,23,11,4,0,0,0,0
6206,609,23,11,5,0,0,0,0
6213,610,23,12,0,5105,0,5105,0
6213,610,23,12,1,5493,0,5493,0
6213,610,23,12,2,5793,0,5793,0
6216,610,23,12,3,0,0,0,0
6216,610,23,12,4,0,0,0,0
6216,610,23,12,5,0,0,0,0
6223,611,23,13,0,3724,0,3724,0
6223,611,23,13,1,4795,0,4795,0
6223,611,23,13,2,4664,0,4664,0
6226,611,23,13,3,0,0,0,0
6226,611,23,13,4,0,0,0,0
6226,611,23,13,5,0,0,0,0
6233,612,23,14,0,2908,0,2908,0
6233,612,23,14,1,3198,0,3198,0
6233,612,23,14,2,2694,0,2694,0
6236,612,23,14,3,155,0,155,0
6236,612,23,14,4,0,0,0,0
6236,612,23,14,5,0,0,0,0
6243,613,23,15,0,1060,0,1060,0
6243,613,23,15,1,2448,0,2448,0
6243,613,23,15,2,751,0,751,0
6246,613,23,15,3,0,0,0,0
6246,613,23,15,4,0,0,0,0
6246,613,23,15,5,0,0,0,0
6253,614,23,16,0,0,0,0,0
6253,614,23,16,1,1876,0,1876,0
6253,614,23,16,2,115,0,115,0
6256,614,23,16,3,0,0,0,0
6256,614,23,16,4,0,0,0,0
6256,614,23,16,5,0,0,0,0
6263,615,23,17,0,0,0,0,0
6263,615,23,17,1,1712,0,1712,0
6263,615,23,17,2,0,0,0,0
6266,615,23,17,3,0,0,0,0
6266,615,23,17,4,0,0,0,0
6266,615,23,17,5,0,0,0,0
6273,616,23,18,0,0,0,0,0
6273,616,23,18,1,1681,0,1681,0
6273,616,23,18,2,0,0,0,0
6276,616,23,18,3,0,0,0,0
6276,616,23,18,4,0,0,0,0
6276,616,23,18,5,15,0,15,0
6283,617,23,19,0,0,0,0,0
6283,617,23,19,1,1681,0,1681,0
6283,617,23,19,2,0,0,0,0
6286,617,23,19,3,0,0,0,0
6286,617,23,19,4,0,0,0,0
6286,617,23,19,5,15,0,15,0
6293,618,23,20,0,0,0,0,0
6293,618,23,20,1,1681,0,1681,0
6293,618,23,20,2,0,0,0,0
6296,618,23,20,3,0,0,0,0
6296,618,23,20,4,0,0,0,0
6296,618,23,20,5,15,0,15,0
6303,619,23,21,0,0,0,0,0
6303,619,23,21,1,1681,0,1681,0
6303,619,23,21,2,0,0,0,0
6306,619,23,21,3,0,0,0,0
6306,619,23,21,4,0,0,0,0
6306,619,23,21,5,15,0,15,0
6313,620,23,22,0,0,0,0,0
6313,620,23,22,1,1681,0,1681,0
6313,620,23,22,2,0,0,0,0
6316,620,23,22,3,0,0,0,0
6316,620,23,22,4,0,0,0,0
6316,620,23,22,5,15,0,15,0
6323,621,23,23,0,0,0,0,0
6323,621,23,23,1,1681,0,1681,0
6323,621,23,23,2,0,0,0,0
6326,621,23,23,3,0,0,0,0
6326,621,23,23,4,0,0,0,0
6326,621,23,23,5,15,0,15,0
6333,622,23,24,0,0,0,0,0
6333,622,23,24,1,1681,0,1681,0
6333,622,23,24,2,0,0,0,0
6336,622,23,24,3,0,0,0,0
6336,622,23,24,4,0,0,0,0
6336,622,23,24,5,15,0,15,0
6343,623,23,25,0,0,0,0,0
6343,623,23,25,1,1681,0,1681,0
6343,623,23,25,2,0,0,0,0
6346,623,23,25,3,0,0,0,0
6346,623,23,25,4,0,0,0,0
6346,623,23,25,5,15,0,15,0
6355,624,24,0,0,0,0,0,0
6355,624,24,0,1,1681,0,1681,0
6355,624,24,0,2,0,0,0,0
6358,624,24,0,3,0,0,0,0
6358,624,24,0,4,0,0,0,0
6358,624,24,0,5,15,0,15,0
6365,625,24,1,0,0,0,0,0
6365,625,24,1,1,1681,0,1681,0
6365,625,24,1,2,0,0,0,0
6368,625,24,1,3,0,0,0,0
6368,625,24,1,4,0,0,0,0
6368,625,24,1,5,15,0,15,0
6375,626,24,2,0,0,0,0,0
6375,626,24,2,1,1681,0,1681,0
6375,626,24,2,2,0,0,0,0
6378,626,24,2,3,0,0,0,0
6378,626,24,2,4,0,0,0,0
6378,626,24,2,5,15,0,15,0
6385,627,24,3,0,0,0,0,0
6385,627,24,3,1,1681,0,1681,0
6385,627,24,3,2,0,0,0,0
6388,627,24,3,3,0,0,0,0
6388,627,24,3,4,0,0,0,0
6388,627,24,3,5,15,0,15,0
6395,628,24,4,0,0,0,0,0
6395,628,24,4,1,1681,0,1681,0
6395,628,24,4,2,0,0,0,0
6398,628,24,4,3,0,0,0,0
6398,628,24,4,4,0,0,0,0
6398,628,24,4,5,15,0,15,0
6405,629,24,5,0,0,0,0,0
6405,629,24,5,1,1691,0,1691,0
6405,629,24,5,2,0,0,0,0
6408,629,24,5,3,0,0,0,0
6408,629,24,5,4,0,0,0,0
6408,629,24,5,5,28,0,28,0
6415,630,24,6,0,0,0,0,0
6415,630,24,6,1,1758,0,1758,0
6415,630,24,6,2,37,0,37,0
6418,630,24,6,3,0,0,0,0
6418,630,24,6,4,0,0,0,0
6418,630,24,6,5,103,0,103,0
6425,631,24,7,0,0,0,0,0
6425,631,24,7,1,2190,0,2190,0
6425,631,24,7,2,488,0,488,0
6428,631,24,7,3,0,0,0,0
6428,631,24,7,4,0,0,0,0
6428,631,24,7,5,655,0,655,0
6435,632,24,8,0,0,0,0,0
6435,632,24,8,1,3275,0,3275,0
6435,632,24,8,2,1524,0,1524,0
6438,632,24,8,3,0,0,0,0
6438,632,24,8,4,0,0,0,0
6438,632,24,8,5,1547,0,1547,0
6445,633,24,9,0,1312,0,1312,0
6445,633,24,9,1,4284,0,4284,0
6445,633,24,9,2,2335,0,2335,0
6448,633,24,9,3,0,0,0,0
6448,633,24,9,4,0,0,0,0
6448,633,24,9,5,808,0,808,0
6455,634,24,10,0,2390,0,2390,0
6455,634,24,10,1,4554,0,4554,0
6455,634,24,10,2,2825,0,2825,0
6458,634,24,10,3,0,0,0,0
6458,634,24,10,4,0,0,0,0
6458,634,24,10,5,0,0,0,0
6465,635,24,11,0,2460,0,2460,0
6465,635,24,11,1,4447,0,4447,0
6465,635,24,11,2,2772,0,2772,0
6468,635,24,11,3,0,0,0,0
6468,635,24,11,4,0,0,0,0
6468,635,24,11,5,0,0,0,0
6475,636,24,12,0,2107,0,2107,0
6475,636,24,12,1,3943,0,3943,0
6475,636,24,12,2,2299,0,2299,0
6478,636,24,12,3,0,0,0,0
6478,636,24,12,4,0,0,0,0
6478,636,24,12,5,0,0,0,0
6485,637,24,13,0,1155,0,1155,0
6485,637,24,13,1,2856,0,2856,0
6485,637,24,13,2,1254,0,1254,0
6488,637,24,13,3,0,0,0,0
6488,637,24,13,4,0,0,0,0
6488,637,24,13,5,0,0,0,0
6495,638,24,14,0,0,0,0,0
6495,638,24,14,1,1945,0,1945,0
6495,638,24,14,2,422,0,422,0
6498,638,24,14,3,238,0,238,0
6498,638,24,14,4,0,0,0,0
6498,638,24,14,5,0,0,0,0
6505,639,24,15,0,0,0,0,0
6505,639,24,15,1,1713,0,1713,0
6505,639,24,15,2,0,0,0,0
6508,639,24,15,3,0,0,0,0
6508,639,24,15,4,0,0,0,0
6508,639,24,15,5,0,0,0,0
6515,640,24,16,0,0,0,0,0
6515,640,24,16,1,1681,0,1681,0
6515,640,24,16,2,0,0,0,0
6518,640,24,16,3,0,0,0,0
6518,640,24,16,4,0,0,0,0
6518,640,24,16,5,15,0,15,0
6525,641,24,17,0,0,0,0,0
6525,641,24,17,1,1681,0,1681,0
6525,641,24,17,2,0,0,0,0
6528,641,24,17,3,0,0,0,0
6528,641,24,17,4,0,0,0,0
6528,641,24,17,5,15,0,15,0
6535,642,24,18,0,0,0,0,0
6535,642,24,18,1,1681,0,1681,0
6535,642,24,18,2,0,0,0,0
6538,642,24,18,3,0,0,0,0
6538,642,24,18,4,0,0,0,0
6538,642,24,18,5,15,0,15,0
6545,643,24,19,0,0,0,0,0
6545,643,24,19,1,1681,0,1681,0
6545,643,24,19,2,0,0,0,0
6548,643,24,19,3,0,0,0,0
6548,643,24,19,4,0,0,0,0
6548,643,24,19,5,15,0,15,0
6555,644,24,20,0,0,0,0,0
6555,644,24,20,1,1681,0,1681,0
6555,644,24,20,2,0,0,0,0
6558,644,24,20,3,0,0,0,0
6558,644,24,20,4,0,0,0,0
6558,644,24,20,5,15,0,15,0
6565,645,24,21,0,0,0,0,0
6565,645,24,21,1,1681,0,1681,0
6565,645,24,21,2,0,0,0,0
6568,645,24,21,3,0,0,0,0
6568,645,24,21,4,0,0,0,0
6568,645,24,21,5,15,0,15,0
6575,646,24,22,0,0,0,0,0
6575,646,24,22,1,1681,0,1681,0
6575,646,24,22,2,0,0,0,0
6578,646,24,22,3,0,0,0,0
6578,646,24,22,4,0,0,0,0
6578,646,24,22,5,15,0,15,0
6585,647,24,23,0,0,0,0,0
6585,647,24,23,1,1681,0,1681,0
6585,647,24,23,2,0,0,0,0
6588,647,24,23,3,0,0,0,0
6588,647,24,23,4,0,0,0,0
6588,647,24,23,5,15,0,15,0
6595,648,24,24,0,0,0,0,0
6595,648,24,24,1,1681,0,1681,0
6595,648,24,24,2,0,0,0,0
6598,648,24,24,3,0,0,0,0
6598,648,24,24,4,0,0,0,0
6598,648,24,24,5,15,0,15,0
6605,649,24,25,0,0,0,0,0
6605,649,24,25,1,1681,0,1681,0
6605,649,24,25,2,0,0,0,0
6608,649,24,25,3,0,0,0,0
6608,649,24,25,4,0,0,0,0
6608,649,24,25,5,15,0,15,0
6617,650,25,0,0,0,0,0,0
6617,650,25,0,1,1681,0,1681,0
6617,650,25,0,2,0,0,0,0
6620,650,25,0,3,0,0,0,0
6620,650,25,0,4,0,0,0,0
6620,650,25,0,5,15,0,15,0
6627,651,25,1,0,0,0,0,0
6627,651,25,1,1,1681,0,1681,0
6627,651,25,1,2,0,0,0,0
6630,651,25,1,3,0,0,0,0
6630,651,25,1,4,0,0,0,0
6630,651,25,1,5,15,0,15,0
6637,652,25,2,0,0,0,0,0
6637,652,25,2,1,1681,0,1681,0
6637,652,25,2,2,0,0,0,0
6640,652,25,2,3,0,0,0,0
6640,652,25,2,4,0,0,0,0
6640,652,25,2,5,15,0,15,0
6647,653,25,3,0,0,0,0,0
6647,653,25,3,1,1681,0,1681,0
6647,653,25,3,2,0,0,0,0
6650,653,25,3,3,0,0,0,0
6650,653,25,3,4,0,0,0,0
6650,653,25,3,5,15,0,15,0
6657,654,25,4,0,0,0,0,0
6657,654,25,4,1,1681,0,1681,0
6657,654,25,4,2,0,0,0,0
6660,654,25,4,3,0,0,0,0
6660,654,25,4,4,0,0,0,0
6660,654,25,4,5,15,0,15,0
6667,655,25,5,0,0,0,0,0
6667,655,25,5,1,1681,0,1681,0
6667,655,25,5,2,0,0,0,0
6670,655,25,5,3,0,0,0,0
6670,655,25,5,4,0,0,0,0
6670,655,25,5,5,15,0,15,0
6677,656,25,6,0,0,0,0,0
6677,656,25,6,1,1681,0,1681,0
6677,656,25,6,2,0,0,0,0
6680,656,25,6,3,0,0,0,0
6680,656,25,6,4,0,0,0,0
6680,656,25,6,5,15,0,15,0
6687,657,25,7,0,0,0,0,0
6687,657,25,7,1,1759,0,1759,0
6687,657,25,7,2,38,0,38,0
6690,657,25,7,3,0,0,0,0
6690,657,25,7,4,0,0,0,0
6690,657,25,7,5,118,0,118,0
6697,658,25,8,0,0,0,0,0
6697,658,25,8,1,2062,0,2062,0
6697,658,25,8,2,346,0,346,0
6700,658,25,8,3,0,0,0,0
6700,658,25,8,4,0,0,0,0
6700,658,25,8,5,410,0,410,0
6707,659,25,9,0,0,0,0,0
6707,659,25,9,1,2347,0,2347,0
6707,659,25,9,2,629,0,629,0
6710,659,25,9,3,0,0,0,0
6710,659,25,9,4,0,0,0,0
6710,659,25,9,5,284,0,284,0
6717,660,25,10,0,0,0,0,0
6717,660,25,10,1,2482,0,2482,0
6717,660,25,10,2,735,0,735,0
6720,660,25,10,3,0,0,0,0
6720,660,25,10,4,0,0,0,0
6720,660,25,10,5,0,0,0,0
6727,661,25,11,0,0,0,0,0
6727,661,25,11,1,2452,0,2452,0
6727,661,25,11,2,699,0,699,0
6730,661,25,11,3,0,0,0,0
6730,661,25,11,4,0,0,0,0
6730,661,25,11,5,0,0,0,0
6737,662,25,12,0,0,0,0,0
6737,662,25,12,1,2292,0,2292,0
6737,662,25,12,2,536,0,536,0
6740,662,25,12,3,0,0,0,0
6740,662,25,12,4,0,0,0,0
6740,662,25,12,5,0,0,0,0
6747,663,25,13,0,0,0,0,0
6747,663,25,13,1,1985,0,1985,0
6747,663,25,13,2,229,0,229,0
6750,663,25,13,3,0,0,0,0
6750,663,25,13,4,0,0,0,0
6750,663,25,13,5,0,0,0,0
6757,664,25,14,0,0,0,0,0
6757,664,25,14,1,1766,0,1766,0
6757,664,25,14,2,19,0,19,0
6760,664,25,14,3,0,0,0,0
6760,664,25,14,4,0,0,0,0
6760,664,25,14,5,0,0,0,0
6767,665,25,15,0,0,0,0,0
6767,665,25,15,1,1685,0,1685,0
6767,665,25,15,2,0,0,0,0
6770,665,25,15,3,0,0,0,0
6770,665,25,15,4,0,0,0,0
6770,665,25,15,5,0,0,0,0
6777,666,25,16,0,0,0,0,0
6777,666,25,16,1,1681,0,1681,0
6777,666,25,16,2,0,0,0,0
6780,666,25,16,3,0,0,0,0
6780,666,25,16,4,0,0,0,0
6780,666,25,16,5,15,0,15,0
6787,667,25,17,0,0,0,0,0
6787,667,25,17,1,1681,0,1681,0
6787,667,25,17,2,0,0,0,0
6790,667,25,17,3,0,0,0,0
6790,667,25,17,4,0,0,0,0
6790,667,25,17,5,15,0,15,0
6797,668,25,18,0,0,0,0,0
6797,668,25,18,1,1681,0,1681,0
6797,668,25,18,2,0,0,0,0
6800,668,25,18,3,0,0,0,0
6800,668,25,18,4,0,0,0,0
6800,668,25,18,5,15,0,15,0
6807,669,25,19,0,0,0,0,0
6807,669,25,19,1,1681,0,1681,0
6807,669,25,19,2,0,0,0,0
6810,669,25,19,3,0,0,0,0
6810,669,25,19,4,0,0,0,0
6810,669,25,19,5,15,0,15,0
6817,670,25,20,0,0,0,0,0
6817,670,25,20,1,1681,0,1681,0
6817,670,25,20,2,0,0,0,0
6820,670,25,20,3,0,0,0,0
6820,670,25,20,4,0,0,0,0
6820,670,25,20,5,15,0,15,0
6827,671,25,21,0,0,0,0,0
6827,671,25,21,1,1681,0,1681,0
6827,671,25,21,2,0,0,0,0
6830,671,25,21,3,0,0,0,0
6830,671,25,21,4,0,0,0,0
6830,671,25,21,5,15,0,15,0
6837,672,25,22,0,0,0,0,0
6837,672,25,22,1,1681,0,1681,0
6837,672,25,22,2,0,0,0,0
6840,672,25,22,3,0,0,0,0
6840,672,25,22,4,0,0,0,0
6840,672,25,22,5,15,0,15,0
6847,673,25,23,0,0,0,0,0
6847,673,25,23,1,1681,0,1681,0
6847,673,25,23,2,0,0,0,0
6850,673,25,23,3,0,0,0,0
6850,673,25,23,4,0,0,0,0
6850,673,25,23,5,15,0,15,0
6857,674,25,24,0,0,0,0,0
6857,674,25,24,1,1681,0,1681,0
6857,674,25,24,2,0,0,0,0
6860,674,25,24,3,0,0,0,0
6860,674,25,24,4,0,0,0,0
6860,674,25,24,5,15,0,15,0
6867,675,25,25,0,0,1,0,0
6867,675,25,25,1,1681,1,1681,0
6867,675,25,25,2,0,1,0,0
6870,675,25,25,3,0,1,0,0
6870,675,25,25,4,0,1,0,0
6870,675,25,25,5,15,1,15,0
