cycle,out_valid,out_ready,in_frame,in_pass,in_y,in_x,out_data0,out_data1,out_data2,ch_done,row_cnt,col_cnt,row_odd,col_odd,win_valid,pixel_valid,prev_we,mem_we,pool_mem_addr,prev_reg0,prev_reg1,prev_reg2,pair0,pair1,pair2,mem_rd0,mem_rd1,mem_rd2,pool_valid,pool_ready,pool_data0,pool_data1,pool_data2,pool_ch_done,out_frame,out_pass,out_py,out_px,monitor_err
0,1,1,0,0,0,0,0,1681,0,0,0,0,0,0,0,1,1,0,0,0,0,0,0,1681,0,0,0,0,0,1,0,1681,0,0,,,,,0
1,1,1,0,0,0,1,0,1681,0,0,0,1,0,1,0,1,0,1,0,0,1681,0,0,1681,0,0,0,0,0,1,0,1681,0,0,,,,,0
2,1,1,0,0,0,2,0,1681,0,0,0,2,0,0,0,1,1,0,1,0,1681,0,0,1681,0,0,0,0,0,1,0,1681,0,0,,,,,0
3,1,1,0,0,0,3,0,1681,0,0,0,3,0,1,0,1,0,1,1,0,1681,0,0,1681,0,0,0,0,0,1,0,1681,0,0,,,,,0
4,1,1,0,0,0,4,0,1681,0,0,0,4,0,0,0,1,1,0,2,0,1681,0,0,1681,0,0,0,0,0,1,0,1681,0,0,,,,,0
5,1,1,0,0,0,5,0,1681,0,0,0,5,0,1,0,1,0,1,2,0,1681,0,0,1681,0,0,0,0,0,1,0,1681,0,0,,,,,0
6,1,1,0,0,0,6,0,1681,0,0,0,6,0,0,0,1,1,0,3,0,1681,0,0,1681,0,0,0,0,0,1,0,1681,0,0,,,,,0
7,1,1,0,0,0,7,0,1681,0,0,0,7,0,1,0,1,0,1,3,0,1681,0,0,1681,0,0,0,0,0,1,0,1681,0,0,,,,,0
8,1,1,0,0,0,8,0,1681,0,0,0,8,0,0,0,1,1,0,4,0,1681,0,0,1681,0,0,0,0,0,1,0,1681,0,0,,,,,0
9,1,1,0,0,0,9,0,1681,0,0,0,9,0,1,0,1,0,1,4,0,1681,0,0,1681,0,0,0,0,0,1,0,1681,0,0,,,,,0
10,1,1,0,0,0,10,0,1681,0,0,0,10,0,0,0,1,1,0,5,0,1681,0,0,1681,0,0,0,0,0,1,0,1681,0,0,,,,,0
11,1,1,0,0,0,11,0,1681,0,0,0,11,0,1,0,1,0,1,5,0,1681,0,0,1681,0,0,0,0,0,1,0,1681,0,0,,,,,0
12,1,1,0,0,0,12,0,1681,0,0,0,12,0,0,0,1,1,0,6,0,1681,0,0,1681,0,0,0,0,0,1,0,1681,0,0,,,,,0
13,1,1,0,0,0,13,0,1560,0,0,0,13,0,1,0,1,0,1,6,0,1681,0,0,1681,0,0,0,0,0,1,0,1681,0,0,,,,,0
14,1,1,0,0,0,14,0,987,0,0,0,14,0,0,0,1,1,0,7,0,1681,0,0,1681,0,0,0,0,0,1,0,1681,0,0,,,,,0
15,1,1,0,0,0,15,0,308,0,0,0,15,0,1,0,1,0,1,7,0,987,0,0,987,0,0,0,0,0,1,0,987,0,0,,,,,0
16,1,1,0,0,0,16,0,96,0,0,0,16,0,0,0,1,1,0,8,0,987,0,0,987,0,0,0,0,0,1,0,987,0,0,,,,,0
17,1,1,0,0,0,17,0,676,76,0,0,17,0,1,0,1,0,1,8,0,96,0,0,676,76,0,0,0,0,1,0,676,76,0,,,,,0
18,1,1,0,0,0,18,0,1332,17,0,0,18,0,0,0,1,1,0,9,0,96,0,0,1332,17,0,0,0,0,1,0,1332,17,0,,,,,0
19,1,1,0,0,0,19,0,1665,0,0,0,19,0,1,0,1,0,1,9,0,1332,17,0,1665,17,0,0,0,0,1,0,1665,17,0,,,,,0
20,1,1,0,0,0,20,0,1681,0,0,0,20,0,0,0,1,1,0,10,0,1332,17,0,1681,17,0,0,0,0,1,0,1681,17,0,,,,,0
21,1,1,0,0,0,21,0,1681,0,0,0,21,0,1,0,1,0,1,10,0,1681,0,0,1681,0,0,0,0,0,1,0,1681,0,0,,,,,0
22,1,1,0,0,0,22,0,1681,0,0,0,22,0,0,0,1,1,0,11,0,1681,0,0,1681,0,0,0,0,0,1,0,1681,0,0,,,,,0
23,1,1,0,0,0,23,0,1681,0,0,0,23,0,1,0,1,0,1,11,0,1681,0,0,1681,0,0,0,0,0,1,0,1681,0,0,,,,,0
24,1,1,0,0,0,24,0,1681,0,0,0,24,0,0,0,1,1,0,12,0,1681,0,0,1681,0,0,0,0,0,1,0,1681,0,0,,,,,0
25,1,1,0,0,0,25,0,1681,0,0,0,25,0,1,0,1,0,1,12,0,1681,0,0,1681,0,0,0,0,0,1,0,1681,0,0,,,,,0
26,1,1,0,0,1,0,0,1681,0,0,1,0,1,0,0,1,1,0,0,0,1681,0,0,1681,0,0,1681,0,0,1,0,1681,0,0,,,,,0
27,1,1,0,0,1,1,0,1681,0,0,1,1,1,1,1,1,0,0,0,0,1681,0,0,1681,0,0,1681,0,1,1,0,1681,0,0,0,0,0,0,0
28,1,1,0,0,1,2,0,1681,0,0,1,2,1,0,0,1,1,0,1,0,1681,0,0,1681,0,0,1681,0,0,1,0,1681,0,0,,,,,0
29,1,1,0,0,1,3,0,1681,0,0,1,3,1,1,1,1,0,0,1,0,1681,0,0,1681,0,0,1681,0,1,1,0,1681,0,0,0,0,0,1,0
30,1,1,0,0,1,4,0,1681,0,0,1,4,1,0,0,1,1,0,2,0,1681,0,0,1681,0,0,1681,0,0,1,0,1681,0,0,,,,,0
31,1,1,0,0,1,5,0,1681,0,0,1,5,1,1,1,1,0,0,2,0,1681,0,0,1681,0,0,1681,0,1,1,0,1681,0,0,0,0,0,2,0
32,1,1,0,0,1,6,0,1681,0,0,1,6,1,0,0,1,1,0,3,0,1681,0,0,1681,0,0,1681,0,0,1,0,1681,0,0,,,,,0
33,1,1,0,0,1,7,0,1681,0,0,1,7,1,1,1,1,0,0,3,0,1681,0,0,1681,0,0,1681,0,1,1,0,1681,0,0,0,0,0,3,0
34,1,1,0,0,1,8,0,1681,0,0,1,8,1,0,0,1,1,0,4,0,1681,0,0,1681,0,0,1681,0,0,1,0,1681,0,0,,,,,0
35,1,1,0,0,1,9,0,1681,0,0,1,9,1,1,1,1,0,0,4,0,1681,0,0,1681,0,0,1681,0,1,1,0,1681,0,0,0,0,0,4,0
36,1,1,0,0,1,10,0,1681,0,0,1,10,1,0,0,1,1,0,5,0,1681,0,0,1681,0,0,1681,0,0,1,0,1681,0,0,,,,,0
37,1,1,0,0,1,11,0,1681,0,0,1,11,1,1,1,1,0,0,5,0,1681,0,0,1681,0,0,1681,0,1,1,0,1681,0,0,0,0,0,5,0
38,1,1,0,0,1,12,0,1629,0,0,1,12,1,0,0,1,1,0,6,0,1681,0,0,1681,0,0,1681,0,0,1,0,1681,0,0,,,,,0
39,1,1,0,0,1,13,0,1029,0,0,1,13,1,1,1,1,0,0,6,0,1629,0,0,1629,0,0,1681,0,1,1,0,1681,0,0,0,0,0,6,0
40,1,1,0,0,1,14,0,0,0,0,1,14,1,0,0,1,1,0,7,0,1629,0,0,1629,0,0,987,0,0,1,0,1629,0,0,,,,,0
41,1,1,0,0,1,15,0,0,0,0,1,15,1,1,1,1,0,0,7,0,0,0,0,0,0,0,987,0,1,1,0,987,0,0,0,0,0,7,0
42,1,1,0,0,1,16,0,0,90,0,1,16,1,0,0,1,1,0,8,0,0,0,0,0,90,0,676,76,0,1,0,676,90,0,,,,,0
43,1,1,0,0,1,17,0,0,603,0,1,17,1,1,1,1,0,0,8,0,0,90,0,0,603,0,676,76,1,1,0,676,603,0,0,0,0,8,0
44,1,1,0,0,1,18,0,160,361,0,1,18,1,0,0,1,1,0,9,0,0,90,0,160,361,0,1665,17,0,1,0,1665,361,0,,,,,0
45,1,1,0,0,1,19,0,1560,0,0,1,19,1,1,1,1,0,0,9,0,160,361,0,1560,361,0,1665,17,1,1,0,1665,361,0,0,0,0,9,0
46,1,1,0,0,1,20,0,1681,0,0,1,20,1,0,0,1,1,0,10,0,160,361,0,1681,361,0,1681,0,0,1,0,1681,361,0,,,,,0
47,1,1,0,0,1,21,0,1681,0,0,1,21,1,1,1,1,0,0,10,0,1681,0,0,1681,0,0,1681,0,1,1,0,1681,0,0,0,0,0,10,0
48,1,1,0,0,1,22,0,1681,0,0,1,22,1,0,0,1,1,0,11,0,1681,0,0,1681,0,0,1681,0,0,1,0,1681,0,0,,,,,0
49,1,1,0,0,1,23,0,1681,0,0,1,23,1,1,1,1,0,0,11,0,1681,0,0,1681,0,0,1681,0,1,1,0,1681,0,0,0,0,0,11,0
50,1,1,0,0,1,24,0,1681,0,0,1,24,1,0,0,1,1,0,12,0,1681,0,0,1681,0,0,1681,0,0,1,0,1681,0,0,,,,,0
51,1,1,0,0,1,25,0,1681,0,0,1,25,1,1,1,1,0,0,12,0,1681,0,0,1681,0,0,1681,0,1,1,0,1681,0,0,0,0,0,12,0
52,1,1,0,0,2,0,0,1681,0,0,2,0,0,0,0,1,1,0,0,0,1681,0,0,1681,0,0,1681,0,0,1,0,1681,0,0,,,,,0
53,1,1,0,0,2,1,0,1681,0,0,2,1,0,1,0,1,0,1,0,0,1681,0,0,1681,0,0,1681,0,0,1,0,1681,0,0,,,,,0
54,1,1,0,0,2,2,0,1681,0,0,2,2,0,0,0,1,1,0,1,0,1681,0,0,1681,0,0,1681,0,0,1,0,1681,0,0,,,,,0
55,1,1,0,0,2,3,0,1681,0,0,2,3,0,1,0,1,0,1,1,0,1681,0,0,1681,0,0,1681,0,0,1,0,1681,0,0,,,,,0
56,1,1,0,0,2,4,0,1681,0,0,2,4,0,0,0,1,1,0,2,0,1681,0,0,1681,0,0,1681,0,0,1,0,1681,0,0,,,,,0
57,1,1,0,0,2,5,0,1681,0,0,2,5,0,1,0,1,0,1,2,0,1681,0,0,1681,0,0,1681,0,0,1,0,1681,0,0,,,,,0
58,1,1,0,0,2,6,0,1681,0,0,2,6,0,0,0,1,1,0,3,0,1681,0,0,1681,0,0,1681,0,0,1,0,1681,0,0,,,,,0
59,1,1,0,0,2,7,0,1681,0,0,2,7,0,1,0,1,0,1,3,0,1681,0,0,1681,0,0,1681,0,0,1,0,1681,0,0,,,,,0
60,1,1,0,0,2,8,0,1681,0,0,2,8,0,0,0,1,1,0,4,0,1681,0,0,1681,0,0,1681,0,0,1,0,1681,0,0,,,,,0
61,1,1,0,0,2,9,0,1681,0,0,2,9,0,1,0,1,0,1,4,0,1681,0,0,1681,0,0,1681,0,0,1,0,1681,0,0,,,,,0
62,1,1,0,0,2,10,0,1681,0,0,2,10,0,0,0,1,1,0,5,0,1681,0,0,1681,0,0,1681,0,0,1,0,1681,0,0,,,,,0
63,1,1,0,0,2,11,0,1351,0,0,2,11,0,1,0,1,0,1,5,0,1681,0,0,1681,0,0,1681,0,0,1,0,1681,0,0,,,,,0
64,1,1,0,0,2,12,0,175,0,0,2,12,0,0,0,1,1,0,6,0,1681,0,0,1681,0,0,1681,0,0,1,0,1681,0,0,,,,,0
65,1,1,0,0,2,13,0,0,0,0,2,13,0,1,0,1,0,1,6,0,175,0,0,175,0,0,1681,0,0,1,0,1681,0,0,,,,,0
66,1,1,0,0,2,14,0,0,0,0,2,14,0,0,0,1,1,0,7,0,175,0,0,175,0,0,987,0,0,1,0,987,0,0,,,,,0
67,1,1,0,0,2,15,0,0,0,0,2,15,0,1,0,1,0,1,7,0,0,0,0,0,0,0,987,0,0,1,0,987,0,0,,,,,0
68,1,1,0,0,2,16,0,0,858,0,2,16,0,0,0,1,1,0,8,0,0,0,0,0,858,0,676,76,0,1,0,676,858,0,,,,,0
69,1,1,0,0,2,17,0,0,1792,0,2,17,0,1,0,1,0,1,8,0,0,858,0,0,1792,0,676,76,0,1,0,676,1792,0,,,,,0
70,1,1,0,0,2,18,0,0,1269,0,2,18,0,0,0,1,1,0,9,0,0,858,0,0,1269,0,1665,17,0,1,0,1665,1269,0,,,,,0
71,1,1,0,0,2,19,0,1003,125,0,2,19,0,1,0,1,0,1,9,0,0,1269,0,1003,1269,0,1665,17,0,1,0,1665,1269,0,,,,,0
72,1,1,0,0,2,20,0,1616,0,0,2,20,0,0,0,1,1,0,10,0,0,1269,0,1616,1269,0,1681,0,0,1,0,1681,1269,0,,,,,0
73,1,1,0,0,2,21,0,1681,0,0,2,21,0,1,0,1,0,1,10,0,1616,0,0,1681,0,0,1681,0,0,1,0,1681,0,0,,,,,0
74,1,1,0,0,2,22,0,1681,0,0,2,22,0,0,0,1,1,0,11,0,1616,0,0,1681,0,0,1681,0,0,1,0,1681,0,0,,,,,0
75,1,1,0,0,2,23,0,1681,0,0,2,23,0,1,0,1,0,1,11,0,1681,0,0,1681,0,0,1681,0,0,1,0,1681,0,0,,,,,0
76,1,1,0,0,2,24,0,1681,0,0,2,24,0,0,0,1,1,0,12,0,1681,0,0,1681,0,0,1681,0,0,1,0,1681,0,0,,,,,0
77,1,1,0,0,2,25,0,1681,0,0,2,25,0,1,0,1,0,1,12,0,1681,0,0,1681,0,0,1681,0,0,1,0,1681,0,0,,,,,0
78,1,1,0,0,3,0,0,1681,0,0,3,0,1,0,0,1,1,0,0,0,1681,0,0,1681,0,0,1681,0,0,1,0,1681,0,0,,,,,0
79,1,1,0,0,3,1,0,1681,0,0,3,1,1,1,1,1,0,0,0,0,1681,0,0,1681,0,0,1681,0,1,1,0,1681,0,0,0,0,1,0,0
80,1,1,0,0,3,2,0,1681,0,0,3,2,1,0,0,1,1,0,1,0,1681,0,0,1681,0,0,1681,0,0,1,0,1681,0,0,,,,,0
81,1,1,0,0,3,3,0,1681,0,0,3,3,1,1,1,1,0,0,1,0,1681,0,0,1681,0,0,1681,0,1,1,0,1681,0,0,0,0,1,1,0
82,1,1,0,0,3,4,0,1681,0,0,3,4,1,0,0,1,1,0,2,0,1681,0,0,1681,0,0,1681,0,0,1,0,1681,0,0,,,,,0
83,1,1,0,0,3,5,0,1681,0,0,3,5,1,1,1,1,0,0,2,0,1681,0,0,1681,0,0,1681,0,1,1,0,1681,0,0,0,0,1,2,0
84,1,1,0,0,3,6,0,1681,0,0,3,6,1,0,0,1,1,0,3,0,1681,0,0,1681,0,0,1681,0,0,1,0,1681,0,0,,,,,0
85,1,1,0,0,3,7,0,1681,0,0,3,7,1,1,1,1,0,0,3,0,1681,0,0,1681,0,0,1681,0,1,1,0,1681,0,0,0,0,1,3,0
86,1,1,0,0,3,8,0,1681,0,0,3,8,1,0,0,1,1,0,4,0,1681,0,0,1681,0,0,1681,0,0,1,0,1681,0,0,,,,,0
87,1,1,0,0,3,9,0,1681,0,0,3,9,1,1,1,1,0,0,4,0,1681,0,0,1681,0,0,1681,0,1,1,0,1681,0,0,0,0,1,4,0
88,1,1,0,0,3,10,0,1595,0,0,3,10,1,0,0,1,1,0,5,0,1681,0,0,1681,0,0,1681,0,0,1,0,1681,0,0,,,,,0
89,1,1,0,0,3,11,0,481,0,0,3,11,1,1,1,1,0,0,5,0,1595,0,0,1595,0,0,1681,0,1,1,0,1681,0,0,0,0,1,5,0
90,1,1,0,0,3,12,0,0,0,0,3,12,1,0,0,1,1,0,6,0,1595,0,0,1595,0,0,175,0,0,1,0,1595,0,0,,,,,0
91,1,1,0,0,3,13,501,0,0,0,3,13,1,1,1,1,0,0,6,0,0,0,501,0,0,0,175,0,1,1,501,175,0,0,0,0,1,6,0
92,1,1,0,0,3,14,0,0,663,0,3,14,1,0,0,1,1,0,7,0,0,0,0,0,663,0,0,0,0,1,0,0,663,0,,,,,0
93,1,1,0,0,3,15,0,0,2615,0,3,15,1,1,1,1,0,0,7,0,0,663,0,0,2615,0,0,0,1,1,0,0,2615,0,0,0,1,7,0
94,1,1,0,0,3,16,0,0,3277,0,3,16,1,0,0,1,1,0,8,0,0,663,0,0,3277,0,0,1792,0,1,0,0,3277,0,,,,,0
95,1,1,0,0,3,17,0,0,3133,0,3,17,1,1,1,1,0,0,8,0,0,3277,0,0,3277,0,0,1792,1,1,0,0,3277,0,0,0,1,8,0
96,1,1,0,0,3,18,0,0,2489,0,3,18,1,0,0,1,1,0,9,0,0,3277,0,0,3277,0,1003,1269,0,1,0,1003,3277,0,,,,,0
97,1,1,0,0,3,19,0,183,466,0,3,19,1,1,1,1,0,0,9,0,0,2489,0,183,2489,0,1003,1269,1,1,0,1003,2489,0,0,0,1,9,0
98,1,1,0,0,3,20,0,1409,37,0,3,20,1,0,0,1,1,0,10,0,0,2489,0,1409,2489,0,1681,0,0,1,0,1681,2489,0,,,,,0
99,1,1,0,0,3,21,0,1681,0,0,3,21,1,1,1,1,0,0,10,0,1409,37,0,1681,37,0,1681,0,1,1,0,1681,37,0,0,0,1,10,0
100,1,1,0,0,3,22,0,1681,0,0,3,22,1,0,0,1,1,0,11,0,1409,37,0,1681,37,0,1681,0,0,1,0,1681,37,0,,,,,0
101,1,1,0,0,3,23,0,1681,0,0,3,23,1,1,1,1,0,0,11,0,1681,0,0,1681,0,0,1681,0,1,1,0,1681,0,0,0,0,1,11,0
102,1,1,0,0,3,24,0,1681,0,0,3,24,1,0,0,1,1,0,12,0,1681,0,0,1681,0,0,1681,0,0,1,0,1681,0,0,,,,,0
103,1,1,0,0,3,25,0,1681,0,0,3,25,1,1,1,1,0,0,12,0,1681,0,0,1681,0,0,1681,0,1,1,0,1681,0,0,0,0,1,12,0
104,1,1,0,0,4,0,0,1681,0,0,4,0,0,0,0,1,1,0,0,0,1681,0,0,1681,0,0,1681,0,0,1,0,1681,0,0,,,,,0
105,1,1,0,0,4,1,0,1681,0,0,4,1,0,1,0,1,0,1,0,0,1681,0,0,1681,0,0,1681,0,0,1,0,1681,0,0,,,,,0
106,1,1,0,0,4,2,0,1681,0,0,4,2,0,0,0,1,1,0,1,0,1681,0,0,1681,0,0,1681,0,0,1,0,1681,0,0,,,,,0
107,1,1,0,0,4,3,0,1681,0,0,4,3,0,1,0,1,0,1,1,0,1681,0,0,1681,0,0,1681,0,0,1,0,1681,0,0,,,,,0
108,1,1,0,0,4,4,0,1681,0,0,4,4,0,0,0,1,1,0,2,0,1681,0,0,1681,0,0,1681,0,0,1,0,1681,0,0,,,,,0
109,1,1,0,0,4,5,0,1681,0,0,4,5,0,1,0,1,0,1,2,0,1681,0,0,1681,0,0,1681,0,0,1,0,1681,0,0,,,,,0
110,1,1,0,0,4,6,0,1681,0,0,4,6,0,0,0,1,1,0,3,0,1681,0,0,1681,0,0,1681,0,0,1,0,1681,0,0,,,,,0
111,1,1,0,0,4,7,0,1681,0,0,4,7,0,1,0,1,0,1,3,0,1681,0,0,1681,0,0,1681,0,0,1,0,1681,0,0,,,,,0
112,1,1,0,0,4,8,0,1681,0,0,4,8,0,0,0,1,1,0,4,0,1681,0,0,1681,0,0,1681,0,0,1,0,1681,0,0,,,,,0
113,1,1,0,0,4,9,0,1681,0,0,4,9,0,1,0,1,0,1,4,0,1681,0,0,1681,0,0,1681,0,0,1,0,1681,0,0,,,,,0
114,1,1,0,0,4,10,0,1332,0,0,4,10,0,0,0,1,1,0,5,0,1681,0,0,1681,0,0,1681,0,0,1,0,1681,0,0,,,,,0
115,1,1,0,0,4,11,119,0,0,0,4,11,0,1,0,1,0,1,5,0,1332,0,119,1332,0,0,1681,0,0,1,119,1681,0,0,,,,,0
116,1,1,0,0,4,12,875,0,0,0,4,12,0,0,0,1,1,0,6,0,1332,0,875,1332,0,0,175,0,0,1,875,1332,0,0,,,,,0
117,1,1,0,0,4,13,1030,0,1581,0,4,13,0,1,0,1,0,1,6,875,0,0,1030,0,1581,0,175,0,0,1,1030,175,1581,0,,,,,0
118,1,1,0,0,4,14,804,0,3965,0,4,14,0,0,0,1,1,0,7,875,0,0,875,0,3965,0,0,0,0,1,875,0,3965,0,,,,,0
119,1,1,0,0,4,15,1617,0,6053,0,4,15,0,1,0,1,0,1,7,804,0,3965,1617,0,6053,0,0,0,0,1,1617,0,6053,0,,,,,0
120,1,1,0,0,4,16,1838,0,6312,0,4,16,0,0,0,1,1,0,8,804,0,3965,1838,0,6312,0,0,1792,0,1,1838,0,6312,0,,,,,0
121,1,1,0,0,4,17,0,0,4885,0,4,17,0,1,0,1,0,1,8,1838,0,6312,1838,0,6312,0,0,1792,0,1,1838,0,6312,0,,,,,0
122,1,1,0,0,4,18,0,0,2974,0,4,18,0,0,0,1,1,0,9,1838,0,6312,1838,0,6312,0,1003,1269,0,1,1838,1003,6312,0,,,,,0
123,1,1,0,0,4,19,0,452,766,0,4,19,0,1,0,1,0,1,9,0,0,2974,0,452,2974,0,1003,1269,0,1,0,1003,2974,0,,,,,0
124,1,1,0,0,4,20,0,1373,143,0,4,20,0,0,0,1,1,0,10,0,0,2974,0,1373,2974,0,1681,0,0,1,0,1681,2974,0,,,,,0
125,1,1,0,0,4,21,0,1681,0,0,4,21,0,1,0,1,0,1,10,0,1373,143,0,1681,143,0,1681,0,0,1,0,1681,143,0,,,,,0
126,1,1,0,0,4,22,0,1681,0,0,4,22,0,0,0,1,1,0,11,0,1373,143,0,1681,143,0,1681,0,0,1,0,1681,143,0,,,,,0
127,1,1,0,0,4,23,0,1681,0,0,4,23,0,1,0,1,0,1,11,0,1681,0,0,1681,0,0,1681,0,0,1,0,1681,0,0,,,,,0
128,1,1,0,0,4,24,0,1681,0,0,4,24,0,0,0,1,1,0,12,0,1681,0,0,1681,0,0,1681,0,0,1,0,1681,0,0,,,,,0
129,1,1,0,0,4,25,0,1681,0,0,4,25,0,1,0,1,0,1,12,0,1681,0,0,1681,0,0,1681,0,0,1,0,1681,0,0,,,,,0
130,1,1,0,0,5,0,0,1681,0,0,5,0,1,0,0,1,1,0,0,0,1681,0,0,1681,0,0,1681,0,0,1,0,1681,0,0,,,,,0
131,1,1,0,0,5,1,0,1681,0,0,5,1,1,1,1,1,0,0,0,0,1681,0,0,1681,0,0,1681,0,1,1,0,1681,0,0,0,0,2,0,0
132,1,1,0,0,5,2,0,1681,0,0,5,2,1,0,0,1,1,0,1,0,1681,0,0,1681,0,0,1681,0,0,1,0,1681,0,0,,,,,0
133,1,1,0,0,5,3,0,1681,0,0,5,3,1,1,1,1,0,0,1,0,1681,0,0,1681,0,0,1681,0,1,1,0,1681,0,0,0,0,2,1,0
134,1,1,0,0,5,4,0,1681,0,0,5,4,1,0,0,1,1,0,2,0,1681,0,0,1681,0,0,1681,0,0,1,0,1681,0,0,,,,,0
135,1,1,0,0,5,5,0,1681,0,0,5,5,1,1,1,1,0,0,2,0,1681,0,0,1681,0,0,1681,0,1,1,0,1681,0,0,0,0,2,2,0
136,1,1,0,0,5,6,0,1681,0,0,5,6,1,0,0,1,1,0,3,0,1681,0,0,1681,0,0,1681,0,0,1,0,1681,0,0,,,,,0
137,1,1,0,0,5,7,0,1681,0,0,5,7,1,1,1,1,0,0,3,0,1681,0,0,1681,0,0,1681,0,1,1,0,1681,0,0,0,0,2,3,0
138,1,1,0,0,5,8,0,1664,0,0,5,8,1,0,0,1,1,0,4,0,1681,0,0,1681,0,0,1681,0,0,1,0,1681,0,0,,,,,0
139,1,1,0,0,5,9,0,1523,0,0,5,9,1,1,1,1,0,0,4,0,1664,0,0,1664,0,0,1681,0,1,1,0,1681,0,0,0,0,2,4,0
140,1,1,0,0,5,10,0,0,0,0,5,10,1,0,0,1,1,0,5,0,1664,0,0,1664,0,119,1332,0,0,1,119,1664,0,0,,,,,0
141,1,1,0,0,5,11,1136,0,0,0,5,11,1,1,1,1,0,0,5,0,0,0,1136,0,0,119,1332,0,1,1,1136,1332,0,0,0,0,2,5,0
142,1,1,0,0,5,12,250,0,777,0,5,12,1,0,0,1,1,0,6,0,0,0,250,0,777,1030,0,1581,0,1,1030,0,1581,0,,,,,0
143,1,1,0,0,5,13,16,0,3919,0,5,13,1,1,1,1,0,0,6,250,0,777,250,0,3919,1030,0,1581,1,1,1030,0,3919,0,0,0,2,6,0
144,1,1,0,0,5,14,1353,0,5920,0,5,14,1,0,0,1,1,0,7,250,0,777,1353,0,5920,1617,0,6053,0,1,1617,0,6053,0,,,,,0
145,1,1,0,0,5,15,2832,0,7108,0,5,15,1,1,1,1,0,0,7,1353,0,5920,2832,0,7108,1617,0,6053,1,1,2832,0,7108,0,0,0,2,7,0
146,1,1,0,0,5,16,2678,1250,7047,0,5,16,1,0,0,1,1,0,8,1353,0,5920,2678,1250,7047,1838,0,6312,0,1,2678,1250,7047,0,,,,,0
147,1,1,0,0,5,17,1622,2257,5207,0,5,17,1,1,1,1,0,0,8,2678,1250,7047,2678,2257,7047,1838,0,6312,1,1,2678,2257,7047,0,0,0,2,8,0
148,1,1,0,0,5,18,1416,2003,2686,0,5,18,1,0,0,1,1,0,9,2678,1250,7047,2678,2003,7047,0,452,2974,0,1,2678,2003,7047,0,,,,,0
149,1,1,0,0,5,19,0,1826,680,0,5,19,1,1,1,1,0,0,9,1416,2003,2686,1416,2003,2686,0,452,2974,1,1,1416,2003,2974,0,0,0,2,9,0
150,1,1,0,0,5,20,0,1652,123,0,5,20,1,0,0,1,1,0,10,1416,2003,2686,1416,2003,2686,0,1681,143,0,1,1416,2003,2686,0,,,,,0
151,1,1,0,0,5,21,0,1681,0,0,5,21,1,1,1,1,0,0,10,0,1652,123,0,1681,123,0,1681,143,1,1,0,1681,143,0,0,0,2,10,0
152,1,1,0,0,5,22,0,1681,0,0,5,22,1,0,0,1,1,0,11,0,1652,123,0,1681,123,0,1681,0,0,1,0,1681,123,0,,,,,0
153,1,1,0,0,5,23,0,1681,0,0,5,23,1,1,1,1,0,0,11,0,1681,0,0,1681,0,0,1681,0,1,1,0,1681,0,0,0,0,2,11,0
154,1,1,0,0,5,24,0,1681,0,0,5,24,1,0,0,1,1,0,12,0,1681,0,0,1681,0,0,1681,0,0,1,0,1681,0,0,,,,,0
155,1,1,0,0,5,25,0,1681,0,0,5,25,1,1,1,1,0,0,12,0,1681,0,0,1681,0,0,1681,0,1,1,0,1681,0,0,0,0,2,12,0
156,1,1,0,0,6,0,0,1681,0,0,6,0,0,0,0,1,1,0,0,0,1681,0,0,1681,0,0,1681,0,0,1,0,1681,0,0,,,,,0
157,1,1,0,0,6,1,0,1681,0,0,6,1,0,1,0,1,0,1,0,0,1681,0,0,1681,0,0,1681,0,0,1,0,1681,0,0,,,,,0
158,1,1,0,0,6,2,0,1681,0,0,6,2,0,0,0,1,1,0,1,0,1681,0,0,1681,0,0,1681,0,0,1,0,1681,0,0,,,,,0
159,1,1,0,0,6,3,0,1681,0,0,6,3,0,1,0,1,0,1,1,0,1681,0,0,1681,0,0,1681,0,0,1,0,1681,0,0,,,,,0
160,1,1,0,0,6,4,0,1681,0,0,6,4,0,0,0,1,1,0,2,0,1681,0,0,1681,0,0,1681,0,0,1,0,1681,0,0,,,,,0
161,1,1,0,0,6,5,0,1681,0,0,6,5,0,1,0,1,0,1,2,0,1681,0,0,1681,0,0,1681,0,0,1,0,1681,0,0,,,,,0
162,1,1,0,0,6,6,0,1681,0,0,6,6,0,0,0,1,1,0,3,0,1681,0,0,1681,0,0,1681,0,0,1,0,1681,0,0,,,,,0
163,1,1,0,0,6,7,0,1681,0,0,6,7,0,1,0,1,0,1,3,0,1681,0,0,1681,0,0,1681,0,0,1,0,1681,0,0,,,,,0
164,1,1,0,0,6,8,0,1299,0,0,6,8,0,0,0,1,1,0,4,0,1681,0,0,1681,0,0,1681,0,0,1,0,1681,0,0,,,,,0
165,1,1,0,0,6,9,0,0,0,0,6,9,0,1,0,1,0,1,4,0,1299,0,0,1299,0,0,1681,0,0,1,0,1681,0,0,,,,,0
166,1,1,0,0,6,10,255,0,0,0,6,10,0,0,0,1,1,0,5,0,1299,0,255,1299,0,119,1332,0,0,1,255,1332,0,0,,,,,0
167,1,1,0,0,6,11,1133,0,219,0,6,11,0,1,0,1,0,1,5,255,0,0,1133,0,219,119,1332,0,0,1,1133,1332,219,0,,,,,0
168,1,1,0,0,6,12,0,0,2607,0,6,12,0,0,0,1,1,0,6,255,0,0,255,0,2607,1030,0,1581,0,1,1030,0,2607,0,,,,,0
169,1,1,0,0,6,13,263,0,5517,0,6,13,0,1,0,1,0,1,6,0,0,2607,263,0,5517,1030,0,1581,0,1,1030,0,5517,0,,,,,0
170,1,1,0,0,6,14,456,0,7206,0,6,14,0,0,0,1,1,0,7,0,0,2607,456,0,7206,1617,0,6053,0,1,1617,0,7206,0,,,,,0
171,1,1,0,0,6,15,1824,1728,7578,0,6,15,0,1,0,1,0,1,7,456,0,7206,1824,1728,7578,1617,0,6053,0,1,1824,1728,7578,0,,,,,0
172,1,1,0,0,6,16,3101,4660,5976,0,6,16,0,0,0,1,1,0,8,456,0,7206,3101,4660,7206,1838,0,6312,0,1,3101,4660,7206,0,,,,,0
173,1,1,0,0,6,17,3388,3698,3737,0,6,17,0,1,0,1,0,1,8,3101,4660,5976,3388,4660,5976,1838,0,6312,0,1,3388,4660,6312,0,,,,,0
174,1,1,0,0,6,18,1862,2720,1295,0,6,18,0,0,0,1,1,0,9,3101,4660,5976,3101,4660,5976,0,452,2974,0,1,3101,4660,5976,0,,,,,0
175,1,1,0,0,6,19,0,1987,236,0,6,19,0,1,0,1,0,1,9,1862,2720,1295,1862,2720,1295,0,452,2974,0,1,1862,2720,2974,0,,,,,0
176,1,1,0,0,6,20,0,1735,0,0,6,20,0,0,0,1,1,0,10,1862,2720,1295,1862,2720,1295,0,1681,143,0,1,1862,2720,1295,0,,,,,0
177,1,1,0,0,6,21,0,1681,0,0,6,21,0,1,0,1,0,1,10,0,1735,0,0,1735,0,0,1681,143,0,1,0,1735,143,0,,,,,0
178,1,1,0,0,6,22,0,1681,0,0,6,22,0,0,0,1,1,0,11,0,1735,0,0,1735,0,0,1681,0,0,1,0,1735,0,0,,,,,0
179,1,1,0,0,6,23,0,1681,0,0,6,23,0,1,0,1,0,1,11,0,1681,0,0,1681,0,0,1681,0,0,1,0,1681,0,0,,,,,0
180,1,1,0,0,6,24,0,1681,0,0,6,24,0,0,0,1,1,0,12,0,1681,0,0,1681,0,0,1681,0,0,1,0,1681,0,0,,,,,0
181,1,1,0,0,6,25,0,1681,0,0,6,25,0,1,0,1,0,1,12,0,1681,0,0,1681,0,0,1681,0,0,1,0,1681,0,0,,,,,0
182,1,1,0,0,7,0,0,1681,0,0,7,0,1,0,0,1,1,0,0,0,1681,0,0,1681,0,0,1681,0,0,1,0,1681,0,0,,,,,0
183,1,1,0,0,7,1,0,1681,0,0,7,1,1,1,1,1,0,0,0,0,1681,0,0,1681,0,0,1681,0,1,1,0,1681,0,0,0,0,3,0,0
184,1,1,0,0,7,2,0,1681,0,0,7,2,1,0,0,1,1,0,1,0,1681,0,0,1681,0,0,1681,0,0,1,0,1681,0,0,,,,,0
185,1,1,0,0,7,3,0,1681,0,0,7,3,1,1,1,1,0,0,1,0,1681,0,0,1681,0,0,1681,0,1,1,0,1681,0,0,0,0,3,1,0
186,1,1,0,0,7,4,0,1681,0,0,7,4,1,0,0,1,1,0,2,0,1681,0,0,1681,0,0,1681,0,0,1,0,1681,0,0,,,,,0
187,1,1,0,0,7,5,0,1681,0,0,7,5,1,1,1,1,0,0,2,0,1681,0,0,1681,0,0,1681,0,1,1,0,1681,0,0,0,0,3,2,0
188,1,1,0,0,7,6,0,1681,0,0,7,6,1,0,0,1,1,0,3,0,1681,0,0,1681,0,0,1681,0,0,1,0,1681,0,0,,,,,0
189,1,1,0,0,7,7,0,1664,0,0,7,7,1,1,1,1,0,0,3,0,1681,0,0,1681,0,0,1681,0,1,1,0,1681,0,0,0,0,3,3,0
190,1,1,0,0,7,8,0,847,0,0,7,8,1,0,0,1,1,0,4,0,1681,0,0,1681,0,0,1299,0,0,1,0,1681,0,0,,,,,0
191,1,1,0,0,7,9,208,0,0,0,7,9,1,1,1,1,0,0,4,0,847,0,208,847,0,0,1299,0,1,1,208,1299,0,0,0,0,3,4,0
192,1,1,0,0,7,10,1745,0,0,0,7,10,1,0,0,1,1,0,5,0,847,0,1745,847,0,1133,0,219,0,1,1745,847,219,0,,,,,0
193,1,1,0,0,7,11,556,0,2355,0,7,11,1,1,1,1,0,0,5,1745,0,0,1745,0,2355,1133,0,219,1,1,1745,0,2355,0,0,0,3,5,0
194,1,1,0,0,7,12,457,0,5541,0,7,12,1,0,0,1,1,0,6,1745,0,0,1745,0,5541,263,0,5517,0,1,1745,0,5541,0,,,,,0
195,1,1,0,0,7,13,1868,0,6834,0,7,13,1,1,1,1,0,0,6,457,0,5541,1868,0,6834,263,0,5517,1,1,1868,0,6834,0,0,0,3,6,0
196,1,1,0,0,7,14,0,0,6906,0,7,14,1,0,0,1,1,0,7,457,0,5541,457,0,6906,1824,1728,7578,0,1,1824,1728,7578,0,,,,,0
197,1,1,0,0,7,15,876,1489,5714,0,7,15,1,1,1,1,0,0,7,0,0,6906,876,1489,6906,1824,1728,7578,1,1,1824,1728,7578,0,0,0,3,7,0
198,1,1,0,0,7,16,2077,2890,2672,0,7,16,1,0,0,1,1,0,8,0,0,6906,2077,2890,6906,3388,4660,5976,0,1,3388,4660,6906,0,,,,,0
199,1,1,0,0,7,17,962,2234,845,0,7,17,1,1,1,1,0,0,8,2077,2890,2672,2077,2890,2672,3388,4660,5976,1,1,3388,4660,5976,0,0,0,3,8,0
200,1,1,0,0,7,18,0,1828,65,0,7,18,1,0,0,1,1,0,9,2077,2890,2672,2077,2890,2672,1862,2720,1295,0,1,2077,2890,2672,0,,,,,0
201,1,1,0,0,7,19,0,1689,0,0,7,19,1,1,1,1,0,0,9,0,1828,65,0,1828,65,1862,2720,1295,1,1,1862,2720,1295,0,0,0,3,9,0
202,1,1,0,0,7,20,0,1681,0,0,7,20,1,0,0,1,1,0,10,0,1828,65,0,1828,65,0,1735,0,0,1,0,1828,65,0,,,,,0
203,1,1,0,0,7,21,0,1681,0,0,7,21,1,1,1,1,0,0,10,0,1681,0,0,1681,0,0,1735,0,1,1,0,1735,0,0,0,0,3,10,0
204,1,1,0,0,7,22,0,1681,0,0,7,22,1,0,0,1,1,0,11,0,1681,0,0,1681,0,0,1681,0,0,1,0,1681,0,0,,,,,0
205,1,1,0,0,7,23,0,1681,0,0,7,23,1,1,1,1,0,0,11,0,1681,0,0,1681,0,0,1681,0,1,1,0,1681,0,0,0,0,3,11,0
206,1,1,0,0,7,24,0,1681,0,0,7,24,1,0,0,1,1,0,12,0,1681,0,0,1681,0,0,1681,0,0,1,0,1681,0,0,,,,,0
207,1,1,0,0,7,25,0,1681,0,0,7,25,1,1,1,1,0,0,12,0,1681,0,0,1681,0,0,1681,0,1,1,0,1681,0,0,0,0,3,12,0
208,1,1,0,0,8,0,0,1681,0,0,8,0,0,0,0,1,1,0,0,0,1681,0,0,1681,0,0,1681,0,0,1,0,1681,0,0,,,,,0
209,1,1,0,0,8,1,0,1681,0,0,8,1,0,1,0,1,0,1,0,0,1681,0,0,1681,0,0,1681,0,0,1,0,1681,0,0,,,,,0
210,1,1,0,0,8,2,0,1681,0,0,8,2,0,0,0,1,1,0,1,0,1681,0,0,1681,0,0,1681,0,0,1,0,1681,0,0,,,,,0
211,1,1,0,0,8,3,0,1681,0,0,8,3,0,1,0,1,0,1,1,0,1681,0,0,1681,0,0,1681,0,0,1,0,1681,0,0,,,,,0
212,1,1,0,0,8,4,0,1681,0,0,8,4,0,0,0,1,1,0,2,0,1681,0,0,1681,0,0,1681,0,0,1,0,1681,0,0,,,,,0
213,1,1,0,0,8,5,0,1681,0,0,8,5,0,1,0,1,0,1,2,0,1681,0,0,1681,0,0,1681,0,0,1,0,1681,0,0,,,,,0
214,1,1,0,0,8,6,0,1681,0,0,8,6,0,0,0,1,1,0,3,0,1681,0,0,1681,0,0,1681,0,0,1,0,1681,0,0,,,,,0
215,1,1,0,0,8,7,0,1108,0,0,8,7,0,1,0,1,0,1,3,0,1681,0,0,1681,0,0,1681,0,0,1,0,1681,0,0,,,,,0
216,1,1,0,0,8,8,0,0,0,0,8,8,0,0,0,1,1,0,4,0,1681,0,0,1681,0,0,1299,0,0,1,0,1681,0,0,,,,,0
217,1,1,0,0,8,9,373,0,0,0,8,9,0,1,0,1,0,1,4,0,0,0,373,0,0,0,1299,0,0,1,373,1299,0,0,,,,,0
218,1,1,0,0,8,10,553,0,2188,0,8,10,0,0,0,1,1,0,5,0,0,0,553,0,2188,1133,0,219,0,1,1133,0,2188,0,,,,,0
219,1,1,0,0,8,11,841,0,4733,0,8,11,0,1,0,1,0,1,5,553,0,2188,841,0,4733,1133,0,219,0,1,1133,0,4733,0,,,,,0
220,1,1,0,0,8,12,2064,0,6940,0,8,12,0,0,0,1,1,0,6,553,0,2188,2064,0,6940,263,0,5517,0,1,2064,0,6940,0,,,,,0
221,1,1,0,0,8,13,2084,1061,7205,0,8,13,0,1,0,1,0,1,6,2064,0,6940,2084,1061,7205,263,0,5517,0,1,2084,1061,7205,0,,,,,0
222,1,1,0,0,8,14,1429,2641,5313,0,8,14,0,0,0,1,1,0,7,2064,0,6940,2064,2641,6940,1824,1728,7578,0,1,2064,2641,7578,0,,,,,0
223,1,1,0,0,8,15,1892,2328,2835,0,8,15,0,1,0,1,0,1,7,1429,2641,5313,1892,2641,5313,1824,1728,7578,0,1,1892,2641,7578,0,,,,,0
224,1,1,0,0,8,16,20,2023,641,0,8,16,0,0,0,1,1,0,8,1429,2641,5313,1429,2641,5313,3388,4660,5976,0,1,3388,4660,5976,0,,,,,0
225,1,1,0,0,8,17,0,1725,81,0,8,17,0,1,0,1,0,1,8,20,2023,641,20,2023,641,3388,4660,5976,0,1,3388,4660,5976,0,,,,,0
226,1,1,0,0,8,18,0,1681,0,0,8,18,0,0,0,1,1,0,9,20,2023,641,20,2023,641,1862,2720,1295,0,1,1862,2720,1295,0,,,,,0
227,1,1,0,0,8,19,0,1681,0,0,8,19,0,1,0,1,0,1,9,0,1681,0,0,1681,0,1862,2720,1295,0,1,1862,2720,1295,0,,,,,0
228,1,1,0,0,8,20,0,1681,0,0,8,20,0,0,0,1,1,0,10,0,1681,0,0,1681,0,0,1735,0,0,1,0,1735,0,0,,,,,0
229,1,1,0,0,8,21,0,1681,0,0,8,21,0,1,0,1,0,1,10,0,1681,0,0,1681,0,0,1735,0,0,1,0,1735,0,0,,,,,0
230,1,1,0,0,8,22,0,1681,0,0,8,22,0,0,0,1,1,0,11,0,1681,0,0,1681,0,0,1681,0,0,1,0,1681,0,0,,,,,0
231,1,1,0,0,8,23,0,1681,0,0,8,23,0,1,0,1,0,1,11,0,1681,0,0,1681,0,0,1681,0,0,1,0,1681,0,0,,,,,0
232,1,1,0,0,8,24,0,1681,0,0,8,24,0,0,0,1,1,0,12,0,1681,0,0,1681,0,0,1681,0,0,1,0,1681,0,0,,,,,0
233,1,1,0,0,8,25,0,1681,0,0,8,25,0,1,0,1,0,1,12,0,1681,0,0,1681,0,0,1681,0,0,1,0,1681,0,0,,,,,0
234,1,1,0,0,9,0,0,1681,0,0,9,0,1,0,0,1,1,0,0,0,1681,0,0,1681,0,0,1681,0,0,1,0,1681,0,0,,,,,0
235,1,1,0,0,9,1,0,1681,0,0,9,1,1,1,1,1,0,0,0,0,1681,0,0,1681,0,0,1681,0,1,1,0,1681,0,0,0,0,4,0,0
236,1,1,0,0,9,2,0,1681,0,0,9,2,1,0,0,1,1,0,1,0,1681,0,0,1681,0,0,1681,0,0,1,0,1681,0,0,,,,,0
237,1,1,0,0,9,3,0,1681,0,0,9,3,1,1,1,1,0,0,1,0,1681,0,0,1681,0,0,1681,0,1,1,0,1681,0,0,0,0,4,1,0
238,1,1,0,0,9,4,0,1681,0,0,9,4,1,0,0,1,1,0,2,0,1681,0,0,1681,0,0,1681,0,0,1,0,1681,0,0,,,,,0
239,1,1,0,0,9,5,0,1681,0,0,9,5,1,1,1,1,0,0,2,0,1681,0,0,1681,0,0,1681,0,1,1,0,1681,0,0,0,0,4,2,0
240,1,1,0,0,9,6,0,1542,0,0,9,6,1,0,0,1,1,0,3,0,1681,0,0,1681,0,0,1681,0,0,1,0,1681,0,0,,,,,0
241,1,1,0,0,9,7,0,0,0,0,9,7,1,1,1,1,0,0,3,0,1542,0,0,1542,0,0,1681,0,1,1,0,1681,0,0,0,0,4,3,0
242,1,1,0,0,9,8,1598,0,0,0,9,8,1,0,0,1,1,0,4,0,1542,0,1598,1542,0,373,0,0,0,1,1598,1542,0,0,,,,,0
243,1,1,0,0,9,9,0,0,596,0,9,9,1,1,1,1,0,0,4,1598,0,0,1598,0,596,373,0,0,1,1,1598,0,596,0,0,0,4,4,0
244,1,1,0,0,9,10,0,0,4137,0,9,10,1,0,0,1,1,0,5,1598,0,0,1598,0,4137,841,0,4733,0,1,1598,0,4733,0,,,,,0
245,1,1,0,0,9,11,0,0,6646,0,9,11,1,1,1,1,0,0,5,0,0,4137,0,0,6646,841,0,4733,1,1,841,0,6646,0,0,0,4,5,0
246,1,1,0,0,9,12,1464,1299,7338,0,9,12,1,0,0,1,1,0,6,0,0,4137,1464,1299,7338,2084,1061,7205,0,1,2084,1299,7338,0,,,,,0
247,1,1,0,0,9,13,2370,3944,5983,0,9,13,1,1,1,1,0,0,6,1464,1299,7338,2370,3944,7338,2084,1061,7205,1,1,2370,3944,7338,0,0,0,4,6,0
248,1,1,0,0,9,14,2954,3116,3490,0,9,14,1,0,0,1,1,0,7,1464,1299,7338,2954,3116,7338,1892,2641,5313,0,1,2954,3116,7338,0,,,,,0
249,1,1,0,0,9,15,1525,2505,934,0,9,15,1,1,1,1,0,0,7,2954,3116,3490,2954,3116,3490,1892,2641,5313,1,1,2954,3116,5313,0,0,0,4,7,0
250,1,1,0,0,9,16,0,1809,95,0,9,16,1,0,0,1,1,0,8,2954,3116,3490,2954,3116,3490,20,2023,641,0,1,2954,3116,3490,0,,,,,0
251,1,1,0,0,9,17,0,1649,0,0,9,17,1,1,1,1,0,0,8,0,1809,95,0,1809,95,20,2023,641,1,1,20,2023,641,0,0,0,4,8,0
252,1,1,0,0,9,18,0,1632,0,0,9,18,1,0,0,1,1,0,9,0,1809,95,0,1809,95,0,1681,0,0,1,0,1809,95,0,,,,,0
253,1,1,0,0,9,19,0,1681,0,0,9,19,1,1,1,1,0,0,9,0,1632,0,0,1681,0,0,1681,0,1,1,0,1681,0,0,0,0,4,9,0
254,1,1,0,0,9,20,0,1681,0,0,9,20,1,0,0,1,1,0,10,0,1632,0,0,1681,0,0,1681,0,0,1,0,1681,0,0,,,,,0
255,1,1,0,0,9,21,0,1681,0,0,9,21,1,1,1,1,0,0,10,0,1681,0,0,1681,0,0,1681,0,1,1,0,1681,0,0,0,0,4,10,0
256,1,1,0,0,9,22,0,1681,0,0,9,22,1,0,0,1,1,0,11,0,1681,0,0,1681,0,0,1681,0,0,1,0,1681,0,0,,,,,0
257,1,1,0,0,9,23,0,1681,0,0,9,23,1,1,1,1,0,0,11,0,1681,0,0,1681,0,0,1681,0,1,1,0,1681,0,0,0,0,4,11,0
258,1,1,0,0,9,24,0,1681,0,0,9,24,1,0,0,1,1,0,12,0,1681,0,0,1681,0,0,1681,0,0,1,0,1681,0,0,,,,,0
259,1,1,0,0,9,25,0,1681,0,0,9,25,1,1,1,1,0,0,12,0,1681,0,0,1681,0,0,1681,0,1,1,0,1681,0,0,0,0,4,12,0
260,1,1,0,0,10,0,0,1681,0,0,10,0,0,0,0,1,1,0,0,0,1681,0,0,1681,0,0,1681,0,0,1,0,1681,0,0,,,,,0
261,1,1,0,0,10,1,0,1681,0,0,10,1,0,1,0,1,0,1,0,0,1681,0,0,1681,0,0,1681,0,0,1,0,1681,0,0,,,,,0
262,1,1,0,0,10,2,0,1681,0,0,10,2,0,0,0,1,1,0,1,0,1681,0,0,1681,0,0,1681,0,0,1,0,1681,0,0,,,,,0
263,1,1,0,0,10,3,0,1681,0,0,10,3,0,1,0,1,0,1,1,0,1681,0,0,1681,0,0,1681,0,0,1,0,1681,0,0,,,,,0
264,1,1,0,0,10,4,0,1681,0,0,10,4,0,0,0,1,1,0,2,0,1681,0,0,1681,0,0,1681,0,0,1,0,1681,0,0,,,,,0
265,1,1,0,0,10,5,0,1647,0,0,10,5,0,1,0,1,0,1,2,0,1681,0,0,1681,0,0,1681,0,0,1,0,1681,0,0,,,,,0
266,1,1,0,0,10,6,0,1274,0,0,10,6,0,0,0,1,1,0,3,0,1681,0,0,1681,0,0,1681,0,0,1,0,1681,0,0,,,,,0
267,1,1,0,0,10,7,1418,0,0,0,10,7,0,1,0,1,0,1,3,0,1274,0,1418,1274,0,0,1681,0,0,1,1418,1681,0,0,,,,,0
268,1,1,0,0,10,8,2654,0,382,0,10,8,0,0,0,1,1,0,4,0,1274,0,2654,1274,382,373,0,0,0,1,2654,1274,382,0,,,,,0
269,1,1,0,0,10,9,549,0,3374,0,10,9,0,1,0,1,0,1,4,2654,0,382,2654,0,3374,373,0,0,0,1,2654,0,3374,0,,,,,0
270,1,1,0,0,10,10,454,0,6256,0,10,10,0,0,0,1,1,0,5,2654,0,382,2654,0,6256,841,0,4733,0,1,2654,0,6256,0,,,,,0
271,1,1,0,0,10,11,0,0,7096,0,10,11,0,1,0,1,0,1,5,454,0,6256,454,0,7096,841,0,4733,0,1,841,0,7096,0,,,,,0
272,1,1,0,0,10,12,937,1412,5935,0,10,12,0,0,0,1,1,0,6,454,0,6256,937,1412,6256,2084,1061,7205,0,1,2084,1412,7205,0,,,,,0
273,1,1,0,0,10,13,2223,2807,2698,0,10,13,0,1,0,1,0,1,6,937,1412,5935,2223,2807,5935,2084,1061,7205,0,1,2223,2807,7205,0,,,,,0
274,1,1,0,0,10,14,779,1981,802,0,10,14,0,0,0,1,1,0,7,937,1412,5935,937,1981,5935,1892,2641,5313,0,1,1892,2641,5935,0,,,,,0
275,1,1,0,0,10,15,0,1542,0,0,10,15,0,1,0,1,0,1,7,779,1981,802,779,1981,802,1892,2641,5313,0,1,1892,2641,5313,0,,,,,0
276,1,1,0,0,10,16,0,971,0,0,10,16,0,0,0,1,1,0,8,779,1981,802,779,1981,802,20,2023,641,0,1,779,2023,802,0,,,,,0
277,1,1,0,0,10,17,0,906,0,0,10,17,0,1,0,1,0,1,8,0,971,0,0,971,0,20,2023,641,0,1,20,2023,641,0,,,,,0
278,1,1,0,0,10,18,0,1062,64,0,10,18,0,0,0,1,1,0,9,0,971,0,0,1062,64,0,1681,0,0,1,0,1681,64,0,,,,,0
279,1,1,0,0,10,19,0,1546,0,0,10,19,0,1,0,1,0,1,9,0,1062,64,0,1546,64,0,1681,0,0,1,0,1681,64,0,,,,,0
280,1,1,0,0,10,20,0,1665,0,0,10,20,0,0,0,1,1,0,10,0,1062,64,0,1665,64,0,1681,0,0,1,0,1681,64,0,,,,,0
281,1,1,0,0,10,21,0,1681,0,0,10,21,0,1,0,1,0,1,10,0,1665,0,0,1681,0,0,1681,0,0,1,0,1681,0,0,,,,,0
282,1,1,0,0,10,22,0,1681,0,0,10,22,0,0,0,1,1,0,11,0,1665,0,0,1681,0,0,1681,0,0,1,0,1681,0,0,,,,,0
283,1,1,0,0,10,23,0,1681,0,0,10,23,0,1,0,1,0,1,11,0,1681,0,0,1681,0,0,1681,0,0,1,0,1681,0,0,,,,,0
284,1,1,0,0,10,24,0,1681,0,0,10,24,0,0,0,1,1,0,12,0,1681,0,0,1681,0,0,1681,0,0,1,0,1681,0,0,,,,,0
285,1,1,0,0,10,25,0,1681,0,0,10,25,0,1,0,1,0,1,12,0,1681,0,0,1681,0,0,1681,0,0,1,0,1681,0,0,,,,,0
286,1,1,0,0,11,0,0,1681,0,0,11,0,1,0,0,1,1,0,0,0,1681,0,0,1681,0,0,1681,0,0,1,0,1681,0,0,,,,,0
287,1,1,0,0,11,1,0,1681,0,0,11,1,1,1,1,1,0,0,0,0,1681,0,0,1681,0,0,1681,0,1,1,0,1681,0,0,0,0,5,0,0
288,1,1,0,0,11,2,0,1681,0,0,11,2,1,0,0,1,1,0,1,0,1681,0,0,1681,0,0,1681,0,0,1,0,1681,0,0,,,,,0
289,1,1,0,0,11,3,0,1681,0,0,11,3,1,1,1,1,0,0,1,0,1681,0,0,1681,0,0,1681,0,1,1,0,1681,0,0,0,0,5,1,0
290,1,1,0,0,11,4,0,1681,0,0,11,4,1,0,0,1,1,0,2,0,1681,0,0,1681,0,0,1681,0,0,1,0,1681,0,0,,,,,0
291,1,1,0,0,11,5,0,1524,0,0,11,5,1,1,1,1,0,0,2,0,1681,0,0,1681,0,0,1681,0,1,1,0,1681,0,0,0,0,5,2,0
292,1,1,0,0,11,6,0,723,0,0,11,6,1,0,0,1,1,0,3,0,1681,0,0,1681,0,1418,1274,0,0,1,1418,1681,0,0,,,,,0
293,1,1,0,0,11,7,2190,0,46,0,11,7,1,1,1,1,0,0,3,0,723,0,2190,723,46,1418,1274,0,1,1,2190,1274,46,0,0,0,5,3,0
294,1,1,0,0,11,8,2948,0,2142,0,11,8,1,0,0,1,1,0,4,0,723,0,2948,723,2142,2654,0,3374,0,1,2948,723,3374,0,,,,,0
295,1,1,0,0,11,9,1763,0,5278,0,11,9,1,1,1,1,0,0,4,2948,0,2142,2948,0,5278,2654,0,3374,1,1,2948,0,5278,0,0,0,5,4,0
296,1,1,0,0,11,10,1045,0,7037,0,11,10,1,0,0,1,1,0,5,2948,0,2142,2948,0,7037,454,0,7096,0,1,2948,0,7096,0,,,,,0
297,1,1,0,0,11,11,0,0,5901,0,11,11,1,1,1,1,0,0,5,1045,0,7037,1045,0,7037,454,0,7096,1,1,1045,0,7096,0,0,0,5,5,0
298,1,1,0,0,11,12,916,1388,3335,0,11,12,1,0,0,1,1,0,6,1045,0,7037,1045,1388,7037,2223,2807,5935,0,1,2223,2807,7037,0,,,,,0
299,1,1,0,0,11,13,328,1462,567,0,11,13,1,1,1,1,0,0,6,916,1388,3335,916,1462,3335,2223,2807,5935,1,1,2223,2807,5935,0,0,0,5,6,0
300,1,1,0,0,11,14,0,0,0,0,11,14,1,0,0,1,1,0,7,916,1388,3335,916,1388,3335,779,1981,802,0,1,916,1981,3335,0,,,,,0
301,1,1,0,0,11,15,0,0,0,0,11,15,1,1,1,1,0,0,7,0,0,0,0,0,0,779,1981,802,1,1,779,1981,802,0,0,0,5,7,0
302,1,1,0,0,11,16,0,0,0,0,11,16,1,0,0,1,1,0,8,0,0,0,0,0,0,0,971,0,0,1,0,971,0,0,,,,,0
303,1,1,0,0,11,17,0,0,60,0,11,17,1,1,1,1,0,0,8,0,0,0,0,0,60,0,971,0,1,1,0,971,60,0,0,0,5,8,0
304,1,1,0,0,11,18,0,0,658,0,11,18,1,0,0,1,1,0,9,0,0,0,0,0,658,0,1546,64,0,1,0,1546,658,0,,,,,0
305,1,1,0,0,11,19,0,0,264,0,11,19,1,1,1,1,0,0,9,0,0,658,0,0,658,0,1546,64,1,1,0,1546,658,0,0,0,5,9,0
306,1,1,0,0,11,20,0,1313,31,0,11,20,1,0,0,1,1,0,10,0,0,658,0,1313,658,0,1681,0,0,1,0,1681,658,0,,,,,0
307,1,1,0,0,11,21,0,1681,0,0,11,21,1,1,1,1,0,0,10,0,1313,31,0,1681,31,0,1681,0,1,1,0,1681,31,0,0,0,5,10,0
308,1,1,0,0,11,22,0,1681,0,0,11,22,1,0,0,1,1,0,11,0,1313,31,0,1681,31,0,1681,0,0,1,0,1681,31,0,,,,,0
309,1,1,0,0,11,23,0,1681,0,0,11,23,1,1,1,1,0,0,11,0,1681,0,0,1681,0,0,1681,0,1,1,0,1681,0,0,0,0,5,11,0
310,1,1,0,0,11,24,0,1681,0,0,11,24,1,0,0,1,1,0,12,0,1681,0,0,1681,0,0,1681,0,0,1,0,1681,0,0,,,,,0
311,1,1,0,0,11,25,0,1681,0,0,11,25,1,1,1,1,0,0,12,0,1681,0,0,1681,0,0,1681,0,1,1,0,1681,0,0,0,0,5,12,0
312,1,1,0,0,12,0,0,1681,0,0,12,0,0,0,0,1,1,0,0,0,1681,0,0,1681,0,0,1681,0,0,1,0,1681,0,0,,,,,0
313,1,1,0,0,12,1,0,1681,0,0,12,1,0,1,0,1,0,1,0,0,1681,0,0,1681,0,0,1681,0,0,1,0,1681,0,0,,,,,0
314,1,1,0,0,12,2,0,1681,0,0,12,2,0,0,0,1,1,0,1,0,1681,0,0,1681,0,0,1681,0,0,1,0,1681,0,0,,,,,0
315,1,1,0,0,12,3,0,1681,0,0,12,3,0,1,0,1,0,1,1,0,1681,0,0,1681,0,0,1681,0,0,1,0,1681,0,0,,,,,0
316,1,1,0,0,12,4,0,1681,0,0,12,4,0,0,0,1,1,0,2,0,1681,0,0,1681,0,0,1681,0,0,1,0,1681,0,0,,,,,0
317,1,1,0,0,12,5,0,1211,0,0,12,5,0,1,0,1,0,1,2,0,1681,0,0,1681,0,0,1681,0,0,1,0,1681,0,0,,,,,0
318,1,1,0,0,12,6,0,0,0,0,12,6,0,0,0,1,1,0,3,0,1681,0,0,1681,0,1418,1274,0,0,1,1418,1681,0,0,,,,,0
319,1,1,0,0,12,7,2655,0,598,0,12,7,0,1,0,1,0,1,3,0,0,0,2655,0,598,1418,1274,0,0,1,2655,1274,598,0,,,,,0
320,1,1,0,0,12,8,2166,0,3018,0,12,8,0,0,0,1,1,0,4,0,0,0,2166,0,3018,2654,0,3374,0,1,2654,0,3374,0,,,,,0
321,1,1,0,0,12,9,1507,0,6307,0,12,9,0,1,0,1,0,1,4,2166,0,3018,2166,0,6307,2654,0,3374,0,1,2654,0,6307,0,,,,,0
322,1,1,0,0,12,10,0,0,6832,0,12,10,0,0,0,1,1,0,5,2166,0,3018,2166,0,6832,454,0,7096,0,1,2166,0,7096,0,,,,,0
323,1,1,0,0,12,11,52,213,4702,0,12,11,0,1,0,1,0,1,5,0,0,6832,52,213,6832,454,0,7096,0,1,454,213,7096,0,,,,,0
324,1,1,0,0,12,12,1226,378,1194,0,12,12,0,0,0,1,1,0,6,0,0,6832,1226,378,6832,2223,2807,5935,0,1,2223,2807,6832,0,,,,,0
325,1,1,0,0,12,13,0,0,0,0,12,13,0,1,0,1,0,1,6,1226,378,1194,1226,378,1194,2223,2807,5935,0,1,2223,2807,5935,0,,,,,0
326,1,1,0,0,12,14,0,0,0,0,12,14,0,0,0,1,1,0,7,1226,378,1194,1226,378,1194,779,1981,802,0,1,1226,1981,1194,0,,,,,0
327,1,1,0,0,12,15,0,0,0,0,12,15,0,1,0,1,0,1,7,0,0,0,0,0,0,779,1981,802,0,1,779,1981,802,0,,,,,0
328,1,1,0,0,12,16,0,0,397,0,12,16,0,0,0,1,1,0,8,0,0,0,0,0,397,0,971,0,0,1,0,971,397,0,,,,,0
329,1,1,0,0,12,17,0,0,806,0,12,17,0,1,0,1,0,1,8,0,0,397,0,0,806,0,971,0,0,1,0,971,806,0,,,,,0
330,1,1,0,0,12,18,0,0,1781,0,12,18,0,0,0,1,1,0,9,0,0,397,0,0,1781,0,1546,64,0,1,0,1546,1781,0,,,,,0
331,1,1,0,0,12,19,0,0,1083,0,12,19,0,1,0,1,0,1,9,0,0,1781,0,0,1781,0,1546,64,0,1,0,1546,1781,0,,,,,0
332,1,1,0,0,12,20,0,0,431,0,12,20,0,0,0,1,1,0,10,0,0,1781,0,0,1781,0,1681,0,0,1,0,1681,1781,0,,,,,0
333,1,1,0,0,12,21,0,1253,21,0,12,21,0,1,0,1,0,1,10,0,0,431,0,1253,431,0,1681,0,0,1,0,1681,431,0,,,,,0
334,1,1,0,0,12,22,0,1599,0,0,12,22,0,0,0,1,1,0,11,0,0,431,0,1599,431,0,1681,0,0,1,0,1681,431,0,,,,,0
335,1,1,0,0,12,23,0,1681,0,0,12,23,0,1,0,1,0,1,11,0,1599,0,0,1681,0,0,1681,0,0,1,0,1681,0,0,,,,,0
336,1,1,0,0,12,24,0,1681,0,0,12,24,0,0,0,1,1,0,12,0,1599,0,0,1681,0,0,1681,0,0,1,0,1681,0,0,,,,,0
337,1,1,0,0,12,25,0,1681,0,0,12,25,0,1,0,1,0,1,12,0,1681,0,0,1681,0,0,1681,0,0,1,0,1681,0,0,,,,,0
338,1,1,0,0,13,0,0,1681,0,0,13,0,1,0,0,1,1,0,0,0,1681,0,0,1681,0,0,1681,0,0,1,0,1681,0,0,,,,,0
339,1,1,0,0,13,1,0,1681,0,0,13,1,1,1,1,1,0,0,0,0,1681,0,0,1681,0,0,1681,0,1,1,0,1681,0,0,0,0,6,0,0
340,1,1,0,0,13,2,0,1681,0,0,13,2,1,0,0,1,1,0,1,0,1681,0,0,1681,0,0,1681,0,0,1,0,1681,0,0,,,,,0
341,1,1,0,0,13,3,0,1681,0,0,13,3,1,1,1,1,0,0,1,0,1681,0,0,1681,0,0,1681,0,1,1,0,1681,0,0,0,0,6,1,0
342,1,1,0,0,13,4,0,1681,0,0,13,4,1,0,0,1,1,0,2,0,1681,0,0,1681,0,0,1681,0,0,1,0,1681,0,0,,,,,0
343,1,1,0,0,13,5,0,1081,0,0,13,5,1,1,1,1,0,0,2,0,1681,0,0,1681,0,0,1681,0,1,1,0,1681,0,0,0,0,6,2,0
344,1,1,0,0,13,6,761,0,0,0,13,6,1,0,0,1,1,0,3,0,1681,0,761,1681,0,2655,0,598,0,1,2655,1681,598,0,,,,,0
345,1,1,0,0,13,7,2922,0,1441,0,13,7,1,1,1,1,0,0,3,761,0,0,2922,0,1441,2655,0,598,1,1,2922,0,1441,0,0,0,6,3,0
346,1,1,0,0,13,8,2322,0,4033,0,13,8,1,0,0,1,1,0,4,761,0,0,2322,0,4033,2166,0,6307,0,1,2322,0,6307,0,,,,,0
347,1,1,0,0,13,9,1121,0,6685,0,13,9,1,1,1,1,0,0,4,2322,0,4033,2322,0,6685,2166,0,6307,1,1,2322,0,6685,0,0,0,6,4,0
348,1,1,0,0,13,10,0,0,5742,0,13,10,1,0,0,1,1,0,5,2322,0,4033,2322,0,5742,52,213,6832,0,1,2322,213,6832,0,,,,,0
349,1,1,0,0,13,11,534,0,2931,0,13,11,1,1,1,1,0,0,5,0,0,5742,534,0,5742,52,213,6832,1,1,534,213,6832,0,0,0,6,5,0
350,1,1,0,0,13,12,1163,0,0,0,13,12,1,0,0,1,1,0,6,0,0,5742,1163,0,5742,1226,378,1194,0,1,1226,378,5742,0,,,,,0
351,1,1,0,0,13,13,1081,0,0,0,13,13,1,1,1,1,0,0,6,1163,0,0,1163,0,0,1226,378,1194,1,1,1226,378,1194,0,0,0,6,6,0
352,1,1,0,0,13,14,0,0,634,0,13,14,1,0,0,1,1,0,7,1163,0,0,1163,0,634,0,0,0,0,1,1163,0,634,0,,,,,0
353,1,1,0,0,13,15,0,0,2776,0,13,15,1,1,1,1,0,0,7,0,0,634,0,0,2776,0,0,0,1,1,0,0,2776,0,0,0,6,7,0
354,1,1,0,0,13,16,0,0,4293,0,13,16,1,0,0,1,1,0,8,0,0,634,0,0,4293,0,0,806,0,1,0,0,4293,0,,,,,0
355,1,1,0,0,13,17,0,0,3718,0,13,17,1,1,1,1,0,0,8,0,0,4293,0,0,4293,0,0,806,1,1,0,0,4293,0,0,0,6,8,0
356,1,1,0,0,13,18,0,0,2584,0,13,18,1,0,0,1,1,0,9,0,0,4293,0,0,4293,0,0,1781,0,1,0,0,4293,0,,,,,0
357,1,1,0,0,13,19,0,0,1839,0,13,19,1,1,1,1,0,0,9,0,0,2584,0,0,2584,0,0,1781,1,1,0,0,2584,0,0,0,6,9,0
358,1,1,0,0,13,20,0,0,1406,0,13,20,1,0,0,1,1,0,10,0,0,2584,0,0,2584,0,1253,431,0,1,0,1253,2584,0,,,,,0
359,1,1,0,0,13,21,0,0,466,0,13,21,1,1,1,1,0,0,10,0,0,1406,0,0,1406,0,1253,431,1,1,0,1253,1406,0,0,0,6,10,0
360,1,1,0,0,13,22,0,1123,95,0,13,22,1,0,0,1,1,0,11,0,0,1406,0,1123,1406,0,1681,0,0,1,0,1681,1406,0,,,,,0
361,1,1,0,0,13,23,0,1681,0,0,13,23,1,1,1,1,0,0,11,0,1123,95,0,1681,95,0,1681,0,1,1,0,1681,95,0,0,0,6,11,0
362,1,1,0,0,13,24,0,1681,0,0,13,24,1,0,0,1,1,0,12,0,1123,95,0,1681,95,0,1681,0,0,1,0,1681,95,0,,,,,0
363,1,1,0,0,13,25,0,1681,0,0,13,25,1,1,1,1,0,0,12,0,1681,0,0,1681,0,0,1681,0,1,1,0,1681,0,0,0,0,6,12,0
364,1,1,0,0,14,0,0,1681,0,0,14,0,0,0,0,1,1,0,0,0,1681,0,0,1681,0,0,1681,0,0,1,0,1681,0,0,,,,,0
365,1,1,0,0,14,1,0,1681,0,0,14,1,0,1,0,1,0,1,0,0,1681,0,0,1681,0,0,1681,0,0,1,0,1681,0,0,,,,,0
366,1,1,0,0,14,2,0,1681,0,0,14,2,0,0,0,1,1,0,1,0,1681,0,0,1681,0,0,1681,0,0,1,0,1681,0,0,,,,,0
367,1,1,0,0,14,3,0,1681,0,0,14,3,0,1,0,1,0,1,1,0,1681,0,0,1681,0,0,1681,0,0,1,0,1681,0,0,,,,,0
368,1,1,0,0,14,4,0,1647,0,0,14,4,0,0,0,1,1,0,2,0,1681,0,0,1681,0,0,1681,0,0,1,0,1681,0,0,,,,,0
369,1,1,0,0,14,5,0,545,0,0,14,5,0,1,0,1,0,1,2,0,1647,0,0,1647,0,0,1681,0,0,1,0,1681,0,0,,,,,0
370,1,1,0,0,14,6,966,0,242,0,14,6,0,0,0,1,1,0,3,0,1647,0,966,1647,242,2655,0,598,0,1,2655,1647,598,0,,,,,0
371,1,1,0,0,14,7,2771,0,2337,0,14,7,0,1,0,1,0,1,3,966,0,242,2771,0,2337,2655,0,598,0,1,2771,0,2337,0,,,,,0
372,1,1,0,0,14,8,2082,0,4381,0,14,8,0,0,0,1,1,0,4,966,0,242,2082,0,4381,2166,0,6307,0,1,2166,0,6307,0,,,,,0
373,1,1,0,0,14,9,300,0,6008,0,14,9,0,1,0,1,0,1,4,2082,0,4381,2082,0,6008,2166,0,6307,0,1,2166,0,6307,0,,,,,0
374,1,1,0,0,14,10,0,0,4531,0,14,10,0,0,0,1,1,0,5,2082,0,4381,2082,0,4531,52,213,6832,0,1,2082,213,6832,0,,,,,0
375,1,1,0,0,14,11,0,0,1991,0,14,11,0,1,0,1,0,1,5,0,0,4531,0,0,4531,52,213,6832,0,1,52,213,6832,0,,,,,0
376,1,1,0,0,14,12,1535,0,34,0,14,12,0,0,0,1,1,0,6,0,0,4531,1535,0,4531,1226,378,1194,0,1,1535,378,4531,0,,,,,0
377,1,1,0,0,14,13,2834,0,1162,0,14,13,0,1,0,1,0,1,6,1535,0,34,2834,0,1162,1226,378,1194,0,1,2834,378,1194,0,,,,,0
378,1,1,0,0,14,14,1752,0,3657,0,14,14,0,0,0,1,1,0,7,1535,0,34,1752,0,3657,0,0,0,0,1,1752,0,3657,0,,,,,0
379,1,1,0,0,14,15,1681,0,6005,0,14,15,0,1,0,1,0,1,7,1752,0,3657,1752,0,6005,0,0,0,0,1,1752,0,6005,0,,,,,0
380,1,1,0,0,14,16,2771,0,6321,0,14,16,0,0,0,1,1,0,8,1752,0,3657,2771,0,6321,0,0,806,0,1,2771,0,6321,0,,,,,0
381,1,1,0,0,14,17,2725,0,5599,0,14,17,0,1,0,1,0,1,8,2771,0,6321,2771,0,6321,0,0,806,0,1,2771,0,6321,0,,,,,0
382,1,1,0,0,14,18,1544,0,4234,0,14,18,0,0,0,1,1,0,9,2771,0,6321,2771,0,6321,0,0,1781,0,1,2771,0,6321,0,,,,,0
383,1,1,0,0,14,19,0,0,3223,0,14,19,0,1,0,1,0,1,9,1544,0,4234,1544,0,4234,0,0,1781,0,1,1544,0,4234,0,,,,,0
384,1,1,0,0,14,20,0,0,2762,0,14,20,0,0,0,1,1,0,10,1544,0,4234,1544,0,4234,0,1253,431,0,1,1544,1253,4234,0,,,,,0
385,1,1,0,0,14,21,0,0,1316,0,14,21,0,1,0,1,0,1,10,0,0,2762,0,0,2762,0,1253,431,0,1,0,1253,2762,0,,,,,0
386,1,1,0,0,14,22,0,892,363,0,14,22,0,0,0,1,1,0,11,0,0,2762,0,892,2762,0,1681,0,0,1,0,1681,2762,0,,,,,0
387,1,1,0,0,14,23,0,1681,0,0,14,23,0,1,0,1,0,1,11,0,892,363,0,1681,363,0,1681,0,0,1,0,1681,363,0,,,,,0
388,1,1,0,0,14,24,0,1681,0,0,14,24,0,0,0,1,1,0,12,0,892,363,0,1681,363,0,1681,0,0,1,0,1681,363,0,,,,,0
389,1,1,0,0,14,25,0,1681,0,0,14,25,0,1,0,1,0,1,12,0,1681,0,0,1681,0,0,1681,0,0,1,0,1681,0,0,,,,,0
390,1,1,0,0,15,0,0,1681,0,0,15,0,1,0,0,1,1,0,0,0,1681,0,0,1681,0,0,1681,0,0,1,0,1681,0,0,,,,,0
391,1,1,0,0,15,1,0,1681,0,0,15,1,1,1,1,1,0,0,0,0,1681,0,0,1681,0,0,1681,0,1,1,0,1681,0,0,0,0,7,0,0
392,1,1,0,0,15,2,0,1681,0,0,15,2,1,0,0,1,1,0,1,0,1681,0,0,1681,0,0,1681,0,0,1,0,1681,0,0,,,,,0
393,1,1,0,0,15,3,0,1681,0,0,15,3,1,1,1,1,0,0,1,0,1681,0,0,1681,0,0,1681,0,1,1,0,1681,0,0,0,0,7,1,0
394,1,1,0,0,15,4,0,1611,0,0,15,4,1,0,0,1,1,0,2,0,1681,0,0,1681,0,0,1647,0,0,1,0,1681,0,0,,,,,0
395,1,1,0,0,15,5,512,0,0,0,15,5,1,1,1,1,0,0,2,0,1611,0,512,1611,0,0,1647,0,1,1,512,1647,0,0,0,0,7,2,0
396,1,1,0,0,15,6,1752,0,49,0,15,6,1,0,0,1,1,0,3,0,1611,0,1752,1611,49,2771,0,2337,0,1,2771,1611,2337,0,,,,,0
397,1,1,0,0,15,7,1644,0,2749,0,15,7,1,1,1,1,0,0,3,1752,0,49,1752,0,2749,2771,0,2337,1,1,2771,0,2749,0,0,0,7,3,0
398,1,1,0,0,15,8,846,0,4811,0,15,8,1,0,0,1,1,0,4,1752,0,49,1752,0,4811,2082,0,6008,0,1,2082,0,6008,0,,,,,0
399,1,1,0,0,15,9,0,0,5532,0,15,9,1,1,1,1,0,0,4,846,0,4811,846,0,5532,2082,0,6008,1,1,2082,0,6008,0,0,0,7,4,0
400,1,1,0,0,15,10,0,0,3814,0,15,10,1,0,0,1,1,0,5,846,0,4811,846,0,4811,0,0,4531,0,1,846,0,4811,0,,,,,0
401,1,1,0,0,15,11,0,0,1220,0,15,11,1,1,1,1,0,0,5,0,0,3814,0,0,3814,0,0,4531,1,1,0,0,4531,0,0,0,7,5,0
402,1,1,0,0,15,12,1026,0,385,0,15,12,1,0,0,1,1,0,6,0,0,3814,1026,0,3814,2834,0,1162,0,1,2834,0,3814,0,,,,,0
403,1,1,0,0,15,13,1456,0,2923,0,15,13,1,1,1,1,0,0,6,1026,0,385,1456,0,2923,2834,0,1162,1,1,2834,0,2923,0,0,0,7,6,0
404,1,1,0,0,15,14,2048,0,4931,0,15,14,1,0,0,1,1,0,7,1026,0,385,2048,0,4931,1752,0,6005,0,1,2048,0,6005,0,,,,,0
405,1,1,0,0,15,15,2915,0,6357,0,15,15,1,1,1,1,0,0,7,2048,0,4931,2915,0,6357,1752,0,6005,1,1,2915,0,6357,0,0,0,7,7,0
406,1,1,0,0,15,16,2972,0,6418,0,15,16,1,0,0,1,1,0,8,2048,0,4931,2972,0,6418,2771,0,6321,0,1,2972,0,6418,0,,,,,0
407,1,1,0,0,15,17,2972,0,6355,0,15,17,1,1,1,1,0,0,8,2972,0,6418,2972,0,6418,2771,0,6321,1,1,2972,0,6418,0,0,0,7,8,0
408,1,1,0,0,15,18,2747,0,6179,0,15,18,1,0,0,1,1,0,9,2972,0,6418,2972,0,6418,1544,0,4234,0,1,2972,0,6418,0,,,,,0
409,1,1,0,0,15,19,0,0,5539,0,15,19,1,1,1,1,0,0,9,2747,0,6179,2747,0,6179,1544,0,4234,1,1,2747,0,6179,0,0,0,7,9,0
410,1,1,0,0,15,20,0,0,4269,0,15,20,1,0,0,1,1,0,10,2747,0,6179,2747,0,6179,0,0,2762,0,1,2747,0,6179,0,,,,,0
411,1,1,0,0,15,21,0,0,1873,0,15,21,1,1,1,1,0,0,10,0,0,4269,0,0,4269,0,0,2762,1,1,0,0,4269,0,0,0,7,10,0
412,1,1,0,0,15,22,0,1046,463,0,15,22,1,0,0,1,1,0,11,0,0,4269,0,1046,4269,0,1681,363,0,1,0,1681,4269,0,,,,,0
413,1,1,0,0,15,23,0,1681,0,0,15,23,1,1,1,1,0,0,11,0,1046,463,0,1681,463,0,1681,363,1,1,0,1681,463,0,0,0,7,11,0
414,1,1,0,0,15,24,0,1681,0,0,15,24,1,0,0,1,1,0,12,0,1046,463,0,1681,463,0,1681,0,0,1,0,1681,463,0,,,,,0
415,1,1,0,0,15,25,0,1681,0,0,15,25,1,1,1,1,0,0,12,0,1681,0,0,1681,0,0,1681,0,1,1,0,1681,0,0,0,0,7,12,0
416,1,1,0,0,16,0,0,1681,0,0,16,0,0,0,0,1,1,0,0,0,1681,0,0,1681,0,0,1681,0,0,1,0,1681,0,0,,,,,0
417,1,1,0,0,16,1,0,1681,0,0,16,1,0,1,0,1,0,1,0,0,1681,0,0,1681,0,0,1681,0,0,1,0,1681,0,0,,,,,0
418,1,1,0,0,16,2,0,1681,0,0,16,2,0,0,0,1,1,0,1,0,1681,0,0,1681,0,0,1681,0,0,1,0,1681,0,0,,,,,0
419,1,1,0,0,16,3,0,1681,0,0,16,3,0,1,0,1,0,1,1,0,1681,0,0,1681,0,0,1681,0,0,1,0,1681,0,0,,,,,0
420,1,1,0,0,16,4,0,1543,0,0,16,4,0,0,0,1,1,0,2,0,1681,0,0,1681,0,0,1647,0,0,1,0,1681,0,0,,,,,0
421,1,1,0,0,16,5,1490,0,0,0,16,5,0,1,0,1,0,1,2,0,1543,0,1490,1543,0,0,1647,0,0,1,1490,1647,0,0,,,,,0
422,1,1,0,0,16,6,2935,0,817,0,16,6,0,0,0,1,1,0,3,0,1543,0,2935,1543,817,2771,0,2337,0,1,2935,1543,2337,0,,,,,0
423,1,1,0,0,16,7,2138,0,3691,0,16,7,0,1,0,1,0,1,3,2935,0,817,2935,0,3691,2771,0,2337,0,1,2935,0,3691,0,,,,,0
424,1,1,0,0,16,8,1323,0,5599,0,16,8,0,0,0,1,1,0,4,2935,0,817,2935,0,5599,2082,0,6008,0,1,2935,0,6008,0,,,,,0
425,1,1,0,0,16,9,58,0,5612,0,16,9,0,1,0,1,0,1,4,1323,0,5599,1323,0,5612,2082,0,6008,0,1,2082,0,6008,0,,,,,0
426,1,1,0,0,16,10,0,0,3302,0,16,10,0,0,0,1,1,0,5,1323,0,5599,1323,0,5599,0,0,4531,0,1,1323,0,5599,0,,,,,0
427,1,1,0,0,16,11,1104,0,1003,0,16,11,0,1,0,1,0,1,5,0,0,3302,1104,0,3302,0,0,4531,0,1,1104,0,4531,0,,,,,0
428,1,1,0,0,16,12,507,0,658,0,16,12,0,0,0,1,1,0,6,0,0,3302,507,0,3302,2834,0,1162,0,1,2834,0,3302,0,,,,,0
429,1,1,0,0,16,13,0,0,4048,0,16,13,0,1,0,1,0,1,6,507,0,658,507,0,4048,2834,0,1162,0,1,2834,0,4048,0,,,,,0
430,1,1,0,0,16,14,1366,0,5776,0,16,14,0,0,0,1,1,0,7,507,0,658,1366,0,5776,1752,0,6005,0,1,1752,0,6005,0,,,,,0
431,1,1,0,0,16,15,2945,0,6402,0,16,15,0,1,0,1,0,1,7,1366,0,5776,2945,0,6402,1752,0,6005,0,1,2945,0,6402,0,,,,,0
432,1,1,0,0,16,16,2983,0,6426,0,16,16,0,0,0,1,1,0,8,1366,0,5776,2983,0,6426,2771,0,6321,0,1,2983,0,6426,0,,,,,0
433,1,1,0,0,16,17,2902,0,6654,0,16,17,0,1,0,1,0,1,8,2983,0,6426,2983,0,6654,2771,0,6321,0,1,2983,0,6654,0,,,,,0
434,1,1,0,0,16,18,2768,0,6901,0,16,18,0,0,0,1,1,0,9,2983,0,6426,2983,0,6901,1544,0,4234,0,1,2983,0,6901,0,,,,,0
435,1,1,0,0,16,19,697,0,6207,0,16,19,0,1,0,1,0,1,9,2768,0,6901,2768,0,6901,1544,0,4234,0,1,2768,0,6901,0,,,,,0
436,1,1,0,0,16,20,0,111,4357,0,16,20,0,0,0,1,1,0,10,2768,0,6901,2768,111,6901,0,0,2762,0,1,2768,111,6901,0,,,,,0
437,1,1,0,0,16,21,0,1384,1613,0,16,21,0,1,0,1,0,1,10,0,111,4357,0,1384,4357,0,0,2762,0,1,0,1384,4357,0,,,,,0
438,1,1,0,0,16,22,0,1508,360,0,16,22,0,0,0,1,1,0,11,0,111,4357,0,1508,4357,0,1681,363,0,1,0,1681,4357,0,,,,,0
439,1,1,0,0,16,23,0,1681,0,0,16,23,0,1,0,1,0,1,11,0,1508,360,0,1681,360,0,1681,363,0,1,0,1681,363,0,,,,,0
440,1,1,0,0,16,24,0,1681,0,0,16,24,0,0,0,1,1,0,12,0,1508,360,0,1681,360,0,1681,0,0,1,0,1681,360,0,,,,,0
441,1,1,0,0,16,25,0,1681,0,0,16,25,0,1,0,1,0,1,12,0,1681,0,0,1681,0,0,1681,0,0,1,0,1681,0,0,,,,,0
442,1,1,0,0,17,0,0,1681,0,0,17,0,1,0,0,1,1,0,0,0,1681,0,0,1681,0,0,1681,0,0,1,0,1681,0,0,,,,,0
443,1,1,0,0,17,1,0,1681,0,0,17,1,1,1,1,1,0,0,0,0,1681,0,0,1681,0,0,1681,0,1,1,0,1681,0,0,0,0,8,0,0
444,1,1,0,0,17,2,0,1681,0,0,17,2,1,0,0,1,1,0,1,0,1681,0,0,1681,0,0,1681,0,0,1,0,1681,0,0,,,,,0
445,1,1,0,0,17,3,0,1647,0,0,17,3,1,1,1,1,0,0,1,0,1681,0,0,1681,0,0,1681,0,1,1,0,1681,0,0,0,0,8,1,0
446,1,1,0,0,17,4,0,1313,0,0,17,4,1,0,0,1,1,0,2,0,1681,0,0,1681,0,1490,1543,0,0,1,1490,1681,0,0,,,,,0
447,1,1,0,0,17,5,1779,0,255,0,17,5,1,1,1,1,0,0,2,0,1313,0,1779,1313,255,1490,1543,0,1,1,1779,1543,255,0,0,0,8,2,0
448,1,1,0,0,17,6,3213,0,1780,0,17,6,1,0,0,1,1,0,3,0,1313,0,3213,1313,1780,2935,0,3691,0,1,3213,1313,3691,0,,,,,0
449,1,1,0,0,17,7,2758,0,4580,0,17,7,1,1,1,1,0,0,3,3213,0,1780,3213,0,4580,2935,0,3691,1,1,3213,0,4580,0,0,0,8,3,0
450,1,1,0,0,17,8,1734,0,6068,0,17,8,1,0,0,1,1,0,4,3213,0,1780,3213,0,6068,1323,0,5612,0,1,3213,0,6068,0,,,,,0
451,1,1,0,0,17,9,228,0,5735,0,17,9,1,1,1,1,0,0,4,1734,0,6068,1734,0,6068,1323,0,5612,1,1,1734,0,6068,0,0,0,8,4,0
452,1,1,0,0,17,10,669,0,2974,0,17,10,1,0,0,1,1,0,5,1734,0,6068,1734,0,6068,1104,0,3302,0,1,1734,0,6068,0,,,,,0
453,1,1,0,0,17,11,2510,0,1948,0,17,11,1,1,1,1,0,0,5,669,0,2974,2510,0,2974,1104,0,3302,1,1,2510,0,3302,0,0,0,8,5,0
454,1,1,0,0,17,12,736,0,3062,0,17,12,1,0,0,1,1,0,6,669,0,2974,736,0,3062,507,0,4048,0,1,736,0,4048,0,,,,,0
455,1,1,0,0,17,13,1328,0,5660,0,17,13,1,1,1,1,0,0,6,736,0,3062,1328,0,5660,507,0,4048,1,1,1328,0,5660,0,0,0,8,6,0
456,1,1,0,0,17,14,2462,0,6309,0,17,14,1,0,0,1,1,0,7,736,0,3062,2462,0,6309,2945,0,6402,0,1,2945,0,6402,0,,,,,0
457,1,1,0,0,17,15,3007,0,6433,0,17,15,1,1,1,1,0,0,7,2462,0,6309,3007,0,6433,2945,0,6402,1,1,3007,0,6433,0,0,0,8,7,0
458,1,1,0,0,17,16,2984,0,6484,0,17,16,1,0,0,1,1,0,8,2462,0,6309,2984,0,6484,2983,0,6654,0,1,2984,0,6654,0,,,,,0
459,1,1,0,0,17,17,2166,0,6963,0,17,17,1,1,1,1,0,0,8,2984,0,6484,2984,0,6963,2983,0,6654,1,1,2984,0,6963,0,0,0,8,8,0
460,1,1,0,0,17,18,1598,0,7255,0,17,18,1,0,0,1,1,0,9,2984,0,6484,2984,0,7255,2768,0,6901,0,1,2984,0,7255,0,,,,,0
461,1,1,0,0,17,19,928,1332,5846,0,17,19,1,1,1,1,0,0,9,1598,0,7255,1598,1332,7255,2768,0,6901,1,1,2768,1332,7255,0,0,0,8,9,0
462,1,1,0,0,17,20,1402,1503,3521,0,17,20,1,0,0,1,1,0,10,1598,0,7255,1598,1503,7255,0,1384,4357,0,1,1598,1503,7255,0,,,,,0
463,1,1,0,0,17,21,539,2095,830,0,17,21,1,1,1,1,0,0,10,1402,1503,3521,1402,2095,3521,0,1384,4357,1,1,1402,2095,4357,0,0,0,8,10,0
464,1,1,0,0,17,22,0,1743,107,0,17,22,1,0,0,1,1,0,11,1402,1503,3521,1402,1743,3521,0,1681,360,0,1,1402,1743,3521,0,,,,,0
465,1,1,0,0,17,23,0,1681,0,0,17,23,1,1,1,1,0,0,11,0,1743,107,0,1743,107,0,1681,360,1,1,0,1743,360,0,0,0,8,11,0
466,1,1,0,0,17,24,0,1681,0,0,17,24,1,0,0,1,1,0,12,0,1743,107,0,1743,107,0,1681,0,0,1,0,1743,107,0,,,,,0
467,1,1,0,0,17,25,0,1681,0,0,17,25,1,1,1,1,0,0,12,0,1681,0,0,1681,0,0,1681,0,1,1,0,1681,0,0,0,0,8,12,0
468,1,1,0,0,18,0,0,1681,0,0,18,0,0,0,0,1,1,0,0,0,1681,0,0,1681,0,0,1681,0,0,1,0,1681,0,0,,,,,0
469,1,1,0,0,18,1,0,1681,0,0,18,1,0,1,0,1,0,1,0,0,1681,0,0,1681,0,0,1681,0,0,1,0,1681,0,0,,,,,0
470,1,1,0,0,18,2,0,1681,0,0,18,2,0,0,0,1,1,0,1,0,1681,0,0,1681,0,0,1681,0,0,1,0,1681,0,0,,,,,0
471,1,1,0,0,18,3,0,1611,0,0,18,3,0,1,0,1,0,1,1,0,1681,0,0,1681,0,0,1681,0,0,1,0,1681,0,0,,,,,0
472,1,1,0,0,18,4,0,1075,0,0,18,4,0,0,0,1,1,0,2,0,1681,0,0,1681,0,1490,1543,0,0,1,1490,1681,0,0,,,,,0
473,1,1,0,0,18,5,2388,0,213,0,18,5,0,1,0,1,0,1,2,0,1075,0,2388,1075,213,1490,1543,0,0,1,2388,1543,213,0,,,,,0
474,1,1,0,0,18,6,3023,0,1989,0,18,6,0,0,0,1,1,0,3,0,1075,0,3023,1075,1989,2935,0,3691,0,1,3023,1075,3691,0,,,,,0
475,1,1,0,0,18,7,2025,0,5059,0,18,7,0,1,0,1,0,1,3,3023,0,1989,3023,0,5059,2935,0,3691,0,1,3023,0,5059,0,,,,,0
476,1,1,0,0,18,8,891,0,6139,0,18,8,0,0,0,1,1,0,4,3023,0,1989,3023,0,6139,1323,0,5612,0,1,3023,0,6139,0,,,,,0
477,1,1,0,0,18,9,23,0,5408,0,18,9,0,1,0,1,0,1,4,891,0,6139,891,0,6139,1323,0,5612,0,1,1323,0,6139,0,,,,,0
478,1,1,0,0,18,10,2144,0,3009,0,18,10,0,0,0,1,1,0,5,891,0,6139,2144,0,6139,1104,0,3302,0,1,2144,0,6139,0,,,,,0
479,1,1,0,0,18,11,2447,0,3071,0,18,11,0,1,0,1,0,1,5,2144,0,3009,2447,0,3071,1104,0,3302,0,1,2447,0,3302,0,,,,,0
480,1,1,0,0,18,12,1108,0,4931,0,18,12,0,0,0,1,1,0,6,2144,0,3009,2144,0,4931,507,0,4048,0,1,2144,0,4931,0,,,,,0
481,1,1,0,0,18,13,2640,0,6268,0,18,13,0,1,0,1,0,1,6,1108,0,4931,2640,0,6268,507,0,4048,0,1,2640,0,6268,0,,,,,0
482,1,1,0,0,18,14,2944,0,6413,0,18,14,0,0,0,1,1,0,7,1108,0,4931,2944,0,6413,2945,0,6402,0,1,2945,0,6413,0,,,,,0
483,1,1,0,0,18,15,2981,0,6473,0,18,15,0,1,0,1,0,1,7,2944,0,6413,2981,0,6473,2945,0,6402,0,1,2981,0,6473,0,,,,,0
484,1,1,0,0,18,16,2684,0,6987,0,18,16,0,0,0,1,1,0,8,2944,0,6413,2944,0,6987,2983,0,6654,0,1,2983,0,6987,0,,,,,0
485,1,1,0,0,18,17,1323,0,7313,0,18,17,0,1,0,1,0,1,8,2684,0,6987,2684,0,7313,2983,0,6654,0,1,2983,0,7313,0,,,,,0
486,1,1,0,0,18,18,1976,2519,6364,0,18,18,0,0,0,1,1,0,9,2684,0,6987,2684,2519,6987,2768,0,6901,0,1,2768,2519,6987,0,,,,,0
487,1,1,0,0,18,19,2290,3302,3569,0,18,19,0,1,0,1,0,1,9,1976,2519,6364,2290,3302,6364,2768,0,6901,0,1,2768,3302,6901,0,,,,,0
488,1,1,0,0,18,20,1081,2013,1555,0,18,20,0,0,0,1,1,0,10,1976,2519,6364,1976,2519,6364,0,1384,4357,0,1,1976,2519,6364,0,,,,,0
489,1,1,0,0,18,21,0,1827,174,0,18,21,0,1,0,1,0,1,10,1081,2013,1555,1081,2013,1555,0,1384,4357,0,1,1081,2013,4357,0,,,,,0
490,1,1,0,0,18,22,0,1702,0,0,18,22,0,0,0,1,1,0,11,1081,2013,1555,1081,2013,1555,0,1681,360,0,1,1081,2013,1555,0,,,,,0
491,1,1,0,0,18,23,0,1681,0,0,18,23,0,1,0,1,0,1,11,0,1702,0,0,1702,0,0,1681,360,0,1,0,1702,360,0,,,,,0
492,1,1,0,0,18,24,0,1681,0,0,18,24,0,0,0,1,1,0,12,0,1702,0,0,1702,0,0,1681,0,0,1,0,1702,0,0,,,,,0
493,1,1,0,0,18,25,0,1681,0,0,18,25,0,1,0,1,0,1,12,0,1681,0,0,1681,0,0,1681,0,0,1,0,1681,0,0,,,,,0
494,1,1,0,0,19,0,0,1681,0,0,19,0,1,0,0,1,1,0,0,0,1681,0,0,1681,0,0,1681,0,0,1,0,1681,0,0,,,,,0
495,1,1,0,0,19,1,0,1681,0,0,19,1,1,1,1,1,0,0,0,0,1681,0,0,1681,0,0,1681,0,1,1,0,1681,0,0,0,0,9,0,0
496,1,1,0,0,19,2,0,1681,0,0,19,2,1,0,0,1,1,0,1,0,1681,0,0,1681,0,0,1681,0,0,1,0,1681,0,0,,,,,0
497,1,1,0,0,19,3,0,1665,0,0,19,3,1,1,1,1,0,0,1,0,1681,0,0,1681,0,0,1681,0,1,1,0,1681,0,0,0,0,9,1,0
498,1,1,0,0,19,4,0,1540,84,0,19,4,1,0,0,1,1,0,2,0,1681,0,0,1681,84,2388,1075,213,0,1,2388,1681,213,0,,,,,0
499,1,1,0,0,19,5,3296,581,997,0,19,5,1,1,1,1,0,0,2,0,1540,84,3296,1540,997,2388,1075,213,1,1,3296,1540,997,0,0,0,9,2,0
500,1,1,0,0,19,6,4085,0,2520,0,19,6,1,0,0,1,1,0,3,0,1540,84,4085,1540,2520,3023,0,5059,0,1,4085,1540,5059,0,,,,,0
501,1,1,0,0,19,7,3476,0,5342,0,19,7,1,1,1,1,0,0,3,4085,0,2520,4085,0,5342,3023,0,5059,1,1,4085,0,5342,0,0,0,9,3,0
502,1,1,0,0,19,8,1411,0,5403,0,19,8,1,0,0,1,1,0,4,4085,0,2520,4085,0,5403,891,0,6139,0,1,4085,0,6139,0,,,,,0
503,1,1,0,0,19,9,167,0,4431,0,19,9,1,1,1,1,0,0,4,1411,0,5403,1411,0,5403,891,0,6139,1,1,1411,0,6139,0,0,0,9,4,0
504,1,1,0,0,19,10,963,0,3487,0,19,10,1,0,0,1,1,0,5,1411,0,5403,1411,0,5403,2447,0,3071,0,1,2447,0,5403,0,,,,,0
505,1,1,0,0,19,11,483,0,4098,0,19,11,1,1,1,1,0,0,5,963,0,3487,963,0,4098,2447,0,3071,1,1,2447,0,4098,0,0,0,9,5,0
506,1,1,0,0,19,12,1552,0,5924,0,19,12,1,0,0,1,1,0,6,963,0,3487,1552,0,5924,2640,0,6268,0,1,2640,0,6268,0,,,,,0
507,1,1,0,0,19,13,2880,0,6403,0,19,13,1,1,1,1,0,0,6,1552,0,5924,2880,0,6403,2640,0,6268,1,1,2880,0,6403,0,0,0,9,6,0
508,1,1,0,0,19,14,2907,0,6645,0,19,14,1,0,0,1,1,0,7,1552,0,5924,2907,0,6645,2981,0,6473,0,1,2981,0,6645,0,,,,,0
509,1,1,0,0,19,15,2810,0,6973,0,19,15,1,1,1,1,0,0,7,2907,0,6645,2907,0,6973,2981,0,6473,1,1,2981,0,6973,0,0,0,9,7,0
510,1,1,0,0,19,16,1820,392,7496,0,19,16,1,0,0,1,1,0,8,2907,0,6645,2907,392,7496,2684,0,7313,0,1,2907,392,7496,0,,,,,0
511,1,1,0,0,19,17,1146,2905,6581,0,19,17,1,1,1,1,0,0,8,1820,392,7496,1820,2905,7496,2684,0,7313,1,1,2684,2905,7496,0,0,0,9,8,0
512,1,1,0,0,19,18,3098,3611,4388,0,19,18,1,0,0,1,1,0,9,1820,392,7496,3098,3611,7496,2290,3302,6364,0,1,3098,3611,7496,0,,,,,0
513,1,1,0,0,19,19,2128,3012,1553,0,19,19,1,1,1,1,0,0,9,3098,3611,4388,3098,3611,4388,2290,3302,6364,1,1,3098,3611,6364,0,0,0,9,9,0
514,1,1,0,0,19,20,216,2050,355,0,19,20,1,0,0,1,1,0,10,3098,3611,4388,3098,3611,4388,1081,2013,1555,0,1,3098,3611,4388,0,,,,,0
515,1,1,0,0,19,21,0,1720,0,0,19,21,1,1,1,1,0,0,10,216,2050,355,216,2050,355,1081,2013,1555,1,1,1081,2050,1555,0,0,0,9,10,0
516,1,1,0,0,19,22,0,1685,0,0,19,22,1,0,0,1,1,0,11,216,2050,355,216,2050,355,0,1702,0,0,1,216,2050,355,0,,,,,0
517,1,1,0,0,19,23,0,1681,0,0,19,23,1,1,1,1,0,0,11,0,1685,0,0,1685,0,0,1702,0,1,1,0,1702,0,0,0,0,9,11,0
518,1,1,0,0,19,24,0,1681,0,0,19,24,1,0,0,1,1,0,12,0,1685,0,0,1685,0,0,1681,0,0,1,0,1685,0,0,,,,,0
519,1,1,0,0,19,25,0,1681,0,0,19,25,1,1,1,1,0,0,12,0,1681,0,0,1681,0,0,1681,0,1,1,0,1681,0,0,0,0,9,12,0
520,1,1,0,0,20,0,0,1681,0,0,20,0,0,0,0,1,1,0,0,0,1681,0,0,1681,0,0,1681,0,0,1,0,1681,0,0,,,,,0
521,1,1,0,0,20,1,0,1681,0,0,20,1,0,1,0,1,0,1,0,0,1681,0,0,1681,0,0,1681,0,0,1,0,1681,0,0,,,,,0
522,1,1,0,0,20,2,0,1681,0,0,20,2,0,0,0,1,1,0,1,0,1681,0,0,1681,0,0,1681,0,0,1,0,1681,0,0,,,,,0
523,1,1,0,0,20,3,0,1720,1,0,20,3,0,1,0,1,0,1,1,0,1681,0,0,1720,1,0,1681,0,0,1,0,1720,1,0,,,,,0
524,1,1,0,0,20,4,0,1956,321,0,20,4,0,0,0,1,1,0,2,0,1681,0,0,1956,321,2388,1075,213,0,1,2388,1956,321,0,,,,,0
525,1,1,0,0,20,5,2493,2403,1915,0,20,5,0,1,0,1,0,1,2,0,1956,321,2493,2403,1915,2388,1075,213,0,1,2493,2403,1915,0,,,,,0
526,1,1,0,0,20,6,5030,2293,3278,0,20,6,0,0,0,1,1,0,3,0,1956,321,5030,2293,3278,3023,0,5059,0,1,5030,2293,5059,0,,,,,0
527,1,1,0,0,20,7,6141,0,4982,0,20,7,0,1,0,1,0,1,3,5030,2293,3278,6141,2293,4982,3023,0,5059,0,1,6141,2293,5059,0,,,,,0
528,1,1,0,0,20,8,4195,0,4938,0,20,8,0,0,0,1,1,0,4,5030,2293,3278,5030,2293,4938,891,0,6139,0,1,5030,2293,6139,0,,,,,0
529,1,1,0,0,20,9,1720,0,4428,0,20,9,0,1,0,1,0,1,4,4195,0,4938,4195,0,4938,891,0,6139,0,1,4195,0,6139,0,,,,,0
530,1,1,0,0,20,10,302,0,4830,0,20,10,0,0,0,1,1,0,5,4195,0,4938,4195,0,4938,2447,0,3071,0,1,4195,0,4938,0,,,,,0
531,1,1,0,0,20,11,914,0,5793,0,20,11,0,1,0,1,0,1,5,302,0,4830,914,0,5793,2447,0,3071,0,1,2447,0,5793,0,,,,,0
532,1,1,0,0,20,12,2661,0,6351,0,20,12,0,0,0,1,1,0,6,302,0,4830,2661,0,6351,2640,0,6268,0,1,2661,0,6351,0,,,,,0
533,1,1,0,0,20,13,2954,0,6480,0,20,13,0,1,0,1,0,1,6,2661,0,6351,2954,0,6480,2640,0,6268,0,1,2954,0,6480,0,,,,,0
534,1,1,0,0,20,14,2155,0,6960,0,20,14,0,0,0,1,1,0,7,2661,0,6351,2661,0,6960,2981,0,6473,0,1,2981,0,6960,0,,,,,0
535,1,1,0,0,20,15,1617,0,7272,0,20,15,0,1,0,1,0,1,7,2155,0,6960,2155,0,7272,2981,0,6473,0,1,2981,0,7272,0,,,,,0
536,1,1,0,0,20,16,1013,1818,6352,0,20,16,0,0,0,1,1,0,8,2155,0,6960,2155,1818,6960,2684,0,7313,0,1,2684,1818,7313,0,,,,,0
537,1,1,0,0,20,17,1864,1989,3994,0,20,17,0,1,0,1,0,1,8,1013,1818,6352,1864,1989,6352,2684,0,7313,0,1,2684,1989,7313,0,,,,,0
538,1,1,0,0,20,18,1392,2334,1114,0,20,18,0,0,0,1,1,0,9,1013,1818,6352,1392,2334,6352,2290,3302,6364,0,1,2290,3302,6364,0,,,,,0
539,1,1,0,0,20,19,0,1886,138,0,20,19,0,1,0,1,0,1,9,1392,2334,1114,1392,2334,1114,2290,3302,6364,0,1,2290,3302,6364,0,,,,,0
540,1,1,0,0,20,20,0,1716,0,0,20,20,0,0,0,1,1,0,10,1392,2334,1114,1392,2334,1114,1081,2013,1555,0,1,1392,2334,1555,0,,,,,0
541,1,1,0,0,20,21,0,1681,0,0,20,21,0,1,0,1,0,1,10,0,1716,0,0,1716,0,1081,2013,1555,0,1,1081,2013,1555,0,,,,,0
542,1,1,0,0,20,22,0,1681,0,0,20,22,0,0,0,1,1,0,11,0,1716,0,0,1716,0,0,1702,0,0,1,0,1716,0,0,,,,,0
543,1,1,0,0,20,23,0,1681,0,0,20,23,0,1,0,1,0,1,11,0,1681,0,0,1681,0,0,1702,0,0,1,0,1702,0,0,,,,,0
544,1,1,0,0,20,24,0,1681,0,0,20,24,0,0,0,1,1,0,12,0,1681,0,0,1681,0,0,1681,0,0,1,0,1681,0,0,,,,,0
545,1,1,0,0,20,25,0,1681,0,0,20,25,0,1,0,1,0,1,12,0,1681,0,0,1681,0,0,1681,0,0,1,0,1681,0,0,,,,,0
546,1,1,0,0,21,0,0,1681,0,0,21,0,1,0,0,1,1,0,0,0,1681,0,0,1681,0,0,1681,0,0,1,0,1681,0,0,,,,,0
547,1,1,0,0,21,1,0,1681,0,0,21,1,1,1,1,1,0,0,0,0,1681,0,0,1681,0,0,1681,0,1,1,0,1681,0,0,0,0,10,0,0
548,1,1,0,0,21,2,0,1681,0,0,21,2,1,0,0,1,1,0,1,0,1681,0,0,1681,0,0,1720,1,0,1,0,1720,1,0,,,,,0
549,1,1,0,0,21,3,0,1701,0,0,21,3,1,1,1,1,0,0,1,0,1681,0,0,1701,0,0,1720,1,1,1,0,1720,1,0,0,0,10,1,0
550,1,1,0,0,21,4,0,1891,183,0,21,4,1,0,0,1,1,0,2,0,1681,0,0,1891,183,2493,2403,1915,0,1,2493,2403,1915,0,,,,,0
551,1,1,0,0,21,5,937,3056,1659,0,21,5,1,1,1,1,0,0,2,0,1891,183,937,3056,1659,2493,2403,1915,1,1,2493,3056,1915,0,0,0,10,2,0
552,1,1,0,0,21,6,3926,4240,3061,0,21,6,1,0,0,1,1,0,3,0,1891,183,3926,4240,3061,6141,2293,4982,0,1,6141,4240,4982,0,,,,,0
553,1,1,0,0,21,7,7137,2079,4170,0,21,7,1,1,1,1,0,0,3,3926,4240,3061,7137,4240,4170,6141,2293,4982,1,1,7137,4240,4982,0,0,0,10,3,0
554,1,1,0,0,21,8,6199,0,5000,0,21,8,1,0,0,1,1,0,4,3926,4240,3061,6199,4240,5000,4195,0,4938,0,1,6199,4240,5000,0,,,,,0
555,1,1,0,0,21,9,3727,0,6020,0,21,9,1,1,1,1,0,0,4,6199,0,5000,6199,0,6020,4195,0,4938,1,1,6199,0,6020,0,0,0,10,4,0
556,1,1,0,0,21,10,2814,0,6236,0,21,10,1,0,0,1,1,0,5,6199,0,5000,6199,0,6236,914,0,5793,0,1,6199,0,6236,0,,,,,0
557,1,1,0,0,21,11,2849,0,6415,0,21,11,1,1,1,1,0,0,5,2814,0,6236,2849,0,6415,914,0,5793,1,1,2849,0,6415,0,0,0,10,5,0
558,1,1,0,0,21,12,3032,0,6615,0,21,12,1,0,0,1,1,0,6,2814,0,6236,3032,0,6615,2954,0,6480,0,1,3032,0,6615,0,,,,,0
559,1,1,0,0,21,13,2887,0,7171,0,21,13,1,1,1,1,0,0,6,3032,0,6615,3032,0,7171,2954,0,6480,1,1,3032,0,7171,0,0,0,10,6,0
560,1,1,0,0,21,14,1944,846,7221,0,21,14,1,0,0,1,1,0,7,3032,0,6615,3032,846,7221,2155,0,7272,0,1,3032,846,7272,0,,,,,0
561,1,1,0,0,21,15,2640,3175,6257,0,21,15,1,1,1,1,0,0,7,1944,846,7221,2640,3175,7221,2155,0,7272,1,1,2640,3175,7272,0,0,0,10,7,0
562,1,1,0,0,21,16,2351,3374,3583,0,21,16,1,0,0,1,1,0,8,1944,846,7221,2351,3374,7221,1864,1989,6352,0,1,2351,3374,7221,0,,,,,0
563,1,1,0,0,21,17,1094,1998,1506,0,21,17,1,1,1,1,0,0,8,2351,3374,3583,2351,3374,3583,1864,1989,6352,1,1,2351,3374,6352,0,0,0,10,8,0
564,1,1,0,0,21,18,0,1767,138,0,21,18,1,0,0,1,1,0,9,2351,3374,3583,2351,3374,3583,1392,2334,1114,0,1,2351,3374,3583,0,,,,,0
565,1,1,0,0,21,19,0,1685,0,0,21,19,1,1,1,1,0,0,9,0,1767,138,0,1767,138,1392,2334,1114,1,1,1392,2334,1114,0,0,0,10,9,0
566,1,1,0,0,21,20,0,1681,0,0,21,20,1,0,0,1,1,0,10,0,1767,138,0,1767,138,0,1716,0,0,1,0,1767,138,0,,,,,0
567,1,1,0,0,21,21,0,1681,0,0,21,21,1,1,1,1,0,0,10,0,1681,0,0,1681,0,0,1716,0,1,1,0,1716,0,0,0,0,10,10,0
568,1,1,0,0,21,22,0,1681,0,0,21,22,1,0,0,1,1,0,11,0,1681,0,0,1681,0,0,1681,0,0,1,0,1681,0,0,,,,,0
569,1,1,0,0,21,23,0,1681,0,0,21,23,1,1,1,1,0,0,11,0,1681,0,0,1681,0,0,1681,0,1,1,0,1681,0,0,0,0,10,11,0
570,1,1,0,0,21,24,0,1681,0,0,21,24,1,0,0,1,1,0,12,0,1681,0,0,1681,0,0,1681,0,0,1,0,1681,0,0,,,,,0
571,1,1,0,0,21,25,0,1681,0,0,21,25,1,1,1,1,0,0,12,0,1681,0,0,1681,0,0,1681,0,1,1,0,1681,0,0,0,0,10,12,0
572,1,1,0,0,22,0,0,1681,0,0,22,0,0,0,0,1,1,0,0,0,1681,0,0,1681,0,0,1681,0,0,1,0,1681,0,0,,,,,0
573,1,1,0,0,22,1,0,1681,0,0,22,1,0,1,0,1,0,1,0,0,1681,0,0,1681,0,0,1681,0,0,1,0,1681,0,0,,,,,0
574,1,1,0,0,22,2,0,1681,0,0,22,2,0,0,0,1,1,0,1,0,1681,0,0,1681,0,0,1720,1,0,1,0,1720,1,0,,,,,0
575,1,1,0,0,22,3,0,1681,0,0,22,3,0,1,0,1,0,1,1,0,1681,0,0,1681,0,0,1720,1,0,1,0,1720,1,0,,,,,0
576,1,1,0,0,22,4,0,1750,28,0,22,4,0,0,0,1,1,0,2,0,1681,0,0,1750,28,2493,2403,1915,0,1,2493,2403,1915,0,,,,,0
577,1,1,0,0,22,5,0,2641,979,0,22,5,0,1,0,1,0,1,2,0,1750,28,0,2641,979,2493,2403,1915,0,1,2493,2641,1915,0,,,,,0
578,1,1,0,0,22,6,1415,4261,2526,0,22,6,0,0,0,1,1,0,3,0,1750,28,1415,4261,2526,6141,2293,4982,0,1,6141,4261,4982,0,,,,,0
579,1,1,0,0,22,7,5957,5542,4133,0,22,7,0,1,0,1,0,1,3,1415,4261,2526,5957,5542,4133,6141,2293,4982,0,1,6141,5542,4982,0,,,,,0
580,1,1,0,0,22,8,7765,5277,4760,0,22,8,0,0,0,1,1,0,4,1415,4261,2526,7765,5277,4760,4195,0,4938,0,1,7765,5277,4938,0,,,,,0
581,1,1,0,0,22,9,7263,2966,6101,0,22,9,0,1,0,1,0,1,4,7765,5277,4760,7765,5277,6101,4195,0,4938,0,1,7765,5277,6101,0,,,,,0
582,1,1,0,0,22,10,5828,1405,6644,0,22,10,0,0,0,1,1,0,5,7765,5277,4760,7765,5277,6644,914,0,5793,0,1,7765,5277,6644,0,,,,,0
583,1,1,0,0,22,11,5436,1423,6803,0,22,11,0,1,0,1,0,1,5,5828,1405,6644,5828,1423,6803,914,0,5793,0,1,5828,1423,6803,0,,,,,0
584,1,1,0,0,22,12,4978,2234,7040,0,22,12,0,0,0,1,1,0,6,5828,1405,6644,5828,2234,7040,2954,0,6480,0,1,5828,2234,7040,0,,,,,0
585,1,1,0,0,22,13,3551,4109,7208,0,22,13,0,1,0,1,0,1,6,4978,2234,7040,4978,4109,7208,2954,0,6480,0,1,4978,4109,7208,0,,,,,0
586,1,1,0,0,22,14,3086,4652,6202,0,22,14,0,0,0,1,1,0,7,4978,2234,7040,4978,4652,7040,2155,0,7272,0,1,4978,4652,7272,0,,,,,0
587,1,1,0,0,22,15,3704,4244,3998,0,22,15,0,1,0,1,0,1,7,3086,4652,6202,3704,4652,6202,2155,0,7272,0,1,3704,4652,7272,0,,,,,0
588,1,1,0,0,22,16,2161,3042,1545,0,22,16,0,0,0,1,1,0,8,3086,4652,6202,3086,4652,6202,1864,1989,6352,0,1,3086,4652,6352,0,,,,,0
589,1,1,0,0,22,17,232,2055,345,0,22,17,0,1,0,1,0,1,8,2161,3042,1545,2161,3042,1545,1864,1989,6352,0,1,2161,3042,6352,0,,,,,0
590,1,1,0,0,22,18,0,1716,0,0,22,18,0,0,0,1,1,0,9,2161,3042,1545,2161,3042,1545,1392,2334,1114,0,1,2161,3042,1545,0,,,,,0
591,1,1,0,0,22,19,0,1681,0,0,22,19,0,1,0,1,0,1,9,0,1716,0,0,1716,0,1392,2334,1114,0,1,1392,2334,1114,0,,,,,0
592,1,1,0,0,22,20,0,1681,0,0,22,20,0,0,0,1,1,0,10,0,1716,0,0,1716,0,0,1716,0,0,1,0,1716,0,0,,,,,0
593,1,1,0,0,22,21,0,1681,0,0,22,21,0,1,0,1,0,1,10,0,1681,0,0,1681,0,0,1716,0,0,1,0,1716,0,0,,,,,0
594,1,1,0,0,22,22,0,1681,0,0,22,22,0,0,0,1,1,0,11,0,1681,0,0,1681,0,0,1681,0,0,1,0,1681,0,0,,,,,0
595,1,1,0,0,22,23,0,1681,0,0,22,23,0,1,0,1,0,1,11,0,1681,0,0,1681,0,0,1681,0,0,1,0,1681,0,0,,,,,0
596,1,1,0,0,22,24,0,1681,0,0,22,24,0,0,0,1,1,0,12,0,1681,0,0,1681,0,0,1681,0,0,1,0,1681,0,0,,,,,0
597,1,1,0,0,22,25,0,1681,0,0,22,25,0,1,0,1,0,1,12,0,1681,0,0,1681,0,0,1681,0,0,1,0,1681,0,0,,,,,0
598,1,1,0,0,23,0,0,1681,0,0,23,0,1,0,0,1,1,0,0,0,1681,0,0,1681,0,0,1681,0,0,1,0,1681,0,0,,,,,0
599,1,1,0,0,23,1,0,1681,0,0,23,1,1,1,1,1,0,0,0,0,1681,0,0,1681,0,0,1681,0,1,1,0,1681,0,0,0,0,11,0,0
600,1,1,0,0,23,2,0,1681,0,0,23,2,1,0,0,1,1,0,1,0,1681,0,0,1681,0,0,1681,0,0,1,0,1681,0,0,,,,,0
601,1,1,0,0,23,3,0,1681,0,0,23,3,1,1,1,1,0,0,1,0,1681,0,0,1681,0,0,1681,0,1,1,0,1681,0,0,0,0,11,1,0
602,1,1,0,0,23,4,0,1681,0,0,23,4,1,0,0,1,1,0,2,0,1681,0,0,1681,0,0,2641,979,0,1,0,2641,979,0,,,,,0
603,1,1,0,0,23,5,0,1895,177,0,23,5,1,1,1,1,0,0,2,0,1681,0,0,1895,177,0,2641,979,1,1,0,2641,979,0,0,0,11,2,0
604,1,1,0,0,23,6,0,2636,929,0,23,6,1,0,0,1,1,0,3,0,1681,0,0,2636,929,5957,5542,4133,0,1,5957,5542,4133,0,,,,,0
605,1,1,0,0,23,7,919,4343,2731,0,23,7,1,1,1,1,0,0,3,0,2636,929,919,4343,2731,5957,5542,4133,1,1,5957,5542,4133,0,0,0,11,3,0
606,1,1,0,0,23,8,4420,5759,4255,0,23,8,1,0,0,1,1,0,4,0,2636,929,4420,5759,4255,7765,5277,6101,0,1,7765,5759,6101,0,,,,,0
607,1,1,0,0,23,9,6338,6303,5121,0,23,9,1,1,1,1,0,0,4,4420,5759,4255,6338,6303,5121,7765,5277,6101,1,1,7765,6303,6101,0,0,0,11,4,0
608,1,1,0,0,23,10,6206,5679,5913,0,23,10,1,0,0,1,1,0,5,4420,5759,4255,6206,5759,5913,5828,1423,6803,0,1,6206,5759,6803,0,,,,,0
609,1,1,0,0,23,11,5833,5594,5985,0,23,11,1,1,1,1,0,0,5,6206,5679,5913,6206,5679,5985,5828,1423,6803,1,1,6206,5679,6803,0,0,0,11,5,0
610,1,1,0,0,23,12,5105,5493,5793,0,23,12,1,0,0,1,1,0,6,6206,5679,5913,6206,5679,5913,4978,4109,7208,0,1,6206,5679,7208,0,,,,,0
611,1,1,0,0,23,13,3724,4795,4664,0,23,13,1,1,1,1,0,0,6,5105,5493,5793,5105,5493,5793,4978,4109,7208,1,1,5105,5493,7208,0,0,0,11,6,0
612,1,1,0,0,23,14,2908,3198,2694,0,23,14,1,0,0,1,1,0,7,5105,5493,5793,5105,5493,5793,3704,4652,6202,0,1,5105,5493,6202,0,,,,,0
613,1,1,0,0,23,15,1060,2448,751,0,23,15,1,1,1,1,0,0,7,2908,3198,2694,2908,3198,2694,3704,4652,6202,1,1,3704,4652,6202,0,0,0,11,7,0
614,1,1,0,0,23,16,0,1876,115,0,23,16,1,0,0,1,1,0,8,2908,3198,2694,2908,3198,2694,2161,3042,1545,0,1,2908,3198,2694,0,,,,,0
615,1,1,0,0,23,17,0,1712,0,0,23,17,1,1,1,1,0,0,8,0,1876,115,0,1876,115,2161,3042,1545,1,1,2161,3042,1545,0,0,0,11,8,0
616,1,1,0,0,23,18,0,1681,0,0,23,18,1,0,0,1,1,0,9,0,1876,115,0,1876,115,0,1716,0,0,1,0,1876,115,0,,,,,0
617,1,1,0,0,23,19,0,1681,0,0,23,19,1,1,1,1,0,0,9,0,1681,0,0,1681,0,0,1716,0,1,1,0,1716,0,0,0,0,11,9,0
618,1,1,0,0,23,20,0,1681,0,0,23,20,1,0,0,1,1,0,10,0,1681,0,0,1681,0,0,1681,0,0,1,0,1681,0,0,,,,,0
619,1,1,0,0,23,21,0,1681,0,0,23,21,1,1,1,1,0,0,10,0,1681,0,0,1681,0,0,1681,0,1,1,0,1681,0,0,0,0,11,10,0
620,1,1,0,0,23,22,0,1681,0,0,23,22,1,0,0,1,1,0,11,0,1681,0,0,1681,0,0,1681,0,0,1,0,1681,0,0,,,,,0
621,1,1,0,0,23,23,0,1681,0,0,23,23,1,1,1,1,0,0,11,0,1681,0,0,1681,0,0,1681,0,1,1,0,1681,0,0,0,0,11,11,0
622,1,1,0,0,23,24,0,1681,0,0,23,24,1,0,0,1,1,0,12,0,1681,0,0,1681,0,0,1681,0,0,1,0,1681,0,0,,,,,0
623,1,1,0,0,23,25,0,1681,0,0,23,25,1,1,1,1,0,0,12,0,1681,0,0,1681,0,0,1681,0,1,1,0,1681,0,0,0,0,11,12,0
624,1,1,0,0,24,0,0,1681,0,0,24,0,0,0,0,1,1,0,0,0,1681,0,0,1681,0,0,1681,0,0,1,0,1681,0,0,,,,,0
625,1,1,0,0,24,1,0,1681,0,0,24,1,0,1,0,1,0,1,0,0,1681,0,0,1681,0,0,1681,0,0,1,0,1681,0,0,,,,,0
626,1,1,0,0,24,2,0,1681,0,0,24,2,0,0,0,1,1,0,1,0,1681,0,0,1681,0,0,1681,0,0,1,0,1681,0,0,,,,,0
627,1,1,0,0,24,3,0,1681,0,0,24,3,0,1,0,1,0,1,1,0,1681,0,0,1681,0,0,1681,0,0,1,0,1681,0,0,,,,,0
628,1,1,0,0,24,4,0,1681,0,0,24,4,0,0,0,1,1,0,2,0,1681,0,0,1681,0,0,2641,979,0,1,0,2641,979,0,,,,,0
629,1,1,0,0,24,5,0,1691,0,0,24,5,0,1,0,1,0,1,2,0,1681,0,0,1691,0,0,2641,979,0,1,0,2641,979,0,,,,,0
630,1,1,0,0,24,6,0,1758,37,0,24,6,0,0,0,1,1,0,3,0,1681,0,0,1758,37,5957,5542,4133,0,1,5957,5542,4133,0,,,,,0
631,1,1,0,0,24,7,0,2190,488,0,24,7,0,1,0,1,0,1,3,0,1758,37,0,2190,488,5957,5542,4133,0,1,5957,5542,4133,0,,,,,0
632,1,1,0,0,24,8,0,3275,1524,0,24,8,0,0,0,1,1,0,4,0,1758,37,0,3275,1524,7765,5277,6101,0,1,7765,5277,6101,0,,,,,0
633,1,1,0,0,24,9,1312,4284,2335,0,24,9,0,1,0,1,0,1,4,0,3275,1524,1312,4284,2335,7765,5277,6101,0,1,7765,5277,6101,0,,,,,0
634,1,1,0,0,24,10,2390,4554,2825,0,24,10,0,0,0,1,1,0,5,0,3275,1524,2390,4554,2825,5828,1423,6803,0,1,5828,4554,6803,0,,,,,0
635,1,1,0,0,24,11,2460,4447,2772,0,24,11,0,1,0,1,0,1,5,2390,4554,2825,2460,4554,2825,5828,1423,6803,0,1,5828,4554,6803,0,,,,,0
636,1,1,0,0,24,12,2107,3943,2299,0,24,12,0,0,0,1,1,0,6,2390,4554,2825,2390,4554,2825,4978,4109,7208,0,1,4978,4554,7208,0,,,,,0
637,1,1,0,0,24,13,1155,2856,1254,0,24,13,0,1,0,1,0,1,6,2107,3943,2299,2107,3943,2299,4978,4109,7208,0,1,4978,4109,7208,0,,,,,0
638,1,1,0,0,24,14,0,1945,422,0,24,14,0,0,0,1,1,0,7,2107,3943,2299,2107,3943,2299,3704,4652,6202,0,1,3704,4652,6202,0,,,,,0
639,1,1,0,0,24,15,0,1713,0,0,24,15,0,1,0,1,0,1,7,0,1945,422,0,1945,422,3704,4652,6202,0,1,3704,4652,6202,0,,,,,0
640,1,1,0,0,24,16,0,1681,0,0,24,16,0,0,0,1,1,0,8,0,1945,422,0,1945,422,2161,3042,1545,0,1,2161,3042,1545,0,,,,,0
641,1,1,0,0,24,17,0,1681,0,0,24,17,0,1,0,1,0,1,8,0,1681,0,0,1681,0,2161,3042,1545,0,1,2161,3042,1545,0,,,,,0
642,1,1,0,0,24,18,0,1681,0,0,24,18,0,0,0,1,1,0,9,0,1681,0,0,1681,0,0,1716,0,0,1,0,1716,0,0,,,,,0
643,1,1,0,0,24,19,0,1681,0,0,24,19,0,1,0,1,0,1,9,0,1681,0,0,1681,0,0,1716,0,0,1,0,1716,0,0,,,,,0
644,1,1,0,0,24,20,0,1681,0,0,24,20,0,0,0,1,1,0,10,0,1681,0,0,1681,0,0,1681,0,0,1,0,1681,0,0,,,,,0
645,1,1,0,0,24,21,0,1681,0,0,24,21,0,1,0,1,0,1,10,0,1681,0,0,1681,0,0,1681,0,0,1,0,1681,0,0,,,,,0
646,1,1,0,0,24,22,0,1681,0,0,24,22,0,0,0,1,1,0,11,0,1681,0,0,1681,0,0,1681,0,0,1,0,1681,0,0,,,,,0
647,1,1,0,0,24,23,0,1681,0,0,24,23,0,1,0,1,0,1,11,0,1681,0,0,1681,0,0,1681,0,0,1,0,1681,0,0,,,,,0
648,1,1,0,0,24,24,0,1681,0,0,24,24,0,0,0,1,1,0,12,0,1681,0,0,1681,0,0,1681,0,0,1,0,1681,0,0,,,,,0
649,1,1,0,0,24,25,0,1681,0,0,24,25,0,1,0,1,0,1,12,0,1681,0,0,1681,0,0,1681,0,0,1,0,1681,0,0,,,,,0
650,1,1,0,0,25,0,0,1681,0,0,25,0,1,0,0,1,1,0,0,0,1681,0,0,1681,0,0,1681,0,0,1,0,1681,0,0,,,,,0
651,1,1,0,0,25,1,0,1681,0,0,25,1,1,1,1,1,0,0,0,0,1681,0,0,1681,0,0,1681,0,1,1,0,1681,0,0,0,0,12,0,0
652,1,1,0,0,25,2,0,1681,0,0,25,2,1,0,0,1,1,0,1,0,1681,0,0,1681,0,0,1681,0,0,1,0,1681,0,0,,,,,0
653,1,1,0,0,25,3,0,1681,0,0,25,3,1,1,1,1,0,0,1,0,1681,0,0,1681,0,0,1681,0,1,1,0,1681,0,0,0,0,12,1,0
654,1,1,0,0,25,4,0,1681,0,0,25,4,1,0,0,1,1,0,2,0,1681,0,0,1681,0,0,1691,0,0,1,0,1691,0,0,,,,,0
655,1,1,0,0,25,5,0,1681,0,0,25,5,1,1,1,1,0,0,2,0,1681,0,0,1681,0,0,1691,0,1,1,0,1691,0,0,0,0,12,2,0
656,1,1,0,0,25,6,0,1681,0,0,25,6,1,0,0,1,1,0,3,0,1681,0,0,1681,0,0,2190,488,0,1,0,2190,488,0,,,,,0
657,1,1,0,0,25,7,0,1759,38,0,25,7,1,1,1,1,0,0,3,0,1681,0,0,1759,38,0,2190,488,1,1,0,2190,488,0,0,0,12,3,0
658,1,1,0,0,25,8,0,2062,346,0,25,8,1,0,0,1,1,0,4,0,1681,0,0,2062,346,1312,4284,2335,0,1,1312,4284,2335,0,,,,,0
659,1,1,0,0,25,9,0,2347,629,0,25,9,1,1,1,1,0,0,4,0,2062,346,0,2347,629,1312,4284,2335,1,1,1312,4284,2335,0,0,0,12,4,0
660,1,1,0,0,25,10,0,2482,735,0,25,10,1,0,0,1,1,0,5,0,2062,346,0,2482,735,2460,4554,2825,0,1,2460,4554,2825,0,,,,,0
661,1,1,0,0,25,11,0,2452,699,0,25,11,1,1,1,1,0,0,5,0,2482,735,0,2482,735,2460,4554,2825,1,1,2460,4554,2825,0,0,0,12,5,0
662,1,1,0,0,25,12,0,2292,536,0,25,12,1,0,0,1,1,0,6,0,2482,735,0,2482,735,2107,3943,2299,0,1,2107,3943,2299,0,,,,,0
663,1,1,0,0,25,13,0,1985,229,0,25,13,1,1,1,1,0,0,6,0,2292,536,0,2292,536,2107,3943,2299,1,1,2107,3943,2299,0,0,0,12,6,0
664,1,1,0,0,25,14,0,1766,19,0,25,14,1,0,0,1,1,0,7,0,2292,536,0,2292,536,0,1945,422,0,1,0,2292,536,0,,,,,0
665,1,1,0,0,25,15,0,1685,0,0,25,15,1,1,1,1,0,0,7,0,1766,19,0,1766,19,0,1945,422,1,1,0,1945,422,0,0,0,12,7,0
666,1,1,0,0,25,16,0,1681,0,0,25,16,1,0,0,1,1,0,8,0,1766,19,0,1766,19,0,1681,0,0,1,0,1766,19,0,,,,,0
667,1,1,0,0,25,17,0,1681,0,0,25,17,1,1,1,1,0,0,8,0,1681,0,0,1681,0,0,1681,0,1,1,0,1681,0,0,0,0,12,8,0
668,1,1,0,0,25,18,0,1681,0,0,25,18,1,0,0,1,1,0,9,0,1681,0,0,1681,0,0,1681,0,0,1,0,1681,0,0,,,,,0
669,1,1,0,0,25,19,0,1681,0,0,25,19,1,1,1,1,0,0,9,0,1681,0,0,1681,0,0,1681,0,1,1,0,1681,0,0,0,0,12,9,0
670,1,1,0,0,25,20,0,1681,0,0,25,20,1,0,0,1,1,0,10,0,1681,0,0,1681,0,0,1681,0,0,1,0,1681,0,0,,,,,0
671,1,1,0,0,25,21,0,1681,0,0,25,21,1,1,1,1,0,0,10,0,1681,0,0,1681,0,0,1681,0,1,1,0,1681,0,0,0,0,12,10,0
672,1,1,0,0,25,22,0,1681,0,0,25,22,1,0,0,1,1,0,11,0,1681,0,0,1681,0,0,1681,0,0,1,0,1681,0,0,,,,,0
673,1,1,0,0,25,23,0,1681,0,0,25,23,1,1,1,1,0,0,11,0,1681,0,0,1681,0,0,1681,0,1,1,0,1681,0,0,0,0,12,11,0
674,1,1,0,0,25,24,0,1681,0,0,25,24,1,0,0,1,1,0,12,0,1681,0,0,1681,0,0,1681,0,0,1,0,1681,0,0,,,,,0
675,1,1,0,0,25,25,0,1681,0,1,25,25,1,1,1,1,0,0,12,0,1681,0,0,1681,0,0,1681,0,1,1,0,1681,0,1,0,0,12,12,0
676,1,1,0,1,0,0,0,0,15,0,0,0,0,0,0,1,1,0,0,0,1681,0,0,1681,15,0,1681,0,0,1,0,1681,15,0,,,,,0
677,1,1,0,1,0,1,0,0,15,0,0,1,0,1,0,1,0,1,0,0,0,15,0,0,15,0,1681,0,0,1,0,1681,15,0,,,,,0
678,1,1,0,1,0,2,0,0,15,0,0,2,0,0,0,1,1,0,1,0,0,15,0,0,15,0,1681,0,0,1,0,1681,15,0,,,,,0
679,1,1,0,1,0,3,0,0,15,0,0,3,0,1,0,1,0,1,1,0,0,15,0,0,15,0,1681,0,0,1,0,1681,15,0,,,,,0
680,1,1,0,1,0,4,0,0,15,0,0,4,0,0,0,1,1,0,2,0,0,15,0,0,15,0,1691,0,0,1,0,1691,15,0,,,,,0
681,1,1,0,1,0,5,0,0,15,0,0,5,0,1,0,1,0,1,2,0,0,15,0,0,15,0,1691,0,0,1,0,1691,15,0,,,,,0
682,1,1,0,1,0,6,0,0,15,0,0,6,0,0,0,1,1,0,3,0,0,15,0,0,15,0,2190,488,0,1,0,2190,488,0,,,,,0
683,1,1,0,1,0,7,0,0,15,0,0,7,0,1,0,1,0,1,3,0,0,15,0,0,15,0,2190,488,0,1,0,2190,488,0,,,,,0
684,1,1,0,1,0,8,0,0,15,0,0,8,0,0,0,1,1,0,4,0,0,15,0,0,15,1312,4284,2335,0,1,1312,4284,2335,0,,,,,0
685,1,1,0,1,0,9,0,0,15,0,0,9,0,1,0,1,0,1,4,0,0,15,0,0,15,1312,4284,2335,0,1,1312,4284,2335,0,,,,,0
686,1,1,0,1,0,10,0,0,15,0,0,10,0,0,0,1,1,0,5,0,0,15,0,0,15,2460,4554,2825,0,1,2460,4554,2825,0,,,,,0
687,1,1,0,1,0,11,0,0,15,0,0,11,0,1,0,1,0,1,5,0,0,15,0,0,15,2460,4554,2825,0,1,2460,4554,2825,0,,,,,0
688,1,1,0,1,0,12,0,0,15,0,0,12,0,0,0,1,1,0,6,0,0,15,0,0,15,2107,3943,2299,0,1,2107,3943,2299,0,,,,,0
689,1,1,0,1,0,13,0,0,46,0,0,13,0,1,0,1,0,1,6,0,0,15,0,0,46,2107,3943,2299,0,1,2107,3943,2299,0,,,,,0
690,1,1,0,1,0,14,0,0,184,0,0,14,0,0,0,1,1,0,7,0,0,15,0,0,184,0,1945,422,0,1,0,1945,422,0,,,,,0
691,1,1,0,1,0,15,260,0,294,0,0,15,0,1,0,1,0,1,7,0,0,184,260,0,294,0,1945,422,0,1,260,1945,422,0,,,,,0
692,1,1,0,1,0,16,416,0,241,0,0,16,0,0,0,1,1,0,8,0,0,184,416,0,241,0,1681,0,0,1,416,1681,241,0,,,,,0
693,1,1,0,1,0,17,224,0,98,0,0,17,0,1,0,1,0,1,8,416,0,241,416,0,241,0,1681,0,0,1,416,1681,241,0,,,,,0
694,1,1,0,1,0,18,0,0,22,0,0,18,0,0,0,1,1,0,9,416,0,241,416,0,241,0,1681,0,0,1,416,1681,241,0,,,,,0
695,1,1,0,1,0,19,0,0,15,0,0,19,0,1,0,1,0,1,9,0,0,22,0,0,22,0,1681,0,0,1,0,1681,22,0,,,,,0
696,1,1,0,1,0,20,0,0,15,0,0,20,0,0,0,1,1,0,10,0,0,22,0,0,22,0,1681,0,0,1,0,1681,22,0,,,,,0
697,1,1,0,1,0,21,0,0,15,0,0,21,0,1,0,1,0,1,10,0,0,15,0,0,15,0,1681,0,0,1,0,1681,15,0,,,,,0
698,1,1,0,1,0,22,0,0,15,0,0,22,0,0,0,1,1,0,11,0,0,15,0,0,15,0,1681,0,0,1,0,1681,15,0,,,,,0
699,1,1,0,1,0,23,0,0,15,0,0,23,0,1,0,1,0,1,11,0,0,15,0,0,15,0,1681,0,0,1,0,1681,15,0,,,,,0
700,1,1,0,1,0,24,0,0,15,0,0,24,0,0,0,1,1,0,12,0,0,15,0,0,15,0,1681,0,0,1,0,1681,15,0,,,,,0
701,1,1,0,1,0,25,0,0,15,0,0,25,0,1,0,1,0,1,12,0,0,15,0,0,15,0,1681,0,0,1,0,1681,15,0,,,,,0
702,1,1,0,1,1,0,0,0,15,0,1,0,1,0,0,1,1,0,0,0,0,15,0,0,15,0,0,15,0,1,0,0,15,0,,,,,0
703,1,1,0,1,1,1,0,0,15,0,1,1,1,1,1,1,0,0,0,0,0,15,0,0,15,0,0,15,1,1,0,0,15,0,0,1,0,0,0
704,1,1,0,1,1,2,0,0,15,0,1,2,1,0,0,1,1,0,1,0,0,15,0,0,15,0,0,15,0,1,0,0,15,0,,,,,0
705,1,1,0,1,1,3,0,0,15,0,1,3,1,1,1,1,0,0,1,0,0,15,0,0,15,0,0,15,1,1,0,0,15,0,0,1,0,1,0
706,1,1,0,1,1,4,0,0,15,0,1,4,1,0,0,1,1,0,2,0,0,15,0,0,15,0,0,15,0,1,0,0,15,0,,,,,0
707,1,1,0,1,1,5,0,0,15,0,1,5,1,1,1,1,0,0,2,0,0,15,0,0,15,0,0,15,1,1,0,0,15,0,0,1,0,2,0
708,1,1,0,1,1,6,0,0,15,0,1,6,1,0,0,1,1,0,3,0,0,15,0,0,15,0,0,15,0,1,0,0,15,0,,,,,0
709,1,1,0,1,1,7,0,0,15,0,1,7,1,1,1,1,0,0,3,0,0,15,0,0,15,0,0,15,1,1,0,0,15,0,0,1,0,3,0
710,1,1,0,1,1,8,0,0,15,0,1,8,1,0,0,1,1,0,4,0,0,15,0,0,15,0,0,15,0,1,0,0,15,0,,,,,0
711,1,1,0,1,1,9,0,0,15,0,1,9,1,1,1,1,0,0,4,0,0,15,0,0,15,0,0,15,1,1,0,0,15,0,0,1,0,4,0
712,1,1,0,1,1,10,0,0,15,0,1,10,1,0,0,1,1,0,5,0,0,15,0,0,15,0,0,15,0,1,0,0,15,0,,,,,0
713,1,1,0,1,1,11,0,0,15,0,1,11,1,1,1,1,0,0,5,0,0,15,0,0,15,0,0,15,1,1,0,0,15,0,0,1,0,5,0
714,1,1,0,1,1,12,0,0,29,0,1,12,1,0,0,1,1,0,6,0,0,15,0,0,29,0,0,46,0,1,0,0,46,0,,,,,0
715,1,1,0,1,1,13,0,0,248,0,1,13,1,1,1,1,0,0,6,0,0,29,0,0,248,0,0,46,1,1,0,0,248,0,0,1,0,6,0
716,1,1,0,1,1,14,177,0,933,0,1,14,1,0,0,1,1,0,7,0,0,29,177,0,933,260,0,294,0,1,260,0,933,0,,,,,0
717,1,1,0,1,1,15,1184,260,1199,0,1,15,1,1,1,1,0,0,7,177,0,933,1184,260,1199,260,0,294,1,1,1184,260,1199,0,0,1,0,7,0
718,1,1,0,1,1,16,2357,32,815,0,1,16,1,0,0,1,1,0,8,177,0,933,2357,32,933,416,0,241,0,1,2357,32,933,0,,,,,0
719,1,1,0,1,1,17,2051,0,201,0,1,17,1,1,1,1,0,0,8,2357,32,815,2357,32,815,416,0,241,1,1,2357,32,815,0,0,1,0,8,0
720,1,1,0,1,1,18,808,0,7,0,1,18,1,0,0,1,1,0,9,2357,32,815,2357,32,815,0,0,22,0,1,2357,32,815,0,,,,,0
721,1,1,0,1,1,19,0,0,14,0,1,19,1,1,1,1,0,0,9,808,0,7,808,0,14,0,0,22,1,1,808,0,22,0,0,1,0,9,0
722,1,1,0,1,1,20,0,0,15,0,1,20,1,0,0,1,1,0,10,808,0,7,808,0,15,0,0,15,0,1,808,0,15,0,,,,,0
723,1,1,0,1,1,21,0,0,15,0,1,21,1,1,1,1,0,0,10,0,0,15,0,0,15,0,0,15,1,1,0,0,15,0,0,1,0,10,0
724,1,1,0,1,1,22,0,0,15,0,1,22,1,0,0,1,1,0,11,0,0,15,0,0,15,0,0,15,0,1,0,0,15,0,,,,,0
725,1,1,0,1,1,23,0,0,15,0,1,23,1,1,1,1,0,0,11,0,0,15,0,0,15,0,0,15,1,1,0,0,15,0,0,1,0,11,0
726,1,1,0,1,1,24,0,0,15,0,1,24,1,0,0,1,1,0,12,0,0,15,0,0,15,0,0,15,0,1,0,0,15,0,,,,,0
727,1,1,0,1,1,25,0,0,15,0,1,25,1,1,1,1,0,0,12,0,0,15,0,0,15,0,0,15,1,1,0,0,15,0,0,1,0,12,0
728,1,1,0,1,2,0,0,0,15,0,2,0,0,0,0,1,1,0,0,0,0,15,0,0,15,0,0,15,0,1,0,0,15,0,,,,,0
729,1,1,0,1,2,1,0,0,15,0,2,1,0,1,0,1,0,1,0,0,0,15,0,0,15,0,0,15,0,1,0,0,15,0,,,,,0
730,1,1,0,1,2,2,0,0,15,0,2,2,0,0,0,1,1,0,1,0,0,15,0,0,15,0,0,15,0,1,0,0,15,0,,,,,0
731,1,1,0,1,2,3,0,0,15,0,2,3,0,1,0,1,0,1,1,0,0,15,0,0,15,0,0,15,0,1,0,0,15,0,,,,,0
732,1,1,0,1,2,4,0,0,15,0,2,4,0,0,0,1,1,0,2,0,0,15,0,0,15,0,0,15,0,1,0,0,15,0,,,,,0
733,1,1,0,1,2,5,0,0,15,0,2,5,0,1,0,1,0,1,2,0,0,15,0,0,15,0,0,15,0,1,0,0,15,0,,,,,0
734,1,1,0,1,2,6,0,0,15,0,2,6,0,0,0,1,1,0,3,0,0,15,0,0,15,0,0,15,0,1,0,0,15,0,,,,,0
735,1,1,0,1,2,7,0,0,15,0,2,7,0,1,0,1,0,1,3,0,0,15,0,0,15,0,0,15,0,1,0,0,15,0,,,,,0
736,1,1,0,1,2,8,0,0,15,0,2,8,0,0,0,1,1,0,4,0,0,15,0,0,15,0,0,15,0,1,0,0,15,0,,,,,0
737,1,1,0,1,2,9,0,0,15,0,2,9,0,1,0,1,0,1,4,0,0,15,0,0,15,0,0,15,0,1,0,0,15,0,,,,,0
738,1,1,0,1,2,10,0,0,15,0,2,10,0,0,0,1,1,0,5,0,0,15,0,0,15,0,0,15,0,1,0,0,15,0,,,,,0
739,1,1,0,1,2,11,0,0,100,0,2,11,0,1,0,1,0,1,5,0,0,15,0,0,100,0,0,15,0,1,0,0,100,0,,,,,0
740,1,1,0,1,2,12,220,0,405,0,2,12,0,0,0,1,1,0,6,0,0,15,220,0,405,0,0,46,0,1,220,0,405,0,,,,,0
741,1,1,0,1,2,13,754,0,1448,0,2,13,0,1,0,1,0,1,6,220,0,405,754,0,1448,0,0,46,0,1,754,0,1448,0,,,,,0
742,1,1,0,1,2,14,753,0,3119,0,2,14,0,0,0,1,1,0,7,220,0,405,753,0,3119,260,0,294,0,1,753,0,3119,0,,,,,0
743,1,1,0,1,2,15,2398,338,3004,0,2,15,0,1,0,1,0,1,7,753,0,3119,2398,338,3119,260,0,294,0,1,2398,338,3119,0,,,,,0
744,1,1,0,1,2,16,5110,283,1519,0,2,16,0,0,0,1,1,0,8,753,0,3119,5110,283,3119,416,0,241,0,1,5110,283,3119,0,,,,,0
745,1,1,0,1,2,17,5541,554,0,0,2,17,0,1,0,1,0,1,8,5110,283,1519,5541,554,1519,416,0,241,0,1,5541,554,1519,0,,,,,0
746,1,1,0,1,2,18,3118,0,0,0,2,18,0,0,0,1,1,0,9,5110,283,1519,5110,283,1519,0,0,22,0,1,5110,283,1519,0,,,,,0
747,1,1,0,1,2,19,200,0,4,0,2,19,0,1,0,1,0,1,9,3118,0,0,3118,0,4,0,0,22,0,1,3118,0,22,0,,,,,0
748,1,1,0,1,2,20,0,0,16,0,2,20,0,0,0,1,1,0,10,3118,0,0,3118,0,16,0,0,15,0,1,3118,0,16,0,,,,,0
749,1,1,0,1,2,21,0,0,15,0,2,21,0,1,0,1,0,1,10,0,0,16,0,0,16,0,0,15,0,1,0,0,16,0,,,,,0
750,1,1,0,1,2,22,0,0,15,0,2,22,0,0,0,1,1,0,11,0,0,16,0,0,16,0,0,15,0,1,0,0,16,0,,,,,0
751,1,1,0,1,2,23,0,0,15,0,2,23,0,1,0,1,0,1,11,0,0,15,0,0,15,0,0,15,0,1,0,0,15,0,,,,,0
752,1,1,0,1,2,24,0,0,15,0,2,24,0,0,0,1,1,0,12,0,0,15,0,0,15,0,0,15,0,1,0,0,15,0,,,,,0
753,1,1,0,1,2,25,0,0,15,0,2,25,0,1,0,1,0,1,12,0,0,15,0,0,15,0,0,15,0,1,0,0,15,0,,,,,0
754,1,1,0,1,3,0,0,0,15,0,3,0,1,0,0,1,1,0,0,0,0,15,0,0,15,0,0,15,0,1,0,0,15,0,,,,,0
755,1,1,0,1,3,1,0,0,15,0,3,1,1,1,1,1,0,0,0,0,0,15,0,0,15,0,0,15,1,1,0,0,15,0,0,1,1,0,0
756,1,1,0,1,3,2,0,0,15,0,3,2,1,0,0,1,1,0,1,0,0,15,0,0,15,0,0,15,0,1,0,0,15,0,,,,,0
757,1,1,0,1,3,3,0,0,15,0,3,3,1,1,1,1,0,0,1,0,0,15,0,0,15,0,0,15,1,1,0,0,15,0,0,1,1,1,0
758,1,1,0,1,3,4,0,0,15,0,3,4,1,0,0,1,1,0,2,0,0,15,0,0,15,0,0,15,0,1,0,0,15,0,,,,,0
759,1,1,0,1,3,5,0,0,15,0,3,5,1,1,1,1,0,0,2,0,0,15,0,0,15,0,0,15,1,1,0,0,15,0,0,1,1,2,0
760,1,1,0,1,3,6,0,0,15,0,3,6,1,0,0,1,1,0,3,0,0,15,0,0,15,0,0,15,0,1,0,0,15,0,,,,,0
761,1,1,0,1,3,7,0,0,15,0,3,7,1,1,1,1,0,0,3,0,0,15,0,0,15,0,0,15,1,1,0,0,15,0,0,1,1,3,0
762,1,1,0,1,3,8,0,0,15,0,3,8,1,0,0,1,1,0,4,0,0,15,0,0,15,0,0,15,0,1,0,0,15,0,,,,,0
763,1,1,0,1,3,9,0,0,15,0,3,9,1,1,1,1,0,0,4,0,0,15,0,0,15,0,0,15,1,1,0,0,15,0,0,1,1,4,0
764,1,1,0,1,3,10,0,0,38,0,3,10,1,0,0,1,1,0,5,0,0,15,0,0,38,0,0,100,0,1,0,0,100,0,,,,,0
765,1,1,0,1,3,11,0,0,503,0,3,11,1,1,1,1,0,0,5,0,0,38,0,0,503,0,0,100,1,1,0,0,503,0,0,1,1,5,0
766,1,1,0,1,3,12,27,0,1491,0,3,12,1,0,0,1,1,0,6,0,0,38,27,0,1491,754,0,1448,0,1,754,0,1491,0,,,,,0
767,1,1,0,1,3,13,0,695,3507,0,3,13,1,1,1,1,0,0,6,27,0,1491,27,695,3507,754,0,1448,1,1,754,695,3507,0,0,1,1,6,0
768,1,1,0,1,3,14,0,2486,4968,0,3,14,1,0,0,1,1,0,7,27,0,1491,27,2486,4968,2398,338,3119,0,1,2398,2486,4968,0,,,,,0
769,1,1,0,1,3,15,1623,2375,3982,0,3,15,1,1,1,1,0,0,7,0,2486,4968,1623,2486,4968,2398,338,3119,1,1,2398,2486,4968,0,0,1,1,7,0
770,1,1,0,1,3,16,4147,2755,1220,0,3,16,1,0,0,1,1,0,8,0,2486,4968,4147,2755,4968,5541,554,1519,0,1,5541,2755,4968,0,,,,,0
771,1,1,0,1,3,17,7235,2260,0,0,3,17,1,1,1,1,0,0,8,4147,2755,1220,7235,2755,1220,5541,554,1519,1,1,7235,2755,1519,0,0,1,1,8,0
772,1,1,0,1,3,18,5649,0,0,0,3,18,1,0,0,1,1,0,9,4147,2755,1220,5649,2755,1220,3118,0,4,0,1,5649,2755,1220,0,,,,,0
773,1,1,0,1,3,19,1011,0,0,0,3,19,1,1,1,1,0,0,9,5649,0,0,5649,0,0,3118,0,4,1,1,5649,0,4,0,0,1,1,9,0
774,1,1,0,1,3,20,0,0,9,0,3,20,1,0,0,1,1,0,10,5649,0,0,5649,0,9,0,0,16,0,1,5649,0,16,0,,,,,0
775,1,1,0,1,3,21,0,0,15,0,3,21,1,1,1,1,0,0,10,0,0,9,0,0,15,0,0,16,1,1,0,0,16,0,0,1,1,10,0
776,1,1,0,1,3,22,0,0,15,0,3,22,1,0,0,1,1,0,11,0,0,9,0,0,15,0,0,15,0,1,0,0,15,0,,,,,0
777,1,1,0,1,3,23,0,0,15,0,3,23,1,1,1,1,0,0,11,0,0,15,0,0,15,0,0,15,1,1,0,0,15,0,0,1,1,11,0
778,1,1,0,1,3,24,0,0,15,0,3,24,1,0,0,1,1,0,12,0,0,15,0,0,15,0,0,15,0,1,0,0,15,0,,,,,0
779,1,1,0,1,3,25,0,0,15,0,3,25,1,1,1,1,0,0,12,0,0,15,0,0,15,0,0,15,1,1,0,0,15,0,0,1,1,12,0
780,1,1,0,1,4,0,0,0,15,0,4,0,0,0,0,1,1,0,0,0,0,15,0,0,15,0,0,15,0,1,0,0,15,0,,,,,0
781,1,1,0,1,4,1,0,0,15,0,4,1,0,1,0,1,0,1,0,0,0,15,0,0,15,0,0,15,0,1,0,0,15,0,,,,,0
782,1,1,0,1,4,2,0,0,15,0,4,2,0,0,0,1,1,0,1,0,0,15,0,0,15,0,0,15,0,1,0,0,15,0,,,,,0
783,1,1,0,1,4,3,0,0,15,0,4,3,0,1,0,1,0,1,1,0,0,15,0,0,15,0,0,15,0,1,0,0,15,0,,,,,0
784,1,1,0,1,4,4,0,0,15,0,4,4,0,0,0,1,1,0,2,0,0,15,0,0,15,0,0,15,0,1,0,0,15,0,,,,,0
785,1,1,0,1,4,5,0,0,15,0,4,5,0,1,0,1,0,1,2,0,0,15,0,0,15,0,0,15,0,1,0,0,15,0,,,,,0
786,1,1,0,1,4,6,0,0,15,0,4,6,0,0,0,1,1,0,3,0,0,15,0,0,15,0,0,15,0,1,0,0,15,0,,,,,0
787,1,1,0,1,4,7,0,0,15,0,4,7,0,1,0,1,0,1,3,0,0,15,0,0,15,0,0,15,0,1,0,0,15,0,,,,,0
788,1,1,0,1,4,8,0,0,15,0,4,8,0,0,0,1,1,0,4,0,0,15,0,0,15,0,0,15,0,1,0,0,15,0,,,,,0
789,1,1,0,1,4,9,0,0,15,0,4,9,0,1,0,1,0,1,4,0,0,15,0,0,15,0,0,15,0,1,0,0,15,0,,,,,0
790,1,1,0,1,4,10,0,0,154,0,4,10,0,0,0,1,1,0,5,0,0,15,0,0,154,0,0,100,0,1,0,0,154,0,,,,,0
791,1,1,0,1,4,11,0,0,1510,0,4,11,0,1,0,1,0,1,5,0,0,154,0,0,1510,0,0,100,0,1,0,0,1510,0,,,,,0
792,1,1,0,1,4,12,0,888,3270,0,4,12,0,0,0,1,1,0,6,0,0,154,0,888,3270,754,0,1448,0,1,754,888,3270,0,,,,,0
793,1,1,0,1,4,13,0,1013,5365,0,4,13,0,1,0,1,0,1,6,0,888,3270,0,1013,5365,754,0,1448,0,1,754,1013,5365,0,,,,,0
794,1,1,0,1,4,14,0,1590,4930,0,4,14,0,0,0,1,1,0,7,0,888,3270,0,1590,4930,2398,338,3119,0,1,2398,1590,4930,0,,,,,0
795,1,1,0,1,4,15,48,900,2726,0,4,15,0,1,0,1,0,1,7,0,1590,4930,48,1590,4930,2398,338,3119,0,1,2398,1590,4930,0,,,,,0
796,1,1,0,1,4,16,1152,1247,195,0,4,16,0,0,0,1,1,0,8,0,1590,4930,1152,1590,4930,5541,554,1519,0,1,5541,1590,4930,0,,,,,0
797,1,1,0,1,4,17,5118,1104,0,0,4,17,0,1,0,1,0,1,8,1152,1247,195,5118,1247,195,5541,554,1519,0,1,5541,1247,1519,0,,,,,0
798,1,1,0,1,4,18,5307,0,0,0,4,18,0,0,0,1,1,0,9,1152,1247,195,5307,1247,195,3118,0,4,0,1,5307,1247,195,0,,,,,0
799,1,1,0,1,4,19,1455,21,0,0,4,19,0,1,0,1,0,1,9,5307,0,0,5307,21,0,3118,0,4,0,1,5307,21,4,0,,,,,0
800,1,1,0,1,4,20,137,0,0,0,4,20,0,0,0,1,1,0,10,5307,0,0,5307,0,0,0,0,16,0,1,5307,0,16,0,,,,,0
801,1,1,0,1,4,21,0,0,15,0,4,21,0,1,0,1,0,1,10,137,0,0,137,0,15,0,0,16,0,1,137,0,16,0,,,,,0
802,1,1,0,1,4,22,0,0,15,0,4,22,0,0,0,1,1,0,11,137,0,0,137,0,15,0,0,15,0,1,137,0,15,0,,,,,0
803,1,1,0,1,4,23,0,0,15,0,4,23,0,1,0,1,0,1,11,0,0,15,0,0,15,0,0,15,0,1,0,0,15,0,,,,,0
804,1,1,0,1,4,24,0,0,15,0,4,24,0,0,0,1,1,0,12,0,0,15,0,0,15,0,0,15,0,1,0,0,15,0,,,,,0
805,1,1,0,1,4,25,0,0,15,0,4,25,0,1,0,1,0,1,12,0,0,15,0,0,15,0,0,15,0,1,0,0,15,0,,,,,0
806,1,1,0,1,5,0,0,0,15,0,5,0,1,0,0,1,1,0,0,0,0,15,0,0,15,0,0,15,0,1,0,0,15,0,,,,,0
807,1,1,0,1,5,1,0,0,15,0,5,1,1,1,1,1,0,0,0,0,0,15,0,0,15,0,0,15,1,1,0,0,15,0,0,1,2,0,0
808,1,1,0,1,5,2,0,0,15,0,5,2,1,0,0,1,1,0,1,0,0,15,0,0,15,0,0,15,0,1,0,0,15,0,,,,,0
809,1,1,0,1,5,3,0,0,15,0,5,3,1,1,1,1,0,0,1,0,0,15,0,0,15,0,0,15,1,1,0,0,15,0,0,1,2,1,0
810,1,1,0,1,5,4,0,0,15,0,5,4,1,0,0,1,1,0,2,0,0,15,0,0,15,0,0,15,0,1,0,0,15,0,,,,,0
811,1,1,0,1,5,5,0,0,15,0,5,5,1,1,1,1,0,0,2,0,0,15,0,0,15,0,0,15,1,1,0,0,15,0,0,1,2,2,0
812,1,1,0,1,5,6,0,0,15,0,5,6,1,0,0,1,1,0,3,0,0,15,0,0,15,0,0,15,0,1,0,0,15,0,,,,,0
813,1,1,0,1,5,7,0,0,15,0,5,7,1,1,1,1,0,0,3,0,0,15,0,0,15,0,0,15,1,1,0,0,15,0,0,1,2,3,0
814,1,1,0,1,5,8,0,0,20,0,5,8,1,0,0,1,1,0,4,0,0,15,0,0,20,0,0,15,0,1,0,0,20,0,,,,,0
815,1,1,0,1,5,9,0,0,55,0,5,9,1,1,1,1,0,0,4,0,0,20,0,0,55,0,0,15,1,1,0,0,55,0,0,1,2,4,0
816,1,1,0,1,5,10,0,0,732,0,5,10,1,0,0,1,1,0,5,0,0,20,0,0,732,0,0,1510,0,1,0,0,1510,0,,,,,0
817,1,1,0,1,5,11,0,0,3385,0,5,11,1,1,1,1,0,0,5,0,0,732,0,0,3385,0,0,1510,1,1,0,0,3385,0,0,1,2,5,0
818,1,1,0,1,5,12,0,973,4903,0,5,12,1,0,0,1,1,0,6,0,0,732,0,973,4903,0,1013,5365,0,1,0,1013,5365,0,,,,,0
819,1,1,0,1,5,13,0,380,5358,0,5,13,1,1,1,1,0,0,6,0,973,4903,0,973,5358,0,1013,5365,1,1,0,1013,5365,0,0,1,2,6,0
820,1,1,0,1,5,14,0,1102,3169,0,5,14,1,0,0,1,1,0,7,0,973,4903,0,1102,4903,48,1590,4930,0,1,48,1590,4930,0,,,,,0
821,1,1,0,1,5,15,0,951,691,0,5,15,1,1,1,1,0,0,7,0,1102,3169,0,1102,3169,48,1590,4930,1,1,48,1590,4930,0,0,1,2,7,0
822,1,1,0,1,5,16,0,1496,0,0,5,16,1,0,0,1,1,0,8,0,1102,3169,0,1496,3169,5118,1247,195,0,1,5118,1496,3169,0,,,,,0
823,1,1,0,1,5,17,2286,494,0,0,5,17,1,1,1,1,0,0,8,0,1496,0,2286,1496,0,5118,1247,195,1,1,5118,1496,195,0,0,1,2,8,0
824,1,1,0,1,5,18,2533,309,0,0,5,18,1,0,0,1,1,0,9,0,1496,0,2533,1496,0,5307,21,0,0,1,5307,1496,0,0,,,,,0
825,1,1,0,1,5,19,704,158,0,0,5,19,1,1,1,1,0,0,9,2533,309,0,2533,309,0,5307,21,0,1,1,5307,309,0,0,0,1,2,9,0
826,1,1,0,1,5,20,36,16,0,0,5,20,1,0,0,1,1,0,10,2533,309,0,2533,309,0,137,0,15,0,1,2533,309,15,0,,,,,0
827,1,1,0,1,5,21,0,0,15,0,5,21,1,1,1,1,0,0,10,36,16,0,36,16,15,137,0,15,1,1,137,16,15,0,0,1,2,10,0
828,1,1,0,1,5,22,0,0,15,0,5,22,1,0,0,1,1,0,11,36,16,0,36,16,15,0,0,15,0,1,36,16,15,0,,,,,0
829,1,1,0,1,5,23,0,0,15,0,5,23,1,1,1,1,0,0,11,0,0,15,0,0,15,0,0,15,1,1,0,0,15,0,0,1,2,11,0
830,1,1,0,1,5,24,0,0,15,0,5,24,1,0,0,1,1,0,12,0,0,15,0,0,15,0,0,15,0,1,0,0,15,0,,,,,0
831,1,1,0,1,5,25,0,0,15,0,5,25,1,1,1,1,0,0,12,0,0,15,0,0,15,0,0,15,1,1,0,0,15,0,0,1,2,12,0
832,1,1,0,1,6,0,0,0,15,0,6,0,0,0,0,1,1,0,0,0,0,15,0,0,15,0,0,15,0,1,0,0,15,0,,,,,0
833,1,1,0,1,6,1,0,0,15,0,6,1,0,1,0,1,0,1,0,0,0,15,0,0,15,0,0,15,0,1,0,0,15,0,,,,,0
834,1,1,0,1,6,2,0,0,15,0,6,2,0,0,0,1,1,0,1,0,0,15,0,0,15,0,0,15,0,1,0,0,15,0,,,,,0
835,1,1,0,1,6,3,0,0,15,0,6,3,0,1,0,1,0,1,1,0,0,15,0,0,15,0,0,15,0,1,0,0,15,0,,,,,0
836,1,1,0,1,6,4,0,0,15,0,6,4,0,0,0,1,1,0,2,0,0,15,0,0,15,0,0,15,0,1,0,0,15,0,,,,,0
837,1,1,0,1,6,5,0,0,15,0,6,5,0,1,0,1,0,1,2,0,0,15,0,0,15,0,0,15,0,1,0,0,15,0,,,,,0
838,1,1,0,1,6,6,0,0,15,0,6,6,0,0,0,1,1,0,3,0,0,15,0,0,15,0,0,15,0,1,0,0,15,0,,,,,0
839,1,1,0,1,6,7,0,0,15,0,6,7,0,1,0,1,0,1,3,0,0,15,0,0,15,0,0,15,0,1,0,0,15,0,,,,,0
840,1,1,0,1,6,8,0,0,123,0,6,8,0,0,0,1,1,0,4,0,0,15,0,0,123,0,0,15,0,1,0,0,123,0,,,,,0
841,1,1,0,1,6,9,243,0,524,0,6,9,0,1,0,1,0,1,4,0,0,123,243,0,524,0,0,15,0,1,243,0,524,0,,,,,0
842,1,1,0,1,6,10,0,0,2447,0,6,10,0,0,0,1,1,0,5,0,0,123,0,0,2447,0,0,1510,0,1,0,0,2447,0,,,,,0
843,1,1,0,1,6,11,0,1420,5440,0,6,11,0,1,0,1,0,1,5,0,0,2447,0,1420,5440,0,0,1510,0,1,0,1420,5440,0,,,,,0
844,1,1,0,1,6,12,0,1476,5217,0,6,12,0,0,0,1,1,0,6,0,0,2447,0,1476,5217,0,1013,5365,0,1,0,1476,5365,0,,,,,0
845,1,1,0,1,6,13,3,1468,3595,0,6,13,0,1,0,1,0,1,6,0,1476,5217,3,1476,5217,0,1013,5365,0,1,3,1476,5365,0,,,,,0
846,1,1,0,1,6,14,0,1474,1003,0,6,14,0,0,0,1,1,0,7,0,1476,5217,0,1476,5217,48,1590,4930,0,1,48,1590,5217,0,,,,,0
847,1,1,0,1,6,15,0,0,0,0,6,15,0,1,0,1,0,1,7,0,1474,1003,0,1474,1003,48,1590,4930,0,1,48,1590,4930,0,,,,,0
848,1,1,0,1,6,16,0,0,0,0,6,16,0,0,0,1,1,0,8,0,1474,1003,0,1474,1003,5118,1247,195,0,1,5118,1474,1003,0,,,,,0
849,1,1,0,1,6,17,420,0,0,0,6,17,0,1,0,1,0,1,8,0,0,0,420,0,0,5118,1247,195,0,1,5118,1247,195,0,,,,,0
850,1,1,0,1,6,18,142,0,0,0,6,18,0,0,0,1,1,0,9,0,0,0,142,0,0,5307,21,0,0,1,5307,21,0,0,,,,,0
851,1,1,0,1,6,19,0,0,0,0,6,19,0,1,0,1,0,1,9,142,0,0,142,0,0,5307,21,0,0,1,5307,21,0,0,,,,,0
852,1,1,0,1,6,20,0,0,0,0,6,20,0,0,0,1,1,0,10,142,0,0,142,0,0,137,0,15,0,1,142,0,15,0,,,,,0
853,1,1,0,1,6,21,0,0,15,0,6,21,0,1,0,1,0,1,10,0,0,0,0,0,15,137,0,15,0,1,137,0,15,0,,,,,0
854,1,1,0,1,6,22,0,0,15,0,6,22,0,0,0,1,1,0,11,0,0,0,0,0,15,0,0,15,0,1,0,0,15,0,,,,,0
855,1,1,0,1,6,23,0,0,15,0,6,23,0,1,0,1,0,1,11,0,0,15,0,0,15,0,0,15,0,1,0,0,15,0,,,,,0
856,1,1,0,1,6,24,0,0,15,0,6,24,0,0,0,1,1,0,12,0,0,15,0,0,15,0,0,15,0,1,0,0,15,0,,,,,0
857,1,1,0,1,6,25,0,0,15,0,6,25,0,1,0,1,0,1,12,0,0,15,0,0,15,0,0,15,0,1,0,0,15,0,,,,,0
858,1,1,0,1,7,0,0,0,15,0,7,0,1,0,0,1,1,0,0,0,0,15,0,0,15,0,0,15,0,1,0,0,15,0,,,,,0
859,1,1,0,1,7,1,0,0,15,0,7,1,1,1,1,1,0,0,0,0,0,15,0,0,15,0,0,15,1,1,0,0,15,0,0,1,3,0,0
860,1,1,0,1,7,2,0,0,15,0,7,2,1,0,0,1,1,0,1,0,0,15,0,0,15,0,0,15,0,1,0,0,15,0,,,,,0
861,1,1,0,1,7,3,0,0,15,0,7,3,1,1,1,1,0,0,1,0,0,15,0,0,15,0,0,15,1,1,0,0,15,0,0,1,3,1,0
862,1,1,0,1,7,4,0,0,15,0,7,4,1,0,0,1,1,0,2,0,0,15,0,0,15,0,0,15,0,1,0,0,15,0,,,,,0
863,1,1,0,1,7,5,0,0,15,0,7,5,1,1,1,1,0,0,2,0,0,15,0,0,15,0,0,15,1,1,0,0,15,0,0,1,3,2,0
864,1,1,0,1,7,6,0,0,15,0,7,6,1,0,0,1,1,0,3,0,0,15,0,0,15,0,0,15,0,1,0,0,15,0,,,,,0
865,1,1,0,1,7,7,0,0,20,0,7,7,1,1,1,1,0,0,3,0,0,15,0,0,20,0,0,15,1,1,0,0,20,0,0,1,3,3,0
866,1,1,0,1,7,8,0,0,460,0,7,8,1,0,0,1,1,0,4,0,0,15,0,0,460,243,0,524,0,1,243,0,524,0,,,,,0
867,1,1,0,1,7,9,0,168,1549,0,7,9,1,1,1,1,0,0,4,0,0,460,0,168,1549,243,0,524,1,1,243,168,1549,0,0,1,3,4,0
868,1,1,0,1,7,10,0,971,4560,0,7,10,1,0,0,1,1,0,5,0,0,460,0,971,4560,0,1420,5440,0,1,0,1420,5440,0,,,,,0
869,1,1,0,1,7,11,0,2152,6105,0,7,11,1,1,1,1,0,0,5,0,971,4560,0,2152,6105,0,1420,5440,1,1,0,2152,6105,0,0,1,3,5,0
870,1,1,0,1,7,12,0,1196,4108,0,7,12,1,0,0,1,1,0,6,0,971,4560,0,1196,4560,3,1476,5217,0,1,3,1476,5217,0,,,,,0
871,1,1,0,1,7,13,106,978,1001,0,7,13,1,1,1,1,0,0,6,0,1196,4108,106,1196,4108,3,1476,5217,1,1,106,1476,5217,0,0,1,3,6,0
872,1,1,0,1,7,14,1845,99,0,0,7,14,1,0,0,1,1,0,7,0,1196,4108,1845,1196,4108,0,1474,1003,0,1,1845,1474,4108,0,,,,,0
873,1,1,0,1,7,15,1739,0,0,0,7,15,1,1,1,1,0,0,7,1845,99,0,1845,99,0,0,1474,1003,1,1,1845,1474,1003,0,0,1,3,7,0
874,1,1,0,1,7,16,199,0,0,0,7,16,1,0,0,1,1,0,8,1845,99,0,1845,99,0,420,0,0,0,1,1845,99,0,0,,,,,0
875,1,1,0,1,7,17,250,0,0,0,7,17,1,1,1,1,0,0,8,199,0,0,250,0,0,420,0,0,1,1,420,0,0,0,0,1,3,8,0
876,1,1,0,1,7,18,0,0,0,0,7,18,1,0,0,1,1,0,9,199,0,0,199,0,0,142,0,0,0,1,199,0,0,0,,,,,0
877,1,1,0,1,7,19,0,0,0,0,7,19,1,1,1,1,0,0,9,0,0,0,0,0,0,142,0,0,1,1,142,0,0,0,0,1,3,9,0
878,1,1,0,1,7,20,0,0,15,0,7,20,1,0,0,1,1,0,10,0,0,0,0,0,15,0,0,15,0,1,0,0,15,0,,,,,0
879,1,1,0,1,7,21,0,0,15,0,7,21,1,1,1,1,0,0,10,0,0,15,0,0,15,0,0,15,1,1,0,0,15,0,0,1,3,10,0
880,1,1,0,1,7,22,0,0,15,0,7,22,1,0,0,1,1,0,11,0,0,15,0,0,15,0,0,15,0,1,0,0,15,0,,,,,0
881,1,1,0,1,7,23,0,0,15,0,7,23,1,1,1,1,0,0,11,0,0,15,0,0,15,0,0,15,1,1,0,0,15,0,0,1,3,11,0
882,1,1,0,1,7,24,0,0,15,0,7,24,1,0,0,1,1,0,12,0,0,15,0,0,15,0,0,15,0,1,0,0,15,0,,,,,0
883,1,1,0,1,7,25,0,0,15,0,7,25,1,1,1,1,0,0,12,0,0,15,0,0,15,0,0,15,1,1,0,0,15,0,0,1,3,12,0
884,1,1,0,1,8,0,0,0,15,0,8,0,0,0,0,1,1,0,0,0,0,15,0,0,15,0,0,15,0,1,0,0,15,0,,,,,0
885,1,1,0,1,8,1,0,0,15,0,8,1,0,1,0,1,0,1,0,0,0,15,0,0,15,0,0,15,0,1,0,0,15,0,,,,,0
886,1,1,0,1,8,2,0,0,15,0,8,2,0,0,0,1,1,0,1,0,0,15,0,0,15,0,0,15,0,1,0,0,15,0,,,,,0
887,1,1,0,1,8,3,0,0,15,0,8,3,0,1,0,1,0,1,1,0,0,15,0,0,15,0,0,15,0,1,0,0,15,0,,,,,0
888,1,1,0,1,8,4,0,0,15,0,8,4,0,0,0,1,1,0,2,0,0,15,0,0,15,0,0,15,0,1,0,0,15,0,,,,,0
889,1,1,0,1,8,5,0,0,15,0,8,5,0,1,0,1,0,1,2,0,0,15,0,0,15,0,0,15,0,1,0,0,15,0,,,,,0
890,1,1,0,1,8,6,0,0,15,0,8,6,0,0,0,1,1,0,3,0,0,15,0,0,15,0,0,15,0,1,0,0,15,0,,,,,0
891,1,1,0,1,8,7,0,0,172,0,8,7,0,1,0,1,0,1,3,0,0,15,0,0,172,0,0,15,0,1,0,0,172,0,,,,,0
892,1,1,0,1,8,8,0,0,1610,0,8,8,0,0,0,1,1,0,4,0,0,15,0,0,1610,243,0,524,0,1,243,0,1610,0,,,,,0
893,1,1,0,1,8,9,0,220,3637,0,8,9,0,1,0,1,0,1,4,0,0,1610,0,220,3637,243,0,524,0,1,243,220,3637,0,,,,,0
894,1,1,0,1,8,10,0,181,6034,0,8,10,0,0,0,1,1,0,5,0,0,1610,0,181,6034,0,1420,5440,0,1,0,1420,6034,0,,,,,0
895,1,1,0,1,8,11,0,1087,4516,0,8,11,0,1,0,1,0,1,5,0,181,6034,0,1087,6034,0,1420,5440,0,1,0,1420,6034,0,,,,,0
896,1,1,0,1,8,12,0,1112,1175,0,8,12,0,0,0,1,1,0,6,0,181,6034,0,1112,6034,3,1476,5217,0,1,3,1476,6034,0,,,,,0
897,1,1,0,1,8,13,0,1105,0,0,8,13,0,1,0,1,0,1,6,0,1112,1175,0,1112,1175,3,1476,5217,0,1,3,1476,5217,0,,,,,0
898,1,1,0,1,8,14,2045,0,0,0,8,14,0,0,0,1,1,0,7,0,1112,1175,2045,1112,1175,0,1474,1003,0,1,2045,1474,1175,0,,,,,0
899,1,1,0,1,8,15,2079,0,0,0,8,15,0,1,0,1,0,1,7,2045,0,0,2079,0,0,0,1474,1003,0,1,2079,1474,1003,0,,,,,0
900,1,1,0,1,8,16,341,0,0,0,8,16,0,0,0,1,1,0,8,2045,0,0,2045,0,0,420,0,0,0,1,2045,0,0,0,,,,,0
901,1,1,0,1,8,17,0,0,0,0,8,17,0,1,0,1,0,1,8,341,0,0,341,0,0,420,0,0,0,1,420,0,0,0,,,,,0
902,1,1,0,1,8,18,0,0,15,0,8,18,0,0,0,1,1,0,9,341,0,0,341,0,15,142,0,0,0,1,341,0,15,0,,,,,0
903,1,1,0,1,8,19,0,0,15,0,8,19,0,1,0,1,0,1,9,0,0,15,0,0,15,142,0,0,0,1,142,0,15,0,,,,,0
904,1,1,0,1,8,20,0,0,15,0,8,20,0,0,0,1,1,0,10,0,0,15,0,0,15,0,0,15,0,1,0,0,15,0,,,,,0
905,1,1,0,1,8,21,0,0,15,0,8,21,0,1,0,1,0,1,10,0,0,15,0,0,15,0,0,15,0,1,0,0,15,0,,,,,0
906,1,1,0,1,8,22,0,0,15,0,8,22,0,0,0,1,1,0,11,0,0,15,0,0,15,0,0,15,0,1,0,0,15,0,,,,,0
907,1,1,0,1,8,23,0,0,15,0,8,23,0,1,0,1,0,1,11,0,0,15,0,0,15,0,0,15,0,1,0,0,15,0,,,,,0
908,1,1,0,1,8,24,0,0,15,0,8,24,0,0,0,1,1,0,12,0,0,15,0,0,15,0,0,15,0,1,0,0,15,0,,,,,0
909,1,1,0,1,8,25,0,0,15,0,8,25,0,1,0,1,0,1,12,0,0,15,0,0,15,0,0,15,0,1,0,0,15,0,,,,,0
910,1,1,0,1,9,0,0,0,15,0,9,0,1,0,0,1,1,0,0,0,0,15,0,0,15,0,0,15,0,1,0,0,15,0,,,,,0
911,1,1,0,1,9,1,0,0,15,0,9,1,1,1,1,1,0,0,0,0,0,15,0,0,15,0,0,15,1,1,0,0,15,0,0,1,4,0,0
912,1,1,0,1,9,2,0,0,15,0,9,2,1,0,0,1,1,0,1,0,0,15,0,0,15,0,0,15,0,1,0,0,15,0,,,,,0
913,1,1,0,1,9,3,0,0,15,0,9,3,1,1,1,1,0,0,1,0,0,15,0,0,15,0,0,15,1,1,0,0,15,0,0,1,4,1,0
914,1,1,0,1,9,4,0,0,15,0,9,4,1,0,0,1,1,0,2,0,0,15,0,0,15,0,0,15,0,1,0,0,15,0,,,,,0
915,1,1,0,1,9,5,0,0,15,0,9,5,1,1,1,1,0,0,2,0,0,15,0,0,15,0,0,15,1,1,0,0,15,0,0,1,4,2,0
916,1,1,0,1,9,6,0,0,51,0,9,6,1,0,0,1,1,0,3,0,0,15,0,0,51,0,0,172,0,1,0,0,172,0,,,,,0
917,1,1,0,1,9,7,0,0,947,0,9,7,1,1,1,1,0,0,3,0,0,51,0,0,947,0,0,172,1,1,0,0,947,0,0,1,4,3,0
918,1,1,0,1,9,8,0,471,3654,0,9,8,1,0,0,1,1,0,4,0,0,51,0,471,3654,0,220,3637,0,1,0,471,3654,0,,,,,0
919,1,1,0,1,9,9,0,1850,5017,0,9,9,1,1,1,1,0,0,4,0,471,3654,0,1850,5017,0,220,3637,1,1,0,1850,5017,0,0,1,4,4,0
920,1,1,0,1,9,10,0,1433,5281,0,9,10,1,0,0,1,1,0,5,0,471,3654,0,1433,5281,0,1087,6034,0,1,0,1433,6034,0,,,,,0
921,1,1,0,1,9,11,0,1704,2343,0,9,11,1,1,1,1,0,0,5,0,1433,5281,0,1704,5281,0,1087,6034,1,1,0,1704,6034,0,0,1,4,5,0
922,1,1,0,1,9,12,0,0,0,0,9,12,1,0,0,1,1,0,6,0,1433,5281,0,1433,5281,0,1112,1175,0,1,0,1433,5281,0,,,,,0
923,1,1,0,1,9,13,103,0,0,0,9,13,1,1,1,1,0,0,6,0,0,0,103,0,0,0,1112,1175,1,1,103,1112,1175,0,0,1,4,6,0
924,1,1,0,1,9,14,864,0,0,0,9,14,1,0,0,1,1,0,7,0,0,0,864,0,0,2079,0,0,0,1,2079,0,0,0,,,,,0
925,1,1,0,1,9,15,222,0,0,0,9,15,1,1,1,1,0,0,7,864,0,0,864,0,0,2079,0,0,1,1,2079,0,0,0,0,1,4,7,0
926,1,1,0,1,9,16,0,0,0,0,9,16,1,0,0,1,1,0,8,864,0,0,864,0,0,341,0,0,0,1,864,0,0,0,,,,,0
927,1,1,0,1,9,17,0,0,0,0,9,17,1,1,1,1,0,0,8,0,0,0,0,0,0,341,0,0,1,1,341,0,0,0,0,1,4,8,0
928,1,1,0,1,9,18,0,0,16,0,9,18,1,0,0,1,1,0,9,0,0,0,0,0,16,0,0,15,0,1,0,0,16,0,,,,,0
929,1,1,0,1,9,19,0,0,15,0,9,19,1,1,1,1,0,0,9,0,0,16,0,0,16,0,0,15,1,1,0,0,16,0,0,1,4,9,0
930,1,1,0,1,9,20,0,0,15,0,9,20,1,0,0,1,1,0,10,0,0,16,0,0,16,0,0,15,0,1,0,0,16,0,,,,,0
931,1,1,0,1,9,21,0,0,15,0,9,21,1,1,1,1,0,0,10,0,0,15,0,0,15,0,0,15,1,1,0,0,15,0,0,1,4,10,0
932,1,1,0,1,9,22,0,0,15,0,9,22,1,0,0,1,1,0,11,0,0,15,0,0,15,0,0,15,0,1,0,0,15,0,,,,,0
933,1,1,0,1,9,23,0,0,15,0,9,23,1,1,1,1,0,0,11,0,0,15,0,0,15,0,0,15,1,1,0,0,15,0,0,1,4,11,0
934,1,1,0,1,9,24,0,0,15,0,9,24,1,0,0,1,1,0,12,0,0,15,0,0,15,0,0,15,0,1,0,0,15,0,,,,,0
935,1,1,0,1,9,25,0,0,15,0,9,25,1,1,1,1,0,0,12,0,0,15,0,0,15,0,0,15,1,1,0,0,15,0,0,1,4,12,0
936,1,1,0,1,10,0,0,0,15,0,10,0,0,0,0,1,1,0,0,0,0,15,0,0,15,0,0,15,0,1,0,0,15,0,,,,,0
937,1,1,0,1,10,1,0,0,15,0,10,1,0,1,0,1,0,1,0,0,0,15,0,0,15,0,0,15,0,1,0,0,15,0,,,,,0
938,1,1,0,1,10,2,0,0,15,0,10,2,0,0,0,1,1,0,1,0,0,15,0,0,15,0,0,15,0,1,0,0,15,0,,,,,0
939,1,1,0,1,10,3,0,0,15,0,10,3,0,1,0,1,0,1,1,0,0,15,0,0,15,0,0,15,0,1,0,0,15,0,,,,,0
940,1,1,0,1,10,4,0,0,15,0,10,4,0,0,0,1,1,0,2,0,0,15,0,0,15,0,0,15,0,1,0,0,15,0,,,,,0
941,1,1,0,1,10,5,0,0,24,0,10,5,0,1,0,1,0,1,2,0,0,15,0,0,24,0,0,15,0,1,0,0,24,0,,,,,0
942,1,1,0,1,10,6,0,0,196,0,10,6,0,0,0,1,1,0,3,0,0,15,0,0,196,0,0,172,0,1,0,0,196,0,,,,,0
943,1,1,0,1,10,7,0,0,2495,0,10,7,0,1,0,1,0,1,3,0,0,196,0,0,2495,0,0,172,0,1,0,0,2495,0,,,,,0
944,1,1,0,1,10,8,0,1756,5673,0,10,8,0,0,0,1,1,0,4,0,0,196,0,1756,5673,0,220,3637,0,1,0,1756,5673,0,,,,,0
945,1,1,0,1,10,9,0,1954,5237,0,10,9,0,1,0,1,0,1,4,0,1756,5673,0,1954,5673,0,220,3637,0,1,0,1954,5673,0,,,,,0
946,1,1,0,1,10,10,222,1397,2404,0,10,10,0,0,0,1,1,0,5,0,1756,5673,222,1756,5673,0,1087,6034,0,1,222,1756,6034,0,,,,,0
947,1,1,0,1,10,11,1559,197,0,0,10,11,0,1,0,1,0,1,5,222,1397,2404,1559,1397,2404,0,1087,6034,0,1,1559,1397,6034,0,,,,,0
948,1,1,0,1,10,12,1611,0,0,0,10,12,0,0,0,1,1,0,6,222,1397,2404,1611,1397,2404,0,1112,1175,0,1,1611,1397,2404,0,,,,,0
949,1,1,0,1,10,13,670,0,0,0,10,13,0,1,0,1,0,1,6,1611,0,0,1611,0,0,0,1112,1175,0,1,1611,1112,1175,0,,,,,0
950,1,1,0,1,10,14,573,0,0,0,10,14,0,0,0,1,1,0,7,1611,0,0,1611,0,0,2079,0,0,0,1,2079,0,0,0,,,,,0
951,1,1,0,1,10,15,0,0,0,0,10,15,0,1,0,1,0,1,7,573,0,0,573,0,0,2079,0,0,0,1,2079,0,0,0,,,,,0
952,1,1,0,1,10,16,0,0,182,0,10,16,0,0,0,1,1,0,8,573,0,0,573,0,182,341,0,0,0,1,573,0,182,0,,,,,0
953,1,1,0,1,10,17,80,115,134,0,10,17,0,1,0,1,0,1,8,0,0,182,80,115,182,341,0,0,0,1,341,115,182,0,,,,,0
954,1,1,0,1,10,18,98,0,43,0,10,18,0,0,0,1,1,0,9,0,0,182,98,0,182,0,0,15,0,1,98,0,182,0,,,,,0
955,1,1,0,1,10,19,0,0,20,0,10,19,0,1,0,1,0,1,9,98,0,43,98,0,43,0,0,15,0,1,98,0,43,0,,,,,0
956,1,1,0,1,10,20,0,0,15,0,10,20,0,0,0,1,1,0,10,98,0,43,98,0,43,0,0,15,0,1,98,0,43,0,,,,,0
957,1,1,0,1,10,21,0,0,15,0,10,21,0,1,0,1,0,1,10,0,0,15,0,0,15,0,0,15,0,1,0,0,15,0,,,,,0
958,1,1,0,1,10,22,0,0,15,0,10,22,0,0,0,1,1,0,11,0,0,15,0,0,15,0,0,15,0,1,0,0,15,0,,,,,0
959,1,1,0,1,10,23,0,0,15,0,10,23,0,1,0,1,0,1,11,0,0,15,0,0,15,0,0,15,0,1,0,0,15,0,,,,,0
960,1,1,0,1,10,24,0,0,15,0,10,24,0,0,0,1,1,0,12,0,0,15,0,0,15,0,0,15,0,1,0,0,15,0,,,,,0
961,1,1,0,1,10,25,0,0,15,0,10,25,0,1,0,1,0,1,12,0,0,15,0,0,15,0,0,15,0,1,0,0,15,0,,,,,0
962,1,1,0,1,11,0,0,0,15,0,11,0,1,0,0,1,1,0,0,0,0,15,0,0,15,0,0,15,0,1,0,0,15,0,,,,,0
963,1,1,0,1,11,1,0,0,15,0,11,1,1,1,1,1,0,0,0,0,0,15,0,0,15,0,0,15,1,1,0,0,15,0,0,1,5,0,0
964,1,1,0,1,11,2,0,0,15,0,11,2,1,0,0,1,1,0,1,0,0,15,0,0,15,0,0,15,0,1,0,0,15,0,,,,,0
965,1,1,0,1,11,3,0,0,15,0,11,3,1,1,1,1,0,0,1,0,0,15,0,0,15,0,0,15,1,1,0,0,15,0,0,1,5,1,0
966,1,1,0,1,11,4,0,0,15,0,11,4,1,0,0,1,1,0,2,0,0,15,0,0,15,0,0,24,0,1,0,0,24,0,,,,,0
967,1,1,0,1,11,5,0,0,75,0,11,5,1,1,1,1,0,0,2,0,0,15,0,0,75,0,0,24,1,1,0,0,75,0,0,1,5,2,0
968,1,1,0,1,11,6,0,0,575,0,11,6,1,0,0,1,1,0,3,0,0,15,0,0,575,0,0,2495,0,1,0,0,2495,0,,,,,0
969,1,1,0,1,11,7,0,0,4386,0,11,7,1,1,1,1,0,0,3,0,0,575,0,0,4386,0,0,2495,1,1,0,0,4386,0,0,1,5,3,0
970,1,1,0,1,11,8,0,1484,6417,0,11,8,1,0,0,1,1,0,4,0,0,575,0,1484,6417,0,1954,5673,0,1,0,1954,6417,0,,,,,0
971,1,1,0,1,11,9,0,903,3676,0,11,9,1,1,1,1,0,0,4,0,1484,6417,0,1484,6417,0,1954,5673,1,1,0,1954,6417,0,0,1,5,4,0
972,1,1,0,1,11,10,807,1428,0,0,11,10,1,0,0,1,1,0,5,0,1484,6417,807,1484,6417,1559,1397,2404,0,1,1559,1484,6417,0,,,,,0
973,1,1,0,1,11,11,3433,0,0,0,11,11,1,1,1,1,0,0,5,807,1428,0,3433,1428,0,1559,1397,2404,1,1,3433,1428,2404,0,0,1,5,5,0
974,1,1,0,1,11,12,2624,0,0,0,11,12,1,0,0,1,1,0,6,807,1428,0,2624,1428,0,1611,0,0,0,1,2624,1428,0,0,,,,,0
975,1,1,0,1,11,13,562,0,0,0,11,13,1,1,1,1,0,0,6,2624,0,0,2624,0,0,1611,0,0,1,1,2624,0,0,0,0,1,5,6,0
976,1,1,0,1,11,14,867,0,120,0,11,14,1,0,0,1,1,0,7,2624,0,0,2624,0,120,573,0,0,0,1,2624,0,120,0,,,,,0
977,1,1,0,1,11,15,1561,0,1135,0,11,15,1,1,1,1,0,0,7,867,0,120,1561,0,1135,573,0,0,1,1,1561,0,1135,0,0,1,5,7,0
978,1,1,0,1,11,16,2465,0,1642,0,11,16,1,0,0,1,1,0,8,867,0,120,2465,0,1642,80,115,182,0,1,2465,115,1642,0,,,,,0
979,1,1,0,1,11,17,2852,0,1005,0,11,17,1,1,1,1,0,0,8,2465,0,1642,2852,0,1642,80,115,182,1,1,2852,115,1642,0,0,1,5,8,0
980,1,1,0,1,11,18,2545,0,302,0,11,18,1,0,0,1,1,0,9,2465,0,1642,2545,0,1642,98,0,43,0,1,2545,0,1642,0,,,,,0
981,1,1,0,1,11,19,715,0,89,0,11,19,1,1,1,1,0,0,9,2545,0,302,2545,0,302,98,0,43,1,1,2545,0,302,0,0,1,5,9,0
982,1,1,0,1,11,20,0,0,16,0,11,20,1,0,0,1,1,0,10,2545,0,302,2545,0,302,0,0,15,0,1,2545,0,302,0,,,,,0
983,1,1,0,1,11,21,0,0,15,0,11,21,1,1,1,1,0,0,10,0,0,16,0,0,16,0,0,15,1,1,0,0,16,0,0,1,5,10,0
984,1,1,0,1,11,22,0,0,15,0,11,22,1,0,0,1,1,0,11,0,0,16,0,0,16,0,0,15,0,1,0,0,16,0,,,,,0
985,1,1,0,1,11,23,0,0,15,0,11,23,1,1,1,1,0,0,11,0,0,15,0,0,15,0,0,15,1,1,0,0,15,0,0,1,5,11,0
986,1,1,0,1,11,24,0,0,15,0,11,24,1,0,0,1,1,0,12,0,0,15,0,0,15,0,0,15,0,1,0,0,15,0,,,,,0
987,1,1,0,1,11,25,0,0,15,0,11,25,1,1,1,1,0,0,12,0,0,15,0,0,15,0,0,15,1,1,0,0,15,0,0,1,5,12,0
988,1,1,0,1,12,0,0,0,15,0,12,0,0,0,0,1,1,0,0,0,0,15,0,0,15,0,0,15,0,1,0,0,15,0,,,,,0
989,1,1,0,1,12,1,0,0,15,0,12,1,0,1,0,1,0,1,0,0,0,15,0,0,15,0,0,15,0,1,0,0,15,0,,,,,0
990,1,1,0,1,12,2,0,0,15,0,12,2,0,0,0,1,1,0,1,0,0,15,0,0,15,0,0,15,0,1,0,0,15,0,,,,,0
991,1,1,0,1,12,3,0,0,15,0,12,3,0,1,0,1,0,1,1,0,0,15,0,0,15,0,0,15,0,1,0,0,15,0,,,,,0
992,1,1,0,1,12,4,0,0,15,0,12,4,0,0,0,1,1,0,2,0,0,15,0,0,15,0,0,24,0,1,0,0,24,0,,,,,0
993,1,1,0,1,12,5,0,0,255,0,12,5,0,1,0,1,0,1,2,0,0,15,0,0,255,0,0,24,0,1,0,0,255,0,,,,,0
994,1,1,0,1,12,6,0,0,1299,0,12,6,0,0,0,1,1,0,3,0,0,15,0,0,1299,0,0,2495,0,1,0,0,2495,0,,,,,0
995,1,1,0,1,12,7,0,0,5539,0,12,7,0,1,0,1,0,1,3,0,0,1299,0,0,5539,0,0,2495,0,1,0,0,5539,0,,,,,0
996,1,1,0,1,12,8,0,1745,5925,0,12,8,0,0,0,1,1,0,4,0,0,1299,0,1745,5925,0,1954,5673,0,1,0,1954,5925,0,,,,,0
997,1,1,0,1,12,9,0,1086,2285,0,12,9,0,1,0,1,0,1,4,0,1745,5925,0,1745,5925,0,1954,5673,0,1,0,1954,5925,0,,,,,0
998,1,1,0,1,12,10,2005,671,0,0,12,10,0,0,0,1,1,0,5,0,1745,5925,2005,1745,5925,1559,1397,2404,0,1,2005,1745,5925,0,,,,,0
999,1,1,0,1,12,11,3904,0,0,0,12,11,0,1,0,1,0,1,5,2005,671,0,3904,671,0,1559,1397,2404,0,1,3904,1397,2404,0,,,,,0
1000,1,1,0,1,12,12,1869,0,0,0,12,12,0,0,0,1,1,0,6,2005,671,0,2005,671,0,1611,0,0,0,1,2005,671,0,0,,,,,0
1001,1,1,0,1,12,13,943,0,726,0,12,13,0,1,0,1,0,1,6,1869,0,0,1869,0,726,1611,0,0,0,1,1869,0,726,0,,,,,0
1002,1,1,0,1,12,14,1228,92,2659,0,12,14,0,0,0,1,1,0,7,1869,0,0,1869,92,2659,573,0,0,0,1,1869,92,2659,0,,,,,0
1003,1,1,0,1,12,15,2831,910,2988,0,12,15,0,1,0,1,0,1,7,1228,92,2659,2831,910,2988,573,0,0,0,1,2831,910,2988,0,,,,,0
1004,1,1,0,1,12,16,3767,1489,3406,0,12,16,0,0,0,1,1,0,8,1228,92,2659,3767,1489,3406,80,115,182,0,1,3767,1489,3406,0,,,,,0
1005,1,1,0,1,12,17,5754,1721,1348,0,12,17,0,1,0,1,0,1,8,3767,1489,3406,5754,1721,3406,80,115,182,0,1,5754,1721,3406,0,,,,,0
1006,1,1,0,1,12,18,6663,302,202,0,12,18,0,0,0,1,1,0,9,3767,1489,3406,6663,1489,3406,98,0,43,0,1,6663,1489,3406,0,,,,,0
1007,1,1,0,1,12,19,3468,0,128,0,12,19,0,1,0,1,0,1,9,6663,302,202,6663,302,202,98,0,43,0,1,6663,302,202,0,,,,,0
1008,1,1,0,1,12,20,1168,0,64,0,12,20,0,0,0,1,1,0,10,6663,302,202,6663,302,202,0,0,15,0,1,6663,302,202,0,,,,,0
1009,1,1,0,1,12,21,0,0,36,0,12,21,0,1,0,1,0,1,10,1168,0,64,1168,0,64,0,0,15,0,1,1168,0,64,0,,,,,0
1010,1,1,0,1,12,22,0,0,16,0,12,22,0,0,0,1,1,0,11,1168,0,64,1168,0,64,0,0,15,0,1,1168,0,64,0,,,,,0
1011,1,1,0,1,12,23,0,0,15,0,12,23,0,1,0,1,0,1,11,0,0,16,0,0,16,0,0,15,0,1,0,0,16,0,,,,,0
1012,1,1,0,1,12,24,0,0,15,0,12,24,0,0,0,1,1,0,12,0,0,16,0,0,16,0,0,15,0,1,0,0,16,0,,,,,0
1013,1,1,0,1,12,25,0,0,15,0,12,25,0,1,0,1,0,1,12,0,0,15,0,0,15,0,0,15,0,1,0,0,15,0,,,,,0
1014,1,1,0,1,13,0,0,0,15,0,13,0,1,0,0,1,1,0,0,0,0,15,0,0,15,0,0,15,0,1,0,0,15,0,,,,,0
1015,1,1,0,1,13,1,0,0,15,0,13,1,1,1,1,1,0,0,0,0,0,15,0,0,15,0,0,15,1,1,0,0,15,0,0,1,6,0,0
1016,1,1,0,1,13,2,0,0,15,0,13,2,1,0,0,1,1,0,1,0,0,15,0,0,15,0,0,15,0,1,0,0,15,0,,,,,0
1017,1,1,0,1,13,3,0,0,15,0,13,3,1,1,1,1,0,0,1,0,0,15,0,0,15,0,0,15,1,1,0,0,15,0,0,1,6,1,0
1018,1,1,0,1,13,4,0,0,15,0,13,4,1,0,0,1,1,0,2,0,0,15,0,0,15,0,0,255,0,1,0,0,255,0,,,,,0
1019,1,1,0,1,13,5,0,0,583,0,13,5,1,1,1,1,0,0,2,0,0,15,0,0,583,0,0,255,1,1,0,0,583,0,0,1,6,2,0
1020,1,1,0,1,13,6,0,277,2166,0,13,6,1,0,0,1,1,0,3,0,0,15,0,277,2166,0,0,5539,0,1,0,277,5539,0,,,,,0
1021,1,1,0,1,13,7,0,292,5972,0,13,7,1,1,1,1,0,0,3,0,277,2166,0,292,5972,0,0,5539,1,1,0,292,5972,0,0,1,6,3,0
1022,1,1,0,1,13,8,0,1855,4873,0,13,8,1,0,0,1,1,0,4,0,277,2166,0,1855,4873,0,1745,5925,0,1,0,1855,5925,0,,,,,0
1023,1,1,0,1,13,9,481,590,381,0,13,9,1,1,1,1,0,0,4,0,1855,4873,481,1855,4873,0,1745,5925,1,1,481,1855,5925,0,0,1,6,4,0
1024,1,1,0,1,13,10,3580,0,0,0,13,10,1,0,0,1,1,0,5,0,1855,4873,3580,1855,4873,3904,671,0,0,1,3904,1855,4873,0,,,,,0
1025,1,1,0,1,13,11,3550,0,0,0,13,11,1,1,1,1,0,0,5,3580,0,0,3580,0,0,3904,671,0,1,1,3904,671,0,0,0,1,6,5,0
1026,1,1,0,1,13,12,350,0,0,0,13,12,1,0,0,1,1,0,6,3580,0,0,3580,0,0,1869,0,726,0,1,3580,0,726,0,,,,,0
1027,1,1,0,1,13,13,0,790,3391,0,13,13,1,1,1,1,0,0,6,350,0,0,350,790,3391,1869,0,726,1,1,1869,790,3391,0,0,1,6,6,0
1028,1,1,0,1,13,14,0,2673,4991,0,13,14,1,0,0,1,1,0,7,350,0,0,350,2673,4991,2831,910,2988,0,1,2831,2673,4991,0,,,,,0
1029,1,1,0,1,13,15,1357,2263,4196,0,13,15,1,1,1,1,0,0,7,0,2673,4991,1357,2673,4991,2831,910,2988,1,1,2831,2673,4991,0,0,1,6,7,0
1030,1,1,0,1,13,16,1840,1981,3249,0,13,16,1,0,0,1,1,0,8,0,2673,4991,1840,2673,4991,5754,1721,3406,0,1,5754,2673,4991,0,,,,,0
1031,1,1,0,1,13,17,4295,1678,518,0,13,17,1,1,1,1,0,0,8,1840,1981,3249,4295,1981,3249,5754,1721,3406,1,1,5754,1981,3406,0,0,1,6,8,0
1032,1,1,0,1,13,18,7382,866,0,0,13,18,1,0,0,1,1,0,9,1840,1981,3249,7382,1981,3249,6663,302,202,0,1,7382,1981,3249,0,,,,,0
1033,1,1,0,1,13,19,6978,672,0,0,13,19,1,1,1,1,0,0,9,7382,866,0,7382,866,0,6663,302,202,1,1,7382,866,202,0,0,1,6,9,0
1034,1,1,0,1,13,20,4411,0,0,0,13,20,1,0,0,1,1,0,10,7382,866,0,7382,866,0,1168,0,64,0,1,7382,866,64,0,,,,,0
1035,1,1,0,1,13,21,1278,0,87,0,13,21,1,1,1,1,0,0,10,4411,0,0,4411,0,87,1168,0,64,1,1,4411,0,87,0,0,1,6,10,0
1036,1,1,0,1,13,22,117,0,10,0,13,22,1,0,0,1,1,0,11,4411,0,0,4411,0,10,0,0,16,0,1,4411,0,16,0,,,,,0
1037,1,1,0,1,13,23,0,0,15,0,13,23,1,1,1,1,0,0,11,117,0,10,117,0,15,0,0,16,1,1,117,0,16,0,0,1,6,11,0
1038,1,1,0,1,13,24,0,0,15,0,13,24,1,0,0,1,1,0,12,117,0,10,117,0,15,0,0,15,0,1,117,0,15,0,,,,,0
1039,1,1,0,1,13,25,0,0,15,0,13,25,1,1,1,1,0,0,12,0,0,15,0,0,15,0,0,15,1,1,0,0,15,0,0,1,6,12,0
1040,1,1,0,1,14,0,0,0,15,0,14,0,0,0,0,1,1,0,0,0,0,15,0,0,15,0,0,15,0,1,0,0,15,0,,,,,0
1041,1,1,0,1,14,1,0,0,15,0,14,1,0,1,0,1,0,1,0,0,0,15,0,0,15,0,0,15,0,1,0,0,15,0,,,,,0
1042,1,1,0,1,14,2,0,0,15,0,14,2,0,0,0,1,1,0,1,0,0,15,0,0,15,0,0,15,0,1,0,0,15,0,,,,,0
1043,1,1,0,1,14,3,0,0,15,0,14,3,0,1,0,1,0,1,1,0,0,15,0,0,15,0,0,15,0,1,0,0,15,0,,,,,0
1044,1,1,0,1,14,4,0,0,24,0,14,4,0,0,0,1,1,0,2,0,0,15,0,0,24,0,0,255,0,1,0,0,255,0,,,,,0
1045,1,1,0,1,14,5,0,0,1119,0,14,5,0,1,0,1,0,1,2,0,0,24,0,0,1119,0,0,255,0,1,0,0,1119,0,,,,,0
1046,1,1,0,1,14,6,0,0,3188,0,14,6,0,0,0,1,1,0,3,0,0,24,0,0,3188,0,0,5539,0,1,0,0,5539,0,,,,,0
1047,1,1,0,1,14,7,0,0,5965,0,14,7,0,1,0,1,0,1,3,0,0,3188,0,0,5965,0,0,5539,0,1,0,0,5965,0,,,,,0
1048,1,1,0,1,14,8,0,981,3590,0,14,8,0,0,0,1,1,0,4,0,0,3188,0,981,3590,0,1745,5925,0,1,0,1745,5925,0,,,,,0
1049,1,1,0,1,14,9,2310,254,0,0,14,9,0,1,0,1,0,1,4,0,981,3590,2310,981,3590,0,1745,5925,0,1,2310,1745,5925,0,,,,,0
1050,1,1,0,1,14,10,4966,0,0,0,14,10,0,0,0,1,1,0,5,0,981,3590,4966,981,3590,3904,671,0,0,1,4966,981,3590,0,,,,,0
1051,1,1,0,1,14,11,2783,0,0,0,14,11,0,1,0,1,0,1,5,4966,0,0,4966,0,0,3904,671,0,0,1,4966,671,0,0,,,,,0
1052,1,1,0,1,14,12,0,163,2343,0,14,12,0,0,0,1,1,0,6,4966,0,0,4966,163,2343,1869,0,726,0,1,4966,163,2343,0,,,,,0
1053,1,1,0,1,14,13,0,1023,5294,0,14,13,0,1,0,1,0,1,6,0,163,2343,0,1023,5294,1869,0,726,0,1,1869,1023,5294,0,,,,,0
1054,1,1,0,1,14,14,0,1954,4964,0,14,14,0,0,0,1,1,0,7,0,163,2343,0,1954,4964,2831,910,2988,0,1,2831,1954,4964,0,,,,,0
1055,1,1,0,1,14,15,65,841,2817,0,14,15,0,1,0,1,0,1,7,0,1954,4964,65,1954,4964,2831,910,2988,0,1,2831,1954,4964,0,,,,,0
1056,1,1,0,1,14,16,341,492,1637,0,14,16,0,0,0,1,1,0,8,0,1954,4964,341,1954,4964,5754,1721,3406,0,1,5754,1954,4964,0,,,,,0
1057,1,1,0,1,14,17,1560,938,480,0,14,17,0,1,0,1,0,1,8,341,492,1637,1560,938,1637,5754,1721,3406,0,1,5754,1721,3406,0,,,,,0
1058,1,1,0,1,14,18,3667,1724,0,0,14,18,0,0,0,1,1,0,9,341,492,1637,3667,1724,1637,6663,302,202,0,1,6663,1724,1637,0,,,,,0
1059,1,1,0,1,14,19,6416,2687,0,0,14,19,0,1,0,1,0,1,9,3667,1724,0,6416,2687,0,6663,302,202,0,1,6663,2687,202,0,,,,,0
1060,1,1,0,1,14,20,6514,884,0,0,14,20,0,0,0,1,1,0,10,3667,1724,0,6514,1724,0,1168,0,64,0,1,6514,1724,64,0,,,,,0
1061,1,1,0,1,14,21,2966,20,0,0,14,21,0,1,0,1,0,1,10,6514,884,0,6514,884,0,1168,0,64,0,1,6514,884,64,0,,,,,0
1062,1,1,0,1,14,22,619,0,0,0,14,22,0,0,0,1,1,0,11,6514,884,0,6514,884,0,0,0,16,0,1,6514,884,16,0,,,,,0
1063,1,1,0,1,14,23,0,0,15,0,14,23,0,1,0,1,0,1,11,619,0,0,619,0,15,0,0,16,0,1,619,0,16,0,,,,,0
1064,1,1,0,1,14,24,0,0,15,0,14,24,0,0,0,1,1,0,12,619,0,0,619,0,15,0,0,15,0,1,619,0,15,0,,,,,0
1065,1,1,0,1,14,25,0,0,15,0,14,25,0,1,0,1,0,1,12,0,0,15,0,0,15,0,0,15,0,1,0,0,15,0,,,,,0
1066,1,1,0,1,15,0,0,0,15,0,15,0,1,0,0,1,1,0,0,0,0,15,0,0,15,0,0,15,0,1,0,0,15,0,,,,,0
1067,1,1,0,1,15,1,0,0,15,0,15,1,1,1,1,1,0,0,0,0,0,15,0,0,15,0,0,15,1,1,0,0,15,0,0,1,7,0,0
1068,1,1,0,1,15,2,0,0,15,0,15,2,1,0,0,1,1,0,1,0,0,15,0,0,15,0,0,15,0,1,0,0,15,0,,,,,0
1069,1,1,0,1,15,3,0,0,15,0,15,3,1,1,1,1,0,0,1,0,0,15,0,0,15,0,0,15,1,1,0,0,15,0,0,1,7,1,0
1070,1,1,0,1,15,4,0,0,53,0,15,4,1,0,0,1,1,0,2,0,0,15,0,0,53,0,0,1119,0,1,0,0,1119,0,,,,,0
1071,1,1,0,1,15,5,0,0,1857,0,15,5,1,1,1,1,0,0,2,0,0,53,0,0,1857,0,0,1119,1,1,0,0,1857,0,0,1,7,2,0
1072,1,1,0,1,15,6,0,643,4011,0,15,6,1,0,0,1,1,0,3,0,0,53,0,643,4011,0,0,5965,0,1,0,643,5965,0,,,,,0
1073,1,1,0,1,15,7,0,813,5772,0,15,7,1,1,1,1,0,0,3,0,643,4011,0,813,5772,0,0,5965,1,1,0,813,5965,0,0,1,7,3,0
1074,1,1,0,1,15,8,0,1010,3161,0,15,8,1,0,0,1,1,0,4,0,643,4011,0,1010,4011,2310,981,3590,0,1,2310,1010,4011,0,,,,,0
1075,1,1,0,1,15,9,3327,655,0,0,15,9,1,1,1,1,0,0,4,0,1010,3161,3327,1010,3161,2310,981,3590,1,1,3327,1010,3590,0,0,1,7,4,0
1076,1,1,0,1,15,10,5700,50,0,0,15,10,1,0,0,1,1,0,5,0,1010,3161,5700,1010,3161,4966,0,0,0,1,5700,1010,3161,0,,,,,0
1077,1,1,0,1,15,11,3041,0,0,0,15,11,1,1,1,1,0,0,5,5700,50,0,5700,50,0,4966,0,0,1,1,5700,50,0,0,0,1,7,5,0
1078,1,1,0,1,15,12,0,68,4211,0,15,12,1,0,0,1,1,0,6,5700,50,0,5700,68,4211,0,1023,5294,0,1,5700,1023,5294,0,,,,,0
1079,1,1,0,1,15,13,0,0,6040,0,15,13,1,1,1,1,0,0,6,0,68,4211,0,68,6040,0,1023,5294,1,1,0,1023,6040,0,0,1,7,6,0
1080,1,1,0,1,15,14,0,428,3898,0,15,14,1,0,0,1,1,0,7,0,68,4211,0,428,4211,65,1954,4964,0,1,65,1954,4964,0,,,,,0
1081,1,1,0,1,15,15,220,392,1599,0,15,15,1,1,1,1,0,0,7,0,428,3898,220,428,3898,65,1954,4964,1,1,220,1954,4964,0,0,1,7,7,0
1082,1,1,0,1,15,16,309,398,1485,0,15,16,1,0,0,1,1,0,8,0,428,3898,309,428,3898,1560,938,1637,0,1,1560,938,3898,0,,,,,0
1083,1,1,0,1,15,17,398,451,1386,0,15,17,1,1,1,1,0,0,8,309,398,1485,398,451,1485,1560,938,1637,1,1,1560,938,1637,0,0,1,7,8,0
1084,1,1,0,1,15,18,757,649,1065,0,15,18,1,0,0,1,1,0,9,309,398,1485,757,649,1485,6416,2687,0,0,1,6416,2687,1485,0,,,,,0
1085,1,1,0,1,15,19,3791,1520,0,0,15,19,1,1,1,1,0,0,9,757,649,1065,3791,1520,1065,6416,2687,0,1,1,6416,2687,1065,0,0,1,7,9,0
1086,1,1,0,1,15,20,5705,0,0,0,15,20,1,0,0,1,1,0,10,757,649,1065,5705,649,1065,6514,884,0,0,1,6514,884,1065,0,,,,,0
1087,1,1,0,1,15,21,3111,0,0,0,15,21,1,1,1,1,0,0,10,5705,0,0,5705,0,0,6514,884,0,1,1,6514,884,0,0,0,1,7,10,0
1088,1,1,0,1,15,22,747,0,0,0,15,22,1,0,0,1,1,0,11,5705,0,0,5705,0,0,619,0,15,0,1,5705,0,15,0,,,,,0
1089,1,1,0,1,15,23,0,0,15,0,15,23,1,1,1,1,0,0,11,747,0,0,747,0,15,619,0,15,1,1,747,0,15,0,0,1,7,11,0
1090,1,1,0,1,15,24,0,0,15,0,15,24,1,0,0,1,1,0,12,747,0,0,747,0,15,0,0,15,0,1,747,0,15,0,,,,,0
1091,1,1,0,1,15,25,0,0,15,0,15,25,1,1,1,1,0,0,12,0,0,15,0,0,15,0,0,15,1,1,0,0,15,0,0,1,7,12,0
1092,1,1,0,1,16,0,0,0,15,0,16,0,0,0,0,1,1,0,0,0,0,15,0,0,15,0,0,15,0,1,0,0,15,0,,,,,0
1093,1,1,0,1,16,1,0,0,15,0,16,1,0,1,0,1,0,1,0,0,0,15,0,0,15,0,0,15,0,1,0,0,15,0,,,,,0
1094,1,1,0,1,16,2,0,0,15,0,16,2,0,0,0,1,1,0,1,0,0,15,0,0,15,0,0,15,0,1,0,0,15,0,,,,,0
1095,1,1,0,1,16,3,0,0,15,0,16,3,0,1,0,1,0,1,1,0,0,15,0,0,15,0,0,15,0,1,0,0,15,0,,,,,0
1096,1,1,0,1,16,4,0,0,121,0,16,4,0,0,0,1,1,0,2,0,0,15,0,0,121,0,0,1119,0,1,0,0,1119,0,,,,,0
1097,1,1,0,1,16,5,0,0,2900,0,16,5,0,1,0,1,0,1,2,0,0,121,0,0,2900,0,0,1119,0,1,0,0,2900,0,,,,,0
1098,1,1,0,1,16,6,0,1265,4980,0,16,6,0,0,0,1,1,0,3,0,0,121,0,1265,4980,0,0,5965,0,1,0,1265,5965,0,,,,,0
1099,1,1,0,1,16,7,0,1271,4873,0,16,7,0,1,0,1,0,1,3,0,1265,4980,0,1271,4980,0,0,5965,0,1,0,1271,5965,0,,,,,0
1100,1,1,0,1,16,8,0,1301,2084,0,16,8,0,0,0,1,1,0,4,0,1265,4980,0,1301,4980,2310,981,3590,0,1,2310,1301,4980,0,,,,,0
1101,1,1,0,1,16,9,3345,615,0,0,16,9,0,1,0,1,0,1,4,0,1301,2084,3345,1301,2084,2310,981,3590,0,1,3345,1301,3590,0,,,,,0
1102,1,1,0,1,16,10,5643,0,0,0,16,10,0,0,0,1,1,0,5,0,1301,2084,5643,1301,2084,4966,0,0,0,1,5643,1301,2084,0,,,,,0
1103,1,1,0,1,16,11,2044,0,1161,0,16,11,0,1,0,1,0,1,5,5643,0,0,5643,0,1161,4966,0,0,0,1,5643,0,1161,0,,,,,0
1104,1,1,0,1,16,12,0,1780,5070,0,16,12,0,0,0,1,1,0,6,5643,0,0,5643,1780,5070,0,1023,5294,0,1,5643,1780,5294,0,,,,,0
1105,1,1,0,1,16,13,0,1025,5416,0,16,13,0,1,0,1,0,1,6,0,1780,5070,0,1780,5416,0,1023,5294,0,1,0,1780,5416,0,,,,,0
1106,1,1,0,1,16,14,0,690,3476,0,16,14,0,0,0,1,1,0,7,0,1780,5070,0,1780,5070,65,1954,4964,0,1,65,1954,5070,0,,,,,0
1107,1,1,0,1,16,15,265,439,1554,0,16,15,0,1,0,1,0,1,7,0,690,3476,265,690,3476,65,1954,4964,0,1,265,1954,4964,0,,,,,0
1108,1,1,0,1,16,16,305,429,1470,0,16,16,0,0,0,1,1,0,8,0,690,3476,305,690,3476,1560,938,1637,0,1,1560,938,3476,0,,,,,0
1109,1,1,0,1,16,17,118,781,1309,0,16,17,0,1,0,1,0,1,8,305,429,1470,305,781,1470,1560,938,1637,0,1,1560,938,1637,0,,,,,0
1110,1,1,0,1,16,18,0,965,751,0,16,18,0,0,0,1,1,0,9,305,429,1470,305,965,1470,6416,2687,0,0,1,6416,2687,1470,0,,,,,0
1111,1,1,0,1,16,19,2229,1501,0,0,16,19,0,1,0,1,0,1,9,0,965,751,2229,1501,751,6416,2687,0,0,1,6416,2687,751,0,,,,,0
1112,1,1,0,1,16,20,4087,0,0,0,16,20,0,0,0,1,1,0,10,0,965,751,4087,965,751,6514,884,0,0,1,6514,965,751,0,,,,,0
1113,1,1,0,1,16,21,2027,173,0,0,16,21,0,1,0,1,0,1,10,4087,0,0,4087,173,0,6514,884,0,0,1,6514,884,0,0,,,,,0
1114,1,1,0,1,16,22,464,0,0,0,16,22,0,0,0,1,1,0,11,4087,0,0,4087,0,0,619,0,15,0,1,4087,0,15,0,,,,,0
1115,1,1,0,1,16,23,0,0,15,0,16,23,0,1,0,1,0,1,11,464,0,0,464,0,15,619,0,15,0,1,619,0,15,0,,,,,0
1116,1,1,0,1,16,24,0,0,15,0,16,24,0,0,0,1,1,0,12,464,0,0,464,0,15,0,0,15,0,1,464,0,15,0,,,,,0
1117,1,1,0,1,16,25,0,0,15,0,16,25,0,1,0,1,0,1,12,0,0,15,0,0,15,0,0,15,0,1,0,0,15,0,,,,,0
1118,1,1,0,1,17,0,0,0,15,0,17,0,1,0,0,1,1,0,0,0,0,15,0,0,15,0,0,15,0,1,0,0,15,0,,,,,0
1119,1,1,0,1,17,1,0,0,15,0,17,1,1,1,1,1,0,0,0,0,0,15,0,0,15,0,0,15,1,1,0,0,15,0,0,1,8,0,0
1120,1,1,0,1,17,2,0,0,15,0,17,2,1,0,0,1,1,0,1,0,0,15,0,0,15,0,0,15,0,1,0,0,15,0,,,,,0
1121,1,1,0,1,17,3,0,0,24,0,17,3,1,1,1,1,0,0,1,0,0,15,0,0,24,0,0,15,1,1,0,0,24,0,0,1,8,1,0
1122,1,1,0,1,17,4,0,0,257,0,17,4,1,0,0,1,1,0,2,0,0,15,0,0,257,0,0,2900,0,1,0,0,2900,0,,,,,0
1123,1,1,0,1,17,5,0,0,3816,0,17,5,1,1,1,1,0,0,2,0,0,257,0,0,3816,0,0,2900,1,1,0,0,3816,0,0,1,8,2,0
1124,1,1,0,1,17,6,0,959,5713,0,17,6,1,0,0,1,1,0,3,0,0,257,0,959,5713,0,1271,4980,0,1,0,1271,5713,0,,,,,0
1125,1,1,0,1,17,7,0,653,4002,0,17,7,1,1,1,1,0,0,3,0,959,5713,0,959,5713,0,1271,4980,1,1,0,1271,5713,0,0,1,8,3,0
1126,1,1,0,1,17,8,329,1102,871,0,17,8,1,0,0,1,1,0,4,0,959,5713,329,1102,5713,3345,1301,2084,0,1,3345,1301,5713,0,,,,,0
1127,1,1,0,1,17,9,3105,245,0,0,17,9,1,1,1,1,0,0,4,329,1102,871,3105,1102,871,3345,1301,2084,1,1,3345,1301,2084,0,0,1,8,4,0
1128,1,1,0,1,17,10,3943,0,0,0,17,10,1,0,0,1,1,0,5,329,1102,871,3943,1102,871,5643,0,1161,0,1,5643,1102,1161,0,,,,,0
1129,1,1,0,1,17,11,0,704,3225,0,17,11,1,1,1,1,0,0,5,3943,0,0,3943,704,3225,5643,0,1161,1,1,5643,704,3225,0,0,1,8,5,0
1130,1,1,0,1,17,12,0,1666,5442,0,17,12,1,0,0,1,1,0,6,3943,0,0,3943,1666,5442,0,1780,5416,0,1,3943,1780,5442,0,,,,,0
1131,1,1,0,1,17,13,0,877,3219,0,17,13,1,1,1,1,0,0,6,0,1666,5442,0,1666,5442,0,1780,5416,1,1,0,1780,5442,0,0,1,8,6,0
1132,1,1,0,1,17,14,116,516,2074,0,17,14,1,0,0,1,1,0,7,0,1666,5442,116,1666,5442,265,690,3476,0,1,265,1666,5442,0,,,,,0
1133,1,1,0,1,17,15,268,386,1492,0,17,15,1,1,1,1,0,0,7,116,516,2074,268,516,2074,265,690,3476,1,1,268,690,3476,0,0,1,8,7,0
1134,1,1,0,1,17,16,250,479,1412,0,17,16,1,0,0,1,1,0,8,116,516,2074,250,516,2074,305,781,1470,0,1,305,781,2074,0,,,,,0
1135,1,1,0,1,17,17,283,903,669,0,17,17,1,1,1,1,0,0,8,250,479,1412,283,903,1412,305,781,1470,1,1,305,903,1470,0,0,1,8,8,0
1136,1,1,0,1,17,18,168,0,0,0,17,18,1,0,0,1,1,0,9,250,479,1412,250,479,1412,2229,1501,751,0,1,2229,1501,1412,0,,,,,0
1137,1,1,0,1,17,19,1882,0,0,0,17,19,1,1,1,1,0,0,9,168,0,0,1882,0,0,2229,1501,751,1,1,2229,1501,751,0,0,1,8,9,0
1138,1,1,0,1,17,20,2396,0,0,0,17,20,1,0,0,1,1,0,10,168,0,0,2396,0,0,4087,173,0,0,1,4087,173,0,0,,,,,0
1139,1,1,0,1,17,21,430,0,0,0,17,21,1,1,1,1,0,0,10,2396,0,0,2396,0,0,4087,173,0,1,1,4087,173,0,0,0,1,8,10,0
1140,1,1,0,1,17,22,0,0,0,0,17,22,1,0,0,1,1,0,11,2396,0,0,2396,0,0,464,0,15,0,1,2396,0,15,0,,,,,0
1141,1,1,0,1,17,23,0,0,15,0,17,23,1,1,1,1,0,0,11,0,0,0,0,0,15,464,0,15,1,1,464,0,15,0,0,1,8,11,0
1142,1,1,0,1,17,24,0,0,15,0,17,24,1,0,0,1,1,0,12,0,0,0,0,0,15,0,0,15,0,1,0,0,15,0,,,,,0
1143,1,1,0,1,17,25,0,0,15,0,17,25,1,1,1,1,0,0,12,0,0,15,0,0,15,0,0,15,1,1,0,0,15,0,0,1,8,12,0
1144,1,1,0,1,18,0,0,0,15,0,18,0,0,0,0,1,1,0,0,0,0,15,0,0,15,0,0,15,0,1,0,0,15,0,,,,,0
1145,1,1,0,1,18,1,0,0,15,0,18,1,0,1,0,1,0,1,0,0,0,15,0,0,15,0,0,15,0,1,0,0,15,0,,,,,0
1146,1,1,0,1,18,2,0,0,15,0,18,2,0,0,0,1,1,0,1,0,0,15,0,0,15,0,0,15,0,1,0,0,15,0,,,,,0
1147,1,1,0,1,18,3,0,0,53,0,18,3,0,1,0,1,0,1,1,0,0,15,0,0,53,0,0,15,0,1,0,0,53,0,,,,,0
1148,1,1,0,1,18,4,0,0,507,0,18,4,0,0,0,1,1,0,2,0,0,15,0,0,507,0,0,2900,0,1,0,0,2900,0,,,,,0
1149,1,1,0,1,18,5,0,0,4501,0,18,5,0,1,0,1,0,1,2,0,0,507,0,0,4501,0,0,2900,0,1,0,0,4501,0,,,,,0
1150,1,1,0,1,18,6,0,1485,5861,0,18,6,0,0,0,1,1,0,3,0,0,507,0,1485,5861,0,1271,4980,0,1,0,1485,5861,0,,,,,0
1151,1,1,0,1,18,7,0,628,3660,0,18,7,0,1,0,1,0,1,3,0,1485,5861,0,1485,5861,0,1271,4980,0,1,0,1485,5861,0,,,,,0
1152,1,1,0,1,18,8,1258,840,226,0,18,8,0,0,0,1,1,0,4,0,1485,5861,1258,1485,5861,3345,1301,2084,0,1,3345,1485,5861,0,,,,,0
1153,1,1,0,1,18,9,3609,0,0,0,18,9,0,1,0,1,0,1,4,1258,840,226,3609,840,226,3345,1301,2084,0,1,3609,1301,2084,0,,,,,0
1154,1,1,0,1,18,10,1913,0,0,0,18,10,0,0,0,1,1,0,5,1258,840,226,1913,840,226,5643,0,1161,0,1,5643,840,1161,0,,,,,0
1155,1,1,0,1,18,11,0,875,4317,0,18,11,0,1,0,1,0,1,5,1913,0,0,1913,875,4317,5643,0,1161,0,1,5643,875,4317,0,,,,,0
1156,1,1,0,1,18,12,0,652,4320,0,18,12,0,0,0,1,1,0,6,1913,0,0,1913,652,4320,0,1780,5416,0,1,1913,1780,5416,0,,,,,0
1157,1,1,0,1,18,13,136,455,1873,0,18,13,0,1,0,1,0,1,6,0,652,4320,136,652,4320,0,1780,5416,0,1,136,1780,5416,0,,,,,0
1158,1,1,0,1,18,14,277,423,1527,0,18,14,0,0,0,1,1,0,7,0,652,4320,277,652,4320,265,690,3476,0,1,277,690,4320,0,,,,,0
1159,1,1,0,1,18,15,234,490,1437,0,18,15,0,1,0,1,0,1,7,277,423,1527,277,490,1527,265,690,3476,0,1,277,690,3476,0,,,,,0
1160,1,1,0,1,18,16,0,1243,940,0,18,16,0,0,0,1,1,0,8,277,423,1527,277,1243,1527,305,781,1470,0,1,305,1243,1527,0,,,,,0
1161,1,1,0,1,18,17,253,1057,0,0,18,17,0,1,0,1,0,1,8,0,1243,940,253,1243,940,305,781,1470,0,1,305,1243,1470,0,,,,,0
1162,1,1,0,1,18,18,488,0,0,0,18,18,0,0,0,1,1,0,9,0,1243,940,488,1243,940,2229,1501,751,0,1,2229,1501,940,0,,,,,0
1163,1,1,0,1,18,19,1369,0,0,0,18,19,0,1,0,1,0,1,9,488,0,0,1369,0,0,2229,1501,751,0,1,2229,1501,751,0,,,,,0
1164,1,1,0,1,18,20,1421,0,0,0,18,20,0,0,0,1,1,0,10,488,0,0,1421,0,0,4087,173,0,0,1,4087,173,0,0,,,,,0
1165,1,1,0,1,18,21,0,0,0,0,18,21,0,1,0,1,0,1,10,1421,0,0,1421,0,0,4087,173,0,0,1,4087,173,0,0,,,,,0
1166,1,1,0,1,18,22,0,0,0,0,18,22,0,0,0,1,1,0,11,1421,0,0,1421,0,0,464,0,15,0,1,1421,0,15,0,,,,,0
1167,1,1,0,1,18,23,0,0,15,0,18,23,0,1,0,1,0,1,11,0,0,0,0,0,15,464,0,15,0,1,464,0,15,0,,,,,0
1168,1,1,0,1,18,24,0,0,15,0,18,24,0,0,0,1,1,0,12,0,0,0,0,0,15,0,0,15,0,1,0,0,15,0,,,,,0
1169,1,1,0,1,18,25,0,0,15,0,18,25,0,1,0,1,0,1,12,0,0,15,0,0,15,0,0,15,0,1,0,0,15,0,,,,,0
1170,1,1,0,1,19,0,0,0,15,0,19,0,1,0,0,1,1,0,0,0,0,15,0,0,15,0,0,15,0,1,0,0,15,0,,,,,0
1171,1,1,0,1,19,1,0,0,15,0,19,1,1,1,1,1,0,0,0,0,0,15,0,0,15,0,0,15,1,1,0,0,15,0,0,1,9,0,0
1172,1,1,0,1,19,2,0,0,15,0,19,2,1,0,0,1,1,0,1,0,0,15,0,0,15,0,0,53,0,1,0,0,53,0,,,,,0
1173,1,1,0,1,19,3,0,0,90,0,19,3,1,1,1,1,0,0,1,0,0,15,0,0,90,0,0,53,1,1,0,0,90,0,0,1,9,1,0
1174,1,1,0,1,19,4,0,72,719,0,19,4,1,0,0,1,1,0,2,0,0,15,0,72,719,0,0,4501,0,1,0,72,4501,0,,,,,0
1175,1,1,0,1,19,5,0,0,4893,0,19,5,1,1,1,1,0,0,2,0,72,719,0,72,4893,0,0,4501,1,1,0,72,4893,0,0,1,9,2,0
1176,1,1,0,1,19,6,0,1866,5355,0,19,6,1,0,0,1,1,0,3,0,72,719,0,1866,5355,0,1485,5861,0,1,0,1866,5861,0,,,,,0
1177,1,1,0,1,19,7,0,1230,2818,0,19,7,1,1,1,1,0,0,3,0,1866,5355,0,1866,5355,0,1485,5861,1,1,0,1866,5861,0,0,1,9,3,0
1178,1,1,0,1,19,8,2387,471,0,0,19,8,1,0,0,1,1,0,4,0,1866,5355,2387,1866,5355,3609,840,226,0,1,3609,1866,5355,0,,,,,0
1179,1,1,0,1,19,9,4840,0,0,0,19,9,1,1,1,1,0,0,4,2387,471,0,4840,471,0,3609,840,226,1,1,4840,840,226,0,0,1,9,4,0
1180,1,1,0,1,19,10,1366,0,2387,0,19,10,1,0,0,1,1,0,5,2387,471,0,2387,471,2387,1913,875,4317,0,1,2387,875,4317,0,,,,,0
1181,1,1,0,1,19,11,0,573,4455,0,19,11,1,1,1,1,0,0,5,1366,0,2387,1366,573,4455,1913,875,4317,1,1,1913,875,4455,0,0,1,9,5,0
1182,1,1,0,1,19,12,0,684,3092,0,19,12,1,0,0,1,1,0,6,1366,0,2387,1366,684,3092,136,652,4320,0,1,1366,684,4320,0,,,,,0
1183,1,1,0,1,19,13,263,441,1595,0,19,13,1,1,1,1,0,0,6,0,684,3092,263,684,3092,136,652,4320,1,1,263,684,4320,0,0,1,9,6,0
1184,1,1,0,1,19,14,102,773,1311,0,19,14,1,0,0,1,1,0,7,0,684,3092,102,773,3092,277,490,1527,0,1,277,773,3092,0,,,,,0
1185,1,1,0,1,19,15,0,936,861,0,19,15,1,1,1,1,0,0,7,102,773,1311,102,936,1311,277,490,1527,1,1,277,936,1527,0,0,1,9,7,0
1186,1,1,0,1,19,16,0,1156,0,0,19,16,1,0,0,1,1,0,8,102,773,1311,102,1156,1311,253,1243,940,0,1,253,1243,1311,0,,,,,0
1187,1,1,0,1,19,17,1073,0,0,0,19,17,1,1,1,1,0,0,8,0,1156,0,1073,1156,0,253,1243,940,1,1,1073,1243,940,0,0,1,9,8,0
1188,1,1,0,1,19,18,452,0,0,0,19,18,1,0,0,1,1,0,9,0,1156,0,452,1156,0,1369,0,0,0,1,1369,1156,0,0,,,,,0
1189,1,1,0,1,19,19,0,0,0,0,19,19,1,1,1,1,0,0,9,452,0,0,452,0,0,1369,0,0,1,1,1369,0,0,0,0,1,9,9,0
1190,1,1,0,1,19,20,110,0,0,0,19,20,1,0,0,1,1,0,10,452,0,0,452,0,0,1421,0,0,0,1,1421,0,0,0,,,,,0
1191,1,1,0,1,19,21,0,0,0,0,19,21,1,1,1,1,0,0,10,110,0,0,110,0,0,1421,0,0,1,1,1421,0,0,0,0,1,9,10,0
1192,1,1,0,1,19,22,0,0,0,0,19,22,1,0,0,1,1,0,11,110,0,0,110,0,0,0,0,15,0,1,110,0,15,0,,,,,0
1193,1,1,0,1,19,23,0,0,15,0,19,23,1,1,1,1,0,0,11,0,0,0,0,0,15,0,0,15,1,1,0,0,15,0,0,1,9,11,0
1194,1,1,0,1,19,24,0,0,15,0,19,24,1,0,0,1,1,0,12,0,0,0,0,0,15,0,0,15,0,1,0,0,15,0,,,,,0
1195,1,1,0,1,19,25,0,0,15,0,19,25,1,1,1,1,0,0,12,0,0,15,0,0,15,0,0,15,1,1,0,0,15,0,0,1,9,12,0
1196,1,1,0,1,20,0,0,0,15,0,20,0,0,0,0,1,1,0,0,0,0,15,0,0,15,0,0,15,0,1,0,0,15,0,,,,,0
1197,1,1,0,1,20,1,0,0,15,0,20,1,0,1,0,1,0,1,0,0,0,15,0,0,15,0,0,15,0,1,0,0,15,0,,,,,0
1198,1,1,0,1,20,2,0,0,15,0,20,2,0,0,0,1,1,0,1,0,0,15,0,0,15,0,0,53,0,1,0,0,53,0,,,,,0
1199,1,1,0,1,20,3,0,0,87,0,20,3,0,1,0,1,0,1,1,0,0,15,0,0,87,0,0,53,0,1,0,0,87,0,,,,,0
1200,1,1,0,1,20,4,0,0,692,0,20,4,0,0,0,1,1,0,2,0,0,15,0,0,692,0,0,4501,0,1,0,0,4501,0,,,,,0
1201,1,1,0,1,20,5,0,0,4555,0,20,5,0,1,0,1,0,1,2,0,0,692,0,0,4555,0,0,4501,0,1,0,0,4555,0,,,,,0
1202,1,1,0,1,20,6,0,320,4746,0,20,6,0,0,0,1,1,0,3,0,0,692,0,320,4746,0,1485,5861,0,1,0,1485,5861,0,,,,,0
1203,1,1,0,1,20,7,0,513,2142,0,20,7,0,1,0,1,0,1,3,0,320,4746,0,513,4746,0,1485,5861,0,1,0,1485,5861,0,,,,,0
1204,1,1,0,1,20,8,568,1599,315,0,20,8,0,0,0,1,1,0,4,0,320,4746,568,1599,4746,3609,840,226,0,1,3609,1599,4746,0,,,,,0
1205,1,1,0,1,20,9,3121,1540,101,0,20,9,0,1,0,1,0,1,4,568,1599,315,3121,1599,315,3609,840,226,0,1,3609,1599,315,0,,,,,0
1206,1,1,0,1,20,10,1299,1354,3092,0,20,10,0,0,0,1,1,0,5,568,1599,315,1299,1599,3092,1913,875,4317,0,1,1913,1599,4317,0,,,,,0
1207,1,1,0,1,20,11,0,930,3587,0,20,11,0,1,0,1,0,1,5,1299,1354,3092,1299,1354,3587,1913,875,4317,0,1,1913,1354,4317,0,,,,,0
1208,1,1,0,1,20,12,206,483,1838,0,20,12,0,0,0,1,1,0,6,1299,1354,3092,1299,1354,3092,136,652,4320,0,1,1299,1354,4320,0,,,,,0
1209,1,1,0,1,20,13,251,500,1426,0,20,13,0,1,0,1,0,1,6,206,483,1838,251,500,1838,136,652,4320,0,1,251,652,4320,0,,,,,0
1210,1,1,0,1,20,14,273,896,682,0,20,14,0,0,0,1,1,0,7,206,483,1838,273,896,1838,277,490,1527,0,1,277,896,1838,0,,,,,0
1211,1,1,0,1,20,15,130,0,0,0,20,15,0,1,0,1,0,1,7,273,896,682,273,896,682,277,490,1527,0,1,277,896,1527,0,,,,,0
1212,1,1,0,1,20,16,1106,0,0,0,20,16,0,0,0,1,1,0,8,273,896,682,1106,896,682,253,1243,940,0,1,1106,1243,940,0,,,,,0
1213,1,1,0,1,20,17,1944,0,0,0,20,17,0,1,0,1,0,1,8,1106,0,0,1944,0,0,253,1243,940,0,1,1944,1243,940,0,,,,,0
1214,1,1,0,1,20,18,460,0,0,0,20,18,0,0,0,1,1,0,9,1106,0,0,1106,0,0,1369,0,0,0,1,1369,0,0,0,,,,,0
1215,1,1,0,1,20,19,0,0,0,0,20,19,0,1,0,1,0,1,9,460,0,0,460,0,0,1369,0,0,0,1,1369,0,0,0,,,,,0
1216,1,1,0,1,20,20,0,0,0,0,20,20,0,0,0,1,1,0,10,460,0,0,460,0,0,1421,0,0,0,1,1421,0,0,0,,,,,0
1217,1,1,0,1,20,21,0,0,15,0,20,21,0,1,0,1,0,1,10,0,0,0,0,0,15,1421,0,0,0,1,1421,0,15,0,,,,,0
1218,1,1,0,1,20,22,0,0,15,0,20,22,0,0,0,1,1,0,11,0,0,0,0,0,15,0,0,15,0,1,0,0,15,0,,,,,0
1219,1,1,0,1,20,23,0,0,15,0,20,23,0,1,0,1,0,1,11,0,0,15,0,0,15,0,0,15,0,1,0,0,15,0,,,,,0
1220,1,1,0,1,20,24,0,0,15,0,20,24,0,0,0,1,1,0,12,0,0,15,0,0,15,0,0,15,0,1,0,0,15,0,,,,,0
1221,1,1,0,1,20,25,0,0,15,0,20,25,0,1,0,1,0,1,12,0,0,15,0,0,15,0,0,15,0,1,0,0,15,0,,,,,0
1222,1,1,0,1,21,0,0,0,15,0,21,0,1,0,0,1,1,0,0,0,0,15,0,0,15,0,0,15,0,1,0,0,15,0,,,,,0
1223,1,1,0,1,21,1,0,0,15,0,21,1,1,1,1,1,0,0,0,0,0,15,0,0,15,0,0,15,1,1,0,0,15,0,0,1,10,0,0
1224,1,1,0,1,21,2,0,0,15,0,21,2,1,0,0,1,1,0,1,0,0,15,0,0,15,0,0,87,0,1,0,0,87,0,,,,,0
1225,1,1,0,1,21,3,0,0,41,0,21,3,1,1,1,1,0,0,1,0,0,15,0,0,41,0,0,87,1,1,0,0,87,0,0,1,10,1,0
1226,1,1,0,1,21,4,0,0,338,0,21,4,1,0,0,1,1,0,2,0,0,15,0,0,338,0,0,4555,0,1,0,0,4555,0,,,,,0
1227,1,1,0,1,21,5,0,0,2999,0,21,5,1,1,1,1,0,0,2,0,0,338,0,0,2999,0,0,4555,1,1,0,0,4555,0,0,1,10,2,0
1228,1,1,0,1,21,6,0,0,3909,0,21,6,1,0,0,1,1,0,3,0,0,338,0,0,3909,0,513,4746,0,1,0,513,4746,0,,,,,0
1229,1,1,0,1,21,7,0,151,2874,0,21,7,1,1,1,1,0,0,3,0,0,3909,0,151,3909,0,513,4746,1,1,0,513,4746,0,0,1,10,3,0
1230,1,1,0,1,21,8,0,1628,1809,0,21,8,1,0,0,1,1,0,4,0,0,3909,0,1628,3909,3121,1599,315,0,1,3121,1628,3909,0,,,,,0
1231,1,1,0,1,21,9,79,1061,1285,0,21,9,1,1,1,1,0,0,4,0,1628,1809,79,1628,1809,3121,1599,315,1,1,3121,1628,1809,0,0,1,10,4,0
1232,1,1,0,1,21,10,252,619,1689,0,21,10,1,0,0,1,1,0,5,0,1628,1809,252,1628,1809,1299,1354,3587,0,1,1299,1628,3587,0,,,,,0
1233,1,1,0,1,21,11,104,598,1657,0,21,11,1,1,1,1,0,0,5,252,619,1689,252,619,1689,1299,1354,3587,1,1,1299,1354,3587,0,0,1,10,5,0
1234,1,1,0,1,21,12,0,715,1305,0,21,12,1,0,0,1,1,0,6,252,619,1689,252,715,1689,251,500,1838,0,1,252,715,1838,0,,,,,0
1235,1,1,0,1,21,13,0,1481,676,0,21,13,1,1,1,1,0,0,6,0,715,1305,0,1481,1305,251,500,1838,1,1,251,1481,1838,0,0,1,10,6,0
1236,1,1,0,1,21,14,0,966,0,0,21,14,1,0,0,1,1,0,7,0,715,1305,0,966,1305,273,896,682,0,1,273,966,1305,0,,,,,0
1237,1,1,0,1,21,15,137,71,0,0,21,15,1,1,1,1,0,0,7,0,966,0,137,966,0,273,896,682,1,1,273,966,682,0,0,1,10,7,0
1238,1,1,0,1,21,16,1299,0,0,0,21,16,1,0,0,1,1,0,8,0,966,0,1299,966,0,1944,0,0,0,1,1944,966,0,0,,,,,0
1239,1,1,0,1,21,17,1496,0,0,0,21,17,1,1,1,1,0,0,8,1299,0,0,1496,0,0,1944,0,0,1,1,1944,0,0,0,0,1,10,8,0
1240,1,1,0,1,21,18,10,0,0,0,21,18,1,0,0,1,1,0,9,1299,0,0,1299,0,0,460,0,0,0,1,1299,0,0,0,,,,,0
1241,1,1,0,1,21,19,0,0,0,0,21,19,1,1,1,1,0,0,9,10,0,0,10,0,0,460,0,0,1,1,460,0,0,0,0,1,10,9,0
1242,1,1,0,1,21,20,0,0,15,0,21,20,1,0,0,1,1,0,10,10,0,0,10,0,15,0,0,15,0,1,10,0,15,0,,,,,0
1243,1,1,0,1,21,21,0,0,15,0,21,21,1,1,1,1,0,0,10,0,0,15,0,0,15,0,0,15,1,1,0,0,15,0,0,1,10,10,0
1244,1,1,0,1,21,22,0,0,15,0,21,22,1,0,0,1,1,0,11,0,0,15,0,0,15,0,0,15,0,1,0,0,15,0,,,,,0
1245,1,1,0,1,21,23,0,0,15,0,21,23,1,1,1,1,0,0,11,0,0,15,0,0,15,0,0,15,1,1,0,0,15,0,0,1,10,11,0
1246,1,1,0,1,21,24,0,0,15,0,21,24,1,0,0,1,1,0,12,0,0,15,0,0,15,0,0,15,0,1,0,0,15,0,,,,,0
1247,1,1,0,1,21,25,0,0,15,0,21,25,1,1,1,1,0,0,12,0,0,15,0,0,15,0,0,15,1,1,0,0,15,0,0,1,10,12,0
1248,1,1,0,1,22,0,0,0,15,0,22,0,0,0,0,1,1,0,0,0,0,15,0,0,15,0,0,15,0,1,0,0,15,0,,,,,0
1249,1,1,0,1,22,1,0,0,15,0,22,1,0,1,0,1,0,1,0,0,0,15,0,0,15,0,0,15,0,1,0,0,15,0,,,,,0
1250,1,1,0,1,22,2,0,0,15,0,22,2,0,0,0,1,1,0,1,0,0,15,0,0,15,0,0,87,0,1,0,0,87,0,,,,,0
1251,1,1,0,1,22,3,0,0,15,0,22,3,0,1,0,1,0,1,1,0,0,15,0,0,15,0,0,87,0,1,0,0,87,0,,,,,0
1252,1,1,0,1,22,4,0,0,106,0,22,4,0,0,0,1,1,0,2,0,0,15,0,0,106,0,0,4555,0,1,0,0,4555,0,,,,,0
1253,1,1,0,1,22,5,0,0,1448,0,22,5,0,1,0,1,0,1,2,0,0,106,0,0,1448,0,0,4555,0,1,0,0,4555,0,,,,,0
1254,1,1,0,1,22,6,0,0,2655,0,22,6,0,0,0,1,1,0,3,0,0,106,0,0,2655,0,513,4746,0,1,0,513,4746,0,,,,,0
1255,1,1,0,1,22,7,0,0,3157,0,22,7,0,1,0,1,0,1,3,0,0,2655,0,0,3157,0,513,4746,0,1,0,513,4746,0,,,,,0
1256,1,1,0,1,22,8,0,914,1848,0,22,8,0,0,0,1,1,0,4,0,0,2655,0,914,2655,3121,1599,315,0,1,3121,1599,2655,0,,,,,0
1257,1,1,0,1,22,9,0,2257,486,0,22,9,0,1,0,1,0,1,4,0,914,1848,0,2257,1848,3121,1599,315,0,1,3121,2257,1848,0,,,,,0
1258,1,1,0,1,22,10,0,1905,440,0,22,10,0,0,0,1,1,0,5,0,914,1848,0,1905,1848,1299,1354,3587,0,1,1299,1905,3587,0,,,,,0
1259,1,1,0,1,22,11,0,1910,302,0,22,11,0,1,0,1,0,1,5,0,1905,440,0,1910,440,1299,1354,3587,0,1,1299,1910,3587,0,,,,,0
1260,1,1,0,1,22,12,0,1787,0,0,22,12,0,0,0,1,1,0,6,0,1905,440,0,1905,440,251,500,1838,0,1,251,1905,1838,0,,,,,0
1261,1,1,0,1,22,13,0,957,0,0,22,13,0,1,0,1,0,1,6,0,1787,0,0,1787,0,251,500,1838,0,1,251,1787,1838,0,,,,,0
1262,1,1,0,1,22,14,0,0,0,0,22,14,0,0,0,1,1,0,7,0,1787,0,0,1787,0,273,896,682,0,1,273,1787,682,0,,,,,0
1263,1,1,0,1,22,15,0,0,0,0,22,15,0,1,0,1,0,1,7,0,0,0,0,0,0,273,896,682,0,1,273,896,682,0,,,,,0
1264,1,1,0,1,22,16,0,0,0,0,22,16,0,0,0,1,1,0,8,0,0,0,0,0,0,1944,0,0,0,1,1944,0,0,0,,,,,0
1265,1,1,0,1,22,17,98,0,0,0,22,17,0,1,0,1,0,1,8,0,0,0,98,0,0,1944,0,0,0,1,1944,0,0,0,,,,,0
1266,1,1,0,1,22,18,0,0,0,0,22,18,0,0,0,1,1,0,9,0,0,0,0,0,0,460,0,0,0,1,460,0,0,0,,,,,0
1267,1,1,0,1,22,19,0,0,15,0,22,19,0,1,0,1,0,1,9,0,0,0,0,0,15,460,0,0,0,1,460,0,15,0,,,,,0
1268,1,1,0,1,22,20,0,0,15,0,22,20,0,0,0,1,1,0,10,0,0,0,0,0,15,0,0,15,0,1,0,0,15,0,,,,,0
1269,1,1,0,1,22,21,0,0,15,0,22,21,0,1,0,1,0,1,10,0,0,15,0,0,15,0,0,15,0,1,0,0,15,0,,,,,0
1270,1,1,0,1,22,22,0,0,15,0,22,22,0,0,0,1,1,0,11,0,0,15,0,0,15,0,0,15,0,1,0,0,15,0,,,,,0
1271,1,1,0,1,22,23,0,0,15,0,22,23,0,1,0,1,0,1,11,0,0,15,0,0,15,0,0,15,0,1,0,0,15,0,,,,,0
1272,1,1,0,1,22,24,0,0,15,0,22,24,0,0,0,1,1,0,12,0,0,15,0,0,15,0,0,15,0,1,0,0,15,0,,,,,0
1273,1,1,0,1,22,25,0,0,15,0,22,25,0,1,0,1,0,1,12,0,0,15,0,0,15,0,0,15,0,1,0,0,15,0,,,,,0
1274,1,1,0,1,23,0,0,0,15,0,23,0,1,0,0,1,1,0,0,0,0,15,0,0,15,0,0,15,0,1,0,0,15,0,,,,,0
1275,1,1,0,1,23,1,0,0,15,0,23,1,1,1,1,1,0,0,0,0,0,15,0,0,15,0,0,15,1,1,0,0,15,0,0,1,11,0,0
1276,1,1,0,1,23,2,0,0,15,0,23,2,1,0,0,1,1,0,1,0,0,15,0,0,15,0,0,15,0,1,0,0,15,0,,,,,0
1277,1,1,0,1,23,3,0,0,15,0,23,3,1,1,1,1,0,0,1,0,0,15,0,0,15,0,0,15,1,1,0,0,15,0,0,1,11,1,0
1278,1,1,0,1,23,4,0,0,15,0,23,4,1,0,0,1,1,0,2,0,0,15,0,0,15,0,0,1448,0,1,0,0,1448,0,,,,,0
1279,1,1,0,1,23,5,0,0,309,0,23,5,1,1,1,1,0,0,2,0,0,15,0,0,309,0,0,1448,1,1,0,0,1448,0,0,1,11,2,0
1280,1,1,0,1,23,6,0,0,1036,0,23,6,1,0,0,1,1,0,3,0,0,15,0,0,1036,0,0,3157,0,1,0,0,3157,0,,,,,0
1281,1,1,0,1,23,7,0,0,2584,0,23,7,1,1,1,1,0,0,3,0,0,1036,0,0,2584,0,0,3157,1,1,0,0,3157,0,0,1,11,3,0
1282,1,1,0,1,23,8,0,0,2486,0,23,8,1,0,0,1,1,0,4,0,0,1036,0,0,2486,0,2257,1848,0,1,0,2257,2486,0,,,,,0
1283,1,1,0,1,23,9,0,0,146,0,23,9,1,1,1,1,0,0,4,0,0,2486,0,0,2486,0,2257,1848,1,1,0,2257,2486,0,0,1,11,4,0
1284,1,1,0,1,23,10,0,0,0,0,23,10,1,0,0,1,1,0,5,0,0,2486,0,0,2486,0,1910,440,0,1,0,1910,2486,0,,,,,0
1285,1,1,0,1,23,11,0,0,0,0,23,11,1,1,1,1,0,0,5,0,0,0,0,0,0,0,1910,440,1,1,0,1910,440,0,0,1,11,5,0
1286,1,1,0,1,23,12,0,0,0,0,23,12,1,0,0,1,1,0,6,0,0,0,0,0,0,0,1787,0,0,1,0,1787,0,0,,,,,0
1287,1,1,0,1,23,13,0,0,0,0,23,13,1,1,1,1,0,0,6,0,0,0,0,0,0,0,1787,0,1,1,0,1787,0,0,0,1,11,6,0
1288,1,1,0,1,23,14,155,0,0,0,23,14,1,0,0,1,1,0,7,0,0,0,155,0,0,0,0,0,0,1,155,0,0,0,,,,,0
1289,1,1,0,1,23,15,0,0,0,0,23,15,1,1,1,1,0,0,7,155,0,0,155,0,0,0,0,0,1,1,155,0,0,0,0,1,11,7,0
1290,1,1,0,1,23,16,0,0,0,0,23,16,1,0,0,1,1,0,8,155,0,0,155,0,0,98,0,0,0,1,155,0,0,0,,,,,0
1291,1,1,0,1,23,17,0,0,0,0,23,17,1,1,1,1,0,0,8,0,0,0,0,0,0,98,0,0,1,1,98,0,0,0,0,1,11,8,0
1292,1,1,0,1,23,18,0,0,15,0,23,18,1,0,0,1,1,0,9,0,0,0,0,0,15,0,0,15,0,1,0,0,15,0,,,,,0
1293,1,1,0,1,23,19,0,0,15,0,23,19,1,1,1,1,0,0,9,0,0,15,0,0,15,0,0,15,1,1,0,0,15,0,0,1,11,9,0
1294,1,1,0,1,23,20,0,0,15,0,23,20,1,0,0,1,1,0,10,0,0,15,0,0,15,0,0,15,0,1,0,0,15,0,,,,,0
1295,1,1,0,1,23,21,0,0,15,0,23,21,1,1,1,1,0,0,10,0,0,15,0,0,15,0,0,15,1,1,0,0,15,0,0,1,11,10,0
1296,1,1,0,1,23,22,0,0,15,0,23,22,1,0,0,1,1,0,11,0,0,15,0,0,15,0,0,15,0,1,0,0,15,0,,,,,0
1297,1,1,0,1,23,23,0,0,15,0,23,23,1,1,1,1,0,0,11,0,0,15,0,0,15,0,0,15,1,1,0,0,15,0,0,1,11,11,0
1298,1,1,0,1,23,24,0,0,15,0,23,24,1,0,0,1,1,0,12,0,0,15,0,0,15,0,0,15,0,1,0,0,15,0,,,,,0
1299,1,1,0,1,23,25,0,0,15,0,23,25,1,1,1,1,0,0,12,0,0,15,0,0,15,0,0,15,1,1,0,0,15,0,0,1,11,12,0
1300,1,1,0,1,24,0,0,0,15,0,24,0,0,0,0,1,1,0,0,0,0,15,0,0,15,0,0,15,0,1,0,0,15,0,,,,,0
1301,1,1,0,1,24,1,0,0,15,0,24,1,0,1,0,1,0,1,0,0,0,15,0,0,15,0,0,15,0,1,0,0,15,0,,,,,0
1302,1,1,0,1,24,2,0,0,15,0,24,2,0,0,0,1,1,0,1,0,0,15,0,0,15,0,0,15,0,1,0,0,15,0,,,,,0
1303,1,1,0,1,24,3,0,0,15,0,24,3,0,1,0,1,0,1,1,0,0,15,0,0,15,0,0,15,0,1,0,0,15,0,,,,,0
1304,1,1,0,1,24,4,0,0,15,0,24,4,0,0,0,1,1,0,2,0,0,15,0,0,15,0,0,1448,0,1,0,0,1448,0,,,,,0
1305,1,1,0,1,24,5,0,0,28,0,24,5,0,1,0,1,0,1,2,0,0,15,0,0,28,0,0,1448,0,1,0,0,1448,0,,,,,0
1306,1,1,0,1,24,6,0,0,103,0,24,6,0,0,0,1,1,0,3,0,0,15,0,0,103,0,0,3157,0,1,0,0,3157,0,,,,,0
1307,1,1,0,1,24,7,0,0,655,0,24,7,0,1,0,1,0,1,3,0,0,103,0,0,655,0,0,3157,0,1,0,0,3157,0,,,,,0
1308,1,1,0,1,24,8,0,0,1547,0,24,8,0,0,0,1,1,0,4,0,0,103,0,0,1547,0,2257,1848,0,1,0,2257,1848,0,,,,,0
1309,1,1,0,1,24,9,0,0,808,0,24,9,0,1,0,1,0,1,4,0,0,1547,0,0,1547,0,2257,1848,0,1,0,2257,1848,0,,,,,0
1310,1,1,0,1,24,10,0,0,0,0,24,10,0,0,0,1,1,0,5,0,0,1547,0,0,1547,0,1910,440,0,1,0,1910,1547,0,,,,,0
1311,1,1,0,1,24,11,0,0,0,0,24,11,0,1,0,1,0,1,5,0,0,0,0,0,0,0,1910,440,0,1,0,1910,440,0,,,,,0
1312,1,1,0,1,24,12,0,0,0,0,24,12,0,0,0,1,1,0,6,0,0,0,0,0,0,0,1787,0,0,1,0,1787,0,0,,,,,0
1313,1,1,0,1,24,13,0,0,0,0,24,13,0,1,0,1,0,1,6,0,0,0,0,0,0,0,1787,0,0,1,0,1787,0,0,,,,,0
1314,1,1,0,1,24,14,238,0,0,0,24,14,0,0,0,1,1,0,7,0,0,0,238,0,0,0,0,0,0,1,238,0,0,0,,,,,0
1315,1,1,0,1,24,15,0,0,0,0,24,15,0,1,0,1,0,1,7,238,0,0,238,0,0,0,0,0,0,1,238,0,0,0,,,,,0
1316,1,1,0,1,24,16,0,0,15,0,24,16,0,0,0,1,1,0,8,238,0,0,238,0,15,98,0,0,0,1,238,0,15,0,,,,,0
1317,1,1,0,1,24,17,0,0,15,0,24,17,0,1,0,1,0,1,8,0,0,15,0,0,15,98,0,0,0,1,98,0,15,0,,,,,0
1318,1,1,0,1,24,18,0,0,15,0,24,18,0,0,0,1,1,0,9,0,0,15,0,0,15,0,0,15,0,1,0,0,15,0,,,,,0
1319,1,1,0,1,24,19,0,0,15,0,24,19,0,1,0,1,0,1,9,0,0,15,0,0,15,0,0,15,0,1,0,0,15,0,,,,,0
1320,1,1,0,1,24,20,0,0,15,0,24,20,0,0,0,1,1,0,10,0,0,15,0,0,15,0,0,15,0,1,0,0,15,0,,,,,0
1321,1,1,0,1,24,21,0,0,15,0,24,21,0,1,0,1,0,1,10,0,0,15,0,0,15,0,0,15,0,1,0,0,15,0,,,,,0
1322,1,1,0,1,24,22,0,0,15,0,24,22,0,0,0,1,1,0,11,0,0,15,0,0,15,0,0,15,0,1,0,0,15,0,,,,,0
1323,1,1,0,1,24,23,0,0,15,0,24,23,0,1,0,1,0,1,11,0,0,15,0,0,15,0,0,15,0,1,0,0,15,0,,,,,0
1324,1,1,0,1,24,24,0,0,15,0,24,24,0,0,0,1,1,0,12,0,0,15,0,0,15,0,0,15,0,1,0,0,15,0,,,,,0
1325,1,1,0,1,24,25,0,0,15,0,24,25,0,1,0,1,0,1,12,0,0,15,0,0,15,0,0,15,0,1,0,0,15,0,,,,,0
1326,1,1,0,1,25,0,0,0,15,0,25,0,1,0,0,1,1,0,0,0,0,15,0,0,15,0,0,15,0,1,0,0,15,0,,,,,0
1327,1,1,0,1,25,1,0,0,15,0,25,1,1,1,1,1,0,0,0,0,0,15,0,0,15,0,0,15,1,1,0,0,15,0,0,1,12,0,0
1328,1,1,0,1,25,2,0,0,15,0,25,2,1,0,0,1,1,0,1,0,0,15,0,0,15,0,0,15,0,1,0,0,15,0,,,,,0
1329,1,1,0,1,25,3,0,0,15,0,25,3,1,1,1,1,0,0,1,0,0,15,0,0,15,0,0,15,1,1,0,0,15,0,0,1,12,1,0
1330,1,1,0,1,25,4,0,0,15,0,25,4,1,0,0,1,1,0,2,0,0,15,0,0,15,0,0,28,0,1,0,0,28,0,,,,,0
1331,1,1,0,1,25,5,0,0,15,0,25,5,1,1,1,1,0,0,2,0,0,15,0,0,15,0,0,28,1,1,0,0,28,0,0,1,12,2,0
1332,1,1,0,1,25,6,0,0,15,0,25,6,1,0,0,1,1,0,3,0,0,15,0,0,15,0,0,655,0,1,0,0,655,0,,,,,0
1333,1,1,0,1,25,7,0,0,118,0,25,7,1,1,1,1,0,0,3,0,0,15,0,0,118,0,0,655,1,1,0,0,655,0,0,1,12,3,0
1334,1,1,0,1,25,8,0,0,410,0,25,8,1,0,0,1,1,0,4,0,0,15,0,0,410,0,0,1547,0,1,0,0,1547,0,,,,,0
1335,1,1,0,1,25,9,0,0,284,0,25,9,1,1,1,1,0,0,4,0,0,410,0,0,410,0,0,1547,1,1,0,0,1547,0,0,1,12,4,0
1336,1,1,0,1,25,10,0,0,0,0,25,10,1,0,0,1,1,0,5,0,0,410,0,0,410,0,0,0,0,1,0,0,410,0,,,,,0
1337,1,1,0,1,25,11,0,0,0,0,25,11,1,1,1,1,0,0,5,0,0,0,0,0,0,0,0,0,1,1,0,0,0,0,0,1,12,5,0
1338,1,1,0,1,25,12,0,0,0,0,25,12,1,0,0,1,1,0,6,0,0,0,0,0,0,0,0,0,0,1,0,0,0,0,,,,,0
1339,1,1,0,1,25,13,0,0,0,0,25,13,1,1,1,1,0,0,6,0,0,0,0,0,0,0,0,0,1,1,0,0,0,0,0,1,12,6,0
1340,1,1,0,1,25,14,0,0,0,0,25,14,1,0,0,1,1,0,7,0,0,0,0,0,0,238,0,0,0,1,238,0,0,0,,,,,0
1341,1,1,0,1,25,15,0,0,0,0,25,15,1,1,1,1,0,0,7,0,0,0,0,0,0,238,0,0,1,1,238,0,0,0,0,1,12,7,0
1342,1,1,0,1,25,16,0,0,15,0,25,16,1,0,0,1,1,0,8,0,0,0,0,0,15,0,0,15,0,1,0,0,15,0,,,,,0
1343,1,1,0,1,25,17,0,0,15,0,25,17,1,1,1,1,0,0,8,0,0,15,0,0,15,0,0,15,1,1,0,0,15,0,0,1,12,8,0
1344,1,1,0,1,25,18,0,0,15,0,25,18,1,0,0,1,1,0,9,0,0,15,0,0,15,0,0,15,0,1,0,0,15,0,,,,,0
1345,1,1,0,1,25,19,0,0,15,0,25,19,1,1,1,1,0,0,9,0,0,15,0,0,15,0,0,15,1,1,0,0,15,0,0,1,12,9,0
1346,1,1,0,1,25,20,0,0,15,0,25,20,1,0,0,1,1,0,10,0,0,15,0,0,15,0,0,15,0,1,0,0,15,0,,,,,0
1347,1,1,0,1,25,21,0,0,15,0,25,21,1,1,1,1,0,0,10,0,0,15,0,0,15,0,0,15,1,1,0,0,15,0,0,1,12,10,0
1348,1,1,0,1,25,22,0,0,15,0,25,22,1,0,0,1,1,0,11,0,0,15,0,0,15,0,0,15,0,1,0,0,15,0,,,,,0
1349,1,1,0,1,25,23,0,0,15,0,25,23,1,1,1,1,0,0,11,0,0,15,0,0,15,0,0,15,1,1,0,0,15,0,0,1,12,11,0
1350,1,1,0,1,25,24,0,0,15,0,25,24,1,0,0,1,1,0,12,0,0,15,0,0,15,0,0,15,0,1,0,0,15,0,,,,,0
1351,1,1,0,1,25,25,0,0,15,1,25,25,1,1,1,1,0,0,12,0,0,15,0,0,15,0,0,15,1,1,0,0,15,1,0,1,12,12,0
1352,1,1,1,0,0,0,0,1681,0,0,0,0,0,0,0,1,1,0,0,0,0,15,0,1681,15,0,0,15,0,1,0,1681,15,0,,,,,0
1353,1,1,1,0,0,1,0,1681,0,0,0,1,0,1,0,1,0,1,0,0,1681,0,0,1681,0,0,0,15,0,1,0,1681,15,0,,,,,0
1354,1,1,1,0,0,2,0,1681,0,0,0,2,0,0,0,1,1,0,1,0,1681,0,0,1681,0,0,0,15,0,1,0,1681,15,0,,,,,0
1355,1,1,1,0,0,3,0,1681,0,0,0,3,0,1,0,1,0,1,1,0,1681,0,0,1681,0,0,0,15,0,1,0,1681,15,0,,,,,0
1356,1,1,1,0,0,4,0,1681,0,0,0,4,0,0,0,1,1,0,2,0,1681,0,0,1681,0,0,0,28,0,1,0,1681,28,0,,,,,0
1357,1,1,1,0,0,5,0,1681,0,0,0,5,0,1,0,1,0,1,2,0,1681,0,0,1681,0,0,0,28,0,1,0,1681,28,0,,,,,0
1358,1,1,1,0,0,6,0,1665,0,0,0,6,0,0,0,1,1,0,3,0,1681,0,0,1681,0,0,0,655,0,1,0,1681,655,0,,,,,0
1359,1,1,1,0,0,7,0,1332,17,0,0,7,0,1,0,1,0,1,3,0,1665,0,0,1665,17,0,0,655,0,1,0,1665,655,0,,,,,0
1360,1,1,1,0,0,8,0,676,76,0,0,8,0,0,0,1,1,0,4,0,1665,0,0,1665,76,0,0,1547,0,1,0,1665,1547,0,,,,,0
1361,1,1,1,0,0,9,0,96,0,0,0,9,0,1,0,1,0,1,4,0,676,76,0,676,76,0,0,1547,0,1,0,676,1547,0,,,,,0
1362,1,1,1,0,0,10,0,308,0,0,0,10,0,0,0,1,1,0,5,0,676,76,0,676,76,0,0,0,0,1,0,676,76,0,,,,,0
1363,1,1,1,0,0,11,0,987,0,0,0,11,0,1,0,1,0,1,5,0,308,0,0,987,0,0,0,0,0,1,0,987,0,0,,,,,0
1364,1,1,1,0,0,12,0,1560,0,0,0,12,0,0,0,1,1,0,6,0,308,0,0,1560,0,0,0,0,0,1,0,1560,0,0,,,,,0
1365,1,1,1,0,0,13,0,1681,0,0,0,13,0,1,0,1,0,1,6,0,1560,0,0,1681,0,0,0,0,0,1,0,1681,0,0,,,,,0
1366,1,1,1,0,0,14,0,1681,0,0,0,14,0,0,0,1,1,0,7,0,1560,0,0,1681,0,238,0,0,0,1,238,1681,0,0,,,,,0
1367,1,1,1,0,0,15,0,1681,0,0,0,15,0,1,0,1,0,1,7,0,1681,0,0,1681,0,238,0,0,0,1,238,1681,0,0,,,,,0
1368,1,1,1,0,0,16,0,1681,0,0,0,16,0,0,0,1,1,0,8,0,1681,0,0,1681,0,0,0,15,0,1,0,1681,15,0,,,,,0
1369,1,1,1,0,0,17,0,1681,0,0,0,17,0,1,0,1,0,1,8,0,1681,0,0,1681,0,0,0,15,0,1,0,1681,15,0,,,,,0
1370,1,1,1,0,0,18,0,1681,0,0,0,18,0,0,0,1,1,0,9,0,1681,0,0,1681,0,0,0,15,0,1,0,1681,15,0,,,,,0
1371,1,1,1,0,0,19,0,1681,0,0,0,19,0,1,0,1,0,1,9,0,1681,0,0,1681,0,0,0,15,0,1,0,1681,15,0,,,,,0
1372,1,1,1,0,0,20,0,1681,0,0,0,20,0,0,0,1,1,0,10,0,1681,0,0,1681,0,0,0,15,0,1,0,1681,15,0,,,,,0
1373,1,1,1,0,0,21,0,1681,0,0,0,21,0,1,0,1,0,1,10,0,1681,0,0,1681,0,0,0,15,0,1,0,1681,15,0,,,,,0
1374,1,1,1,0,0,22,0,1681,0,0,0,22,0,0,0,1,1,0,11,0,1681,0,0,1681,0,0,0,15,0,1,0,1681,15,0,,,,,0
1375,1,1,1,0,0,23,0,1681,0,0,0,23,0,1,0,1,0,1,11,0,1681,0,0,1681,0,0,0,15,0,1,0,1681,15,0,,,,,0
1376,1,1,1,0,0,24,0,1681,0,0,0,24,0,0,0,1,1,0,12,0,1681,0,0,1681,0,0,0,15,0,1,0,1681,15,0,,,,,0
1377,1,1,1,0,0,25,0,1681,0,0,0,25,0,1,0,1,0,1,12,0,1681,0,0,1681,0,0,0,15,0,1,0,1681,15,0,,,,,0
1378,1,1,1,0,1,0,0,1681,0,0,1,0,1,0,0,1,1,0,0,0,1681,0,0,1681,0,0,1681,0,0,1,0,1681,0,0,,,,,0
1379,1,1,1,0,1,1,0,1681,0,0,1,1,1,1,1,1,0,0,0,0,1681,0,0,1681,0,0,1681,0,1,1,0,1681,0,0,1,0,0,0,0
1380,1,1,1,0,1,2,0,1681,0,0,1,2,1,0,0,1,1,0,1,0,1681,0,0,1681,0,0,1681,0,0,1,0,1681,0,0,,,,,0
1381,1,1,1,0,1,3,0,1681,0,0,1,3,1,1,1,1,0,0,1,0,1681,0,0,1681,0,0,1681,0,1,1,0,1681,0,0,1,0,0,1,0
1382,1,1,1,0,1,4,0,1681,0,0,1,4,1,0,0,1,1,0,2,0,1681,0,0,1681,0,0,1681,0,0,1,0,1681,0,0,,,,,0
1383,1,1,1,0,1,5,0,1681,0,0,1,5,1,1,1,1,0,0,2,0,1681,0,0,1681,0,0,1681,0,1,1,0,1681,0,0,1,0,0,2,0
1384,1,1,1,0,1,6,0,1560,0,0,1,6,1,0,0,1,1,0,3,0,1681,0,0,1681,0,0,1665,17,0,1,0,1681,17,0,,,,,0
1385,1,1,1,0,1,7,0,160,361,0,1,7,1,1,1,1,0,0,3,0,1560,0,0,1560,361,0,1665,17,1,1,0,1665,361,0,1,0,0,3,0
1386,1,1,1,0,1,8,0,0,603,0,1,8,1,0,0,1,1,0,4,0,1560,0,0,1560,603,0,676,76,0,1,0,1560,603,0,,,,,0
1387,1,1,1,0,1,9,0,0,90,0,1,9,1,1,1,1,0,0,4,0,0,603,0,0,603,0,676,76,1,1,0,676,603,0,1,0,0,4,0
1388,1,1,1,0,1,10,0,0,0,0,1,10,1,0,0,1,1,0,5,0,0,603,0,0,603,0,987,0,0,1,0,987,603,0,,,,,0
1389,1,1,1,0,1,11,0,0,0,0,1,11,1,1,1,1,0,0,5,0,0,0,0,0,0,0,987,0,1,1,0,987,0,0,1,0,0,5,0
1390,1,1,1,0,1,12,0,1029,0,0,1,12,1,0,0,1,1,0,6,0,0,0,0,1029,0,0,1681,0,0,1,0,1681,0,0,,,,,0
1391,1,1,1,0,1,13,0,1629,0,0,1,13,1,1,1,1,0,0,6,0,1029,0,0,1629,0,0,1681,0,1,1,0,1681,0,0,1,0,0,6,0
1392,1,1,1,0,1,14,0,1681,0,0,1,14,1,0,0,1,1,0,7,0,1029,0,0,1681,0,0,1681,0,0,1,0,1681,0,0,,,,,0
1393,1,1,1,0,1,15,0,1681,0,0,1,15,1,1,1,1,0,0,7,0,1681,0,0,1681,0,0,1681,0,1,1,0,1681,0,0,1,0,0,7,0
1394,1,1,1,0,1,16,0,1681,0,0,1,16,1,0,0,1,1,0,8,0,1681,0,0,1681,0,0,1681,0,0,1,0,1681,0,0,,,,,0
1395,1,1,1,0,1,17,0,1681,0,0,1,17,1,1,1,1,0,0,8,0,1681,0,0,1681,0,0,1681,0,1,1,0,1681,0,0,1,0,0,8,0
1396,1,1,1,0,1,18,0,1681,0,0,1,18,1,0,0,1,1,0,9,0,1681,0,0,1681,0,0,1681,0,0,1,0,1681,0,0,,,,,0
1397,1,1,1,0,1,19,0,1681,0,0,1,19,1,1,1,1,0,0,9,0,1681,0,0,1681,0,0,1681,0,1,1,0,1681,0,0,1,0,0,9,0
1398,1,1,1,0,1,20,0,1681,0,0,1,20,1,0,0,1,1,0,10,0,1681,0,0,1681,0,0,1681,0,0,1,0,1681,0,0,,,,,0
1399,1,1,1,0,1,21,0,1681,0,0,1,21,1,1,1,1,0,0,10,0,1681,0,0,1681,0,0,1681,0,1,1,0,1681,0,0,1,0,0,10,0
1400,1,1,1,0,1,22,0,1681,0,0,1,22,1,0,0,1,1,0,11,0,1681,0,0,1681,0,0,1681,0,0,1,0,1681,0,0,,,,,0
1401,1,1,1,0,1,23,0,1681,0,0,1,23,1,1,1,1,0,0,11,0,1681,0,0,1681,0,0,1681,0,1,1,0,1681,0,0,1,0,0,11,0
1402,1,1,1,0,1,24,0,1681,0,0,1,24,1,0,0,1,1,0,12,0,1681,0,0,1681,0,0,1681,0,0,1,0,1681,0,0,,,,,0
1403,1,1,1,0,1,25,0,1681,0,0,1,25,1,1,1,1,0,0,12,0,1681,0,0,1681,0,0,1681,0,1,1,0,1681,0,0,1,0,0,12,0
1404,1,1,1,0,2,0,0,1681,0,0,2,0,0,0,0,1,1,0,0,0,1681,0,0,1681,0,0,1681,0,0,1,0,1681,0,0,,,,,0
1405,1,1,1,0,2,1,0,1681,0,0,2,1,0,1,0,1,0,1,0,0,1681,0,0,1681,0,0,1681,0,0,1,0,1681,0,0,,,,,0
1406,1,1,1,0,2,2,0,1681,0,0,2,2,0,0,0,1,1,0,1,0,1681,0,0,1681,0,0,1681,0,0,1,0,1681,0,0,,,,,0
1407,1,1,1,0,2,3,0,1681,0,0,2,3,0,1,0,1,0,1,1,0,1681,0,0,1681,0,0,1681,0,0,1,0,1681,0,0,,,,,0
1408,1,1,1,0,2,4,0,1681,0,0,2,4,0,0,0,1,1,0,2,0,1681,0,0,1681,0,0,1681,0,0,1,0,1681,0,0,,,,,0
1409,1,1,1,0,2,5,0,1616,0,0,2,5,0,1,0,1,0,1,2,0,1681,0,0,1681,0,0,1681,0,0,1,0,1681,0,0,,,,,0
1410,1,1,1,0,2,6,0,1003,125,0,2,6,0,0,0,1,1,0,3,0,1681,0,0,1681,125,0,1665,17,0,1,0,1681,125,0,,,,,0
1411,1,1,1,0,2,7,0,0,1269,0,2,7,0,1,0,1,0,1,3,0,1003,125,0,1003,1269,0,1665,17,0,1,0,1665,1269,0,,,,,0
1412,1,1,1,0,2,8,0,0,1792,0,2,8,0,0,0,1,1,0,4,0,1003,125,0,1003,1792,0,676,76,0,1,0,1003,1792,0,,,,,0
1413,1,1,1,0,2,9,0,0,858,0,2,9,0,1,0,1,0,1,4,0,0,1792,0,0,1792,0,676,76,0,1,0,676,1792,0,,,,,0
1414,1,1,1,0,2,10,0,0,0,0,2,10,0,0,0,1,1,0,5,0,0,1792,0,0,1792,0,987,0,0,1,0,987,1792,0,,,,,0
1415,1,1,1,0,2,11,0,0,0,0,2,11,0,1,0,1,0,1,5,0,0,0,0,0,0,0,987,0,0,1,0,987,0,0,,,,,0
1416,1,1,1,0,2,12,0,0,0,0,2,12,0,0,0,1,1,0,6,0,0,0,0,0,0,0,1681,0,0,1,0,1681,0,0,,,,,0
1417,1,1,1,0,2,13,0,175,0,0,2,13,0,1,0,1,0,1,6,0,0,0,0,175,0,0,1681,0,0,1,0,1681,0,0,,,,,0
1418,1,1,1,0,2,14,0,1351,0,0,2,14,0,0,0,1,1,0,7,0,0,0,0,1351,0,0,1681,0,0,1,0,1681,0,0,,,,,0
1419,1,1,1,0,2,15,0,1681,0,0,2,15,0,1,0,1,0,1,7,0,1351,0,0,1681,0,0,1681,0,0,1,0,1681,0,0,,,,,0
1420,1,1,1,0,2,16,0,1681,0,0,2,16,0,0,0,1,1,0,8,0,1351,0,0,1681,0,0,1681,0,0,1,0,1681,0,0,,,,,0
1421,1,1,1,0,2,17,0,1681,0,0,2,17,0,1,0,1,0,1,8,0,1681,0,0,1681,0,0,1681,0,0,1,0,1681,0,0,,,,,0
1422,1,1,1,0,2,18,0,1681,0,0,2,18,0,0,0,1,1,0,9,0,1681,0,0,1681,0,0,1681,0,0,1,0,1681,0,0,,,,,0
1423,1,1,1,0,2,19,0,1681,0,0,2,19,0,1,0,1,0,1,9,0,1681,0,0,1681,0,0,1681,0,0,1,0,1681,0,0,,,,,0
1424,1,1,1,0,2,20,0,1681,0,0,2,20,0,0,0,1,1,0,10,0,1681,0,0,1681,0,0,1681,0,0,1,0,1681,0,0,,,,,0
1425,1,1,1,0,2,21,0,1681,0,0,2,21,0,1,0,1,0,1,10,0,1681,0,0,1681,0,0,1681,0,0,1,0,1681,0,0,,,,,0
1426,1,1,1,0,2,22,0,1681,0,0,2,22,0,0,0,1,1,0,11,0,1681,0,0,1681,0,0,1681,0,0,1,0,1681,0,0,,,,,0
1427,1,1,1,0,2,23,0,1681,0,0,2,23,0,1,0,1,0,1,11,0,1681,0,0,1681,0,0,1681,0,0,1,0,1681,0,0,,,,,0
1428,1,1,1,0,2,24,0,1681,0,0,2,24,0,0,0,1,1,0,12,0,1681,0,0,1681,0,0,1681,0,0,1,0,1681,0,0,,,,,0
1429,1,1,1,0,2,25,0,1681,0,0,2,25,0,1,0,1,0,1,12,0,1681,0,0,1681,0,0,1681,0,0,1,0,1681,0,0,,,,,0
1430,1,1,1,0,3,0,0,1681,0,0,3,0,1,0,0,1,1,0,0,0,1681,0,0,1681,0,0,1681,0,0,1,0,1681,0,0,,,,,0
1431,1,1,1,0,3,1,0,1681,0,0,3,1,1,1,1,1,0,0,0,0,1681,0,0,1681,0,0,1681,0,1,1,0,1681,0,0,1,0,1,0,0
1432,1,1,1,0,3,2,0,1681,0,0,3,2,1,0,0,1,1,0,1,0,1681,0,0,1681,0,0,1681,0,0,1,0,1681,0,0,,,,,0
1433,1,1,1,0,3,3,0,1681,0,0,3,3,1,1,1,1,0,0,1,0,1681,0,0,1681,0,0,1681,0,1,1,0,1681,0,0,1,0,1,1,0
1434,1,1,1,0,3,4,0,1681,0,0,3,4,1,0,0,1,1,0,2,0,1681,0,0,1681,0,0,1681,0,0,1,0,1681,0,0,,,,,0
1435,1,1,1,0,3,5,0,1409,37,0,3,5,1,1,1,1,0,0,2,0,1681,0,0,1681,37,0,1681,0,1,1,0,1681,37,0,1,0,1,2,0
1436,1,1,1,0,3,6,0,183,466,0,3,6,1,0,0,1,1,0,3,0,1681,0,0,1681,466,0,1003,1269,0,1,0,1681,1269,0,,,,,0
1437,1,1,1,0,3,7,0,0,2489,0,3,7,1,1,1,1,0,0,3,0,183,466,0,183,2489,0,1003,1269,1,1,0,1003,2489,0,1,0,1,3,0
1438,1,1,1,0,3,8,0,0,3133,0,3,8,1,0,0,1,1,0,4,0,183,466,0,183,3133,0,0,1792,0,1,0,183,3133,0,,,,,0
1439,1,1,1,0,3,9,0,0,3277,0,3,9,1,1,1,1,0,0,4,0,0,3133,0,0,3277,0,0,1792,1,1,0,0,3277,0,1,0,1,4,0
1440,1,1,1,0,3,10,0,0,2615,0,3,10,1,0,0,1,1,0,5,0,0,3133,0,0,3133,0,0,0,0,1,0,0,3133,0,,,,,0
1441,1,1,1,0,3,11,0,0,663,0,3,11,1,1,1,1,0,0,5,0,0,2615,0,0,2615,0,0,0,1,1,0,0,2615,0,1,0,1,5,0
1442,1,1,1,0,3,12,501,0,0,0,3,12,1,0,0,1,1,0,6,0,0,2615,501,0,2615,0,175,0,0,1,501,175,2615,0,,,,,0
1443,1,1,1,0,3,13,0,0,0,0,3,13,1,1,1,1,0,0,6,501,0,0,501,0,0,0,175,0,1,1,501,175,0,0,1,0,1,6,0
1444,1,1,1,0,3,14,0,481,0,0,3,14,1,0,0,1,1,0,7,501,0,0,501,481,0,0,1681,0,0,1,501,1681,0,0,,,,,0
1445,1,1,1,0,3,15,0,1595,0,0,3,15,1,1,1,1,0,0,7,0,481,0,0,1595,0,0,1681,0,1,1,0,1681,0,0,1,0,1,7,0
1446,1,1,1,0,3,16,0,1681,0,0,3,16,1,0,0,1,1,0,8,0,481,0,0,1681,0,0,1681,0,0,1,0,1681,0,0,,,,,0
1447,1,1,1,0,3,17,0,1681,0,0,3,17,1,1,1,1,0,0,8,0,1681,0,0,1681,0,0,1681,0,1,1,0,1681,0,0,1,0,1,8,0
1448,1,1,1,0,3,18,0,1681,0,0,3,18,1,0,0,1,1,0,9,0,1681,0,0,1681,0,0,1681,0,0,1,0,1681,0,0,,,,,0
1449,1,1,1,0,3,19,0,1681,0,0,3,19,1,1,1,1,0,0,9,0,1681,0,0,1681,0,0,1681,0,1,1,0,1681,0,0,1,0,1,9,0
1450,1,1,1,0,3,20,0,1681,0,0,3,20,1,0,0,1,1,0,10,0,1681,0,0,1681,0,0,1681,0,0,1,0,1681,0,0,,,,,0
1451,1,1,1,0,3,21,0,1681,0,0,3,21,1,1,1,1,0,0,10,0,1681,0,0,1681,0,0,1681,0,1,1,0,1681,0,0,1,0,1,10,0
1452,1,1,1,0,3,22,0,1681,0,0,3,22,1,0,0,1,1,0,11,0,1681,0,0,1681,0,0,1681,0,0,1,0,1681,0,0,,,,,0
1453,1,1,1,0,3,23,0,1681,0,0,3,23,1,1,1,1,0,0,11,0,1681,0,0,1681,0,0,1681,0,1,1,0,1681,0,0,1,0,1,11,0
1454,1,1,1,0,3,24,0,1681,0,0,3,24,1,0,0,1,1,0,12,0,1681,0,0,1681,0,0,1681,0,0,1,0,1681,0,0,,,,,0
1455,1,1,1,0,3,25,0,1681,0,0,3,25,1,1,1,1,0,0,12,0,1681,0,0,1681,0,0,1681,0,1,1,0,1681,0,0,1,0,1,12,0
1456,1,1,1,0,4,0,0,1681,0,0,4,0,0,0,0,1,1,0,0,0,1681,0,0,1681,0,0,1681,0,0,1,0,1681,0,0,,,,,0
1457,1,1,1,0,4,1,0,1681,0,0,4,1,0,1,0,1,0,1,0,0,1681,0,0,1681,0,0,1681,0,0,1,0,1681,0,0,,,,,0
1458,1,1,1,0,4,2,0,1681,0,0,4,2,0,0,0,1,1,0,1,0,1681,0,0,1681,0,0,1681,0,0,1,0,1681,0,0,,,,,0
1459,1,1,1,0,4,3,0,1681,0,0,4,3,0,1,0,1,0,1,1,0,1681,0,0,1681,0,0,1681,0,0,1,0,1681,0,0,,,,,0
1460,1,1,1,0,4,4,0,1681,0,0,4,4,0,0,0,1,1,0,2,0,1681,0,0,1681,0,0,1681,0,0,1,0,1681,0,0,,,,,0
1461,1,1,1,0,4,5,0,1373,143,0,4,5,0,1,0,1,0,1,2,0,1681,0,0,1681,143,0,1681,0,0,1,0,1681,143,0,,,,,0
1462,1,1,1,0,4,6,0,452,766,0,4,6,0,0,0,1,1,0,3,0,1681,0,0,1681,766,0,1003,1269,0,1,0,1681,1269,0,,,,,0
1463,1,1,1,0,4,7,0,0,2974,0,4,7,0,1,0,1,0,1,3,0,452,766,0,452,2974,0,1003,1269,0,1,0,1003,2974,0,,,,,0
1464,1,1,1,0,4,8,0,0,4885,0,4,8,0,0,0,1,1,0,4,0,452,766,0,452,4885,0,0,1792,0,1,0,452,4885,0,,,,,0
1465,1,1,1,0,4,9,1838,0,6312,0,4,9,0,1,0,1,0,1,4,0,0,4885,1838,0,6312,0,0,1792,0,1,1838,0,6312,0,,,,,0
1466,1,1,1,0,4,10,1617,0,6053,0,4,10,0,0,0,1,1,0,5,0,0,4885,1617,0,6053,0,0,0,0,1,1617,0,6053,0,,,,,0
1467,1,1,1,0,4,11,804,0,3965,0,4,11,0,1,0,1,0,1,5,1617,0,6053,1617,0,6053,0,0,0,0,1,1617,0,6053,0,,,,,0
1468,1,1,1,0,4,12,1030,0,1581,0,4,12,0,0,0,1,1,0,6,1617,0,6053,1617,0,6053,0,175,0,0,1,1617,175,6053,0,,,,,0
1469,1,1,1,0,4,13,875,0,0,0,4,13,0,1,0,1,0,1,6,1030,0,1581,1030,0,1581,0,175,0,0,1,1030,175,1581,0,,,,,0
1470,1,1,1,0,4,14,119,0,0,0,4,14,0,0,0,1,1,0,7,1030,0,1581,1030,0,1581,0,1681,0,0,1,1030,1681,1581,0,,,,,0
1471,1,1,1,0,4,15,0,1332,0,0,4,15,0,1,0,1,0,1,7,119,0,0,119,1332,0,0,1681,0,0,1,119,1681,0,0,,,,,0
1472,1,1,1,0,4,16,0,1681,0,0,4,16,0,0,0,1,1,0,8,119,0,0,119,1681,0,0,1681,0,0,1,119,1681,0,0,,,,,0
1473,1,1,1,0,4,17,0,1681,0,0,4,17,0,1,0,1,0,1,8,0,1681,0,0,1681,0,0,1681,0,0,1,0,1681,0,0,,,,,0
1474,1,1,1,0,4,18,0,1681,0,0,4,18,0,0,0,1,1,0,9,0,1681,0,0,1681,0,0,1681,0,0,1,0,1681,0,0,,,,,0
1475,1,1,1,0,4,19,0,1681,0,0,4,19,0,1,0,1,0,1,9,0,1681,0,0,1681,0,0,1681,0,0,1,0,1681,0,0,,,,,0
1476,1,1,1,0,4,20,0,1681,0,0,4,20,0,0,0,1,1,0,10,0,1681,0,0,1681,0,0,1681,0,0,1,0,1681,0,0,,,,,0
1477,1,1,1,0,4,21,0,1681,0,0,4,21,0,1,0,1,0,1,10,0,1681,0,0,1681,0,0,1681,0,0,1,0,1681,0,0,,,,,0
1478,1,1,1,0,4,22,0,1681,0,0,4,22,0,0,0,1,1,0,11,0,1681,0,0,1681,0,0,1681,0,0,1,0,1681,0,0,,,,,0
1479,1,1,1,0,4,23,0,1681,0,0,4,23,0,1,0,1,0,1,11,0,1681,0,0,1681,0,0,1681,0,0,1,0,1681,0,0,,,,,0
1480,1,1,1,0,4,24,0,1681,0,0,4,24,0,0,0,1,1,0,12,0,1681,0,0,1681,0,0,1681,0,0,1,0,1681,0,0,,,,,0
1481,1,1,1,0,4,25,0,1681,0,0,4,25,0,1,0,1,0,1,12,0,1681,0,0,1681,0,0,1681,0,0,1,0,1681,0,0,,,,,0
1482,1,1,1,0,5,0,0,1681,0,0,5,0,1,0,0,1,1,0,0,0,1681,0,0,1681,0,0,1681,0,0,1,0,1681,0,0,,,,,0
1483,1,1,1,0,5,1,0,1681,0,0,5,1,1,1,1,1,0,0,0,0,1681,0,0,1681,0,0,1681,0,1,1,0,1681,0,0,1,0,2,0,0
1484,1,1,1,0,5,2,0,1681,0,0,5,2,1,0,0,1,1,0,1,0,1681,0,0,1681,0,0,1681,0,0,1,0,1681,0,0,,,,,0
1485,1,1,1,0,5,3,0,1681,0,0,5,3,1,1,1,1,0,0,1,0,1681,0,0,1681,0,0,1681,0,1,1,0,1681,0,0,1,0,2,1,0
1486,1,1,1,0,5,4,0,1681,0,0,5,4,1,0,0,1,1,0,2,0,1681,0,0,1681,0,0,1681,143,0,1,0,1681,143,0,,,,,0
1487,1,1,1,0,5,5,0,1652,123,0,5,5,1,1,1,1,0,0,2,0,1681,0,0,1681,123,0,1681,143,1,1,0,1681,143,0,1,0,2,2,0
1488,1,1,1,0,5,6,0,1826,680,0,5,6,1,0,0,1,1,0,3,0,1681,0,0,1826,680,0,452,2974,0,1,0,1826,2974,0,,,,,0
1489,1,1,1,0,5,7,1416,2003,2686,0,5,7,1,1,1,1,0,0,3,0,1826,680,1416,2003,2686,0,452,2974,1,1,1416,2003,2974,0,1,0,2,3,0
1490,1,1,1,0,5,8,1622,2257,5207,0,5,8,1,0,0,1,1,0,4,0,1826,680,1622,2257,5207,1838,0,6312,0,1,1838,2257,6312,0,,,,,0
1491,1,1,1,0,5,9,2678,1250,7047,0,5,9,1,1,1,1,0,0,4,1622,2257,5207,2678,2257,7047,1838,0,6312,1,1,2678,2257,7047,0,1,0,2,4,0
1492,1,1,1,0,5,10,2832,0,7108,0,5,10,1,0,0,1,1,0,5,1622,2257,5207,2832,2257,7108,1617,0,6053,0,1,2832,2257,7108,0,,,,,0
1493,1,1,1,0,5,11,1353,0,5920,0,5,11,1,1,1,1,0,0,5,2832,0,7108,2832,0,7108,1617,0,6053,1,1,2832,0,7108,0,1,0,2,5,0
1494,1,1,1,0,5,12,16,0,3919,0,5,12,1,0,0,1,1,0,6,2832,0,7108,2832,0,7108,1030,0,1581,0,1,2832,0,7108,0,,,,,0
1495,1,1,1,0,5,13,250,0,777,0,5,13,1,1,1,1,0,0,6,16,0,3919,250,0,3919,1030,0,1581,1,1,1030,0,3919,0,1,0,2,6,0
1496,1,1,1,0,5,14,1136,0,0,0,5,14,1,0,0,1,1,0,7,16,0,3919,1136,0,3919,119,1332,0,0,1,1136,1332,3919,0,,,,,0
1497,1,1,1,0,5,15,0,0,0,0,5,15,1,1,1,1,0,0,7,1136,0,0,1136,0,0,119,1332,0,1,1,1136,1332,0,0,1,0,2,7,0
1498,1,1,1,0,5,16,0,1523,0,0,5,16,1,0,0,1,1,0,8,1136,0,0,1136,1523,0,0,1681,0,0,1,1136,1681,0,0,,,,,0
1499,1,1,1,0,5,17,0,1664,0,0,5,17,1,1,1,1,0,0,8,0,1523,0,0,1664,0,0,1681,0,1,1,0,1681,0,0,1,0,2,8,0
1500,1,1,1,0,5,18,0,1681,0,0,5,18,1,0,0,1,1,0,9,0,1523,0,0,1681,0,0,1681,0,0,1,0,1681,0,0,,,,,0
1501,1,1,1,0,5,19,0,1681,0,0,5,19,1,1,1,1,0,0,9,0,1681,0,0,1681,0,0,1681,0,1,1,0,1681,0,0,1,0,2,9,0
1502,1,1,1,0,5,20,0,1681,0,0,5,20,1,0,0,1,1,0,10,0,1681,0,0,1681,0,0,1681,0,0,1,0,1681,0,0,,,,,0
1503,1,1,1,0,5,21,0,1681,0,0,5,21,1,1,1,1,0,0,10,0,1681,0,0,1681,0,0,1681,0,1,1,0,1681,0,0,1,0,2,10,0
1504,1,1,1,0,5,22,0,1681,0,0,5,22,1,0,0,1,1,0,11,0,1681,0,0,1681,0,0,1681,0,0,1,0,1681,0,0,,,,,0
1505,1,1,1,0,5,23,0,1681,0,0,5,23,1,1,1,1,0,0,11,0,1681,0,0,1681,0,0,1681,0,1,1,0,1681,0,0,1,0,2,11,0
1506,1,1,1,0,5,24,0,1681,0,0,5,24,1,0,0,1,1,0,12,0,1681,0,0,1681,0,0,1681,0,0,1,0,1681,0,0,,,,,0
1507,1,1,1,0,5,25,0,1681,0,0,5,25,1,1,1,1,0,0,12,0,1681,0,0,1681,0,0,1681,0,1,1,0,1681,0,0,1,0,2,12,0
1508,1,1,1,0,6,0,0,1681,0,0,6,0,0,0,0,1,1,0,0,0,1681,0,0,1681,0,0,1681,0,0,1,0,1681,0,0,,,,,0
1509,1,1,1,0,6,1,0,1681,0,0,6,1,0,1,0,1,0,1,0,0,1681,0,0,1681,0,0,1681,0,0,1,0,1681,0,0,,,,,0
1510,1,1,1,0,6,2,0,1681,0,0,6,2,0,0,0,1,1,0,1,0,1681,0,0,1681,0,0,1681,0,0,1,0,1681,0,0,,,,,0
1511,1,1,1,0,6,3,0,1681,0,0,6,3,0,1,0,1,0,1,1,0,1681,0,0,1681,0,0,1681,0,0,1,0,1681,0,0,,,,,0
1512,1,1,1,0,6,4,0,1681,0,0,6,4,0,0,0,1,1,0,2,0,1681,0,0,1681,0,0,1681,143,0,1,0,1681,143,0,,,,,0
1513,1,1,1,0,6,5,0,1735,0,0,6,5,0,1,0,1,0,1,2,0,1681,0,0,1735,0,0,1681,143,0,1,0,1735,143,0,,,,,0
1514,1,1,1,0,6,6,0,1987,236,0,6,6,0,0,0,1,1,0,3,0,1681,0,0,1987,236,0,452,2974,0,1,0,1987,2974,0,,,,,0
1515,1,1,1,0,6,7,1862,2720,1295,0,6,7,0,1,0,1,0,1,3,0,1987,236,1862,2720,1295,0,452,2974,0,1,1862,2720,2974,0,,,,,0
1516,1,1,1,0,6,8,3388,3698,3737,0,6,8,0,0,0,1,1,0,4,0,1987,236,3388,3698,3737,1838,0,6312,0,1,3388,3698,6312,0,,,,,0
1517,1,1,1,0,6,9,3101,4660,5976,0,6,9,0,1,0,1,0,1,4,3388,3698,3737,3388,4660,5976,1838,0,6312,0,1,3388,4660,6312,0,,,,,0
1518,1,1,1,0,6,10,1824,1728,7578,0,6,10,0,0,0,1,1,0,5,3388,3698,3737,3388,3698,7578,1617,0,6053,0,1,3388,3698,7578,0,,,,,0
1519,1,1,1,0,6,11,456,0,7206,0,6,11,0,1,0,1,0,1,5,1824,1728,7578,1824,1728,7578,1617,0,6053,0,1,1824,1728,7578,0,,,,,0
1520,1,1,1,0,6,12,263,0,5517,0,6,12,0,0,0,1,1,0,6,1824,1728,7578,1824,1728,7578,1030,0,1581,0,1,1824,1728,7578,0,,,,,0
1521,1,1,1,0,6,13,0,0,2607,0,6,13,0,1,0,1,0,1,6,263,0,5517,263,0,5517,1030,0,1581,0,1,1030,0,5517,0,,,,,0
1522,1,1,1,0,6,14,1133,0,219,0,6,14,0,0,0,1,1,0,7,263,0,5517,1133,0,5517,119,1332,0,0,1,1133,1332,5517,0,,,,,0
1523,1,1,1,0,6,15,255,0,0,0,6,15,0,1,0,1,0,1,7,1133,0,219,1133,0,219,119,1332,0,0,1,1133,1332,219,0,,,,,0
1524,1,1,1,0,6,16,0,0,0,0,6,16,0,0,0,1,1,0,8,1133,0,219,1133,0,219,0,1681,0,0,1,1133,1681,219,0,,,,,0
1525,1,1,1,0,6,17,0,1299,0,0,6,17,0,1,0,1,0,1,8,0,0,0,0,1299,0,0,1681,0,0,1,0,1681,0,0,,,,,0
1526,1,1,1,0,6,18,0,1681,0,0,6,18,0,0,0,1,1,0,9,0,0,0,0,1681,0,0,1681,0,0,1,0,1681,0,0,,,,,0
1527,1,1,1,0,6,19,0,1681,0,0,6,19,0,1,0,1,0,1,9,0,1681,0,0,1681,0,0,1681,0,0,1,0,1681,0,0,,,,,0
1528,1,1,1,0,6,20,0,1681,0,0,6,20,0,0,0,1,1,0,10,0,1681,0,0,1681,0,0,1681,0,0,1,0,1681,0,0,,,,,0
1529,1,1,1,0,6,21,0,1681,0,0,6,21,0,1,0,1,0,1,10,0,1681,0,0,1681,0,0,1681,0,0,1,0,1681,0,0,,,,,0
1530,1,1,1,0,6,22,0,1681,0,0,6,22,0,0,0,1,1,0,11,0,1681,0,0,1681,0,0,1681,0,0,1,0,1681,0,0,,,,,0
1531,1,1,1,0,6,23,0,1681,0,0,6,23,0,1,0,1,0,1,11,0,1681,0,0,1681,0,0,1681,0,0,1,0,1681,0,0,,,,,0
1532,1,1,1,0,6,24,0,1681,0,0,6,24,0,0,0,1,1,0,12,0,1681,0,0,1681,0,0,1681,0,0,1,0,1681,0,0,,,,,0
1533,1,1,1,0,6,25,0,1681,0,0,6,25,0,1,0,1,0,1,12,0,1681,0,0,1681,0,0,1681,0,0,1,0,1681,0,0,,,,,0
1534,1,1,1,0,7,0,0,1681,0,0,7,0,1,0,0,1,1,0,0,0,1681,0,0,1681,0,0,1681,0,0,1,0,1681,0,0,,,,,0
1535,1,1,1,0,7,1,0,1681,0,0,7,1,1,1,1,1,0,0,0,0,1681,0,0,1681,0,0,1681,0,1,1,0,1681,0,0,1,0,3,0,0
1536,1,1,1,0,7,2,0,1681,0,0,7,2,1,0,0,1,1,0,1,0,1681,0,0,1681,0,0,1681,0,0,1,0,1681,0,0,,,,,0
1537,1,1,1,0,7,3,0,1681,0,0,7,3,1,1,1,1,0,0,1,0,1681,0,0,1681,0,0,1681,0,1,1,0,1681,0,0,1,0,3,1,0
1538,1,1,1,0,7,4,0,1681,0,0,7,4,1,0,0,1,1,0,2,0,1681,0,0,1681,0,0,1735,0,0,1,0,1735,0,0,,,,,0
1539,1,1,1,0,7,5,0,1681,0,0,7,5,1,1,1,1,0,0,2,0,1681,0,0,1681,0,0,1735,0,1,1,0,1735,0,0,1,0,3,2,0
1540,1,1,1,0,7,6,0,1689,0,0,7,6,1,0,0,1,1,0,3,0,1681,0,0,1689,0,1862,2720,1295,0,1,1862,2720,1295,0,,,,,0
1541,1,1,1,0,7,7,0,1828,65,0,7,7,1,1,1,1,0,0,3,0,1689,0,0,1828,65,1862,2720,1295,1,1,1862,2720,1295,0,1,0,3,3,0
1542,1,1,1,0,7,8,962,2234,845,0,7,8,1,0,0,1,1,0,4,0,1689,0,962,2234,845,3388,4660,5976,0,1,3388,4660,5976,0,,,,,0
1543,1,1,1,0,7,9,2077,2890,2672,0,7,9,1,1,1,1,0,0,4,962,2234,845,2077,2890,2672,3388,4660,5976,1,1,3388,4660,5976,0,1,0,3,4,0
1544,1,1,1,0,7,10,876,1489,5714,0,7,10,1,0,0,1,1,0,5,962,2234,845,962,2234,5714,1824,1728,7578,0,1,1824,2234,7578,0,,,,,0
1545,1,1,1,0,7,11,0,0,6906,0,7,11,1,1,1,1,0,0,5,876,1489,5714,876,1489,6906,1824,1728,7578,1,1,1824,1728,7578,0,1,0,3,5,0
1546,1,1,1,0,7,12,1868,0,6834,0,7,12,1,0,0,1,1,0,6,876,1489,5714,1868,1489,6834,263,0,5517,0,1,1868,1489,6834,0,,,,,0
1547,1,1,1,0,7,13,457,0,5541,0,7,13,1,1,1,1,0,0,6,1868,0,6834,1868,0,6834,263,0,5517,1,1,1868,0,6834,0,1,0,3,6,0
1548,1,1,1,0,7,14,556,0,2355,0,7,14,1,0,0,1,1,0,7,1868,0,6834,1868,0,6834,1133,0,219,0,1,1868,0,6834,0,,,,,0
1549,1,1,1,0,7,15,1745,0,0,0,7,15,1,1,1,1,0,0,7,556,0,2355,1745,0,2355,1133,0,219,1,1,1745,0,2355,0,1,0,3,7,0
1550,1,1,1,0,7,16,208,0,0,0,7,16,1,0,0,1,1,0,8,556,0,2355,556,0,2355,0,1299,0,0,1,556,1299,2355,0,,,,,0
1551,1,1,1,0,7,17,0,847,0,0,7,17,1,1,1,1,0,0,8,208,0,0,208,847,0,0,1299,0,1,1,208,1299,0,0,1,0,3,8,0
1552,1,1,1,0,7,18,0,1664,0,0,7,18,1,0,0,1,1,0,9,208,0,0,208,1664,0,0,1681,0,0,1,208,1681,0,0,,,,,0
1553,1,1,1,0,7,19,0,1681,0,0,7,19,1,1,1,1,0,0,9,0,1664,0,0,1681,0,0,1681,0,1,1,0,1681,0,0,1,0,3,9,0
1554,1,1,1,0,7,20,0,1681,0,0,7,20,1,0,0,1,1,0,10,0,1664,0,0,1681,0,0,1681,0,0,1,0,1681,0,0,,,,,0
1555,1,1,1,0,7,21,0,1681,0,0,7,21,1,1,1,1,0,0,10,0,1681,0,0,1681,0,0,1681,0,1,1,0,1681,0,0,1,0,3,10,0
1556,1,1,1,0,7,22,0,1681,0,0,7,22,1,0,0,1,1,0,11,0,1681,0,0,1681,0,0,1681,0,0,1,0,1681,0,0,,,,,0
1557,1,1,1,0,7,23,0,1681,0,0,7,23,1,1,1,1,0,0,11,0,1681,0,0,1681,0,0,1681,0,1,1,0,1681,0,0,1,0,3,11,0
1558,1,1,1,0,7,24,0,1681,0,0,7,24,1,0,0,1,1,0,12,0,1681,0,0,1681,0,0,1681,0,0,1,0,1681,0,0,,,,,0
1559,1,1,1,0,7,25,0,1681,0,0,7,25,1,1,1,1,0,0,12,0,1681,0,0,1681,0,0,1681,0,1,1,0,1681,0,0,1,0,3,12,0
1560,1,1,1,0,8,0,0,1681,0,0,8,0,0,0,0,1,1,0,0,0,1681,0,0,1681,0,0,1681,0,0,1,0,1681,0,0,,,,,0
1561,1,1,1,0,8,1,0,1681,0,0,8,1,0,1,0,1,0,1,0,0,1681,0,0,1681,0,0,1681,0,0,1,0,1681,0,0,,,,,0
1562,1,1,1,0,8,2,0,1681,0,0,8,2,0,0,0,1,1,0,1,0,1681,0,0,1681,0,0,1681,0,0,1,0,1681,0,0,,,,,0
1563,1,1,1,0,8,3,0,1681,0,0,8,3,0,1,0,1,0,1,1,0,1681,0,0,1681,0,0,1681,0,0,1,0,1681,0,0,,,,,0
1564,1,1,1,0,8,4,0,1681,0,0,8,4,0,0,0,1,1,0,2,0,1681,0,0,1681,0,0,1735,0,0,1,0,1735,0,0,,,,,0
1565,1,1,1,0,8,5,0,1681,0,0,8,5,0,1,0,1,0,1,2,0,1681,0,0,1681,0,0,1735,0,0,1,0,1735,0,0,,,,,0
1566,1,1,1,0,8,6,0,1681,0,0,8,6,0,0,0,1,1,0,3,0,1681,0,0,1681,0,1862,2720,1295,0,1,1862,2720,1295,0,,,,,0
1567,1,1,1,0,8,7,0,1681,0,0,8,7,0,1,0,1,0,1,3,0,1681,0,0,1681,0,1862,2720,1295,0,1,1862,2720,1295,0,,,,,0
1568,1,1,1,0,8,8,0,1725,81,0,8,8,0,0,0,1,1,0,4,0,1681,0,0,1725,81,3388,4660,5976,0,1,3388,4660,5976,0,,,,,0
1569,1,1,1,0,8,9,20,2023,641,0,8,9,0,1,0,1,0,1,4,0,1725,81,20,2023,641,3388,4660,5976,0,1,3388,4660,5976,0,,,,,0
1570,1,1,1,0,8,10,1892,2328,2835,0,8,10,0,0,0,1,1,0,5,0,1725,81,1892,2328,2835,1824,1728,7578,0,1,1892,2328,7578,0,,,,,0
1571,1,1,1,0,8,11,1429,2641,5313,0,8,11,0,1,0,1,0,1,5,1892,2328,2835,1892,2641,5313,1824,1728,7578,0,1,1892,2641,7578,0,,,,,0
1572,1,1,1,0,8,12,2084,1061,7205,0,8,12,0,0,0,1,1,0,6,1892,2328,2835,2084,2328,7205,263,0,5517,0,1,2084,2328,7205,0,,,,,0
1573,1,1,1,0,8,13,2064,0,6940,0,8,13,0,1,0,1,0,1,6,2084,1061,7205,2084,1061,7205,263,0,5517,0,1,2084,1061,7205,0,,,,,0
1574,1,1,1,0,8,14,841,0,4733,0,8,14,0,0,0,1,1,0,7,2084,1061,7205,2084,1061,7205,1133,0,219,0,1,2084,1061,7205,0,,,,,0
1575,1,1,1,0,8,15,553,0,2188,0,8,15,0,1,0,1,0,1,7,841,0,4733,841,0,4733,1133,0,219,0,1,1133,0,4733,0,,,,,0
1576,1,1,1,0,8,16,373,0,0,0,8,16,0,0,0,1,1,0,8,841,0,4733,841,0,4733,0,1299,0,0,1,841,1299,4733,0,,,,,0
1577,1,1,1,0,8,17,0,0,0,0,8,17,0,1,0,1,0,1,8,373,0,0,373,0,0,0,1299,0,0,1,373,1299,0,0,,,,,0
1578,1,1,1,0,8,18,0,1108,0,0,8,18,0,0,0,1,1,0,9,373,0,0,373,1108,0,0,1681,0,0,1,373,1681,0,0,,,,,0
1579,1,1,1,0,8,19,0,1681,0,0,8,19,0,1,0,1,0,1,9,0,1108,0,0,1681,0,0,1681,0,0,1,0,1681,0,0,,,,,0
1580,1,1,1,0,8,20,0,1681,0,0,8,20,0,0,0,1,1,0,10,0,1108,0,0,1681,0,0,1681,0,0,1,0,1681,0,0,,,,,0
1581,1,1,1,0,8,21,0,1681,0,0,8,21,0,1,0,1,0,1,10,0,1681,0,0,1681,0,0,1681,0,0,1,0,1681,0,0,,,,,0
1582,1,1,1,0,8,22,0,1681,0,0,8,22,0,0,0,1,1,0,11,0,1681,0,0,1681,0,0,1681,0,0,1,0,1681,0,0,,,,,0
1583,1,1,1,0,8,23,0,1681,0,0,8,23,0,1,0,1,0,1,11,0,1681,0,0,1681,0,0,1681,0,0,1,0,1681,0,0,,,,,0
1584,1,1,1,0,8,24,0,1681,0,0,8,24,0,0,0,1,1,0,12,0,1681,0,0,1681,0,0,1681,0,0,1,0,1681,0,0,,,,,0
1585,1,1,1,0,8,25,0,1681,0,0,8,25,0,1,0,1,0,1,12,0,1681,0,0,1681,0,0,1681,0,0,1,0,1681,0,0,,,,,0
1586,1,1,1,0,9,0,0,1681,0,0,9,0,1,0,0,1,1,0,0,0,1681,0,0,1681,0,0,1681,0,0,1,0,1681,0,0,,,,,0
1587,1,1,1,0,9,1,0,1681,0,0,9,1,1,1,1,1,0,0,0,0,1681,0,0,1681,0,0,1681,0,1,1,0,1681,0,0,1,0,4,0,0
1588,1,1,1,0,9,2,0,1681,0,0,9,2,1,0,0,1,1,0,1,0,1681,0,0,1681,0,0,1681,0,0,1,0,1681,0,0,,,,,0
1589,1,1,1,0,9,3,0,1681,0,0,9,3,1,1,1,1,0,0,1,0,1681,0,0,1681,0,0,1681,0,1,1,0,1681,0,0,1,0,4,1,0
1590,1,1,1,0,9,4,0,1681,0,0,9,4,1,0,0,1,1,0,2,0,1681,0,0,1681,0,0,1681,0,0,1,0,1681,0,0,,,,,0
1591,1,1,1,0,9,5,0,1681,0,0,9,5,1,1,1,1,0,0,2,0,1681,0,0,1681,0,0,1681,0,1,1,0,1681,0,0,1,0,4,2,0
1592,1,1,1,0,9,6,0,1681,0,0,9,6,1,0,0,1,1,0,3,0,1681,0,0,1681,0,0,1681,0,0,1,0,1681,0,0,,,,,0
1593,1,1,1,0,9,7,0,1632,0,0,9,7,1,1,1,1,0,0,3,0,1681,0,0,1681,0,0,1681,0,1,1,0,1681,0,0,1,0,4,3,0
1594,1,1,1,0,9,8,0,1649,0,0,9,8,1,0,0,1,1,0,4,0,1681,0,0,1681,0,20,2023,641,0,1,20,2023,641,0,,,,,0
1595,1,1,1,0,9,9,0,1809,95,0,9,9,1,1,1,1,0,0,4,0,1649,0,0,1809,95,20,2023,641,1,1,20,2023,641,0,1,0,4,4,0
1596,1,1,1,0,9,10,1525,2505,934,0,9,10,1,0,0,1,1,0,5,0,1649,0,1525,2505,934,1892,2641,5313,0,1,1892,2641,5313,0,,,,,0
1597,1,1,1,0,9,11,2954,3116,3490,0,9,11,1,1,1,1,0,0,5,1525,2505,934,2954,3116,3490,1892,2641,5313,1,1,2954,3116,5313,0,1,0,4,5,0
1598,1,1,1,0,9,12,2370,3944,5983,0,9,12,1,0,0,1,1,0,6,1525,2505,934,2370,3944,5983,2084,1061,7205,0,1,2370,3944,7205,0,,,,,0
1599,1,1,1,0,9,13,1464,1299,7338,0,9,13,1,1,1,1,0,0,6,2370,3944,5983,2370,3944,7338,2084,1061,7205,1,1,2370,3944,7338,0,1,0,4,6,0
1600,1,1,1,0,9,14,0,0,6646,0,9,14,1,0,0,1,1,0,7,2370,3944,5983,2370,3944,6646,841,0,4733,0,1,2370,3944,6646,0,,,,,0
1601,1,1,1,0,9,15,0,0,4137,0,9,15,1,1,1,1,0,0,7,0,0,6646,0,0,6646,841,0,4733,1,1,841,0,6646,0,1,0,4,7,0
1602,1,1,1,0,9,16,0,0,596,0,9,16,1,0,0,1,1,0,8,0,0,6646,0,0,6646,373,0,0,0,1,373,0,6646,0,,,,,0
1603,1,1,1,0,9,17,1598,0,0,0,9,17,1,1,1,1,0,0,8,0,0,596,1598,0,596,373,0,0,1,1,1598,0,596,0,1,0,4,8,0
1604,1,1,1,0,9,18,0,0,0,0,9,18,1,0,0,1,1,0,9,0,0,596,0,0,596,0,1681,0,0,1,0,1681,596,0,,,,,0
1605,1,1,1,0,9,19,0,1542,0,0,9,19,1,1,1,1,0,0,9,0,0,0,0,1542,0,0,1681,0,1,1,0,1681,0,0,1,0,4,9,0
1606,1,1,1,0,9,20,0,1681,0,0,9,20,1,0,0,1,1,0,10,0,0,0,0,1681,0,0,1681,0,0,1,0,1681,0,0,,,,,0
1607,1,1,1,0,9,21,0,1681,0,0,9,21,1,1,1,1,0,0,10,0,1681,0,0,1681,0,0,1681,0,1,1,0,1681,0,0,1,0,4,10,0
1608,1,1,1,0,9,22,0,1681,0,0,9,22,1,0,0,1,1,0,11,0,1681,0,0,1681,0,0,1681,0,0,1,0,1681,0,0,,,,,0
1609,1,1,1,0,9,23,0,1681,0,0,9,23,1,1,1,1,0,0,11,0,1681,0,0,1681,0,0,1681,0,1,1,0,1681,0,0,1,0,4,11,0
1610,1,1,1,0,9,24,0,1681,0,0,9,24,1,0,0,1,1,0,12,0,1681,0,0,1681,0,0,1681,0,0,1,0,1681,0,0,,,,,0
1611,1,1,1,0,9,25,0,1681,0,0,9,25,1,1,1,1,0,0,12,0,1681,0,0,1681,0,0,1681,0,1,1,0,1681,0,0,1,0,4,12,0
1612,1,1,1,0,10,0,0,1681,0,0,10,0,0,0,0,1,1,0,0,0,1681,0,0,1681,0,0,1681,0,0,1,0,1681,0,0,,,,,0
1613,1,1,1,0,10,1,0,1681,0,0,10,1,0,1,0,1,0,1,0,0,1681,0,0,1681,0,0,1681,0,0,1,0,1681,0,0,,,,,0
1614,1,1,1,0,10,2,0,1681,0,0,10,2,0,0,0,1,1,0,1,0,1681,0,0,1681,0,0,1681,0,0,1,0,1681,0,0,,,,,0
1615,1,1,1,0,10,3,0,1681,0,0,10,3,0,1,0,1,0,1,1,0,1681,0,0,1681,0,0,1681,0,0,1,0,1681,0,0,,,,,0
1616,1,1,1,0,10,4,0,1681,0,0,10,4,0,0,0,1,1,0,2,0,1681,0,0,1681,0,0,1681,0,0,1,0,1681,0,0,,,,,0
1617,1,1,1,0,10,5,0,1665,0,0,10,5,0,1,0,1,0,1,2,0,1681,0,0,1681,0,0,1681,0,0,1,0,1681,0,0,,,,,0
1618,1,1,1,0,10,6,0,1546,0,0,10,6,0,0,0,1,1,0,3,0,1681,0,0,1681,0,0,1681,0,0,1,0,1681,0,0,,,,,0
1619,1,1,1,0,10,7,0,1062,64,0,10,7,0,1,0,1,0,1,3,0,1546,0,0,1546,64,0,1681,0,0,1,0,1681,64,0,,,,,0
1620,1,1,1,0,10,8,0,906,0,0,10,8,0,0,0,1,1,0,4,0,1546,0,0,1546,0,20,2023,641,0,1,20,2023,641,0,,,,,0
1621,1,1,1,0,10,9,0,971,0,0,10,9,0,1,0,1,0,1,4,0,906,0,0,971,0,20,2023,641,0,1,20,2023,641,0,,,,,0
1622,1,1,1,0,10,10,0,1542,0,0,10,10,0,0,0,1,1,0,5,0,906,0,0,1542,0,1892,2641,5313,0,1,1892,2641,5313,0,,,,,0
1623,1,1,1,0,10,11,779,1981,802,0,10,11,0,1,0,1,0,1,5,0,1542,0,779,1981,802,1892,2641,5313,0,1,1892,2641,5313,0,,,,,0
1624,1,1,1,0,10,12,2223,2807,2698,0,10,12,0,0,0,1,1,0,6,0,1542,0,2223,2807,2698,2084,1061,7205,0,1,2223,2807,7205,0,,,,,0
1625,1,1,1,0,10,13,937,1412,5935,0,10,13,0,1,0,1,0,1,6,2223,2807,2698,2223,2807,5935,2084,1061,7205,0,1,2223,2807,7205,0,,,,,0
1626,1,1,1,0,10,14,0,0,7096,0,10,14,0,0,0,1,1,0,7,2223,2807,2698,2223,2807,7096,841,0,4733,0,1,2223,2807,7096,0,,,,,0
1627,1,1,1,0,10,15,454,0,6256,0,10,15,0,1,0,1,0,1,7,0,0,7096,454,0,7096,841,0,4733,0,1,841,0,7096,0,,,,,0
1628,1,1,1,0,10,16,549,0,3374,0,10,16,0,0,0,1,1,0,8,0,0,7096,549,0,7096,373,0,0,0,1,549,0,7096,0,,,,,0
1629,1,1,1,0,10,17,2654,0,382,0,10,17,0,1,0,1,0,1,8,549,0,3374,2654,0,3374,373,0,0,0,1,2654,0,3374,0,,,,,0
1630,1,1,1,0,10,18,1418,0,0,0,10,18,0,0,0,1,1,0,9,549,0,3374,1418,0,3374,0,1681,0,0,1,1418,1681,3374,0,,,,,0
1631,1,1,1,0,10,19,0,1274,0,0,10,19,0,1,0,1,0,1,9,1418,0,0,1418,1274,0,0,1681,0,0,1,1418,1681,0,0,,,,,0
1632,1,1,1,0,10,20,0,1647,0,0,10,20,0,0,0,1,1,0,10,1418,0,0,1418,1647,0,0,1681,0,0,1,1418,1681,0,0,,,,,0
1633,1,1,1,0,10,21,0,1681,0,0,10,21,0,1,0,1,0,1,10,0,1647,0,0,1681,0,0,1681,0,0,1,0,1681,0,0,,,,,0
1634,1,1,1,0,10,22,0,1681,0,0,10,22,0,0,0,1,1,0,11,0,1647,0,0,1681,0,0,1681,0,0,1,0,1681,0,0,,,,,0
1635,1,1,1,0,10,23,0,1681,0,0,10,23,0,1,0,1,0,1,11,0,1681,0,0,1681,0,0,1681,0,0,1,0,1681,0,0,,,,,0
1636,1,1,1,0,10,24,0,1681,0,0,10,24,0,0,0,1,1,0,12,0,1681,0,0,1681,0,0,1681,0,0,1,0,1681,0,0,,,,,0
1637,1,1,1,0,10,25,0,1681,0,0,10,25,0,1,0,1,0,1,12,0,1681,0,0,1681,0,0,1681,0,0,1,0,1681,0,0,,,,,0
1638,1,1,1,0,11,0,0,1681,0,0,11,0,1,0,0,1,1,0,0,0,1681,0,0,1681,0,0,1681,0,0,1,0,1681,0,0,,,,,0
1639,1,1,1,0,11,1,0,1681,0,0,11,1,1,1,1,1,0,0,0,0,1681,0,0,1681,0,0,1681,0,1,1,0,1681,0,0,1,0,5,0,0
1640,1,1,1,0,11,2,0,1681,0,0,11,2,1,0,0,1,1,0,1,0,1681,0,0,1681,0,0,1681,0,0,1,0,1681,0,0,,,,,0
1641,1,1,1,0,11,3,0,1681,0,0,11,3,1,1,1,1,0,0,1,0,1681,0,0,1681,0,0,1681,0,1,1,0,1681,0,0,1,0,5,1,0
1642,1,1,1,0,11,4,0,1681,0,0,11,4,1,0,0,1,1,0,2,0,1681,0,0,1681,0,0,1681,0,0,1,0,1681,0,0,,,,,0
1643,1,1,1,0,11,5,0,1313,31,0,11,5,1,1,1,1,0,0,2,0,1681,0,0,1681,31,0,1681,0,1,1,0,1681,31,0,1,0,5,2,0
1644,1,1,1,0,11,6,0,0,264,0,11,6,1,0,0,1,1,0,3,0,1681,0,0,1681,264,0,1546,64,0,1,0,1681,264,0,,,,,0
1645,1,1,1,0,11,7,0,0,658,0,11,7,1,1,1,1,0,0,3,0,0,264,0,0,658,0,1546,64,1,1,0,1546,658,0,1,0,5,3,0
1646,1,1,1,0,11,8,0,0,60,0,11,8,1,0,0,1,1,0,4,0,0,264,0,0,264,0,971,0,0,1,0,971,264,0,,,,,0
1647,1,1,1,0,11,9,0,0,0,0,11,9,1,1,1,1,0,0,4,0,0,60,0,0,60,0,971,0,1,1,0,971,60,0,1,0,5,4,0
1648,1,1,1,0,11,10,0,0,0,0,11,10,1,0,0,1,1,0,5,0,0,60,0,0,60,779,1981,802,0,1,779,1981,802,0,,,,,0
1649,1,1,1,0,11,11,0,0,0,0,11,11,1,1,1,1,0,0,5,0,0,0,0,0,0,779,1981,802,1,1,779,1981,802,0,1,0,5,5,0
1650,1,1,1,0,11,12,328,1462,567,0,11,12,1,0,0,1,1,0,6,0,0,0,328,1462,567,2223,2807,5935,0,1,2223,2807,5935,0,,,,,0
1651,1,1,1,0,11,13,916,1388,3335,0,11,13,1,1,1,1,0,0,6,328,1462,567,916,1462,3335,2223,2807,5935,1,1,2223,2807,5935,0,1,0,5,6,0
1652,1,1,1,0,11,14,0,0,5901,0,11,14,1,0,0,1,1,0,7,328,1462,567,328,1462,5901,454,0,7096,0,1,454,1462,7096,0,,,,,0
1653,1,1,1,0,11,15,1045,0,7037,0,11,15,1,1,1,1,0,0,7,0,0,5901,1045,0,7037,454,0,7096,1,1,1045,0,7096,0,1,0,5,7,0
1654,1,1,1,0,11,16,1763,0,5278,0,11,16,1,0,0,1,1,0,8,0,0,5901,1763,0,5901,2654,0,3374,0,1,2654,0,5901,0,,,,,0
1655,1,1,1,0,11,17,2948,0,2142,0,11,17,1,1,1,1,0,0,8,1763,0,5278,2948,0,5278,2654,0,3374,1,1,2948,0,5278,0,1,0,5,8,0
1656,1,1,1,0,11,18,2190,0,46,0,11,18,1,0,0,1,1,0,9,1763,0,5278,2190,0,5278,1418,1274,0,0,1,2190,1274,5278,0,,,,,0
1657,1,1,1,0,11,19,0,723,0,0,11,19,1,1,1,1,0,0,9,2190,0,46,2190,723,46,1418,1274,0,1,1,2190,1274,46,0,1,0,5,9,0
1658,1,1,1,0,11,20,0,1524,0,0,11,20,1,0,0,1,1,0,10,2190,0,46,2190,1524,46,0,1681,0,0,1,2190,1681,46,0,,,,,0
1659,1,1,1,0,11,21,0,1681,0,0,11,21,1,1,1,1,0,0,10,0,1524,0,0,1681,0,0,1681,0,1,1,0,1681,0,0,1,0,5,10,0
1660,1,1,1,0,11,22,0,1681,0,0,11,22,1,0,0,1,1,0,11,0,1524,0,0,1681,0,0,1681,0,0,1,0,1681,0,0,,,,,0
1661,1,1,1,0,11,23,0,1681,0,0,11,23,1,1,1,1,0,0,11,0,1681,0,0,1681,0,0,1681,0,1,1,0,1681,0,0,1,0,5,11,0
1662,1,1,1,0,11,24,0,1681,0,0,11,24,1,0,0,1,1,0,12,0,1681,0,0,1681,0,0,1681,0,0,1,0,1681,0,0,,,,,0
1663,1,1,1,0,11,25,0,1681,0,0,11,25,1,1,1,1,0,0,12,0,1681,0,0,1681,0,0,1681,0,1,1,0,1681,0,0,1,0,5,12,0
1664,1,1,1,0,12,0,0,1681,0,0,12,0,0,0,0,1,1,0,0,0,1681,0,0,1681,0,0,1681,0,0,1,0,1681,0,0,,,,,0
1665,1,1,1,0,12,1,0,1681,0,0,12,1,0,1,0,1,0,1,0,0,1681,0,0,1681,0,0,1681,0,0,1,0,1681,0,0,,,,,0
1666,1,1,1,0,12,2,0,1681,0,0,12,2,0,0,0,1,1,0,1,0,1681,0,0,1681,0,0,1681,0,0,1,0,1681,0,0,,,,,0
1667,1,1,1,0,12,3,0,1599,0,0,12,3,0,1,0,1,0,1,1,0,1681,0,0,1681,0,0,1681,0,0,1,0,1681,0,0,,,,,0
1668,1,1,1,0,12,4,0,1253,21,0,12,4,0,0,0,1,1,0,2,0,1681,0,0,1681,21,0,1681,0,0,1,0,1681,21,0,,,,,0
1669,1,1,1,0,12,5,0,0,431,0,12,5,0,1,0,1,0,1,2,0,1253,21,0,1253,431,0,1681,0,0,1,0,1681,431,0,,,,,0
1670,1,1,1,0,12,6,0,0,1083,0,12,6,0,0,0,1,1,0,3,0,1253,21,0,1253,1083,0,1546,64,0,1,0,1546,1083,0,,,,,0
1671,1,1,1,0,12,7,0,0,1781,0,12,7,0,1,0,1,0,1,3,0,0,1083,0,0,1781,0,1546,64,0,1,0,1546,1781,0,,,,,0
1672,1,1,1,0,12,8,0,0,806,0,12,8,0,0,0,1,1,0,4,0,0,1083,0,0,1083,0,971,0,0,1,0,971,1083,0,,,,,0
1673,1,1,1,0,12,9,0,0,397,0,12,9,0,1,0,1,0,1,4,0,0,806,0,0,806,0,971,0,0,1,0,971,806,0,,,,,0
1674,1,1,1,0,12,10,0,0,0,0,12,10,0,0,0,1,1,0,5,0,0,806,0,0,806,779,1981,802,0,1,779,1981,806,0,,,,,0
1675,1,1,1,0,12,11,0,0,0,0,12,11,0,1,0,1,0,1,5,0,0,0,0,0,0,779,1981,802,0,1,779,1981,802,0,,,,,0
1676,1,1,1,0,12,12,0,0,0,0,12,12,0,0,0,1,1,0,6,0,0,0,0,0,0,2223,2807,5935,0,1,2223,2807,5935,0,,,,,0
1677,1,1,1,0,12,13,1226,378,1194,0,12,13,0,1,0,1,0,1,6,0,0,0,1226,378,1194,2223,2807,5935,0,1,2223,2807,5935,0,,,,,0
1678,1,1,1,0,12,14,52,213,4702,0,12,14,0,0,0,1,1,0,7,0,0,0,52,213,4702,454,0,7096,0,1,454,213,7096,0,,,,,0
1679,1,1,1,0,12,15,0,0,6832,0,12,15,0,1,0,1,0,1,7,52,213,4702,52,213,6832,454,0,7096,0,1,454,213,7096,0,,,,,0
1680,1,1,1,0,12,16,1507,0,6307,0,12,16,0,0,0,1,1,0,8,52,213,4702,1507,213,6307,2654,0,3374,0,1,2654,213,6307,0,,,,,0
1681,1,1,1,0,12,17,2166,0,3018,0,12,17,0,1,0,1,0,1,8,1507,0,6307,2166,0,6307,2654,0,3374,0,1,2654,0,6307,0,,,,,0
1682,1,1,1,0,12,18,2655,0,598,0,12,18,0,0,0,1,1,0,9,1507,0,6307,2655,0,6307,1418,1274,0,0,1,2655,1274,6307,0,,,,,0
1683,1,1,1,0,12,19,0,0,0,0,12,19,0,1,0,1,0,1,9,2655,0,598,2655,0,598,1418,1274,0,0,1,2655,1274,598,0,,,,,0
1684,1,1,1,0,12,20,0,1211,0,0,12,20,0,0,0,1,1,0,10,2655,0,598,2655,1211,598,0,1681,0,0,1,2655,1681,598,0,,,,,0
1685,1,1,1,0,12,21,0,1681,0,0,12,21,0,1,0,1,0,1,10,0,1211,0,0,1681,0,0,1681,0,0,1,0,1681,0,0,,,,,0
1686,1,1,1,0,12,22,0,1681,0,0,12,22,0,0,0,1,1,0,11,0,1211,0,0,1681,0,0,1681,0,0,1,0,1681,0,0,,,,,0
1687,1,1,1,0,12,23,0,1681,0,0,12,23,0,1,0,1,0,1,11,0,1681,0,0,1681,0,0,1681,0,0,1,0,1681,0,0,,,,,0
1688,1,1,1,0,12,24,0,1681,0,0,12,24,0,0,0,1,1,0,12,0,1681,0,0,1681,0,0,1681,0,0,1,0,1681,0,0,,,,,0
1689,1,1,1,0,12,25,0,1681,0,0,12,25,0,1,0,1,0,1,12,0,1681,0,0,1681,0,0,1681,0,0,1,0,1681,0,0,,,,,0
1690,1,1,1,0,13,0,0,1681,0,0,13,0,1,0,0,1,1,0,0,0,1681,0,0,1681,0,0,1681,0,0,1,0,1681,0,0,,,,,0
1691,1,1,1,0,13,1,0,1681,0,0,13,1,1,1,1,1,0,0,0,0,1681,0,0,1681,0,0,1681,0,1,1,0,1681,0,0,1,0,6,0,0
1692,1,1,1,0,13,2,0,1681,0,0,13,2,1,0,0,1,1,0,1,0,1681,0,0,1681,0,0,1681,0,0,1,0,1681,0,0,,,,,0
1693,1,1,1,0,13,3,0,1123,95,0,13,3,1,1,1,1,0,0,1,0,1681,0,0,1681,95,0,1681,0,1,1,0,1681,95,0,1,0,6,1,0
1694,1,1,1,0,13,4,0,0,466,0,13,4,1,0,0,1,1,0,2,0,1681,0,0,1681,466,0,1253,431,0,1,0,1681,466,0,,,,,0
1695,1,1,1,0,13,5,0,0,1406,0,13,5,1,1,1,1,0,0,2,0,0,466,0,0,1406,0,1253,431,1,1,0,1253,1406,0,1,0,6,2,0
1696,1,1,1,0,13,6,0,0,1839,0,13,6,1,0,0,1,1,0,3,0,0,466,0,0,1839,0,0,1781,0,1,0,0,1839,0,,,,,0
1697,1,1,1,0,13,7,0,0,2584,0,13,7,1,1,1,1,0,0,3,0,0,1839,0,0,2584,0,0,1781,1,1,0,0,2584,0,1,0,6,3,0
1698,1,1,1,0,13,8,0,0,3718,0,13,8,1,0,0,1,1,0,4,0,0,1839,0,0,3718,0,0,806,0,1,0,0,3718,0,,,,,0
1699,1,1,1,0,13,9,0,0,4293,0,13,9,1,1,1,1,0,0,4,0,0,3718,0,0,4293,0,0,806,1,1,0,0,4293,0,1,0,6,4,0
1700,1,1,1,0,13,10,0,0,2776,0,13,10,1,0,0,1,1,0,5,0,0,3718,0,0,3718,0,0,0,0,1,0,0,3718,0,,,,,0
1701,1,1,1,0,13,11,0,0,634,0,13,11,1,1,1,1,0,0,5,0,0,2776,0,0,2776,0,0,0,1,1,0,0,2776,0,1,0,6,5,0
1702,1,1,1,0,13,12,1081,0,0,0,13,12,1,0,0,1,1,0,6,0,0,2776,1081,0,2776,1226,378,1194,0,1,1226,378,2776,0,,,,,0
1703,1,1,1,0,13,13,1163,0,0,0,13,13,1,1,1,1,0,0,6,1081,0,0,1163,0,0,1226,378,1194,1,1,1226,378,1194,0,1,0,6,6,0
1704,1,1,1,0,13,14,534,0,2931,0,13,14,1,0,0,1,1,0,7,1081,0,0,1081,0,2931,52,213,6832,0,1,1081,213,6832,0,,,,,0
1705,1,1,1,0,13,15,0,0,5742,0,13,15,1,1,1,1,0,0,7,534,0,2931,534,0,5742,52,213,6832,1,1,534,213,6832,0,1,0,6,7,0
1706,1,1,1,0,13,16,1121,0,6685,0,13,16,1,0,0,1,1,0,8,534,0,2931,1121,0,6685,2166,0,6307,0,1,2166,0,6685,0,,,,,0
1707,1,1,1,0,13,17,2322,0,4033,0,13,17,1,1,1,1,0,0,8,1121,0,6685,2322,0,6685,2166,0,6307,1,1,2322,0,6685,0,1,0,6,8,0
1708,1,1,1,0,13,18,2922,0,1441,0,13,18,1,0,0,1,1,0,9,1121,0,6685,2922,0,6685,2655,0,598,0,1,2922,0,6685,0,,,,,0
1709,1,1,1,0,13,19,761,0,0,0,13,19,1,1,1,1,0,0,9,2922,0,1441,2922,0,1441,2655,0,598,1,1,2922,0,1441,0,1,0,6,9,0
1710,1,1,1,0,13,20,0,1081,0,0,13,20,1,0,0,1,1,0,10,2922,0,1441,2922,1081,1441,0,1681,0,0,1,2922,1681,1441,0,,,,,0
1711,1,1,1,0,13,21,0,1681,0,0,13,21,1,1,1,1,0,0,10,0,1081,0,0,1681,0,0,1681,0,1,1,0,1681,0,0,1,0,6,10,0
1712,1,1,1,0,13,22,0,1681,0,0,13,22,1,0,0,1,1,0,11,0,1081,0,0,1681,0,0,1681,0,0,1,0,1681,0,0,,,,,0
1713,1,1,1,0,13,23,0,1681,0,0,13,23,1,1,1,1,0,0,11,0,1681,0,0,1681,0,0,1681,0,1,1,0,1681,0,0,1,0,6,11,0
1714,1,1,1,0,13,24,0,1681,0,0,13,24,1,0,0,1,1,0,12,0,1681,0,0,1681,0,0,1681,0,0,1,0,1681,0,0,,,,,0
1715,1,1,1,0,13,25,0,1681,0,0,13,25,1,1,1,1,0,0,12,0,1681,0,0,1681,0,0,1681,0,1,1,0,1681,0,0,1,0,6,12,0
1716,1,1,1,0,14,0,0,1681,0,0,14,0,0,0,0,1,1,0,0,0,1681,0,0,1681,0,0,1681,0,0,1,0,1681,0,0,,,,,0
1717,1,1,1,0,14,1,0,1681,0,0,14,1,0,1,0,1,0,1,0,0,1681,0,0,1681,0,0,1681,0,0,1,0,1681,0,0,,,,,0
1718,1,1,1,0,14,2,0,1681,0,0,14,2,0,0,0,1,1,0,1,0,1681,0,0,1681,0,0,1681,0,0,1,0,1681,0,0,,,,,0
1719,1,1,1,0,14,3,0,892,363,0,14,3,0,1,0,1,0,1,1,0,1681,0,0,1681,363,0,1681,0,0,1,0,1681,363,0,,,,,0
1720,1,1,1,0,14,4,0,0,1316,0,14,4,0,0,0,1,1,0,2,0,1681,0,0,1681,1316,0,1253,431,0,1,0,1681,1316,0,,,,,0
1721,1,1,1,0,14,5,0,0,2762,0,14,5,0,1,0,1,0,1,2,0,0,1316,0,0,2762,0,1253,431,0,1,0,1253,2762,0,,,,,0
1722,1,1,1,0,14,6,0,0,3223,0,14,6,0,0,0,1,1,0,3,0,0,1316,0,0,3223,0,0,1781,0,1,0,0,3223,0,,,,,0
1723,1,1,1,0,14,7,1544,0,4234,0,14,7,0,1,0,1,0,1,3,0,0,3223,1544,0,4234,0,0,1781,0,1,1544,0,4234,0,,,,,0
1724,1,1,1,0,14,8,2725,0,5599,0,14,8,0,0,0,1,1,0,4,0,0,3223,2725,0,5599,0,0,806,0,1,2725,0,5599,0,,,,,0
1725,1,1,1,0,14,9,2771,0,6321,0,14,9,0,1,0,1,0,1,4,2725,0,5599,2771,0,6321,0,0,806,0,1,2771,0,6321,0,,,,,0
1726,1,1,1,0,14,10,1681,0,6005,0,14,10,0,0,0,1,1,0,5,2725,0,5599,2725,0,6005,0,0,0,0,1,2725,0,6005,0,,,,,0
1727,1,1,1,0,14,11,1752,0,3657,0,14,11,0,1,0,1,0,1,5,1681,0,6005,1752,0,6005,0,0,0,0,1,1752,0,6005,0,,,,,0
1728,1,1,1,0,14,12,2834,0,1162,0,14,12,0,0,0,1,1,0,6,1681,0,6005,2834,0,6005,1226,378,1194,0,1,2834,378,6005,0,,,,,0
1729,1,1,1,0,14,13,1535,0,34,0,14,13,0,1,0,1,0,1,6,2834,0,1162,2834,0,1162,1226,378,1194,0,1,2834,378,1194,0,,,,,0
1730,1,1,1,0,14,14,0,0,1991,0,14,14,0,0,0,1,1,0,7,2834,0,1162,2834,0,1991,52,213,6832,0,1,2834,213,6832,0,,,,,0
1731,1,1,1,0,14,15,0,0,4531,0,14,15,0,1,0,1,0,1,7,0,0,1991,0,0,4531,52,213,6832,0,1,52,213,6832,0,,,,,0
1732,1,1,1,0,14,16,300,0,6008,0,14,16,0,0,0,1,1,0,8,0,0,1991,300,0,6008,2166,0,6307,0,1,2166,0,6307,0,,,,,0
1733,1,1,1,0,14,17,2082,0,4381,0,14,17,0,1,0,1,0,1,8,300,0,6008,2082,0,6008,2166,0,6307,0,1,2166,0,6307,0,,,,,0
1734,1,1,1,0,14,18,2771,0,2337,0,14,18,0,0,0,1,1,0,9,300,0,6008,2771,0,6008,2655,0,598,0,1,2771,0,6008,0,,,,,0
1735,1,1,1,0,14,19,966,0,242,0,14,19,0,1,0,1,0,1,9,2771,0,2337,2771,0,2337,2655,0,598,0,1,2771,0,2337,0,,,,,0
1736,1,1,1,0,14,20,0,545,0,0,14,20,0,0,0,1,1,0,10,2771,0,2337,2771,545,2337,0,1681,0,0,1,2771,1681,2337,0,,,,,0
1737,1,1,1,0,14,21,0,1647,0,0,14,21,0,1,0,1,0,1,10,0,545,0,0,1647,0,0,1681,0,0,1,0,1681,0,0,,,,,0
1738,1,1,1,0,14,22,0,1681,0,0,14,22,0,0,0,1,1,0,11,0,545,0,0,1681,0,0,1681,0,0,1,0,1681,0,0,,,,,0
1739,1,1,1,0,14,23,0,1681,0,0,14,23,0,1,0,1,0,1,11,0,1681,0,0,1681,0,0,1681,0,0,1,0,1681,0,0,,,,,0
1740,1,1,1,0,14,24,0,1681,0,0,14,24,0,0,0,1,1,0,12,0,1681,0,0,1681,0,0,1681,0,0,1,0,1681,0,0,,,,,0
1741,1,1,1,0,14,25,0,1681,0,0,14,25,0,1,0,1,0,1,12,0,1681,0,0,1681,0,0,1681,0,0,1,0,1681,0,0,,,,,0
1742,1,1,1,0,15,0,0,1681,0,0,15,0,1,0,0,1,1,0,0,0,1681,0,0,1681,0,0,1681,0,0,1,0,1681,0,0,,,,,0
1743,1,1,1,0,15,1,0,1681,0,0,15,1,1,1,1,1,0,0,0,0,1681,0,0,1681,0,0,1681,0,1,1,0,1681,0,0,1,0,7,0,0
1744,1,1,1,0,15,2,0,1681,0,0,15,2,1,0,0,1,1,0,1,0,1681,0,0,1681,0,0,1681,363,0,1,0,1681,363,0,,,,,0
1745,1,1,1,0,15,3,0,1046,463,0,15,3,1,1,1,1,0,0,1,0,1681,0,0,1681,463,0,1681,363,1,1,0,1681,463,0,1,0,7,1,0
1746,1,1,1,0,15,4,0,0,1873,0,15,4,1,0,0,1,1,0,2,0,1681,0,0,1681,1873,0,0,2762,0,1,0,1681,2762,0,,,,,0
1747,1,1,1,0,15,5,0,0,4269,0,15,5,1,1,1,1,0,0,2,0,0,1873,0,0,4269,0,0,2762,1,1,0,0,4269,0,1,0,7,2,0
1748,1,1,1,0,15,6,0,0,5539,0,15,6,1,0,0,1,1,0,3,0,0,1873,0,0,5539,1544,0,4234,0,1,1544,0,5539,0,,,,,0
1749,1,1,1,0,15,7,2747,0,6179,0,15,7,1,1,1,1,0,0,3,0,0,5539,2747,0,6179,1544,0,4234,1,1,2747,0,6179,0,1,0,7,3,0
1750,1,1,1,0,15,8,2972,0,6355,0,15,8,1,0,0,1,1,0,4,0,0,5539,2972,0,6355,2771,0,6321,0,1,2972,0,6355,0,,,,,0
1751,1,1,1,0,15,9,2972,0,6418,0,15,9,1,1,1,1,0,0,4,2972,0,6355,2972,0,6418,2771,0,6321,1,1,2972,0,6418,0,1,0,7,4,0
1752,1,1,1,0,15,10,2915,0,6357,0,15,10,1,0,0,1,1,0,5,2972,0,6355,2972,0,6357,1752,0,6005,0,1,2972,0,6357,0,,,,,0
1753,1,1,1,0,15,11,2048,0,4931,0,15,11,1,1,1,1,0,0,5,2915,0,6357,2915,0,6357,1752,0,6005,1,1,2915,0,6357,0,1,0,7,5,0
1754,1,1,1,0,15,12,1456,0,2923,0,15,12,1,0,0,1,1,0,6,2915,0,6357,2915,0,6357,2834,0,1162,0,1,2915,0,6357,0,,,,,0
1755,1,1,1,0,15,13,1026,0,385,0,15,13,1,1,1,1,0,0,6,1456,0,2923,1456,0,2923,2834,0,1162,1,1,2834,0,2923,0,1,0,7,6,0
1756,1,1,1,0,15,14,0,0,1220,0,15,14,1,0,0,1,1,0,7,1456,0,2923,1456,0,2923,0,0,4531,0,1,1456,0,4531,0,,,,,0
1757,1,1,1,0,15,15,0,0,3814,0,15,15,1,1,1,1,0,0,7,0,0,1220,0,0,3814,0,0,4531,1,1,0,0,4531,0,1,0,7,7,0
1758,1,1,1,0,15,16,0,0,5532,0,15,16,1,0,0,1,1,0,8,0,0,1220,0,0,5532,2082,0,6008,0,1,2082,0,6008,0,,,,,0
1759,1,1,1,0,15,17,846,0,4811,0,15,17,1,1,1,1,0,0,8,0,0,5532,846,0,5532,2082,0,6008,1,1,2082,0,6008,0,1,0,7,8,0
1760,1,1,1,0,15,18,1644,0,2749,0,15,18,1,0,0,1,1,0,9,0,0,5532,1644,0,5532,2771,0,2337,0,1,2771,0,5532,0,,,,,0
1761,1,1,1,0,15,19,1752,0,49,0,15,19,1,1,1,1,0,0,9,1644,0,2749,1752,0,2749,2771,0,2337,1,1,2771,0,2749,0,1,0,7,9,0
1762,1,1,1,0,15,20,512,0,0,0,15,20,1,0,0,1,1,0,10,1644,0,2749,1644,0,2749,0,1647,0,0,1,1644,1647,2749,0,,,,,0
1763,1,1,1,0,15,21,0,1611,0,0,15,21,1,1,1,1,0,0,10,512,0,0,512,1611,0,0,1647,0,1,1,512,1647,0,0,1,0,7,10,0
1764,1,1,1,0,15,22,0,1681,0,0,15,22,1,0,0,1,1,0,11,512,0,0,512,1681,0,0,1681,0,0,1,512,1681,0,0,,,,,0
1765,1,1,1,0,15,23,0,1681,0,0,15,23,1,1,1,1,0,0,11,0,1681,0,0,1681,0,0,1681,0,1,1,0,1681,0,0,1,0,7,11,0
1766,1,1,1,0,15,24,0,1681,0,0,15,24,1,0,0,1,1,0,12,0,1681,0,0,1681,0,0,1681,0,0,1,0,1681,0,0,,,,,0
1767,1,1,1,0,15,25,0,1681,0,0,15,25,1,1,1,1,0,0,12,0,1681,0,0,1681,0,0,1681,0,1,1,0,1681,0,0,1,0,7,12,0
1768,1,1,1,0,16,0,0,1681,0,0,16,0,0,0,0,1,1,0,0,0,1681,0,0,1681,0,0,1681,0,0,1,0,1681,0,0,,,,,0
1769,1,1,1,0,16,1,0,1681,0,0,16,1,0,1,0,1,0,1,0,0,1681,0,0,1681,0,0,1681,0,0,1,0,1681,0,0,,,,,0
1770,1,1,1,0,16,2,0,1681,0,0,16,2,0,0,0,1,1,0,1,0,1681,0,0,1681,0,0,1681,363,0,1,0,1681,363,0,,,,,0
1771,1,1,1,0,16,3,0,1508,360,0,16,3,0,1,0,1,0,1,1,0,1681,0,0,1681,360,0,1681,363,0,1,0,1681,363,0,,,,,0
1772,1,1,1,0,16,4,0,1384,1613,0,16,4,0,0,0,1,1,0,2,0,1681,0,0,1681,1613,0,0,2762,0,1,0,1681,2762,0,,,,,0
1773,1,1,1,0,16,5,0,111,4357,0,16,5,0,1,0,1,0,1,2,0,1384,1613,0,1384,4357,0,0,2762,0,1,0,1384,4357,0,,,,,0
1774,1,1,1,0,16,6,697,0,6207,0,16,6,0,0,0,1,1,0,3,0,1384,1613,697,1384,6207,1544,0,4234,0,1,1544,1384,6207,0,,,,,0
1775,1,1,1,0,16,7,2768,0,6901,0,16,7,0,1,0,1,0,1,3,697,0,6207,2768,0,6901,1544,0,4234,0,1,2768,0,6901,0,,,,,0
1776,1,1,1,0,16,8,2902,0,6654,0,16,8,0,0,0,1,1,0,4,697,0,6207,2902,0,6654,2771,0,6321,0,1,2902,0,6654,0,,,,,0
1777,1,1,1,0,16,9,2983,0,6426,0,16,9,0,1,0,1,0,1,4,2902,0,6654,2983,0,6654,2771,0,6321,0,1,2983,0,6654,0,,,,,0
1778,1,1,1,0,16,10,2945,0,6402,0,16,10,0,0,0,1,1,0,5,2902,0,6654,2945,0,6654,1752,0,6005,0,1,2945,0,6654,0,,,,,0
1779,1,1,1,0,16,11,1366,0,5776,0,16,11,0,1,0,1,0,1,5,2945,0,6402,2945,0,6402,1752,0,6005,0,1,2945,0,6402,0,,,,,0
1780,1,1,1,0,16,12,0,0,4048,0,16,12,0,0,0,1,1,0,6,2945,0,6402,2945,0,6402,2834,0,1162,0,1,2945,0,6402,0,,,,,0
1781,1,1,1,0,16,13,507,0,658,0,16,13,0,1,0,1,0,1,6,0,0,4048,507,0,4048,2834,0,1162,0,1,2834,0,4048,0,,,,,0
1782,1,1,1,0,16,14,1104,0,1003,0,16,14,0,0,0,1,1,0,7,0,0,4048,1104,0,4048,0,0,4531,0,1,1104,0,4531,0,,,,,0
1783,1,1,1,0,16,15,0,0,3302,0,16,15,0,1,0,1,0,1,7,1104,0,1003,1104,0,3302,0,0,4531,0,1,1104,0,4531,0,,,,,0
1784,1,1,1,0,16,16,58,0,5612,0,16,16,0,0,0,1,1,0,8,1104,0,1003,1104,0,5612,2082,0,6008,0,1,2082,0,6008,0,,,,,0
1785,1,1,1,0,16,17,1323,0,5599,0,16,17,0,1,0,1,0,1,8,58,0,5612,1323,0,5612,2082,0,6008,0,1,2082,0,6008,0,,,,,0
1786,1,1,1,0,16,18,2138,0,3691,0,16,18,0,0,0,1,1,0,9,58,0,5612,2138,0,5612,2771,0,2337,0,1,2771,0,5612,0,,,,,0
1787,1,1,1,0,16,19,2935,0,817,0,16,19,0,1,0,1,0,1,9,2138,0,3691,2935,0,3691,2771,0,2337,0,1,2935,0,3691,0,,,,,0
1788,1,1,1,0,16,20,1490,0,0,0,16,20,0,0,0,1,1,0,10,2138,0,3691,2138,0,3691,0,1647,0,0,1,2138,1647,3691,0,,,,,0
1789,1,1,1,0,16,21,0,1543,0,0,16,21,0,1,0,1,0,1,10,1490,0,0,1490,1543,0,0,1647,0,0,1,1490,1647,0,0,,,,,0
1790,1,1,1,0,16,22,0,1681,0,0,16,22,0,0,0,1,1,0,11,1490,0,0,1490,1681,0,0,1681,0,0,1,1490,1681,0,0,,,,,0
1791,1,1,1,0,16,23,0,1681,0,0,16,23,0,1,0,1,0,1,11,0,1681,0,0,1681,0,0,1681,0,0,1,0,1681,0,0,,,,,0
1792,1,1,1,0,16,24,0,1681,0,0,16,24,0,0,0,1,1,0,12,0,1681,0,0,1681,0,0,1681,0,0,1,0,1681,0,0,,,,,0
1793,1,1,1,0,16,25,0,1681,0,0,16,25,0,1,0,1,0,1,12,0,1681,0,0,1681,0,0,1681,0,0,1,0,1681,0,0,,,,,0
1794,1,1,1,0,17,0,0,1681,0,0,17,0,1,0,0,1,1,0,0,0,1681,0,0,1681,0,0,1681,0,0,1,0,1681,0,0,,,,,0
1795,1,1,1,0,17,1,0,1681,0,0,17,1,1,1,1,1,0,0,0,0,1681,0,0,1681,0,0,1681,0,1,1,0,1681,0,0,1,0,8,0,0
1796,1,1,1,0,17,2,0,1681,0,0,17,2,1,0,0,1,1,0,1,0,1681,0,0,1681,0,0,1681,360,0,1,0,1681,360,0,,,,,0
1797,1,1,1,0,17,3,0,1743,107,0,17,3,1,1,1,1,0,0,1,0,1681,0,0,1743,107,0,1681,360,1,1,0,1743,360,0,1,0,8,1,0
1798,1,1,1,0,17,4,539,2095,830,0,17,4,1,0,0,1,1,0,2,0,1681,0,539,2095,830,0,1384,4357,0,1,539,2095,4357,0,,,,,0
1799,1,1,1,0,17,5,1402,1503,3521,0,17,5,1,1,1,1,0,0,2,539,2095,830,1402,2095,3521,0,1384,4357,1,1,1402,2095,4357,0,1,0,8,2,0
1800,1,1,1,0,17,6,928,1332,5846,0,17,6,1,0,0,1,1,0,3,539,2095,830,928,2095,5846,2768,0,6901,0,1,2768,2095,6901,0,,,,,0
1801,1,1,1,0,17,7,1598,0,7255,0,17,7,1,1,1,1,0,0,3,928,1332,5846,1598,1332,7255,2768,0,6901,1,1,2768,1332,7255,0,1,0,8,3,0
1802,1,1,1,0,17,8,2166,0,6963,0,17,8,1,0,0,1,1,0,4,928,1332,5846,2166,1332,6963,2983,0,6654,0,1,2983,1332,6963,0,,,,,0
1803,1,1,1,0,17,9,2984,0,6484,0,17,9,1,1,1,1,0,0,4,2166,0,6963,2984,0,6963,2983,0,6654,1,1,2984,0,6963,0,1,0,8,4,0
1804,1,1,1,0,17,10,3007,0,6433,0,17,10,1,0,0,1,1,0,5,2166,0,6963,3007,0,6963,2945,0,6402,0,1,3007,0,6963,0,,,,,0
1805,1,1,1,0,17,11,2462,0,6309,0,17,11,1,1,1,1,0,0,5,3007,0,6433,3007,0,6433,2945,0,6402,1,1,3007,0,6433,0,1,0,8,5,0
1806,1,1,1,0,17,12,1328,0,5660,0,17,12,1,0,0,1,1,0,6,3007,0,6433,3007,0,6433,507,0,4048,0,1,3007,0,6433,0,,,,,0
1807,1,1,1,0,17,13,736,0,3062,0,17,13,1,1,1,1,0,0,6,1328,0,5660,1328,0,5660,507,0,4048,1,1,1328,0,5660,0,1,0,8,6,0
1808,1,1,1,0,17,14,2510,0,1948,0,17,14,1,0,0,1,1,0,7,1328,0,5660,2510,0,5660,1104,0,3302,0,1,2510,0,5660,0,,,,,0
1809,1,1,1,0,17,15,669,0,2974,0,17,15,1,1,1,1,0,0,7,2510,0,1948,2510,0,2974,1104,0,3302,1,1,2510,0,3302,0,1,0,8,7,0
1810,1,1,1,0,17,16,228,0,5735,0,17,16,1,0,0,1,1,0,8,2510,0,1948,2510,0,5735,1323,0,5612,0,1,2510,0,5735,0,,,,,0
1811,1,1,1,0,17,17,1734,0,6068,0,17,17,1,1,1,1,0,0,8,228,0,5735,1734,0,6068,1323,0,5612,1,1,1734,0,6068,0,1,0,8,8,0
1812,1,1,1,0,17,18,2758,0,4580,0,17,18,1,0,0,1,1,0,9,228,0,5735,2758,0,5735,2935,0,3691,0,1,2935,0,5735,0,,,,,0
1813,1,1,1,0,17,19,3213,0,1780,0,17,19,1,1,1,1,0,0,9,2758,0,4580,3213,0,4580,2935,0,3691,1,1,3213,0,4580,0,1,0,8,9,0
1814,1,1,1,0,17,20,1779,0,255,0,17,20,1,0,0,1,1,0,10,2758,0,4580,2758,0,4580,1490,1543,0,0,1,2758,1543,4580,0,,,,,0
1815,1,1,1,0,17,21,0,1313,0,0,17,21,1,1,1,1,0,0,10,1779,0,255,1779,1313,255,1490,1543,0,1,1,1779,1543,255,0,1,0,8,10,0
1816,1,1,1,0,17,22,0,1647,0,0,17,22,1,0,0,1,1,0,11,1779,0,255,1779,1647,255,0,1681,0,0,1,1779,1681,255,0,,,,,0
1817,1,1,1,0,17,23,0,1681,0,0,17,23,1,1,1,1,0,0,11,0,1647,0,0,1681,0,0,1681,0,1,1,0,1681,0,0,1,0,8,11,0
1818,1,1,1,0,17,24,0,1681,0,0,17,24,1,0,0,1,1,0,12,0,1647,0,0,1681,0,0,1681,0,0,1,0,1681,0,0,,,,,0
1819,1,1,1,0,17,25,0,1681,0,0,17,25,1,1,1,1,0,0,12,0,1681,0,0,1681,0,0,1681,0,1,1,0,1681,0,0,1,0,8,12,0
1820,1,1,1,0,18,0,0,1681,0,0,18,0,0,0,0,1,1,0,0,0,1681,0,0,1681,0,0,1681,0,0,1,0,1681,0,0,,,,,0
1821,1,1,1,0,18,1,0,1681,0,0,18,1,0,1,0,1,0,1,0,0,1681,0,0,1681,0,0,1681,0,0,1,0,1681,0,0,,,,,0
1822,1,1,1,0,18,2,0,1681,0,0,18,2,0,0,0,1,1,0,1,0,1681,0,0,1681,0,0,1681,360,0,1,0,1681,360,0,,,,,0
1823,1,1,1,0,18,3,0,1702,0,0,18,3,0,1,0,1,0,1,1,0,1681,0,0,1702,0,0,1681,360,0,1,0,1702,360,0,,,,,0
1824,1,1,1,0,18,4,0,1827,174,0,18,4,0,0,0,1,1,0,2,0,1681,0,0,1827,174,0,1384,4357,0,1,0,1827,4357,0,,,,,0
1825,1,1,1,0,18,5,1081,2013,1555,0,18,5,0,1,0,1,0,1,2,0,1827,174,1081,2013,1555,0,1384,4357,0,1,1081,2013,4357,0,,,,,0
1826,1,1,1,0,18,6,2290,3302,3569,0,18,6,0,0,0,1,1,0,3,0,1827,174,2290,3302,3569,2768,0,6901,0,1,2768,3302,6901,0,,,,,0
1827,1,1,1,0,18,7,1976,2519,6364,0,18,7,0,1,0,1,0,1,3,2290,3302,3569,2290,3302,6364,2768,0,6901,0,1,2768,3302,6901,0,,,,,0
1828,1,1,1,0,18,8,1323,0,7313,0,18,8,0,0,0,1,1,0,4,2290,3302,3569,2290,3302,7313,2983,0,6654,0,1,2983,3302,7313,0,,,,,0
1829,1,1,1,0,18,9,2684,0,6987,0,18,9,0,1,0,1,0,1,4,1323,0,7313,2684,0,7313,2983,0,6654,0,1,2983,0,7313,0,,,,,0
1830,1,1,1,0,18,10,2981,0,6473,0,18,10,0,0,0,1,1,0,5,1323,0,7313,2981,0,7313,2945,0,6402,0,1,2981,0,7313,0,,,,,0
1831,1,1,1,0,18,11,2944,0,6413,0,18,11,0,1,0,1,0,1,5,2981,0,6473,2981,0,6473,2945,0,6402,0,1,2981,0,6473,0,,,,,0
1832,1,1,1,0,18,12,2640,0,6268,0,18,12,0,0,0,1,1,0,6,2981,0,6473,2981,0,6473,507,0,4048,0,1,2981,0,6473,0,,,,,0
1833,1,1,1,0,18,13,1108,0,4931,0,18,13,0,1,0,1,0,1,6,2640,0,6268,2640,0,6268,507,0,4048,0,1,2640,0,6268,0,,,,,0
1834,1,1,1,0,18,14,2447,0,3071,0,18,14,0,0,0,1,1,0,7,2640,0,6268,2640,0,6268,1104,0,3302,0,1,2640,0,6268,0,,,,,0
1835,1,1,1,0,18,15,2144,0,3009,0,18,15,0,1,0,1,0,1,7,2447,0,3071,2447,0,3071,1104,0,3302,0,1,2447,0,3302,0,,,,,0
1836,1,1,1,0,18,16,23,0,5408,0,18,16,0,0,0,1,1,0,8,2447,0,3071,2447,0,5408,1323,0,5612,0,1,2447,0,5612,0,,,,,0
1837,1,1,1,0,18,17,891,0,6139,0,18,17,0,1,0,1,0,1,8,23,0,5408,891,0,6139,1323,0,5612,0,1,1323,0,6139,0,,,,,0
1838,1,1,1,0,18,18,2025,0,5059,0,18,18,0,0,0,1,1,0,9,23,0,5408,2025,0,5408,2935,0,3691,0,1,2935,0,5408,0,,,,,0
1839,1,1,1,0,18,19,3023,0,1989,0,18,19,0,1,0,1,0,1,9,2025,0,5059,3023,0,5059,2935,0,3691,0,1,3023,0,5059,0,,,,,0
1840,1,1,1,0,18,20,2388,0,213,0,18,20,0,0,0,1,1,0,10,2025,0,5059,2388,0,5059,1490,1543,0,0,1,2388,1543,5059,0,,,,,0
1841,1,1,1,0,18,21,0,1075,0,0,18,21,0,1,0,1,0,1,10,2388,0,213,2388,1075,213,1490,1543,0,0,1,2388,1543,213,0,,,,,0
1842,1,1,1,0,18,22,0,1611,0,0,18,22,0,0,0,1,1,0,11,2388,0,213,2388,1611,213,0,1681,0,0,1,2388,1681,213,0,,,,,0
1843,1,1,1,0,18,23,0,1681,0,0,18,23,0,1,0,1,0,1,11,0,1611,0,0,1681,0,0,1681,0,0,1,0,1681,0,0,,,,,0
1844,1,1,1,0,18,24,0,1681,0,0,18,24,0,0,0,1,1,0,12,0,1611,0,0,1681,0,0,1681,0,0,1,0,1681,0,0,,,,,0
1845,1,1,1,0,18,25,0,1681,0,0,18,25,0,1,0,1,0,1,12,0,1681,0,0,1681,0,0,1681,0,0,1,0,1681,0,0,,,,,0
1846,1,1,1,0,19,0,0,1681,0,0,19,0,1,0,0,1,1,0,0,0,1681,0,0,1681,0,0,1681,0,0,1,0,1681,0,0,,,,,0
1847,1,1,1,0,19,1,0,1681,0,0,19,1,1,1,1,1,0,0,0,0,1681,0,0,1681,0,0,1681,0,1,1,0,1681,0,0,1,0,9,0,0
1848,1,1,1,0,19,2,0,1681,0,0,19,2,1,0,0,1,1,0,1,0,1681,0,0,1681,0,0,1702,0,0,1,0,1702,0,0,,,,,0
1849,1,1,1,0,19,3,0,1685,0,0,19,3,1,1,1,1,0,0,1,0,1681,0,0,1685,0,0,1702,0,1,1,0,1702,0,0,1,0,9,1,0
1850,1,1,1,0,19,4,0,1720,0,0,19,4,1,0,0,1,1,0,2,0,1681,0,0,1720,0,1081,2013,1555,0,1,1081,2013,1555,0,,,,,0
1851,1,1,1,0,19,5,216,2050,355,0,19,5,1,1,1,1,0,0,2,0,1720,0,216,2050,355,1081,2013,1555,1,1,1081,2050,1555,0,1,0,9,2,0
1852,1,1,1,0,19,6,2128,3012,1553,0,19,6,1,0,0,1,1,0,3,0,1720,0,2128,3012,1553,2290,3302,6364,0,1,2290,3302,6364,0,,,,,0
1853,1,1,1,0,19,7,3098,3611,4388,0,19,7,1,1,1,1,0,0,3,2128,3012,1553,3098,3611,4388,2290,3302,6364,1,1,3098,3611,6364,0,1,0,9,3,0
1854,1,1,1,0,19,8,1146,2905,6581,0,19,8,1,0,0,1,1,0,4,2128,3012,1553,2128,3012,6581,2684,0,7313,0,1,2684,3012,7313,0,,,,,0
1855,1,1,1,0,19,9,1820,392,7496,0,19,9,1,1,1,1,0,0,4,1146,2905,6581,1820,2905,7496,2684,0,7313,1,1,2684,2905,7496,0,1,0,9,4,0
1856,1,1,1,0,19,10,2810,0,6973,0,19,10,1,0,0,1,1,0,5,1146,2905,6581,2810,2905,6973,2981,0,6473,0,1,2981,2905,6973,0,,,,,0
1857,1,1,1,0,19,11,2907,0,6645,0,19,11,1,1,1,1,0,0,5,2810,0,6973,2907,0,6973,2981,0,6473,1,1,2981,0,6973,0,1,0,9,5,0
1858,1,1,1,0,19,12,2880,0,6403,0,19,12,1,0,0,1,1,0,6,2810,0,6973,2880,0,6973,2640,0,6268,0,1,2880,0,6973,0,,,,,0
1859,1,1,1,0,19,13,1552,0,5924,0,19,13,1,1,1,1,0,0,6,2880,0,6403,2880,0,6403,2640,0,6268,1,1,2880,0,6403,0,1,0,9,6,0
1860,1,1,1,0,19,14,483,0,4098,0,19,14,1,0,0,1,1,0,7,2880,0,6403,2880,0,6403,2447,0,3071,0,1,2880,0,6403,0,,,,,0
1861,1,1,1,0,19,15,963,0,3487,0,19,15,1,1,1,1,0,0,7,483,0,4098,963,0,4098,2447,0,3071,1,1,2447,0,4098,0,1,0,9,7,0
1862,1,1,1,0,19,16,167,0,4431,0,19,16,1,0,0,1,1,0,8,483,0,4098,483,0,4431,891,0,6139,0,1,891,0,6139,0,,,,,0
1863,1,1,1,0,19,17,1411,0,5403,0,19,17,1,1,1,1,0,0,8,167,0,4431,1411,0,5403,891,0,6139,1,1,1411,0,6139,0,1,0,9,8,0
1864,1,1,1,0,19,18,3476,0,5342,0,19,18,1,0,0,1,1,0,9,167,0,4431,3476,0,5342,3023,0,5059,0,1,3476,0,5342,0,,,,,0
1865,1,1,1,0,19,19,4085,0,2520,0,19,19,1,1,1,1,0,0,9,3476,0,5342,4085,0,5342,3023,0,5059,1,1,4085,0,5342,0,1,0,9,9,0
1866,1,1,1,0,19,20,3296,581,997,0,19,20,1,0,0,1,1,0,10,3476,0,5342,3476,581,5342,2388,1075,213,0,1,3476,1075,5342,0,,,,,0
1867,1,1,1,0,19,21,0,1540,84,0,19,21,1,1,1,1,0,0,10,3296,581,997,3296,1540,997,2388,1075,213,1,1,3296,1540,997,0,1,0,9,10,0
1868,1,1,1,0,19,22,0,1665,0,0,19,22,1,0,0,1,1,0,11,3296,581,997,3296,1665,997,0,1681,0,0,1,3296,1681,997,0,,,,,0
1869,1,1,1,0,19,23,0,1681,0,0,19,23,1,1,1,1,0,0,11,0,1665,0,0,1681,0,0,1681,0,1,1,0,1681,0,0,1,0,9,11,0
1870,1,1,1,0,19,24,0,1681,0,0,19,24,1,0,0,1,1,0,12,0,1665,0,0,1681,0,0,1681,0,0,1,0,1681,0,0,,,,,0
1871,1,1,1,0,19,25,0,1681,0,0,19,25,1,1,1,1,0,0,12,0,1681,0,0,1681,0,0,1681,0,1,1,0,1681,0,0,1,0,9,12,0
1872,1,1,1,0,20,0,0,1681,0,0,20,0,0,0,0,1,1,0,0,0,1681,0,0,1681,0,0,1681,0,0,1,0,1681,0,0,,,,,0
1873,1,1,1,0,20,1,0,1681,0,0,20,1,0,1,0,1,0,1,0,0,1681,0,0,1681,0,0,1681,0,0,1,0,1681,0,0,,,,,0
1874,1,1,1,0,20,2,0,1681,0,0,20,2,0,0,0,1,1,0,1,0,1681,0,0,1681,0,0,1702,0,0,1,0,1702,0,0,,,,,0
1875,1,1,1,0,20,3,0,1681,0,0,20,3,0,1,0,1,0,1,1,0,1681,0,0,1681,0,0,1702,0,0,1,0,1702,0,0,,,,,0
1876,1,1,1,0,20,4,0,1681,0,0,20,4,0,0,0,1,1,0,2,0,1681,0,0,1681,0,1081,2013,1555,0,1,1081,2013,1555,0,,,,,0
1877,1,1,1,0,20,5,0,1716,0,0,20,5,0,1,0,1,0,1,2,0,1681,0,0,1716,0,1081,2013,1555,0,1,1081,2013,1555,0,,,,,0
1878,1,1,1,0,20,6,0,1886,138,0,20,6,0,0,0,1,1,0,3,0,1681,0,0,1886,138,2290,3302,6364,0,1,2290,3302,6364,0,,,,,0
1879,1,1,1,0,20,7,1392,2334,1114,0,20,7,0,1,0,1,0,1,3,0,1886,138,1392,2334,1114,2290,3302,6364,0,1,2290,3302,6364,0,,,,,0
1880,1,1,1,0,20,8,1864,1989,3994,0,20,8,0,0,0,1,1,0,4,0,1886,138,1864,1989,3994,2684,0,7313,0,1,2684,1989,7313,0,,,,,0
1881,1,1,1,0,20,9,1013,1818,6352,0,20,9,0,1,0,1,0,1,4,1864,1989,3994,1864,1989,6352,2684,0,7313,0,1,2684,1989,7313,0,,,,,0
1882,1,1,1,0,20,10,1617,0,7272,0,20,10,0,0,0,1,1,0,5,1864,1989,3994,1864,1989,7272,2981,0,6473,0,1,2981,1989,7272,0,,,,,0
1883,1,1,1,0,20,11,2155,0,6960,0,20,11,0,1,0,1,0,1,5,1617,0,7272,2155,0,7272,2981,0,6473,0,1,2981,0,7272,0,,,,,0
1884,1,1,1,0,20,12,2954,0,6480,0,20,12,0,0,0,1,1,0,6,1617,0,7272,2954,0,7272,2640,0,6268,0,1,2954,0,7272,0,,,,,0
1885,1,1,1,0,20,13,2661,0,6351,0,20,13,0,1,0,1,0,1,6,2954,0,6480,2954,0,6480,2640,0,6268,0,1,2954,0,6480,0,,,,,0
1886,1,1,1,0,20,14,914,0,5793,0,20,14,0,0,0,1,1,0,7,2954,0,6480,2954,0,6480,2447,0,3071,0,1,2954,0,6480,0,,,,,0
1887,1,1,1,0,20,15,302,0,4830,0,20,15,0,1,0,1,0,1,7,914,0,5793,914,0,5793,2447,0,3071,0,1,2447,0,5793,0,,,,,0
1888,1,1,1,0,20,16,1720,0,4428,0,20,16,0,0,0,1,1,0,8,914,0,5793,1720,0,5793,891,0,6139,0,1,1720,0,6139,0,,,,,0
1889,1,1,1,0,20,17,4195,0,4938,0,20,17,0,1,0,1,0,1,8,1720,0,4428,4195,0,4938,891,0,6139,0,1,4195,0,6139,0,,,,,0
1890,1,1,1,0,20,18,6141,0,4982,0,20,18,0,0,0,1,1,0,9,1720,0,4428,6141,0,4982,3023,0,5059,0,1,6141,0,5059,0,,,,,0
1891,1,1,1,0,20,19,5030,2293,3278,0,20,19,0,1,0,1,0,1,9,6141,0,4982,6141,2293,4982,3023,0,5059,0,1,6141,2293,5059,0,,,,,0
1892,1,1,1,0,20,20,2493,2403,1915,0,20,20,0,0,0,1,1,0,10,6141,0,4982,6141,2403,4982,2388,1075,213,0,1,6141,2403,4982,0,,,,,0
1893,1,1,1,0,20,21,0,1956,321,0,20,21,0,1,0,1,0,1,10,2493,2403,1915,2493,2403,1915,2388,1075,213,0,1,2493,2403,1915,0,,,,,0
1894,1,1,1,0,20,22,0,1720,1,0,20,22,0,0,0,1,1,0,11,2493,2403,1915,2493,2403,1915,0,1681,0,0,1,2493,2403,1915,0,,,,,0
1895,1,1,1,0,20,23,0,1681,0,0,20,23,0,1,0,1,0,1,11,0,1720,1,0,1720,1,0,1681,0,0,1,0,1720,1,0,,,,,0
1896,1,1,1,0,20,24,0,1681,0,0,20,24,0,0,0,1,1,0,12,0,1720,1,0,1720,1,0,1681,0,0,1,0,1720,1,0,,,,,0
1897,1,1,1,0,20,25,0,1681,0,0,20,25,0,1,0,1,0,1,12,0,1681,0,0,1681,0,0,1681,0,0,1,0,1681,0,0,,,,,0
1898,1,1,1,0,21,0,0,1681,0,0,21,0,1,0,0,1,1,0,0,0,1681,0,0,1681,0,0,1681,0,0,1,0,1681,0,0,,,,,0
1899,1,1,1,0,21,1,0,1681,0,0,21,1,1,1,1,1,0,0,0,0,1681,0,0,1681,0,0,1681,0,1,1,0,1681,0,0,1,0,10,0,0
1900,1,1,1,0,21,2,0,1681,0,0,21,2,1,0,0,1,1,0,1,0,1681,0,0,1681,0,0,1681,0,0,1,0,1681,0,0,,,,,0
1901,1,1,1,0,21,3,0,1681,0,0,21,3,1,1,1,1,0,0,1,0,1681,0,0,1681,0,0,1681,0,1,1,0,1681,0,0,1,0,10,1,0
1902,1,1,1,0,21,4,0,1681,0,0,21,4,1,0,0,1,1,0,2,0,1681,0,0,1681,0,0,1716,0,0,1,0,1716,0,0,,,,,0
1903,1,1,1,0,21,5,0,1681,0,0,21,5,1,1,1,1,0,0,2,0,1681,0,0,1681,0,0,1716,0,1,1,0,1716,0,0,1,0,10,2,0
1904,1,1,1,0,21,6,0,1685,0,0,21,6,1,0,0,1,1,0,3,0,1681,0,0,1685,0,1392,2334,1114,0,1,1392,2334,1114,0,,,,,0
1905,1,1,1,0,21,7,0,1767,138,0,21,7,1,1,1,1,0,0,3,0,1685,0,0,1767,138,1392,2334,1114,1,1,1392,2334,1114,0,1,0,10,3,0
1906,1,1,1,0,21,8,1094,1998,1506,0,21,8,1,0,0,1,1,0,4,0,1685,0,1094,1998,1506,1864,1989,6352,0,1,1864,1998,6352,0,,,,,0
1907,1,1,1,0,21,9,2351,3374,3583,0,21,9,1,1,1,1,0,0,4,1094,1998,1506,2351,3374,3583,1864,1989,6352,1,1,2351,3374,6352,0,1,0,10,4,0
1908,1,1,1,0,21,10,2640,3175,6257,0,21,10,1,0,0,1,1,0,5,1094,1998,1506,2640,3175,6257,2155,0,7272,0,1,2640,3175,7272,0,,,,,0
1909,1,1,1,0,21,11,1944,846,7221,0,21,11,1,1,1,1,0,0,5,2640,3175,6257,2640,3175,7221,2155,0,7272,1,1,2640,3175,7272,0,1,0,10,5,0
1910,1,1,1,0,21,12,2887,0,7171,0,21,12,1,0,0,1,1,0,6,2640,3175,6257,2887,3175,7171,2954,0,6480,0,1,2954,3175,7171,0,,,,,0
1911,1,1,1,0,21,13,3032,0,6615,0,21,13,1,1,1,1,0,0,6,2887,0,7171,3032,0,7171,2954,0,6480,1,1,3032,0,7171,0,1,0,10,6,0
1912,1,1,1,0,21,14,2849,0,6415,0,21,14,1,0,0,1,1,0,7,2887,0,7171,2887,0,7171,914,0,5793,0,1,2887,0,7171,0,,,,,0
1913,1,1,1,0,21,15,2814,0,6236,0,21,15,1,1,1,1,0,0,7,2849,0,6415,2849,0,6415,914,0,5793,1,1,2849,0,6415,0,1,0,10,7,0
1914,1,1,1,0,21,16,3727,0,6020,0,21,16,1,0,0,1,1,0,8,2849,0,6415,3727,0,6415,4195,0,4938,0,1,4195,0,6415,0,,,,,0
1915,1,1,1,0,21,17,6199,0,5000,0,21,17,1,1,1,1,0,0,8,3727,0,6020,6199,0,6020,4195,0,4938,1,1,6199,0,6020,0,1,0,10,8,0
1916,1,1,1,0,21,18,7137,2079,4170,0,21,18,1,0,0,1,1,0,9,3727,0,6020,7137,2079,6020,6141,2293,4982,0,1,7137,2293,6020,0,,,,,0
1917,1,1,1,0,21,19,3926,4240,3061,0,21,19,1,1,1,1,0,0,9,7137,2079,4170,7137,4240,4170,6141,2293,4982,1,1,7137,4240,4982,0,1,0,10,9,0
1918,1,1,1,0,21,20,937,3056,1659,0,21,20,1,0,0,1,1,0,10,7137,2079,4170,7137,3056,4170,2493,2403,1915,0,1,7137,3056,4170,0,,,,,0
1919,1,1,1,0,21,21,0,1891,183,0,21,21,1,1,1,1,0,0,10,937,3056,1659,937,3056,1659,2493,2403,1915,1,1,2493,3056,1915,0,1,0,10,10,0
1920,1,1,1,0,21,22,0,1701,0,0,21,22,1,0,0,1,1,0,11,937,3056,1659,937,3056,1659,0,1720,1,0,1,937,3056,1659,0,,,,,0
1921,1,1,1,0,21,23,0,1681,0,0,21,23,1,1,1,1,0,0,11,0,1701,0,0,1701,0,0,1720,1,1,1,0,1720,1,0,1,0,10,11,0
1922,1,1,1,0,21,24,0,1681,0,0,21,24,1,0,0,1,1,0,12,0,1701,0,0,1701,0,0,1681,0,0,1,0,1701,0,0,,,,,0
1923,1,1,1,0,21,25,0,1681,0,0,21,25,1,1,1,1,0,0,12,0,1681,0,0,1681,0,0,1681,0,1,1,0,1681,0,0,1,0,10,12,0
1924,1,1,1,0,22,0,0,1681,0,0,22,0,0,0,0,1,1,0,0,0,1681,0,0,1681,0,0,1681,0,0,1,0,1681,0,0,,,,,0
1925,1,1,1,0,22,1,0,1681,0,0,22,1,0,1,0,1,0,1,0,0,1681,0,0,1681,0,0,1681,0,0,1,0,1681,0,0,,,,,0
1926,1,1,1,0,22,2,0,1681,0,0,22,2,0,0,0,1,1,0,1,0,1681,0,0,1681,0,0,1681,0,0,1,0,1681,0,0,,,,,0
1927,1,1,1,0,22,3,0,1681,0,0,22,3,0,1,0,1,0,1,1,0,1681,0,0,1681,0,0,1681,0,0,1,0,1681,0,0,,,,,0
1928,1,1,1,0,22,4,0,1681,0,0,22,4,0,0,0,1,1,0,2,0,1681,0,0,1681,0,0,1716,0,0,1,0,1716,0,0,,,,,0
1929,1,1,1,0,22,5,0,1681,0,0,22,5,0,1,0,1,0,1,2,0,1681,0,0,1681,0,0,1716,0,0,1,0,1716,0,0,,,,,0
1930,1,1,1,0,22,6,0,1681,0,0,22,6,0,0,0,1,1,0,3,0,1681,0,0,1681,0,1392,2334,1114,0,1,1392,2334,1114,0,,,,,0
1931,1,1,1,0,22,7,0,1716,0,0,22,7,0,1,0,1,0,1,3,0,1681,0,0,1716,0,1392,2334,1114,0,1,1392,2334,1114,0,,,,,0
1932,1,1,1,0,22,8,232,2055,345,0,22,8,0,0,0,1,1,0,4,0,1681,0,232,2055,345,1864,1989,6352,0,1,1864,2055,6352,0,,,,,0
1933,1,1,1,0,22,9,2161,3042,1545,0,22,9,0,1,0,1,0,1,4,232,2055,345,2161,3042,1545,1864,1989,6352,0,1,2161,3042,6352,0,,,,,0
1934,1,1,1,0,22,10,3704,4244,3998,0,22,10,0,0,0,1,1,0,5,232,2055,345,3704,4244,3998,2155,0,7272,0,1,3704,4244,7272,0,,,,,0
1935,1,1,1,0,22,11,3086,4652,6202,0,22,11,0,1,0,1,0,1,5,3704,4244,3998,3704,4652,6202,2155,0,7272,0,1,3704,4652,7272,0,,,,,0
1936,1,1,1,0,22,12,3551,4109,7208,0,22,12,0,0,0,1,1,0,6,3704,4244,3998,3704,4244,7208,2954,0,6480,0,1,3704,4244,7208,0,,,,,0
1937,1,1,1,0,22,13,4978,2234,7040,0,22,13,0,1,0,1,0,1,6,3551,4109,7208,4978,4109,7208,2954,0,6480,0,1,4978,4109,7208,0,,,,,0
1938,1,1,1,0,22,14,5436,1423,6803,0,22,14,0,0,0,1,1,0,7,3551,4109,7208,5436,4109,7208,914,0,5793,0,1,5436,4109,7208,0,,,,,0
1939,1,1,1,0,22,15,5828,1405,6644,0,22,15,0,1,0,1,0,1,7,5436,1423,6803,5828,1423,6803,914,0,5793,0,1,5828,1423,6803,0,,,,,0
1940,1,1,1,0,22,16,7263,2966,6101,0,22,16,0,0,0,1,1,0,8,5436,1423,6803,7263,2966,6803,4195,0,4938,0,1,7263,2966,6803,0,,,,,0
1941,1,1,1,0,22,17,7765,5277,4760,0,22,17,0,1,0,1,0,1,8,7263,2966,6101,7765,5277,6101,4195,0,4938,0,1,7765,5277,6101,0,,,,,0
1942,1,1,1,0,22,18,5957,5542,4133,0,22,18,0,0,0,1,1,0,9,7263,2966,6101,7263,5542,6101,6141,2293,4982,0,1,7263,5542,6101,0,,,,,0
1943,1,1,1,0,22,19,1415,4261,2526,0,22,19,0,1,0,1,0,1,9,5957,5542,4133,5957,5542,4133,6141,2293,4982,0,1,6141,5542,4982,0,,,,,0
1944,1,1,1,0,22,20,0,2641,979,0,22,20,0,0,0,1,1,0,10,5957,5542,4133,5957,5542,4133,2493,2403,1915,0,1,5957,5542,4133,0,,,,,0
1945,1,1,1,0,22,21,0,1750,28,0,22,21,0,1,0,1,0,1,10,0,2641,979,0,2641,979,2493,2403,1915,0,1,2493,2641,1915,0,,,,,0
1946,1,1,1,0,22,22,0,1681,0,0,22,22,0,0,0,1,1,0,11,0,2641,979,0,2641,979,0,1720,1,0,1,0,2641,979,0,,,,,0
1947,1,1,1,0,22,23,0,1681,0,0,22,23,0,1,0,1,0,1,11,0,1681,0,0,1681,0,0,1720,1,0,1,0,1720,1,0,,,,,0
1948,1,1,1,0,22,24,0,1681,0,0,22,24,0,0,0,1,1,0,12,0,1681,0,0,1681,0,0,1681,0,0,1,0,1681,0,0,,,,,0
1949,1,1,1,0,22,25,0,1681,0,0,22,25,0,1,0,1,0,1,12,0,1681,0,0,1681,0,0,1681,0,0,1,0,1681,0,0,,,,,0
1950,1,1,1,0,23,0,0,1681,0,0,23,0,1,0,0,1,1,0,0,0,1681,0,0,1681,0,0,1681,0,0,1,0,1681,0,0,,,,,0
1951,1,1,1,0,23,1,0,1681,0,0,23,1,1,1,1,1,0,0,0,0,1681,0,0,1681,0,0,1681,0,1,1,0,1681,0,0,1,0,11,0,0
1952,1,1,1,0,23,2,0,1681,0,0,23,2,1,0,0,1,1,0,1,0,1681,0,0,1681,0,0,1681,0,0,1,0,1681,0,0,,,,,0
1953,1,1,1,0,23,3,0,1681,0,0,23,3,1,1,1,1,0,0,1,0,1681,0,0,1681,0,0,1681,0,1,1,0,1681,0,0,1,0,11,1,0
1954,1,1,1,0,23,4,0,1681,0,0,23,4,1,0,0,1,1,0,2,0,1681,0,0,1681,0,0,1681,0,0,1,0,1681,0,0,,,,,0
1955,1,1,1,0,23,5,0,1681,0,0,23,5,1,1,1,1,0,0,2,0,1681,0,0,1681,0,0,1681,0,1,1,0,1681,0,0,1,0,11,2,0
1956,1,1,1,0,23,6,0,1681,0,0,23,6,1,0,0,1,1,0,3,0,1681,0,0,1681,0,0,1716,0,0,1,0,1716,0,0,,,,,0
1957,1,1,1,0,23,7,0,1681,0,0,23,7,1,1,1,1,0,0,3,0,1681,0,0,1681,0,0,1716,0,1,1,0,1716,0,0,1,0,11,3,0
1958,1,1,1,0,23,8,0,1712,0,0,23,8,1,0,0,1,1,0,4,0,1681,0,0,1712,0,2161,3042,1545,0,1,2161,3042,1545,0,,,,,0
1959,1,1,1,0,23,9,0,1876,115,0,23,9,1,1,1,1,0,0,4,0,1712,0,0,1876,115,2161,3042,1545,1,1,2161,3042,1545,0,1,0,11,4,0
1960,1,1,1,0,23,10,1060,2448,751,0,23,10,1,0,0,1,1,0,5,0,1712,0,1060,2448,751,3704,4652,6202,0,1,3704,4652,6202,0,,,,,0
1961,1,1,1,0,23,11,2908,3198,2694,0,23,11,1,1,1,1,0,0,5,1060,2448,751,2908,3198,2694,3704,4652,6202,1,1,3704,4652,6202,0,1,0,11,5,0
1962,1,1,1,0,23,12,3724,4795,4664,0,23,12,1,0,0,1,1,0,6,1060,2448,751,3724,4795,4664,4978,4109,7208,0,1,4978,4795,7208,0,,,,,0
1963,1,1,1,0,23,13,5105,5493,5793,0,23,13,1,1,1,1,0,0,6,3724,4795,4664,5105,5493,5793,4978,4109,7208,1,1,5105,5493,7208,0,1,0,11,6,0
1964,1,1,1,0,23,14,5833,5594,5985,0,23,14,1,0,0,1,1,0,7,3724,4795,4664,5833,5594,5985,5828,1423,6803,0,1,5833,5594,6803,0,,,,,0
1965,1,1,1,0,23,15,6206,5679,5913,0,23,15,1,1,1,1,0,0,7,5833,5594,5985,6206,5679,5985,5828,1423,6803,1,1,6206,5679,6803,0,1,0,11,7,0
1966,1,1,1,0,23,16,6338,6303,5121,0,23,16,1,0,0,1,1,0,8,5833,5594,5985,6338,6303,5985,7765,5277,6101,0,1,7765,6303,6101,0,,,,,0
1967,1,1,1,0,23,17,4420,5759,4255,0,23,17,1,1,1,1,0,0,8,6338,6303,5121,6338,6303,5121,7765,5277,6101,1,1,7765,6303,6101,0,1,0,11,8,0
1968,1,1,1,0,23,18,919,4343,2731,0,23,18,1,0,0,1,1,0,9,6338,6303,5121,6338,6303,5121,5957,5542,4133,0,1,6338,6303,5121,0,,,,,0
1969,1,1,1,0,23,19,0,2636,929,0,23,19,1,1,1,1,0,0,9,919,4343,2731,919,4343,2731,5957,5542,4133,1,1,5957,5542,4133,0,1,0,11,9,0
1970,1,1,1,0,23,20,0,1895,177,0,23,20,1,0,0,1,1,0,10,919,4343,2731,919,4343,2731,0,2641,979,0,1,919,4343,2731,0,,,,,0
1971,1,1,1,0,23,21,0,1681,0,0,23,21,1,1,1,1,0,0,10,0,1895,177,0,1895,177,0,2641,979,1,1,0,2641,979,0,1,0,11,10,0
1972,1,1,1,0,23,22,0,1681,0,0,23,22,1,0,0,1,1,0,11,0,1895,177,0,1895,177,0,1681,0,0,1,0,1895,177,0,,,,,0
1973,1,1,1,0,23,23,0,1681,0,0,23,23,1,1,1,1,0,0,11,0,1681,0,0,1681,0,0,1681,0,1,1,0,1681,0,0,1,0,11,11,0
1974,1,1,1,0,23,24,0,1681,0,0,23,24,1,0,0,1,1,0,12,0,1681,0,0,1681,0,0,1681,0,0,1,0,1681,0,0,,,,,0
1975,1,1,1,0,23,25,0,1681,0,0,23,25,1,1,1,1,0,0,12,0,1681,0,0,1681,0,0,1681,0,1,1,0,1681,0,0,1,0,11,12,0
1976,1,1,1,0,24,0,0,1681,0,0,24,0,0,0,0,1,1,0,0,0,1681,0,0,1681,0,0,1681,0,0,1,0,1681,0,0,,,,,0
1977,1,1,1,0,24,1,0,1681,0,0,24,1,0,1,0,1,0,1,0,0,1681,0,0,1681,0,0,1681,0,0,1,0,1681,0,0,,,,,0
1978,1,1,1,0,24,2,0,1681,0,0,24,2,0,0,0,1,1,0,1,0,1681,0,0,1681,0,0,1681,0,0,1,0,1681,0,0,,,,,0
1979,1,1,1,0,24,3,0,1681,0,0,24,3,0,1,0,1,0,1,1,0,1681,0,0,1681,0,0,1681,0,0,1,0,1681,0,0,,,,,0
1980,1,1,1,0,24,4,0,1681,0,0,24,4,0,0,0,1,1,0,2,0,1681,0,0,1681,0,0,1681,0,0,1,0,1681,0,0,,,,,0
1981,1,1,1,0,24,5,0,1681,0,0,24,5,0,1,0,1,0,1,2,0,1681,0,0,1681,0,0,1681,0,0,1,0,1681,0,0,,,,,0
1982,1,1,1,0,24,6,0,1681,0,0,24,6,0,0,0,1,1,0,3,0,1681,0,0,1681,0,0,1716,0,0,1,0,1716,0,0,,,,,0
1983,1,1,1,0,24,7,0,1681,0,0,24,7,0,1,0,1,0,1,3,0,1681,0,0,1681,0,0,1716,0,0,1,0,1716,0,0,,,,,0
1984,1,1,1,0,24,8,0,1681,0,0,24,8,0,0,0,1,1,0,4,0,1681,0,0,1681,0,2161,3042,1545,0,1,2161,3042,1545,0,,,,,0
1985,1,1,1,0,24,9,0,1681,0,0,24,9,0,1,0,1,0,1,4,0,1681,0,0,1681,0,2161,3042,1545,0,1,2161,3042,1545,0,,,,,0
1986,1,1,1,0,24,10,0,1713,0,0,24,10,0,0,0,1,1,0,5,0,1681,0,0,1713,0,3704,4652,6202,0,1,3704,4652,6202,0,,,,,0
1987,1,1,1,0,24,11,0,1945,422,0,24,11,0,1,0,1,0,1,5,0,1713,0,0,1945,422,3704,4652,6202,0,1,3704,4652,6202,0,,,,,0
1988,1,1,1,0,24,12,1155,2856,1254,0,24,12,0,0,0,1,1,0,6,0,1713,0,1155,2856,1254,4978,4109,7208,0,1,4978,4109,7208,0,,,,,0
1989,1,1,1,0,24,13,2107,3943,2299,0,24,13,0,1,0,1,0,1,6,1155,2856,1254,2107,3943,2299,4978,4109,7208,0,1,4978,4109,7208,0,,,,,0
1990,1,1,1,0,24,14,2460,4447,2772,0,24,14,0,0,0,1,1,0,7,1155,2856,1254,2460,4447,2772,5828,1423,6803,0,1,5828,4447,6803,0,,,,,0
1991,1,1,1,0,24,15,2390,4554,2825,0,24,15,0,1,0,1,0,1,7,2460,4447,2772,2460,4554,2825,5828,1423,6803,0,1,5828,4554,6803,0,,,,,0
1992,1,1,1,0,24,16,1312,4284,2335,0,24,16,0,0,0,1,1,0,8,2460,4447,2772,2460,4447,2772,7765,5277,6101,0,1,7765,5277,6101,0,,,,,0
1993,1,1,1,0,24,17,0,3275,1524,0,24,17,0,1,0,1,0,1,8,1312,4284,2335,1312,4284,2335,7765,5277,6101,0,1,7765,5277,6101,0,,,,,0
1994,1,1,1,0,24,18,0,2190,488,0,24,18,0,0,0,1,1,0,9,1312,4284,2335,1312,4284,2335,5957,5542,4133,0,1,5957,5542,4133,0,,,,,0
1995,1,1,1,0,24,19,0,1758,37,0,24,19,0,1,0,1,0,1,9,0,2190,488,0,2190,488,5957,5542,4133,0,1,5957,5542,4133,0,,,,,0
1996,1,1,1,0,24,20,0,1691,0,0,24,20,0,0,0,1,1,0,10,0,2190,488,0,2190,488,0,2641,979,0,1,0,2641,979,0,,,,,0
1997,1,1,1,0,24,21,0,1681,0,0,24,21,0,1,0,1,0,1,10,0,1691,0,0,1691,0,0,2641,979,0,1,0,2641,979,0,,,,,0
1998,1,1,1,0,24,22,0,1681,0,0,24,22,0,0,0,1,1,0,11,0,1691,0,0,1691,0,0,1681,0,0,1,0,1691,0,0,,,,,0
1999,1,1,1,0,24,23,0,1681,0,0,24,23,0,1,0,1,0,1,11,0,1681,0,0,1681,0,0,1681,0,0,1,0,1681,0,0,,,,,0
2000,1,1,1,0,24,24,0,1681,0,0,24,24,0,0,0,1,1,0,12,0,1681,0,0,1681,0,0,1681,0,0,1,0,1681,0,0,,,,,0
2001,1,1,1,0,24,25,0,1681,0,0,24,25,0,1,0,1,0,1,12,0,1681,0,0,1681,0,0,1681,0,0,1,0,1681,0,0,,,,,0
2002,1,1,1,0,25,0,0,1681,0,0,25,0,1,0,0,1,1,0,0,0,1681,0,0,1681,0,0,1681,0,0,1,0,1681,0,0,,,,,0
2003,1,1,1,0,25,1,0,1681,0,0,25,1,1,1,1,1,0,0,0,0,1681,0,0,1681,0,0,1681,0,1,1,0,1681,0,0,1,0,12,0,0
2004,1,1,1,0,25,2,0,1681,0,0,25,2,1,0,0,1,1,0,1,0,1681,0,0,1681,0,0,1681,0,0,1,0,1681,0,0,,,,,0
2005,1,1,1,0,25,3,0,1681,0,0,25,3,1,1,1,1,0,0,1,0,1681,0,0,1681,0,0,1681,0,1,1,0,1681,0,0,1,0,12,1,0
2006,1,1,1,0,25,4,0,1681,0,0,25,4,1,0,0,1,1,0,2,0,1681,0,0,1681,0,0,1681,0,0,1,0,1681,0,0,,,,,0
2007,1,1,1,0,25,5,0,1681,0,0,25,5,1,1,1,1,0,0,2,0,1681,0,0,1681,0,0,1681,0,1,1,0,1681,0,0,1,0,12,2,0
2008,1,1,1,0,25,6,0,1681,0,0,25,6,1,0,0,1,1,0,3,0,1681,0,0,1681,0,0,1681,0,0,1,0,1681,0,0,,,,,0
2009,1,1,1,0,25,7,0,1681,0,0,25,7,1,1,1,1,0,0,3,0,1681,0,0,1681,0,0,1681,0,1,1,0,1681,0,0,1,0,12,3,0
2010,1,1,1,0,25,8,0,1681,0,0,25,8,1,0,0,1,1,0,4,0,1681,0,0,1681,0,0,1681,0,0,1,0,1681,0,0,,,,,0
2011,1,1,1,0,25,9,0,1681,0,0,25,9,1,1,1,1,0,0,4,0,1681,0,0,1681,0,0,1681,0,1,1,0,1681,0,0,1,0,12,4,0
2012,1,1,1,0,25,10,0,1685,0,0,25,10,1,0,0,1,1,0,5,0,1681,0,0,1685,0,0,1945,422,0,1,0,1945,422,0,,,,,0
2013,1,1,1,0,25,11,0,1766,19,0,25,11,1,1,1,1,0,0,5,0,1685,0,0,1766,19,0,1945,422,1,1,0,1945,422,0,1,0,12,5,0
2014,1,1,1,0,25,12,0,1985,229,0,25,12,1,0,0,1,1,0,6,0,1685,0,0,1985,229,2107,3943,2299,0,1,2107,3943,2299,0,,,,,0
2015,1,1,1,0,25,13,0,2292,536,0,25,13,1,1,1,1,0,0,6,0,1985,229,0,2292,536,2107,3943,2299,1,1,2107,3943,2299,0,1,0,12,6,0
2016,1,1,1,0,25,14,0,2452,699,0,25,14,1,0,0,1,1,0,7,0,1985,229,0,2452,699,2460,4554,2825,0,1,2460,4554,2825,0,,,,,0
2017,1,1,1,0,25,15,0,2482,735,0,25,15,1,1,1,1,0,0,7,0,2452,699,0,2482,735,2460,4554,2825,1,1,2460,4554,2825,0,1,0,12,7,0
2018,1,1,1,0,25,16,0,2347,629,0,25,16,1,0,0,1,1,0,8,0,2452,699,0,2452,699,1312,4284,2335,0,1,1312,4284,2335,0,,,,,0
2019,1,1,1,0,25,17,0,2062,346,0,25,17,1,1,1,1,0,0,8,0,2347,629,0,2347,629,1312,4284,2335,1,1,1312,4284,2335,0,1,0,12,8,0
2020,1,1,1,0,25,18,0,1759,38,0,25,18,1,0,0,1,1,0,9,0,2347,629,0,2347,629,0,2190,488,0,1,0,2347,629,0,,,,,0
2021,1,1,1,0,25,19,0,1681,0,0,25,19,1,1,1,1,0,0,9,0,1759,38,0,1759,38,0,2190,488,1,1,0,2190,488,0,1,0,12,9,0
2022,1,1,1,0,25,20,0,1681,0,0,25,20,1,0,0,1,1,0,10,0,1759,38,0,1759,38,0,1691,0,0,1,0,1759,38,0,,,,,0
2023,1,1,1,0,25,21,0,1681,0,0,25,21,1,1,1,1,0,0,10,0,1681,0,0,1681,0,0,1691,0,1,1,0,1691,0,0,1,0,12,10,0
2024,1,1,1,0,25,22,0,1681,0,0,25,22,1,0,0,1,1,0,11,0,1681,0,0,1681,0,0,1681,0,0,1,0,1681,0,0,,,,,0
2025,1,1,1,0,25,23,0,1681,0,0,25,23,1,1,1,1,0,0,11,0,1681,0,0,1681,0,0,1681,0,1,1,0,1681,0,0,1,0,12,11,0
2026,1,1,1,0,25,24,0,1681,0,0,25,24,1,0,0,1,1,0,12,0,1681,0,0,1681,0,0,1681,0,0,1,0,1681,0,0,,,,,0
2027,1,1,1,0,25,25,0,1681,0,1,25,25,1,1,1,1,0,0,12,0,1681,0,0,1681,0,0,1681,0,1,1,0,1681,0,1,1,0,12,12,0
2028,1,1,1,1,0,0,0,0,15,0,0,0,0,0,0,1,1,0,0,0,1681,0,0,1681,15,0,1681,0,0,1,0,1681,15,0,,,,,0
2029,1,1,1,1,0,1,0,0,15,0,0,1,0,1,0,1,0,1,0,0,0,15,0,0,15,0,1681,0,0,1,0,1681,15,0,,,,,0
2030,1,1,1,1,0,2,0,0,15,0,0,2,0,0,0,1,1,0,1,0,0,15,0,0,15,0,1681,0,0,1,0,1681,15,0,,,,,0
2031,1,1,1,1,0,3,0,0,15,0,0,3,0,1,0,1,0,1,1,0,0,15,0,0,15,0,1681,0,0,1,0,1681,15,0,,,,,0
2032,1,1,1,1,0,4,0,0,15,0,0,4,0,0,0,1,1,0,2,0,0,15,0,0,15,0,1681,0,0,1,0,1681,15,0,,,,,0
2033,1,1,1,1,0,5,0,0,15,0,0,5,0,1,0,1,0,1,2,0,0,15,0,0,15,0,1681,0,0,1,0,1681,15,0,,,,,0
2034,1,1,1,1,0,6,0,0,15,0,0,6,0,0,0,1,1,0,3,0,0,15,0,0,15,0,1681,0,0,1,0,1681,15,0,,,,,0
2035,1,1,1,1,0,7,0,0,22,0,0,7,0,1,0,1,0,1,3,0,0,15,0,0,22,0,1681,0,0,1,0,1681,22,0,,,,,0
2036,1,1,1,1,0,8,224,0,98,0,0,8,0,0,0,1,1,0,4,0,0,15,224,0,98,0,1681,0,0,1,224,1681,98,0,,,,,0
2037,1,1,1,1,0,9,416,0,241,0,0,9,0,1,0,1,0,1,4,224,0,98,416,0,241,0,1681,0,0,1,416,1681,241,0,,,,,0
2038,1,1,1,1,0,10,260,0,294,0,0,10,0,0,0,1,1,0,5,224,0,98,260,0,294,0,1945,422,0,1,260,1945,422,0,,,,,0
2039,1,1,1,1,0,11,0,0,184,0,0,11,0,1,0,1,0,1,5,260,0,294,260,0,294,0,1945,422,0,1,260,1945,422,0,,,,,0
2040,1,1,1,1,0,12,0,0,46,0,0,12,0,0,0,1,1,0,6,260,0,294,260,0,294,2107,3943,2299,0,1,2107,3943,2299,0,,,,,0
2041,1,1,1,1,0,13,0,0,15,0,0,13,0,1,0,1,0,1,6,0,0,46,0,0,46,2107,3943,2299,0,1,2107,3943,2299,0,,,,,0
2042,1,1,1,1,0,14,0,0,15,0,0,14,0,0,0,1,1,0,7,0,0,46,0,0,46,2460,4554,2825,0,1,2460,4554,2825,0,,,,,0
2043,1,1,1,1,0,15,0,0,15,0,0,15,0,1,0,1,0,1,7,0,0,15,0,0,15,2460,4554,2825,0,1,2460,4554,2825,0,,,,,0
2044,1,1,1,1,0,16,0,0,15,0,0,16,0,0,0,1,1,0,8,0,0,15,0,0,15,1312,4284,2335,0,1,1312,4284,2335,0,,,,,0
2045,1,1,1,1,0,17,0,0,15,0,0,17,0,1,0,1,0,1,8,0,0,15,0,0,15,1312,4284,2335,0,1,1312,4284,2335,0,,,,,0
2046,1,1,1,1,0,18,0,0,15,0,0,18,0,0,0,1,1,0,9,0,0,15,0,0,15,0,2190,488,0,1,0,2190,488,0,,,,,0
2047,1,1,1,1,0,19,0,0,15,0,0,19,0,1,0,1,0,1,9,0,0,15,0,0,15,0,2190,488,0,1,0,2190,488,0,,,,,0
2048,1,1,1,1,0,20,0,0,15,0,0,20,0,0,0,1,1,0,10,0,0,15,0,0,15,0,1691,0,0,1,0,1691,15,0,,,,,0
2049,1,1,1,1,0,21,0,0,15,0,0,21,0,1,0,1,0,1,10,0,0,15,0,0,15,0,1691,0,0,1,0,1691,15,0,,,,,0
2050,1,1,1,1,0,22,0,0,15,0,0,22,0,0,0,1,1,0,11,0,0,15,0,0,15,0,1681,0,0,1,0,1681,15,0,,,,,0
2051,1,1,1,1,0,23,0,0,15,0,0,23,0,1,0,1,0,1,11,0,0,15,0,0,15,0,1681,0,0,1,0,1681,15,0,,,,,0
2052,1,1,1,1,0,24,0,0,15,0,0,24,0,0,0,1,1,0,12,0,0,15,0,0,15,0,1681,0,0,1,0,1681,15,0,,,,,0
2053,1,1,1,1,0,25,0,0,15,0,0,25,0,1,0,1,0,1,12,0,0,15,0,0,15,0,1681,0,0,1,0,1681,15,0,,,,,0
2054,1,1,1,1,1,0,0,0,15,0,1,0,1,0,0,1,1,0,0,0,0,15,0,0,15,0,0,15,0,1,0,0,15,0,,,,,0
2055,1,1,1,1,1,1,0,0,15,0,1,1,1,1,1,1,0,0,0,0,0,15,0,0,15,0,0,15,1,1,0,0,15,0,1,1,0,0,0
2056,1,1,1,1,1,2,0,0,15,0,1,2,1,0,0,1,1,0,1,0,0,15,0,0,15,0,0,15,0,1,0,0,15,0,,,,,0
2057,1,1,1,1,1,3,0,0,15,0,1,3,1,1,1,1,0,0,1,0,0,15,0,0,15,0,0,15,1,1,0,0,15,0,1,1,0,1,0
2058,1,1,1,1,1,4,0,0,15,0,1,4,1,0,0,1,1,0,2,0,0,15,0,0,15,0,0,15,0,1,0,0,15,0,,,,,0
2059,1,1,1,1,1,5,0,0,15,0,1,5,1,1,1,1,0,0,2,0,0,15,0,0,15,0,0,15,1,1,0,0,15,0,1,1,0,2,0
2060,1,1,1,1,1,6,0,0,14,0,1,6,1,0,0,1,1,0,3,0,0,15,0,0,15,0,0,22,0,1,0,0,22,0,,,,,0
2061,1,1,1,1,1,7,808,0,7,0,1,7,1,1,1,1,0,0,3,0,0,14,808,0,14,0,0,22,1,1,808,0,22,0,1,1,0,3,0
2062,1,1,1,1,1,8,2051,0,201,0,1,8,1,0,0,1,1,0,4,0,0,14,2051,0,201,416,0,241,0,1,2051,0,241,0,,,,,0
2063,1,1,1,1,1,9,2357,32,815,0,1,9,1,1,1,1,0,0,4,2051,0,201,2357,32,815,416,0,241,1,1,2357,32,815,0,1,1,0,4,0
2064,1,1,1,1,1,10,1184,260,1199,0,1,10,1,0,0,1,1,0,5,2051,0,201,2051,260,1199,260,0,294,0,1,2051,260,1199,0,,,,,0
2065,1,1,1,1,1,11,177,0,933,0,1,11,1,1,1,1,0,0,5,1184,260,1199,1184,260,1199,260,0,294,1,1,1184,260,1199,0,1,1,0,5,0
2066,1,1,1,1,1,12,0,0,248,0,1,12,1,0,0,1,1,0,6,1184,260,1199,1184,260,1199,0,0,46,0,1,1184,260,1199,0,,,,,0
2067,1,1,1,1,1,13,0,0,29,0,1,13,1,1,1,1,0,0,6,0,0,248,0,0,248,0,0,46,1,1,0,0,248,0,1,1,0,6,0
2068,1,1,1,1,1,14,0,0,15,0,1,14,1,0,0,1,1,0,7,0,0,248,0,0,248,0,0,15,0,1,0,0,248,0,,,,,0
2069,1,1,1,1,1,15,0,0,15,0,1,15,1,1,1,1,0,0,7,0,0,15,0,0,15,0,0,15,1,1,0,0,15,0,1,1,0,7,0
2070,1,1,1,1,1,16,0,0,15,0,1,16,1,0,0,1,1,0,8,0,0,15,0,0,15,0,0,15,0,1,0,0,15,0,,,,,0
2071,1,1,1,1,1,17,0,0,15,0,1,17,1,1,1,1,0,0,8,0,0,15,0,0,15,0,0,15,1,1,0,0,15,0,1,1,0,8,0
2072,1,1,1,1,1,18,0,0,15,0,1,18,1,0,0,1,1,0,9,0,0,15,0,0,15,0,0,15,0,1,0,0,15,0,,,,,0
2073,1,1,1,1,1,19,0,0,15,0,1,19,1,1,1,1,0,0,9,0,0,15,0,0,15,0,0,15,1,1,0,0,15,0,1,1,0,9,0
2074,1,1,1,1,1,20,0,0,15,0,1,20,1,0,0,1,1,0,10,0,0,15,0,0,15,0,0,15,0,1,0,0,15,0,,,,,0
2075,1,1,1,1,1,21,0,0,15,0,1,21,1,1,1,1,0,0,10,0,0,15,0,0,15,0,0,15,1,1,0,0,15,0,1,1,0,10,0
2076,1,1,1,1,1,22,0,0,15,0,1,22,1,0,0,1,1,0,11,0,0,15,0,0,15,0,0,15,0,1,0,0,15,0,,,,,0
2077,1,1,1,1,1,23,0,0,15,0,1,23,1,1,1,1,0,0,11,0,0,15,0,0,15,0,0,15,1,1,0,0,15,0,1,1,0,11,0
2078,1,1,1,1,1,24,0,0,15,0,1,24,1,0,0,1,1,0,12,0,0,15,0,0,15,0,0,15,0,1,0,0,15,0,,,,,0
2079,1,1,1,1,1,25,0,0,15,0,1,25,1,1,1,1,0,0,12,0,0,15,0,0,15,0,0,15,1,1,0,0,15,0,1,1,0,12,0
2080,1,1,1,1,2,0,0,0,15,0,2,0,0,0,0,1,1,0,0,0,0,15,0,0,15,0,0,15,0,1,0,0,15,0,,,,,0
2081,1,1,1,1,2,1,0,0,15,0,2,1,0,1,0,1,0,1,0,0,0,15,0,0,15,0,0,15,0,1,0,0,15,0,,,,,0
2082,1,1,1,1,2,2,0,0,15,0,2,2,0,0,0,1,1,0,1,0,0,15,0,0,15,0,0,15,0,1,0,0,15,0,,,,,0
2083,1,1,1,1,2,3,0,0,15,0,2,3,0,1,0,1,0,1,1,0,0,15,0,0,15,0,0,15,0,1,0,0,15,0,,,,,0
2084,1,1,1,1,2,4,0,0,15,0,2,4,0,0,0,1,1,0,2,0,0,15,0,0,15,0,0,15,0,1,0,0,15,0,,,,,0
2085,1,1,1,1,2,5,0,0,16,0,2,5,0,1,0,1,0,1,2,0,0,15,0,0,16,0,0,15,0,1,0,0,16,0,,,,,0
2086,1,1,1,1,2,6,200,0,4,0,2,6,0,0,0,1,1,0,3,0,0,15,200,0,15,0,0,22,0,1,200,0,22,0,,,,,0
2087,1,1,1,1,2,7,3118,0,0,0,2,7,0,1,0,1,0,1,3,200,0,4,3118,0,4,0,0,22,0,1,3118,0,22,0,,,,,0
2088,1,1,1,1,2,8,5541,554,0,0,2,8,0,0,0,1,1,0,4,200,0,4,5541,554,4,416,0,241,0,1,5541,554,241,0,,,,,0
2089,1,1,1,1,2,9,5110,283,1519,0,2,9,0,1,0,1,0,1,4,5541,554,0,5541,554,1519,416,0,241,0,1,5541,554,1519,0,,,,,0
2090,1,1,1,1,2,10,2398,338,3004,0,2,10,0,0,0,1,1,0,5,5541,554,0,5541,554,3004,260,0,294,0,1,5541,554,3004,0,,,,,0
2091,1,1,1,1,2,11,753,0,3119,0,2,11,0,1,0,1,0,1,5,2398,338,3004,2398,338,3119,260,0,294,0,1,2398,338,3119,0,,,,,0
2092,1,1,1,1,2,12,754,0,1448,0,2,12,0,0,0,1,1,0,6,2398,338,3004,2398,338,3004,0,0,46,0,1,2398,338,3004,0,,,,,0
2093,1,1,1,1,2,13,220,0,405,0,2,13,0,1,0,1,0,1,6,754,0,1448,754,0,1448,0,0,46,0,1,754,0,1448,0,,,,,0
2094,1,1,1,1,2,14,0,0,100,0,2,14,0,0,0,1,1,0,7,754,0,1448,754,0,1448,0,0,15,0,1,754,0,1448,0,,,,,0
2095,1,1,1,1,2,15,0,0,15,0,2,15,0,1,0,1,0,1,7,0,0,100,0,0,100,0,0,15,0,1,0,0,100,0,,,,,0
2096,1,1,1,1,2,16,0,0,15,0,2,16,0,0,0,1,1,0,8,0,0,100,0,0,100,0,0,15,0,1,0,0,100,0,,,,,0
2097,1,1,1,1,2,17,0,0,15,0,2,17,0,1,0,1,0,1,8,0,0,15,0,0,15,0,0,15,0,1,0,0,15,0,,,,,0
2098,1,1,1,1,2,18,0,0,15,0,2,18,0,0,0,1,1,0,9,0,0,15,0,0,15,0,0,15,0,1,0,0,15,0,,,,,0
2099,1,1,1,1,2,19,0,0,15,0,2,19,0,1,0,1,0,1,9,0,0,15,0,0,15,0,0,15,0,1,0,0,15,0,,,,,0
2100,1,1,1,1,2,20,0,0,15,0,2,20,0,0,0,1,1,0,10,0,0,15,0,0,15,0,0,15,0,1,0,0,15,0,,,,,0
2101,1,1,1,1,2,21,0,0,15,0,2,21,0,1,0,1,0,1,10,0,0,15,0,0,15,0,0,15,0,1,0,0,15,0,,,,,0
2102,1,1,1,1,2,22,0,0,15,0,2,22,0,0,0,1,1,0,11,0,0,15,0,0,15,0,0,15,0,1,0,0,15,0,,,,,0
2103,1,1,1,1,2,23,0,0,15,0,2,23,0,1,0,1,0,1,11,0,0,15,0,0,15,0,0,15,0,1,0,0,15,0,,,,,0
2104,1,1,1,1,2,24,0,0,15,0,2,24,0,0,0,1,1,0,12,0,0,15,0,0,15,0,0,15,0,1,0,0,15,0,,,,,0
2105,1,1,1,1,2,25,0,0,15,0,2,25,0,1,0,1,0,1,12,0,0,15,0,0,15,0,0,15,0,1,0,0,15,0,,,,,0
2106,1,1,1,1,3,0,0,0,15,0,3,0,1,0,0,1,1,0,0,0,0,15,0,0,15,0,0,15,0,1,0,0,15,0,,,,,0
2107,1,1,1,1,3,1,0,0,15,0,3,1,1,1,1,1,0,0,0,0,0,15,0,0,15,0,0,15,1,1,0,0,15,0,1,1,1,0,0
2108,1,1,1,1,3,2,0,0,15,0,3,2,1,0,0,1,1,0,1,0,0,15,0,0,15,0,0,15,0,1,0,0,15,0,,,,,0
2109,1,1,1,1,3,3,0,0,15,0,3,3,1,1,1,1,0,0,1,0,0,15,0,0,15,0,0,15,1,1,0,0,15,0,1,1,1,1,0
2110,1,1,1,1,3,4,0,0,15,0,3,4,1,0,0,1,1,0,2,0,0,15,0,0,15,0,0,16,0,1,0,0,16,0,,,,,0
2111,1,1,1,1,3,5,0,0,9,0,3,5,1,1,1,1,0,0,2,0,0,15,0,0,15,0,0,16,1,1,0,0,16,0,1,1,1,2,0
2112,1,1,1,1,3,6,1011,0,0,0,3,6,1,0,0,1,1,0,3,0,0,15,1011,0,15,3118,0,4,0,1,3118,0,15,0,,,,,0
2113,1,1,1,1,3,7,5649,0,0,0,3,7,1,1,1,1,0,0,3,1011,0,0,5649,0,0,3118,0,4,1,1,5649,0,4,0,1,1,1,3,0
2114,1,1,1,1,3,8,7235,2260,0,0,3,8,1,0,0,1,1,0,4,1011,0,0,7235,2260,0,5541,554,1519,0,1,7235,2260,1519,0,,,,,0
2115,1,1,1,1,3,9,4147,2755,1220,0,3,9,1,1,1,1,0,0,4,7235,2260,0,7235,2755,1220,5541,554,1519,1,1,7235,2755,1519,0,1,1,1,4,0
2116,1,1,1,1,3,10,1623,2375,3982,0,3,10,1,0,0,1,1,0,5,7235,2260,0,7235,2375,3982,2398,338,3119,0,1,7235,2375,3982,0,,,,,0
2117,1,1,1,1,3,11,0,2486,4968,0,3,11,1,1,1,1,0,0,5,1623,2375,3982,1623,2486,4968,2398,338,3119,1,1,2398,2486,4968,0,1,1,1,5,0
2118,1,1,1,1,3,12,0,695,3507,0,3,12,1,0,0,1,1,0,6,1623,2375,3982,1623,2375,3982,754,0,1448,0,1,1623,2375,3982,0,,,,,0
2119,1,1,1,1,3,13,27,0,1491,0,3,13,1,1,1,1,0,0,6,0,695,3507,27,695,3507,754,0,1448,1,1,754,695,3507,0,1,1,1,6,0
2120,1,1,1,1,3,14,0,0,503,0,3,14,1,0,0,1,1,0,7,0,695,3507,0,695,3507,0,0,100,0,1,0,695,3507,0,,,,,0
2121,1,1,1,1,3,15,0,0,38,0,3,15,1,1,1,1,0,0,7,0,0,503,0,0,503,0,0,100,1,1,0,0,503,0,1,1,1,7,0
2122,1,1,1,1,3,16,0,0,15,0,3,16,1,0,0,1,1,0,8,0,0,503,0,0,503,0,0,15,0,1,0,0,503,0,,,,,0
2123,1,1,1,1,3,17,0,0,15,0,3,17,1,1,1,1,0,0,8,0,0,15,0,0,15,0,0,15,1,1,0,0,15,0,1,1,1,8,0
2124,1,1,1,1,3,18,0,0,15,0,3,18,1,0,0,1,1,0,9,0,0,15,0,0,15,0,0,15,0,1,0,0,15,0,,,,,0
2125,1,1,1,1,3,19,0,0,15,0,3,19,1,1,1,1,0,0,9,0,0,15,0,0,15,0,0,15,1,1,0,0,15,0,1,1,1,9,0
2126,1,1,1,1,3,20,0,0,15,0,3,20,1,0,0,1,1,0,10,0,0,15,0,0,15,0,0,15,0,1,0,0,15,0,,,,,0
2127,1,1,1,1,3,21,0,0,15,0,3,21,1,1,1,1,0,0,10,0,0,15,0,0,15,0,0,15,1,1,0,0,15,0,1,1,1,10,0
2128,1,1,1,1,3,22,0,0,15,0,3,22,1,0,0,1,1,0,11,0,0,15,0,0,15,0,0,15,0,1,0,0,15,0,,,,,0
2129,1,1,1,1,3,23,0,0,15,0,3,23,1,1,1,1,0,0,11,0,0,15,0,0,15,0,0,15,1,1,0,0,15,0,1,1,1,11,0
2130,1,1,1,1,3,24,0,0,15,0,3,24,1,0,0,1,1,0,12,0,0,15,0,0,15,0,0,15,0,1,0,0,15,0,,,,,0
2131,1,1,1,1,3,25,0,0,15,0,3,25,1,1,1,1,0,0,12,0,0,15,0,0,15,0,0,15,1,1,0,0,15,0,1,1,1,12,0
2132,1,1,1,1,4,0,0,0,15,0,4,0,0,0,0,1,1,0,0,0,0,15,0,0,15,0,0,15,0,1,0,0,15,0,,,,,0
2133,1,1,1,1,4,1,0,0,15,0,4,1,0,1,0,1,0,1,0,0,0,15,0,0,15,0,0,15,0,1,0,0,15,0,,,,,0
2134,1,1,1,1,4,2,0,0,15,0,4,2,0,0,0,1,1,0,1,0,0,15,0,0,15,0,0,15,0,1,0,0,15,0,,,,,0
2135,1,1,1,1,4,3,0,0,15,0,4,3,0,1,0,1,0,1,1,0,0,15,0,0,15,0,0,15,0,1,0,0,15,0,,,,,0
2136,1,1,1,1,4,4,0,0,15,0,4,4,0,0,0,1,1,0,2,0,0,15,0,0,15,0,0,16,0,1,0,0,16,0,,,,,0
2137,1,1,1,1,4,5,137,0,0,0,4,5,0,1,0,1,0,1,2,0,0,15,137,0,15,0,0,16,0,1,137,0,16,0,,,,,0
2138,1,1,1,1,4,6,1455,21,0,0,4,6,0,0,0,1,1,0,3,0,0,15,1455,21,15,3118,0,4,0,1,3118,21,15,0,,,,,0
2139,1,1,1,1,4,7,5307,0,0,0,4,7,0,1,0,1,0,1,3,1455,21,0,5307,21,0,3118,0,4,0,1,5307,21,4,0,,,,,0
2140,1,1,1,1,4,8,5118,1104,0,0,4,8,0,0,0,1,1,0,4,1455,21,0,5118,1104,0,5541,554,1519,0,1,5541,1104,1519,0,,,,,0
2141,1,1,1,1,4,9,1152,1247,195,0,4,9,0,1,0,1,0,1,4,5118,1104,0,5118,1247,195,5541,554,1519,0,1,5541,1247,1519,0,,,,,0
2142,1,1,1,1,4,10,48,900,2726,0,4,10,0,0,0,1,1,0,5,5118,1104,0,5118,1104,2726,2398,338,3119,0,1,5118,1104,3119,0,,,,,0
2143,1,1,1,1,4,11,0,1590,4930,0,4,11,0,1,0,1,0,1,5,48,900,2726,48,1590,4930,2398,338,3119,0,1,2398,1590,4930,0,,,,,0
2144,1,1,1,1,4,12,0,1013,5365,0,4,12,0,0,0,1,1,0,6,48,900,2726,48,1013,5365,754,0,1448,0,1,754,1013,5365,0,,,,,0
2145,1,1,1,1,4,13,0,888,3270,0,4,13,0,1,0,1,0,1,6,0,1013,5365,0,1013,5365,754,0,1448,0,1,754,1013,5365,0,,,,,0
2146,1,1,1,1,4,14,0,0,1510,0,4,14,0,0,0,1,1,0,7,0,1013,5365,0,1013,5365,0,0,100,0,1,0,1013,5365,0,,,,,0
2147,1,1,1,1,4,15,0,0,154,0,4,15,0,1,0,1,0,1,7,0,0,1510,0,0,1510,0,0,100,0,1,0,0,1510,0,,,,,0
2148,1,1,1,1,4,16,0,0,15,0,4,16,0,0,0,1,1,0,8,0,0,1510,0,0,1510,0,0,15,0,1,0,0,1510,0,,,,,0
2149,1,1,1,1,4,17,0,0,15,0,4,17,0,1,0,1,0,1,8,0,0,15,0,0,15,0,0,15,0,1,0,0,15,0,,,,,0
2150,1,1,1,1,4,18,0,0,15,0,4,18,0,0,0,1,1,0,9,0,0,15,0,0,15,0,0,15,0,1,0,0,15,0,,,,,0
2151,1,1,1,1,4,19,0,0,15,0,4,19,0,1,0,1,0,1,9,0,0,15,0,0,15,0,0,15,0,1,0,0,15,0,,,,,0
2152,1,1,1,1,4,20,0,0,15,0,4,20,0,0,0,1,1,0,10,0,0,15,0,0,15,0,0,15,0,1,0,0,15,0,,,,,0
2153,1,1,1,1,4,21,0,0,15,0,4,21,0,1,0,1,0,1,10,0,0,15,0,0,15,0,0,15,0,1,0,0,15,0,,,,,0
2154,1,1,1,1,4,22,0,0,15,0,4,22,0,0,0,1,1,0,11,0,0,15,0,0,15,0,0,15,0,1,0,0,15,0,,,,,0
2155,1,1,1,1,4,23,0,0,15,0,4,23,0,1,0,1,0,1,11,0,0,15,0,0,15,0,0,15,0,1,0,0,15,0,,,,,0
2156,1,1,1,1,4,24,0,0,15,0,4,24,0,0,0,1,1,0,12,0,0,15,0,0,15,0,0,15,0,1,0,0,15,0,,,,,0
2157,1,1,1,1,4,25,0,0,15,0,4,25,0,1,0,1,0,1,12,0,0,15,0,0,15,0,0,15,0,1,0,0,15,0,,,,,0
2158,1,1,1,1,5,0,0,0,15,0,5,0,1,0,0,1,1,0,0,0,0,15,0,0,15,0,0,15,0,1,0,0,15,0,,,,,0
2159,1,1,1,1,5,1,0,0,15,0,5,1,1,1,1,1,0,0,0,0,0,15,0,0,15,0,0,15,1,1,0,0,15,0,1,1,2,0,0
2160,1,1,1,1,5,2,0,0,15,0,5,2,1,0,0,1,1,0,1,0,0,15,0,0,15,0,0,15,0,1,0,0,15,0,,,,,0
2161,1,1,1,1,5,3,0,0,15,0,5,3,1,1,1,1,0,0,1,0,0,15,0,0,15,0,0,15,1,1,0,0,15,0,1,1,2,1,0
2162,1,1,1,1,5,4,0,0,15,0,5,4,1,0,0,1,1,0,2,0,0,15,0,0,15,137,0,15,0,1,137,0,15,0,,,,,0
2163,1,1,1,1,5,5,36,16,0,0,5,5,1,1,1,1,0,0,2,0,0,15,36,16,15,137,0,15,1,1,137,16,15,0,1,1,2,2,0
2164,1,1,1,1,5,6,704,158,0,0,5,6,1,0,0,1,1,0,3,0,0,15,704,158,15,5307,21,0,0,1,5307,158,15,0,,,,,0
2165,1,1,1,1,5,7,2533,309,0,0,5,7,1,1,1,1,0,0,3,704,158,0,2533,309,0,5307,21,0,1,1,5307,309,0,0,1,1,2,3,0
2166,1,1,1,1,5,8,2286,494,0,0,5,8,1,0,0,1,1,0,4,704,158,0,2286,494,0,5118,1247,195,0,1,5118,1247,195,0,,,,,0
2167,1,1,1,1,5,9,0,1496,0,0,5,9,1,1,1,1,0,0,4,2286,494,0,2286,1496,0,5118,1247,195,1,1,5118,1496,195,0,1,1,2,4,0
2168,1,1,1,1,5,10,0,951,691,0,5,10,1,0,0,1,1,0,5,2286,494,0,2286,951,691,48,1590,4930,0,1,2286,1590,4930,0,,,,,0
2169,1,1,1,1,5,11,0,1102,3169,0,5,11,1,1,1,1,0,0,5,0,951,691,0,1102,3169,48,1590,4930,1,1,48,1590,4930,0,1,1,2,5,0
2170,1,1,1,1,5,12,0,380,5358,0,5,12,1,0,0,1,1,0,6,0,951,691,0,951,5358,0,1013,5365,0,1,0,1013,5365,0,,,,,0
2171,1,1,1,1,5,13,0,973,4903,0,5,13,1,1,1,1,0,0,6,0,380,5358,0,973,5358,0,1013,5365,1,1,0,1013,5365,0,1,1,2,6,0
2172,1,1,1,1,5,14,0,0,3385,0,5,14,1,0,0,1,1,0,7,0,380,5358,0,380,5358,0,0,1510,0,1,0,380,5358,0,,,,,0
2173,1,1,1,1,5,15,0,0,732,0,5,15,1,1,1,1,0,0,7,0,0,3385,0,0,3385,0,0,1510,1,1,0,0,3385,0,1,1,2,7,0
2174,1,1,1,1,5,16,0,0,55,0,5,16,1,0,0,1,1,0,8,0,0,3385,0,0,3385,0,0,15,0,1,0,0,3385,0,,,,,0
2175,1,1,1,1,5,17,0,0,20,0,5,17,1,1,1,1,0,0,8,0,0,55,0,0,55,0,0,15,1,1,0,0,55,0,1,1,2,8,0
2176,1,1,1,1,5,18,0,0,15,0,5,18,1,0,0,1,1,0,9,0,0,55,0,0,55,0,0,15,0,1,0,0,55,0,,,,,0
2177,1,1,1,1,5,19,0,0,15,0,5,19,1,1,1,1,0,0,9,0,0,15,0,0,15,0,0,15,1,1,0,0,15,0,1,1,2,9,0
2178,1,1,1,1,5,20,0,0,15,0,5,20,1,0,0,1,1,0,10,0,0,15,0,0,15,0,0,15,0,1,0,0,15,0,,,,,0
2179,1,1,1,1,5,21,0,0,15,0,5,21,1,1,1,1,0,0,10,0,0,15,0,0,15,0,0,15,1,1,0,0,15,0,1,1,2,10,0
2180,1,1,1,1,5,22,0,0,15,0,5,22,1,0,0,1,1,0,11,0,0,15,0,0,15,0,0,15,0,1,0,0,15,0,,,,,0
2181,1,1,1,1,5,23,0,0,15,0,5,23,1,1,1,1,0,0,11,0,0,15,0,0,15,0,0,15,1,1,0,0,15,0,1,1,2,11,0
2182,1,1,1,1,5,24,0,0,15,0,5,24,1,0,0,1,1,0,12,0,0,15,0,0,15,0,0,15,0,1,0,0,15,0,,,,,0
2183,1,1,1,1,5,25,0,0,15,0,5,25,1,1,1,1,0,0,12,0,0,15,0,0,15,0,0,15,1,1,0,0,15,0,1,1,2,12,0
2184,1,1,1,1,6,0,0,0,15,0,6,0,0,0,0,1,1,0,0,0,0,15,0,0,15,0,0,15,0,1,0,0,15,0,,,,,0
2185,1,1,1,1,6,1,0,0,15,0,6,1,0,1,0,1,0,1,0,0,0,15,0,0,15,0,0,15,0,1,0,0,15,0,,,,,0
2186,1,1,1,1,6,2,0,0,15,0,6,2,0,0,0,1,1,0,1,0,0,15,0,0,15,0,0,15,0,1,0,0,15,0,,,,,0
2187,1,1,1,1,6,3,0,0,15,0,6,3,0,1,0,1,0,1,1,0,0,15,0,0,15,0,0,15,0,1,0,0,15,0,,,,,0
2188,1,1,1,1,6,4,0,0,15,0,6,4,0,0,0,1,1,0,2,0,0,15,0,0,15,137,0,15,0,1,137,0,15,0,,,,,0
2189,1,1,1,1,6,5,0,0,0,0,6,5,0,1,0,1,0,1,2,0,0,15,0,0,15,137,0,15,0,1,137,0,15,0,,,,,0
2190,1,1,1,1,6,6,0,0,0,0,6,6,0,0,0,1,1,0,3,0,0,15,0,0,15,5307,21,0,0,1,5307,21,15,0,,,,,0
2191,1,1,1,1,6,7,142,0,0,0,6,7,0,1,0,1,0,1,3,0,0,0,142,0,0,5307,21,0,0,1,5307,21,0,0,,,,,0
2192,1,1,1,1,6,8,420,0,0,0,6,8,0,0,0,1,1,0,4,0,0,0,420,0,0,5118,1247,195,0,1,5118,1247,195,0,,,,,0
2193,1,1,1,1,6,9,0,0,0,0,6,9,0,1,0,1,0,1,4,420,0,0,420,0,0,5118,1247,195,0,1,5118,1247,195,0,,,,,0
2194,1,1,1,1,6,10,0,0,0,0,6,10,0,0,0,1,1,0,5,420,0,0,420,0,0,48,1590,4930,0,1,420,1590,4930,0,,,,,0
2195,1,1,1,1,6,11,0,1474,1003,0,6,11,0,1,0,1,0,1,5,0,0,0,0,1474,1003,48,1590,4930,0,1,48,1590,4930,0,,,,,0
2196,1,1,1,1,6,12,3,1468,3595,0,6,12,0,0,0,1,1,0,6,0,0,0,3,1468,3595,0,1013,5365,0,1,3,1468,5365,0,,,,,0
2197,1,1,1,1,6,13,0,1476,5217,0,6,13,0,1,0,1,0,1,6,3,1468,3595,3,1476,5217,0,1013,5365,0,1,3,1476,5365,0,,,,,0
2198,1,1,1,1,6,14,0,1420,5440,0,6,14,0,0,0,1,1,0,7,3,1468,3595,3,1468,5440,0,0,1510,0,1,3,1468,5440,0,,,,,0
2199,1,1,1,1,6,15,0,0,2447,0,6,15,0,1,0,1,0,1,7,0,1420,5440,0,1420,5440,0,0,1510,0,1,0,1420,5440,0,,,,,0
2200,1,1,1,1,6,16,243,0,524,0,6,16,0,0,0,1,1,0,8,0,1420,5440,243,1420,5440,0,0,15,0,1,243,1420,5440,0,,,,,0
2201,1,1,1,1,6,17,0,0,123,0,6,17,0,1,0,1,0,1,8,243,0,524,243,0,524,0,0,15,0,1,243,0,524,0,,,,,0
2202,1,1,1,1,6,18,0,0,15,0,6,18,0,0,0,1,1,0,9,243,0,524,243,0,524,0,0,15,0,1,243,0,524,0,,,,,0
2203,1,1,1,1,6,19,0,0,15,0,6,19,0,1,0,1,0,1,9,0,0,15,0,0,15,0,0,15,0,1,0,0,15,0,,,,,0
2204,1,1,1,1,6,20,0,0,15,0,6,20,0,0,0,1,1,0,10,0,0,15,0,0,15,0,0,15,0,1,0,0,15,0,,,,,0
2205,1,1,1,1,6,21,0,0,15,0,6,21,0,1,0,1,0,1,10,0,0,15,0,0,15,0,0,15,0,1,0,0,15,0,,,,,0
2206,1,1,1,1,6,22,0,0,15,0,6,22,0,0,0,1,1,0,11,0,0,15,0,0,15,0,0,15,0,1,0,0,15,0,,,,,0
2207,1,1,1,1,6,23,0,0,15,0,6,23,0,1,0,1,0,1,11,0,0,15,0,0,15,0,0,15,0,1,0,0,15,0,,,,,0
2208,1,1,1,1,6,24,0,0,15,0,6,24,0,0,0,1,1,0,12,0,0,15,0,0,15,0,0,15,0,1,0,0,15,0,,,,,0
2209,1,1,1,1,6,25,0,0,15,0,6,25,0,1,0,1,0,1,12,0,0,15,0,0,15,0,0,15,0,1,0,0,15,0,,,,,0
2210,1,1,1,1,7,0,0,0,15,0,7,0,1,0,0,1,1,0,0,0,0,15,0,0,15,0,0,15,0,1,0,0,15,0,,,,,0
2211,1,1,1,1,7,1,0,0,15,0,7,1,1,1,1,1,0,0,0,0,0,15,0,0,15,0,0,15,1,1,0,0,15,0,1,1,3,0,0
2212,1,1,1,1,7,2,0,0,15,0,7,2,1,0,0,1,1,0,1,0,0,15,0,0,15,0,0,15,0,1,0,0,15,0,,,,,0
2213,1,1,1,1,7,3,0,0,15,0,7,3,1,1,1,1,0,0,1,0,0,15,0,0,15,0,0,15,1,1,0,0,15,0,1,1,3,1,0
2214,1,1,1,1,7,4,0,0,15,0,7,4,1,0,0,1,1,0,2,0,0,15,0,0,15,0,0,15,0,1,0,0,15,0,,,,,0
2215,1,1,1,1,7,5,0,0,15,0,7,5,1,1,1,1,0,0,2,0,0,15,0,0,15,0,0,15,1,1,0,0,15,0,1,1,3,2,0
2216,1,1,1,1,7,6,0,0,0,0,7,6,1,0,0,1,1,0,3,0,0,15,0,0,15,142,0,0,0,1,142,0,15,0,,,,,0
2217,1,1,1,1,7,7,0,0,0,0,7,7,1,1,1,1,0,0,3,0,0,0,0,0,0,142,0,0,1,1,142,0,0,0,1,1,3,3,0
2218,1,1,1,1,7,8,250,0,0,0,7,8,1,0,0,1,1,0,4,0,0,0,250,0,0,420,0,0,0,1,420,0,0,0,,,,,0
2219,1,1,1,1,7,9,199,0,0,0,7,9,1,1,1,1,0,0,4,250,0,0,250,0,0,420,0,0,1,1,420,0,0,0,1,1,3,4,0
2220,1,1,1,1,7,10,1739,0,0,0,7,10,1,0,0,1,1,0,5,250,0,0,1739,0,0,0,1474,1003,0,1,1739,1474,1003,0,,,,,0
2221,1,1,1,1,7,11,1845,99,0,0,7,11,1,1,1,1,0,0,5,1739,0,0,1845,99,0,0,1474,1003,1,1,1845,1474,1003,0,1,1,3,5,0
2222,1,1,1,1,7,12,106,978,1001,0,7,12,1,0,0,1,1,0,6,1739,0,0,1739,978,1001,3,1476,5217,0,1,1739,1476,5217,0,,,,,0
2223,1,1,1,1,7,13,0,1196,4108,0,7,13,1,1,1,1,0,0,6,106,978,1001,106,1196,4108,3,1476,5217,1,1,106,1476,5217,0,1,1,3,6,0
2224,1,1,1,1,7,14,0,2152,6105,0,7,14,1,0,0,1,1,0,7,106,978,1001,106,2152,6105,0,1420,5440,0,1,106,2152,6105,0,,,,,0
2225,1,1,1,1,7,15,0,971,4560,0,7,15,1,1,1,1,0,0,7,0,2152,6105,0,2152,6105,0,1420,5440,1,1,0,2152,6105,0,1,1,3,7,0
2226,1,1,1,1,7,16,0,168,1549,0,7,16,1,0,0,1,1,0,8,0,2152,6105,0,2152,6105,243,0,524,0,1,243,2152,6105,0,,,,,0
2227,1,1,1,1,7,17,0,0,460,0,7,17,1,1,1,1,0,0,8,0,168,1549,0,168,1549,243,0,524,1,1,243,168,1549,0,1,1,3,8,0
2228,1,1,1,1,7,18,0,0,20,0,7,18,1,0,0,1,1,0,9,0,168,1549,0,168,1549,0,0,15,0,1,0,168,1549,0,,,,,0
2229,1,1,1,1,7,19,0,0,15,0,7,19,1,1,1,1,0,0,9,0,0,20,0,0,20,0,0,15,1,1,0,0,20,0,1,1,3,9,0
2230,1,1,1,1,7,20,0,0,15,0,7,20,1,0,0,1,1,0,10,0,0,20,0,0,20,0,0,15,0,1,0,0,20,0,,,,,0
2231,1,1,1,1,7,21,0,0,15,0,7,21,1,1,1,1,0,0,10,0,0,15,0,0,15,0,0,15,1,1,0,0,15,0,1,1,3,10,0
2232,1,1,1,1,7,22,0,0,15,0,7,22,1,0,0,1,1,0,11,0,0,15,0,0,15,0,0,15,0,1,0,0,15,0,,,,,0
2233,1,1,1,1,7,23,0,0,15,0,7,23,1,1,1,1,0,0,11,0,0,15,0,0,15,0,0,15,1,1,0,0,15,0,1,1,3,11,0
2234,1,1,1,1,7,24,0,0,15,0,7,24,1,0,0,1,1,0,12,0,0,15,0,0,15,0,0,15,0,1,0,0,15,0,,,,,0
2235,1,1,1,1,7,25,0,0,15,0,7,25,1,1,1,1,0,0,12,0,0,15,0,0,15,0,0,15,1,1,0,0,15,0,1,1,3,12,0
2236,1,1,1,1,8,0,0,0,15,0,8,0,0,0,0,1,1,0,0,0,0,15,0,0,15,0,0,15,0,1,0,0,15,0,,,,,0
2237,1,1,1,1,8,1,0,0,15,0,8,1,0,1,0,1,0,1,0,0,0,15,0,0,15,0,0,15,0,1,0,0,15,0,,,,,0
2238,1,1,1,1,8,2,0,0,15,0,8,2,0,0,0,1,1,0,1,0,0,15,0,0,15,0,0,15,0,1,0,0,15,0,,,,,0
2239,1,1,1,1,8,3,0,0,15,0,8,3,0,1,0,1,0,1,1,0,0,15,0,0,15,0,0,15,0,1,0,0,15,0,,,,,0
2240,1,1,1,1,8,4,0,0,15,0,8,4,0,0,0,1,1,0,2,0,0,15,0,0,15,0,0,15,0,1,0,0,15,0,,,,,0
2241,1,1,1,1,8,5,0,0,15,0,8,5,0,1,0,1,0,1,2,0,0,15,0,0,15,0,0,15,0,1,0,0,15,0,,,,,0
2242,1,1,1,1,8,6,0,0,15,0,8,6,0,0,0,1,1,0,3,0,0,15,0,0,15,142,0,0,0,1,142,0,15,0,,,,,0
2243,1,1,1,1,8,7,0,0,15,0,8,7,0,1,0,1,0,1,3,0,0,15,0,0,15,142,0,0,0,1,142,0,15,0,,,,,0
2244,1,1,1,1,8,8,0,0,0,0,8,8,0,0,0,1,1,0,4,0,0,15,0,0,15,420,0,0,0,1,420,0,15,0,,,,,0
2245,1,1,1,1,8,9,341,0,0,0,8,9,0,1,0,1,0,1,4,0,0,0,341,0,0,420,0,0,0,1,420,0,0,0,,,,,0
2246,1,1,1,1,8,10,2079,0,0,0,8,10,0,0,0,1,1,0,5,0,0,0,2079,0,0,0,1474,1003,0,1,2079,1474,1003,0,,,,,0
2247,1,1,1,1,8,11,2045,0,0,0,8,11,0,1,0,1,0,1,5,2079,0,0,2079,0,0,0,1474,1003,0,1,2079,1474,1003,0,,,,,0
2248,1,1,1,1,8,12,0,1105,0,0,8,12,0,0,0,1,1,0,6,2079,0,0,2079,1105,0,3,1476,5217,0,1,2079,1476,5217,0,,,,,0
2249,1,1,1,1,8,13,0,1112,1175,0,8,13,0,1,0,1,0,1,6,0,1105,0,0,1112,1175,3,1476,5217,0,1,3,1476,5217,0,,,,,0
2250,1,1,1,1,8,14,0,1087,4516,0,8,14,0,0,0,1,1,0,7,0,1105,0,0,1105,4516,0,1420,5440,0,1,0,1420,5440,0,,,,,0
2251,1,1,1,1,8,15,0,181,6034,0,8,15,0,1,0,1,0,1,7,0,1087,4516,0,1087,6034,0,1420,5440,0,1,0,1420,6034,0,,,,,0
2252,1,1,1,1,8,16,0,220,3637,0,8,16,0,0,0,1,1,0,8,0,1087,4516,0,1087,4516,243,0,524,0,1,243,1087,4516,0,,,,,0
2253,1,1,1,1,8,17,0,0,1610,0,8,17,0,1,0,1,0,1,8,0,220,3637,0,220,3637,243,0,524,0,1,243,220,3637,0,,,,,0
2254,1,1,1,1,8,18,0,0,172,0,8,18,0,0,0,1,1,0,9,0,220,3637,0,220,3637,0,0,15,0,1,0,220,3637,0,,,,,0
2255,1,1,1,1,8,19,0,0,15,0,8,19,0,1,0,1,0,1,9,0,0,172,0,0,172,0,0,15,0,1,0,0,172,0,,,,,0
2256,1,1,1,1,8,20,0,0,15,0,8,20,0,0,0,1,1,0,10,0,0,172,0,0,172,0,0,15,0,1,0,0,172,0,,,,,0
2257,1,1,1,1,8,21,0,0,15,0,8,21,0,1,0,1,0,1,10,0,0,15,0,0,15,0,0,15,0,1,0,0,15,0,,,,,0
2258,1,1,1,1,8,22,0,0,15,0,8,22,0,0,0,1,1,0,11,0,0,15,0,0,15,0,0,15,0,1,0,0,15,0,,,,,0
2259,1,1,1,1,8,23,0,0,15,0,8,23,0,1,0,1,0,1,11,0,0,15,0,0,15,0,0,15,0,1,0,0,15,0,,,,,0
2260,1,1,1,1,8,24,0,0,15,0,8,24,0,0,0,1,1,0,12,0,0,15,0,0,15,0,0,15,0,1,0,0,15,0,,,,,0
2261,1,1,1,1,8,25,0,0,15,0,8,25,0,1,0,1,0,1,12,0,0,15,0,0,15,0,0,15,0,1,0,0,15,0,,,,,0
2262,1,1,1,1,9,0,0,0,15,0,9,0,1,0,0,1,1,0,0,0,0,15,0,0,15,0,0,15,0,1,0,0,15,0,,,,,0
2263,1,1,1,1,9,1,0,0,15,0,9,1,1,1,1,1,0,0,0,0,0,15,0,0,15,0,0,15,1,1,0,0,15,0,1,1,4,0,0
2264,1,1,1,1,9,2,0,0,15,0,9,2,1,0,0,1,1,0,1,0,0,15,0,0,15,0,0,15,0,1,0,0,15,0,,,,,0
2265,1,1,1,1,9,3,0,0,15,0,9,3,1,1,1,1,0,0,1,0,0,15,0,0,15,0,0,15,1,1,0,0,15,0,1,1,4,1,0
2266,1,1,1,1,9,4,0,0,15,0,9,4,1,0,0,1,1,0,2,0,0,15,0,0,15,0,0,15,0,1,0,0,15,0,,,,,0
2267,1,1,1,1,9,5,0,0,15,0,9,5,1,1,1,1,0,0,2,0,0,15,0,0,15,0,0,15,1,1,0,0,15,0,1,1,4,2,0
2268,1,1,1,1,9,6,0,0,15,0,9,6,1,0,0,1,1,0,3,0,0,15,0,0,15,0,0,15,0,1,0,0,15,0,,,,,0
2269,1,1,1,1,9,7,0,0,16,0,9,7,1,1,1,1,0,0,3,0,0,15,0,0,16,0,0,15,1,1,0,0,16,0,1,1,4,3,0
2270,1,1,1,1,9,8,0,0,0,0,9,8,1,0,0,1,1,0,4,0,0,15,0,0,15,341,0,0,0,1,341,0,15,0,,,,,0
2271,1,1,1,1,9,9,0,0,0,0,9,9,1,1,1,1,0,0,4,0,0,0,0,0,0,341,0,0,1,1,341,0,0,0,1,1,4,4,0
2272,1,1,1,1,9,10,222,0,0,0,9,10,1,0,0,1,1,0,5,0,0,0,222,0,0,2079,0,0,0,1,2079,0,0,0,,,,,0
2273,1,1,1,1,9,11,864,0,0,0,9,11,1,1,1,1,0,0,5,222,0,0,864,0,0,2079,0,0,1,1,2079,0,0,0,1,1,4,5,0
2274,1,1,1,1,9,12,103,0,0,0,9,12,1,0,0,1,1,0,6,222,0,0,222,0,0,0,1112,1175,0,1,222,1112,1175,0,,,,,0
2275,1,1,1,1,9,13,0,0,0,0,9,13,1,1,1,1,0,0,6,103,0,0,103,0,0,0,1112,1175,1,1,103,1112,1175,0,1,1,4,6,0
2276,1,1,1,1,9,14,0,1704,2343,0,9,14,1,0,0,1,1,0,7,103,0,0,103,1704,2343,0,1087,6034,0,1,103,1704,6034,0,,,,,0
2277,1,1,1,1,9,15,0,1433,5281,0,9,15,1,1,1,1,0,0,7,0,1704,2343,0,1704,5281,0,1087,6034,1,1,0,1704,6034,0,1,1,4,7,0
2278,1,1,1,1,9,16,0,1850,5017,0,9,16,1,0,0,1,1,0,8,0,1704,2343,0,1850,5017,0,220,3637,0,1,0,1850,5017,0,,,,,0
2279,1,1,1,1,9,17,0,471,3654,0,9,17,1,1,1,1,0,0,8,0,1850,5017,0,1850,5017,0,220,3637,1,1,0,1850,5017,0,1,1,4,8,0
2280,1,1,1,1,9,18,0,0,947,0,9,18,1,0,0,1,1,0,9,0,1850,5017,0,1850,5017,0,0,172,0,1,0,1850,5017,0,,,,,0
2281,1,1,1,1,9,19,0,0,51,0,9,19,1,1,1,1,0,0,9,0,0,947,0,0,947,0,0,172,1,1,0,0,947,0,1,1,4,9,0
2282,1,1,1,1,9,20,0,0,15,0,9,20,1,0,0,1,1,0,10,0,0,947,0,0,947,0,0,15,0,1,0,0,947,0,,,,,0
2283,1,1,1,1,9,21,0,0,15,0,9,21,1,1,1,1,0,0,10,0,0,15,0,0,15,0,0,15,1,1,0,0,15,0,1,1,4,10,0
2284,1,1,1,1,9,22,0,0,15,0,9,22,1,0,0,1,1,0,11,0,0,15,0,0,15,0,0,15,0,1,0,0,15,0,,,,,0
2285,1,1,1,1,9,23,0,0,15,0,9,23,1,1,1,1,0,0,11,0,0,15,0,0,15,0,0,15,1,1,0,0,15,0,1,1,4,11,0
2286,1,1,1,1,9,24,0,0,15,0,9,24,1,0,0,1,1,0,12,0,0,15,0,0,15,0,0,15,0,1,0,0,15,0,,,,,0
2287,1,1,1,1,9,25,0,0,15,0,9,25,1,1,1,1,0,0,12,0,0,15,0,0,15,0,0,15,1,1,0,0,15,0,1,1,4,12,0
2288,1,1,1,1,10,0,0,0,15,0,10,0,0,0,0,1,1,0,0,0,0,15,0,0,15,0,0,15,0,1,0,0,15,0,,,,,0
2289,1,1,1,1,10,1,0,0,15,0,10,1,0,1,0,1,0,1,0,0,0,15,0,0,15,0,0,15,0,1,0,0,15,0,,,,,0
2290,1,1,1,1,10,2,0,0,15,0,10,2,0,0,0,1,1,0,1,0,0,15,0,0,15,0,0,15,0,1,0,0,15,0,,,,,0
2291,1,1,1,1,10,3,0,0,15,0,10,3,0,1,0,1,0,1,1,0,0,15,0,0,15,0,0,15,0,1,0,0,15,0,,,,,0
2292,1,1,1,1,10,4,0,0,15,0,10,4,0,0,0,1,1,0,2,0,0,15,0,0,15,0,0,15,0,1,0,0,15,0,,,,,0
2293,1,1,1,1,10,5,0,0,15,0,10,5,0,1,0,1,0,1,2,0,0,15,0,0,15,0,0,15,0,1,0,0,15,0,,,,,0
2294,1,1,1,1,10,6,0,0,20,0,10,6,0,0,0,1,1,0,3,0,0,15,0,0,20,0,0,15,0,1,0,0,20,0,,,,,0
2295,1,1,1,1,10,7,98,0,43,0,10,7,0,1,0,1,0,1,3,0,0,20,98,0,43,0,0,15,0,1,98,0,43,0,,,,,0
2296,1,1,1,1,10,8,80,115,134,0,10,8,0,0,0,1,1,0,4,0,0,20,80,115,134,341,0,0,0,1,341,115,134,0,,,,,0
2297,1,1,1,1,10,9,0,0,182,0,10,9,0,1,0,1,0,1,4,80,115,134,80,115,182,341,0,0,0,1,341,115,182,0,,,,,0
2298,1,1,1,1,10,10,0,0,0,0,10,10,0,0,0,1,1,0,5,80,115,134,80,115,134,2079,0,0,0,1,2079,115,134,0,,,,,0
2299,1,1,1,1,10,11,573,0,0,0,10,11,0,1,0,1,0,1,5,0,0,0,573,0,0,2079,0,0,0,1,2079,0,0,0,,,,,0
2300,1,1,1,1,10,12,670,0,0,0,10,12,0,0,0,1,1,0,6,0,0,0,670,0,0,0,1112,1175,0,1,670,1112,1175,0,,,,,0
2301,1,1,1,1,10,13,1611,0,0,0,10,13,0,1,0,1,0,1,6,670,0,0,1611,0,0,0,1112,1175,0,1,1611,1112,1175,0,,,,,0
2302,1,1,1,1,10,14,1559,197,0,0,10,14,0,0,0,1,1,0,7,670,0,0,1559,197,0,0,1087,6034,0,1,1559,1087,6034,0,,,,,0
2303,1,1,1,1,10,15,222,1397,2404,0,10,15,0,1,0,1,0,1,7,1559,197,0,1559,1397,2404,0,1087,6034,0,1,1559,1397,6034,0,,,,,0
2304,1,1,1,1,10,16,0,1954,5237,0,10,16,0,0,0,1,1,0,8,1559,197,0,1559,1954,5237,0,220,3637,0,1,1559,1954,5237,0,,,,,0
2305,1,1,1,1,10,17,0,1756,5673,0,10,17,0,1,0,1,0,1,8,0,1954,5237,0,1954,5673,0,220,3637,0,1,0,1954,5673,0,,,,,0
2306,1,1,1,1,10,18,0,0,2495,0,10,18,0,0,0,1,1,0,9,0,1954,5237,0,1954,5237,0,0,172,0,1,0,1954,5237,0,,,,,0
2307,1,1,1,1,10,19,0,0,196,0,10,19,0,1,0,1,0,1,9,0,0,2495,0,0,2495,0,0,172,0,1,0,0,2495,0,,,,,0
2308,1,1,1,1,10,20,0,0,24,0,10,20,0,0,0,1,1,0,10,0,0,2495,0,0,2495,0,0,15,0,1,0,0,2495,0,,,,,0
2309,1,1,1,1,10,21,0,0,15,0,10,21,0,1,0,1,0,1,10,0,0,24,0,0,24,0,0,15,0,1,0,0,24,0,,,,,0
2310,1,1,1,1,10,22,0,0,15,0,10,22,0,0,0,1,1,0,11,0,0,24,0,0,24,0,0,15,0,1,0,0,24,0,,,,,0
2311,1,1,1,1,10,23,0,0,15,0,10,23,0,1,0,1,0,1,11,0,0,15,0,0,15,0,0,15,0,1,0,0,15,0,,,,,0
2312,1,1,1,1,10,24,0,0,15,0,10,24,0,0,0,1,1,0,12,0,0,15,0,0,15,0,0,15,0,1,0,0,15,0,,,,,0
2313,1,1,1,1,10,25,0,0,15,0,10,25,0,1,0,1,0,1,12,0,0,15,0,0,15,0,0,15,0,1,0,0,15,0,,,,,0
2314,1,1,1,1,11,0,0,0,15,0,11,0,1,0,0,1,1,0,0,0,0,15,0,0,15,0,0,15,0,1,0,0,15,0,,,,,0
2315,1,1,1,1,11,1,0,0,15,0,11,1,1,1,1,1,0,0,0,0,0,15,0,0,15,0,0,15,1,1,0,0,15,0,1,1,5,0,0
2316,1,1,1,1,11,2,0,0,15,0,11,2,1,0,0,1,1,0,1,0,0,15,0,0,15,0,0,15,0,1,0,0,15,0,,,,,0
2317,1,1,1,1,11,3,0,0,15,0,11,3,1,1,1,1,0,0,1,0,0,15,0,0,15,0,0,15,1,1,0,0,15,0,1,1,5,1,0
2318,1,1,1,1,11,4,0,0,15,0,11,4,1,0,0,1,1,0,2,0,0,15,0,0,15,0,0,15,0,1,0,0,15,0,,,,,0
2319,1,1,1,1,11,5,0,0,16,0,11,5,1,1,1,1,0,0,2,0,0,15,0,0,16,0,0,15,1,1,0,0,16,0,1,1,5,2,0
2320,1,1,1,1,11,6,715,0,89,0,11,6,1,0,0,1,1,0,3,0,0,15,715,0,89,98,0,43,0,1,715,0,89,0,,,,,0
2321,1,1,1,1,11,7,2545,0,302,0,11,7,1,1,1,1,0,0,3,715,0,89,2545,0,302,98,0,43,1,1,2545,0,302,0,1,1,5,3,0
2322,1,1,1,1,11,8,2852,0,1005,0,11,8,1,0,0,1,1,0,4,715,0,89,2852,0,1005,80,115,182,0,1,2852,115,1005,0,,,,,0
2323,1,1,1,1,11,9,2465,0,1642,0,11,9,1,1,1,1,0,0,4,2852,0,1005,2852,0,1642,80,115,182,1,1,2852,115,1642,0,1,1,5,4,0
2324,1,1,1,1,11,10,1561,0,1135,0,11,10,1,0,0,1,1,0,5,2852,0,1005,2852,0,1135,573,0,0,0,1,2852,0,1135,0,,,,,0
2325,1,1,1,1,11,11,867,0,120,0,11,11,1,1,1,1,0,0,5,1561,0,1135,1561,0,1135,573,0,0,1,1,1561,0,1135,0,1,1,5,5,0
2326,1,1,1,1,11,12,562,0,0,0,11,12,1,0,0,1,1,0,6,1561,0,1135,1561,0,1135,1611,0,0,0,1,1611,0,1135,0,,,,,0
2327,1,1,1,1,11,13,2624,0,0,0,11,13,1,1,1,1,0,0,6,562,0,0,2624,0,0,1611,0,0,1,1,2624,0,0,0,1,1,5,6,0
2328,1,1,1,1,11,14,3433,0,0,0,11,14,1,0,0,1,1,0,7,562,0,0,3433,0,0,1559,1397,2404,0,1,3433,1397,2404,0,,,,,0
2329,1,1,1,1,11,15,807,1428,0,0,11,15,1,1,1,1,0,0,7,3433,0,0,3433,1428,0,1559,1397,2404,1,1,3433,1428,2404,0,1,1,5,7,0
2330,1,1,1,1,11,16,0,903,3676,0,11,16,1,0,0,1,1,0,8,3433,0,0,3433,903,3676,0,1954,5673,0,1,3433,1954,5673,0,,,,,0
2331,1,1,1,1,11,17,0,1484,6417,0,11,17,1,1,1,1,0,0,8,0,903,3676,0,1484,6417,0,1954,5673,1,1,0,1954,6417,0,1,1,5,8,0
2332,1,1,1,1,11,18,0,0,4386,0,11,18,1,0,0,1,1,0,9,0,903,3676,0,903,4386,0,0,2495,0,1,0,903,4386,0,,,,,0
2333,1,1,1,1,11,19,0,0,575,0,11,19,1,1,1,1,0,0,9,0,0,4386,0,0,4386,0,0,2495,1,1,0,0,4386,0,1,1,5,9,0
2334,1,1,1,1,11,20,0,0,75,0,11,20,1,0,0,1,1,0,10,0,0,4386,0,0,4386,0,0,24,0,1,0,0,4386,0,,,,,0
2335,1,1,1,1,11,21,0,0,15,0,11,21,1,1,1,1,0,0,10,0,0,75,0,0,75,0,0,24,1,1,0,0,75,0,1,1,5,10,0
2336,1,1,1,1,11,22,0,0,15,0,11,22,1,0,0,1,1,0,11,0,0,75,0,0,75,0,0,15,0,1,0,0,75,0,,,,,0
2337,1,1,1,1,11,23,0,0,15,0,11,23,1,1,1,1,0,0,11,0,0,15,0,0,15,0,0,15,1,1,0,0,15,0,1,1,5,11,0
2338,1,1,1,1,11,24,0,0,15,0,11,24,1,0,0,1,1,0,12,0,0,15,0,0,15,0,0,15,0,1,0,0,15,0,,,,,0
2339,1,1,1,1,11,25,0,0,15,0,11,25,1,1,1,1,0,0,12,0,0,15,0,0,15,0,0,15,1,1,0,0,15,0,1,1,5,12,0
2340,1,1,1,1,12,0,0,0,15,0,12,0,0,0,0,1,1,0,0,0,0,15,0,0,15,0,0,15,0,1,0,0,15,0,,,,,0
2341,1,1,1,1,12,1,0,0,15,0,12,1,0,1,0,1,0,1,0,0,0,15,0,0,15,0,0,15,0,1,0,0,15,0,,,,,0
2342,1,1,1,1,12,2,0,0,15,0,12,2,0,0,0,1,1,0,1,0,0,15,0,0,15,0,0,15,0,1,0,0,15,0,,,,,0
2343,1,1,1,1,12,3,0,0,16,0,12,3,0,1,0,1,0,1,1,0,0,15,0,0,16,0,0,15,0,1,0,0,16,0,,,,,0
2344,1,1,1,1,12,4,0,0,36,0,12,4,0,0,0,1,1,0,2,0,0,15,0,0,36,0,0,15,0,1,0,0,36,0,,,,,0
2345,1,1,1,1,12,5,1168,0,64,0,12,5,0,1,0,1,0,1,2,0,0,36,1168,0,64,0,0,15,0,1,1168,0,64,0,,,,,0
2346,1,1,1,1,12,6,3468,0,128,0,12,6,0,0,0,1,1,0,3,0,0,36,3468,0,128,98,0,43,0,1,3468,0,128,0,,,,,0
2347,1,1,1,1,12,7,6663,302,202,0,12,7,0,1,0,1,0,1,3,3468,0,128,6663,302,202,98,0,43,0,1,6663,302,202,0,,,,,0
2348,1,1,1,1,12,8,5754,1721,1348,0,12,8,0,0,0,1,1,0,4,3468,0,128,5754,1721,1348,80,115,182,0,1,5754,1721,1348,0,,,,,0
2349,1,1,1,1,12,9,3767,1489,3406,0,12,9,0,1,0,1,0,1,4,5754,1721,1348,5754,1721,3406,80,115,182,0,1,5754,1721,3406,0,,,,,0
2350,1,1,1,1,12,10,2831,910,2988,0,12,10,0,0,0,1,1,0,5,5754,1721,1348,5754,1721,2988,573,0,0,0,1,5754,1721,2988,0,,,,,0
2351,1,1,1,1,12,11,1228,92,2659,0,12,11,0,1,0,1,0,1,5,2831,910,2988,2831,910,2988,573,0,0,0,1,2831,910,2988,0,,,,,0
2352,1,1,1,1,12,12,943,0,726,0,12,12,0,0,0,1,1,0,6,2831,910,2988,2831,910,2988,1611,0,0,0,1,2831,910,2988,0,,,,,0
2353,1,1,1,1,12,13,1869,0,0,0,12,13,0,1,0,1,0,1,6,943,0,726,1869,0,726,1611,0,0,0,1,1869,0,726,0,,,,,0
2354,1,1,1,1,12,14,3904,0,0,0,12,14,0,0,0,1,1,0,7,943,0,726,3904,0,726,1559,1397,2404,0,1,3904,1397,2404,0,,,,,0
2355,1,1,1,1,12,15,2005,671,0,0,12,15,0,1,0,1,0,1,7,3904,0,0,3904,671,0,1559,1397,2404,0,1,3904,1397,2404,0,,,,,0
2356,1,1,1,1,12,16,0,1086,2285,0,12,16,0,0,0,1,1,0,8,3904,0,0,3904,1086,2285,0,1954,5673,0,1,3904,1954,5673,0,,,,,0
2357,1,1,1,1,12,17,0,1745,5925,0,12,17,0,1,0,1,0,1,8,0,1086,2285,0,1745,5925,0,1954,5673,0,1,0,1954,5925,0,,,,,0
2358,1,1,1,1,12,18,0,0,5539,0,12,18,0,0,0,1,1,0,9,0,1086,2285,0,1086,5539,0,0,2495,0,1,0,1086,5539,0,,,,,0
2359,1,1,1,1,12,19,0,0,1299,0,12,19,0,1,0,1,0,1,9,0,0,5539,0,0,5539,0,0,2495,0,1,0,0,5539,0,,,,,0
2360,1,1,1,1,12,20,0,0,255,0,12,20,0,0,0,1,1,0,10,0,0,5539,0,0,5539,0,0,24,0,1,0,0,5539,0,,,,,0
2361,1,1,1,1,12,21,0,0,15,0,12,21,0,1,0,1,0,1,10,0,0,255,0,0,255,0,0,24,0,1,0,0,255,0,,,,,0
2362,1,1,1,1,12,22,0,0,15,0,12,22,0,0,0,1,1,0,11,0,0,255,0,0,255,0,0,15,0,1,0,0,255,0,,,,,0
2363,1,1,1,1,12,23,0,0,15,0,12,23,0,1,0,1,0,1,11,0,0,15,0,0,15,0,0,15,0,1,0,0,15,0,,,,,0
2364,1,1,1,1,12,24,0,0,15,0,12,24,0,0,0,1,1,0,12,0,0,15,0,0,15,0,0,15,0,1,0,0,15,0,,,,,0
2365,1,1,1,1,12,25,0,0,15,0,12,25,0,1,0,1,0,1,12,0,0,15,0,0,15,0,0,15,0,1,0,0,15,0,,,,,0
2366,1,1,1,1,13,0,0,0,15,0,13,0,1,0,0,1,1,0,0,0,0,15,0,0,15,0,0,15,0,1,0,0,15,0,,,,,0
2367,1,1,1,1,13,1,0,0,15,0,13,1,1,1,1,1,0,0,0,0,0,15,0,0,15,0,0,15,1,1,0,0,15,0,1,1,6,0,0
2368,1,1,1,1,13,2,0,0,15,0,13,2,1,0,0,1,1,0,1,0,0,15,0,0,15,0,0,16,0,1,0,0,16,0,,,,,0
2369,1,1,1,1,13,3,117,0,10,0,13,3,1,1,1,1,0,0,1,0,0,15,117,0,15,0,0,16,1,1,117,0,16,0,1,1,6,1,0
2370,1,1,1,1,13,4,1278,0,87,0,13,4,1,0,0,1,1,0,2,0,0,15,1278,0,87,1168,0,64,0,1,1278,0,87,0,,,,,0
2371,1,1,1,1,13,5,4411,0,0,0,13,5,1,1,1,1,0,0,2,1278,0,87,4411,0,87,1168,0,64,1,1,4411,0,87,0,1,1,6,2,0
2372,1,1,1,1,13,6,6978,672,0,0,13,6,1,0,0,1,1,0,3,1278,0,87,6978,672,87,6663,302,202,0,1,6978,672,202,0,,,,,0
2373,1,1,1,1,13,7,7382,866,0,0,13,7,1,1,1,1,0,0,3,6978,672,0,7382,866,0,6663,302,202,1,1,7382,866,202,0,1,1,6,3,0
2374,1,1,1,1,13,8,4295,1678,518,0,13,8,1,0,0,1,1,0,4,6978,672,0,6978,1678,518,5754,1721,3406,0,1,6978,1721,3406,0,,,,,0
2375,1,1,1,1,13,9,1840,1981,3249,0,13,9,1,1,1,1,0,0,4,4295,1678,518,4295,1981,3249,5754,1721,3406,1,1,5754,1981,3406,0,1,1,6,4,0
2376,1,1,1,1,13,10,1357,2263,4196,0,13,10,1,0,0,1,1,0,5,4295,1678,518,4295,2263,4196,2831,910,2988,0,1,4295,2263,4196,0,,,,,0
2377,1,1,1,1,13,11,0,2673,4991,0,13,11,1,1,1,1,0,0,5,1357,2263,4196,1357,2673,4991,2831,910,2988,1,1,2831,2673,4991,0,1,1,6,5,0
2378,1,1,1,1,13,12,0,790,3391,0,13,12,1,0,0,1,1,0,6,1357,2263,4196,1357,2263,4196,1869,0,726,0,1,1869,2263,4196,0,,,,,0
2379,1,1,1,1,13,13,350,0,0,0,13,13,1,1,1,1,0,0,6,0,790,3391,350,790,3391,1869,0,726,1,1,1869,790,3391,0,1,1,6,6,0
2380,1,1,1,1,13,14,3550,0,0,0,13,14,1,0,0,1,1,0,7,0,790,3391,3550,790,3391,3904,671,0,0,1,3904,790,3391,0,,,,,0
2381,1,1,1,1,13,15,3580,0,0,0,13,15,1,1,1,1,0,0,7,3550,0,0,3580,0,0,3904,671,0,1,1,3904,671,0,0,1,1,6,7,0
2382,1,1,1,1,13,16,481,590,381,0,13,16,1,0,0,1,1,0,8,3550,0,0,3550,590,381,0,1745,5925,0,1,3550,1745,5925,0,,,,,0
2383,1,1,1,1,13,17,0,1855,4873,0,13,17,1,1,1,1,0,0,8,481,590,381,481,1855,4873,0,1745,5925,1,1,481,1855,5925,0,1,1,6,8,0
2384,1,1,1,1,13,18,0,292,5972,0,13,18,1,0,0,1,1,0,9,481,590,381,481,590,5972,0,0,5539,0,1,481,590,5972,0,,,,,0
2385,1,1,1,1,13,19,0,277,2166,0,13,19,1,1,1,1,0,0,9,0,292,5972,0,292,5972,0,0,5539,1,1,0,292,5972,0,1,1,6,9,0
2386,1,1,1,1,13,20,0,0,583,0,13,20,1,0,0,1,1,0,10,0,292,5972,0,292,5972,0,0,255,0,1,0,292,5972,0,,,,,0
2387,1,1,1,1,13,21,0,0,15,0,13,21,1,1,1,1,0,0,10,0,0,583,0,0,583,0,0,255,1,1,0,0,583,0,1,1,6,10,0
2388,1,1,1,1,13,22,0,0,15,0,13,22,1,0,0,1,1,0,11,0,0,583,0,0,583,0,0,15,0,1,0,0,583,0,,,,,0
2389,1,1,1,1,13,23,0,0,15,0,13,23,1,1,1,1,0,0,11,0,0,15,0,0,15,0,0,15,1,1,0,0,15,0,1,1,6,11,0
2390,1,1,1,1,13,24,0,0,15,0,13,24,1,0,0,1,1,0,12,0,0,15,0,0,15,0,0,15,0,1,0,0,15,0,,,,,0
2391,1,1,1,1,13,25,0,0,15,0,13,25,1,1,1,1,0,0,12,0,0,15,0,0,15,0,0,15,1,1,0,0,15,0,1,1,6,12,0
2392,1,1,1,1,14,0,0,0,15,0,14,0,0,0,0,1,1,0,0,0,0,15,0,0,15,0,0,15,0,1,0,0,15,0,,,,,0
2393,1,1,1,1,14,1,0,0,15,0,14,1,0,1,0,1,0,1,0,0,0,15,0,0,15,0,0,15,0,1,0,0,15,0,,,,,0
2394,1,1,1,1,14,2,0,0,15,0,14,2,0,0,0,1,1,0,1,0,0,15,0,0,15,0,0,16,0,1,0,0,16,0,,,,,0
2395,1,1,1,1,14,3,619,0,0,0,14,3,0,1,0,1,0,1,1,0,0,15,619,0,15,0,0,16,0,1,619,0,16,0,,,,,0
2396,1,1,1,1,14,4,2966,20,0,0,14,4,0,0,0,1,1,0,2,0,0,15,2966,20,15,1168,0,64,0,1,2966,20,64,0,,,,,0
2397,1,1,1,1,14,5,6514,884,0,0,14,5,0,1,0,1,0,1,2,2966,20,0,6514,884,0,1168,0,64,0,1,6514,884,64,0,,,,,0
2398,1,1,1,1,14,6,6416,2687,0,0,14,6,0,0,0,1,1,0,3,2966,20,0,6416,2687,0,6663,302,202,0,1,6663,2687,202,0,,,,,0
2399,1,1,1,1,14,7,3667,1724,0,0,14,7,0,1,0,1,0,1,3,6416,2687,0,6416,2687,0,6663,302,202,0,1,6663,2687,202,0,,,,,0
2400,1,1,1,1,14,8,1560,938,480,0,14,8,0,0,0,1,1,0,4,6416,2687,0,6416,2687,480,5754,1721,3406,0,1,6416,2687,3406,0,,,,,0
2401,1,1,1,1,14,9,341,492,1637,0,14,9,0,1,0,1,0,1,4,1560,938,480,1560,938,1637,5754,1721,3406,0,1,5754,1721,3406,0,,,,,0
2402,1,1,1,1,14,10,65,841,2817,0,14,10,0,0,0,1,1,0,5,1560,938,480,1560,938,2817,2831,910,2988,0,1,2831,938,2988,0,,,,,0
2403,1,1,1,1,14,11,0,1954,4964,0,14,11,0,1,0,1,0,1,5,65,841,2817,65,1954,4964,2831,910,2988,0,1,2831,1954,4964,0,,,,,0
2404,1,1,1,1,14,12,0,1023,5294,0,14,12,0,0,0,1,1,0,6,65,841,2817,65,1023,5294,1869,0,726,0,1,1869,1023,5294,0,,,,,0
2405,1,1,1,1,14,13,0,163,2343,0,14,13,0,1,0,1,0,1,6,0,1023,5294,0,1023,5294,1869,0,726,0,1,1869,1023,5294,0,,,,,0
2406,1,1,1,1,14,14,2783,0,0,0,14,14,0,0,0,1,1,0,7,0,1023,5294,2783,1023,5294,3904,671,0,0,1,3904,1023,5294,0,,,,,0
2407,1,1,1,1,14,15,4966,0,0,0,14,15,0,1,0,1,0,1,7,2783,0,0,4966,0,0,3904,671,0,0,1,4966,671,0,0,,,,,0
2408,1,1,1,1,14,16,2310,254,0,0,14,16,0,0,0,1,1,0,8,2783,0,0,2783,254,0,0,1745,5925,0,1,2783,1745,5925,0,,,,,0
2409,1,1,1,1,14,17,0,981,3590,0,14,17,0,1,0,1,0,1,8,2310,254,0,2310,981,3590,0,1745,5925,0,1,2310,1745,5925,0,,,,,0
2410,1,1,1,1,14,18,0,0,5965,0,14,18,0,0,0,1,1,0,9,2310,254,0,2310,254,5965,0,0,5539,0,1,2310,254,5965,0,,,,,0
2411,1,1,1,1,14,19,0,0,3188,0,14,19,0,1,0,1,0,1,9,0,0,5965,0,0,5965,0,0,5539,0,1,0,0,5965,0,,,,,0
2412,1,1,1,1,14,20,0,0,1119,0,14,20,0,0,0,1,1,0,10,0,0,5965,0,0,5965,0,0,255,0,1,0,0,5965,0,,,,,0
2413,1,1,1,1,14,21,0,0,24,0,14,21,0,1,0,1,0,1,10,0,0,1119,0,0,1119,0,0,255,0,1,0,0,1119,0,,,,,0
2414,1,1,1,1,14,22,0,0,15,0,14,22,0,0,0,1,1,0,11,0,0,1119,0,0,1119,0,0,15,0,1,0,0,1119,0,,,,,0
2415,1,1,1,1,14,23,0,0,15,0,14,23,0,1,0,1,0,1,11,0,0,15,0,0,15,0,0,15,0,1,0,0,15,0,,,,,0
2416,1,1,1,1,14,24,0,0,15,0,14,24,0,0,0,1,1,0,12,0,0,15,0,0,15,0,0,15,0,1,0,0,15,0,,,,,0
2417,1,1,1,1,14,25,0,0,15,0,14,25,0,1,0,1,0,1,12,0,0,15,0,0,15,0,0,15,0,1,0,0,15,0,,,,,0
2418,1,1,1,1,15,0,0,0,15,0,15,0,1,0,0,1,1,0,0,0,0,15,0,0,15,0,0,15,0,1,0,0,15,0,,,,,0
2419,1,1,1,1,15,1,0,0,15,0,15,1,1,1,1,1,0,0,0,0,0,15,0,0,15,0,0,15,1,1,0,0,15,0,1,1,7,0,0
2420,1,1,1,1,15,2,0,0,15,0,15,2,1,0,0,1,1,0,1,0,0,15,0,0,15,619,0,15,0,1,619,0,15,0,,,,,0
2421,1,1,1,1,15,3,747,0,0,0,15,3,1,1,1,1,0,0,1,0,0,15,747,0,15,619,0,15,1,1,747,0,15,0,1,1,7,1,0
2422,1,1,1,1,15,4,3111,0,0,0,15,4,1,0,0,1,1,0,2,0,0,15,3111,0,15,6514,884,0,0,1,6514,884,15,0,,,,,0
2423,1,1,1,1,15,5,5705,0,0,0,15,5,1,1,1,1,0,0,2,3111,0,0,5705,0,0,6514,884,0,1,1,6514,884,0,0,1,1,7,2,0
2424,1,1,1,1,15,6,3791,1520,0,0,15,6,1,0,0,1,1,0,3,3111,0,0,3791,1520,0,6416,2687,0,0,1,6416,2687,0,0,,,,,0
2425,1,1,1,1,15,7,757,649,1065,0,15,7,1,1,1,1,0,0,3,3791,1520,0,3791,1520,1065,6416,2687,0,1,1,6416,2687,1065,0,1,1,7,3,0
2426,1,1,1,1,15,8,398,451,1386,0,15,8,1,0,0,1,1,0,4,3791,1520,0,3791,1520,1386,1560,938,1637,0,1,3791,1520,1637,0,,,,,0
2427,1,1,1,1,15,9,309,398,1485,0,15,9,1,1,1,1,0,0,4,398,451,1386,398,451,1485,1560,938,1637,1,1,1560,938,1637,0,1,1,7,4,0
2428,1,1,1,1,15,10,220,392,1599,0,15,10,1,0,0,1,1,0,5,398,451,1386,398,451,1599,65,1954,4964,0,1,398,1954,4964,0,,,,,0
2429,1,1,1,1,15,11,0,428,3898,0,15,11,1,1,1,1,0,0,5,220,392,1599,220,428,3898,65,1954,4964,1,1,220,1954,4964,0,1,1,7,5,0
2430,1,1,1,1,15,12,0,0,6040,0,15,12,1,0,0,1,1,0,6,220,392,1599,220,392,6040,0,1023,5294,0,1,220,1023,6040,0,,,,,0
2431,1,1,1,1,15,13,0,68,4211,0,15,13,1,1,1,1,0,0,6,0,0,6040,0,68,6040,0,1023,5294,1,1,0,1023,6040,0,1,1,7,6,0
2432,1,1,1,1,15,14,3041,0,0,0,15,14,1,0,0,1,1,0,7,0,0,6040,3041,0,6040,4966,0,0,0,1,4966,0,6040,0,,,,,0
2433,1,1,1,1,15,15,5700,50,0,0,15,15,1,1,1,1,0,0,7,3041,0,0,5700,50,0,4966,0,0,1,1,5700,50,0,0,1,1,7,7,0
2434,1,1,1,1,15,16,3327,655,0,0,15,16,1,0,0,1,1,0,8,3041,0,0,3327,655,0,2310,981,3590,0,1,3327,981,3590,0,,,,,0
2435,1,1,1,1,15,17,0,1010,3161,0,15,17,1,1,1,1,0,0,8,3327,655,0,3327,1010,3161,2310,981,3590,1,1,3327,1010,3590,0,1,1,7,8,0
2436,1,1,1,1,15,18,0,813,5772,0,15,18,1,0,0,1,1,0,9,3327,655,0,3327,813,5772,0,0,5965,0,1,3327,813,5965,0,,,,,0
2437,1,1,1,1,15,19,0,643,4011,0,15,19,1,1,1,1,0,0,9,0,813,5772,0,813,5772,0,0,5965,1,1,0,813,5965,0,1,1,7,9,0
2438,1,1,1,1,15,20,0,0,1857,0,15,20,1,0,0,1,1,0,10,0,813,5772,0,813,5772,0,0,1119,0,1,0,813,5772,0,,,,,0
2439,1,1,1,1,15,21,0,0,53,0,15,21,1,1,1,1,0,0,10,0,0,1857,0,0,1857,0,0,1119,1,1,0,0,1857,0,1,1,7,10,0
2440,1,1,1,1,15,22,0,0,15,0,15,22,1,0,0,1,1,0,11,0,0,1857,0,0,1857,0,0,15,0,1,0,0,1857,0,,,,,0
2441,1,1,1,1,15,23,0,0,15,0,15,23,1,1,1,1,0,0,11,0,0,15,0,0,15,0,0,15,1,1,0,0,15,0,1,1,7,11,0
2442,1,1,1,1,15,24,0,0,15,0,15,24,1,0,0,1,1,0,12,0,0,15,0,0,15,0,0,15,0,1,0,0,15,0,,,,,0
2443,1,1,1,1,15,25,0,0,15,0,15,25,1,1,1,1,0,0,12,0,0,15,0,0,15,0,0,15,1,1,0,0,15,0,1,1,7,12,0
2444,1,1,1,1,16,0,0,0,15,0,16,0,0,0,0,1,1,0,0,0,0,15,0,0,15,0,0,15,0,1,0,0,15,0,,,,,0
2445,1,1,1,1,16,1,0,0,15,0,16,1,0,1,0,1,0,1,0,0,0,15,0,0,15,0,0,15,0,1,0,0,15,0,,,,,0
2446,1,1,1,1,16,2,0,0,15,0,16,2,0,0,0,1,1,0,1,0,0,15,0,0,15,619,0,15,0,1,619,0,15,0,,,,,0
2447,1,1,1,1,16,3,464,0,0,0,16,3,0,1,0,1,0,1,1,0,0,15,464,0,15,619,0,15,0,1,619,0,15,0,,,,,0
2448,1,1,1,1,16,4,2027,173,0,0,16,4,0,0,0,1,1,0,2,0,0,15,2027,173,15,6514,884,0,0,1,6514,884,15,0,,,,,0
2449,1,1,1,1,16,5,4087,0,0,0,16,5,0,1,0,1,0,1,2,2027,173,0,4087,173,0,6514,884,0,0,1,6514,884,0,0,,,,,0
2450,1,1,1,1,16,6,2229,1501,0,0,16,6,0,0,0,1,1,0,3,2027,173,0,2229,1501,0,6416,2687,0,0,1,6416,2687,0,0,,,,,0
2451,1,1,1,1,16,7,0,965,751,0,16,7,0,1,0,1,0,1,3,2229,1501,0,2229,1501,751,6416,2687,0,0,1,6416,2687,751,0,,,,,0
2452,1,1,1,1,16,8,118,781,1309,0,16,8,0,0,0,1,1,0,4,2229,1501,0,2229,1501,1309,1560,938,1637,0,1,2229,1501,1637,0,,,,,0
2453,1,1,1,1,16,9,305,429,1470,0,16,9,0,1,0,1,0,1,4,118,781,1309,305,781,1470,1560,938,1637,0,1,1560,938,1637,0,,,,,0
2454,1,1,1,1,16,10,265,439,1554,0,16,10,0,0,0,1,1,0,5,118,781,1309,265,781,1554,65,1954,4964,0,1,265,1954,4964,0,,,,,0
2455,1,1,1,1,16,11,0,690,3476,0,16,11,0,1,0,1,0,1,5,265,439,1554,265,690,3476,65,1954,4964,0,1,265,1954,4964,0,,,,,0
2456,1,1,1,1,16,12,0,1025,5416,0,16,12,0,0,0,1,1,0,6,265,439,1554,265,1025,5416,0,1023,5294,0,1,265,1025,5416,0,,,,,0
2457,1,1,1,1,16,13,0,1780,5070,0,16,13,0,1,0,1,0,1,6,0,1025,5416,0,1780,5416,0,1023,5294,0,1,0,1780,5416,0,,,,,0
2458,1,1,1,1,16,14,2044,0,1161,0,16,14,0,0,0,1,1,0,7,0,1025,5416,2044,1025,5416,4966,0,0,0,1,4966,1025,5416,0,,,,,0
2459,1,1,1,1,16,15,5643,0,0,0,16,15,0,1,0,1,0,1,7,2044,0,1161,5643,0,1161,4966,0,0,0,1,5643,0,1161,0,,,,,0
2460,1,1,1,1,16,16,3345,615,0,0,16,16,0,0,0,1,1,0,8,2044,0,1161,3345,615,1161,2310,981,3590,0,1,3345,981,3590,0,,,,,0
2461,1,1,1,1,16,17,0,1301,2084,0,16,17,0,1,0,1,0,1,8,3345,615,0,3345,1301,2084,2310,981,3590,0,1,3345,1301,3590,0,,,,,0
2462,1,1,1,1,16,18,0,1271,4873,0,16,18,0,0,0,1,1,0,9,3345,615,0,3345,1271,4873,0,0,5965,0,1,3345,1271,5965,0,,,,,0
2463,1,1,1,1,16,19,0,1265,4980,0,16,19,0,1,0,1,0,1,9,0,1271,4873,0,1271,4980,0,0,5965,0,1,0,1271,5965,0,,,,,0
2464,1,1,1,1,16,20,0,0,2900,0,16,20,0,0,0,1,1,0,10,0,1271,4873,0,1271,4873,0,0,1119,0,1,0,1271,4873,0,,,,,0
2465,1,1,1,1,16,21,0,0,121,0,16,21,0,1,0,1,0,1,10,0,0,2900,0,0,2900,0,0,1119,0,1,0,0,2900,0,,,,,0
2466,1,1,1,1,16,22,0,0,15,0,16,22,0,0,0,1,1,0,11,0,0,2900,0,0,2900,0,0,15,0,1,0,0,2900,0,,,,,0
2467,1,1,1,1,16,23,0,0,15,0,16,23,0,1,0,1,0,1,11,0,0,15,0,0,15,0,0,15,0,1,0,0,15,0,,,,,0
2468,1,1,1,1,16,24,0,0,15,0,16,24,0,0,0,1,1,0,12,0,0,15,0,0,15,0,0,15,0,1,0,0,15,0,,,,,0
2469,1,1,1,1,16,25,0,0,15,0,16,25,0,1,0,1,0,1,12,0,0,15,0,0,15,0,0,15,0,1,0,0,15,0,,,,,0
2470,1,1,1,1,17,0,0,0,15,0,17,0,1,0,0,1,1,0,0,0,0,15,0,0,15,0,0,15,0,1,0,0,15,0,,,,,0
2471,1,1,1,1,17,1,0,0,15,0,17,1,1,1,1,1,0,0,0,0,0,15,0,0,15,0,0,15,1,1,0,0,15,0,1,1,8,0,0
2472,1,1,1,1,17,2,0,0,15,0,17,2,1,0,0,1,1,0,1,0,0,15,0,0,15,464,0,15,0,1,464,0,15,0,,,,,0
2473,1,1,1,1,17,3,0,0,0,0,17,3,1,1,1,1,0,0,1,0,0,15,0,0,15,464,0,15,1,1,464,0,15,0,1,1,8,1,0
2474,1,1,1,1,17,4,430,0,0,0,17,4,1,0,0,1,1,0,2,0,0,15,430,0,15,4087,173,0,0,1,4087,173,15,0,,,,,0
2475,1,1,1,1,17,5,2396,0,0,0,17,5,1,1,1,1,0,0,2,430,0,0,2396,0,0,4087,173,0,1,1,4087,173,0,0,1,1,8,2,0
2476,1,1,1,1,17,6,1882,0,0,0,17,6,1,0,0,1,1,0,3,430,0,0,1882,0,0,2229,1501,751,0,1,2229,1501,751,0,,,,,0
2477,1,1,1,1,17,7,168,0,0,0,17,7,1,1,1,1,0,0,3,1882,0,0,1882,0,0,2229,1501,751,1,1,2229,1501,751,0,1,1,8,3,0
2478,1,1,1,1,17,8,283,903,669,0,17,8,1,0,0,1,1,0,4,1882,0,0,1882,903,669,305,781,1470,0,1,1882,903,1470,0,,,,,0
2479,1,1,1,1,17,9,250,479,1412,0,17,9,1,1,1,1,0,0,4,283,903,669,283,903,1412,305,781,1470,1,1,305,903,1470,0,1,1,8,4,0
2480,1,1,1,1,17,10,268,386,1492,0,17,10,1,0,0,1,1,0,5,283,903,669,283,903,1492,265,690,3476,0,1,283,903,3476,0,,,,,0
2481,1,1,1,1,17,11,116,516,2074,0,17,11,1,1,1,1,0,0,5,268,386,1492,268,516,2074,265,690,3476,1,1,268,690,3476,0,1,1,8,5,0
2482,1,1,1,1,17,12,0,877,3219,0,17,12,1,0,0,1,1,0,6,268,386,1492,268,877,3219,0,1780,5416,0,1,268,1780,5416,0,,,,,0
2483,1,1,1,1,17,13,0,1666,5442,0,17,13,1,1,1,1,0,0,6,0,877,3219,0,1666,5442,0,1780,5416,1,1,0,1780,5442,0,1,1,8,6,0
2484,1,1,1,1,17,14,0,704,3225,0,17,14,1,0,0,1,1,0,7,0,877,3219,0,877,3225,5643,0,1161,0,1,5643,877,3225,0,,,,,0
2485,1,1,1,1,17,15,3943,0,0,0,17,15,1,1,1,1,0,0,7,0,704,3225,3943,704,3225,5643,0,1161,1,1,5643,704,3225,0,1,1,8,7,0
2486,1,1,1,1,17,16,3105,245,0,0,17,16,1,0,0,1,1,0,8,0,704,3225,3105,704,3225,3345,1301,2084,0,1,3345,1301,3225,0,,,,,0
2487,1,1,1,1,17,17,329,1102,871,0,17,17,1,1,1,1,0,0,8,3105,245,0,3105,1102,871,3345,1301,2084,1,1,3345,1301,2084,0,1,1,8,8,0
2488,1,1,1,1,17,18,0,653,4002,0,17,18,1,0,0,1,1,0,9,3105,245,0,3105,653,4002,0,1271,4980,0,1,3105,1271,4980,0,,,,,0
2489,1,1,1,1,17,19,0,959,5713,0,17,19,1,1,1,1,0,0,9,0,653,4002,0,959,5713,0,1271,4980,1,1,0,1271,5713,0,1,1,8,9,0
2490,1,1,1,1,17,20,0,0,3816,0,17,20,1,0,0,1,1,0,10,0,653,4002,0,653,4002,0,0,2900,0,1,0,653,4002,0,,,,,0
2491,1,1,1,1,17,21,0,0,257,0,17,21,1,1,1,1,0,0,10,0,0,3816,0,0,3816,0,0,2900,1,1,0,0,3816,0,1,1,8,10,0
2492,1,1,1,1,17,22,0,0,24,0,17,22,1,0,0,1,1,0,11,0,0,3816,0,0,3816,0,0,15,0,1,0,0,3816,0,,,,,0
2493,1,1,1,1,17,23,0,0,15,0,17,23,1,1,1,1,0,0,11,0,0,24,0,0,24,0,0,15,1,1,0,0,24,0,1,1,8,11,0
2494,1,1,1,1,17,24,0,0,15,0,17,24,1,0,0,1,1,0,12,0,0,24,0,0,24,0,0,15,0,1,0,0,24,0,,,,,0
2495,1,1,1,1,17,25,0,0,15,0,17,25,1,1,1,1,0,0,12,0,0,15,0,0,15,0,0,15,1,1,0,0,15,0,1,1,8,12,0
2496,1,1,1,1,18,0,0,0,15,0,18,0,0,0,0,1,1,0,0,0,0,15,0,0,15,0,0,15,0,1,0,0,15,0,,,,,0
2497,1,1,1,1,18,1,0,0,15,0,18,1,0,1,0,1,0,1,0,0,0,15,0,0,15,0,0,15,0,1,0,0,15,0,,,,,0
2498,1,1,1,1,18,2,0,0,15,0,18,2,0,0,0,1,1,0,1,0,0,15,0,0,15,464,0,15,0,1,464,0,15,0,,,,,0
2499,1,1,1,1,18,3,0,0,0,0,18,3,0,1,0,1,0,1,1,0,0,15,0,0,15,464,0,15,0,1,464,0,15,0,,,,,0
2500,1,1,1,1,18,4,0,0,0,0,18,4,0,0,0,1,1,0,2,0,0,15,0,0,15,4087,173,0,0,1,4087,173,15,0,,,,,0
2501,1,1,1,1,18,5,1421,0,0,0,18,5,0,1,0,1,0,1,2,0,0,0,1421,0,0,4087,173,0,0,1,4087,173,0,0,,,,,0
2502,1,1,1,1,18,6,1369,0,0,0,18,6,0,0,0,1,1,0,3,0,0,0,1369,0,0,2229,1501,751,0,1,2229,1501,751,0,,,,,0
2503,1,1,1,1,18,7,488,0,0,0,18,7,0,1,0,1,0,1,3,1369,0,0,1369,0,0,2229,1501,751,0,1,2229,1501,751,0,,,,,0
2504,1,1,1,1,18,8,253,1057,0,0,18,8,0,0,0,1,1,0,4,1369,0,0,1369,1057,0,305,781,1470,0,1,1369,1057,1470,0,,,,,0
2505,1,1,1,1,18,9,0,1243,940,0,18,9,0,1,0,1,0,1,4,253,1057,0,253,1243,940,305,781,1470,0,1,305,1243,1470,0,,,,,0
2506,1,1,1,1,18,10,234,490,1437,0,18,10,0,0,0,1,1,0,5,253,1057,0,253,1057,1437,265,690,3476,0,1,265,1057,3476,0,,,,,0
2507,1,1,1,1,18,11,277,423,1527,0,18,11,0,1,0,1,0,1,5,234,490,1437,277,490,1527,265,690,3476,0,1,277,690,3476,0,,,,,0
2508,1,1,1,1,18,12,136,455,1873,0,18,12,0,0,0,1,1,0,6,234,490,1437,234,490,1873,0,1780,5416,0,1,234,1780,5416,0,,,,,0
2509,1,1,1,1,18,13,0,652,4320,0,18,13,0,1,0,1,0,1,6,136,455,1873,136,652,4320,0,1780,5416,0,1,136,1780,5416,0,,,,,0
2510,1,1,1,1,18,14,0,875,4317,0,18,14,0,0,0,1,1,0,7,136,455,1873,136,875,4317,5643,0,1161,0,1,5643,875,4317,0,,,,,0
2511,1,1,1,1,18,15,1913,0,0,0,18,15,0,1,0,1,0,1,7,0,875,4317,1913,875,4317,5643,0,1161,0,1,5643,875,4317,0,,,,,0
2512,1,1,1,1,18,16,3609,0,0,0,18,16,0,0,0,1,1,0,8,0,875,4317,3609,875,4317,3345,1301,2084,0,1,3609,1301,4317,0,,,,,0
2513,1,1,1,1,18,17,1258,840,226,0,18,17,0,1,0,1,0,1,8,3609,0,0,3609,840,226,3345,1301,2084,0,1,3609,1301,2084,0,,,,,0
2514,1,1,1,1,18,18,0,628,3660,0,18,18,0,0,0,1,1,0,9,3609,0,0,3609,628,3660,0,1271,4980,0,1,3609,1271,4980,0,,,,,0
2515,1,1,1,1,18,19,0,1485,5861,0,18,19,0,1,0,1,0,1,9,0,628,3660,0,1485,5861,0,1271,4980,0,1,0,1485,5861,0,,,,,0
2516,1,1,1,1,18,20,0,0,4501,0,18,20,0,0,0,1,1,0,10,0,628,3660,0,628,4501,0,0,2900,0,1,0,628,4501,0,,,,,0
2517,1,1,1,1,18,21,0,0,507,0,18,21,0,1,0,1,0,1,10,0,0,4501,0,0,4501,0,0,2900,0,1,0,0,4501,0,,,,,0
2518,1,1,1,1,18,22,0,0,53,0,18,22,0,0,0,1,1,0,11,0,0,4501,0,0,4501,0,0,15,0,1,0,0,4501,0,,,,,0
2519,1,1,1,1,18,23,0,0,15,0,18,23,0,1,0,1,0,1,11,0,0,53,0,0,53,0,0,15,0,1,0,0,53,0,,,,,0
2520,1,1,1,1,18,24,0,0,15,0,18,24,0,0,0,1,1,0,12,0,0,53,0,0,53,0,0,15,0,1,0,0,53,0,,,,,0
2521,1,1,1,1,18,25,0,0,15,0,18,25,0,1,0,1,0,1,12,0,0,15,0,0,15,0,0,15,0,1,0,0,15,0,,,,,0
2522,1,1,1,1,19,0,0,0,15,0,19,0,1,0,0,1,1,0,0,0,0,15,0,0,15,0,0,15,0,1,0,0,15,0,,,,,0
2523,1,1,1,1,19,1,0,0,15,0,19,1,1,1,1,1,0,0,0,0,0,15,0,0,15,0,0,15,1,1,0,0,15,0,1,1,9,0,0
2524,1,1,1,1,19,2,0,0,15,0,19,2,1,0,0,1,1,0,1,0,0,15,0,0,15,0,0,15,0,1,0,0,15,0,,,,,0
2525,1,1,1,1,19,3,0,0,0,0,19,3,1,1,1,1,0,0,1,0,0,15,0,0,15,0,0,15,1,1,0,0,15,0,1,1,9,1,0
2526,1,1,1,1,19,4,0,0,0,0,19,4,1,0,0,1,1,0,2,0,0,15,0,0,15,1421,0,0,0,1,1421,0,15,0,,,,,0
2527,1,1,1,1,19,5,110,0,0,0,19,5,1,1,1,1,0,0,2,0,0,0,110,0,0,1421,0,0,1,1,1421,0,0,0,1,1,9,2,0
2528,1,1,1,1,19,6,0,0,0,0,19,6,1,0,0,1,1,0,3,0,0,0,0,0,0,1369,0,0,0,1,1369,0,0,0,,,,,0
2529,1,1,1,1,19,7,452,0,0,0,19,7,1,1,1,1,0,0,3,0,0,0,452,0,0,1369,0,0,1,1,1369,0,0,0,1,1,9,3,0
2530,1,1,1,1,19,8,1073,0,0,0,19,8,1,0,0,1,1,0,4,0,0,0,1073,0,0,253,1243,940,0,1,1073,1243,940,0,,,,,0
2531,1,1,1,1,19,9,0,1156,0,0,19,9,1,1,1,1,0,0,4,1073,0,0,1073,1156,0,253,1243,940,1,1,1073,1243,940,0,1,1,9,4,0
2532,1,1,1,1,19,10,0,936,861,0,19,10,1,0,0,1,1,0,5,1073,0,0,1073,936,861,277,490,1527,0,1,1073,936,1527,0,,,,,0
2533,1,1,1,1,19,11,102,773,1311,0,19,11,1,1,1,1,0,0,5,0,936,861,102,936,1311,277,490,1527,1,1,277,936,1527,0,1,1,9,5,0
2534,1,1,1,1,19,12,263,441,1595,0,19,12,1,0,0,1,1,0,6,0,936,861,263,936,1595,136,652,4320,0,1,263,936,4320,0,,,,,0
2535,1,1,1,1,19,13,0,684,3092,0,19,13,1,1,1,1,0,0,6,263,441,1595,263,684,3092,136,652,4320,1,1,263,684,4320,0,1,1,9,6,0
2536,1,1,1,1,19,14,0,573,4455,0,19,14,1,0,0,1,1,0,7,263,441,1595,263,573,4455,1913,875,4317,0,1,1913,875,4455,0,,,,,0
2537,1,1,1,1,19,15,1366,0,2387,0,19,15,1,1,1,1,0,0,7,0,573,4455,1366,573,4455,1913,875,4317,1,1,1913,875,4455,0,1,1,9,7,0
2538,1,1,1,1,19,16,4840,0,0,0,19,16,1,0,0,1,1,0,8,0,573,4455,4840,573,4455,3609,840,226,0,1,4840,840,4455,0,,,,,0
2539,1,1,1,1,19,17,2387,471,0,0,19,17,1,1,1,1,0,0,8,4840,0,0,4840,471,0,3609,840,226,1,1,4840,840,226,0,1,1,9,8,0
2540,1,1,1,1,19,18,0,1230,2818,0,19,18,1,0,0,1,1,0,9,4840,0,0,4840,1230,2818,0,1485,5861,0,1,4840,1485,5861,0,,,,,0
2541,1,1,1,1,19,19,0,1866,5355,0,19,19,1,1,1,1,0,0,9,0,1230,2818,0,1866,5355,0,1485,5861,1,1,0,1866,5861,0,1,1,9,9,0
2542,1,1,1,1,19,20,0,0,4893,0,19,20,1,0,0,1,1,0,10,0,1230,2818,0,1230,4893,0,0,4501,0,1,0,1230,4893,0,,,,,0
2543,1,1,1,1,19,21,0,72,719,0,19,21,1,1,1,1,0,0,10,0,0,4893,0,72,4893,0,0,4501,1,1,0,72,4893,0,1,1,9,10,0
2544,1,1,1,1,19,22,0,0,90,0,19,22,1,0,0,1,1,0,11,0,0,4893,0,0,4893,0,0,53,0,1,0,0,4893,0,,,,,0
2545,1,1,1,1,19,23,0,0,15,0,19,23,1,1,1,1,0,0,11,0,0,90,0,0,90,0,0,53,1,1,0,0,90,0,1,1,9,11,0
2546,1,1,1,1,19,24,0,0,15,0,19,24,1,0,0,1,1,0,12,0,0,90,0,0,90,0,0,15,0,1,0,0,90,0,,,,,0
2547,1,1,1,1,19,25,0,0,15,0,19,25,1,1,1,1,0,0,12,0,0,15,0,0,15,0,0,15,1,1,0,0,15,0,1,1,9,12,0
2548,1,1,1,1,20,0,0,0,15,0,20,0,0,0,0,1,1,0,0,0,0,15,0,0,15,0,0,15,0,1,0,0,15,0,,,,,0
2549,1,1,1,1,20,1,0,0,15,0,20,1,0,1,0,1,0,1,0,0,0,15,0,0,15,0,0,15,0,1,0,0,15,0,,,,,0
2550,1,1,1,1,20,2,0,0,15,0,20,2,0,0,0,1,1,0,1,0,0,15,0,0,15,0,0,15,0,1,0,0,15,0,,,,,0
2551,1,1,1,1,20,3,0,0,15,0,20,3,0,1,0,1,0,1,1,0,0,15,0,0,15,0,0,15,0,1,0,0,15,0,,,,,0
2552,1,1,1,1,20,4,0,0,15,0,20,4,0,0,0,1,1,0,2,0,0,15,0,0,15,1421,0,0,0,1,1421,0,15,0,,,,,0
2553,1,1,1,1,20,5,0,0,0,0,20,5,0,1,0,1,0,1,2,0,0,15,0,0,15,1421,0,0,0,1,1421,0,15,0,,,,,0
2554,1,1,1,1,20,6,0,0,0,0,20,6,0,0,0,1,1,0,3,0,0,15,0,0,15,1369,0,0,0,1,1369,0,15,0,,,,,0
2555,1,1,1,1,20,7,460,0,0,0,20,7,0,1,0,1,0,1,3,0,0,0,460,0,0,1369,0,0,0,1,1369,0,0,0,,,,,0
2556,1,1,1,1,20,8,1944,0,0,0,20,8,0,0,0,1,1,0,4,0,0,0,1944,0,0,253,1243,940,0,1,1944,1243,940,0,,,,,0
2557,1,1,1,1,20,9,1106,0,0,0,20,9,0,1,0,1,0,1,4,1944,0,0,1944,0,0,253,1243,940,0,1,1944,1243,940,0,,,,,0
2558,1,1,1,1,20,10,130,0,0,0,20,10,0,0,0,1,1,0,5,1944,0,0,1944,0,0,277,490,1527,0,1,1944,490,1527,0,,,,,0
2559,1,1,1,1,20,11,273,896,682,0,20,11,0,1,0,1,0,1,5,130,0,0,273,896,682,277,490,1527,0,1,277,896,1527,0,,,,,0
2560,1,1,1,1,20,12,251,500,1426,0,20,12,0,0,0,1,1,0,6,130,0,0,251,500,1426,136,652,4320,0,1,251,652,4320,0,,,,,0
2561,1,1,1,1,20,13,206,483,1838,0,20,13,0,1,0,1,0,1,6,251,500,1426,251,500,1838,136,652,4320,0,1,251,652,4320,0,,,,,0
2562,1,1,1,1,20,14,0,930,3587,0,20,14,0,0,0,1,1,0,7,251,500,1426,251,930,3587,1913,875,4317,0,1,1913,930,4317,0,,,,,0
2563,1,1,1,1,20,15,1299,1354,3092,0,20,15,0,1,0,1,0,1,7,0,930,3587,1299,1354,3587,1913,875,4317,0,1,1913,1354,4317,0,,,,,0
2564,1,1,1,1,20,16,3121,1540,101,0,20,16,0,0,0,1,1,0,8,0,930,3587,3121,1540,3587,3609,840,226,0,1,3609,1540,3587,0,,,,,0
2565,1,1,1,1,20,17,568,1599,315,0,20,17,0,1,0,1,0,1,8,3121,1540,101,3121,1599,315,3609,840,226,0,1,3609,1599,315,0,,,,,0
2566,1,1,1,1,20,18,0,513,2142,0,20,18,0,0,0,1,1,0,9,3121,1540,101,3121,1540,2142,0,1485,5861,0,1,3121,1540,5861,0,,,,,0
2567,1,1,1,1,20,19,0,320,4746,0,20,19,0,1,0,1,0,1,9,0,513,2142,0,513,4746,0,1485,5861,0,1,0,1485,5861,0,,,,,0
2568,1,1,1,1,20,20,0,0,4555,0,20,20,0,0,0,1,1,0,10,0,513,2142,0,513,4555,0,0,4501,0,1,0,513,4555,0,,,,,0
2569,1,1,1,1,20,21,0,0,692,0,20,21,0,1,0,1,0,1,10,0,0,4555,0,0,4555,0,0,4501,0,1,0,0,4555,0,,,,,0
2570,1,1,1,1,20,22,0,0,87,0,20,22,0,0,0,1,1,0,11,0,0,4555,0,0,4555,0,0,53,0,1,0,0,4555,0,,,,,0
2571,1,1,1,1,20,23,0,0,15,0,20,23,0,1,0,1,0,1,11,0,0,87,0,0,87,0,0,53,0,1,0,0,87,0,,,,,0
2572,1,1,1,1,20,24,0,0,15,0,20,24,0,0,0,1,1,0,12,0,0,87,0,0,87,0,0,15,0,1,0,0,87,0,,,,,0
2573,1,1,1,1,20,25,0,0,15,0,20,25,0,1,0,1,0,1,12,0,0,15,0,0,15,0,0,15,0,1,0,0,15,0,,,,,0
2574,1,1,1,1,21,0,0,0,15,0,21,0,1,0,0,1,1,0,0,0,0,15,0,0,15,0,0,15,0,1,0,0,15,0,,,,,0
2575,1,1,1,1,21,1,0,0,15,0,21,1,1,1,1,1,0,0,0,0,0,15,0,0,15,0,0,15,1,1,0,0,15,0,1,1,10,0,0
2576,1,1,1,1,21,2,0,0,15,0,21,2,1,0,0,1,1,0,1,0,0,15,0,0,15,0,0,15,0,1,0,0,15,0,,,,,0
2577,1,1,1,1,21,3,0,0,15,0,21,3,1,1,1,1,0,0,1,0,0,15,0,0,15,0,0,15,1,1,0,0,15,0,1,1,10,1,0
2578,1,1,1,1,21,4,0,0,15,0,21,4,1,0,0,1,1,0,2,0,0,15,0,0,15,0,0,15,0,1,0,0,15,0,,,,,0
2579,1,1,1,1,21,5,0,0,15,0,21,5,1,1,1,1,0,0,2,0,0,15,0,0,15,0,0,15,1,1,0,0,15,0,1,1,10,2,0
2580,1,1,1,1,21,6,0,0,0,0,21,6,1,0,0,1,1,0,3,0,0,15,0,0,15,460,0,0,0,1,460,0,15,0,,,,,0
2581,1,1,1,1,21,7,10,0,0,0,21,7,1,1,1,1,0,0,3,0,0,0,10,0,0,460,0,0,1,1,460,0,0,0,1,1,10,3,0
2582,1,1,1,1,21,8,1496,0,0,0,21,8,1,0,0,1,1,0,4,0,0,0,1496,0,0,1944,0,0,0,1,1944,0,0,0,,,,,0
2583,1,1,1,1,21,9,1299,0,0,0,21,9,1,1,1,1,0,0,4,1496,0,0,1496,0,0,1944,0,0,1,1,1944,0,0,0,1,1,10,4,0
2584,1,1,1,1,21,10,137,71,0,0,21,10,1,0,0,1,1,0,5,1496,0,0,1496,71,0,273,896,682,0,1,1496,896,682,0,,,,,0
2585,1,1,1,1,21,11,0,966,0,0,21,11,1,1,1,1,0,0,5,137,71,0,137,966,0,273,896,682,1,1,273,966,682,0,1,1,10,5,0
2586,1,1,1,1,21,12,0,1481,676,0,21,12,1,0,0,1,1,0,6,137,71,0,137,1481,676,251,500,1838,0,1,251,1481,1838,0,,,,,0
2587,1,1,1,1,21,13,0,715,1305,0,21,13,1,1,1,1,0,0,6,0,1481,676,0,1481,1305,251,500,1838,1,1,251,1481,1838,0,1,1,10,6,0
2588,1,1,1,1,21,14,104,598,1657,0,21,14,1,0,0,1,1,0,7,0,1481,676,104,1481,1657,1299,1354,3587,0,1,1299,1481,3587,0,,,,,0
2589,1,1,1,1,21,15,252,619,1689,0,21,15,1,1,1,1,0,0,7,104,598,1657,252,619,1689,1299,1354,3587,1,1,1299,1354,3587,0,1,1,10,7,0
2590,1,1,1,1,21,16,79,1061,1285,0,21,16,1,0,0,1,1,0,8,104,598,1657,104,1061,1657,3121,1599,315,0,1,3121,1599,1657,0,,,,,0
2591,1,1,1,1,21,17,0,1628,1809,0,21,17,1,1,1,1,0,0,8,79,1061,1285,79,1628,1809,3121,1599,315,1,1,3121,1628,1809,0,1,1,10,8,0
2592,1,1,1,1,21,18,0,151,2874,0,21,18,1,0,0,1,1,0,9,79,1061,1285,79,1061,2874,0,513,4746,0,1,79,1061,4746,0,,,,,0
2593,1,1,1,1,21,19,0,0,3909,0,21,19,1,1,1,1,0,0,9,0,151,2874,0,151,3909,0,513,4746,1,1,0,513,4746,0,1,1,10,9,0
2594,1,1,1,1,21,20,0,0,2999,0,21,20,1,0,0,1,1,0,10,0,151,2874,0,151,2999,0,0,4555,0,1,0,151,4555,0,,,,,0
2595,1,1,1,1,21,21,0,0,338,0,21,21,1,1,1,1,0,0,10,0,0,2999,0,0,2999,0,0,4555,1,1,0,0,4555,0,1,1,10,10,0
2596,1,1,1,1,21,22,0,0,41,0,21,22,1,0,0,1,1,0,11,0,0,2999,0,0,2999,0,0,87,0,1,0,0,2999,0,,,,,0
2597,1,1,1,1,21,23,0,0,15,0,21,23,1,1,1,1,0,0,11,0,0,41,0,0,41,0,0,87,1,1,0,0,87,0,1,1,10,11,0
2598,1,1,1,1,21,24,0,0,15,0,21,24,1,0,0,1,1,0,12,0,0,41,0,0,41,0,0,15,0,1,0,0,41,0,,,,,0
2599,1,1,1,1,21,25,0,0,15,0,21,25,1,1,1,1,0,0,12,0,0,15,0,0,15,0,0,15,1,1,0,0,15,0,1,1,10,12,0
2600,1,1,1,1,22,0,0,0,15,0,22,0,0,0,0,1,1,0,0,0,0,15,0,0,15,0,0,15,0,1,0,0,15,0,,,,,0
2601,1,1,1,1,22,1,0,0,15,0,22,1,0,1,0,1,0,1,0,0,0,15,0,0,15,0,0,15,0,1,0,0,15,0,,,,,0
2602,1,1,1,1,22,2,0,0,15,0,22,2,0,0,0,1,1,0,1,0,0,15,0,0,15,0,0,15,0,1,0,0,15,0,,,,,0
2603,1,1,1,1,22,3,0,0,15,0,22,3,0,1,0,1,0,1,1,0,0,15,0,0,15,0,0,15,0,1,0,0,15,0,,,,,0
2604,1,1,1,1,22,4,0,0,15,0,22,4,0,0,0,1,1,0,2,0,0,15,0,0,15,0,0,15,0,1,0,0,15,0,,,,,0
2605,1,1,1,1,22,5,0,0,15,0,22,5,0,1,0,1,0,1,2,0,0,15,0,0,15,0,0,15,0,1,0,0,15,0,,,,,0
2606,1,1,1,1,22,6,0,0,15,0,22,6,0,0,0,1,1,0,3,0,0,15,0,0,15,460,0,0,0,1,460,0,15,0,,,,,0
2607,1,1,1,1,22,7,0,0,0,0,22,7,0,1,0,1,0,1,3,0,0,15,0,0,15,460,0,0,0,1,460,0,15,0,,,,,0
2608,1,1,1,1,22,8,98,0,0,0,22,8,0,0,0,1,1,0,4,0,0,15,98,0,15,1944,0,0,0,1,1944,0,15,0,,,,,0
2609,1,1,1,1,22,9,0,0,0,0,22,9,0,1,0,1,0,1,4,98,0,0,98,0,0,1944,0,0,0,1,1944,0,0,0,,,,,0
2610,1,1,1,1,22,10,0,0,0,0,22,10,0,0,0,1,1,0,5,98,0,0,98,0,0,273,896,682,0,1,273,896,682,0,,,,,0
2611,1,1,1,1,22,11,0,0,0,0,22,11,0,1,0,1,0,1,5,0,0,0,0,0,0,273,896,682,0,1,273,896,682,0,,,,,0
2612,1,1,1,1,22,12,0,957,0,0,22,12,0,0,0,1,1,0,6,0,0,0,0,957,0,251,500,1838,0,1,251,957,1838,0,,,,,0
2613,1,1,1,1,22,13,0,1787,0,0,22,13,0,1,0,1,0,1,6,0,957,0,0,1787,0,251,500,1838,0,1,251,1787,1838,0,,,,,0
2614,1,1,1,1,22,14,0,1910,302,0,22,14,0,0,0,1,1,0,7,0,957,0,0,1910,302,1299,1354,3587,0,1,1299,1910,3587,0,,,,,0
2615,1,1,1,1,22,15,0,1905,440,0,22,15,0,1,0,1,0,1,7,0,1910,302,0,1910,440,1299,1354,3587,0,1,1299,1910,3587,0,,,,,0
2616,1,1,1,1,22,16,0,2257,486,0,22,16,0,0,0,1,1,0,8,0,1910,302,0,2257,486,3121,1599,315,0,1,3121,2257,486,0,,,,,0
2617,1,1,1,1,22,17,0,914,1848,0,22,17,0,1,0,1,0,1,8,0,2257,486,0,2257,1848,3121,1599,315,0,1,3121,2257,1848,0,,,,,0
2618,1,1,1,1,22,18,0,0,3157,0,22,18,0,0,0,1,1,0,9,0,2257,486,0,2257,3157,0,513,4746,0,1,0,2257,4746,0,,,,,0
2619,1,1,1,1,22,19,0,0,2655,0,22,19,0,1,0,1,0,1,9,0,0,3157,0,0,3157,0,513,4746,0,1,0,513,4746,0,,,,,0
2620,1,1,1,1,22,20,0,0,1448,0,22,20,0,0,0,1,1,0,10,0,0,3157,0,0,3157,0,0,4555,0,1,0,0,4555,0,,,,,0
2621,1,1,1,1,22,21,0,0,106,0,22,21,0,1,0,1,0,1,10,0,0,1448,0,0,1448,0,0,4555,0,1,0,0,4555,0,,,,,0
2622,1,1,1,1,22,22,0,0,15,0,22,22,0,0,0,1,1,0,11,0,0,1448,0,0,1448,0,0,87,0,1,0,0,1448,0,,,,,0
2623,1,1,1,1,22,23,0,0,15,0,22,23,0,1,0,1,0,1,11,0,0,15,0,0,15,0,0,87,0,1,0,0,87,0,,,,,0
2624,1,1,1,1,22,24,0,0,15,0,22,24,0,0,0,1,1,0,12,0,0,15,0,0,15,0,0,15,0,1,0,0,15,0,,,,,0
2625,1,1,1,1,22,25,0,0,15,0,22,25,0,1,0,1,0,1,12,0,0,15,0,0,15,0,0,15,0,1,0,0,15,0,,,,,0
2626,1,1,1,1,23,0,0,0,15,0,23,0,1,0,0,1,1,0,0,0,0,15,0,0,15,0,0,15,0,1,0,0,15,0,,,,,0
2627,1,1,1,1,23,1,0,0,15,0,23,1,1,1,1,1,0,0,0,0,0,15,0,0,15,0,0,15,1,1,0,0,15,0,1,1,11,0,0
2628,1,1,1,1,23,2,0,0,15,0,23,2,1,0,0,1,1,0,1,0,0,15,0,0,15,0,0,15,0,1,0,0,15,0,,,,,0
2629,1,1,1,1,23,3,0,0,15,0,23,3,1,1,1,1,0,0,1,0,0,15,0,0,15,0,0,15,1,1,0,0,15,0,1,1,11,1,0
2630,1,1,1,1,23,4,0,0,15,0,23,4,1,0,0,1,1,0,2,0,0,15,0,0,15,0,0,15,0,1,0,0,15,0,,,,,0
2631,1,1,1,1,23,5,0,0,15,0,23,5,1,1,1,1,0,0,2,0,0,15,0,0,15,0,0,15,1,1,0,0,15,0,1,1,11,2,0
2632,1,1,1,1,23,6,0,0,15,0,23,6,1,0,0,1,1,0,3,0,0,15,0,0,15,0,0,15,0,1,0,0,15,0,,,,,0
2633,1,1,1,1,23,7,0,0,15,0,23,7,1,1,1,1,0,0,3,0,0,15,0,0,15,0,0,15,1,1,0,0,15,0,1,1,11,3,0
2634,1,1,1,1,23,8,0,0,0,0,23,8,1,0,0,1,1,0,4,0,0,15,0,0,15,98,0,0,0,1,98,0,15,0,,,,,0
2635,1,1,1,1,23,9,0,0,0,0,23,9,1,1,1,1,0,0,4,0,0,0,0,0,0,98,0,0,1,1,98,0,0,0,1,1,11,4,0
2636,1,1,1,1,23,10,0,0,0,0,23,10,1,0,0,1,1,0,5,0,0,0,0,0,0,0,0,0,0,1,0,0,0,0,,,,,0
2637,1,1,1,1,23,11,155,0,0,0,23,11,1,1,1,1,0,0,5,0,0,0,155,0,0,0,0,0,1,1,155,0,0,0,1,1,11,5,0
2638,1,1,1,1,23,12,0,0,0,0,23,12,1,0,0,1,1,0,6,0,0,0,0,0,0,0,1787,0,0,1,0,1787,0,0,,,,,0
2639,1,1,1,1,23,13,0,0,0,0,23,13,1,1,1,1,0,0,6,0,0,0,0,0,0,0,1787,0,1,1,0,1787,0,0,1,1,11,6,0
2640,1,1,1,1,23,14,0,0,0,0,23,14,1,0,0,1,1,0,7,0,0,0,0,0,0,0,1910,440,0,1,0,1910,440,0,,,,,0
2641,1,1,1,1,23,15,0,0,0,0,23,15,1,1,1,1,0,0,7,0,0,0,0,0,0,0,1910,440,1,1,0,1910,440,0,1,1,11,7,0
2642,1,1,1,1,23,16,0,0,146,0,23,16,1,0,0,1,1,0,8,0,0,0,0,0,146,0,2257,1848,0,1,0,2257,1848,0,,,,,0
2643,1,1,1,1,23,17,0,0,2486,0,23,17,1,1,1,1,0,0,8,0,0,146,0,0,2486,0,2257,1848,1,1,0,2257,2486,0,1,1,11,8,0
2644,1,1,1,1,23,18,0,0,2584,0,23,18,1,0,0,1,1,0,9,0,0,146,0,0,2584,0,0,3157,0,1,0,0,3157,0,,,,,0
2645,1,1,1,1,23,19,0,0,1036,0,23,19,1,1,1,1,0,0,9,0,0,2584,0,0,2584,0,0,3157,1,1,0,0,3157,0,1,1,11,9,0
2646,1,1,1,1,23,20,0,0,309,0,23,20,1,0,0,1,1,0,10,0,0,2584,0,0,2584,0,0,1448,0,1,0,0,2584,0,,,,,0
2647,1,1,1,1,23,21,0,0,15,0,23,21,1,1,1,1,0,0,10,0,0,309,0,0,309,0,0,1448,1,1,0,0,1448,0,1,1,11,10,0
2648,1,1,1,1,23,22,0,0,15,0,23,22,1,0,0,1,1,0,11,0,0,309,0,0,309,0,0,15,0,1,0,0,309,0,,,,,0
2649,1,1,1,1,23,23,0,0,15,0,23,23,1,1,1,1,0,0,11,0,0,15,0,0,15,0,0,15,1,1,0,0,15,0,1,1,11,11,0
2650,1,1,1,1,23,24,0,0,15,0,23,24,1,0,0,1,1,0,12,0,0,15,0,0,15,0,0,15,0,1,0,0,15,0,,,,,0
2651,1,1,1,1,23,25,0,0,15,0,23,25,1,1,1,1,0,0,12,0,0,15,0,0,15,0,0,15,1,1,0,0,15,0,1,1,11,12,0
2652,1,1,1,1,24,0,0,0,15,0,24,0,0,0,0,1,1,0,0,0,0,15,0,0,15,0,0,15,0,1,0,0,15,0,,,,,0
2653,1,1,1,1,24,1,0,0,15,0,24,1,0,1,0,1,0,1,0,0,0,15,0,0,15,0,0,15,0,1,0,0,15,0,,,,,0
2654,1,1,1,1,24,2,0,0,15,0,24,2,0,0,0,1,1,0,1,0,0,15,0,0,15,0,0,15,0,1,0,0,15,0,,,,,0
2655,1,1,1,1,24,3,0,0,15,0,24,3,0,1,0,1,0,1,1,0,0,15,0,0,15,0,0,15,0,1,0,0,15,0,,,,,0
2656,1,1,1,1,24,4,0,0,15,0,24,4,0,0,0,1,1,0,2,0,0,15,0,0,15,0,0,15,0,1,0,0,15,0,,,,,0
2657,1,1,1,1,24,5,0,0,15,0,24,5,0,1,0,1,0,1,2,0,0,15,0,0,15,0,0,15,0,1,0,0,15,0,,,,,0
2658,1,1,1,1,24,6,0,0,15,0,24,6,0,0,0,1,1,0,3,0,0,15,0,0,15,0,0,15,0,1,0,0,15,0,,,,,0
2659,1,1,1,1,24,7,0,0,15,0,24,7,0,1,0,1,0,1,3,0,0,15,0,0,15,0,0,15,0,1,0,0,15,0,,,,,0
2660,1,1,1,1,24,8,0,0,15,0,24,8,0,0,0,1,1,0,4,0,0,15,0,0,15,98,0,0,0,1,98,0,15,0,,,,,0
2661,1,1,1,1,24,9,0,0,15,0,24,9,0,1,0,1,0,1,4,0,0,15,0,0,15,98,0,0,0,1,98,0,15,0,,,,,0
2662,1,1,1,1,24,10,0,0,0,0,24,10,0,0,0,1,1,0,5,0,0,15,0,0,15,0,0,0,0,1,0,0,15,0,,,,,0
2663,1,1,1,1,24,11,238,0,0,0,24,11,0,1,0,1,0,1,5,0,0,0,238,0,0,0,0,0,0,1,238,0,0,0,,,,,0
2664,1,1,1,1,24,12,0,0,0,0,24,12,0,0,0,1,1,0,6,0,0,0,0,0,0,0,1787,0,0,1,0,1787,0,0,,,,,0
2665,1,1,1,1,24,13,0,0,0,0,24,13,0,1,0,1,0,1,6,0,0,0,0,0,0,0,1787,0,0,1,0,1787,0,0,,,,,0
2666,1,1,1,1,24,14,0,0,0,0,24,14,0,0,0,1,1,0,7,0,0,0,0,0,0,0,1910,440,0,1,0,1910,440,0,,,,,0
2667,1,1,1,1,24,15,0,0,0,0,24,15,0,1,0,1,0,1,7,0,0,0,0,0,0,0,1910,440,0,1,0,1910,440,0,,,,,0
2668,1,1,1,1,24,16,0,0,808,0,24,16,0,0,0,1,1,0,8,0,0,0,0,0,808,0,2257,1848,0,1,0,2257,1848,0,,,,,0
2669,1,1,1,1,24,17,0,0,1547,0,24,17,0,1,0,1,0,1,8,0,0,808,0,0,1547,0,2257,1848,0,1,0,2257,1848,0,,,,,0
2670,1,1,1,1,24,18,0,0,655,0,24,18,0,0,0,1,1,0,9,0,0,808,0,0,808,0,0,3157,0,1,0,0,3157,0,,,,,0
2671,1,1,1,1,24,19,0,0,103,0,24,19,0,1,0,1,0,1,9,0,0,655,0,0,655,0,0,3157,0,1,0,0,3157,0,,,,,0
2672,1,1,1,1,24,20,0,0,28,0,24,20,0,0,0,1,1,0,10,0,0,655,0,0,655,0,0,1448,0,1,0,0,1448,0,,,,,0
2673,1,1,1,1,24,21,0,0,15,0,24,21,0,1,0,1,0,1,10,0,0,28,0,0,28,0,0,1448,0,1,0,0,1448,0,,,,,0
2674,1,1,1,1,24,22,0,0,15,0,24,22,0,0,0,1,1,0,11,0,0,28,0,0,28,0,0,15,0,1,0,0,28,0,,,,,0
2675,1,1,1,1,24,23,0,0,15,0,24,23,0,1,0,1,0,1,11,0,0,15,0,0,15,0,0,15,0,1,0,0,15,0,,,,,0
2676,1,1,1,1,24,24,0,0,15,0,24,24,0,0,0,1,1,0,12,0,0,15,0,0,15,0,0,15,0,1,0,0,15,0,,,,,0
2677,1,1,1,1,24,25,0,0,15,0,24,25,0,1,0,1,0,1,12,0,0,15,0,0,15,0,0,15,0,1,0,0,15,0,,,,,0
2678,1,1,1,1,25,0,0,0,15,0,25,0,1,0,0,1,1,0,0,0,0,15,0,0,15,0,0,15,0,1,0,0,15,0,,,,,0
2679,1,1,1,1,25,1,0,0,15,0,25,1,1,1,1,1,0,0,0,0,0,15,0,0,15,0,0,15,1,1,0,0,15,0,1,1,12,0,0
2680,1,1,1,1,25,2,0,0,15,0,25,2,1,0,0,1,1,0,1,0,0,15,0,0,15,0,0,15,0,1,0,0,15,0,,,,,0
2681,1,1,1,1,25,3,0,0,15,0,25,3,1,1,1,1,0,0,1,0,0,15,0,0,15,0,0,15,1,1,0,0,15,0,1,1,12,1,0
2682,1,1,1,1,25,4,0,0,15,0,25,4,1,0,0,1,1,0,2,0,0,15,0,0,15,0,0,15,0,1,0,0,15,0,,,,,0
2683,1,1,1,1,25,5,0,0,15,0,25,5,1,1,1,1,0,0,2,0,0,15,0,0,15,0,0,15,1,1,0,0,15,0,1,1,12,2,0
2684,1,1,1,1,25,6,0,0,15,0,25,6,1,0,0,1,1,0,3,0,0,15,0,0,15,0,0,15,0,1,0,0,15,0,,,,,0
2685,1,1,1,1,25,7,0,0,15,0,25,7,1,1,1,1,0,0,3,0,0,15,0,0,15,0,0,15,1,1,0,0,15,0,1,1,12,3,0
2686,1,1,1,1,25,8,0,0,15,0,25,8,1,0,0,1,1,0,4,0,0,15,0,0,15,0,0,15,0,1,0,0,15,0,,,,,0
2687,1,1,1,1,25,9,0,0,15,0,25,9,1,1,1,1,0,0,4,0,0,15,0,0,15,0,0,15,1,1,0,0,15,0,1,1,12,4,0
2688,1,1,1,1,25,10,0,0,0,0,25,10,1,0,0,1,1,0,5,0,0,15,0,0,15,238,0,0,0,1,238,0,15,0,,,,,0
2689,1,1,1,1,25,11,0,0,0,0,25,11,1,1,1,1,0,0,5,0,0,0,0,0,0,238,0,0,1,1,238,0,0,0,1,1,12,5,0
2690,1,1,1,1,25,12,0,0,0,0,25,12,1,0,0,1,1,0,6,0,0,0,0,0,0,0,0,0,0,1,0,0,0,0,,,,,0
2691,1,1,1,1,25,13,0,0,0,0,25,13,1,1,1,1,0,0,6,0,0,0,0,0,0,0,0,0,1,1,0,0,0,0,1,1,12,6,0
2692,1,1,1,1,25,14,0,0,0,0,25,14,1,0,0,1,1,0,7,0,0,0,0,0,0,0,0,0,0,1,0,0,0,0,,,,,0
2693,1,1,1,1,25,15,0,0,0,0,25,15,1,1,1,1,0,0,7,0,0,0,0,0,0,0,0,0,1,1,0,0,0,0,1,1,12,7,0
2694,1,1,1,1,25,16,0,0,284,0,25,16,1,0,0,1,1,0,8,0,0,0,0,0,284,0,0,1547,0,1,0,0,1547,0,,,,,0
2695,1,1,1,1,25,17,0,0,410,0,25,17,1,1,1,1,0,0,8,0,0,284,0,0,410,0,0,1547,1,1,0,0,1547,0,1,1,12,8,0
2696,1,1,1,1,25,18,0,0,118,0,25,18,1,0,0,1,1,0,9,0,0,284,0,0,284,0,0,655,0,1,0,0,655,0,,,,,0
2697,1,1,1,1,25,19,0,0,15,0,25,19,1,1,1,1,0,0,9,0,0,118,0,0,118,0,0,655,1,1,0,0,655,0,1,1,12,9,0
2698,1,1,1,1,25,20,0,0,15,0,25,20,1,0,0,1,1,0,10,0,0,118,0,0,118,0,0,28,0,1,0,0,118,0,,,,,0
2699,1,1,1,1,25,21,0,0,15,0,25,21,1,1,1,1,0,0,10,0,0,15,0,0,15,0,0,28,1,1,0,0,28,0,1,1,12,10,0
2700,1,1,1,1,25,22,0,0,15,0,25,22,1,0,0,1,1,0,11,0,0,15,0,0,15,0,0,15,0,1,0,0,15,0,,,,,0
2701,1,1,1,1,25,23,0,0,15,0,25,23,1,1,1,1,0,0,11,0,0,15,0,0,15,0,0,15,1,1,0,0,15,0,1,1,12,11,0
2702,1,1,1,1,25,24,0,0,15,0,25,24,1,0,0,1,1,0,12,0,0,15,0,0,15,0,0,15,0,1,0,0,15,0,,,,,0
2703,1,1,1,1,25,25,0,0,15,1,25,25,1,1,1,1,0,0,12,0,0,15,0,0,15,0,0,15,1,1,0,0,15,1,1,1,12,12,0
