f3a70925084109290ea2b4acdd5cfe6bea3c0e57df88f41c0c4e0614fd6a090816d8ffdafde607ac0397ff7e0278efb5f393
fc6cfbe8ff72ff20fe9700adfbecfdf8feb8fe8200c8feb8fbc3feaafffffed302a6fce4faadfd24ff92fb61fda0ff1efb5a
11180d4f0994eb5bf4fdf953068112c80b2509be06c0fff30bf4103c100b13d402a40e2afa3df9ae079a04d809350c2df857
ffc60094ff8d029cfe09fd59fc21fd1d0278fdaf0297ff7cfd9d00a90236fc90fca5018cfd34018e0194fbebff7afea1fe9b
e6cef53402d1029efc89f587075d1df20059fbf5f43710ef1448071af3b4081c024e02d00520f56804eb0925e494027f081d
05a3ee8e0047f3faffd10831fcba0e4ff8cdfc80023bfad61003f29cf38cf686f6600728ee890247fe170b4d0787f258fa5b
fde7020eff3afee2fd1bfd58fe400016ff0afb0dfc4c007afd78fe84fde8009e015afde9fd91ff24ffc5007b0089fd85fe2c
183efa9108df0b620371096ff8d8f840fd4cef97f8acffc50af7f009f848ed0b03c1ef5afa99ff221dda0a6af5f204e80be6
fb87f222fcf0082b07fd0d130737fb6005a80e7ffab30a3ffc4deeec09a4c98a08f5fdb9f87bfd91e33b0b2a05280e19fc1e
fdc8ff55fdc4fbecfbda00e8fc13ff9afeb0ffe2ff0401c5fc74fe33fd25014600ef0235fe39fe69fc58fdedfffa00c9fd04
0f351845f0250090f0a20c380d9eff22090efb101b9109a20b6d05f90436e2f1f9cd0ae60283ebcbfe68fbfa199311f3fce8
fd910db3fd3cfe83ee0b0b900efcf46103a6f6bf15a70493fc8c051b062f033f09edf922fa32057cf9a4f580f1cef0141172
015c0036fe64fffafce60211feeffbaf00b4fd1201cbffe3015afed10132fd7b01b7fed4ffebfde9004e005afcba0156fe2d
175b0a2e089ffcf701e116b8ff3d02f200bbff101230ff57f46cf9b8f6a6047e13bb0cb1faa8fbb705cf0f860d4b031a0bd8
097c17a414bd0501fde20ae010e90c7befbafd9521c805bf0c10010ef495077c1b4e179711d2fcbb1913fb0f0d1402cbfa3e
dd370601fff3fa38e7a411e1f95d059efacf033dd9f6e2d8108e08a80b0fed29e56bfec9060606b6dbb3e1bfe42a07430411
0d890042cf6ef5ca0ae100ea0540fb83dd8809dbf763002ff698ea2706160489fa19fa4a0297ff92f684fe9cfe5bf72100a3
fe0cff5f01b8feba01cbfd78ffcbfd66fd07fdd4fe89ff6102020107fd1dfcdcfc52ff31fcc3ff46fcb30063fd9200e4fe47
ef5af263ee7a11620090f33dee66f9c3f36b03120bbcf1df0208f86807f306221665feb9fc47076608200cbef23df09d17b8
fe41fc70026c01a7fc8a00d0021401db010900a00247fe97ff2ffd3b021000a9fd5aff2301e20248fded0179ff63fcbb0244
08ca0213f9cb05d10469fda6ff27f9cd06760ad71538ff2a053f0cfd049d0624fc9dfc1d03cf00ab0bdcf435f9510d390977
0159fc72ff87ff04024b00ccfea501edfdbafd58025fff11feeeff1601f4fd8e0117fe86fe53012302020265fdea00b5007f
0c50fec60267ea13ef931f690a1dfc800011f621121e0dc9fe900012fcc3f8daf68afd2ff954f8f3e064f682f8540150fadc
12a1f8610563fda0fc4dfc1f07820c4f044900aef36d043e0e46029d07fcfd240b3ff6390dcdfa7113b9f6cbecb403c1f332
0262fec2fe8ffecffd6ffea7fdac01a4ffa90168fed4fd7afda2fe60fc61ffc7fe2afd930123008affddfd5b00c8ffe10061
e0e8d481f3d1efdcff280f1d02e3e89efa06fef21d560d2ffd8f01cbfe3cfd76fa62fd5001c6fad7e4f70506f1e0f839f762
ff1900dbfce4fd25fce2fe2a001f0145fde901adfce6fe7400edfd2d01b2ffbbfe7a00b1fec9fea60131fdfbff7bfc6cfd12
f8b30875099a06c4f9ba0b5d01e3002d0300fa84ff0f046a02460398fc1ef374fe9aff180496ffd604bc05db0e8903170013
11b10919001bff44013fe927f8cff997fba9fc8e0588f66bfbf8f17003a913b108f4012b009805cd0d33f814fbfcf262fb54
0a15f5a8ee5ee820f2920a850375f84fff50f1e6eb1cf7640394fdd61372ea8f0918fc4b0a400560031400cdfafefaa6fb6c
fef2ffaa0123feb9fc7bfe690259017d01e2fe73fc1c00d8ff96fe1c02480040fcf6ff67000301f3fe6001bfff86fd700080
ebaaf8b7e7bcf173fdf50d5b0f5115a30f4c01681ced003c168e15bdfffe06f1f39fefe7026ff94ff405f26bf891f3effd44
faaf005e003e13ba02e7f6adfc36f8d801edf980fe0bfe8efc4b0564ecdd008f0065edaae9c6f7c3ff31e961eab0f3ccee52
077ef935fb050a23fb15f6acf308fa9aedf1f1de0487ff32e8cb0fc402f1fadef5aff5f70d7d109913da1205059a0af5045d
08a51b62ff7f163c1720071cfe1ce594fa71080902f40e630c8adfaff6260d7c044602cb098cf9c4f9ac03b20764fdaef9f5
db22f201f98df33c032bff73fdf60c84fe540aea0f31f766fcca045a03830a3213fcffdb0b4a05a007a90968f806098ef509
0011fe4dfe46ff07fcf703f4011ff809fec3fcb9008b01e0036cfe53ff9dfd03fa5a0288fc06fbe7ffb0f8e1f5b3faea009b
fa90fceefcb7fc8cfe340019fd5b0150fdb00198001cfd65fd9f00650089fef5fc1f00d4ffb4fffe00c1fb43fcc2fd48ff40
fc9d023700faffb1fe9200b6fe43fe59ff0c008f0201ff570082fde9ffe5fda70200fd43fed1fd7f0054fcaefc89fe6901eb
118b09ce066afeeafbc90a5df8610e920391f72f09ea03f10173fcdd0015fe5d0eecfa7601790682fb9a0cfbfd0bff3f101c
10ef090b06d9f9c209f4fa85fd870dea05390527fc5f010c09b2fd85fa2b0a1b0ef30cae15f70acd1bd702d2f6a10e9b0d2d
107c1a7b0d60ffc007f301390b9e0bd600100b46fd02ecb6faa003f90b28112de7560196f9e0fdf00f4cfad6080ef85bfc4b
fda2fd33002afd6200dbfcbc008dfdecfe11ff0600c001b5fbf101e10240021c00e8fcf0fd3affa6fcbafe8cfcc001cefd62
c6e4fb4dff39fbb7050df706f76b144709e800d408bd16cd11d8111cef710569149f0993fe54ede314bb0019fa8efc00f0d0
f8b6ffacf09afe9afc38e70ef64b039006f9f6aee530ec8ff7d0018ef39e04f3135207cf08e10bbd09f905e202bcf9d2087c
bdb1ee38ed69f857053cdebce4e3fd1300ac0b451840ff23dd5c04ce09500e9cf696f693fab10ec90e5feefffb0e0429f545
094f0305f2631333067612e8077eed590fa5fb060a6beef104ebfc75ee440897fad20402fab0f7bffc93e4b9f0a1f1a8ef52
ff78fe4af91efba8fb0bfb21f74f04af0cf5011ae902ffd50b61082406c1e59df2eefddaf74cfddfd99ad8fcfd8f0a1c2167
f0a709dcfe4dfa7b104a0d6cfcb1074bf73a074119360c77039406dcfc0415d80338083e0d8500b413f9147f0b7bf66b0045
fbdcfa98fc2efb94fe92fcfafc77ff68fbb0fde5012001c4ff45fd20ffb9036dfb91fe6afd4cfbb6fe39fdabfd34f97efe6d
145113cc0d7b04b0ffa41e7516bef9470727f70ae54a0c77011807b8f4cffea4ff9bfd55fa37f7160a39047301d20230f999
209e138efba70f7bf96b05d2ff80fa6e0677fc4ef845f6dffaae0408f41d0934fe1bf66c054405be04e80df2f6f70c4500d8
fd7d0131fe60ff78ffd2fe5dfd4dff12fba6febbfd0bfefdfe26006cfe37fc8afc780148fe4dfde500effd7b00ccfd72fed2
e665f5b7dd48fdc9120403b201ed028cffaa03f311130f4b03d60690054e0ed2070a04f80f9e060a0eebfde20fdbf905fb7f
ff2500d1010601f7fd6c0529ee8f030e050403cbf5be277004dc0324fdf80f76119bfbaaf468eefb0f2707f608fd001df74b
ee36021eeb2ced13ffad1234fdd70c6a0aa7043eee98e7b9fbbd1171007f0b1cec65072c0b0ff9a516eee778f91901f5fe5e
ff0b0100fcf3012bff88ffbd025e01acfd0700acff58fee8fcec00c100a1fcd8fd23fe2affe40288fe2101affcd9fc6d0174
0126df57f5d2f544e33bf977fa6bf2220e2b017301b103040be2f892feb2005004d517760df508ef09c4f1df05de0a810e0f
f5780dfc12b713e10211e76a08b00b02f8de07aedf1ef632f5d2f601018cfa40fb0ff7980212f79806a4fc2c0980f90f0562
fba9fba20122fcd6fe23fa1a014bfb5bfc1afddafd3a011afbf3fc54fb56fdf2fe5a002dffa1fe8700ebfd4b01d6fc06fda0
fdfbff7a0284fd1bfe47fdbb00e5fc8dfc84008afdfeffbc0231ff0a00a0ff63fd710168ffb8fc7e005c0010ff210032fe91
0e460f1e0b1af390f4fe16c5098ceda4f4d4ef38092206bed9e4ec74fc91125f0fc6ea59fca3fe00131902fdfead10d0128b
fe3404a5ef1801a5079607b0fb6de878fd6afd98133a01d4e526f6750ad5fab50176f63ffd1cfe7901ddfd1f0327fe49012f
fe57fdd2f98a01d2fa78050cfdf2fa96021bfd39ff49fe3dfd38fb9bfce1fc40fa32ff2f0072fdd80111fac5fdef010d0027
ec2c095b13da1017fa6f0a5e155ff8ad0e71fabfff4b0077053510a1006b00d00ae107c8043afa890f4704ae05bff73c012c
12150c8c0da7f149f8b1fb1414c501c2035cefc206e606b8e162d4e8f1aa0d4d0c31ee36daf0e5a6f9ff1cbdf75cf022ee12
148a124b10eb100f0dbf0f90fe9aea58f6020ef0eb58fbfafacbfa99fe8ee783070bfa7e069df90df20efc87027ef58c11a5
ffe8fd82fe4fff15ffc4fdb5fdbafd09fc56feac00befb47ffd20207fe8aff03fda1fd57fd47ff82fc4efc9efd03ffe5fca9
0553fb19026202880622fd4cfc05f9b1fa1afea5d9caee45f297066f0277cb0edf16f68c1a35070edd70f456101c07ac0464
ffd1053215e10031f073f2b30435fceb015e04a8f7abf639f79fffe60c46eef4fd52fd38fe91fd61fc75f590fa5409c10f21
ff36f1baebbbf13a21a7fea105dbef7fee061593f508f644f023f8bd0574feb607b0f740ee3f080b0686fd8be062f7bf026d
fcf6ff180147fe5ffeb5fd3c021e022dfd5501960057fe93013dfc3ffe09fdd4feb10177fec3fc07fc1e012cfe48fcddfd8a
fcdfe6a7e7a829a0ffc0f20ef68df0cb13c00648fa5ff2def58afabe0ca5001507f1018df4c7ff86f349f7af1098035dfd52
fd21ff7600b4ff90fb1401f9ff9401fefee200bd00c60065fcd0fceefc4fffe9002efeecfed700f0fd45fd61fcd2009dfd79
ebb6fc990d8e0ce90c70edef09ec039806c701abebd4060a08e1fe9802e5ec55e998f90b034c0493ca19e72a002f0c27077f
0b950276f6b10b79037b01bceab1d1bff2ec0331f896ef42e343fad0fd23eb03e482f566195a1104dfa3e80afd4304160af5
1227fc590f4205a30f0022c6017b054efd59ffe112f4f781e9d5fdfaf366fde80024f00affaf065eddeaf81ceb00fe720061
fd71e982de67058800740939fa8af804f84b0cba0917f262022f019cf9a8ef93f0db014dffe003f403890644123c065d059d
fa79e799f3b7fc5101ff13c709f509c8fe0eff6023e1063b07e4ff2d03c612e80c7df873f554fec20033fca8f64ffe9f032a
efc5f8760271f60b03d0edf401440292098902b6ee00f524fc8fffe6fff3f308052f101d02a5f7560ac611151421f7e5fe92
fe390021fe4d0213014901abfd84fd35fc4000aafe01fcf3fe67fcd1fd35ff9ffe96ffb4ffaa007ffe54fda4fdc6fc9afc35
02bd00c7fced0313fcbe034ffde6fdabfcd7fb02fb01fd58f933fbdbff6ffc4dfb42fee6fcfafd57fdcdfe41fdaefdd2ff6c
fa73fe98002ffd1bf7e2ffa5ff690309fff5f81a00d8ffe50112fb14fbfdff32ff4ffe0effd8fe9ffeddfcd800fbfd2dfcd4
002c15d3ff8e05c9f89f05550f47fba00744097ef416eac6f789fcae0aecfb26138211e5ffb808d1134200fdfc30f40f04e0
ff6001effd7ffabcfeabff23ff69fe8ffc79fd02fabdffbaffc0f990fb200117fdca02dcfcbffd77fad7f94f005dfc67fdb6
012706fc09530102f873118c05db0424fe1406ae03a8e0f0fc8dfdc3056400ddebbefc72007affc7fd3deb1d091d06650216
0e3afa5fefd4f82c00e1f58e0ee708cbf8d5fc220626faa700c7fb1808f20000ecf2f4e8fb0d07e11d990c7dfc3103bd10f3
05360e1ef9ac0a4cfcb80d6cfd0b01820073ff780c8aff72f468fbfff79a198a0d6a0729fc2a023d02b206f5048d019603d6
00feed8df3c2f74ffcfa148e1036fc2a057ffedb0f0c0b04066d12cb0a2306c70453f70a136f0a2a06ca0ffaf76f0d60092e
165403390df112700d5b0eea0c28ffcf1d3a0a5419f9ff03f60ee8f4f668089ffca7e07cdc1de5860994f1dbf79dee10fe17
00d9fd91ffe9fca1028500fffea5fc72fe1601ea006e0200ff3a0061ffa1fe07fd1ffd47fe2ffcddfd8f004a02b7fed3fef4
fcf8feb7fecffcb0fad6fa79f9e400abfde8fd8afe05ff180456002cffa6fe6ffdf70003ff03ffe2fd44f9fcfcb1005dfb30
fcfdfb0dfad0fa9efe6000fffd19ff2efc09fe63fb190214fd39f9c4ff28001dfde3fd9bfb10f96dfe4cfe2af8960102f9c3
00dafb7402dcfb61fe640309fc93ff90fd8bfd97ff3afc59fe7bfcd5014f0069f796fc0b010bfcafffe9fd2fff11f855fd70
fca2fe01fac1fea6fce50131fe87fcd4fd04fe10002efcc70050fba60132fc3cff15fd7500bdff77feb2ffe3feef00c9fd45
fffdfd47fec2fe7dfd790050fc61feb1fc67fc7afd38fc79fc230033fe020277fe21006dfde6011cfc9c0179fd65028cfce6
eb9b16bfef8cfbcefcbef8410a05d70312fbeea5e4c2f269ef6ff2d8fde4ffc7d8d3e37c02ca174205e9dded0faf15f516d9
0dff143ff82500adff77f2e90ed203a8fd8f06bdf5a51202ecd803a5ff900137fa560758fa8807e5042b0f9409ece80f086e
0e6b0e71ed48f09dedabf94ee929f093f97f02a70675e03efe1b11bcfde71aebffb00b1c0427086c0c66086c1c5218edf437
edf1f910ef7a1755136d14f1ee45f319049a04ff002bf0ba02d3f7f4f25de55ce8ab0177092df13be1bcf7bdfa97f105f3d9
0223ff9ffe85fd3ffb88ff9bfdbafe65ff57fe11019bfcf80177008500aefe7dff7affb5004f02ad0192003b00adfed301a4
02d4fb93f5e00036fdc9f3cbf5240555f556f76d0bcf0adf16ac1560006e095b05db02c50c3b17c4f92004700d61f041f725
fe6cfd40ff2b00eefc80ffd8ffb4fdfcff7efc42014cff9ffdc7fdf9019ffe230022fd4cfe76fe41fdd4fbe6ff66fed9ffc7
06f0041302a10ab3060307f30db00b3f0b910058f9e50daa17e4008a0768023e002f0adbf92a05b2fa43f7fbe884ff7b0185
f6aa05c401790b2e09ccff65def1fae406450287e8f9ddd8eea30cf90c74fd8509f80859f4d10ffa0f3501fcf9c3e42af90d
fbdb00f1fd29ffd9fcd1fbd3ff09fe25fb4dffc6fe4c00a2fb0e014bfce5fb36fc9effe0fccffd96ff93fe76fd34fe4ffe7b
0e1b1aa70135f7ebf31a18a21f0c0e6cfe66ec670b23057c07d1fe17f466f3d8f1e4f86ffeb8f3740300ff2cfdd9109e02ae
fed0020dfb05fdf9fef8fe73ffee00c90085fe18fdf7fe960035fcd4fe50fdc0ff9dfcc9ffee025bfd0afd54005601e802b4
fea9ffcafd3bfe68ff24ff99ff90fe37fdfcfe2ffe630209ffc50176ffe9fcbdfd72fccefd9bfcb400f7ff2f004702120170
fddfffbaff9001caff7cff0bff2402a1fd5bff57fdb100eaff56fcddffc602aefafffd76fc8dfe47ff45fbb20061fe03fe3a
0299fdc1fc9c007afcdc005ffe87017501c5fe5c001b0003fc7ffec60158fdd6fe7bfd8c011b00bcfe1afe09fc5600180040
010a001dfb09fd7aff9100acfe05faa2fdc2fdd2ff3eff7afbb9ffd5fa7c0088fe44fcc7fbeaff9cfecdfcd9ff1e0046fb12
c4d8ee4bfc18fa0009f194f9092a0d5209c90670e8690601fe7e1159fe2bfac3058304cd053502acf098f4440b200a9305ea
02a10138fd53fdfffef6ff69ff03fdf7ffd0fc6b02bb020cfcadfc84fdd200cdfcc5ff920199fe30fdacfe74fcb1022bfcfc
e9c6fbe70f11ef5aebb6063806c00538fec6ed79071701eb062b03a3f0bc0d9bffe001dd043b038e022af9d5ff99fafc08f0
ff5afdc7fd300034ff86fcaeff3dfecffc7a00a5fcacff85fd50fc48ff92fd9c0297fda3fc41fe0f00a1020cfc3dfcbeff07
03b904bb016cfdc0fed5000affdefcb2fcfb002bfd48ffee0238fd83fa88ff02fbe7fc4efdc2fe19faf70070fb40ffedfea4
0dbe0da0049cfdacf30d090c0f010d210507016c054df8b0002c02cefc75f85f04d900ccf93efdb0fda01360164cf6fefe9d
0081fed5fd38fcc801a8fd84feecfdc4ff890241fcc20078fce6feac01a10088fefc007201e6ffd0000501fa0106006b0178
0093ffbbfd6dfdd0fc3effcafcd6ff7500be018ffcbcfdcf0061fe01fcb6ffda0202013afdbefd3bfc5401e401180178018c
039dfc2fff580372ff7d004bfb95f91fff3b00fd0031fc3d03eeffa8044b04f90242fdd3ff5b02360104fc62ff6c0112042c
ffe7fcf9fdf6ff1c02970048fe0402ad02e8fff901b5006dfdbaffbdfd79fdd2fdc3ffca0206ff20fd95ff2c002cff67011d
0260044b0077ff48014300aafbd600ad01c9fd37fcea0039027c02e0fb8aff47001cfef3fd38fcaa061eff730262fd6ffd6a
02be029300700097ff9cfe77012700a3ff7fff9801caff3d02e6ffd801b4ff6a025cfe5900bf0221fe89fdfdfd5000220307
03ec046904b2003103f0fccf00d1ff9bfe20036e00d603f10396fb3201940282026a046afe7103ce07bb0584fb8e0215002d
00bdff300060fd1cfebcfe4dfd9703f3fb76fc76fae3042100eefb0003d50282fec201ef00b5fc0a0468fd18fe1dfbcffa2b
00c9fefb0305011e005e024a0094ff8d01680289ffac00b9fd5701c3024f0211fd3a021cfd49021bfe22fd4800f5fd79ff0e
01f1fc61fe97fdb8fe91ff5cf9fafe440079fb24fc960324ffba01e3ffecfdfbfe06015c001c006f03a6fc0afcddff7aff95
017001b4fd8dfed9fe7bfe61fed3024c00a6fcc7fd830216fdbe00e6fd2cfa26fd7dfe26ff56ffadfdd1fce6ff29f9c3033b
027201e8fcddfd5aff28fefcfd2b0252ff3fff8e009efef5016700cc0034024f00bc00a001cffd7efe71fcd5010c00c602ad
ffbd0075fd27010eff3200d30119fe01fd1500efffae00e6fd93006800ecfd32fe9e0203fdedfe8c015102ad013901e4fe46
fe09017e0375ff000308ff690605fe36fc04fd5a0235fdbd027d02fb041cfdcfff21025e02c30163059dfcb9004efeaa031a
00900220021afe4800e1fe120153ff88021d03250072fe2cfe9eff10fd7cfe5f02f202f600e401090304008c0099fda30297
ff0807b700d305ee017e01ed0610fe0e036afd860011ff5101950282fe5c06cf008aff9efda0fdee0210fd5904d7fe22fe61
0230031b06c1fda2fe7a00ebfecf00a2041ffebefcbbfa1b046d02480172fba2fc61fffb055f00b4fc1001ec03d40249ffb5
04d60103fe25fb20fbf2015701ed00f4fe56ffb9fe3d04570103fb8803bb0428fd72ff53f9fd020401d1ff4cff7dfd0a02b8
ff3bfe0cffe5fe23fd610148ffa5ff66013fffebff78014cfb2bfe790051ff68fc3efe330188ff38f90ffdb6fe78016bfea2
00ff002a0230fe20025900eefde4fe0701a6fe20fe2bff96fe35fea50181019cffa2fe97ff8cfce1fe45018afea202a80143
ffc0fd2403de046603d703fc01ab02e000ccfc280132ffa5ff14015b0165014ffde5ffc8fcf0fc81fb7f001e009a036d0270
02d00076fed8009cfec0ff01fd16fe3dfea0fddd0320ffe2fce3ffdf01d9fcdafe72fe88fcd2fce500fa0321fdf9fefbffee
0669ff38fb6c04580590fde1fa21fee5f9cf0151ffbc01fa0105fadb0147fbeafd5a0182017a036a02b5fed1014a04220134
019d021afeb0ff06017cfe2d0152017901e90238fdb00012fd8ffe6e00beff16ff8a015902aaff94005f0218fdd10148000c
fd92fdb8069dfe7a0067fbe4fe0f0040fe1dfe53fc56ffb70024ff1201e9fc77fb990101febd00730230fe02fee7fdd80102
fe6dfef7fbb8f9b407450114fbe100dafe5802f1058dfd23fe2afb8d02b502e70670006101830256fdea010bfffb0481febd
fd89fd2ffd8300b201cfff1f019701aa009afd160187005c0257028602b6007cfdc200d0fe2b00a90290ff540099fe3a030d
fd3a01010065013c00e8fde3fa20fecb023301830150fd19fc9cfe1103b202550271017e042603be03f4fef5fd01faa00327
fda6fe02fe19fd7cfeb4006401e3ff4f0275fd7eff7d0216ff2700e6ff9202fb01a7fe3a0194fdca019202320029feb8fec6
0407fff6fe7f021802920485027a01df0028fc610679ff3cfd9f022b0086012f0022ff1e0098ff1601b2030b02af09f4ffc4
0272026ffa82010704f7fe1801440232fb9e006f0361011eff9cfd0303b3fcdd00aaf8750475fd5dfd3fff11ffd8fdd8051d
0521fe65f94f01680261fa49ffed06220163ff53fd21ff88ffa1f9c7ff34005cfe090674fc60ff04001afb2a0106fd21fb86
ff61ff0afd2a00bd0316fed900e1fe7c00a2ffc7fdb902a902d9ff7ffdd5014cfd910276fe90feaeffae02baff5802ef0024
ffc2fd7fff7d036dfe46ff550320fc44fbce02e4ff76029a0215ff09ffae01d100370155ffaefed0030a0350fefafd980317
f9c7fd50fd45fc53006dff82fd030090ffea00120130fcad0587fbc000560226041bffea0460022bfb12f9d9fb57fd36ff13
fd1afd1203b8076302e5f98c016102000176fb9006660312fb95fd0901c301fa0087fa82ff8dfb9dfc2d068002e50079ffa5
ffba020cfcc2fe9d045afd7afbfcfc640146fd37fd6a00e9035100370189f791fdfffe240065fc42093a056f0248fdf50142
ffc3fe95ffa3ffa0fcd400b5fd75ff0702110366fe71fe2502270299ffc507c0fec50121018e01b90066014e0406feb7fec7
fd62ffa1ffe8fef401d8fd71fe09009d00a0ff7afffbff6cfec2fddbfd0400ecff110192fd680116fe720182ff58028efed7
02c80200fd6301d800dffda100b4fee102a7014503250207fe740215fe3301fdff4f02dffd7a0259027fff6c00b30179fdd3
fee0fd39fe9e015bff70025dff5afdeb005e031c021e0333030f017cfe53013dfef000affeb6fda4012e0007ff1cfe69ffc3
fefe0115fd75fe580423036a001a029afd3b0008029afd22fb3000fc0035fd6cfdbbfed3fee2fc890077ff970276ffb600d5
0571045e01b4fec502bb01e904b203e603a1040d05e200c0012ffe83fe84fe1effd9fedafe43fe0cfd2701af013002b8fb30
fb60041a02fbfe8bfef50115fae6fd620072fecd025201c9fdccfd4b047bfc540170038e0092004106b6ff1603e6080003ce
01f3fdca0083ff74fdea02e0ff74fe4d0046ffcf0238002e009bfcfdfee5fffcfd5e01caff5f021afe370261ffab030f0086
04a6ff19012100560339fd090525f972faaeffd8048efdf3021904fa029e0038023f022701d5033e0584f8aa036c020c01bc
ffce0241fb49ff99047dff760449038efd9300bb0261f9a50140046dffe8fd58fe520107fe84fd16ff7f0405ff0f023c0299
fdcc0189f8e2fb5005680188fb9bff0fffab0322fc83ff880418017203f6fba00193ff21fb15ff3cfc34fd78fe0afec10012
f9c8fc9800730224fb6602c0fc82fd7bfb2bf9e703bb010400520143003bfc0600740096009dfb4e0507ff85fc6afeab00f9
07cf0363fbe0003ffcc2fd55016fff15018f030cfda5fd7dfe4cff99037002defcf70644f9fa008ffe4af86e0298fe27fd49
fad3fc2f01e5ff1003e0ff37fc27027803ff020fffbcfd8305070747ff41044200e401570159ff9cfc2f01300340037b017b
ff4dfee9018dfeeffd51fd95fd4901a7fff9fecb02eb018101fdff39fec6fdaf00afff820082ff47fe8c00befdcf0167fdc5
0172fed5ff4a0136017cfe6d01bffcf8fb21fe13046101b802b0fe0dff28fffd02fdfcf7fd9afbdfff7b03a6fd060200ff60
003d019b06880234ffce00800109fb98fdd704eb04d2018b066201ce0031064d0672053a017001b9060902b300f2063a0423
ff6502620021ff87fe0401cbfd41000e002ffd4affa4ff08007402e4fe01fe15fe3902390299fe86fe7cfd0b02be025800c2
fd3dfd82fe9502410080ff90007c00faff60ffac05c9fbd4ffdb0154ff9efe5502020388ff48fc63fe8afe50fb0403f8fc9b
01ac05dffc76fb75faa8fea8fab70064fdabfc58fd710103ff8efcd50347fd12fef5fed9ffa70073fe6ffec700a800affe38
fce10151fc05fde3ff13030403ce00770185005200b0fc74011a034dffe3007e004200bd02a5fb4902f201e6030004b602a8
00e7028aff8801f8fd3700c5fe6e021d00bc010a00660187fe66003102b7ff69fdbf02d202620004029f00affd40ffa801ef
03590194feddfe3a000ef8e40115fff2ff3afd2800f5ff3600b1fd10029702b8ffe2fe8c000004fd02fefe6b012c006301dd
fc5a035a078e048a00a601e1ff38fcc7fe3f0015052900ff0131febdfe9dff07fbfefc41ff69fec8ffb8ffee062c08400282
00ae004cfff3002801e1feb1fce300c5fe1502dcff5afd81022bfe7d005702ef0260ff22ffddfd880188fdd001b900e200bf
00c2fdd8fdefffa6ffd50003ff14fcdf0057fe00fd0700f9fcf4fce602fd010a0028002cfd5700040146fd14ff9fffb502f2
0103fe310555fcc1037e0174026902950263febe00edfeda045b0163ffb2fe6ffe9effe101830183048efe74fdf3fea900ed
fb79fdacfe2dff31fe460579ff5c00b603030007002301b7fdb8ffef029e02b403ee00fafedc02b100c5fffefc440486016d
0072016afe97fdbcff4b00b0fedfff400171fe5a02bd0195021cfe88fd820306ffe2fe3001ba0319ff8fffb10259ffaafd82
ffc40360004a017cfd81004b0242fa64018101910296fdfdfd4906350574f826fd770074fb0cff0dfe200195fdaefcea0466
fec3016a0363fd86ff820246feb6ff8dff7ffd0bfd4bfcd3ffdffe4afd05006ffdfe015ffd4300a6fd2e0229fd620016fd9d
0126000e004600e305abfc4d021f01a805befc16ffd8faf600930365026b04b3ff73052cfe9afe86fe7004aeffe8fe9f01a3
01e7fd89020801d3ff24fe0b0176ffc5fce7fe18feacff69fe62fd0c008efe3efd5102d4002d016502d9fcd1fe7001c00258
04affd5f020c0240fbbd01fb027ffdbb02da045d02fa02a1fcaffe11ffe1052900b1046e056affe1face022dfbac021701c0
fe2eff98045cfeebff7d003f01e0ff53020a017a0451ff88ff5103600315fd5a00e60003fe67ffa7fc93fe0dfd2b031dff40
00d20157029c021e0131058602e9005efbf30490fe23ff5f01a9003f028cfc53033404ddfd7f01dbffc500fffe83fb6f0672
fcfbfe31ff13fdb102c5fe32fd20fe6a008efee402ef00c0fffb021602befe0c021a01c50186012bfea20091fd85fee3fe24
064e016403ba026f0313028f00e7fea80160fb4affce02eb040b01fdffd80017fbfd001efbac003004360259fff001b102fa
fe120311fcd8fd5101c4020bfde700befd3802b3fe8afeac02ab030eff87003801b602ad02c3fe2dffd30116010700ad0126
0107fe2b035efc99fedbfd520136fbf7fe4a01c0001203b001e1fe70ffe4fcdb01e2fdbfff28fdeafd2203630046004200a2
036afe370249018b01db06a6fe8fff54f902ff20fdb60390ff0405570036fc30fb7efba80289ffcafc70ff66041501f202e4
012502d8fbd1f991fe9afe8003e7ffa2fcdcfd9f037effd50028fd5303e101730367ff67fce5ff2cff15017a0283048e0595
fe94fe45052dfd6bfbe6031204c8005603650162fde5fa64ff0f024b0023022cff5fffe0f955fc72fdf2fa5f001afa85fff0
010cfd6402590202fc34010d01580068044703fdfb6200e6030afe23028f01620196ffd8015600cdfeadfc68ff2cfaaa0029
0352ffc2024200fdfc1900da0012039b036f01e502bdfd450092047cfa74063200c8fe6c023f01c801dcfb66fe1cff79fedd
004402de025a0183027801220158feeffd7101ce018d02c6fe5701b0ff310072fe4502e300c4ffab0257fff3019c0327fded
014a01c6021303160029032bffe3ff44fe93009cfd12021dff42013600eb01b600d7ff98014702defe930080006ffcdcfd63
017c02d00110fe3c02aeff7000db0069feb402f100d602eb0083ff9900d40159008401e6010cff49023b02a7fe3f0048fe6c
0239ff9ffdacf990fe39ff23faed00e601aafde7fc0fffccff2402a1fe7f05b70042feeeff9501160011fea7fd83fec9049d
02fd0320020fff2c02eaff3300e202cffe1afec900a300fbfe7a0069ffff024b019f02aeff7302940188fd0bfd7800ab01c7
fc54013104b8fde4fceffdfdfa58017cffecfcf8006afbf102e105c90009fe8dfaecf9f9fed8fc2c01d4fe89fe9a01850058
fa9a0049038cff2cff04020bfec4fe0d001cff2eff5dfcc801f201f3fe39ffaa025500da000b006202dd0079037b06430259
fe7a0013046cfec1fd2b0222fbc40244fd45ffe20006ff6a04c8fede00f5048afd3805bd0358000e03620134fda1fe6d02f1
017204ed020d0744fe38fead031e046702c7013f03f3fcc7007801fb047ffb59fc7efdbaff76036afd720129039701abff02
016d023c004601e9ff59011001eefb5fff7c011cfbff02dbfe5302bdfacbfe92007d042cfd9100f70127ffaaff9703730172
fedc005d0198fd19024bff4c018dfebdff1ffd2b01a7ffa5023bfd7e01b1fd580009017201c4007f00d4fda702fb01b10131
0084fd0502a5fdd3fd470216fefb031a02ee001a0206019afce501c0fed5fea502cefe9002b901ddfcddfe6002c0010b019e
004afddf0262003f020cfe31fdfdfcd2fe940147fe6d0332fe80008b0064fd92011a019500fd025bfe5dffaffe4effa0ffda
fe8f013afef5ffae02b702250312028602adffd6fe25fdb7015dfe81fea101f8ff2d02420103fd14fdaafe670044fed7ff75
018fff9dfed3fe4400c3024afe030323fde3fd2d031602700253fd05001bfcd6fd860213fe4dffbcfedffe7001b4ff42ff35
0158ff5cfce3023202d2ffc4ff50011e02b701ff013afe5001d5fe9f021d004202aafeb7fdbc00d8fd7102ddfd6402e20001
011904ee006c0154fe330025fdecfda2ff19febc012b0152fe87fdf300bdfd6cff0f025bfe94fd9802c1009d02f2fd06fdd5
ff05000801bf0143fe930192028c0299024ffcd9fe3afd74fda401c3fd2103e9018101ab0023feae00f9fff500a700de026b
fc450133fd6402a004d4005f059602c801de01200262fea9ffc0028afec2feedfa6cfe16014200f9fff6039a0494fe5efec6
fef80060fd67025d0209fee603090322fe2301bfff50fe7cfbe9fd1fff93015e02830379fbef02e00104fbb4fc4afe5101ab
00ee01a50275ff08014a0110016c024bfcd2026800b201f8fed4023b00cefcdcff71fde801bb0008024e0139fedf01b3fffa
fe83ffdf05adff060120fc49ff4bffb1ffcd0407ffaf023a01ac014ffcfb04f50232023b04b104ad05a0fe2cfe58024c0339
fda601a400c90040fdc8fefbff9aff7dfd43004101bd0300024c010fffa10102fddd02dafe71ff87ff6802e0023ffeed01c3
056cfdfafa51fd30fb78f97700ebfd83fe920083fa01fc29007105f1014afdbdff4f02aafd69feaa04be013efb3ff81e01ee
01f802d9feb9fb54fb930245012905c3fe6f01680175fe91fea30048024cfc73fd530039feedfba9feaa008f00aa04dd0105
02c8021efd0b02be00e8fdc1fd480115fea1fda100b402e4009cfcdf0208003a0269019cfe4200fe0007018b0054fe58ff1e
fd10fb470132031aff790045ffbdffddfd98fe24fd12f990fe6dff61fdcd025efa73faeefd87fc3c0564fd980006029903dc
ffe7fd6101b302890312ff40fe9702fdfefd009eff2ffdd4ff86008dfd070174fe5d006a00c900ccfea5ffbcff38fefc025a
02c1fffa0086ff81febafcebfd8bfcf3001dff35fe0afd49021502defebefe0300cd0113024801abfd16fee70021ffdb0283
fdfe01e00180026a005d02bfff90fefffd7a02c9fe07032d021bfdf7ffef01b7014601f800c7fee7fe25ffeb01f4030f00f5
0212fff3fdc9ff04fce801a802b0030101effdcefee802aa0227fd29fe3cff24fe4f01edfd56ffe6fe6dfd6bfd3f024afdaa
fd5f024efd1902cbfe6afdaafdabffeeff940166fd4dfd57fedafe76fed3ffa4020800f4fdf8fffa02b002b5fea5ff5e00f3
ff6500da023503450266fa8102900300fdc7fe6bff23ffa8fd9d037b01e900e0fab7019aff77011c0222fedbfe7a012fff24
fe91002e017501f901fa0119fd12fe820231fe4801d700dffd23fd35fdbcfec902a3fce20068fef7fedb025cfdb20290fe72
fe5dfe69027c0114fdd7015efe4b00cb025401fd02710151fd55fdc3012f0057fdf6012d00a0ff7cff05fec301cb027a01ee
00a3003801a7ffbafecd002bfe3f007afd14fde30062fe5dfe75fddbfed202e0fd800313fffdfd3d014fff62fcdffff10331
00d402960187fe8effc3fce700f7025efe76fdae000bfd1800530113013200defff8fd3002dd0265fd2cfdb0fd150234fd53
03a701360158fe8f009cfff70055fc33008cfd8f00afffdd0649ff29ff13fca3fe8100aa021801e10130fdaefb2d02dafe2a
008bffb9001e032b0074fff7ff3f001802b4fdefff8302cefee501be01c4ff8602e7012fff9502b3002101a1fd95fd98005a
ff7efe160073000801ebff7aff84fd1c02e5006c01fcfd10008afe8afd63febffe5afd45016effa00281ff82026affc1fd40
f46309a5021813e3ee21f29b04e9114b00960059ee1b06acff8df71cf76e0ade157afc3e0c99ff37fbeb1a68258bf8c211cc
ffdbfe1a017dfe85fde5febbfb5b017bfbfd0198014200a5fcc2fcae01dcfa92fbec0132fe6dfeb5fc3cff42018c001bfaee
07610231fd75e78bfe5fed8b036ef1cdf5f5f83b07b5fc78eb270b8911bd0322fef5f1230eb4fdee0ff4e839f063ebadff5a
fcbafc14004efe0000b2fefaff5cfd6f036301af01b9ff710053fdff025dfbaf00ee0072fd250120ffdd00c3fe8cfc20fd00
ef03fadaf2cb092420140499e712f1e1f72e0496fe99f53e02c8fa74f6b5fe67ff16016708dff71f0f79fa921055f8d2f3fd
0c57fef20e3c0bb60bac05200ad9f9f6041bfbb10ba91403f838e7d6fb601b131051fd95fe63095c0a7f054b10e1f084f976
fe07011300080078ff18fe1ffccaff900054fecfff8f00e0fc3bfc76fc3afda8fd07016dfe700120fbd3fe98ff15fde6fb31
01c30e4a01b202b60c79fc5dfa6ff84f07cf080ff47c042909ea0e040978f5bb1375f8f819aef3050e32ff2a235ef529e9d0
ea4ffe0e0173016bfbfdf62e0378ff2ffd54f6c50453ffab061a1154fe67f314e6dc095401910202efb3cf5aea94e56502ce
00dc0211fc8dfdea0050ff9f00a801f10098ff7dfe30ff65fe69feb2fefbff3d01580233fef5fdc7fc4d020400bcffb9fe79
17c4fd6d089c1bfd138bfc9cfc63e8c0f39b0499ec41f1dfefd4f20ffc09f633fc31d616f300fe77ed2ec090f2c5fd2816a9
0bc8fb01065d0f1313e10bd807c2fa00f90eff0a0d050a91075bf524e7c8f8a70b6f026af47e006c087cfdc1f7e4f72f11f3
faa000b9ff74ffa4fcc600340052ff02009900e7fd0dfb41021afd1001b0fe6700eefd86fdfdff8700dffd96fc72ff060058
fd76fb36fe5400e2ffd608c2fb51f5fefbdb088bfc2bf70c0133fe74f222ee96f7be009708d1f3ed04c7d0d4e951fe2c036c
18b20d2bf379ee8cf1fa05b51029fecbfbf2f702f080f234fd000099f4f1f1fefd1ff4f0f402fd0af8be010729000d2e2265
0f800527fb970728f1b7dfbff345fa8bf8a10136f89fff4af7b40191fd6b05e30004fd0d0683fefdf64efb490991e79c0145
f278f0fe069b02bf058af13cfc22046801b412cbf884f6b5fbc302ecf02f0cf8045d0f40f308ec910815fe1224011be5ebdf
fc74ff21fc9f0082fdfefcb8fdc7fdbdff77fd86fd8dfc46fff9fd7101af014efebe017dfdd2ff6bfc36fc2000a3fe1e00a3
feeb0601f894f8ca02900417f9760323086e0bd30130196e069d01d1f3b90311078310b6f8fd0fd8fe3704780dddfd2605b0
feef01e3fb6ffd81001401f5003c010ffe900026fd4f01c6fd36fce8fe80001b01650146fefbfff2fdc9fbf2fcddfd4a01d5
04bd0c850441fc120590128504a1f551fe2c028b0ad90249f234074f117df5c1f0e80d231af4158de2e1dbb413f80f911128
fb600051fca5fdb7ff780065fbcdfd6d01240040003ffbe700d8ff2300e2fe53fea6fba9fd80fcd0fc70fb03fcd9fc03009a
0c640f5817f7fac2106a051210ebfea7fbde02080bf40ad3fe66ffbffdaf09dd0e8e051b09630ee703d015b0033a01180e50
0533f6e2fcaf004f16d8030ff3e6e4e7fa730691067000bd015cfb7b0995f80513820b76ffe4ef4e0fe413c5e410ef9ab71b
fb32fc5c00ff0023fce9fe8101fefd9aff0ffe240126fd13ff360135fedffce8fd4dfd150040fe7eff85012e0107010cfd80
0d27f404fafbf9b60050f4d80570f51df2c60062ee37051e1d41fef3f7e50b13fbb100d6fe02e876e966125c18f6e61efe03
000bfde30093020101aafce5fde90014fe4f011e0289ffb2fe11fd5efdeafbcefc730153fe93fde70128ffbffd1efd97ffdd
185c0b8209e10d55160714020c9603fc1282115e073bf341f781001608a0f19df0c6e127fe870716ee2acde1e41cf46beee4
f49b00e4044f03dbfe9dff90f60ef5f2ff200789ea7ff15dfec209e90c9fe4960c34103015c80637ed7317fa0a561dd2fc6a
1f6a20ba0e190edf077b0ecb067bec480a17f177ff90f547f799009009acfa73f4f70325f2a1fe9c15ef17551345fbdaf6ef
013000e7fed6fdfbfc14025dfdc5fe32fc710070006100bcff89fe2afeb500bcfc77002c01cafc65fd8200e80166fd6801c2
0bc31438da71f452e71312fffae6fe2ff72efc2e191bf6db098c084ce4d7d849fbf7edf2e71f05c2edd21005eec9ca24f9fb
fe040c070100fe0ffb2bf89707700a3ffe480869072a047f0739fe6bf8c615a41db2f500f26ae0de1de50866facfbd97ecc2
0462fb0efe74138b003bfcdd0c14ff5af8bff9d801c90e0304a1fe1dfc1a189c036307d6efa7fbb5fe520d1c011cf3f0d566
f616eba8f72ce15bd67df558094806f8ed6a035608cdff15fa130454f3cb0a2d15a5090906df0bdd0a54096e0b912292d140
070bfaea17c11223fe45007e02060efdf480e2e1ef1cfe3efcdaed22fd5c0fe9ff7007d5f605f4b60c5c023a00b9053cf7a5
fd46fac5fc0bfa5bffddfc6efd99001bfa39ff45fe94fc0cff4ffb18fc0ffe6afe6bf8750060fd8dfa4afcd2ffa7ffbd02b0
fe91feb6fd49ff01fe9dfc42fffefc81fdb2ffdcfa2efe880073fbb1ff88fb3fff66fd15018efda2faa900c4ffcc0186fc59
fc25ff79018cfe21fcaffdf9fc66fc9dfe34ffcfff3700ad017ffd91ffb7fbfffe8b0021fdc50050fb5dffd4002101b7fd3b
04780596fb1bfee2faf6027e005d08271102000314a9fda20c2a1009010ffd1f1046051e07191cb8fd42056df79c18f9157a
05680b3910ba1bcd0554fb19f9f710d70546fd0c0080f693fb44f0c802d6eceaf126f41aebd2f4170822f0cb083ffa8a0b24
ff56ef3b006cf86efc0ee849ff5fec17f721f9b5fdce02c907a5170b0f7800990b03142904e7f770fdb8079c0c210ee61b27
ffb2fd32fd8efee400e3fdd800d2fdf3fded00c9ff6e00650253ff20fd0c01f5ffe0002dff82fedc0182ffb000ce009afec8
f87b0543ffeff96616a8eea0f717f1de0668014fe3c2fd85fead08cbfe80e667f6a503d412d6fc90eda604e00083e098fa53
e7a3e6eaee5af6c0f4e20846fa5bf38df4b9f0c4141e0ae8090e0507e2e616d800130083083d144e1984243201231be52412
ff55f4671454083c09760ca703830867f5ccf48dfdca0b000543ff2107ac0396f8eef3dff55cf343fc44197900f116620ae0
eff3015efb6df18ffcb30028ea4dfc0d0c1113370718ffa7fec1060a0cf51483fc2f106b02e00680fdca18841215005100ef
0ea7f3e8f038f16b0be902db02b6f62903c30449fbd6fd050f2607f207fdf424fcf7edaff447fac6e671c6b9de4de55df2cf
fc41fbbaf7af012a0bddf16ef74a012bfdf90961ef080b6dffe10b5618dcfc39fe78f3d3fb0301b1e1f0f1ade67b1b22075b
fbd30185fecc012cfa9c00c0fecf00adfc2c007f006efc18fc6d0087fea2fe290104fb99ff1bfefcfd9a0135ff37fe20fd25
ee4f02630a2612811356f057f10f0ae403c8f4a6ec84fce3f8630b7fd9d1096709a7f505017ef4590efaf967014cfde0f5c5
0bf504bb13d0032e022d02420fc2fcfdf49aec0f0706030a08bcfafffbf80bc5fd9afcc2fdb205760572fa50ec91e5e52118
ff31fbd1fcb6fbe5feb7ffc104e700a50090ff15fdb4016e0024fdcb002bfd9dffb600db01590048fe09fce8ffb50160fe42
036110040e5c0fd8067700aef02eff5803210616ee7dfc73f8f4f0330ee0060c0164f11b08150408ece0e7cff409f19aebaa
f310f85ef69b04ac0522f00e07f3ff85f41404e2f8bce566f8750295f251f7b807fc0713fd07eee7fa06fc0dfb4d02401ba1
0a01f30bf3e1042dfd5d0505fbc8ff12f4ad02c309230ba3f98ff533e5921a020309f4f4f42ae4ba154a251e0be3007a28d3
00bc0104fe8bff8901fa0243fd98fecbfc8cfd390150fd2dfeaa01e4fd19017cfe5ffc670033fd18029fffb4009d0001ff43
f53a009cf9a20c831f53f95ffa40016bf43a0441f5a3eea6ed46fc9f02de0373076cfcbffc8503c9fa44f209f1bd01d623ba
d4a4ebfaf9210b1907c0f1befdc502100c8df918faf70644f4410246eb15fdeff49af9ad0bd603def628f4c3e8bbf43902c5
fd99fd61fca9ffe3febb026bfd41fcc1fe96fca9ff89fea8fb570060fb3201f4fd62fb1ef9d2ff8dfcc4fcdbfebf013bfe7b
fcd9fd73fc8dfd63fee7ff96fe61fe28fc5cfe5e01c600b1ff69fc64ff39ff7dff4d01e7fc97007e0001fc9bfecb01e8ffab
13dcf35ec6f0c88df994f93df65a08d0fd6801560323f87efc53e219f1d00520e700ec4cf61d0c970b3f00270c9007c100e3
f5e90c0efe3ff7d3fe5af280f8ef0ae208fd0dfcf00bf528011808f706c404befafdf4b2fa23fe68fdcc014ff64d06dfefb3
fa9ffe01fab1fbbefef900c3fefefc510288fcecfcd3fc95fb98fc8cfff5fc37fedefcf2fc25fbfc0038f899fc87f8f90181
0ee41240f5ade72fedca13f3f6d4f8a8f3dcde4c0a13f2defcdf01e0052b0367fb5507c40c1609bdfb7800c5f82a0172e76c
02bbf16b024e039a1e7401d0fcd7fde3fa270b24f6e0045bd7a5cff6e482ed1df5f4f901f830df5dfb69e3680c20fcc50131
03a80cd906edf770f6fcfa510d92021eff73f83ef654034a078100d2f378f6ea006e0189168500a6feaaf9cd04b32169f597
fd93fe20fefd01d4fe0afe30fce5fde8ff59ffeafc8efe6bfe20fc91fea2fe6ffbd90099fe960101fc86009b004b01cffd15
09bd21370acffe46f95102080eaffad1fd60f307074a03d5f993ffebf43e03f3fc1ffab9e8dfed5b063105e5ede2e9a4f32b
ff9ff82dff9af7560234ff17f7a1028affa9ff6a0d7404da0b86fd0b05ab21140eed0339ff1efbc524c2f20d0a6802460214
047304e9168f0718f1dd049d070406b602b3fbecf856fdfcff43f39609ddf6e8fc5207fa0c320cd9e38eedb1e65ef8fcbf11
fef30019fe0dff370094feb4fd46fd23fe2c026cfe3efe31fe5dff7dfd120088feabff9e004bff49fdc6fe37ff8cfc5bfbe3
f2b6040513f8f614f1ff0c38fef3fc9bf669021a069a10fb0764f23bfe3d0690fda50185f7160331f627056b167bfe14f786
0248011ffec2fef4fb7e02fbffc6faabfcd3ff22fcdbfdb6fd92fd10ffa30007ff2d01c5fc9dfecf01d201f6fe4ffcdaff5b
e107f82306540a58eb9e0b510eee0ba0f80811a1f3aa0424086014af19c2e46601d50a920ec2f2b5e6f8edeafc74165ef7b7
fdd3fe19f68d10551925fff5ffc802fc08c70ff4e8000865f31306e502b4f31aef20f74d0c29f4effcd9081d07bf058dfd49
ff61f95b08f8ed3becb404ad0c80fcd3fbae0a94150e16be0c4d081804220c650afd11c7057bf89a07a5086918fb0268f248
029b0e0d1408fa2801110570187313770dcd07db0e63160b064dff6bfb0d0c2beb9b0146019af555f7f6f4e50ee40157fd15
fc0b08691b2a07e202540852033205a10636f751059bfe8111bd02ceffcb074bfdf50a47f359f548f252cf9400850cb7ff50
fabd085afa69169ffd6cfd4705a6fcbefbfefb22fd460dc1fb54ffc00d180cb8fc41f39f029708d0f63f0265072e11320bb7
fc15fe2900ddfe84ff7d01e600c2fcfb01b7fe73fe580033ff80fd1efcf5fdc9ff28fde4009efd2d01fefd07fbebff0bfdb4
fec5fc89fbc80089fdd4fe32ff39fe45fe1101120038fd770022ff4cfd3ffbd500d4022d011201b5ff96ff01fdd3ff3ffc28
035fffc6fbbff927fc45fbcaff1cf9ceff3cfde0fd1aff94fc3efff2ff86fbeafac1fbb40124fd62012400e9001c00370110
f08de17afb11f65af8d20865fd3df0e3ebedfb2305a9e70afc3ff7e0f007041c155109ea0808f6533be11c9625e8227ef989
ff78fb14fbe7fce7fd48fdc6fd93fc71fb2dfbedfa6cfa00fa4af956fa0fff8efdadfbcefb510119f9ccfc0efe6dff18febf
034ceee302b6eeb5ee8004d00e2e05870afcf8030f7621cc15e20f850137189e0e6f09820b9f1362f94701b006290ffd00e2
0bceffbdf1b6fcc815fe0d83fd98002504f6fd59135f0ab207b7fe1d030815fdfe510dd6ff6a1499fcbe01c002d8f2dd0598
01adfe8c0d96099112390e5e08e902a3005a0ea80e84000809dffd33efd5fee00ac103bd0139f5ddf161d6e8e989f24cfe42
0adc0d31fa92edc1fb350d4ffd66005cf8c50c26ed98062ffa5a012006f107c00459f2cef694e306ff6afa18edeefb6ec764
f6e711c90b6eea3ee3b506a9fc48032102c2080409f9ff8b144d119b0cc504ef057508e014e709d3e5d2ea0017da1d390678
fd8b00a7015afe0bfef3fce001aefcb3fdc30037fe3301a5fcbbfd84fd2202a601af022c0102ff8afe75fd75fedf02a0ffc1
fbd6000bfe34fbe2f9b4fc8efe81fcecfee1ff23fb58fa0fff2afa7500e10027fd38ffabfa74fe18feaf0367fbebfe79feb9
fe28fd7efb45fbd0fa4d0195ff82f9f6ff4bffaafbd7fdf100a0fcb8fc69ff06ff33fbf5004efa96fce90190ff20fdbefa7d
fbdb0152f85df8d40090fe77fdd9ff46fb5afe40ffe8ff91fd8ffbb9fbc80021fcb3febafee6fb03fc68003bfc9401220089
fe9f0130fc85fe6afe920133ffccfe4d0104024efe2efc14fdda0068fe4afea9fd5afbe3fcf6fd03fd95fbeb01f6fea1fe3e
fd1dfbe5fe6dff8c00a0fe370155feeafdd5fef0ff46007eff84012eff410030fc3ffe30fd14ffdb022602d2fd2cfcec001d
f9050601e540e995fd7302b0fea8e0d0f1610a650b62eb9dfeca031e0a3e02bbfca3ffefe79207d51f39181de553d2460524
036a035bf4a70753034700e2f443ebdcefcafd650bd505b8eb87ea43127a0b2305abe24df2d30a22ea4bda8fff6ac9baee9e
1422ec88fc2df1fcf91f11b30c26e441ef7ae4371257142df9ef041cee6e08a1fd17fcb7feb515620fe30382f1bbdc1dfff3
14780ded0e3bedd2dae90904fa75f68dfdd40856fab30357129efa54f389f214f5a00fbc023318460133156f0f3b19e307fa
00a4fd76fc59fe7cfb92fce3fe2cfde5016ffd1efb67fbab0085fe9c010ffbd60118ff65000700ac0066ffa5fbe5ffeafd03
0b3001bdfd7c1bfb07430838fda0016a0b4606cb01a6fa94ee2ff823ff05eb2e029ff316f6330339dd89e5cefb5dfd6907e3
ffa1ff19fcd2feeb0207fb10ff1d016bfd68029e022bff19fc91010ffff9fed8fed1fc75ffd00012011000d0013efd6000a0
062bfded04bc07b0f551fd15ea98f2def6ecf9f4f137ea90fc03123b088b088cf63cf9280540105e098ceae309f3e7e50942
f539f404e0dbf5601b4ff224f119f0fcf9f418a70b120845fd7b06031064f081046cf609141b094c010907590279ed78eb47
008cfb93fe30ffe2ffd40057fcd1fc8801390066016dfc87ff24fed3ff6eff58ff1400aefe6c00f50098fe7602320067ff7d
018af79bf06810b6237d0969011f0ca4061ff78c00ec0f3a165e09b7f931038912960cb001c80e16f0a7e9dc076419d503a9
feb2fda2fde9fe45ff7afd5dfbbafdaffdbe00bcfeebfd1bfc6aff43fe96fd7ffd89fbf6fc5a0020fef4fe0bfda9fd7cffe3
ff60fdd7fd85ff1b0033ff73ffeb00310120ffc1ff68fe1400d6fe0001d602ed004c00dafddc012dfe70fc18fee7ffeefe91
fcc6fed300a9ff77fe4f0126ffc9fb2cfbedff82fe64fd160021fe8101fafae0fbccfae30031ff67fde5fb42ffa7ffda007b
fbfefccdfbfefffb00c80216009b003cfd41fd500120fd7c012dfc36ff55fca7fea0feedfd0dfcb9027efd94fe1afb8300aa
00d9fbd2ff84fe2bfc91fe9dfefdff0eff41fd28fc85fc50fb56fbb8fe8fffe1fcebfe56fbf2fd06004a004dfd2effa3fbcf
e5a6fbd3054f0105efdbfa8dfc1afb11fdd5f63ef63401a6fdcbf0d0fe8208f10452026204bd1298fc180b9602340f80dccb
00730003fd64fc74fff7ffcffdf8fdb1fedbfd9a0059fc3d00370043fd5afe8f0165ffb6fead00f7fed000c1fd6eff590197
0e4e07eff7a8f159f6f5fe4806d5fc97f47ff09b09dff74eea7b0526f8f4fe8cfad9fe060dd40695096603fdf369fb230783
fe00fe41013ffcc3fe3e007cfe2bff6dffd6fee7fe8000e2fd78fcf8ff36025b025801f7fc80feaffff0ffbefe42fd46fe46
fdf3fe5efc0effc1ff2dfdfcfcdffe32fc59018dfba0005bfdccfed4fddffba80160fd06fb23fb6bfc4ffc9cfe20fc40fb50
f77d149c04df160e12f1e7def34efe3811ee0bd9d35ef3bc00df1216f1a7e7f1f4f40172059bef97236bfb67fe180703f5fe
fd8cff25002bffda0014fc6dfc05fe0a0152fd5cfe02fdaf0262014afc16fd1bfb49fd25009afc6aff03ff4cfec1fef9fd64
010d024affd501ddfdb2fee3fc58ff4b0151020ffe9bfecd01effc56027f00aa027cfcf7fea3ff4efd32ffa9ff2b0004012f
f354163b0ab91830fed2f05b0a2b0561076d059e05a80aa40e70ef36f480fbf20895f7a0fcb8fb3af40efd9a061dfaae094c
fe2cffbb0082003afaf4fb6e0031fe36fe2bfee8ff53fb2efec5fbddfec100c1008e00cafc6f01b30078fb36ff0f017bfcae
0505e66e0721008e0789feb0f782fd30e996f4360e3afeebfd2ff875f52e04cd01d8fb43f4700cad06bb09dae65c0324f440
fe35fc2efc6c0082012bfc5b00e801030090ffe4ff1dfee4fcd1ffa5ffb5fd82fe69fba6ff6300aafb020120ff0efd05fdd2
0a86e97cfcd204732a08fe99ffcc033c0fdc12cffcfe03e1fe26f3f9fe9f159b1220011afb1bf0150d0bfb9202a9f9a9f988
03ae0dcf0887ffb7fa6102c0f57707a00fa3009305a70c6e079ff5af093a046803adfffcd718fcf2fe6ce7890d40e813fbb0
fe63014afe2cfe12fda6fc46ffd201f0ff78fd78ffa102cbff7c0195ff90fda6fe76fe04fde7fbe1fc52fd89009afbc2005c
16ed0d7af21dfe8c03640022091afcaf02891c79fd76025dfa6d0b3c0669ef79f855f91bfd4a0652ff600bddf700fb00fc8d
e747f2a9f44f04b7148fdf70fea7fb2afed70621f7bc0fe60d960b170ca3ed8df814f8ca03c404c5ed17fa9cf7a1e705e556
fc42fc9b0104fbaafe6cfd60fea80223fe85fc16fdaaff15023ffedb001bfd12fe8aff2d000d00befd100051fcdcfccdfe2b
081601cb158816740c450038fc19f83bf81c128a02d8fc15df11f15cfe29f738fd3df9570b2c1a6bfec5ce7dd467d94f0a0d
f9b00049049e09f0fab00edc06860a3dfa6cfd6d07171aa0fca8f81ef25f0363f7ca04e1f745fdaaeea1e666ffd707e81ac6
fe2ffe10ffe3fdc6ff36ff2dfcf2fb95fd4cff50ff3bfdd6fffe014e005000a6fed0feeaffa3fd980033fda2fd2000c8fcb6
17c225360bdf062c1e66ff901062f252f827fbfffbad01b2ea3ff936037d0de8fa96008208aa01f5f89ff242f6cbfbfcfe56
13e0193b0d49fe3bdea91abb075bf74e0058f71a05b606cc0567f699f01d1200000b001d0513eccb16660699feb3fa0e0c7b
142107aef6770a8eff91f21ceedafdcdfea4042ef05cf83106be0283f3ccfd960e5ef547f7030aa90596f97d11c22348013a
ed9be85e10b612590d20e27deb7df2260bd3187df74cf891010403920666e9e000550bb30323eb2d1057fcf9f323ea5de96f
fda6fef0ffb0fcd00062fea8ffacfee5fd10ffc4026300cb01e30265fc320041ffd1fdbb012efc12fc78fc6800c1fc1ffd52
d1c70af1ef2c0122f492069403ac01030325105a00bf1107093d08140c33fe7e034e0207f958ecd90ae605d0fd1207e5edab
fb92fc91ff41fc080169fd2d00bbfb4d015f00d3fd03015ffee30098ff59fce5ff85fed3fc370091fffffb36fc5900c9fc5e
f5bf02d1f0e5fb20fe70073c0cd4fa4afe2bf0cf021f052d00fc0cf8f9f605faf489f68e096c06c100e60439f8b50c0f1313
0262fe71fe7e0093fc81fd62fd55ff10fc860013fe9ffc1fff9fff6400d101b8fefbff5b0263fe77fed6fdf6febd026501b7
22660d54133eefe1f601f2fb0191fe33ff270421040812c50258fb64f21af375ff700873f41b0494fc7604affe9cf4ae1655
124bfdf502f2ede0f5370781f752f550f3ff0918f9f00678ee57f5c2fbe104230210fe34032e0b4200360b7b0b7def59e34b
fda8fd1efcc70161022c0045ffeffe9ffde1005700b3006202510276fcba0252fc840095ff2f016f01d6ff5000a5024200f5
16d9f14cffdbea4af81600d407daf264fa5803abf4500b27114fff5902e9f05808da0ec001af0f8afe2307dd0acb01cd0723
fc86ffe1fde300c3fe9d01560126fe63011effd5fd41fea8ff13fe67fe98ff20fee3fd870095fcfb0104ff10fccb0004fe86
fa5c04cdfee70365f818135115330de70959198d12150a4dfd6a08e80ecef445ec12fa6807f4f861f59ff44400a6096f0a83
f31a058ffc630c370263f3fdf7f6052208410a5900cdfb3c07c611e9f72ef5fefdd20a83088f13fff7d105e1060d24e003c0
240e06db049e1ed60da8092018450fb60821eac5fdee00ceeb7001e400a1fbdffc95fdb7040ef7e10065053c04c1fea7f5cd
00860253fbdc01a3fd06fc05fd19fcfefebe0225fc5b00a701790132fe11ffa601c1fe57fef100f0ffadfdfdfd70fdcdfca3
0323e4b5f83bf7a2fc8d076f0515f269ee3b0ef3f7b611a6f37efc61ffb7ed68e7b809d6f6f0ff8ddb09fabbf7fdea30e97c
1d47f78a0125f472f17605ce04ec0934fbfa0465fced0adf0aea08d7fcdeffba07f510bef030e6c2f21ef8fbe4e2f03debf3
fca403ccfdde0494f4a0edc104ff18b80e05fbd7053808180af5ff3bf6e51f2f0f690ab609e6f32a0f63feef10bf075a0cd3
e298daf2f199e6bc20e9e72ae9f0f86ee957fb63fcc2fb8e0308f39103290d670e3107c5fadff730fd9f105f081d0684ed4e
ec84f42808b914ef0f280632006e11300346ed35017cfe1c0001f434ece9f9d2ff6cfa88eb9efa17f947f40e08d5fac2fd5e
fd84fc67faf7fb56fec9fb29f9bcfc66fca8fc57fb2ffe17000cfbd90037fb82fe44fe29f95bfd44fb30fbd1fc1ffefc00e3
fca1feca0071fd2bfc15ffa7029e00b10134009cfeefff87019d0208fed5fad0002bfd8300ec00ccff38fea1ffeffeaffe10
ffbcfcd80123fde6fcdeffd20291023bfcae00feffb7fd5901fc0282fe9201c4006c02d9fee3fdfcfd50fc7bfc9ffe5ffd23
05a5f64eea57fda9e6c1fe6df5410528ef1cf97c067ff6ab07a1043e1d47f9dbf88909d9febf0188fc4808c2eff8090feb71
14721ae70e503335f1b9fcea126215290603ffb6f98fea5e0419f2defa4decf0e50eff6dec99ecdee819f7abf8c8f0e80bf9
0d9bf091f015eed9e9bffbefdf4aefccfb8df0bb0268fbbdf886ffbffe660e3e147b04ab07ff2068133920640632fa2e1aa2
013fff89fc95014cfc5afe50ff89ff24fec5fc08fd54fd27feb0018cffdc0189fca1015eff2cfc09ffb2ff98fef9fec80147
edc21dcb1334ebc0fda7ec97fce80001f05bf8a5f99afc1dfeb30ad40052fa06061b0f48ffd5e8ade7ecff92185801e6dd31
d62bd82fda7edbbded61fc0febe6018bf29cf6be08d806dcfbfcf62cf58e27e50d620f19fe57f031f41e0c790d53078e26ef
f056ef70030cfd98f00905bc0c440fe1ff9ff4ce03990a44f680fad7f90207480d5cfded030b09aaf747001904c808a7e37f
fda60687fcbcdc650eb10214e7280d7bff79278bf7470e0bfa7508e50d33f6be004408d601c518f7f52ef98ff75efe9c09d6
fd3efffaf53afe611b5ffa8affe6ff0407ff09a4f24adfeb011117fefa3de630e530f34805160967e4ddf60be07800c40aa5
03a3e731fffef982100effc40493f4baf7cc0e1ff938fd1e05d6fbe7157307b4147afda60c3e0e9117201feef726f990fce2
fc80fd56fcb4ff97fc06fcc2fe73fab9fe2efe01014cfdbdfb63fe97fff300eefc17ff68fcd2004efca2ff6efe1f012afea2
db52f75bffa7f1ceed06e930e8df00a320fc04770aa1ee0005cf030cdc6c0cc3f49afc480dfaecaf08a3047a0f0a04aaead2
116df839fbbf04200cc5002d18311b4f09b51134fc680d4cf924f64febbb1cf1f4e9f3d5fe4ff3f50f9505d90db20e18027c
fe4cfcdefedbfd7cff0d015b0195fb4efb92fe4ffffcfdfafd4affe70043fc7efd490086fde1007a00dbfb710037fec8fdb3
f6e909be141b0340fba509f512a50f110488f7d000f3f2eeee6cfd6bfffbfba1fd2f0361fc1d056c10a1078eee93fa03ee73
0f8c1007fd5de59e114df9a90ee1faed03bf07fd0f74fbcaf907f8edecfa0179038bfb5aee5ee8c0e2abf8a3075a08d3008d
fb7312cf163b0917f74715eb0059eae7f972ff941087fb31017200b50d0e0ce600e70157f8b20f4b09e509e91252efb1fc39
fd15002f01e20196ffe2ff2701ccfe79feccffe6fce8fdb5007c02010030fc83000cfd00fe80fddf0124fc5ffe2effdafd21
f0f9fa89f0c80261f58e08fbf9f3f5fc0e14fcf8fc86fe56f490ffeaf317050ff92aff85fa670631ee66106d050d0405fdcd
fe60fa7bffb6087c11c7ff8d04c2ff9a09da0fa000920301fdbcf509083dfd01035cfe9f02e9f78ef03cfc2301e0fba4f42e
ffe400b6008cfe12fb6206ccfdfeffdcff8cfe17fff70385ff54fbb1fd0e0195ff1cfe68fa80fee1fd5efe55fed7fb8d0148
01ec01f5fd660113fdabff90ff5301bd009e0206ff7e0049fc5f028d02260013fcef01ceffadfe6501bafcf3fe23feb3ff45
11160ffed25eeea4c80d0365e8b3f428ff15f5c904b0f772e4bbf200e1d0f9a6f542e3bbdf77f3ec27dafbe8ee4ef1f90bdc
fea1f4eefd54ebc1144bf6b21239ffed045a106ef8aded8805fa033b06e811530e6f040902e1fda910b1ff0e04dc17340282
fcbafc68ffcffe63fb58fc63fa14fc8afc32fef7fc1aff08011bfc9ffec5fd17fca2fafffb72ff8efa74fda1fb91fa36fb4c
1ceffb3f0b6fed7dc9ec13d9f2e908f0ec6af7640248fa050a470f2efc6b145d015df74205c70ce11c49ec4e074001c407f5
053bf678f1ccf9102ba1feb6f0c4ffbd00400f89ffc907cb0183d98809caebe808c1fa86efb1f24bfed8e44ff446fc59fe8e
f7d0fdc2f5aefdb21ae5fc64116106a1f9d30b14f6fc0378f672f41fed4cfaad0131f81c0280fa29fec6f247013a13d0161e
ff7ffd5e004cfddf025bfbd5fd81014efff9fd2afdb6fe6701aa0065017dffa2fca701150079fd01fdfefeeffeb5fd3efd8e
17181b1414db07ab08b0fe5613b108ad0072f7e8ecc4e4d4002deff1f059078bfed702a8ff90f88b0e9b1082104e0a8eeeae
096606a1136e0edb140ff25006150eec008cf69500b9f9c1fb19f901fdb90f4cf67006b3fdd3173811ddfff0fcac0aac15fb
0d36eeb0dd8802c50d4c0a31fe03ff7e02a40100f8da04e30e32136b0936fe370c5effa3025307d0f1dfef4ceeac0dedfb63
fe0cfcec0183fc42fe97004efc3efe01ff5102a7007501d5ff7f0241fe4efc41003dff3efed7fcd6fce2ffd1fcb6ffccff5a
0866ff3f0ef90a38fa3f0176ff06fb15f7b3f9a00517045700f0079d07fbf64613a8fcc8f9c6f3acfe6a1359f759fddfef7b
01b7ff3b004afd90fafbffd4fe9efc3d0041fdda00cafc10faf4ff2afbe2fba4fdd1fe58007402c30058ff01fc5cfc580042
f30af4070421f64c0b17fcf50f2f0544f8e304e4ff120b8c11180e1106cdf7ccfd37fb2e01a913be06130b1302291625f86b
f1be0965f4170b22fac8ff27fee6034c08a415200215007d136f0b800a74ee11feeaf29d07fe00b5f44ffa5a01f6f9fef187
03af03f6e249ee06fed6f8120cc5efbdeb5f02cc097013cf0e64fdcdf81403770ee81286fcc0f743f61bf8dc08e90db6024e
14f926f60f18f414ef23ed9e068112b0fcbaf7b70a61114dff5af9b505140ebb072f0878ff31f78d03b9fad603730670f585
fcfa07220ba304ef12ddf4dc24230bd6fbf40510f434022107220207f50ffb34f2300a72f3a8ecfafafed85d0ec70ac0e6b1
0cfb15a41208218e1afced5110aa068c070aef3bfb5cf6c7fbddf94bfbd4f626fc10fe9402a005280c7bff51f222f04ce469
fd61fe8400f6fbd6017ffe93fc27fe4afeeefe960174fdca009c00adff6efe9e003cff1700a30184fbfafe96fe4d01fcfdbe
fe3c0076fd68ff81fff7fe34ff70fdb6007dfc410043fd7eff4bfca4ffc0fe9ffe5c00e00026fbd7fc5d002c0249ff9c0105
fc6cfe6dff36fd45faebfbcf01f9fd1ffa93fef7fd93ff7cfd3ffd7501c3fedcffabfc3d0007fd1dfd58fc6cfc7c001dff02
096a03d1f9e208c108b6048efed1fb7bfb18ff9af76afe82f5f1ff1ff051ea94edee025507eafb74f38a133d0d730f5d1132
fd1efd8f0028fd94fd53fa94fe93faf600e9fd57f9fbfe0efc6bfde6fa99ff53fe44fcc50075ffd4fa40fec3fb32fea801bf
1f4dfe4efbd2ebdffb58eedbf3c8ed2cf79b05be0bf7027422e30f1409e4084907160fe2f08a0c1ff06b02eafd01078c061b
07651671fe30f45fec7411d80b4dfa8b033d0659fff60f3eeb04046209b5045b00560a6bfe0e02210d7b05120627fd6c0679
fa820c9616fef976fb70f8c3fd1c0a25f9f3141407951333055e0008fcc70302fbd405a5eee3e91aec60e8f6e375f3a9e842
ead40101fc0f0249cfc90684134d07b0ff31fa4d0459e33c0a4ffb3303b001f503b003e50cebfb1101daf43aef2f01faf7bd
139312c910da02c8f475078c047200e7fd85f903f7d3f6fef98f00e4132df21b00a9fb5f030f0601f9df114ff07a13e7fb08
ff94025dfce8ff02fd0c027e02ba005ffe6d017501c6027efe97fcf0003202a90065009a02bb01d201befe80022fff7efd7c
f9eefa4604e6fb6afc2efefc0154ffbb016bfccbfb5efbf50121fb98fd48fd42faaafb8dfb02feaeffb1ff6200d8fc76fdf2
fe0efca3fb2f0085fcc3fbd8fdd2fb0ffe2afa830028fb49fe9dfadffd290095ffbafd0ffbf9002b00a1013afbd9fbdef9ed
fdf7ff76f78efdaffc15fbadfd7cfbf8fbb2ff2c00c9fce5f9ff01d2fc2dfd90f9cffad0f93ffbbcfc88fdeaf9a5fa81fdc2
0071fb9f001200c9020200e1005afed2ff640008ffc30148fb5cfd7e01eefe800009fcc00161fd3efaa5fdcefffefbfcff48
fdb0028002c7008501affd6afea5fc45fd42fcb0fe5b027efd9f01af01eaffb2002ffea200fe018cffbb008e0228fef1fc8b
fca0205b182d0abd0d6dea27f05af337f4d7043304a1e62af2c0f64605f1fb50e3fcf63efe94efb9f16c19f3f3bbe5bd1112
fd76f550f4b1f75d0a7ffe4df3e9ff1f03cd0c651a12036ae2cefeedffb2048b18d9edebe917fb8af3ebeb5cfc34fec4191e
048e0999fc26e6d0ebc402faf433f117e728f01812640b9dfe97f586e20f1ebffd74ff82fb44e774058106f0fdfa19801ad2
1ab2251610daec8eef260d6514420a3df02ff73c029e0c12f96ef51107b5e919068a080000f809edfc63fd8008bf077516df
fe76ff4bff59fb5efcb1fe3efe72fba9fcf900c600b9fdeefb7afc7d0080fb48fb630029fb78029dfcfeff91fcc4ff79ff04
ff94f39e008409670b60091ffa6711150857fd2c0167092cfef0feef05d7fe28025eefc7f513fe19f95af31c0aaa093f0b89
fd99fb88fb4a015b0216fdb4fed3fbfa011efd9dfb5dfddbfef7fca400c0ff48fda1008d01b4fc79fe5aff74feb901c8fec8
04bf0226146305f3ece413f5fd640a7dfdc8fa4ff3a7f93710260de603180411fd19f464015c153b0b660134eb9c01ddf293
efe803222457f9de0399efe3ddeaf13ff3db12f2ff39e683028ceb7f0ec203a4fcf2e96dfd190ce4fbd8fe7d02dcfb4df5af
ff680125fe50fff20033fc46009effb6fb06fe82fbebfba80104fd56fcd8fb97fffbfbbafdf3013e0117fe78fcd8fd41fc12
09a110df06c604591f73f5a8e865f5ed08781aad0c7601411b090d6bfd1c13a0f11e1565ff46f493f346f72003e50ff0f9ed
01cdfd820004005001bbff2bfb1afd680028012afbcbfb81ff61fdf8020bfe7cfb57fb310086fee6ff44ff7fff2bfca7fff3
fcbafc91ffbfffc2ff10fec4fe30fc9601fcfe3f024ffe2c004eff30ffaafccefcf60125fdd8fc75fd21fc72ffa8fcc6fe83
007cfee2fbbffc05fd64fcaffcbbfbdffaf7fc84fe86fe85fd41fbfc016afb15fcdb00b7028afc59fab3010ffcccff12005e
0007010bfd26fc98025e016c01fbfc3900850209fcd1fe5b000100cffd8fff5c00ef0179017c0174ff3a00030060fd79fc87
fd58fb85fa44fdc3fe97ffc3fcd1fadafbc6ff20fb11f99bfddcfae2fe01fb82fc1efd7afee7fb0fff4900acfe17fae8fa93
e5dd01d91264113bfb82ff36faa70b7101610922f636f035064f078a0e6bf82603eaf8b5ee72053a0edafcd3ea01ee8b06d3
02a6fdb8fd16fc78fcc1fbd8fe9dfcd5ffb9fc7bfd4b00f4fd40fc6dfe67fe4900360084fd9c0029fc1c00e1fcdefe17fc93
ff400f02ff2ef3acf3b301c90bd80927f800facc0a8a040a099b0427f3250ba8fddff8360b4409a80386ffd2f2d60c290101
fc37fe8e002d016bfedffe1c0270fe2ffe880115fe65fea9fe68fc8ffc38fdac0290017afdcffd3afdaffdfb025ffe57014e
fe28fc9ffccb010efeaffbabfbabfe9efcf2fe07fc41019b0006fd4dfac5ff39fe3001d1002bffa9ffa3fe91fdc8fca4fa62
0a3bfe621b5105bc03e2fc5c016d0d93fdfa08f0043ef9e0005b0425f86bfc191314e8f6f3640a83165ff225ead7fa65f618
01f5009bfc9efe25fd4401feffc2fdef023b010a024ffc91fce9fddafc7e0004001a00580249ffbe00e7fee9013f02080049
fd8c0055fffbfeb50220ffc401a7fd64023afc99ff76ff34ffe2fdf8fda6029afe4f0135fd21fe38fe2afe030261ff410082
f541f51a07bd15e2ff431a72fa2bfc70071b05b504e20a6cf155f8aa0c11ed351340f112f47b0a78f85e0a77f65b017ef3b4
fb0dfdf3ff67fcbfff6efd91fe2efc09ff230108fea4fec8feb2fffdff0502e2fb17fd96fca4fe5ffebffc9dfddbfe13fddc
ff7f02b60a21ff9c0a33f5b40b19fd7501120ade0dcb0e0eeddef92e08830b490fd603800d360d8704a41298ff790f0700c8
ffd80084ff6cfcb4028dfed0ffcb0256fd0cfd080080fb0e021bfe88fd1efc2c006b00f4ffaafd5b000efe63003c0295fd3e
e7330cddee93f9380c49ff180089fcae0378118f004d0440fb0df83707e115ed0873efbbf6c3f4eef99afbfffd07fbedf527
de401b7e21b1fc2ef17c0d3ef6410ab1e1abf065f1e40b77121def2fede622641be90569ef0fe72916d7075dfc56f5640613
fcda02dc016eff5bfeb7fba100f0fe59ff9fff7dfcb1ffb0fd58002dfbb9fc01ffb601c3fcc1fde2fe8afd3efde400affb1a
104e01e4f122088df4c7f9a20509f217fc660c5400ccf9250022fb8e199706f90618f84f0317fd6ff048050afdcb0231f54a
f7e8f76705acea300a990cdd179d113f0cd60b7cd23d22260e11041011ce15950c88103104df056cf15f0404068801bbf671
fb8fff70fe99fda3fdaefe59fdcdff07ff23fba1fde9fc710151fb0efdf3fd6dfbb0fc1dfe72ff4ffdaefd28018400a9ff63
f3b5f7c9028cf40e0a6f087d132c021301f5218af494f59eed81f373ff9c0be2f95ff908d6df0f82f9c80128ea63e1a701a5
0a94f6fcf56df90cfab01985efbb0b55f77dfdfcff6ef717fd81f16bf21cf496f57908a90556fc29eaedf38df1aff8c30602
fbf9ff09faedfce6fe28fe19fd6d0118fe58fd47fe35fe1bff350089fd08008efdecfdbdfca8fda4013cfdd2021301a30056
22c0f4ed16a4f9c9fbe9060407040341014ef8e300320799fa76f97013b11068177afb7b03edfe2307a2fc23f455f377f185
f640037d0223f7cdf6f30eca00baf57be156ff9afc25f8ce096b0017f5f4f3e5149bf41bf4b8f688145400d1145efd56e5cf
1004eb9d110d20001747ef83f5922537122900c5e0c4f7770ae301def81c071910f9067206a109e1fc990d660617067b11b2
1325ff26095c08d1121503e4fd03f69d0a660f91ff8cff7e09b6060d0de20e170a2704dff668fe31fdccfb90f73bf804f4d5
0131fcd1fc37fe880285fda101ed0017fddafcf4fdc20230004afc5efd30febdfc84fd92fe6b0030fe15ffc1ff760120ffbd
e670eb50f3b6ef6703a01038e2e300ecfafc04fbf9ddeeae068606da02cd04b90b130742f86c04eeff250ba600a60471fc5c
ffbc00e40059ff78024dfffbfeb50140fea3018fff4dfc94fdbaff160006fd17fcb1fdbcfc44fc7afe8c014601af00b100de
fedcfcb3f1bdedfefe26fef0ff72e4cfe4e9f8b109eb003ec6460c350d11f5b3de82fc5d135309e0ef36f51efb28187a0e46
ff4effdeffde0190fcbafd27fd76ff06fff80062029bfc21fd49027800acfe19fdccffab00f601bdfdc5021a011ffdacfe5a
f24effa8f5ac119f0366fba71007f77703480ef8fabd0b3bf81c13a6fdd10f4eef8b09ae0489f7aeff89f214fcbb022b108e
d8ecfb09ebe1f5c4f71604c3ff78f447fcbc00c1f0d70373fc2f0cac0532fe4eef7e10cc0d8bf4d503e619140cd8fedeeae5
fdf8ffdd0011fed8fd06fd4001c0fdfb00770261fd450060006afd1dfc5cfeccfc7b0251fe28feb9fc9b026cfcf7fedbfdda
34eff8fe0945f23906e9164a0da7013ef800fbe9e39a052a03ebfc43fe8be2c5fe7a03d70d39ff8102950056fb3206c5093c
ffa9ffaaffa4ffc0ffb5fd8a00dcfe12019800e3fe37fd3ffe0701ab00fffd53010d007f018ffcfd01a6fdcaff9bfcaf0143
d704fdb1f4bdebda07e5ff6f0235182407aeff6f1752fee1ffe00863093e129df897f89200b5049a089fff48f9b0f67701fe
e835007fee41f4b202f9f6d1fe780cffff19f7ffffd0faf0fa99065f041cbc79d5d911a21a1f0946d69209e6174e01670a8c
2e4016e21e8b186019f6f037f65ce490e63900260034f74fe739f870f9a102a8f777eeb40af40c0df67ff29501c3fd7e022d
fdfe00e3fd58fc86026bfec4fcffff9a0218feddfec5fe6e0217ff0a00af024bfd4cffd70073fc7f0052ff84ffd1007e0083
f431f073fda30b8fe435085000e7f4030065f835fb73f825dbc9fd24f31108dffd40fc3e0bc2f122d353de9dfd1ef134e25c
105e051bf6ba001cfd361b60f658013f0412040af46904b5177503cb06e60cf91ed912e2ffefeb8121a3276df27ce26bf7cd
038be6d5fb21eea9fea1fd6ef365e419f6fefe37ee860852f2fdf4fae59bea9bf9d9fe19fd7ef757f7ebfdc0041803e405c9
e924ea86f5cae816e414f777fc420299f9b3f41400e2fc41f8d6f5c70488026dddbb0780fc11ff790f971ae90f6c14c9ff7b
f547f3d40250f8f3ec02fca0ff290a54e603f2e4f74f0760efa1eee4e609060702900b12f8a2fcec112904edfdb7ee3efdf8
0512fb98fdf0fdcdfc0dfee8fae1fefcff7cfb4dfc14f9670056f9f7ffd6fe02007bfeeafc58fed3fb72f9b1fa0afd79fe8c
fb6afbca00affeaffdcdfb8efe71fc9cfcb2fddc00a9fdcf0161021efcaafcc6023efeddfc7efd64ff94fd9cffc9fe5101ad
00e1fd610247028702d3ffa0fd5400d1fecd017e0059023f02b4fe9efe52007c0154fdc2fcb6fe80fcc00268018bfecefd57
d026f4eff57befcbf0c8fba80c7314f4fe04fa200c59ffebff0705d90188194b049e0548f21408aafa05f56af0fb0cd00fde
1b66f5fe03b90823f23804b0f52c0afc01a1fb94f65ee41c0962fd9df3d7fd9c0a35fbbd04970507f87506cff8eef361f7a3
f940f27002c1123211eb0ac60976f926fb37f7d7f33bfb11f29101e601c9ee3aef8bfb8d07050280ef0401ee02f0087a00b1
ff3cfc620087fdedff9f0120013a0043fceefe9efd30ff7000c5005bfce0ffe101c6fd55011afe8e019efe4affa7fef8015d
36b418cd0b010e3efecbfb35141d0543055f079503fb0d5d205c140d01cffd1d144b0d0603baf65307df037604ee0b3ff0a8
b8f50794e5c8f67cefdff0ef0586df8cf8fdf9ae1cf71645fe3be7d5e68006c9f1c2f5e4006dfb300c6e02af06c3fe600bbb
ef101d6800b60d68061c1437013eeedcff3dfe54ffd805be078602b2f78ff448041c0aff0d1d0bc5169f14ca0874085c0db4
f1160169f916e7f0f2d20467fc70037ef06001f31642fce5ec00ffec0f79f128e915e4c8ff3a1269f3f907560002072df5d7
02defb300ad6049a0d580617f13bfe650aa8ff601261e81f0593027a010900df0a2e16e0fed9008c1702fad903cdf946f426
ebd4ea53e036f9500ecdf9ec048bf676f93d0920ec1df6270437007910b9134605aefeb705c30b2904ae0095004efde5fc98
0086febeff09fe26fb71ffcbffa7fbf1fe92ffb201df0198fda4fdfdffdc0206ff38fc55fdddff02fbc9fcebffbafef6ff9f
f8a914b0f9be0c63f9800ece18e31162127e08bf02380919084814ebfeb3f954edce01af00f4e67ff78df8ba033001ebff9c
e256f059f198fa96fce5dd0af7760e2b0474fda0fdb30b38f8c3f3e7f05fecaeead6fa2404b4f89ef672024e08ae00a50724
0029016c00fdfe02fbe502af001cfed7fda0fd71ffc1fd4efeb2fd8efc0bffc8009cfe0dfdd8fd56003c0088fb800052ff78
fa3703000fe60b1fffbe0278fdf0fca6ef9cf496f151e34ee87f0528039a05cffc90064b0ad9fdf119d819f715ad1187fb2e
076200b119df086a0342062315f412060d710579ee310b1c0f4a0102ff3f081a05b1fbd8f08eee3dfad0fbe90c620022064b
ed29f27901660f6defdb136a0370fc04efdffc8a103215aa0546027d006902490fc90936f744f9ad05d80d84fa4ef590ff06
0078fcc800d2fdc20093fdc6fdf8fdcdff70ff250291fdaf009f026ffc74025dfdca0275fd9800c5012600e702a4021afdc5
feb603b2f56907edfa770d72131bff0b075d0bf40772049502800ccf04961099f39f0664f9cb08951323f60cf852114f1226
d07bf610f6c21882f2a2ecd0ef8e0c4d09eafd00ec2afda80929f6a7f94606b4fc96fe76023cf6b7f28ffa43ffc10046fc03
fbcc00e1fbbbff38fdeffaa9fd9200b80215ffacfcfffbb1fe5ffc41fa1dfc77fc4b01d8ff5bff870113fe0ffa25006afd9a
009100ffff7200f7fc9cfead01f3feebfe86fcb1fdcc0007fd38fe16fe64ff79fe45fe400021fc9f01b20168feb80182fedf
228519e00b2e00dbf86806f005a2e5a40798e93cf896f0e3edebff5a04fd0a07053f0714f0dbffc22011fb73f998ff58030a
29c506bf1e80f7540dd7f45ef69bedd9f7170e50e01feddbfd5c080e0939f232ee03fb5f06f8fe8912c20b9c0b8103450217
ffbefdaefb31fbe3fc97fa25ff82fc71fed9ff9f006100150278ff530110fdeffa7b01e601d1fda8fffbfbbefe34fd9eff8c
13111079f8b0f416f1c9081afdc1dc1cfb3df3840e85005ee080f363f7450c090342084b02d8075401c207d10eedfac90229
17b121aa0f131a761586199009d8fee219111530077dff4dfafb002c041e006df937d5f8e3baf0bffe2ef1b2f4c2053af594
d9a3db53fc1ee496f22e0bf40db009e902250b1af8230d28f46afc080b2aede7ff5cffa007b804930c4a07660b8f09430d00
fe36ff4afd940047fbd40244ffb5fea6fdd10071007cfe0efe9ffe25000dfe32ffd6fdee015eff2d0159fecd00b7fe820025
167c1b14017301310377fc08f52405defd900b22ebee00fa0296fbfdfbf3f124f951f084fd42f9cb01b8ff10057b06100895
cc45e6421bdc0989f442f85df763fe3efdd6f807d0a5f89401de00bbf053037af58af19afaa5f7f01d05038ff8deef91fc55
01f9f556f94feaf214190ebe0691070e029600870588043503aafe5a06cc0b590bf308e4fc5f0a2404c008adeaa9029bf40e
fdfffbe9016601bb01b900aeff120189ffe4fc99fe0d0206fd44017dfec6fc9d01a6fd7bfc4efe56fc28fc91fd3c012601f8
fd43156c0880faf7fe520726ffc2108a07550428011106a7076f0f91fdcdfc8d0807fcd2f391fcc4f130f8a5f465f505f0bf
fd4effd6fdbcfed1fc6201d6ff10fbe7fe0afd730038ffafff32fff5ff8dfb3bfb3b00c60218fe97ffe3024bfe73fe7bfe2b
e634ded2f963010c09dbfffaea2af5f809e9022b027ef9ec0db102b7fdd70023e70c04c4ff000bf3fac8f6f906a00e0c021a
17af0d84ffa61c8b2ddc0be3fe4ffcc7150c110306a302f102c10fd50676ecfcf6ceefb8f8510832f3cef7b1fa6e030e15bd
d4f9ebcefef7f70fedccfec30646f8f4f176fde3f760010b1345035d025406d1f1580d7b049ceb7b0a4d169f07680d14f49d
fb5c0960ef5c07cf020eef49f76de643ffdbff2df74affb1fdc108170c1c0d72163506abf709f9390322fa6af29301910938
11d400ad03b9030b0206ff10f5cf00e5fdfd047ef593faad09300109f4f7f3a4fabbf5e70850f1b0f23bec28f81c07beffa1
fb06089000bf1c6a04f4f109f231e6500ddf025dfcd80414f463ebdd06b3033d0cc8e3eef1b60b0d024ff461eb73f8adf1ce
fcdefef10142fc94ff5afef70182ffad00f3fca9fee7fc26ff8dfcccfcdbfe0400c5fdc8fc48fc5afc9c00bcfc400114fcba
0135029bff10fbac00f2032eff5efe86ffbbfbf4fd8dfcbafbdafdc9fcdcfe35fd41fc9afbb6fb25ff4cfeadfeb6fbdfff3a
fde5fdc6fda0ff88faf2fc490053fed3fdbbfc64fce6ff0ffeaffbab0256023cfb32f985fc4b00c3ff9afb7efcaafbcafd3c
e8aa0624f8710e68f504ef7e010705f9f113fba6f4a00cc6fb28f7bbf2daeaa1e27d01ebfb55f8cdca000a9609000514026f
fcadfc47fcc7f9b0026efe82fd54fd17fd2fff76ffbdfdb301ae011cfe5c0359fd78fc92fb36fd0c01ac0070fdb1fdf00253
f8a6f4b3f876ecd0e6b0fb3be2fdd34af863fdbe08ae0abdfb08fb9b028bf48e071f0cd8f68af997eb4aeef7fa4bfda5fe5f
09f904f5e347fb8509760578f1e1fb5002b3015709a902d80a07062af82105eef4b207e3fd600358e56ff0e0fe3a02441010
1cf302c5e8a6ff11f9f801bbfbc10b35f32efff114dd074e00deff6b04a4f622ebdcfc1ef83ff52ff5aaf507ed55f7d1fc82
0a4418a3ffdcf5000278faafed65f10f00f2f1e40997f32d0ac4f97cf815ec0e0b0b11aaf57d0d0bf97106a7fee0ff13f979
0aa0fbf90617ebbbebc6fe8dfcd8e782ef72efea0195efc4e75903d103a20a30fb23f7300969049a081cff53f84f00d6fa98
fd02fe17fddefcedff61fe1affd1ffdbfd59fe670063fe9afc7bfd37fedcffc6fd51ff07fee6fd70fd62fd9fffe501c4fe42
fdf2fcd9ff5c01b3fbd0ff2dfb1a0092feea0068fd40fbcefc7bfc9f0035fc27ff02fe2bfe400062000c0110fc360001fe87
fef7022b015ffe65002a00dcfda7ff09fd93ff86fd47fba9fc00ffc6fecbfa1efcef00200035fa18fb2e009efe97003ffad0
fbe5fedafc69fc69fce0fba7f8ebfe6ef7c5fd310310f909fa1ef666ffcc03f2fd630223fea4fec4008cfe92fecefe5efde8
fe5afbe2fe83ffdbfe29017efdbe01e0ff2ffff0fe34fd0d004afe6401b30053fcf5fcaefb760049ffc1000bfc2dfc43ff1a
feef0179027f0138ff4afef8fd23fdf002320184fdddfed7fe8bfe30fdc2ff96ff11fcd701aaffacfe2f001a00a1016affad
101d049a0a98f08f0a01e7dd0c740f82f75a0c72f429fb13ee490dce1393f9e4f43104aa0571017914fcdb6d0008fbc202bc
ffd905dd0463eb14ebae0915f91ffbeefc02f9aeebccf703ef81e13afc21ea35000a0391e3180ca0fc0f06a8f476eead060f
0c39f201f71d0873f4e81cb10efff60e0b7c054038ef19abee9cffd4fcfb1ee30188f6990c66f76dff2bfd82f159ffdc08d2
007d060b1193f646f677ec36f8cb047af9cefd38da3cf1310370f809fe48f1590eea0c4c0019f527efc30ee211850acafb40
ff50ff0afcbf0199fbfb0197fd74fd1dfdb0fdb7ff31ff98fe27fbc50199ff97fe980103ff5b00bdfdab0111fe76fdd900e2
fec5f82bfa0c145d171e08ba008b0d2bff74014a1578f588fccd0135f753035ff617f7b6f8aa02a7f8a4edbaf936f74c04e6
ffb4ffd2feaf00dfffdcfce0fe78fe41fb0000f8ff16fdecff11fe1b01f8fd78fed100aaff110213fe7dff92fc4ffdb9012b
ee70f13eff83016c0b88f348f95d0939079cf98df7cefb98032efa6f0133128d06a7126b12cf031d0dac0c11fa98fbe1fb86
ecf4017af29f08a70274f3a7f5a00207feeb0915e65eed791b120f0414fd170b092003960655076d063b0130fbfff84b04fa
fde5ff6efc7afdf8009b0058fea3ff1cffb9fb9bfdd4fd77fb78fe60fe8efb08fe9efd4c0105ffe6fda30135fbccfeaafd5d
0032f157095ff6ed00a20309eb65fe4f030ffad30455eac0145c018cf298f0defa790adff8baf3d5fc67e109fad1ef6700f3
0033013afee3ff4cff30ff52fc89fe0cff5301e6fcf5fe73fd180130fe46ff45fca6fcfafe8c00c401fefcb9fb4c013c0095
fe49023efdacffbffe70000100c7fea8fd33ff7ffe73fd8f00f6fd1500e301ad011e000bfecefeb6fdd50139ffa700d7fd5b
0190016ffeb7fbaeff9bff24fc72fff5fc19fd88ff91021c002aff70010cfea6fbb5fac302b3fefd00a0fcbffd9c01aa024d
01ccfc7e0297001efe7a01cc025bff6101fb00a1fcbafe910222fd71fefd01ddfc80fc5ffe3a017bfe2dfdbb0122fc6afde3
fdbaffacf97eff85fa94ffbefab9fd66fdf8facdfceafe73ff340065ff1cfc13fa64fa00fbae003ffdfcfecf006bfaf7005b
9c2510970ed2fec200beedcefaa604080456fc47f39a0689f9b5f40af50b07490ab1fe97f06a0acafdae0866fea1f0e00c68
ffb70289ffeffc1bfdb100da025bfe9efeb0fbb301ba0202fc72fc93ff0bfd8afcf1fc6bfd6ffdf1fdd8fdc0fcb601bcfc6c
073407bcfb36f172f524fb1705e6035ffc54f2830255fede0bd7f8d5f71b05c203f204c3ff58ff71046bfd9a08de0ba605f3
fd76fd360184022bfe9cfbeefd2dfdb0fc81ff8afe85fd14fd6401d6fccbfe0a00d00063fc2100a901f8fc2300acffdefde6
012d01b2fb69fcecfbaa00fbfe9dfe3dfefdfbbe0133ffc6027ffed5fd03fb81ffa2fe0afc81003cffce00b5fb2c00a5fd87
1fa90cb709840a570f4a022efb2f0a1013310a84f4aaed49098611b00bda0353fd2d0f2e0e11f6f1f593f666015601dafa0f
005efd07ffa30282fe0001710083fdcbfda100170164ffcc01ae022cffa0021c01d8fd31fdf6fead00cafc48fd9dffa4ff0a
fd79fda0fff8ff72fd48feea018efe0ffd300010fcbb0024fca5fc55ff40fe7bfc68002cfdda002e02660024ffa5fe76fe6f
f223f42306c108480a34fd83fe150c27edc3fa76158a0bbc0448ffa4f982108d029b020ffcd71a0c0dcb04ccf72610d9faaa
0163fe420195fb94fd4bfb8603b7fd94fec7002c00f2fd38007dfe3fff10fbbbffcb0048fe7a001ffd10fd9afc14ffc8fed1
ff3a0373fae20aa9fe16047005f3f5b604060b39006cf23202140fc205b1ffd0febafeee04a5080b00240091ff9cfd60067c
fb66ff6dfd5aff7afd3e016b00f800dd0170ffc5fe930186fc10fd23ffdefe92018aff2f0041ff02007fff330027016501ad
f0b2081f043602480eee08f2fb16fdcefc471760f284067907f7f142f91602dff6d7f31ff0bce7a215bdfa84128501fa090d
0bb5045ffedafc1a07080f8b0d25f208fd01ec0b11eb0406eb5afe99df6b18b1110c09e9fc83e887079e12eafbe3fafce36c
fe2ffd6bff57ffe6fb02ffab00a9fcf8fe6b00dafd0cfedefed7fee6fd4ffe78fd94fbc4fcb7fc6300d5feca003aff75fe67
095e06050b6ffbd7136ff5390966013cfc290bf51579099c044507aa0b61fff60655034010ae0ca9070b03d9f4e9f51e0c4c
fbe3fcf5fb8505590e3f09befbe9fe6afef2ee39fcb50a7b00c2096ff78cf2bbf66cfe3b096ef7ebfb4101da027bebb00153
00f8fcfcffc5ffa8fbb5fe40ff8efeac01e8fe8efe7e02340160fdcc000f0171ffccfe27ff59fc71fef4fff90287fe3dff8b
00e9fc99fc2ffee004de111a0271e0d0f78809290daefc7b018affaefbf3e331fc8510a40ff8e9b8086af41fed900174f6a2
0d7cf37ff618fe76f43e099208260a5707bdf8e913280a9cfaf8fc44f8031595fec6ea04f0b9f51cfd2bfdf007a4fa7efc7b
00ccfb5efb85fef4fb59fab8fb1601c7fedf01be00830032fdf3fb6afcd4fd82fd5bff85011e028bfe1cfe750003fae900b2
fe971605123c0f160dc404520039fc7105c8eb970052fdfcfcf600d5fa4005fcefa7f196fdc9fa49031104edf9cbf9e2f6f0
0a832113fc2afe900d5312e71208f44cf8c5f41a0c4c0800f442f60adaff052af843ece2ef0202c2f4d107b9fadbef4bd641
f85301d8128a0b75001a0c0ff76bf2a3f2e1e1d4e006fffcfd130073e5a40b16fbbefb4df647edb3fd9401c7ff0f1924fc68
f06af4faf1bd09cd2a4dd0b502d5efc7f53e07c5fb8517aafd4312160772fdb0fde304cbf7b0fc4007a1078bfc9eeea1143a
0290fc6901fd0158ff63fe7bfc9cfef3fcedfcd7feb6fce5fdb6fdb100f6fe8d00540220fc300018feabfed4ffa0ff12fec1
fb19ddffcf63e61f09f8f2e0f192f9bcfb4d143506f010c108def8befb760d7503e3024ffc10f9330e63fd85046a20be1429
00bcff7cff130101fc70008a01d301b900e0002efe09fdeefdbdfc7d0154ff84fe5e00edfc46fe59fc02fbdaff60ff620197
fa2cfb5b02e2fedc056ff530f858fcb507c915a6fba2f81605e109801548e9480e330fc6fa7df5b607e913c31c0c16640f03
000dfca6fec8fd6fff02fc9cfeddfd3ffb3e022ffd98fea7fe6bfe08ff31ff25fe74fcf8fb50fde0fcd0fee5ff750106fc39
0d8b0310f3030412fad21026f385fc170742ff4fffc1048203ae00ee00b6002cfa3dea570ed50b9ffa3bf8acf8da07b81962
162cf801ff110771d11116e9045f098b0f640bd60d100c2d0a9e100af43ce9dc0ad6062afacde509fa410afffac0ea10d73c
ff47fbeafeddfc3400c100a80113fd81fe41fc5bfc8ffbff0110fc26fe4102260117febdfd5ffe5d00ba018bfc62fd40ffdf
e930fc8df5d8ff99e5bd0b5bf37ef2f709adfe260f1311a8f87a0424ed4b014f06f6f98cfe59fb5bf5f5fefafc86f975234d
ff8e026cfd30fe1102130250ff1bfea101750112009c008f00c800a4fe6efd42fe39fd3ffe73ff2efef2fe2c0203023bff43
eff6e4f9f32fef21fd31fec8f7760464003811edf48af47a1d21066b2403fe49fd2308751227135cf64eef05f8d6ea3a064e
f3a71475061bfc60f294f6c105b4095af8cc0d2606d801350e93006e0946f7920cb6023bf201ee58014d26790d9d0552f814
0d902a461a6d0b2ff7ab23cfeec8febffb2ff3ebf83fed540b9d068cff52009f098f0d77ffef0680fc3405f0053ff143f451
fc6200effe3c0052fddbfd92fe1bfc82fdfafd3e00eafef701bffe22fdfefd1d00f70047006dfea4fc0cfd39fc21fd4aff3b
f242e860f8f500d70125f3680ae0011800620c35f8fb07b5f9850d9701fdfab6e2a6f70bf93a0076032afccbf451ce94de80
25d5f77e120e1bb9d539077b092aff4becc8ecb805e2ff8eed58f0c3e12f0b8e0013e772fc9ccae6033aefd8ec01c412c360
fede1155113c0dc10ba0f8bcfdbf06a3f8eafa4afb920148fad6f4b5f4effeea02cf0788005f00ab08f80a0e0f4dfb3402cf
f846f9baf92cf211fa52f1a107cbf2acf662fa21f059fb8bfd5bfa3ffb0d0a8afd80fc57eabee05d0c140b8e0f240ee9e217
e2aa0a3015ed08660fd30290057a126303c30cfe052a0daa03910e1ffb9e01e7fe6bf020e42f0090f41f041d03e60118dcf5
00d40019fce0fdb2fd300157fb35ffd9fec1fe43fff60036faa0fb7401cbfe5cfaa90167fc6dfddf0002fd0ffb7cfb9efd78
fcb0fed4fea1fe06fae7fbe7fd6dff1500a5ff47ffd7fc08ff99011cfc95fcf4fc7cfdd8fc6800defb18fd97007cfe93fd3c
fbfffd1c014cfdb3fdf700c6006100f2fe80006eff2ffce1fedafef601c3fe4a023000120256fef0fe30fd4cfe930004fc6c
0884e93cec16ed9bdd10f4aefe28ff81ff29fd4a0133fee8056afef524ddeeabfaad02d7ff142319ec40f05b022a0c350f8b
0148f3c016b7f926f25ffbf2f6380be0023d05f2f7d902c8118314e1184d08d90476fc8ef249f8f300c9fd7cf6a7e4f70b63
fb2e199d11d60731ebf8fa6b0e52fa6ae71efc0bfe6306bb00a8fd27fecbfb0efafffe8f14b1060d0846fa0d0e7b0227f774
ff7c01c3fc19ff1501eafe6e0203fdebffcdff7ffd7b003effaa00edfe290137fd3601a4fca7fc22fc81fe90fbbe0156fc54
ecfdf2b003c30151d54cf615045210b3f732d2130a5800690b09f8a6b51e007afd37065eeee8d605fbf2fac32437fd1db7ce
d4eef5fdf52a11a7ea15e2280035f5b905b6faae0b63099d084ceccde882f53c1211078b07fefb7310ea125509a5fabefa07
dfcf0dda06bf01f4f082001c0a740bf705c60300fc4906d8fa40fc870e5afe35008000a10528fedbf7d40fdffea0f429d8f9
0efdef66e594f8e50cfefa83f078f9faf48c2237f5eaf42e015700c4145aed31fff50e6014180299031cfc42fcb5ef99e32a
0535f389fd7dfba5f73af63b08f60b8b06740138f317f888f1afef3af9fcebedff9310c111a20670c27d02c90e0b08dd1b98
f777f750ed5c04ebfd2806e9fce3034a044b10bb064400df05ba15431726001dfa63118e0d6e02130d29006909830f3e117d
fe6400eefb84fee2ffc6ff72fda7fc6a0084ff9b006b0156fb80ffa0fdb301100015feb0fe650179fd54fd85000afcf200f7
053b03d3ffe5ea1ed2e407270ab00397fc58afa1f00cfe7b0c98ea19c2ff0ad6ff74fcf0fc4de5e90565f70f07b4f135ebf7
fe77131f0e63f00203b511af0ff5099f0211ffbd02330f400cbc0309f9150bff0f81ff700a4aed240fb303d5f9200d26f977
ffdcfe6ffd28fd5dfba8012502e80148ff8c01a1036500c4fd3a0143fe2c0109fcc6fe2efc5c00a90133ff67fc81fcc7fecf
e891004a0d6bec1fff01f125f8c5070ff57202ac01d8fab20e6ff9ed0178065204b3fadaf334ec0df5d1f27ef12e08a40167
12fd0895fd3b0bfe0848ef93f1bbf57ff411f51700e205b8fb7d05c40bc507be060e013d016ee080fbd6ff66f90e05bbfe41
ef1a185cf371fe17f08bfed3010f0343fdabe64afce6e86afd5500e2e9dc032ff2f1029e095dea2cfff3ee3b097a0670e9ee
01d80108025afcd8ff75029dff5602b00183fc700235fcba00e2fcfefe6800a3fd2dfff2004502f4fcc30195ffa3fcfd01b7
fb7ff142e7db01450b6ee8bef4b5098a018cf89f0d2702cd0a330f1600e2fa4aed7d026d050b0a560699fa5b02e306b0f584
fd94018512cafe89edf9f81902bb0889f0630537019408e1104b0941138401f50aa8087dfe740ad3f6a1069e0101fdaff17e
00c0fde8fe1cfd98ffa3001b009efcb4008afb86004dfe31fb0a004500dcfea3ff920174ff1cfa54fe1cfbacfe7afe01fdf6
0228fdcafcadfec1ffae01affe72008cfd3202c1006dfeb3ff46fd49fde6fde4ffcdfc27ffbcfccdfdfdfcdc007ffcdd020a
1c54f7a5f43f0443f63e17beed40ed94fbb0f5af06460d79fc39f824db5cf290eba90b5d060affe3f583e8c7ff051589fde7
f2261054f063052cf65206f6f7ebf2f9fc7416bf07970345083501a804560b58035a220818f4ff93f493ef72fc5609630791
fb83fa35015efb3ffab1fed5fa9efcfefcfd002efbcdfdeb008401a2fe38fca4fde4fd3500930104f973fc03fbabfd54fb08
12030ddd0432f901cd530d7305d6fe0a006fd251fbe103651331f682f52105380954f690ef6d0f94f48e0631f22e09deea6d
0066f3ae064804caf1a0099eead2ea7f080b00a8f92e05c4e105fcf1ecc4fdc80246edd5fde0e00c07f8fe39d91ae062fe80
0405fb09f52dfde6fe11f9dd016ef3d10263fa50fc891502ff8bfd3e01f606721093f6090d2ef8ebf9e5fd3409b5f421f1ee
00c4fedd01550179ff8affb5fdb700520237fded00ceffc60022fd8a029500defd85fd48fd81fdfb00f5fe1a01e1019afd6b
0a8910ee0a18097b0ed415ccfef4e83bfb1f06faebc7ead1e647fe8e0d96f82203dff15a04021ca4fd77fcbc05650a841cc2
f8460690103f0b78ed6b0933fe9a167e0f6cf41401f7f7c8fdcbf36cf6b60140fb89f8d608b40e3a0748033ef5790d1f17c0
f423ff09086d0b67fd82fe46f9c5fda10c1820fe02470774f82e03d2fed7098504b4f5fded83ee44029aff01ed4beeb4e61b
fd90fd5afdcbff45fdb4ff4b00fcff5efed1ff22fc2ffcb100fc0101fed2fcc702250222fc52018a0154015dff97fd67ffa7
ee1bfb47f641fbe115a4eca902e504cf0becf90ffa2004d90798045a03aafd0d0d330a0cf0880fa0f782067c035c15f9ecaa
03afff56fe9f00cffe4400a6ff06ff7f0084fd95fc2afc33fb32ffbbfd68fab2fb80fd37012f0102015500e0fe31fef1017a
04e30175018a04fbf558e48cf943fe2cfe3ef409f60916e10e32fd3c01affedbf94b105b0780f8e80d9ff4f9f600062cf076
0122eeb0f22df62809beef3df2e5f95208ef0be8ffc9f7f6086605211702df7ee64705cb052e147dcb0e0fce0d46031b1c8a
0d0cef8cf150f639f8f10f70f6c8f005046c111702e9111c0142f0dc088b085aff81fd76fe1ff99b108e10c000fafc4dff17
fa8503cd020526a31d411099f938eed1ffdbed04f2e805a2f17602daeab10bcd108ff24b00cee37ef0b0f979fd46f64bf80f
0bd31011051507a304bd06b915600e2afeb0ff6205d5008003dbf6900f750345f766023505a007eef730fca904bcf8dffa26
01c51ea00da30757088211cc010603faeb6305fa0618f57400890479fbb30522fdb70ef3fef3f3ea0653fa7df9c6fa5ae41d
fdec009601cafcb401c30071fcc4fd750141fddefe0afd7c010cfe5bff0c018cffb90119ff8e00b5000800f4fccaff3ffbd0
fc6c0024fdc1fe2ffd20fdd3fdea01070154fc1bffaffdb8017bfe40fc1efe2c01b7fe55fe89ff1ffe93feaffe71fbfffdad
fd6cfe3affb4fadefc9b0006fe0a02dafbe2fff501a8ff05ffb4fd03fcfffeeffca5fdce00e500afff74fe94ffefff420228
f8f1fc4afb81f953e8b0f0890369143d0b8cff07fcf7fbd109e902a20988074c081dfb1a0712f6971455ff2cfe9a0068eded
fe11ff1efa1efdf7fd4d00cf0319fdd4fdcef9d4fbc00176ff12fd30fbb3fa82fbaefed3ffd3fb51f94efc1bfca0fcc4fc3d
f0a8090b0e070895068a0ce10e61f849f03d142bf8bef709092a058315c306a914a80e9a1142101d001505e4fd27033511b2
007dfc8afc03042e0038f76205c50779fcd109a6fe8d00b60a330ec509a3fe610c960428fa7000f1f23a07b1fb6e01ff1a1e
04c6047c0b6308ae0958fd860a47f89cf881049a0b9105a718210d8a0eab03770b320ae8026007c7ea6ef996054cf1de0d86
fd7cfe77f50a0ce7f383ff8d0afe04830b98efd7f107ff9dfe2f0561e3c709dafa19f487fe48ff3911bc0090f8a00770fc0c
fbae0c9403a6f6ecf9e1049a05a5103a0163059fff9dfed80368ebfa0543ffb5fe3e0439eff1f973038e08daf0f719f2fdb3
ff72fcc6fdc1fc7a026403220120fe620299fdb5fd7cfe9dff5c02adfe3dfd37febffcd90047026a02b80080feb3fd72fd32
fd13fcedfb17fadf026bfc26034dfd460012fb19fe9dfd52fc3bff23faddfdc5fd3cfa72fcecfa9bfc1cfcdcfb0b00d5fb1e
00ae005600f1ff1700afff89fc70fb1efb1cfe38fd5901bcfed8fd33fe63ff45fc39fc65fbe40018027afd4501f3fd37fca7
fab5fce9fc48fc60fa72fc3ffbab00daf940fd99fb39fca1ffeafc28fe4ffa27fe75010dfcef03cafceafd99fb37fbfbfd74
fd4efebf0109ff6401ebfd1501cbfd50fe12ffd9ff130274fc7301a802c5fe810025005d01c502b5ff76fee2fefdfd17fd64
01160152fea7006500e6fe920002ff10fcf6007eff720112ff6aff18fd87ffa000a700c2005cff46fe070158fc9600d7007a
0cb6e19d08920c2d0c8a0f40d4d3f61706b31522dd55e6a4ecf90fef020ef397074ef33d01740cccea880513f9e715432813
0e85faf5ee0810c4fcdfe56201e3ed4108c116fcfc3e1cf1d9170a8e0d700e21f41ced8b0f3011a205db00c9cf93ec780c99
019c0748d9c903ce047cf421e308f9f109eefb850800f48df81d0861f0aa137ffb9cfcb7fef1f8140a4b00c518062305f518
0ff123ba030d0d8c08ba10eefcb7ef33f08506bef01a060af4b1f23de273e31cf8e5027ef4d8dabdfdbb00e7fc13f76708ad
0046fe48002afefdffc6ffa2ff79017bfcb500b3fc8efde9fc5801a00026fdf7ff4c00fc006c0294fc14fe6300c30109fda8
fe68f4a5fc010787ed4efeadfa3007f80aad0cd8066a1009f68910b60e86f1a5ea36e50500a201720048ff0ae768f664fd8d
fd12fb38feccfd0400e200befe0400defef50270fdeffccffea2024400e9fe55001501cf015afddefcba01b7ffc9004affd4
f58b0d39167fe4760cb20252f7060110fc29f96bf991f7bb08cdf0daecfdff13f32fff6400d5fc7fee9fefa2fab50398f6d4
ec27e555f9ad1531087ddfbdf56af112102e0b49e4fdf4dcfa1f00a20f74f1f41635f917fa3608af04b3f92bf87102ba19b2
fef5fe260151ffc7fee1002efd680041fd150098feac01240071fbfe0191ff1900020016fe89ffe2016ffc90fda701f2fda6
12f1ff1917f711dff5900d6d1088064ef5540b460524ee50fe6af7e80bdcf81f042d10cf13b30930f74c0054094cfafcff4c
fbe9ff81fef8fcf8fe2afe530065fd48fb890026024efd54fbd0fdeffccafe4cfe53ffb8fd79ff9b0266ff97fe3ffedefff8
00ad007cfdcdfffa0121fe4b0187fc7bfc88023501ba009c007ffc00fc96fd2cff610156ff8b0108018501fcfe74ff73fdc7
0006fd02fceeff2a000501d10072ffecfb46fc020182fd5c01e4fea1fe25fcfbfde5026ffdfa01b5fa6c005e009dfe8801ad
fe3e0162fb7e000afd2cfbfdff84006dfc050030fddefe3efd10fbc1fd980154fce700ceff03fdc9fe8ffe4cff11ffcafce8
0171fcfeff7cfe73ff4e0064fca1fba7fe4d010c00abffcdfeb10131003900c50081ff95fe68fdaa010bfdb4fd44fce20077
da37eb4ef640f96ff288f8c208620390035c0183f8570cc1093b07f31667f0b0086cf8ff09f1185606d00157fd4d0ba11eaf
fe19fd8600e3fb6afceafea9fb69fbe4012bfe44fd52fdb7fc50005c020efd01ff1fff8bfdf8ff08fdf9008afe95ff2cffe8
fa71f117efe5f05bf5a7ffaa0416f935f8b3f98d03a7f9b90dc3084cf28af5e002cc0046f73c0494f44ef4eaf3af0347fc51
fceeff7d00bd0071fc04fe8ffec00198fe8bfde4fe8cfeb90101fd7200b300dbfe7c00e50066020afcd3ffbafe1702390366
ff0200c2fd8f0136016d024801a3fd62fcaefbb7fe4a03e50122fed6fb99012dfbd5fedcfdedfca3ff26fcacfe7ffb71feb8
0df0196009b51a2fe7f30aa00d77ff9802b5f980f9cbfbcc102300c5ebb0fd16097308620c2ff5b6ff18080b059c06181613
fd38fb80fefdfb380005fb19fc98fbd7fcfe02adfd12ff9efeabfdd9fb330103fd88fd51fc39014dfff4fc5bfb3eff45fd1d
ff0efcf802960165fddaffb4028dff7cffeaff0001d6fee0fe2afcad017b020b00b601fafd9dfca2fdd8fc850059fea3ffab
fac9ff0b023fff4d05c5fe1dfe7cfcd3ff9bff19fcc4091707ce000affaf005aff9a0177fbc1fc0c063bfbf1fe2300edfff4
ff5301c4fd7100af0267012f01a2003a0268014a00bdfdbefcf1020d01abff4cfe92002a02d2ff67024e009f00b200d4fd63
008b0198fc2cfd730291fd82055203ca006a029bfc7802a3034f034200e7034f02d007480014065c0152fe24052f0037fb9f
fd7c01840132fdde0233ff6cfe440200015d00920293fd720292015ffd97ffa7fd92ff790098fe98008e01dfff9ffd78fd38
01d1fc8004270520fd3403dd0078fdabfeb20493009403ebfdbbf9c0fdc3062cf9e0f8f20514039300d6033dfc97ffc50084
030004f7001c05ce008b0135ffdf02f406a4ff310613fe0d001300b1fc220336ff02060500d30068ff3cfc8a0038fe0e0014
0200feef0215fdcbfe5701580165ff33ff16ffbb0211fe320084012c021d027afe3b01e0fe1efdfbff9c02e901f0ffb501fe
03be0118fc16fedcfd8900e10869010c032bf9350116fe9e04250113ff08f81600bbfc5ffd12fe74fda40066fea3fe53fbe2
00d8fc2bfec6fe91ff2a00b6ff93032afed6fec5fd51ff8a049501ccff45fc6bfe4f027bfc840191f9e6fde7036a0387fc0d
00b3013efce6fdd4ff3001ce0273fe4d001f01350099000fffe7fe45ffd001af0249fe97fd2f0078fdcffea4013dfdc700d5
fd9b01ef0057026dfdb90190fdf200c1fd9affe3fe88feb5ffbe021dfd72012ffdd1fe7e02f80126027efe98006fffcafe87
fb01f79a003cfe3cff6ef8c2fbdaff63ff29ffb0fb56fac8000800c7fca5fe970015fd1ffdd8fd59fbbffbeafecefc1dfe05
0059fd4d01a8fcfffd58ff2afec6ffdafe09018f001cfe9301d4010802120249014f0151ff5a01a5fcfefe00009dff4b0137
030801f1fdfcfc58f7410101ff91ff3fff1efb71ffdafdbb031b031e0032030805e20202fe59fdaffdb00416fb1bfe510047
febe00c30455fde8fce3ffa5fd9ffd6afda80049ffd1fd390495007f03a7feb701410388ffb4feed028e017604ec005303b9
0163fd45fde80113ff9bfcf6fdac03cc0526ffb7fd17ff94024cfcfc015b01e0017f02cffffaffd503b6fd1afd86ffac01b1
fc0502effbd900eb00ecfc47fb4bff9e031c00d401e6fc910457ffc500f0fb9e00860136fd180163fdaf038f040f0324fdae
ff84ffdd00b10104ffca02460116fe85ff1afe88fe85027e02e801110315fcfc032e02abfd98020e0012015dfec5ff83fd2b
ff1800ee04c203040238002105d4fe6b016801f8047bfd0aff38fd0501a9002600a0031401dafc500539feacfcca0008fbcc
fe8dfea200b1fd09fd4e000b0127ffbffd3e01210096fdaffd15018601dcff3dfd6bfd7a005f011b018701d1ffdffefa00d5
01490534fd8bfe5afcc6049bfe22fe45fa0afd9f0206fabeffcaff9afb08fd74001efb59fdcffcc2ffcdfee3021a00fe012f
fdb00277fe080036ff6cfe51fe3900ddfde5020802b1ff9afcc7fc7efea0018ffe94fdf5fdd20149fe85ff99fec6ff10fd36
ff03fab5f6b401470216fdb5fd7c0126006502dafbae0489feb1ff38038e07ddfdbafd3a013cfe4ff96d00ae031102940307
fc41ff33005dfd7dfdce00f90258fcdf016400b40061035301ca02550261fbfe013fffe800a200ccfd0600f4ff83fad8fc02
fec0003802a7013d006b0061fd9cfd11ffebfdf0fd21fd4a0168fe7101690049008f007fff320080fdc301e4ff660320010d
fd740157fe6a0403fb2dfde5ffadffbfff4efec3fdd1ffee027dff470392fbf901d80461fc48fbaffb47fb8afd6cfed5fc3d
019202be0127029402a90062ff50003ffed2028900ccff28008cfda00326023bfe1eff780217ff33fea501760119fcb0fd2d
00fa02fb006a0252ffe0028d03fefeea00f900ed01c702c6fb7900c1013ffda0ff8802c6ffc803fc0255fe6ffd6bfcfcfef7
02e101f604a1fea5fbfc01ea0308fd6bfd19fbcf0619ffadfde8009ffffbfd6c02d2fe000097fbfe047cfd290035fee4ffef
ff320061fe2effbffc2b0246fa4d02ce0375fde5fb95046606f8f968027e035b038c03fc016100270333fc4bffdfff47fe68
ff6300bffdab0183fe3b029c027aff8efc8400f9ff22ff1800e0fe3902890052025f0154019dfcddff9000a9fd840089005e
ff49005900e003cd012d046900e6fe1502f20331ff780264011afef8028900aa00ab00f80331feb602d1028efe1efec5fe1f
fafafbc50399fee8fe0cf9ab01cb007b016700cdfcf3ff8ffdfbff3000bc062803b2ffbefd45fed400180068ffddffc900ac
feb3faba01d70186fffeffe2fd68fe17032b049b01ed0225020200c502e50829ff6ffee5035d01c9032203f8011e0182ffa6
050f037d05a1fea5fc0afe4602950225fc58fe3306abfc71ff3ffef702cc021ffec5fa32038f0336fc3302c5fdc6fee801a8
0439ffb7ff0b009201f2ff36fe34fd60fc53fed2fe3efb77018502f60378fcb2fdfbfb6efde6023cf8f5009e0376040a01e4
fd73fe93fd5b01a101d7000901b70023fdeffdcdff57fe56fd96fea1ff53fe1e027700ed02bf02c500a0fe77ff98ff060153
ffbc01a7002afd0bff10ff6602e300adfda6fe17005efe93ff5400a30021fd65fd75ffc2022efd040217ff8a0252014800c9
026ffd15ffe7017e000fff750316fcd2fd97014e00c6fd8f009b0258023802c3ff0900df01fcfe88014d02450192fdce031d
fce80172fe43ff86096a03e7070d026d00c2033501effcb3fadc08810280fce2fc0008e6fdacfe61ff3401f2058dff490290
fe9001dd01d9fc29ffb9ffd002a9fb6afd9cff000031018502c100e6ff9ffc460588fe48ffbf00b3fb2a0058fda8fe48002b
014afe4afde70114fffbff7c014c05d50361066500ca03f506f9003a00c704c7fef7fa0f01c701b302480220fde1ffb50211
ffd5feb9fdb1009cfee4012700dcfdb6034a00cd010dffb8015001660327004900c602b5fd7401570132ff33024dfd1900bf
04e7065e0779049b0163048904ab02200197ff5108effde0008500e402a603d605ff0224046f043f0877006b003e0057fed9
f8c8ff3efe81fa1a015902f90614031a0080038e008105b8ffbf0256fcda01ee01b30123ff70ff61fd3f02d1ff6cff210298
fd3affab02cafd70fc2303cbfd0cfe1bfbb0fa8c00bafb03003f042000adfe07ff98feea001fffa90204000f01c6fc22fba8
ff72010a022500c7fe85ff6b04e100affda400bcff35fc05fc2a010afbdafd4f005f00540104fdaffc7afbe400cafd7bfde1
fb46fffefd53004300b30052fbeffe6201d2fea5fb4afb1202d9fe8cff7300860441ffa6fe58fd76fc54fc34ff62039cfd35
03e304960117fe28f925ff470397019efcbaff8104eafc5bfa3bfe7bfd3e025b0424fc8e051200bb048100930081fd4d02d5
0286fe8e0072fdb6006c0159fec1026602fefed4fd04fd94fed9fde6029f00a7fdb0fe85fe88ff90fd21fd230207fe44ffd1
fc7afe960082046c00290178fd8c01ce0312007bfa01fdb008a600380131ff89fd88ff0dfb04ff82080701a9fe7503f9ff15
ffd0f9db0281033b026dff7a0068036701ec058c017206e803f600c801bb0525fe35039e013e0202022f02ba0279fdad0324
fd8dff97fd870025fd59ff9f00bb0213016e005401dc01d1ffb6fcce010efe07fd45016bfe2300e5ff420042013101fa021b
0032fc3d03c80050fbb70062f999fee2004c00b503c6037d0122fe4cfe1502e1fa88fe2b01afff2f05b20454fd34fec40120
fea103bf0012ff2700b0fdc0fdd8fef90115001cf7c2fba20260ff72fd77fddcfe180040fb75fd900489ff5301970397fd3b
fa51007e06aeff62004304fe00f4ff9bfe67ffae006afc830049fb90ff2400a1ff59ff8dfbcefa2200e8fea000aaff9502bd
023cfee800adfe6cff110172fffefd1bfdeb031703210309fdb300f3fd49fd4202d0fd0d02d40117fe0dfeeefe38ff0e02d1
0221fe780228fc83fc9c0013feaffc8bfe67ff52f92efbdffd85fd6dff05fa97001c011df8820139009cff8806200039fc8e
04ce0113fdf50051044000860b1bfdbffbf10239fe6e04a6054101930024ffc9f9fc030dfacc0432fe2a0317031a02830211
02defdaefe27fec302a6fdba01b8feb101dafdac01fefea6022f007d0164fdcf0060027c002affe1fdfcfdbcfee9fd6a002f
fcc5038601660090011bffb6ff0b019200f5fe0b028f019dfe860015ff05fdd6fec0ff7c033a0136fe10ff3afd5dfeebfd96
004d00b801eeff02ff88fd2100a60066fec5fe540128fdddff27fea6fe1001ef014c010202e000300074fd82fd5bfe6afe5f
ff38060dfc6801d4f85a031e003303510303fe2b04df02940661f9ca00e1fed7033cfd62015c01240438fddbfe84fc39046c
011ffdaf02a5006efde4013dffd0015f01a201d7ff04fec1ffe80314ff2d032dfd9f00dc006bfeeefedeffbafd540268fe57
fa2bfc1501b200adffaff9d902ae00a4fc40fe700233fdfe00a4fec0fe1d009ffe26fe0cfe77fcfb006cfd6c0158fe45fdf6
006ffebf00ccfdefff54015b0091021a024cfd97fd61fe6cfe70ffb4003901d3031dfd9efcef029e01b2fe18015b0236feed
fcf6faeeff07fd20ff9300b3f7cafd38fdbd0008fafdfea2fb1cff1efbe5fda10402fdf0021efff0fd840363fb7500c5fe3f
fe2eff8aff77fd3e00a9fe100248fffefeff02ec00f401270319fe73ff42fcf50324fdfbfe21fd54020dfd2c009802cefeae
009f0127f74cfe4ffc8f043af9af03020092fef3fc3405d107aaff17039b06b2030d022401ab0288fee300ddfe400265017f
ffa600f9017300a004a1fe4dffebff9bfea401c5fd4606e804b8022cfe240587fe7bfe8bfc0c037e0314fe85004300be04bc
fad8068c040efee00293035504930422fff4ff8500830481000901bffe2f012601ef00d5010b018b0004033c0452ff97ffcc
fd690120fe700286fd3f0151ff080167030efe58006402b6fce80174fdff00effcee00f40297fd88000e02fb023e0118ffeb
ff37ffe4056b0509047bfe330151fff2fe5ffe6cfdb2fefdfbadfc3d008001b3fea8fc3d00c8fe2d02bd059affb60208fecf
fdfc02ee007dff06ffe2fd08fd62fdd80212032600c2fdb701a2000efed2ff77021afff200d90283feabfecafd15017aff6b
fb2bfc4602af0382fff40103008801a1035103adffe20365033cfe73011102dd0026fe7003d7fee000a401d3054a04c202e2
ffeefee0fd75fdf2ff94fad3fb13022d03d2021301e3fcbb003ef9c60238fbd7001403e7f9a301df036c03c30238011305bb
fc6a01defcaefe340133fc0e01db0112fdaffc3ffe1a005dfc13fd310043fe70057400860037fc48ff770031fd77fa3dfffd
0404fa25f8ed00a3fe45008fff32004000edfe63fc3bfd45fb79fff50134fe7bfd17fdae084dfe70ffb802f6fd98ff66febd
0165fb66fdbd020fff9300730046022102f5fece00bdfdb400ff0336fe15fb18fcd5fcf4fb33fa66fd31fa56fb3401d6fbd9
047efd8cfcaffe8200c503d3f981ffeafa3b005afecd0268004bfe1e0198fe70fa52ffae02fffd68fea9fcf7fd38004003be
fd5c0286012f01c502fcff0702b1feb302e400c1fecefef0fd5eff860214fe9800e2fdb4032affb1fd7201f6021aff94feec
017a0047fe3eff55fe520046fea40155fdae009fff8c02040186002affe70293009cfd4b003a00c60036fed000fc00730322
fd21fdd4015a007efd16fb71003f01d4feefff3efe56fe9a03070142fcdafff20468fe9203d000a50292fd3efdd1ffce0282
f908f995ff94fb6bfee3fedf021dffeafb55fd9af99b00e0028a0368ff37fe2304edfb99f8a7fb83fe58fab5ffd6fdfafb71
0070ff46fe7b011dfdce008a006c026700d401a70034fff5ff85ffa9fde2020101f1fee4ff78fe63fef1fe9dfe7aff21023c
001cfbc4f797fbb001f1fe6d03a5008f0224fc5704fe004f00c8052dfd6bfdd2fc70fe3d00f60049f8f1fe40fccdfe3efd34
ff35ff9bfff100e604c3035707ecfc96fc9801fd035ffd200054017afe8cfb10fcc30180ff04fd36fdf300f2043efc9801e4
fdb1ff55fbe10763fe27fe6105540387fc02fe360150fead0179024efecefbb4fa45023afc0efd8bfcbafde9fc4cfe40ff45
fba603f9ffa501db016e011bff130196fcf9058c07cafc57fa01fe040556041f076b00df008efccb00cc0344fb9dfe46ffed
0112ffdcf7cef3cafb2efe3603ac0003fb16011701090066fdc6026bff7ffc5eff3ffee70208fbc7fa48fb50fe64fd42fe43
fcd5fdca02f4029c003e01e2fd4b01bdfde2ff6dff2f00c2fdf802a802fb00c4feb302c6fd45fd92008101a5fe32ff65fe7d
ffd70158ffd0ff00ffd0fd6afdaffe2cfffcffc50215fd6a013b01ecfdfcfe82fea5011cff41fe1cfef001a6fd0dfda70138
01e8fd46ff47fccffd33006702a502ac034aff59023a02b3fe090156fdb1ff25ff00fec300fafe77ff15ffe202240138fe89
ff6afc7a0167ff4502b2ffb5ff6301e200d200b5003bfda500cf027000ba01ed0206ffba019e0015fde4fe7800fa024b006a
00b7ffc1fd2d00daffae0371008a01db0251fceb00cbff6a01c0ff8dfe93fcda01cdff02fe00ff55ff88012600ee0125014d
fd73fd3b031e01ab0299feca027202f3025afec500e20245001f02db020301390137010300270298fff30045000a028efeb8
046a0270fc93fdb600a9ff90ff8afdf2ff160035fe9d0220ff85fdf4fd67002b01160182fd83fff0ffc503a702fcff79fdef
ff3c025bfeddfd69ff6700f7fdd502cdfed9011002b6008100b4fea0fe27fdf9fed300b0ffa6ffdeff43fcbd00b9022c00a6
fef5ff7201c6027200ecff3406cafda001a6014d040afc4dfe7103a9017d081e026cfe0007240018ff4b0250fc46010efee2
fdf601aeffe4fa20fd43fce7fbd600d20476ffd8fdcefd5b0181017300e9fdb502b50128febdfded00a701e8fdd70098ffa6
fecfffa5026502f7fd9cfdee026e0250019c02baff1cfdb5002800780134ffc4021cfe5a0200fd3dfcdbfd5200f1ff05fe87
029703c302ff027c0062033a0493ffa7ffae04c0001affe900c3007c006d0062fe510008063d00830450035b04fb02b50415
016301520085fdb2026600a8fffbfe16ffbdfe5002d10119fe6c0284fe94fe59fe960147ff850235008e00a1fe4dff0ffd83
00ee0480ffacfc38fc9e04a4fc7102ad007bffbe00a3ff4fff8ffd6bfeaf013a0156fccfff300279fdecfac002db0414fc00
01d807420741fd2d060d029e001b06f1ffb0ff2efe32ffc104bb0149026e00f403dd03d901740532fdb4020efa7efee00173
0208017ffdfbfd56ffdcffe7002bfd2afe34ff1dfe3802cf0295fe4dff1bfd3d01dafca6fdb601050237fdcefce8ffc5ff7d
fe35fbbefcd301da02b7fe8000c9fd8e009fffba01800145ff400236fc52fce8f7c801f2fe96fcb0f821fafdfe7dfbe9fe76
ffcafde1019bfe3dfcd2022002c6fff1fe97fd3dff69fff6ffb201a5022f01c8013bfe43002efefc00b00198008ffeaafece
fe07feaafeb0fdf0ffebfd1effc6fe1dfd8dfec3fe2a007301bb0023fef80314ff7bfdbc0277feacfd11020d0134fe70fe6f
001cff1601a202e101d00058022e00bffe2d0236fe6efd2efdd1fe42fe5d01dcfe3c0002fd51010900f9fdc7fdf1fdcf0302
01d7fea3023f01fcfeaafdc5fd44ff44012afff7fe13ff6b023700d100d7ffad01f70242ff90fe6a02520169fe540079fd25
fe130072fddd013dff0f0020008e026b0132fca7feca0289feaa0017fe30fdac0301002dfd25fe090111012a02a9ffca0069
010a01fb03f302d005a2001e03e9ff400031056d047609c6fa51fdc3037f048b0264ff43045dffce04dd024001df00f40342
02b1fd75fdd5ff87ffa4fe0d00e0fe6cffe4feb501310201ff91fd1501c2006cff08002dfe4400bbfd8ffe33fdb8ffb3fcef
01a4fd35fff800dd00e80236031100dd02a00209ff32fef0ff39ffd400b60047032d007e01e100c001d5fd6bfcd6fed10272
fd39010cfd3ffee2feb30218fe6f0307fd6cfd1bff0bff0d0091fdc5010b002402bcffef0286ffdbff3efffd0119006efff7
fdb901be010e0022fd83fcebfd9702e4feb300e9fdc4000cffaffea3fde1fed8008a017afd6a00abfebdff6afd09015ffe62
fdd0f86df86cfed5fe33011dfff5fdeaff14fe50051502e2ffc6fcebfd1bfcba00f003b602c2fa4afb47fd83fd18017dfd1e
0007fc84026b0068ff0cfdc4023d0134fe600095fda60194fd280022fcf9fc8e007000e3fd8efe5d0256fdabfcc1fdf40048
fd98fdd200d0fcd7fd2cfdc300290057026c01b9fd9afe0002e6023d01b202a60062026a0082fe5e024901b102adfe6c02fa
df370017071a121df8cad904e13dfef2f3d00d8ffc00f6b8fe8406acf807e4a7025e00ba05a70877f986f5b5fadf0ea1fee3
fc44fe58fda6febafd41fe51003efecdff12ff5e0067fb98fecbfdca00b3ff29036000760067fd39ff62fda8fc19ffe9fcee
e0abfbfdebb1fcbf09e30438035ef149fa02022f022befb0f2a7f5b9faccffedfc440979e4800448f7271536ff75ff580824
005aff68fe2afd7efb4afd96ff910118ff7b010a0013fe74012ffe87014dfd37fcd4fce0fb2b001bff7bfcd6fdecfdadfcfb
ec50e7f5f858f0aefb82f907fe5a23370912064808e008f0f94eef54fe53199ff888ed96f9c9fa2212d101e500bff4fafadb
0596fd9b20d603f408f118c004c8f3e8025ff189111406f216bdffbcf652fae3f03a0cf3dac9f77c033117671310ff2f063b
fc95ffacfe01006fff99fabb0034fb89fe3501c8fbe8fd640266febcff1cfd70fd8bfd59ff500018fcc7fdbb0093ff1300c9
f049fce9f6d3fdc9fcc40e8908900b720bfc0d6e02f6ff5a048305e80f9e146502a1fc2dfb55040d00a70d0a03d9fb7400a8
ecc2fd460b64ea3601b60153e8310c0dfdf20505e730090e054308d70b20e33912dafa8502e4fb1c098718d8030900b4f756
fe71fd71fc78fcd3fc1bfe87ff96fd80ffd80067fedc00d1ff1d030fffb0ff8bfcbdfd770131ffe8fd0efc6401c7fb92ff5c
06b3d874f0d3febb0740f705ef34f3d5ea6c089bf67af62ae7570472ef6bf085f71fffa403eefc5d09a4e4eceaf7f713f7fe
0ede028516690f0c089717a718a71d61086cfb8315c600120f4805ec050a0f12ee190e4809cb05a0df30f9d609ccf1d302ae
fd1f005c0095fc2dfeb5fb0fff91fa4b009ffe42fce1ffcfff60fd76fb51fdb0fe6d0120fd3cfd3ffd96fbbf003bff48fc06
1204f397f3bbd763f114fcaef78af104fdf5fe830ea508e6fe8a09c4fc1b0bd40f2c01d606380c560c47ff810412f54b0529
f02ded660c3bfd13f08405ff0b6802b1fe49110504bffe88f1d7ed35fccff21bf374ed76ff5bf1ff05f9128b080cfba30ad4
f24402f4f934fe5d02acfb48f2bdf2b9fdecfbfd0028dab6e970ffa9ea49e131e1f60220f53c002bdc54dc1cdebbf2e10ca2
00410accf9f1edbde8f4ffe2f44004000815fb8d02a7eb0c05bb11920c9308c408390404177310baed800acb014c0e98f2d9
fe68fc5ffeda0098ff6600b50163fcc4fe59fe11ffe5fca801de015ffd98fcb6fef5fd4efc3e0014020b0014fe8cff9400a3
0dd6073e02240d9af87627be17aa0f85001402f1070b0c410075f0240bacfc5c00011239fbb90d5d0bf0f44aefed025b0c72
ffe802f2fdf3ff8bfc49fe12ffa8ffad00aafea9fd05fe3ffc0b014afc99006600f5ff58ffb3fedcfe74fcf00171fd6dfce8
1607ff10f2fa0a2410640f10fa46f11efe3d0d10fadb0a2ef8f507a7012cf72cfae0d390fc3cf1dcf5ff092bd8ed0287141c
00060014ffea01fcfc6dfbfbfd250072005000ce00c0ff6200e5ffaffedf018bfeed01b0fd6300620031009f018f02a8009b
085910940ef918480a73fe5a097504db01f3fe84f6560a57059309a4075d09fa016500181268feabf9ba0cba005a163efcbd
0a18fe08086510d009b303d6ff260ec00f5c08eaf7a80b1718c3004dfc8c0de8fd1fff58105fffecfa45fd0e105e0b8cf357
01320143fd04008dfcfdff8601fffcedfd8afce9ff9ffca9fd15ff22fdc3fd58ff600175ff7c01aefff9fe75fee5fe1501fb
f2c0dea8cfa3dd3300ef08f403ddf212efeaf4fedc01f9b90eebef40f336f444f97608e007b8fd85ff87f68d1622f13defdc
fedffbd8ff30fc4501d7fd9a00ca0078fe4b01e9fef601f701cdfdb9fefe019cfeb3fe82fe48fc79fe26001b015f024ffc17
1011041b03d2128d0dd50fee0a90fde3fbc6fc81042608850ad1f5f8fb401c4c05bf0b0314bd13e51766049dfb31fe5ff5b9
0383fd8df7b8f0c703cf150115b8fe0e0b060a97feeff4b0ed9804f1045ff228f0e7ed16099b0620e743da250694f527f63f
fef6f6b1f0ed08b2043dfa23f6570bd31266fb00e5fe11cd08b8ffcafb1f05c71076f6c7f6ddeeb2f159e5d8f541e5ecf4db
fd8f01f7fdf4fd77fd6b01b3fc3c00a1008cfd2201f2ff26ffbdfcadfc09fd64fd1002880162fd96fe1dff6efc6efd05ff85
fe7ded69ffe7029c14b1fbbdf33713ab0662170411e20d380eb614a009a5eb89fc5af5e7f5340fd1df68e83efa5be939f253
0f9f153008440112050610430727fefb02dff59d041af8eaff55f7830546e5b1e8e6f472e29b0a49e1ddefc0fd9cea9cfc90
f9b9fe69051210870e2e0748056bfc4ffbd9fa5200a8f375edb2eecef9d703630e330154fd0c070902d715a90a681fad0983
fad9fe04f1b0fc5af62ff822fc39078703290292080b019ef1cff06bf598fcce08ccef0ef6f00bf8136af46a06f7ff1305ef
00b9010bfc40097ff8bc087101daf40c0773034e15ff153f090319121950058a0a0905b308390587f0a1060709eff92a0743
fe8ffd1afecefd7afec8fffcfcc0fd6efacafa58fba0ff280080ff24fb97fb32fb43fcd3f96ffa17f946fcb0fb50ffbbff22
fbf5fccf01dc0243fe93009aff5bff26fea5fcd0fd0cfc0dff33fedffdfb0030ff48fd24ff91fee7fec8fe45fead0055fc43
ff76fcdbff3ffcc5fedb016d00aefd06fe59fcea01e1fe50ff7200f6fed4fe7f009ffda3ff430103fd2000a6fd42fd8901aa
fa360fcf05b6fc6b0d65ff89081314a3fad4fba2118518c913510de30b3407f603c0068315af11d90c42111205cb05720ec9
1df01713fcc4035f0e7c08cffb39fa2cfed3ffd61036042d108911800e801b440bf4171a144c094713040ce9193e0599028c
f52ff8e12157074013bbecf2f33df155fed30e920120e4bcd93bedb407f8fc77f1e7faaaf2e5f6c9e85e0af3066af572ee83
fcf200c8ffccfd86fceaff7cffbffc41fe66016bfe0fff0afb5bfcd4fd88fe6efd80fd82fdd9fe69fc4aff69ffc900a90194
e348e183014f115e095ef1c0e4540b5a0bfb041306250dda01f7f311f69304500a270556f57d1094fe460aaefbfc074e00ba
e8d802480486f644f7a2f916f488fd9512680c3e08bceaa60eb0f4efe6fc050e08fa02131360f82418500f600610f958106b
f64ce200f33aeccafc1ffb7306a2e96d029af53a0849f5f4030dfa4bf761f586d5f801c402f201b2f4d2fdd90d19ed8f0004
0090fcb7ff9800b8ec56062d01d801fa071bf9bc02a202871706138002df0e86f7d1fafeff6bf87e054bea9df92f0347ea0c
0c6105b1f618fbbcfce3095c1797024fff01f3bbf74ced55eefa0eb5f7c6df0cfdfc0a1209970b9c09e912cf11e70e2f0d1b
0fb10b1efa650b2d123f0ccffa66039d06b10762f42015def2a0f653fa100fbe0864fb63fae5ff6a11da21fffffdefc30f2c
fb32fdaafc33ff6ff9bd005afdaa0073fb4bfe8203c5feb1ff9afaf0fe80fe1b00b9f9dcfce3fec8fc6bfb7cfc9ffe69fc7f
ec91fa300d30025d0f2d034a05ea0092f80202a3f371fd45f2060970f8a8fa56f47fff22ee7c038d01f7f96b044cf88efd30
f73403de0013074903661090f4800545fca9f80401aff607e900fa52f96316d1fff7fb2703e9ff560dcf0267f7b5f0281810
00dbfbfafc210064ffa1fdebff72ff89fec700b7ffcafb98fca50094fb88fc2dfd3f04a5fcfbfffdfc7800e4fdadfc0dfd0d
f35be181e82af58f03f9f718ee94e6b1e256f9dafbc70fe3d48dd884f06d084402cff724febe0af808cc080a0cca03be0ba6
e152e81cec07fdace8a0e8a7e15ffcdc02b6f998f511043afbacf673ef8c0db406b608f0fb42f27c064a0ab0fe0e07abf8b5
e3b7004bf88df9e2f0c7feaaebd0f877f036ee3109b6eee6f54df1cef2dc02af0f3c14450661f6e4fd31f8b9fb67f93cf662
fc7f01befce9feaafd7a0243fe27007c0187fd5aff8a01b601dcfca5fc58fd6202a1fef3018200cafe9bfcce025300640012
0b4de5640f3cf68efb98ff12f4a5ff5deba1fb45ee9200d00613fe9f0d3af6f307690ae80b38043ef8deef9fd5bbee3c05c0
e9e9f618ef35040be395eac6fbcfe5d0f592f9d6fe7ef720f7200a2c053a127cfe0f11221be501c0fcc7fc78fb8c0de60399
0036fe35fcc7fe0efc89001effa4fd8afcedffbdffbeff55016dfdfffe63feb2faccff09fdd600bbfd14f922fb76ff5afc66
fe0f0029001b001bfdbffe0301920207010100da00dd009501fdffadfcc1ff61ffd7ffc801b20091024f0205fe24010301dd
03fa0094f625e18001fe07860fd2ca10e87fdc470259097df153d880f2bf17030bc912dbe2e804fe161406c9075a01e00d88
f98bea5ff178fd03f9daec68f41dfb33f2f3fde2f246f9f1f5cafa8ff43df39d009ffb7d001ffda2f976007213160174fd9a
f9f9fb95f9140007fc83fd5dfca2f9caff660123ff2afacefc77fe02fc6e00fafb7dfd6800c3fd0f01c2fc8d01f3fb320098
f1a2ea70eb95da25f34a0d5600f4fbd2e7defacb13d802ab0ade0823f68604fd0d4f009bf02efae2038dfd09f668f5ef0221
f7f106ce086ff6c5f85c068d03d5ee23c9b9ed4af33c06c1f163ce9ceae5057bfdd6e3cbe837ea680853fb57eed7142efa52
fa6f0f5b1ac1119401f8015403f3037eef2ffcb8e78cfedffde2ffb4f8f3eac808ac0a95071c0637f98bfe3e027108e6127e
ffd7016ffe5ffc3dfd1bfe4f001eff0afdf700daff64fb27fce0ff08fd85ff23fb65fd6b0207025eff3efc36fd6efd720247
11d009e1fdb9065d03c4f57902eafd6810030d96db28efe304fe001ffbbdfe8d085e0230fb5d0a7d0223fa5efcfb038902f7
fd55fab10509fff4f95efbc103280f9dffc6fae806f70159f80d0500f507fff60465f9e810d7facf069803bb14351b6e03a8
ed3708e40734d2e5f35be34303a4f1c8e122044ef5c6f115f64df992ff0fe01cfee7e369f7cf0013f98e1b63d83e07cc052c
fbf0ffff01f4ff95fdeefddbff3801410194fcaefddc010ffca7fe0cfcd801b5fca0ff39fcbf016a0037008bfd3efedffc2c
0a30f5c5ed5b07ccf50805b61bd2101607cc0c24fad20e08fc960156063709a204050866176e0bc9f0380643061f05770a19
fff7fecffd52011ffdd9fdc7fdf5fcd7ff76fea0ff61ff39fcf4fe4eff39fbaffdfafd96fe05fe8bfd30fe380083fb8bffcb
0331e892f488f8f90d2210010d0d0f730e1e108ff33ef3fbfb0b0efd0707e00ce718f18d07e90726f7fee89a0a9511740fba
f3a4ec16ea9ee31203cbfff80840fbea023003d1e5e6f483fe0c0e940813f565e15e069a0d3b08fff87be9800aeffbe20b32
1e6d0f1c088e091304e60baf1f1e0130ffdf0256fa2c0255fed305fd053a0159faecf43ffbb5052bead8fce6e6fdfc540847
0bc408800e4004def12e02cbf87b07dd0056fd110f8ef5930d600586fc0912d31dec06eb088e0198018e06ddfc3610cc1524
07031716ec25f678029e0a6c149603e726230173fe3305e3fd6b0cc0062ef3e1f0e2f9b8f4f4f5d3ec4af866ee1df72c0972
f39eef3dfb5500aaff14d5b5f8b4fb7114ce0c8bf0c91017192b13f0074d156514dc1a1508830383079d0238f7be07660011
00ac0002fc9ffeaffd6a03defbf8ff0001d7fe80fd31fce901b0fd94ff7d0125fef00177fea3ff05008bfd2400b201660093
fb99fd35ff4dfe40fcf6fee40127ff060002009dfda8ff9a004afeb1fe7c00ddfcfefb4100a5fdcbfd43fd790081fbf2fbbc
ff46fb44fd43ffb3fe25fcc1fb5403c50088f846018c007cfe64000ffdb0fe33fe6b00ac0056fb3bfdd7fe11fe1eff970255
f21007100606f6470584e88b099e1121f9bff7641adf0c1409a609e106e110d71c5b07be16ea0a74d955fdcf0264021f0729
fe98ff74002dfdc9ff14fafefe1c017afc3dfc3dfba2fc14ff5dff05fceefb0afd200175fe7e00c2002afabaff14007afe60
0a56148301420e9dfa020d14055802a9ff26023e13a0fa20f13d0cfbfbc60d0cfa6a007c0191feb5f29700f50e67164d026b
13f0f86ff54bff89fe18065604ce14ff0710047cf9aefb0b039d0bfd06213201f7790e1a03faf9d71f42ef1ef106f464f337
0839fc6f0118f84908370d64077ffe7b0c00f864fe1110a907bd05d9f262f938115304e70a0b013b01b60fea06f4fce1f80e
22f10c320ec9ed3503710dce0a870caefd47ff3615f0f83cfd13fbb2eb351a1f013af2b3f80f0da8eddc10fbf26ef8c9f774
0bef104c0065fa0b19ad1028fc0500340c3b0dfb0c880783fb360a280351088d0acbfb400441018007910fa0ff6b01c92154
001cfde70152ff0efca2002301c8ff83fc76fcc7018200e2005dfd8ffd2b021afd2f016d000a00efff24feeeff1eff7dfe5e
f948fe89ff85010cfdfa00b8fe0c029f05c201040158fac8006700f4fd10fe92feb6ff76fda0ffe9fddbfd130147fcd9fff4
fe13fc84fe90feaefd06fb68fbc9fb52fec4fb7fffb1fca5ff2efea2fb66fa4ffc37fb0afe13fcf4fb5c0020fc30fff9fb4a
01dff8e7fe8c00d3fab7fe5500620138fa6aff9afdc102280156fbcbfd46ff47fa52fec3fdd0fe0f0175fd15f823faee00ab
fd7dfdd5ff9401a1ff12fd470050fd2efcc2ff69ff8901170243fabafe66015400f4fdaefba6fe00fdd5fe6a013fff04fb58
026f00b4023d028affbc01d70138fdd2ff4cfd44fe1d0286feb3fde1010cfe250241ff1001400237fc32021e01090099fdae
f371ecc8fe75ff87f5ebdeb2ede7fa2e044dec21f023eb7c13170743019efa6cded21a610274087803abdeef0673f009fe78
e7c2efa20969e4f810bde0ed03d4f1c4e5dd03ff076a090d0dbeec4ff4f10de0f51cfe0ef2f0046df461009904f3f7c7014e
130e116a0b3ff2edf7fffbe3048df06c022d032dff76fb04ff70fab8fcde20a600230546f90f0275198a18c70329050807c6
177100cb002e118500dafefcfc9d053803b60822f4a3fd8808cc1191fc4fdaddf60a0d03fd1efc7bdd58e4030167f542fce8
fd56fbbdfbecfce3017cfd3bfc020089fe15fce6fbc1fcf7fc1a0195fc96ff1afd86febd002f0144ffe2fd43ffcbfcf5004a
fdaef36f009706970ed0169df48b04551236138318b108cc0425f6fe008312a701a8fdc6fcbd078ef863e0e50248fe4af071
ff49fe8000dc00a2fc61fdc601c4fcbe01a6ff59015b0097fda10173fe3bfe54008d00f9fefffbb5fb71fef4fe25feb000a7
10f3f67be223f1c2108b0d31f317e1c90819f57b02680538e9d70a6ef93405d00e49ea56f7edfefa0ad30aebf513dbbe02cd
f007f040ed12fd061c1ce87de56ef3efe4240871e996fb4c02adef9cf86f0ea90c1f102cef3ff7f50607fdb310cde95dfd6a
fe18fd7dfe4effdd0101002afc06ff5e00ce00d70109ff640155fea0ff3d01ebfb90fc110125fc9bfe3aff600289ff06fbae
0d7919da10dd074609c217f90bcf11f0fec5f47a157c04e603ea15cff99f0a43ffad14e118380d2a071dfe921fd41728091b
fe65fcf300270093fe99002bfe89fa69fae0faa8fc73fd94fcc7fe7ffcbffbc6fddafe37fcc3fc47fade02cefc53faf300c6
fcfffc86fd0afee7fee3002bfd3cfd6f01d10023ff68fe47fdf9ffd4023ffcc3fc25fe26fe92032d0154ff7d0136fd8dff7d
00fcff8aff9bfe89fcd7fb51fc64feb7fbd501e6009cfd8efc9bfe54fcfafa920008fdce00bdffb3ff72fefdfddd01f9fd9f
fee4fef10152fd34005dff58fe53fd03fe51016a004afd52fcda014f01e60047fcdcff23fea500130118fd6e029501afff1e
ffa00076fcb7fcc2ff38fe4efff5fa7cfe3bfd01fd6ffce7fdcffdaafe00fb780134fd6cfd5efec5000cfbe3fdbf0062fec4
fed5e43df8d0fb4b0078f84f05130bd7f97912560b4d0974070fffec08ad0b17fae0ff190d1800e40843f9eb0b480d39fd6c
fe64fb5efdc3faef009600d3fc27ffd8fc71fd42fc5bfaa00146fdc3fdfefee7fac3ff72fe35fc9cfd8efe94fc0efdfafe52
089be6dcfbc9ed43fa1dffe1ee63fafdff09fb50f72df5e8f46d0bc9fdcaf4b4f514fd83fb560764f2fff1c5f893fc44018e
fe37ffcdfff9011c022c0023fffe00ebfdf10024ffcf00a1fe26ffa4ff37fc3bfe4bfe6a01fefd88fce3ff56fd870192fed2
ff0400b6fedcfd3cfd8100d9036000970119fd09fa9ffcdcfe74ff4ffea3ffc40054fffcfce3005cfd4efc46fffbfe73fe04
08460d6beeeb0c090a05ff87ff82fe66036f129108870187f772120a0610122efa8a0b050e19041bf3c500fe0619e8570203
fdfd01ea01f301de010cfc22fdc5ffb4fcc10110fef801abfd6cfcdcfdd0ff3eff0eff85fef00223fc56020effe00140fcfb
fe27ffb9003ffe1dfc65fcedfdf0fca4007dff30fcccfec70211fe14fde202990136ffadfe3b011901adfffffc95fccfff6b
13a503180066ee920514ed7901bf021305580428f15f0960ffcafdd70615015409ec0f3605220174f7b1fb560367fb660d06
fb4afc58ffe9fe16fbcefedbfb49fe5a00cf028c002a038e026b00a7016dff15fdadfcefff70fcf1fe6f01acfec2fe50faee
23b6f8c1fb520d6206aef21ff47609f6270712d6f04ed9f1f416135010ed0114f9acf569f9010a100bf1f9dcf8e6eb01e989
ffc3fb3bfd33ff0200d6ff66fcbefd5fff78febaff3afbe3005800e7fd93fe3cff90fd1cfdebfd3ffccd00e3fb5bfdc5ff55
d455ebc108491c1c0f2ae8390a360eeffb7807d4fa37fa670bd81b3eff170777fa190ee802260bb608e30050033a026af792
fe4e07ad03561db61139fe4e00dd00ec05710549ff81f61604f20f71006ffba7056b0beb0871fb66f5e20cb4eab5f9370112
022c001ffe7b02c6fcc6ff4dff87ff41ffacfaf3ff10fee2ff17fdff0117003cff88fce7004bffaefd3e009cfc880153fc96
f93dec0704ba086707f4f9a8eb8ef8c30115c079de82f2dc02c5e542d189eaff0258f9c10095ff410b4e065af4c2f288f3ab
03aa0370f291f65c09cb0c00f057edf5041cf0df1262fbd3fd89fccb04c6f9c60e6f0c6f07a00c32c3c9ece1fa3501c9029e
0121fe49fd2fff9efd42ff5a00bb00cafb810133017100cefd4efbfffc6cfec000c302fcff1101fafd71fd780088fc96ff56
0a8ef42cf7aced46e9961190fe59fb33ee4bdb4415220f9608fcddf5e96dfa090bb90bdefc0cf3f6e423fbbf06500c3c0b36
e7b1f88ff26afdfaf61cf40a15edffa5ee8a027d105105bcfaf4f54801cd0e1b004dfe3a0d06088e0700fe9c07d201440a82
fd5a003b004f0267012efec800acfc26fd29feee0062ffdd0088fdf9fd9a0083fceffdd80018fdd40114fe0a0254fec201c3
0c340c0b0c5305be01ab0adc0b66000a014aec7d00b6f3f8e8e7e35dda98f7fb04d8094cfb87f583f46bede8ecf1f822fb5f
0f8704f0ff91048ff8f8fba70f2104aefa5fead10d620ad703e9ff401d74f96e05e1fe02058cfb8bf8c1f875ee38fc70fb44
0c0e159c0795f98ef30e0c9d150f040500030fc70c2b04bdfa42ff1d0ea20ed001bd12b80499fdacf999f63b039601bdfca0
fbfee9c6cb51f6690a701155092cf066d99efbd7db91eafff36ee3e1f8390293fe23f747f013f878fd0702620f100e2415f2
ff84fede00570059fe0fff97ff7fffc4fd88fe3ffd1fff780055ff4bfdb9fc35feb7fe11024c0153feabfebafe51fd350243
f8f4f4ddd51fede7fc81f2e8fcf10badfdffdcdeebe7fd2c0fc1fc34f472e907042cf8b904d0fdb5f411010cfa720b700def
fe76fd76fbda0073fd7f0124009cfcb500f8fdf3fd4bfc9cfe8bfcd8015300c10165fc2efdb7ff0d01e0fe49ff90ffa4fcab
058bef2a00a7092b0abefb7bf5ba0d8f04db0bf0044d074217791754de62fa23097c126d0c3ae6aaf4660c2119d514210319
010ffec9fe1c02860114fd00ff0efee9fc88013e0191fe72fdfa01f8007ffcbafcc2fc8b01dc01eefda7ff6afce70276015c
0cd3f8d6f6840060fff6077dcb1cf578e78df7fe0fcfe50bf763f0d8fbb6fe4a02ee02cf0bc00768e068f95108a2075e10bf
ffd4f61a0136180d06edfe410049fe150c31050712dcf986ff53fa1e14aff64a0056db7effa2032710a80f5bd95dd377d5de
fccf0140ff7afc40fc250238fc6d0218010aff68fd02fd020222fe8efe1f002001c0ff570162fedcfd7cff540076ff40011b
ec1d03350f6bfef7fc6f0b20ecf9fca11064f8ec1fcd0920014af6fc0961ff54fc890a13f05dee910147fd5b03b2045e066f
fe5effc10095fe43fd70ffc10046fc55fd740228fce9fecc00acfd7bfc98ff2afcb6fed6fd3601ebfebf0182014701a8fc5a
04c700dc047f0576fe54067b04b5051ef24e10dc0b01072601570275fe09f402ee86fa80fcd2ffd6ee14f57bef7602b9f43c
f773fe77fb9ff67fefacf657fe2a04b90a09030debf0018c01d2eefa07aa0b3d183a14c3f3fc064d17c320d30e78f166db52
f7150753f892ee70f2011b6cfdbf04e9fbdefe4312c1f47a03430e5901ac064a05b4f91008dc0c24075305e908e50273f9af
fd4b0167fd76fd22fc72ff2201abfc72fbc9fd6afe5efe71ffea0201fdb1019f01c8fee3ffd5fe53ffa9fd41fd41ff2bfd38
f9d8f8e5f5f90abb03eb1878014bf6f5081d0a11176a182811e2ed1a140514130795f9f0004c123a101efa4eed8ef8d00305
0a0d02cf0627fa5cebbcf5720646f919fb7cfa0706b1f3b4000b07faf57bffefe3adfcefeea0f79706a4e70edbccef550f36
fb4f0676153c0c6802eaefa501cc0bf7077dfdc3143a1708f9230b441f0a0a9b031703c305f605a3fb94fd0a0c8efe2afc8e
f914ff910b17064d19beed7ceb85fb5dfdb8ee3bf07b03db14d10ae0f3bc03f903b81eb91042e662042502d40384f9bcea4b
00a9fdbcea2ef3db126307380f36f531fcf41eb8fcbef6b7fc51ee6a182f056b0831fe34f6770e2afa8d07b510200b5cfe30
fb18005bfc2eff17ffea0305ff28fc6efde304370259fde9fba1fb6ff976ff06fd1bfd92fc0ef875fe36fd65fbf9ffd6fae9
fe6a00d4ff68fd2cfe2f00b50136ff9b0149fcd80068013802960247fe08ff2b022fff02fe41015fff38fe2dff12ffbefcd1
0043fdf1fd4a005d0031fd87fff8fc98ff36017afdd401e3ffcbfefbfef3ff26fe6201c5fe1100d101550163fe1a00abfc98
f923f172f7cfe4dbe2b2ea54f606df9c01e50656df0ecc78e73bfb9cf8c6f002fec7fb2aeb84ffc50ae2037dfee5f54a0bc9
15280b6301effee910ec196e0b66f8d5f4351a38eef805060610fc68ef7efe6cf217fb88edbb08160987f89fed48ec8ee92a
0355f95913cff42cfab7103a1c420b57fb78d9120a01032906e70cfe0619f487fb5efd08ffaa094f0121ffa119310a860694
ffc7000cfc5cfda5fea20205ff1efcf0fe62ff43fe56ffe2ff3aff9afde5fca9fec30027fce2002dfcb6fe3f0062fbe4fe7a
ff500a9ff57f1239fa2f04f10081fc28033fff8cfa730558184ef02efbd5edbb07130a14fcfc04dcf3b9fdfe0894ff7bf891
f44c00d1f1c308640b46e841fa00f6b4fc72fa3bebb0f75a032905f00969047606af088309e8040f03590963f9930094fc34
f578079ef561f7b80bc7d973fee715ee07c105311318f84ef136f298083514471cfafed4eb07fa9a0719f849f8aa1022ee4c
04520cd512a70b12019def11006c06a302940fc0efbaed320111ffa9e55afdc10566011c0e91ff4e0c0d0e08fdbf106fee5a
050b04790664f2f608a502960e81fa62e935079ef382f4b4026b00dde2fb06a3f802f73cfa490ff1f250eb54c938f1bc0c50
fa5a05a2fd300b760f0d07c302e20b8415320bfd02c803f60abc074f013ef61ff57111da103805b10a0602f3053d0f4ffad4
fd9afdc7ffbffe2efd82fb09fbf2fdcbfe8700ad009dfd92fb060071fea601a6fe3ffa0dff62fd5302ecfcb400dbfeea012f
0e3e0c630dcff7b1f812fe1006b10398f14def260ce2f5b5fc0ef7500b180ef20392fc0403e70a070c31fd9b0722febff71d
047805a3030011a00cb61b6f0041f3f6f771018410e81c97ff71ed8aff3501acfd1701fb0256fe1c0e80f5a2f60bef3fed16
fda00076fe21fbeefb4dfdbf00d4fb51fb6c002600cafbdb0073fef7fdaa00740221fd49fc39fd11faf7fd9e00a2ffbf000d
ea13f52cf62bf8810a1dfe3d11381e751671044d09b315cf0551fb0e085a06cb0761f37ae814f13ef486057ffdb4ea08f9fb
151f0287f8c7010c0dc4ee73f20aff32f793e7cfed2beeb3de4ce0f8fb8a085311f2ec07f940fbcc0b3d0917164d056d06fe
e6470173d84bf0bc0f990353fbdef7c80f910f08fbd00a2df633ec82102e08dbf6ecdfdf0e7fe03f1d9c0ce2eea806170221
004e00b2fe91006efecbfda00125ff1501df0061ff9cff26019aff0e029bfffa0176fff8fe03feee024201c8fd9efe79fcb8
f663fc4905cf00f406990c4efb9df257fa79fa1afebaee51e145dc270a230b52ff6702170d961716fdfdfba00dd91aa708f5
078f11b5085af7c9ff45f9d31134043df08bed77011f0fc1f7caee36ec9e0fce0950ee5aeb5bf7410ef4fc970732f3bd0d8b
fdc6ff42fda30105fe72fc26006ffb99fd3cfe26fd100113f976fd22005bfa86ffcffccefda0fd9aff74fd26fe76fceafb35
ff5f00b50204fd64fe9afdcffc0d0022ff18fefbfd03feabfde20282ffed0263fc8afc2cfc15014800b602cbff22006cff18
ea640527056e043afdaf120108ce006903bbf2e2021bfff1fe0704a70595fb91ffac1251ffe50eed01e9f05efaaa0084093f
fac009d0fe62000ef893fb2b06550cc60cd3f0b71ac00fa3142a10d2024f0385fd98f13cf0a4e4780d0a0579004df185f098
ff79ff5bfca5ffc3fad401230229fcdaff02fee6fd6f039bfdc2fe5a0297f91dfe28faf0fae8ffb9fb03f769fac3fb56fe93
ea85f95e08891ae4f93f0b18048701840d6013be070bf690fe140804fd86f913f32008a0fecefde40ae5094ffe11fc5b02da
280d051d0cf0ffb60f7efe77f1f905eb0fc1e74b0060ed15f1be0722fb9df8a805a6161dfd81085b00b011fe0677f07afc88
fd2dfd3a0c3b07b50a1f1b360b0515fc07c603c6133ceec8f255f091fb50ecd4eb4df654ecf4f704e95202cf02030ab9f4d3
fcaa0273fdd0fef7fdde0203fed6024300d3fe93fc6cfe2efd9efd80fd40fd0cff230133fca80166fff8ffa0fd2afd6c0189
05e3f9c3ffee011bfb300a3c063ffaaafdcdfd7a0c3a020601cb051afee0f689fe07ffe30b591314f543fd5b00c003dc047c
011b043dfe2ffeac03fb184b12adfe560054026f21a70ad6f37cfd0f0aec00a6f6be0651f594fa56f6bfeefcf3280926144a
026cf1c8ea49eefb108af6f1f5daf9a2f6770aeff90ef0b4f87afe6afe20fce5015ffab3f23ef736feca03b6013905d2fe04
ffb6fd8ffeb2fd180124fe1a0088feef020cffa901d10072fe65fcc4fdacfd09007d0026fc73fcf9fd84fe43fd0bfe5a019f
e27ad0d0eedaff1efdcbf79fcaf8df3dee0b05defd34b812e896fa14070ff5a605a4061cf1ac0789f95f0636127f0786043d
010600d9fe2dfe68fee20185fd27fda4fe14ffa9fdfd00c0fd7ffd95fe20ffb1fde3faf100f6fdbb0202fc7dfd3c017800af
07aefe2be7500bda0c8802e1f798fac008cafef11f470afd0a5e02fc0a23fe12faaafba00788092de96ef0b6f36f0e5a1205
f39af86e088d01e5f368f5a2f09a0b7901c6f7dbfaedfba10343f520f6900948fdf4002f1a5ff8eaf596fc32fe0c02070426
0076e29eebc3f7c6f42116030b100cee1121f5a70e0f06f9fff0f70c0210fcaef82cfa9509600a3df7c80e1cf15a0c3af6f9
fbcfdd86ef1a02e401a0052103f8fb77fee111361e0a0789fd850041f19f05090800de4106d00788ebddfa7b0b2c0d3e1608
fec30526010e05a111d90784008501fbf815f5e6fb680f3411cd07d5ec560ff012ec066601fdfa29031d018a14bf07bd0764
f38d025806a504c8189907950d4df883f61d03b407f70213f870fa4df522122001fa008c005cfbad0713077bfa71005704f4
fdb2ff77ffa70081fea600460109fbdefca2fc16fc5fff2e01defc36fc72fcd500c8fd5d020601d1ffbcfd63fdb4fc570175
fe82fcb5fe180113ff5501960023fd56fbb8ff78fbe4fd36ff54ffcf0119fabefefbfc78fb9bf93efe4d009f0134fc28fd80
ffa90015fda1fdd502bdfabcfc92ff80fce1fd95fcc5fe92fd12feda019cfd1b0247fe5bfe81fd6f009ffe7302c8ffd0ff17
0e4b0299f9deffe7ff37fb820000ecc7f442104404590956f808ed820d1cfbd6fb34e997019bf14f1aca162814590ee105aa
fdee0006fb90fd9efefafd71fcda028dff6ffff1ff70fd8ffed2fb5cfb75fc6d01fbfe7dffd1f922fb98febf01e703250033
0aa7fae40c56031f0919fe9afbd1fd2a0ddafcc6ef01f668efeff8d0fd4b0100058ffdcafbec01af0759ffa90158fb19fc18
f547f28cf5b2071cfa050229fd590717de33d2d0fef504a001b4f323fc76fcff1124fc2efc5116890a730e7d00b1fca70a9e
0d7d03e8f7ac13fefa58ff31f031f321f48b1321f407f4f8f58af9c4f7290d93093f12150025014ffcf5ff5e0659017b0694
d404d597f41f022c041dfcd5098105410b5a1081ec23f9e4f9fa0e16f83d015b0bbd064d1250fee4032cfd41f15409af05e4
0816fff101d9fa2a0722f828111e13af18d2ffa2092e16a20827f83ced0ffb66ffa2e9e0e1e5dcb30099f5d0f5dcf421f17e
ffdcfccdff41fd6afd7eff89fd5b003dfcc8fcd1ff0b001201e300f4ff40fd9f017ffea8fe0efca6004efe7dfd540100fd07
fd3afffcfd59fdb2fc200109fdbe020afb98fa81015afdb003630048fb6cfbd8fb83fb8df9b1fd30ff6bfb65f96fff2ffd7e
faaaf97df8c1fc4cfb82ff2bfea3fb02fde8ff1cff65024fff7cfb53fe59ff38fe1bfd670014ff0d01510044fcbe00b100cb
fab2fcfcfccafb83fc68febdfcbbfd13fde7faa1fd6a006efdd8fc7b002dfd72000a014fff11ff05fea4fb64fb8dfe7ff999
ff6ffe25fcbdfe55fd9e018dfe2700a8fdd2016ffc3aff0bfd70fd7e00c5fe83fd1ffc5fffc3fd0efa16ff86ff89010ffd55
00f2fedfffc0fcf3ff07010bffd7fce1fe2cfdf301f1001900cdfdc301cefe1c0159feb100dcfefcfca7fcf5fd58feabfec8
048b0a1c00e704cd05cd1821ff49f3dd02deff1ff030ebb7abadea54f4040d2adc7c0198e768f8bb186fffcbec4ffbb41461
09a7fd48f9cc095dffa7f69dff68ec77efa70ded0a6d0349036012db04fef56cedb8e61bf4820adb049502a3eedaf44d18b3
fd4bfa2cf8c10004f1c404e3e6b6f062ff0ef972dcd4e930f533f130087f0117fdf20d5dff09fe7ff367fea009960676ec34
ef050bc2fa740548fa8f128e0ddd03ef025d00121f13104904dbf7aee4bdff9cf98bfa9eea25ec4206260c6506c403d9f85b
ff15fe93fd2b00270173fe1400afff5bfd82fdc6fc940180fc780062ffe9fc2601a2fce5ff52fdccfb81fe16fc92fd4c0147
fd310eb20d78fac201d5f10b160a04c0ffd7f3ecfa7d07c40b3702910700f83dfefdff6206e118dcf0420011fe110a1d08a0
ffa1fba0fd82fe69009ffadc012bfbf600d5ff33ffd9000300f7fb80fbeafd4bfe3e008afd77fd9400170023fd6ffe9601a8
09a709050c7cf2aa045cf8b1fd790c1807350342fb8502c90517fe3d03f105c8f7370ce107f00b3df48ef518f6020f5e14d3
0a96f9030c060ed6f60dfdf1009df5e60d171377f256f156e3cbfdddf0eafe49ff27f56a02de06bd0094fd0f0ad8f45f08cc
fd33fcc5fe480129fb20fc36017ffaa40083fe19fbd900e0fb4a000dfe15fd08fe2dffc0001efdf00001ffbafd49fd89fb95
0df30ab30714fbde02cd13191247006bfdbfff65f12503d2f1c203c00050f44e003802b8f849f5e101d8fba1f73d01610853
0195ff70024b0108ff08fe9cfb16fcf3fc2efdeafcd0fd5ffdc6009dff4802d6fb8aff300202fe38ff5cfd93fe57fe9aff7d
fde9fd89fd03fd55ff56fcccff9aff8901e602100197fd9e015cfc48fd8efdd2ff72fc5bfeb7000dffd5fd5bfe12ff4200b7
fd36fe0ffd5bffb00091021dfdff016efe28fc7cfeb50142010aff52febffdeffed200a1fe71ff08ff9bfd64fb3600c1fed7
0043fe39020bfc9afd8c01180014fe00ff0100bcffa3fdadffc8ff10fd6ffd06fea3fcaaffa5fcd50053fff9fc97fcb9028e
005fff49fd15fe14fc8d0014fb83fc16fea3fb94f92cfb79fc5c0036ff4afea2fb4afc97ff94fe2ffe9600cdfe20faecfdde
d2c7f9b8f8ebf13705c5d8d7f455f85bf50d16380a77080101e308a8fb72fb71f87cfa73f4fcfcb10265025610d2068f02b2
ff7cfdabfceafe5000a3fda50054009ffc96008f010cfc6dfcc6fe61fe13fcabfcafff3801cafb3efb24011ffd4d006bfec0
f751fd6bf982eb6af3f9ea1ffc45f6bbf592f3cbf6e4fdae0660f5bafacf0848f995fb3f05ce0e01fba203ef07ecfa4d0688
ff86fe8700a10088fec7fc270244000601ccfc7a02f80032fc310232fe4efc83fd93febdff75fcc1fd370211fe1aff01fe06
0319fc68fac8fc3a007201d602fcfe1dfde1fe36fde604d903770170fd72fd4cfef0fefaff16016a010300f200dafc67fe05
ef61fb8207dd053fffcb119d11730e18f4c8e3eaf06b0c0511e2f88bd344f19bf605063e06c1fe1507bdff38fd94efef00a5
fe7800cffc78fcffff3c01150098024dffa1fd660067ff4f013efc70ff210024ffb6fd7ffc6efcadffd6fd9bfe81fcb3fca2
0085fd150218fdeefd4b0042fd5b00c300ef020ffcc300bd0250fd11ff730032fe8a0200fd9efd90fe72fdc9fcf0fe33fdf0
21690f0f19af147cfdb5c410f14e1312fe7d02c2e88bfccd0234f7a8fe9d18a8079f07adf1ebfbf91c88049cfdbadf97f605
004c00aafe4f004f013ffebbff4400e4fd09feeffd1102d7023ffc37fef5ffd902acfea90197018efe4a0073011e0023facf
16f4074d0763edeafc55dadaf6a5ff980e6a0da208cbf961f88a1753170ffc8202ed095e1929063303f7f3b10eabfffceb3f
006d0024014efecbff76fc0e0032011bfdf8fe87fff400c0021901db014ffe2bfc83fc46fd24fddffe01febe016cfdc8fd10
c455ecebebca02a2f305df8efa6d0526015bf68af4b9f5ac1f59fdf2f15d061bef4c1209fed3032f01bce975f36c05de0333
001fe59c05a4e452f42d10440b7301e8eb91f07d023312730564f81ff8c2fd9efeb603f30272fff10df10ce11146f6010a34
00460167009c0276fe420133fce9fc5201eafffb0128011b01abfe7cfc80fe0dff4efdbdff64fd05024cfcef015a00e6ff73
0f07f266192f0a910d4af742e9c70810029e0172fe55e79206cef712fe85f483f9a1fd76063e01ce0c9302c7f6e6f0e50707
e7d40d4518b22d5a0e62f607016c0838f08406a61abe0842076e027c0493fa8c004e1075f6e1e9b2ce24d26af1abf26fe5af
005bfc88ff6efcb4fb80fedeff9cffe8ff9dff3dfb35ff060252fb730109fb66fc8602c9fd0a016bfbf3fc4b018e014a006e
1c34186d14c8fee909f61077f9ccf83ef23cfae3e904febeff40fbd1fbc5016713b6060805a9fe8a039f121c024bfe3a015a
e799f998f2a2029ff9e717140686ee46f0b2edcd171efa2beb7dfc77f3bf12f4fbadfa1aeada079902c6038c05a317fa0443
01c9fc8afbb2fe4b01a50123fea3ffbdfdc7fffcfe97fd0bfe59fd68fd39fc7000160111fdd60282feb0000ffe9afdbd0063
1c1d11d710660fbf06491ddb02040340045b1071130cfe59fe11ffc30415f7a7f64203aefb300e9808400b0616130aeaf74f
f54a122b0c6ff644fa540427feb80b14f4a300c3142107980f620aa5f0a506ca0af10f2b104eeba71a9d0e370b86103406b1
fdeb0fe317e91348eb92df5dfe2c0ec70cae01fb02520c0311db091c0a0623c810eb0a48035405a10641d158f64705f6f100
00070a8beed8df83164b0205ef17fc82dd8f00c8f4cdfa53fa6c06b6f8e5fc0809f50664071bf8faf4e2f4b615d00a78f863
fca6ffdfff33fd61fd8f0035012efcc00251fde5fe7cff6cff16fca601d7ffc6ff0f002ffe29003efd96fdc8fcf3fd480217
f2c1f3e606a8fed607981229f92fef9b00820dc7fb020266fcd90265fdd2083e11840cc0fb42ffcb104b0fbdfb3ffda509f7
0230ff6f01db022bfda3fe19ff25fc910160fdd8fdd4fd8ffc3bfdc8fe71fc78ffe0fdef01e3fe1501a4fe7ffcc2febf0107
17cb0b6c0c72fd0b08c7012c0c560bca05060399072f0bb209d91b96136bea2af4abffa60e72053cf2de0061eeb01d55049d
00faffaafe19fe6c02c9fc8d02500211fc95fff502bdffecfd09fddefe92fcbc01f8ffa1fed3fd55fef20246fd1affcbfdaf
0e89071dfebbe971fe341148ffc2f360fe18019a17c41444046efce90466ffea0b8407da0abd057fe73dd84cfe4f05a5ff30
0c13fb29f7a4fa68f720079f0076035d0938fccaf5c6fbdb060f151107fcfad4082cff8f0a64032a12e9fef3e6cb08e7ed8a
01a400e8fd41ff290086fda0fc44ff79ff6701080018fdfe0231ffb801c0fcbbff3afe71fd19fe2cfe0100a9ff64014efc63
cbf0db1d0b430f1efe3612a4f316de750e33fc42102910480527f324033301770ab7fb28f5f50558f61bf18b0626f311efe0
01d101b3ffbb0130fff1ff80ff86fd03fc3afd63fe28010800ac026501e8fce4003bfc76fc38fecafcbd0041ff0d0112011e
0f3707ce0c9c1256080d127a0dea0d5a10b01062f899fd230c5802b6ff9ffbbbf47a02bf00cef682fe550cca07b5f30400f9
05b9febf08100d9ffa0afca4fc25fe990c80f6c600cffc0cfd6f07c1013ff8e51a590908011b030af6420f701208f5390104
f01ceae3e5c5f077f5d00afd000ff3dbf5b6ededf48af151fa5708510c51fb0efe9cecaaff3801e7076aef861d1522e3f9e6
fefefee1fed7010e022efeedfdfefead016f01c6011efd49fe3afee20032019f00ee0084fdc0fca6ff63fce0ffb4fde8fe42
f4fbece3ed4ee673ed40022df5420123fe88fb1110f0fa31154413ba0867eda9facf109412e2fec8102b00c6fca2e35ad11d
012af4fcf5fe04e30e490890031d06270596093e02a6ff211086064ffe361a4815eafdd4ef6705d418a4e9a9d994fe42ee31
f1e0eb6500eb0115ef6cf5bd05daf0c4f1f4f0c312430ebff0c20391fa761bd9eae0ec1c02960fb3f07f07cefc2d142402c0
f57317ecf7e30dcd0ef5fd9905a7f608fa4f0e3f165310c8fcf3e44bee5dfa29109d0f64f8a000d0009fec78f5eef797f405
f81210f3f752097af648233df978f828f3b8e7d70f98fa4eeb04faa8f31c1c901655fec8f480f8cf0fdbee82ee341994101c
032800d3fae7ff5e0082075402a6f97ffb2000aafe4eff8dfb1cf646fe1bff2ffbf4fae4fb1efa6f010afd0efb18f83afef5
fb54fed6ffd1fc75ffd8fdf5ffe502580205ff5cfd26ff65fef0fcb70264feecfc8100f3fdf200eb00a3fd9cfdcbfe1bff40
fec1ff1cff6e027502bc0254ff0bff89fc9cfe76fd76fc6efe9e01b1fd3d028401da01f7fe5000fe0060ffac001bfea5ff01
086f0c5d009c004503e0fb47027a0fab09c3011a0a27fe2b1184fea5ea230851f0fd0186078a001d00daf9cefae5f7040194
06670e8f200f1525f4d7f1e704b8fd3defcff5d9f642ffc0f72fdc85f3b207cf02b6fac0ecce0ce00ebe0bfbf40c1936174b
fb7803bcf133f71efea4fdaf0dd4fe5cff45042826e4fa12f836063907a2134c0b4708ad0c1d0cbdeeaa0189093afd9cf129
028800cc003bffbc00b6febf026200e700bc023dfd6901a401fefc8d0236fd14ff35fc7f020affd50087013dfd340137fe4a
c09df0e80db30581eeb3c836e0a50264f899fa26f40ceb8b09db1db0f5db0681de700f140497ff3e1c8dfaddf87efb72f792
f3ee006aea3beb2efc7404e70351faf3041ffb830661f6d300ce09b9f4b1f964022d057003c30361f352f2880a69f2aef23a
fdf7da110a6f0ddafc48f5a2d97af8bdfae0f914070cfe2d0318056e069e0b2d01cff940086c01090697f3d8fc84fa29e5ee
05f3009bf3ea0454048810b8fe72f651126f00effbd2f3bff8a402c0021dfa9703d1004d0467f6fff1850413f45de933f197
284212aa0ab707c3ff7e0065f8bbf994fd730222d9e20fab20800d5f00d0e86bed3809ed00daffe0bb8fcae100c012601a77
e244f85efdf2faab05660304f6d3fc590b400dc90a3306650dae086009cb0117f2f200dd0625009cfb8207180640ed75071f
fcfcfd5efcba0189ff34fa70fd5f0058fe4e004f00bdfe76fb36fe18fde3fe2cfc75fb78fcab014dfb4dfddbff5efd76fc0a
10ee167610010f9bfd841a2e277802b60e36fdb8e3ba0eebff841294eaecfc5cfceb06b70793f9a303d6fb5f0c6909b1f270
258811e8094afd84f59df1d502f8fa5af8a202c4fb99fc8af5c70c4afde8076fee4ff5c4f7ce001f18ef092a06e2ff7e1385
fd33004cff6d0013fe88008fffce0112ff92009bfff4fd3cfd2ffbf3ff84feb7ff58ff25fd2e007bfbd1ff15ff74fd3ffb9b
ed7bf9830689ff0dfc7dfe9b12b0ff2ef9610593077cf2470473f3d6051e0fa4e561f481f9ef16c309b4faad1e26fee9edae
062003c80ed70886f4affc3901bb004115e4fbdefa590e05020bfca9f2b11131167d04d9fa45f37e21e7075607fbef930044
0cd200a3f06fe210ecb5fb19f2210655fa8d0533ee94fe8ceecf1384f74f01a0036fe99807ad01b41bdffa51ee2814ae01fd
007200b20084fe34fe8b0063fd92ff11fc5ffcb5fe6dfe72014cfc92fdc5007bff50fdf7fd1bfe24fcaefd5801e6ff90fc5d
208f00c7fce6fbc3067f03c0000a125dfe2d01020706f943eccb0595fdd3086214bb0b8f15511252035e1274146e218f03b2
fa31031d05fd1bc200d5edcb0a5c1d8f158b05d3f404fcd9f0e9f66bf44efaafeddfed98fe5df83015310352fb5ffb5f0ab7
fd53ff34fd18fe76fc84fd79fee50066fe4900580238015e0555feadfd2a026afb7cfd9dfe42fdbefde2fe430019feefffad
ff96ff8cfd05015d022101bdfd2a0232ffb0fdf7fcb3ff1afc6bfce6014101cc0267fdff01020227fcc0ff9d01b4021c0045
ee70079c05a5d420e78d043a0715eb2efffef4090896f826f492eb75ed3e05ba0593dbb8fd75feb6274205bb0d69f76315c5
efcff923fb2005b4fde4f98ff07cf990fd920931e69800d10f1cf3fe064df074f9f7fc4506330400e91704d4ff44fe2a0166
fc88ff6afb4afdb4fec903a1ffeafc4d01440101fceafd53fc80fdc6fef6fe5ffa66fc11fc1cffcf04b1fd3af7b9ff6afdc3
f4791a2908b91387fb3ceb75fe47112e0db5f57d0604038605f2130903a306b4ff87ff6611b105241889fac9f9e4f59204f7
de760753f37804990be405590afee6e9fc8f030d09eb0287f32fd6e4ec350bad1136fa50dd9efc8305d70ea80615e9d6e294
038b207117f00bbc0494fa57067d0787fcec0b92ee490350fb12ed08fa3dfde602b80879037f09e8f118f4d709e6f958f9f6
fe04fffb007cfee6ff22004efe09fbb9fc9f00ad027ffed4ff06fd59fe15fdebfe9efdd0fcd10005fd8b0096007a0293fdcc
057cfc55046dfb67fb3e053ff9c6ef1ffcc00309d423f6d8039ff6c0023be415fd90fdf50b491500d5e1f4d602b600c71941
181803c40139ed4ae5b504600873148408f3fc1f12e50c87f3c3f474ff25230afcf5e219eadb01caf317ee6b0ac108230698
05240bec111600b412cd0ace0bb8023df22b13c7fbaffd40088b043713fefbb4fd0c0638075afa8d05c8ef31bc07e7cfdf75
fce3febafc61020a01ff0118fce8ffadfefa00d6fd9dfcb0fd13fda3ff4f007cfffbfe0afd9200b4fd7a001dfebd0114fc38
01abe8f5f09218d31740111beac0ed6a05f8089f0068008bf10f05ccff41f8f40a0ef70f0146ff81fd45fc890379f6ae0358
ffd7fe1e0013fdb7fe7bfcb9fdc8feccfd69feaafc3ffef3fdc3fef7fca3fe29fde90032fe6002a7fec5fcee01ecfd1e0068
fb0af6bcefca1105fdade8bcf2c805b50fd40286dcbd07c113240934fb82e86bf6b507b6ffdd02fed9200c7303d70aaa0c1a
0e570b38fcba04800a7bf7c6dd1fd868f61a0016eda00efae88f002501a7f59df4c3f77e09960f65ff8bf7c205a0ed1b0c92
11561428fff9ef4b01e41f0d0dbf0751056409341a131213e6eaf475f34f071914c7fd5e009ffb00fcf3ef650c0803e0f065
e791fe92fd6007d40037eddd0e8e0253fe2802711dfc0400f7fff42d0226f9bdfc29ec050711fe62067311dc0bbf17fa0707
de7de779f7f3ec68fb8d0c87f44ce0fcf370fbec1902f21ffd59edde00911ccb0066fd8bf5f0f9a005fff3e9e385fd9a05c8
f3fdf468fa79ec97f77af6b9f106feba039500c3e617f97b0589f37f0ee3e6ecf6a0fa32fbfcfcc8f16409eafe43098bf7c1
fe15022bffb3000501ef021ffc2aff14fd0afe4dff8bfc0f0022fc72fef200d3ffcbff780000003eff81fe5efbc0fd9a00ac
03d6ff5cfafcfcf901560202ff0cfd58fc89feedfb9800b3fc97fe1100640240fda6ff67fbe9fc25fc0efdbc00c3fda6fe27
fcbf00200238ff24f9fafd5eff150088ff64fa98fd4800fe025cff69ff8700e8015cfb99ff06ff1400fbfe54fb91fdf0fd48
f6391618fee6fd06f876e7e8015a08cc015200d0fa5efd8e0188039d0004022e030f0083f97006082ce308ccea9704d5133a
fecf00600421f906ff5b0121ff47fc49f9edfcae01810147fe0afc9efa560144f9520035fe11fe0aff8dfa07fd96fa7001e9
131e020900d2f487fb26f7b4f027f186fd120e34ebbde2ef01f4057a1094ee6ded27f59e017ffcb90af6f728fe65f934f5cd
062dfe69037a0c7c0afcf79efa50174ffb8908ceebf4f17f00a603e711bae59beb54f4b6fc4004cb07d1f3f60712fa560bd8
0862fc910e42116510c3fbfbd6ad049ffd050b47f72ee230f1f8f601fb5cf9f8fe9ffea6fe17003afe4af8b4fb3ff51efac6
092ff00aeb97fd210796146af66d03f710d10893024bfe7003d814850ef511ba0820027d11d010bc05b60ca8f0de0e980770
09a50dfc158608c40e03142c0e69fd4904881714108def8af098f8450a0ffe2200e0f70ae749e60aeac10fbdff16ef4bfa89
fc8dffdb028bffa4019501c2004401b50109fe42fed000ff001cfd3501e1fe88fe340013001afe20009901d1fe76fd2a01ad
fdf6fe1afe420356ff6eff94ff86fc3efdd10114fc69fa55008cfe940115fcd6fce8fbb9ff06fe24fc68fe0afc7dff9dffec
fa88fe00fb0efa49fe7b01da026efcacfa7dfaeafe5bff54fecffda5ff58fb7f0075fefffd41fbccfdb3020ff980ffdbfafb
fb54fc11fc44fedafc62fffb0232fca2fcf3ff92030aff9b003efec8ff060572fd70fc37fec2ff51038dfaa3fda4fbcefd41
fed3fe6fffe5ffdafec0fd3cffdffef701aa015f0110fc3dfca2fc94fc79ff5bfcc4ff30fbf2ffeffb10fb5d0047008ffc1d
fca7021700f000760077ff10fdc10100fdb7002dfdcefcaa0002ffe201cffdcb0073002e000301d9024a000b02a0feff0089
edc90264fcaaff4a0a98057bf97fecc2118c070af234f38702d4f50b0575fec7f0bc1013043ff81a10ba0dec15831b811ddc
1069052ff04305300cd6e8b5067d0af3fb240debfde904f313e7f8940a9616e30e010296f7b30a3201d527880907074d00d0
0d1b18f10e06fe09f408ff1608c1f40106a5f4b6014cef2ef2ae06810538f2a0ef4bff18fdaf09fc0ac2fe8d099a03af0c4e
e0fdf72ef303ee6b08e0174602c6020cfaae0615ffd3f1be0d94f33e06ee0162078c0614faa00544ef4b1762145a03cff131
01d8ff62fca4fdbbfe48fd35fdd7fd6cff9c0188fd59fdcbfcb8fd140069fe3cff32fb47021b02030215fed20169fd6cfeda
da52efa0f83600b20c19f87b0555fd0307b2033b173e04b702581048ff4214b10c3e0a6509170a63f8ed1df6fdd8f2d6f8eb
006cff2700e3fc2afff3fb30015e01e900f6fc9afd5701ca0023fcedff07012201d7fea50045fd40ffedfc820169fc130161
0ef11429056f0f2cfd2e0fe413a003031acffc5b1258f8fa19d625b80cbb0f6304ff120b1138fc94f525fa1bd7f508f900cb
0dc70b01e5bf0b311a4a0c3e0758f3c70f74124cfd6401d8ee1810a80844047d04d1011afefc03c71939fefc20c9edc4f7ba
fee4fc2ffc10fdddfcecfe8bfdceff9bfc26fcd8fd78002b003b0047010f006efefbfe42fff8fcc000e7fda3ffbffb74fec3
18db1299fdf7fdc2023d05b213fa0b32ffb6025ef9030b32fb46f910eea8edd1f79cfb40f76ef814e661013dfa3106cd0b35
00960272fe34ff56fee5fcc4ffa5fe54fc2b0202fdd4fff4fe67feb8fd7dfc83fd56ff3ffcd7fd1ffd9b00580057fee8fe94
fdf6ffecfda3ff89023afd6d0014001cfd0801d1ff200038fd1afd8e0103fd47ff0fff0aff18011cfebe0056ff53fcf5fdc8
00f300bafe3d01f3fe0202a2ff5cfd43fe14ffa500ba007efcd3fd1efdd5ff5dfaf2fc00fc72febdfe2afcd4ff29ff69009c
015302070291fee3fe8e011200f6014afe90ffb7ff890172005ffed9fec8fdd3fe97fd98004efed1fea5ff9400b4fd06fd9b
0172008affc9f963ffce015ffb99fecafe46ffebfb6afe7afeb4fe83fb74fc0bfe0dff26fd5cfdff000f013cfd38fd46fd72
c339eaf2e66cfe350288c04b05e10a7917890a0be197089b10da123a0a92f61af3e4047ef9ba01d3027bf57e00210a48fbb9
008c019700f9fe19ffb8020d00c8fd27012300d0014cfd97fc25ff7900e60133fc65ffc2fe33feb8fb40fe25fef7024000c9
da47febe1232003aedbcf7d1058209520940f72e000e0c43ff1b09d6f967fb75fe1c024901030844ffb9f18c0f60068b04c8
fceffe77008401130052fc3ffcba00990099ff64ffa9fecf002afcc7fed0fe13012efd0b021001c90065fd62fceaff2aff1e
fe93fdfdfcb3008ffc63ff63035f01dc00f0007efa90fde9fd6b0159fa8efa80fbeafba0ff49faf5facdfac6fb6cfe5ffd7b
f8a4fd7b03460dc4019006a9121d0b380b2bfccf0411fe760129059eff71f954f9b908cd01f6032607dc02fc0846017705a9
027afe2e0253ff0101c40130fe4ffe93fd38fc91017f0224ff1dfe570043ff540041fd3cfee8024e0113fe3ffcc7001afeb2
00c7fe3d015a02120039ffdb0084ff05fd6900e1fef7fe3c0101fe06fc70ff53fc48fc8301aeff0ffda9ff95fe45fdb1010f
083d01b6fc2efd650231dadfe74c017df251fe6bd459ffb601a5fe59fbf902660c340c82ff8f03ef00f502000101ffc4f6a2
fba000bffcb1fb68fe98fcc102a9fb3002b2fcf0fba3ff95fc2bffbbfee5007e004dfbeffe19fc35faa9fb13fb34fc0afb32
10cafc22f6bef7d6f68411d81ab2016705701422eb95fb13104e1f5b15a0f36e0d84145808271095ff7200bff8230891f0ff
fc8fff71fc99fedd01c30020fc5f00c9021eff64ff56fe24fdea026502e70021fcb0fed4fc85016c0014002e013afceefc3c
f690f12411a6281605a00f030cf90851002c0f5dfe150d4c0ca6eb63ebba0922f8c406b409e2fcff0deb0391f5870c3103f9
f058ffa5fc58f2d3eb1bfc5e0611028d0637f8e51557fefcfc40f39fee7d096c08520c2a0831f62e0f04fc650a3501b7f4b8
fd7fff95fd8f00e4fde3fc3c0194fdb6fcd3fc93fbd402cffceffe37fce6fe72fdd2fea8009afcc60170fd8700befd47fe66
0e3715180f5a01a71fda04e9f8c109500b6efb18082ef2e8ee31f528eaaaf9331237054801c50a250de1fb56f033f90d0087
189006fb0ad40a87faf006a2088af6b7f9befdd0f837facaf9d3fd82ff8000190265ef93037de4fff3dff58f021f0996f57a
ffb5fd51fbcffbe9feb2fd3dff5e008bfed0fd050006fd9efe91fefdfd62ff6301e20220fc860220fc05fde00054fcc600cc
1037fbaff289ed6ef4370c961633e7b8eda8e9f105d90c8bf5f90129f0a108db1bbe16220046feace3890090179a0a77eb73
04cc032d0516fc80ec7b0252ff3ef30af7cfe7e40c4e0f33ecbdec79010b0e1e106af04af1200c4c03fc0a1d108af0d614ff
fe5afd340027fccf003b0121fb77fe07fd6b02540206fcbafc12fffb02050276fe03016100a3fecffbebfe2afea4fe83fdce
067703e2020404ba0e9e07b80509f67d0935ff9cff36fbcbe16ff1a0e8a70abaf1c1f318ea44020c138612e402b404c01158
05f71a7c180bfcdf07320c331331f6dce8d3f63c0c1009d1f2acf155fde816240d6908a3f97a0246f8d000ca03610422f6d2
0f19fc7afaf7f3fef035fcff0e0808c1f45fec0ec6f40178033a029e000efd75fce300befe03f91af908fe54fb9f0000ee82
ed17f352d972ec97139cf2f00c610294f7430b6a00c70af4007dfaa9137d02a90e92e9dc08930573f61200b203a6013c0f63
ffc6fc9ffdeafc1a018f00ecff2b00e701ebfe5efff8fef6024afd4bfe830115ff9f0267ff7efe0c005effc0fd8d016afe70
ff76eee5e6a1dda5fefbfb2ae2f3e72902d1f382fb00eadf00300a5511b0155817c90f1cf86bfcb306e70feb05f5f6110e80
00ae01b1fc8dfd30fc71fcc6fc01fca1ffaeff43ffd301affe52fe8afc7a02a1fc96fcb1fe90ff34fdbefdcafe5aff1bfd16
f9f8f45cfd70f536f95c02e9fb51fa021002140206e9097d0e2a12f7059feb83f8550ae00a8af33bffc2091b02a101a3f970
0197fef8fc7a00f9fd4501c4ff1801d1fdaafded00befc8eff9d0234fcbc007200e8fe980205fca1fd01fee0fdadfc58017d
0fd110ab08f0f759f34321df19c5ff10f020f49f177ffd790152ff62f054fb8fff2f0a0d102311e7eba2f6d6fc7309d710e3
fb7ddb7cfde0ff1cf65a051a05f6fc1d04d8f63d0c5900d30a890396f4e6e4a2092d0b52f266e83207c402fefb54ff9fd4e3
fc85ff7100f6020dfca6008b023000d801f3feadfdccfdd4fd780009fd9c00f7ff2b01e7ffb1012200b7ffa8fd8afe2efde7
ce82e4bff54500cbf46307c9f32af3b6ff51058b144d15fd07ff07e0fed608660f1f08490e86f9de04c808f1f5df04c00ae0
0020ff3201fefd68ffecfd680089feaafbebffadfd32fd9f013e01af001f0178fe5e0141fff101d2fcb6000f0104fe2efbb1
eb8d0007174209130355048cf35702d30e780ed30f4cf854f8f70ec50e78f9f8e7ad002ef4a31541f47cf42102b2f64dfba2
08720141f272f1b7fbad068cf794ff6a0872f16cff35f8e0f8f9fa96f2b7027a1b7012acf057e4f30abf0a8a08fbee49eecc
0d83fa8a05990645f8770ecf0ebdf90aeeb9f5ae0bf6037d07a8fb8b04a7ef05f970fae4f2a2f44303210502fb65fe9a15ca
fca7023c003900e0fd11ffc6fd040146fec3001c00700236fdeefed8ffa0ff00fc66fcab0229fc4cfeebfc9bfd0a01890058
e85ff3e8eeb7f526f488f6f608c10a8117a1f2a3090c1eeb1627151605fd0b8bf3a5efdd122df8e308aefd44f1f70b3ff88d
0c5df6cc05dffd22f3f6fa1508ae06e8fddff224ffbe13040074f301ded314d00ba8f07ae6f2ee921551f0ecf85bda96d57f
fa8be52c0c79f71fec98fd56f96def58f0fcfac2fb3f0954f079fcb3103907ac0b80fe6d013c0f01f9a909bc086404900d8b
dd450a370ace0de9140be42ff2d7f774055307b8fefd0a5afe42ea4ffc58fc0219f2218afdd4d9ff09660666ff940613fb9c
f8befcba04b9ee0f15a5035d0eba17dffd92fb90ec2803180557fc46f923f528f20bf076fbb1e449f5c002b6fe7fecc7ef93
fd18fec90026fce101b0feb2fca400d600f0fece035cfdb5fad9fc0cfb09fc38fc70fd17f9edf7b3ffbcfa48fd1f0038fd9f
fd630063fe39fe44fd35fb01fe730040fe5501defb2401aafec6fcb8001aff64001e019afc7dfc43ff2bff4bff990250fe98
ff5d02bd024cff2bfd69008f017f0047fe51fe360295026bfcde024c0108fdb8ff59ff49fe200278012cff300076fd51fe01
0627fa0d02a9eed2dfb914ac0f420bdb02bafa47fa82f8371d2efb140055e83afd9a0b1204dd03acfe1cf85d00de08ed0a77
0955101316970aacfddc0015ff0012e304dd0383e792eb0bfe190bdffc0406d4f060f1b9fd220b4b0f6a0847f060e9b3ff5c
fc1ef9fd0f30eb2ae1d60d03083cfec3f377ed7200c2165a155ef85300350bf7082306cc0ad206f1f63e0c4b08fc0f3f09d9
003400b4ffabfed200cb011c001f0029fee30210fcd0fc20ffa3feecff7cffdcfef90028011cfd180150fe15fea9ff2dff4f
fd37ec050819e521f59eff6afbe10fec02950114f8d20dcd0f17fd82d89705eb0105fde10381e8a8fbe8f1d90aa917c5fa08
f4c70ec4f6b303e4ff680123fc49fd85efe4eef1f60f00ae06eef9cdf4a208c01490185b0b040bbef9f80d3501b0017602ff
f43de73ef3070f62fb61ea23fb48ff8ff899f704ec3701e215fc0818096414c50ffff6670789f5eff5effacdfc6b07c8f8a8
06f9f7c2efadfb450c0102c1f545f9670be311a6002ff6fff9a213001063ec82048005460b1bebcd049d03c70f1dfea7eb65
06b4fe05fd9800cdf7e5fe76014905db09a50c660d12ff3b04a8fd8903b0f097f630fc2805290576df36cf8e0070ff620e41
ee97f4780674f83c08a40945ff42ee1105bb133d0777066a061d11ef057cf4d5fe8211e615bb028500cef6de128911cf0804
0148fd5b0012fd79fdf5fbd6fe97fe7cff80fb8bfeb4fadefd1e003fff8c0364fd04fb33fc78ff7303dafd88faf2ff48016d
ffac06ad05c8f356dab212560624fad2fb7dd7f3f9bcf6630221f76ce36709da0770fc3afdc1e827086302d5116208c4e859
185a0f070ab307e0f6d412421a1e034bfd88fbe30faf0ffbf7f2f542f7a30aa0054101c8f973f824116106a7f81106a1e85d
008600a50048fc620048fd0cfe7c01100097fbd6ff58fc12fea7fc82fc770017fc31fde8fb31ff4afd99fafbfdbd0056ff39
fab50d71f153eb0c1850f6040e3c068410f4fc38eedc0937210e064602730acbff350f7cf979fd5f045bfec5e9d3d4caef53
0342fae8fda60c990502eae4f254fa5ef997fe5df62109faf5b0f779e052080718b40310f85ff1e0172e1b0efc8706f80252
f17bfc9fbf93d707fbf5ed35021706c806e4fdf70185f639fdb9f6a5f6c909dbe9ffef380378ef6409dee4b9f26ff32ffe25
012400b4014cfcd8fe78ff86016f0235ffdfffc2fde8ff800206018900d9005102a5fc5c01f2fd93fe7dfee6ff3500c5fe7a
0227080bf454f5a4ec50fb5e05d3fe3aee1ce5ed00bee9f608820808faf40691f02c07f70452021afc12f61f0dff031e0203
ff61123cfbce15c0f58ef5ae06f0010506ff06d4f8c7003b0d11f05d0af911fc097dea81fb4a0e010429052e0583fed5f4f6
ff8dfdd600e5fe9efa0ffe83008effa300ebfb28024c01d0fddefca9fe29fe4c021c01160091fdccfe290054ff5afcb6fe10
ffd9fe2200adfd56fd4401e1ff06fdbe023aff4ffd70fd40ff52fe5d020bfea60093feb9ffd1fed302e8020cfe92fe66ff0a
d8b40862fd23f55ff61413c5e3ccf099f075ff071993f5380509f032f6f306b0edf2f2e70301feb00ea6f450f7690a8cfe7f
f2f0e958e7940801ff2106c8f9bee71efbe9fc640d140d610245fea40101010ff1b803abff22042b08e8f899eff6ff561294
f968fe4002c800cafa8402b6fd8dfe39fe16ff77fd8dfb51fdc1ff9c0425fbe3f98afceffe91fd78fd81fa80f97cffe2fe4f
f260034c1fa92136ee5f0e99074b0896fea5f5a1fc150385072916b1195bfb1f092000ec0b50013efc06126bf8aff442f669
fc4603c2fba20938f93ffca8055cf252f9fefa1f05540009efc7fd56f78d0c330085ef4dcc52f000fc270fe5fb2adb17fa55
12c9081afd4df89c0bb804d311b9e8f8fddb117cf7ac0724efacfa45fc9df70709d5edb2ece6fdc2f78514fc0b22fc0c09c8
ff2dfe74fde2fc21ff6dffbaff8cfcc7009bff29fc7eff5afd9efce6011800d8ff53011e01f700270070ff4e022dfcc7fd72
0763f34b03eef77b0576f9050a46ea10f210fd60fa4cf71eff16fb96ff27c6eede6df6a20f8f15eae97dfc810a3c1335121f
ffe10ed1ff1c00e3f41af3f8fe20010e039dfe600218008c04f4fc490671fa4ef2c5f273ef680649fe8ff6eb0156061805b3
0b39e584d053effd0bb1038b07aa0a2300c40d9df9cbfd8c02affe4a09cc07c40939ee35069be4a30a8e07c3fab8ea45e4fb
fe38fc6301ec0129fd2000c0fedeff8afffaff670112fdb60078ff5a027bfbe1ffe3fc1bfe2f01c2fdeafdf0026bfedefc81
0648ec82fc420f710d77edc8da17f69d070bf113f9cddcb60356f627fd1308d001dafdadf1f4046b0198fdcf075700c0f7a1
fc8301a0ff2cff7ffc8100ddfbb0008efb4dfb74fd0ffd74fe76fe8d0322fd75fefcfdbc026700b10150fd8aff7c01b8fd5c
fe61f51107faf9b604cae80305970555055a0502ec180157053cfb16fffce0cefc1904470196fd30f237ea9ffd1806aafeba
12f306def7c00ddcf0a8e460ecb0e7fb0000ec1de615edd1ecf2ffbf06dcf55ae8d3fcedfc371677e619f738f9eb0c6e15ec
0813f265e5f8f8e9151419a8030810bb0aff061c16eb00dafc86fe8aef10f3cafb75f3cb0a60019b0cadfed5fee7fdb9f88d
f69df34d011f06510c3cf9cf1e04d9ad0d00f6ea0801ffc7f7f0fa6cfd1b0361f632f430fe33eaf3e4a0031c09bf1bbffb12
1121f67a03210e9dfb8707710a790305ff780978f9c71726099ff5d5f3b90ca702a10531f94f02b802eef33d024df78410e4
0544082e039b09270baef8da01631066fbfc027af8570619fdf5fa5befaef7ddeb88f655f60aea15fa8ff81f0addfcdc07d4
fcbd0217fd860147ffea01effdc2fc9dfd91010cfd2bfc2a0076020601b50059ffd3fcd7fd1dfefc0172fcce01ff0199018e
fd010011fe30fc1afd24fe40fd21fe8bffa8ffbeff50fd55fb2afd86fcfdfb0effb9ffa0fed30031fd37fea5fc6efb83fd0e
fc0cfdb70136fb7ffcc4faa0fc0efc39f8d0fcf1fedafab20054fbd3fb81025efc1bffe8fd0f00b5fcc9ff57fda0ffeafae7
031bf397f8a8f342e04dffaffdfa06a5f94beb0603540d11feee0d66fe49ea93faaefa3105fd0006090409b6ffc7f02af40c
fe2c0459010afc0b01d80021011e0309fee6fb9bfefb02b2feb900eafeabfbc80115ff3900d8fc5efe49fe9e0329041fffa0
0451f38ceabaf0fc02b30bd615790bcc05b7084a117612bfffe201cc18bf0b0416aa0b77f9ac0c8607800ab3120405adfc5f
0f22000b08050983efbe036c04f706dbfac4fe721ce612a008d9f7121261fe4e0068f7ceed6006e00c4000fa027bfe4f0e95
0aa6197411222b56f9070859059f06b90cb209a9ffe9fa89fd940aee09e90975043607a906e1077209cff65d018afc21027e
ee5dc7ecec7dfe0cfc5a145ef792fd77070a000102b40a8704b4112a08c904a40eee0ab90df402b3055d074305a615a40882
12a114d80f24008f0c680eb6102a0d850918044e084b0b6d0ef10180f846fac5f3cfe67dd232d62f015301eafc26e918ed5f
01c801cc0241fe95fe5bfed1ff040028ff81fd5efcd1fe3b018dfe95000cfd6bfe97fe74fdd50184029dfdd6fef4fe1afe3f
f9defc22fac60005fe47f908fd94005fff9effc7fd5ffc7ffe590019fdcffd2cfe0701d501a5ffe4fbecfb5efc82fdf2fd0b
0057fe9efb73fd99fbe3012dfd72fc31f94bfb7d0056fd9afc02fcdffefaff7801e30071f912fba4fb77feb2fd570003fe85
ff43fcaefcd2fa35fd4efb27fe6f006d0028fd52fc860151036cff8efcebfd9bff78005a010dfd59fe49fe370012ff160004
ffdaffdcfe7cfb82ffa2fc4eff2fff61fc96fda40181fec7feddfe7cff1afea4fe4eff26fde002b5fc5dff52fea1fe130045
0208fbe5fecf0008fccb01bd0190fffafe43028901f6013cffad006702b000b2fe5efda4ff67fd4a0169fce300d201a3010a
04140825f1bbfc341109043614a5f348faeb0418f3ce0be0c73b0d46f4c1e9e4c6e5bcfdf06b05ba0c52f28af17bffab26da
03d4f71af1a111bcfccc0134095be75b0c6f040af474f624e3c00a10ffc40dfb106ad9711fab04f512980cc2ed390ec80e6e
099908a1ef40eecff6e304a4e8b4f1ccea80f69c0ba5e5c2ef77062d004d03a4fc0d0a5400e5ff3314f81cd60f9c0eb7f68b
0238e9e9f88417a1179702ec08690b1d068df07ef56e046bf2a4f7d5fc18f850fd4cf9d1e331f0ecf95e05c9ff84ea66eaeb
fe7eff56fdadfdedffb9fd7aff23fb7801a2fd240064ff9c0016fd02fffbfbde0021fd9dfc36fe29fe79fe9bfe30fb93fed7
fa0df79c0bf4f79401a5078c00380d100a71fc6200c0090e118405740b04015b0f280a391c641397f86dfce00102faa31252
ff0efe3ffb97fbf8fffafc7d0038fe0d00dffff1ff41fcfafe8a00060145fdd1feb9002efe76ffbffff0fff6fbf4fb91fe6e
033408bb14721a75f9f4082d01a70ac7033e07cafdab07d618ea131c0bc10a4105760e07031109700554e235f13c00480587
f7e0fd581937125b108cea35f34cec3911a20dcefda6dc53e32d16610927081ef65ff5141045173505790cdcfe2706b30d23
002cfef7ff34ff6efba8ff0000c8fb8f009cfee800b2fffdfedbfe0cfcd30010fd61fc00fde5fd90001bfd62fee80015ff5e
09c50ebc04c20a1906ca0f000392065d07bb0617045f1e38f635fcf90816ec62fef9fe8b08ac151aff0ffbea114b027d0ee0
fcc8fc37ffba02c2fefffdeafdc000e5fe90ff95ff28008efdccfdfcfd45006cfc54fc34fd68001aff8700b50041ffdfff80
018cfc5dffa00231fec40169ffe9013501490225fe27ff57fdeefdfb0008005cfdf8feab011a001d02aefcf800fdfe3a0039
0292feeefd8f00adfc03fdf101e3fe4afc1f00de006c02a8fff5fddd0240ff36fca7fe40fea1fd6efe43fda2fe8f0066fdf0
0191fd85fed2fc9d0035ffaffeccfd3e0019fcfefeaefca8fdaf028800150185fefbffd1fdd601ef01fe0165ff78fd190211
004ffafdff15ffb1ff76fd39002f006efc87fdf1fe65ff17fac2ffdeff16fc6efd53fba4ff78fcd2ff8affd3002cfc06fad1
bf7d03d4fb56fa530dc0d35ff1d9013c0cd503a3f5a10de4008b12a419c4fa9d07c0fa480415075cec6afefc0291fc2c05d0
ff2afde10107ffbd0218024d02480105fc8f01d4fe58fd7dfbe4ff33fd3cfded01ef01ebfd9a00e3ff260003fedafdde011c
f9bf09fc0b23ed62eafbf04905de068ff740f020029306990170f57cf6e10600f33e07490326fc6dfd48071800e400540916
ffe5003b0181ff01ff8dff7f0245fd31011b019bfe9c02dd002e018a014cff46fd8cfdf6fbedff3cfcb702320261004dff26
023a00630077fef5fb84019d001efeff017b0106004c01f10064ff9cffe7fb05fc2501c2014bfaa9fe39fe20fd65fd72fa71
ef77038118cb1504036905a813f4120d01fef106f9b0083a0896fbfbea8cf0d906e4fac1f7c7fe8305e008a90138f1b909dc
01effc7afe63fe72015a007f000dff5afdacfd74ff64fd850061023ffdd8fbf6fcdcfecc01fc0179fce2ffaefebe016dfd49
fce5fdb3fe8cfd6ffe6aff4100f9014b01b4fc4dfd27fcb70190fea6001bfc49026bfee2017b025bff9b004a01a10072ff50
0d170b72fca1066d0d44129d13ad0ca50931f1b701ee030919810440fe2ade490651165b167404f7ecb6fe46fde10760ffc3
013400a500b8fc5afc72ffd9fd31fd1dfd06faf7fc54fefefb4effbbfc3f0136ff4ffb64fd3c00a7fe11fed1fe7600ba0191
11fd0687f43c00bb0eda00a2fbebf808fb1e08e8d24ef2aceea4f5bbef830d5a0163ebc904d3052a0fe601dc031106ddea93
010ffde60071fb82feaafe13fcb8fdabfe4f00b9fd3500f0fcc8fce4ff72fda0fddefc5bfc63fc51fcb6fcb10141fb62fe1b
d52aece5f7c8f0ca0c24e9c4e8daefd103631fc900cdecfeed7affaf3101f4cf0f0ffe66edddf15305ddfce10285faaf0984
07440936fdd40648173c100dfe46e63d040a1627fc5eff61f3a3096b115709990b3cf947f2e4f773032af84deeccf592fbaf
fd9a02ed008dfccf0113fcef002701e1fca7fd66fc79fe77fbd8017afca1fd1a024500460070fb7e0052fe040165ffbdfe3b
2e7126cb0d19181606e302570990f2b4eee2d12a0a220b7d0002dfcbe4dcfc6d01e0fa7207800352f44400b8fecf0517f00d
0276e9a8ecf008de1662fa13fb47072a0f26f715018cf8adfc0c0b03fd7a171e00d108e20e5b1098f882004ff895f52ef63e
fdb301c6fefc01f9ff9cfeb501d7ff60fc10fd0a018501dafc3bfceafc82fef6fcecfce9ff3000de00fb0294feeeffdafe43
ee94edc8fbcdf3cde98104b0f1ab01c40a8505ee0867f54cfa3efbf4f6b509fc02fffb6ff4ffe9e0f43008ab057500d5f57c
e0defc38fb38eac3f1a2f582fc5b0d0d075d01b5fc520415061805ec030113aa051b0592fe40fdcc00b0046bfea7fec101d8
fd93fcf7fbe5fc83fafcfbc70034fd85fd0601a1fd2c0067ff68ff4702d700f9fde100adff8e0299fc8ffe760152ff3efe81
037d0e5605f8081e01c008c512090ced0412e25f055ff20ff5c1f946018d07bd006e0f6a12def497e709e84dfa9b02080a47
e5eff891231110adf8a1f23b02100e05ffe8edcc06f111a211710c761c8df57ceeb00aef0d1f038102bffd7ef930ef8ef581
fb8d0564fcbafc010fc30900fd4b0ce215db0735fd300d85fd63f925f9340548101a028df1a2fdf6100c0ab4078406fff8fe
f930fcad0fd7191f11830489f0b7f5cf0844f3cafebef536f2500614049fee86f434fcd2fda503fd00ff027702500272fd54
fd0aff90fdfbfed0fde2fd0afce30164008dffaa00e4005affe8ffe6fee7fc4ffc8efdc301adfcfa01affca100540230fc27
fcffe583d733e80ff1cdeb19ed28fad6f7e2ef2d03f405781d691a84037bfc54fdc3125b0a8cff46feaeffbdfdda02aa027e
0060ffaf01e3fd84fc2700bcfd22fbaefc31fc58fc51fbbd01bb01e2fcf00037feeaff4ffcd2fdacffd9fe8b00d1fbb600eb
f616f87b02a4037c06460191023a021e00980cc5099c052b0686fb1de82d065c0c1a01740512f495ecd5f804fdb004b1f38c
fea7fbd2006bfdcafd9ffd76fbcd010ffd21ffa6fc16fe25fc4c011300f9fd40fd04fc07fdb20104febcff44ff16fb8700cc
ff18f8de07e60af1f962ec82e999ff0bf7b30c8dd8c4e76bdf6ef0b2eb5f0a05f93502520c0906b7119601a3fba1ff0903f0
e7bdfa6702d10dd1fc62156d04a3fca2f5110a79000a07e3f2ccf43d16d9fc2205cafcfb043bfd1408b10620071cf44bdcf4
fe0effb0fee80108fafafe45feb9fbf0fbb4fbe9fdfb009cfec4fe4e0111fed10029ff80fc52fece0107fcf6ffdbff25fdba
04e10bf50b4dfeccf5b3f82bf4580d9a0f1bfa7c08fff456ec24f4aa086603b2fec2fd70fdee01e301e8fe1d05970b3f0ba0
fde8fd5dfc0afe0bfcc6fd90fe3a0098ff1b022efeb3fe1dfc6fff10000702c7023dfcae00a0020eff47fc2a0092ffa6ff5b
03d5fa6ef2aae85b091b0258017bf75ef52af96313e615d70e55f1acf6bf0c57f6ff01fdfe31166105e1f87dfc06f6840b97
fb03019fedaaedc1f63102d206b20055f371f7afff670c11fffde1ca00b50740fbfafad50a6efe69fd4b0be30713016aeb4e
11c820b31ffe124922870e230519fea4fd2d17ebfbf4fe28f5c1f33bf2f0f609f603026c0475f98901c6fb50fbc4045504bd
fcb8fc7fffc9fd88ff43017ffe37fea80003fcd0fe7cff07fc41fd6effedfe26fd6fff9100a4fc6dfc7fffd901f6005901af
13bf0191fc2bf8fdf8611755119d04c3f1f00a21059e045e023af82cffd80ee1039c0b8d03eb0506e7f4ef98fb7c02aa0895
06ce0e4608e7f98ce581016100bcfe38f6b7028d0624056002340bbb0405f63a0ac019530482f6500fc40d0cef05dd43eeda
08c6079103eff5ddef20f7a5f5dd07a003991ce6f81115c60e0e0d390cc6f4780306097cfb3ffee4022ffb5dfd16fc46f77d
f756005c096ffadefcb50123e1c306be0289f0a0eb43e5f9e8c3f4b00441f46e0616fc6bf83bf67cf041020803d20381fb36
dbedef60efb808072187f200ff00f83301fb1c0ce97afef1f544ff9b0abeeecefc1b04d4008112cc04d80004fb35f8690c75
fdeefe8afd35fecafcbb007cfa67fcdbff54040c004ffc0fff94fb90013c0132059000d5f893000ff7eefaa9fd83fe00fe67
ff54f9e9fd110069fbf3ff8effa100f6003dff61fd7bfbccfc2ffbc1fda7ff87ffdbfc14fd55ffa60053ff73017afffe0063
004ffb9cfe2a003b00a9016afe23fc4cfd85fe73fef2fe66fe66fe1bffe7fc97fc85fffbffaafd2cfd2c0113fd4c0019fa9b
ee14fd44eeccd7ebf3a3fa4c0707e9e4fd1510a4e994e96eed4d046f0591fdbd00af0598001bfbf1f9d3066902ca0650fde1
078601a3ff2004e41445048613b10aa60ae2089b038102f903b6076c047b06fbed11faa0f44204acee73f312e2b2de65f936
fed6fc30fe73e152f2b5fecf050bf7e3fd69fe6ff89302250149ff5101b3fecfebfafc9a12440c1b09eafd980c9613e6ff62
0301fe8301d0ffb3fc0bfdc002e7fd22019f0009fe0effbefdfafe61fc99fde2ff3effa9fe3f00c3ff8701f1ff63009bfe0e
f536f78a04f2f343f538ebe10e1311b9fe8a1b63e1cff489fe6003b20da3e882f86d13360050e9e3f0c3f41af732ecb3f30e
cef4dbcedd79f46cf72605060064f440f556f62bfbf40bf9fd0bfb21028402710ade08b50221ec840e2a03e5fb46024500bb
fe7c0e44083403bc069af991030807ac07610884ee9e057411a4f89cefab0bab0e8e0135f89d033d1039046bfc7afcdcf83a
00ddf7d5019100adfe69f90befccf12be78d06ca0b2efde108ba019af3e9047303310a2017181c51fc4903140d990c62fe72
f2feffe901ec08110618f72705d0f4e3f2df090b0c13eeb6edf7e4f5f25c1cfc069904b5f567fbe90da30319016ff69cfed1
e60ee662ff5a06391548ee90f1070a9102bdffb2ef16eec109c00359fc73fb9704b0094b093a00ff05d8f3c1fe99014e080f
fec400640055ff55fbe1fb3f0182feb8fab6fd2afb12fdc2fdea01d300f5fd8cfc02fc450165fc8dffc6fbcafdf2fbac002a
0777068af7d3ea4ef03e0a9f030c06f8f2340d8f05d90238062a17601db4f8c9f431fdfb0a2c043df748f4e0f42bfdf1f355
ebd2f777fbc4f809fc64fc49f87bf5c3f177005b10e318060af20071f24bf679029409c800faf5f20a2b0258039a0054f7d8
ff96ff6cff570050ffc5002cffd1fd50ff5300b1fee7fc84fedd004dfeddfebefca601a8fd2efd35fdb9fc00005101a8fdd7
efbdf6caee7a10a5178cdeecebea020c04311104f47c09e81285014e0502fa3afdd808baf2b9e80e0093ffbe0600f9c3fab4
2b95195712ca0d6b09cc0072f068e63cf0760183ffd9ea08f59e06741834f7f7fd86f6f50200f77f024403ef087b0ddff132
c43dd559ebd2fa7a025ef1e50dd00a79fbb80471f8eb0c9a08bb11330908e42bfd25fda4fe52f1520b9f0fc50df8064e0692
fcaf01420129ffcd00030296002b0277003dfda4fc6bfdd9fd41fc90fc60020ffe3101a0011300b1fc9801ecfe29fcb5fdef
0eb2fd30fa8dfa18f7ab032dff21f69b017a06adf5f5fe5bfa49dce9ef55fc2bf9e8f726f56a0a2112e70fc80bd2184f14d8
f623f5bbf25fd900e3ed0cc3ff04ff16ef94d1c307fe0c500551f5eef81f16830a20079cf3080a8c0b7f10310b880155064c
fe75fa97fd5efaacfda1fa700006ff60ffeefe37fea9fc0bfd9dfdc20019fd54008efbd0fa73fdc0fd5cfcdafdbbffb3faac
02670199001affc7fe44000600b90191fe68fe74fc82014efedf00b20125fc70ff02ff470035003afdbcfbe2011c011ffda0
0be613e11288021d0c3afbdef702012bf6a401e2ffd60bf8ff6116b51dbcfd6e0d080ab4094ffea50a98fa0afa14fe75014f
10bf0991112b13a3f9e1fed4f05c0a3c05370396fae10a81184314390173ffda0f0406ee0695f32910ae09890017f7d9f2db
fc7b0350013f00c30054001bf8a6ff66ff66feeefebeff020163ff6f03c4fec8fe38fde5023a01b0f9fff951f90bfa4dfcb7
de9306880b7805cc0ee1fc03f8af035400a60f6a013702d0f9bcf308e66a0b0802e2f91f0056eb19076e04ca04a800eb0310
1d8e0c37134efe27fb58ff86f63600ac094e172fee74ec9e12b22441299fff7314b7ef1cea2af918f53ff656f82bff09fa49
e312ef41f47ff3eaf89806ed0654110913f608ef19170b1102be0588022f057ffac1fdfbf482ee3cf23afac1028b076905e8
01b2fc26fd66fee70040fdf6fd3ffddefcdbfd12ff10026ffb8affb00122fc8d0261fc8f0202fcb9fd1affed0149002701ea
0795121b14fa0980fbf010a90bb6069e024dffe313f30e4d02060347029cfaccf95ff6e4ff95ec16085e06ee03bbfd3001e8
e4a8081bffd3fbd0f2ed042800db08e9fc1a05d3fda2088107e8fbebf6390a290d5c11fd0495f3efff73fb0f07df080bff8d
00d1f6acfe9f0e8b012f018d0d56151f1abc044c07d8fd06ef22f6d8f967f708049ffd6bffbb0964febd07cc00eaff24f3b1
fbf801790205fc68fd82fda802430039febdff8ffeb0fe28fcfdfdc4feb400a9ff68007d01cbfda8fca70040ff2a0035fcec
effeee79f526f4b2e93e01eeff69078d1daae98f0b48fe4bfaa3ffb6fec2e7aaee810013044ff82501ee0123f9ea0475f5fd
00330282ff2afea9fdf0fed4fe59faa0fe3e01a50233fdfafa9bfcb0febfff03007cfd10fdf5fe9dfbbe0180fe61ffb1ffb7
ff50fd8a07460749069e024bec85f37cf1e6f85618270f8507d6045601441a5611480f5c08890677f9aff2a1f6abfcf70870
f9c70d8d0b2f0ec3009001b001c00d4606eeee4c04ee011a055c0687fdd00361017f09dd07b5fce9f30d0170fd87ff8c00c3
d8d1e4d1f11dfc5a06f40b56f82efc95f032ff87fd74f9d00519ffc3f2a00abe00c1fd86067106aa08b605bafc72067602e1
f6a5ffba1c5d15d9060eebb1e51af9e5f982fa7afb6402ddf57d0b46074efcd4f9f4f76801130630eff1fc1ff86ffea00cbe
156e0a28061407931231f30bed4102b60b4c05d5f72a0f7a191309f5ed4301010e770c6b065af5a1f865f877f6a5012af7e5
f4ba0e440ff80f6316c0ffe414d9fff202b308ca05b6066ff7c9ec03f6af0b5cf9b4019a0c441140fb1cf076f8d409c61226
fd2efe90fbb5feccfc19fe6b0102fe17fdbdfeba01e6fbd301f6fcd8ff9cfeb8fd02010dff89fde1fe4d0123fdda005efc78
01a6012eff6dfc6e00b2011efda4fdd3fd5bfdd400a9fcfbfefd004c023bfd2cf9fdff03ffcefc7b00ff021c00c2fcb000cf
00a802c6ff6e01210113fd960242fd5dfce5fb53fa6401ecfdc6fedeffa001e5ff9efd5400d3feb3025cff3efbf502ddff6d
f33bfa31f303e57df7a70c2700d8fe4dfc100c4ef984fdf004e2facf0a710479f673f4aff409f0a60c29f57dfac8fc19fac2
0202fc4dfd17002dfe78fdb8ff01fd12ff1bfd5b0309fe2501fcff5cfb3b0083fca8ffeafc2bff09fa90feadfb00fc5efcfc
1675ff550373022feffdf799fa900226ef28f643f7bd01930037fd66ea01f3d80b81f768f6dd0d85fd2a060b04b006ddfff0
f25bec9ff98f00eee62d0860fa79f052df98caa4f62a03eaf24af582ea32085e0749036bfc9011b2fba1084bff05ffd1049d
138cfedcf7dc00ddfe270543fc1efbc0f8e0ef55ea4ffca60db50d320d540f6f017c0ad604b20691fdfdfa15ff28fafef8e6
e0900ae913c90b4bf0f6f294f63e02ff0720e9bafdbffe6cffc1f0c6eabaf747f178020f0748f355fe49f410f2f90414ee9b
faedfa72f59bf6b8fe4afa3eff0cff1df768031a013207b61595f7bdfc160f18045400b2003f027c0535f7f8f66ffe5bfd3e
fc5eff6301b6fd0bfd69ff410218fe92fd0c00ad028cfce2fdd4fd8c00f50225ffde00250314fcbf01a0fe1a014cfd0601a4
fa1cfebffda50000fb68fd440491fd84fcafff81ffebffaffc40fc28fff3fca8016e0069fdd300aafdf7f942fbdff977f85e
fc8cffd3018b013101b9fd1bfb9afc83fe77fea6014efda0faa8fd97007dfc8f0048ffcdfc64fd86fc0cff57fe7efeefff30
fbf9fb87f849fdaffca2fb88f8a1f7bcfaf2fd1dfad80015fa62fc00007ffe6df9c9fd42feb2ff25fa0bfe01fc7bfcd5fd01
01a2fe1bfc5801a7fdf9fc8f000100e5004e0154fcef01fbff42ff0a003600affeb4fdcc0063ff07fc3100cafe3bfd64fec2
ff0bfe24fd5effdafce0fc55fc4ffd37fff70064ffddfcd6fb35023e013cffc7010bfd27fe6afbc1fc55fe9bfb9f005afdc1
07c801c4ff5bfbb00bf60328009d057a05800683fec1f54af107efc102addfa4c911e8b4edfff52cf7f2ef80fc6e06620af8
1485031d0ce101a2faf308bdf5a3f988fae4f45af177f65cf8edf982eea007c0024913cf1874148efab7f7dfed3e0365094b
0ef40fde0383056f00bd082e0062ffeafd5eff7cf18d0967f803f932fc4cfc5a06610fe50bfffcfc08aa054b0cd5016feb3a
011a05e007520cbd0ced0df404c5fb4bf9f30a03122c0b0cfe70edc6f13a073203a5fc54f3acde6afbcb076109a4f8def6dc
fe30feeefe48fdd6fe6000ed0117fc3f0014fbaefe73fc44fd43ff9d00bcfe110035fbb7fba0fef9012bfd9b0092fe98fcd8
09480143f53dde37067b09caf945f5170edd047b05b8f8e6fc9d073709f4fe27ff90fbc1f9eb0a05f79df832fcdbf4f4013b
0057fe98fca80143017cfd78ff3d002d018500dbff60fdd30106fc560044fff4fe6100a1fe1d0301011effc4ffbf01a6ff7f
f949013a05bcffa61eecefb2f35ff6def1060309f8a3f791f872e7e4ecb31121effb115d0bc90e200fbcfc4200f702aa05bc
ecadfc05fdd7fd92e3e513cb049afeeeffeffb4afe7ff7edf285fad0124cf7cff716028407a4f551ff54faa4fcc7011e071b
fcedfff0fcd0fdb1fcf4fcb1fdfbfe6bfe77fcb7fdbdfd650004fea8fd6dfca0fc8a01c8fc6d00bafdaefd1400eb012efefe
1523056bf9c1f303f82c0e83fefafac5f6d7ff650a7ff731f8fef24afe24fac8046f0056fbc617cdf106f74c0091fbca0bca
fe15fdc1fe03fd0bfff80005fe5d0084fc7ffd91fc66001cfe48ff7efdabfbbffdf5fb5a00980381fcd7fe35fe5c025b0168
00b2fc53023700ed01c80053fd8f01dffdf2fc61fd76ffbd0001feb4fc610144fe44ff53fcb801b0001e01f4fddffdafff51
ffa4faea0068fde4fd4dff15fd5cfdce0004fa7000ccfd1d004aff1cffbcfcb4fe5efd33fd6dfe12ff02ff47fd4f003b0106
012dfdd2fb2d009effcdfe52fceefe93fc3200a6fed001680024fed80033fd87019a0066ff3bfdee01c0fd7901e7ffbffde5
fe51fdedfbf1fe42fea5fffafd01fc4100ddfe61fb10fd75fca9fbcafec9fb27fb62fc7bfb5bfdbffe60fcd7feea0190fd1a
a70cae8ee06ae58bf99fdfa5f525f8c0f2c3f649f197fd3a01ce04d7f4940548102a0b4200fb035407d2034704c9f9420f24
fce9fd9d0209fb7bfb77fcaefad8fb6e0036fd4300e9feeaff1cfd7a01d6ff83ffeefce000e2fd84fb1afd90faf0fd2fffe6
fb5bfe6df696efacf49e0199f64dec74e9edf30d0a17002ce3a1e798f7000420ff97fec9fc4af0020b17feb1fa34f5e4fe75
ff00fe34fe650042fe530008ff07fd7bfca500b30204fe16fcd900e2fd52fe38fe9e015cffbc01daff050159fc40fe36ff6f
02bafb6cfe65fe80fe3dff27fe78fe34fdba000ffdd50082ffa1ff0cfd08fc5afcbfff6ffbb8fbc2000efea60015ffd8fb3c
f6160828193d0d2f0452fc91f98df5d307ae10a7fc07ee83e1e7f2b6058ae349e52cf23ff9dfe249ee09f9810183083d0664
ff9afe98fe7efd93fd2ffc8fff2bfb1bfddcfdddfb5bfe65fe1bff9200dbfff5fd0601bbfd92030dfd9bfeebfe0cfc85fd46
013bfdec01e701c701abfc83fdea01e100d800ecfee1fe13fcb401b1fc96fd7afc7bfc93021e02870278002b0244fddbffee
118b0007f056fcfa06d4042300dd035ffa0a046afbbdfa6206580408f755e227024c0a9507ac07edfdb00f0b066a231d03bb
fec8fbbafbbd020b0069ffa5ff4dfc9bfcde04fefe67ff81fcbcfdb6fd8d00120156010403ae0093fb97fdc903f2fb1cfe99
05e105e0fac80b351a83e904f40d06ca03a118760f4efa25f613029fe5c8f64113fefd2f08f7e927fcd4f7c30af51a8e04a7
fbd9010900f2ff1efecffee7fd6bfccdfd39faffffaafddafe8aff98fcca0264fe33010b0025fb6afdb5fee4ff19fb25ff38
ecdf01a308a50d8412f4dc9ae227fe29ee1310470d870960fa05f7470fa9fe1808f60939fb0a0e11fccff26c08340696029b
0767fab5faee0dd405d3fa1b041a049d03450262f9a5f2f91ce513011651fadae084f162fa5307e1dd94fe0d0c9ef31cff77
fdf0ff27ffeafe76fddafb340260fc7dfca001c1ffdbfccd00690111008d0186fe5f0144fd3c0180fd4ffe9d02390080ff39
0b49ed78ec16efdaefa8fd90002bf69ee190d58fffd70041f886fc49d37afc2c12fefe8ee517ecb4f6c508d307c6f5cdef04
fba3f2ebfe620214fac408ad023af9510bb90c9a10d1feed15d613eff97afa08f501fe7cf8fefeb3d806e801d9d2e94be5ae
fb29fcf00138fc70fefe008eff61fd18fd43fbccfd9afcb9024a014c00d50013fc61fd2a00b901c40035018d01ea00aafd55
0887f6a8eb45f85dfbc208a00d290779f4f1e6e7faf20dba07a0f631dbf3e586ff70ff25f696f933f683f10cfc1e22d7166e
f96b0b77fab9fa3b00fc005f0b1ffcbc052c0361f11510dcf1deebe50f67f5be040d0aa903c7f81af4da03d4fbe5e9b1fac0
fb8c020900eafeddfd0cff56021600e4fb54fe04fb37fdd6feedfe6ffc89005a00a1fd9c01c1fde40134fc71fb15fdf6fb39
044b10870177132400180ef91bcaf9bf0796ec81fa6b09d10c21f74bf0d8f80b0184f1f8f96418f7e3c2f942e173fc40132e
f462fa2806c90eb2ec5fe3f8f24b13de0abe1185d9f301a108d00e050931eab9065514590baf0a4ef3e7f1a70b96121f02ad
f3a70bd10d4d11070b6cfb9c0ea718040437195813fbfc09fef2fb450aa2076e00effc150e3df756f33107d9083a13510766
04e609baef86f5e9ffd603cf068b1a47fea8eb7df9c8f48dfd2ced2408c007cff6e8f30bf59b18841b3f071205a303e11963
fd9001e301c9fc14fd92fedf01680137ffb7fec4023fff08ff85ffa1012e0025fe610162008afe21fdb3fe39024b01e3fc7b
04e7fd02f343f0c0fc05f295043b09380776d908ea9ffd6c0957042aee7ced6cf209fa47fba90462ecef0122ee3cf4b5db4a
fd5301b5fd0300bffc1bfc92fd7efe6afd6afe91ff41feb8febe0179004a01a8fee000200116fd5bfde500a2008601d8ffea
03ecfea6029ef5acfce1fca3130402e70c32ee5bfc8608d6f9b605f1ecfcef8303c20bc1195fe33be82303c91daf0afdecf7
fd2effecff15000b0162fc86fd7afe8ffea3fdb1fdc2ff85018dfd06ff5afd01fe9dff8f01ef0001018efe92fd9a020801e0
f416edf4ffa3153f1900fb3dd74cf0a10842057ef9a3f3d60267049b1ad7f4c4fa5c125202100624e74ced2102310452124b
0407ff740aab0e4a00de06f505b409b40260fdb019360d7706c2f89cee780370f8b3e9f8f0d4f7440d5d1f82f7cfa129bdec
fd47ff07fc87021ffcfafc3301d0fcfafde60263fefbff11013802450088fe05fea500b4018a0138fc970186ffcdfd6dfe29
08c70cde0e3805910c470fc20ba90e3c0ff3fce8edb7ffb805620186f53ff6dbddd0ecda062d17670622eed1f6480d220da7
0162ff2aff5101dfffe3fd880010fecefe4ffcf5fc4900e500a4fd7a00d8fd2aff28fd48fd4ffd760231feb000d60126fde5
0c0004e40aaff8b8fc8202ee0e14f965eba9066c11b3faccea68e7ecfd142a540a7af69006cc0180fc3cfa7108edf0b40cba
fecbf64104ddffacfdd7f22c0987fa3cf574005808440e3707ce032af44bfb941691027cf265f8e618741ffc054e05a5ef32
f7dc0a510a96edc8f2b2099f061f034e0a8609e513d305beff2103f1115df7be015e09391162fe750b7ffebb0932fa20042f
fce500e4ff6a01fafe41021700580060fe0dfc50015cfc0700610060fc0ffe8ffe4f0244015afcc6fe08fda5fff3015a0141
0c2d11a50ac708410bc710a51704187c00a814311bb8ff4efe1af6fcfb64153306f909a3fb74080efe15f5bde8d3fba0fe56
0be4046bff3604e8fde4f4bb0635097de5e40228e9f9f29ffc0bef1703f00783ef43f502edf02c261561fc39aa74e8180d5a
f2df10e7fc9afbab05bbe5f9f14011161a4d1d2102fe0c1c19d11aae30e5fa930020045d061aed6bec94f409024903a5ff96
fa1ff172f3f4085d11b5167e19700dc1e862e166f69d1666223f0b130ffdfa3df78dfe5502b218c7ffeb0e2afe9bfece0575
0f14fd08010a1a3c0e85f695efa3f7b7eb7919c1e886f2baf1da034d2c1d0894fece069509390cf806f90320135a0da1febd
fe5bfe5afb2a00450020011efc0efa43fc71fe40021e0196016afe72ff4cfd96fddd00c4fd5bf7c2faa4ff2bfcf2fca4fe9b
fafffc6efb0efa81fb34fdd8ff3efe9cfaa6fbc5ff1dffaafb72fa70ff5bfc53fe65ff14ff4efb9dffabfe00fcb0fdd8fe36
fce5fc8dfe51009801b4fd7500fffeff014afe8501c7fed5028a036a01cefc1afed50111fd5efd94fc65fc1c027600300156
efdd06a413c1181119a2e8fef99104d6fc441bc1f170cd17d7a6f3cf0649070fff66e5df04f1fad0015d09cefe9908a60b97
102afeac01700f542378fcb90dfeefc105ba1a0e1844fdf60723f7a6042606cd0cbdf573c9e9019ae2bcef5eef2fe8c70d80
028ffb87e661e00d0ab5fa8611b61707085d18860bb3fc87104426f50a02e6a9fb02fce4fdbaf26d0f3e0413116912c5f260
ff8cfd07fc25fb95fefdfc70fdd6feda000bfc6f00ebffc0fbb7fe1dfbdcfd05fd0d018eff68fd87fe4d00270153fdceff14
faac08240c2912c2022e00cdf674fb1803ca0688fe1bf45cfc6ff72ff087f78bf547e9b6134f1846120a0963024fed55f45d
d287efa2efb4d713dd8f1e472cc0166100a1004a139e22e403ee056b099510440e920c0b042201230661fb2d0cfa0cac1b3f
061a10440b930570101b160b03df0625f9ddeed900360d18f1bde83efd0b19fc08b4fb56e625ed97177f0029f147f96bfc41
f91af19c037d0c1afdaffe5302c000d70ef900a608240ca40bc418bae8b00f5e0236fcb9fd57f029fb6609e9112d0753edf1
049d0a230373f1380517f5cbf0390fb60606ecef00e8f9ff0b61066c07fd1cbc0dd81202021cfe3df2b1f211f863eb4e08bf
f913f826032b03a4faf4f17af57efd8a0714f484ff0eff1714cb056dd58116a6fcbbeb68fc70f655177905a9f2f10c0bfe17
fbbafdbcff10fc12fd7efe93fe69f9e700c2fda70250fed9fa24fe4e006a0071fffa012dff6ffedbfc48fb9bfc3cfef30084
f411e764f23cff7a099501c50cd70af306fc0b6a0f31ef1bf9870a47280efbcbef7ee6a50de80e4c07381c7f11a51588182b
f8d1f959fd380119f58af9dbfa97058906fbfc30062cff7b1a4702d3011409f70347fbe90635edb209b8fe25ffa60696e759
00abfbb5ff62008dfdd8fc47fe4dfcc6fdfbffa60048ff7afc76fbf5fb97fce2fba9fc3efd9dff2a000aff26fba80218fee2
ecc2fd46f65d0226081105611403019b13710f390b9206610e980649137614af0f090a47f0d90307ff57f36ff95ff205cbb0
02a1fb7ce7a90a84110f20470fbc047f00fcf7cefc26fe2cfed7f1d8008107261c7717c500bff5fd033107b402ad09dcf78c
f38cf18dfb5303d60af9106c156c10e3050df8a5f2b305a1f169ea4e04b4ec00ff57f9fce9c300540f920d4e05411026f01d
021bfdf3ff6cfc94fd4efd6dff48fd4bfd66fc86ffa3fe59fd3cfcc6010ffe6dfd01008901f0028cfd00fe030296ffb40168
0a68068a0ad001850bb1f83cefa3ea8aea72f921f8c1ec84eb7be4d507e7179d0625ffb108f0033217181220045608c914f5
054209e8096bf6feed8524da10de0e97fe23eade201d08ab00bfe9d6e3030f1d083f04daf26ff25b090400ebfcdf06120ede
000a0055fd3aff320072f9ccfcbcfdd1ff76fdc7fb28fbcafb55f9c8ffeffc2efbf4fcecfa2cfb3d04f6032afc7afcb3faff
fceefcadff53fe4dfdd30214fec7ff11fcf701b1fe0901b700c5fdfb00cdfc64fed3ffda0263fea0fceafcbb00c1fd240033
02b50cb212eff843f2f4f6fafefc0cbe01b5f7d40eccf6f00b821ea018e4fd2dfc7bf0f8014b1aaafddaf846f031f4fdf65c
f712fec9115e0adc0aadf7a1ff0c03fb0886f6110be2051bfe0ff137f9a61bcc0b0dff23e711f0a10d0d00de1142f615eaac
fa9cfb05fc69fdeefe5f02de039b011e02a70605fbb0fe260342fe05ffd40415011bfe0afa0efce0fd25f76bfc41fe02ff07
f36003411457125d0d96fb46f931057a0bb316bdf700f98ff72a03f3fdba0aebf5e0f53ff9c51252ee22f905031bfb891056
09691841059b0ca8fc4cfc55f136f123175dde610368faba03ec11f2fe660240fb5f041b053d0452ffe01bec00bb0ec1fb24
fa04f294fb540dae04760e2609270777ff5615f60775f908e7e4f9a004def85f081703cef992ffacfc85ed16042507fbe34b
0090fc7bff2c0226ffa4029dfe9bfed4000cfe80fd3f0095fc830266feb201ec01a301fdfd35004ffefefcd4fda102a601bb
131c1076155709e302c004801144118bf926fc110d1906900bf001421552159a08621174108d03070372f45c0e3d150b1a4e
041afa7bffa7fb23f9f70b58056404f3f75703c01b5c0be9ffa4edfcfd85057fffda14fffa69f56605ce01b523970a6712f9
fe73fcdde987052f1215f2f8f15cf0acfaa205560b1706d7010903eafd63f4c6f3fcef05e4e214dddd9afa32fe40e044cba2
001dff5dffa8023201480278026dfcda00a4ffa0ff5702740047020c0129004900590076024dfdd2fea2fc34fe87ff0e018b
f8b4ef94f5fe00b8fe890d71e4c0dd5cd930da86fb40eca8f42406b408280905ff100d3f0c3c03c4ff210ae41582fa27f1eb
fb39fd73fbcefda10039fe6fff2ffc10faa6000ffe06fe29fe10fc96fcd6ffb8fc7dff920009fdabfd81fd14fe470099fe7a
ec51f09dff0cfbae0077fb68fdd30b2f085302d6fa02e7a7f546f07cf30b243f0288f83ff6d7f5440800f892fcfff47a0a4b
ffc3042d12d400c2f789f48202aa0a930c93020305b80a5b1cf8016410a80bfef9ca04fafbf7ecd8e330ee9309c7f94f0787
fd55f3d6fcf2fbccf038068e073d0749f615e64e03250327ff7bfe2afb18fec5ffdb0165f09a0e76f338f88d12bc0f610b13
eb39032afb371a3c0308030e00ff044dfd7bfaaeedf0f9b4fc79f5dde00be9aadb4cf511fef317e7ebe2fa8cfa0f0e3913d3
fd6bfbc108ad0aae1df2eca5e6bdf29cfdcaedcae185ea1afdbcffeb0132006703c60d4b0164e48014c8022c09a6016fe514
ff2b0e45037405f802351e8cfc63f5f3ed13f7bc0ddb030602e0fedefb7f0d900c6a018f0c6d0a24f5b1fc2bf38b12d612cb
0066fd0dfd4b00fbfd7601bafd050212fe42ff15fd3c01e30100fef100a9032dfdb60086019f012000d5fe41fff6fd23fd26
00befd09fce1fe8ffcc4004cfc5bfc5bff49ff4ffc97fe25fe96fe7ffc9200b0ff1efd86fed7feb0fcfcfd57012afbb2ff30
fb4ffd790000fe8a001ffdddfc3dfde7ffc3005900f5fc2801dbfd8cfdc6fcb8fbba020e021d0085ff2e0184ff2800c30129
07ebf8aef9870c8108350a4702590413fbbbfda901d0ff57e74ee851e56efbbffcf5f1b2ebd0fe5d21dd18a809f41013f04e
fd91ff4efe20fca6fcbf01b0ff26014e0211f888fe9e0079ff34fcdcfdbffe09fbf3ffba0217fdd0fea7ff9a000b003d0125
0036fd7108e6117b1143f569084c0e3d05f3e987f82afd31031af88eccd7eaf0fba7f705f5faef6ce6c9f91ffbbf037bfa78
020bffc903f5fa4ddfcff844ea74f683fa6ade0101210623fbf4fdb6f996f4daf8cdff8909ea0f7add5807c6f9e6fe00090d
07e40183fd2401c41383fddcfc33f740f739e7f8f9bff0eff798fbb6e9d4f13df49df76bf8f1f5b7e9010783f631f0d1f751
f0bdf1e0fe5cf6d0f795ef3ae793feb422021106e4a2fe65f11ef5cbe758f2abf79af81afe1fecc810b3024bf459f0cc0f56
fbd7f02ffb1c0a6cfd1af3a7f624f410ff77fa5804a40fa61182f840cbb1fed304a9fde3f635053100a6f407ff0e0465f121
006b000d0038fd2101c6fc720057fcc3ff8ffd8dfdb1ff58fd17fed70191fc6201a8018c016fff06fdc2fd54fddb00b7ff86
fbf001f101e7ffcefed0fd3c00b9fb70001e0203ff0bfe2cffa30022002e0031fbb50226fdebfd26fb97fb4ffcc0fe54ff8b
fdf6fa96fa21f92d0021ffa2feb3fb95fdcd0108fb08fe27ff19fea4fde9008d0029fceffecffc69000e00b5fa9cfaadfd8c
fc27fc8d00a6fdc2ffbdfc07fcb9feb10031f8f1fe68fb8a00b8fff9fcfefb4bff3f011ffdf9fe4100aefed2fea20234f9b5
fcc6003cffc0014301c1fd8bfef4013bff46fd10fc0bfd7ffc8cffb0fc89fd05fce2fd85fe02fd42028c01ca023a0363fb8d
ff66ff03fee900f5ff69fe94fe60fd1401d3fc7afe5bfcc40141ffa6ffc8fe51ffa50080fd93fe06fc85ff43fe21ff6802fe
008df6a005ab0751076c12d71382dc7fecc20878eb05f668de44eb0317220e880749f390eeac05630cd90282f268e7f61994
0720eb60e00bf93416900693f97eef42c750fdba081f08c5fd7a027ff6c8f780fa5ff90104d51d09fd5b1059ffacf4031568
f73ff940fe58035bf27e106a071407f9083bf295f9c00358fd510f61064dee50026a0a21113ff939ebe2fbba09fb1782e7ba
eee0005404c8fc27f175102809211512f905e8da13730ae600de0da80b54109ff7b5e9fdf547fb8316ff1443030f0879fa31
fd9b0198fd35004afe99006afdb0ffb3fedcfb6a013aff6401e6fd1bfd4aff17fda5fc4afe6efc29fe3d0023fba4fdc3fbd9
0f78124a0267f063f6d104b30eaffec9fa01ff89dfddf9c2e41ddc8afffee469f8c80864fbd606810ee51ad301b501030e87
ff9bfcaafe31fda2ffb9fc38ffb7fe86fffcfd03ffa40066017dff9bfd0cfb37ff6afe11ffab00ad0045fe69ffc0ff4cfd49
f57104dcfaf3f246fc30d824e8a3ef04f7a410daf7b907ca0316f276122516a20231f3db099f0039ffd6ff75f823084f1794
f7e002640a16f76bed9e195813b800ccffbb025517df0fa8fe2ef6f8d0da07530b60f781f5d5cbcf11ceffbfeb7edd9af565
00a1fd8c0051ff3300a100cffdc0fe34fcf9fb59ff47fbc9ff5b00420037ff47fe8f01bfff5efb49ff47fd7afb6efd55fe91
17f204c50493f0daf8abee4ff960fc50fa27e904ebc5f03001f6f856fac1df93f5f1fb4ffd530926f125ff5bff52fac31016
ffd8fb55fc2b00a8fe4b01ddfe6d00db005afd56fe1afd1600d000adfdd8fc7dfce0feb0ffc0011cfcf901730077fe88fb94
025a010efeb7fc910082fe09fd4cfcf701d7fe7ffd4afef4fe5efd3bfddefc9cfcfe0174ff45fd4efd4a00f5010a0231fc15
fd46011ffe10fff8fca3fdc4fef1fe2f01fafc60fe53fa69fc5efb7ffcf8fdfefaf40030ff35fdeaff47ff14fcf5fcedfbaf
0058fc66ff23002d027bfd21fe5b026bfd8cffb10079fd66fe5fffe6fd46fd6ffdbd0089fe3f0097fe59fe41fe8601a6fee5
ffdffb36015dfc11fd2dfa7bfcc6f9dbfee4fc5afdaaff66fe40fc1b0009ffd9fe19fd1e0276fd98fb4000feff16fe74fcf5
ef9a053c0ba8fecbf6caef71ee98faa6ef88fd75f552f76ff921015f140d0f19141d1c330212033d1cdaef740ddc091b0777
0095fe2afb65feecfc8f0053ffc501eafee801c0006ffccb0299002cfb25ff3d01c8fd2dfbd4ff70fe05fdbefc1fff04fd98
e052f54e0a7a05c6f5b2f7c4e2d2f3b7f617f68605fbeebcf4110517059100f7f947ffd509440b59efd8f46efeb4ea6efaae
fdd2fc3afc61fe9cffa4fe0efec4ff0cfe41fd4ffd7ffd05001dfe3bfcfbfc43ffc4fe05fc6cfeedff450046fe54ffb30179
fe61ff7cfc5efc23007d0194fec70283fcbafcc4fd1df9bbfc3afdd0fc880196fddc000ffff70208fd5ffc0cfdf6fbce029c
fe29026cec9ffde80195f61af13bf658e77cff7ceeb1f7a1f9daf1b1fb96f91ae7b6f3e307cf0232f723f9b8f6e4d744e9c4
01f7fd80ff610129020dfd23fe7cff670176fe5effb1feab0058fef30137fe8afc4dfbd9fe32fd43feb3002efeee003bfed7
fe66fe920231ffe9fe5efc8cfea8fd89fcb00140fe68febafcf0fd23fe3a0145fef8fc88fdc3fd1ffe96fce7fe8cfe59024a
fbe10332f870003e0faa057e1a9303fe0937fdd904f902c9064a0642ff13f5e701e70d8301510052054211120d11fd38111e
fda2fb74fe8a00d9fb1dfc1bfe8a027afba2fd3e033efafcfb630086010e0117fbebfbf2fd0afd88fbc1fe84fdfffe84ffdb
24320476f4d1fb5c0e0ad728f02cf67dfc3cf3b6dca2f5f0f18efa1af88c054f01b9fe68f4cfed3d0e4afa4bf3d7f3f1f798
0060fb34000ffcb4028bfc06fb24ff53fc81fdccfc51fb59fe280060fea0ffd700effecd000b027afe12fcb70057feb0ffa8
ee2bec1903c3fe0cfc8fe775f767e40c05df34c3fec20cedef9ddcebe8f910e6076605e4f9e6f7b30bd50192fd48fed2f2bc
0834032ef8cbfb84f8cc0f4004eaf4600959ffb1f341f4a305f11276021bfbe4f22b00abf4f60116086df384086aff2505b1
00ae019bfff201fb00cd01abfd9b0099fe3efc490157fcb7fd10fd15fe70fe4101f0ff980123fec0ff8a0283fc08fb66ffde
0e03196d082607a01233f421f30fe49df387eac00067ff9eec6cd233e4c805e4ff59fe27ee6df948f9f9fdc00a5bf8c2dfa6
fb00005104c3f97200ae0d6afb2402d80101f2e2051cff69fec40cdd1ba72497077a0c700a2802d6cb42e7b2e8c1f4b2fb10
fee7fe6cfcc3fdeefbc2feadfd4afd56fbcdfb67ffdafdcdfcb3fb50fc1dfeb6fe0301430187fddefba7fca60216fe08ffbe
f2fef8740220fa08f9f4f201cecbedd40487f39e0c5e0fef0216f5c200be015007e011c4fd78ea79e7f3e931ff8af16b065f
f62906f5f3b3fcb1f6e8013802a30dd6fa49158a1f590a9cf334053d0dc910aa0ca50362006f049f08790342fd5309520328
ffc90107fee3ff7bfcf2fcd7fe2fffa3ff01fde7fb80fbb2ff07fcd4fce8024f0072006ffd48fef0fc4cfe2e012500ebffc9
f6adfced0f14fc3bf9cafe260c6607050a1efdc80594ff3c05f7f851fae5ea37047f136b01aff870ee46f513f118f090f3af
ecd406540336034eec7cfe26f0780b0b06f6093a09630ae3f7250e2511cbeafff23800f30445e53cfe87f888fe90f875fd6c
f8adf45e046e1bf50ce2f9aafd67008a088610b6f8a7f9b40559f7ae02fc05b4fbf114c6ffe1090df23b00e603aefcf5fc7f
e9d8eabdfc2d0d7c13e503cbf0e0ea9610cdec2a0d57fb3af7caf0b1fc1b01890205f28307a5faee0792ff6600e613f3f961
fce2fd3afd0bff7f029ffc8701d401df0063fff2017e002e01940035ff9bff80fef0fe40fc62fccc01f501f0023efe73ff77
03d3edece826efbd0534ff420c88ffab01aef259102c035618510c1efe31f9e1001f05910af2f532fd36008bff09fc9af7ab
01c4000bfc2100e0002d0317fd7e0152fe3a01ad00bbff69002cfc130141feb3001cfca8fe90fe6d008f0147fc1dfd44fef5
0c1300ebf910fadc182100a71314fc7804f4f48fff9302110a730f3aee3af51cf7d7f69c0b02ff85cf17f4d612e80c2bfe3b
fe780057ff18ffad019cfce9feb6004ffcca01c6fd98016efc27016300cf003afc7afdb2fddafe1101bf0104fef100ec013e
0715f94d0a47086c0214e904e9db0edaf0be08d0ebfbf72afea6f9a50363059bfa4d076f0e2f12affbf3fb570c960b8b1807
06b303f702bc0117f4ae0a45027cfbc1f2d7fe74ff66ff1aec8dfde60e54f81ff061ffb40604fb30fdc40b050751e6eddc72
fcc00159002a0100fd2c013600a5ff3efdd4ffd4fcbdfdb5fc890227fd3dff350235011500a8fe0ffca701f301ddff2afee7
02a8089d12b003dae0d81322f72fff3c08e7f6d9efaf068cfc7b016a1987f66df578045f0f120ffdf45b04c50b3ffeebfe11
ff0d01e2fe9efe6b016600790002fc34febcff7d02600276ffc601a40000ffb7fedcfc1501c7fdfc01d7fea6015a017e00b3
01fd0565f859f9b40ad00f900d320202f608f3d706f30642fbeafb4703ce0297faa2f2cdfd69096df6c3ec7cee17f5f70431
f73bfb29fef1f8b2fdd5ed8f05b20b71fd74fae209590b1b052bf80efc50082009630bac14c10cccfa5a16710cd80cfbf97d
f89206a01c810b080917f6510970060d082803affb750b1f019803abf849fa1ff97308fb110903c10509021bfa4717eefddd
fe760101fc97fc6d00fefd92ff71fd63fbcffdb3fdef01b6008f0117fe04015cfe1e018ffc94fe9dffd2ffd10165ffe0fc1a
0882f5b2f86604e106ec0e53fe3405caf47a00f10ebe10ed00bef738f54dfbe5fa9efbf9f7acfc68fef8fb49ebbffafb1a70
14a0f1fa0f9306e6fa13040d08d1faf3f476f893037608e7fd23fafbf1f40af407440f030cf5e96e1a0a11f9e6b5f70012dc
03ed08250237f97afabbf05e001e05440fc416ccf6de0733159512580254f2a3fe670117eb1be537f0030730fcecefbeecb8
f8b1fcb4fcfafb66f6330451e489f3bd160aebecfea5fa24fef7ebcfff0a02e3152c01d202fcfc5f0c20fcc605610433ee0f
006f06a308bd161a13a0f704f598184512370d14dfc3f0ecf270fb0800cc187704290308081411700daa057d06fc011501fe
ff26fab2feccfdcdffd2fe70fdecfe09fca4fdc200210171faccfc81fd1dfde3fbf0fdb1f8b6fb52fdf2fa7efb79f99ffcfb
fa86fc5dfd4dfdcffdb70079003700d4fdf8fc70fdbf01d7ff25fd6afdafff06fc9500a302050169fe9b00acff1cfcb3007d
ff6bfd32fdee013e029efe7d021b0079fd44fe2e01f5fe5bfe46fe16002afdfb0276015affecfe15fe0cff100220fe73fc8b
0eec1d8ff8fdded1efdaf48ff4dff265f520234b01c9d93afe11066c02d6006b06d1060af98ff6b203c9017afb010efe0ab2
027afccf04000f4c1955f732fee4f68115cb215403dffb77f29afebaf0f4efa7d574f2f6ed930041f683ec17f079d755f04f
f64effb4fa90f61f094a04850038eec9e785f19af43b0830071616930196fec1fff7071210150d42009b0ab5146f0aec0e66
ff99fd4bfce7008dfd770207fc65fd94ffb8015e0287fe1efdab0105fe8bff0afd45fe80fd0efe9afe80feacfe10ffe3fef1
e4dc02bd043bf7ecfa5efade03e40c63e4fd0c3a06e1e0b7f1d90265e8b1e676fe3cfc6ceaaaecece582fad9ed46f0c402aa
e451e8d2ea38f7260455081a083efe6ce525f53c13ab19530d1bee3d036e1df111b506250c54ff4b119ffeb70c830c761153
1326063b011d09330d40043f0f33135dfc9b009cf5da02bd06fafd4ff3600bc1034a019bf49d0d1706c8067cfac9fc55fd5c
04ba0341f3bfedd7ee1dfd8103b1fbeafd45ee7b057902cb06f70a920868119e056c0b4711791332f935071e13e205a6ec05
f03e081d0ac5086c106f05d4fee0fa82ecfd056bfe2205dd09b207e105700f1c0d2e04bd0aea026bf3c1f367dbe9eb1bf9d9
f113f92a08f7fc69f88c0f900db809b607c601feef7ddb78fdce0d93fdddf083f1f1e62406d10b4404fcf064042801b0005d
fd75ffe20067fb47feadfc82ff31fdadfffcfb13ff1afbd1fe15fbe80040fbe3fbc9fbb3fb14003c0250fe8a0120007fff12
10360506fd8900b301e8edbf00bd07e005b5fe32042a044f02431db81a23f9a6f5520ff71470050e12d40721ff57f67700e0
07550cd6fd1efc19025edfbef283fe33fd5315ad02200adcfa2300dbf9b2fcb8fffe0d7e084bfc1e065a041603c7fdbdf9de
fe04001afdf9fc31fd4cfe07ff7bfad4fd1ffcf9fc4ffefdfe38fc59fb6e003dfae3fc70fc23fd8400dffdc1fe09fdf3ffa5
f55bfe9501eb0a1c1586f4ebff4805e7034d03f0f51c02af1042050fffdcf3d4080fe94def79ff6afff8fa6ffadedbdbf565
026c0594fe20fa0a0f5bf165ecd4e8db013aec06008fdc56de0a0846041eeff0ed160686fa56e6c910ec14c40ac2035d0594
03b0007cfb4bff7b09230638f7a505ad0302085f09dc082f0f4f0366052a0d00142b041b0682064b16c00afd0c48f694017c
fe3effb4fcd50132011a0049022e010dfeccfef001bf0003fe04ffe500c9fc78009e00f8ffb5fc6600e3fc5dfe1cffa6fe35
0125ff7400d2f81a05f80a861141033c06792ab8e8e4e009c2a2cba200ff0ae902970c681c8e182f0da009a20b431ae00c81
012c0f99ef48db55ea6c02ad056903dcfbebec1e06830b5b11910cff008e12dd105a05ad00360bd80cdbfcde0d6a0d850b4e
fc25fc37fffffa27fb5cfe76fbf0fb25ff540087f9e6fe29fd45fa9f0078ff44fb21fe4dfc1ffbdbfd48ff1ffc62fb75facf
ff74fe3cfcbcfdb5fd58fcc3fe47fe820067fc7bff090151ff240159026b00fefef1fe8ffe92ffc2ffd3fe21ffe6fde6fd55
f79bff4308fdf58af6710e7f08a0fa690338fda9fa1bf419fc7d07ca060f0402ff3f05530b5bf647fc83ef78e9c7ffe4ff0d
0565fd9a0bd501dc009df76901c60c350156fc25ef3b10a22939049503c9032502bfe687f42ff4e10f14112507800628f298
fb21fd85fc29fdd7ffcffd96ffe9ff27014400750447027afcecfece0140fa39faa5fb3ffa7cfe0cf987fae6fd0efccd0016
f7ff04510b2e10e9da330086fd770fdb12bd05e8f5da047b0203fa98e541f7ddf140fcc8081ef2dd042bfc1801dc04da1308
06970c07fbf8fb9a0b8de96dfd8df84714441310031ffdf5f87b16170d690da6115c1810e6edf14b066405e7fe1e0355f67b
ed11f1d4019bfac4eee2128400e911be0ada0bc40d360b20f60ff748fa0efe37f22aec87f832ef67fa19019e10760267f646
fbc5fdf6008ffd620289fd6901220113ff38fcd40181fd30fc85fd54febe0128fd39016ffccffc630201fe49001e0235fc7a
025d01580d9d093ffe1e14970786fdf1fdd1fe63037a0df60936ecabffea0526fdb608e40b72022b09750259fef5faeefd4f
e3c6fd27fc89fc5c034d009307e507b6062bf91af1a6fc29fa8e1241148311dc0eae1ab5fcf2eacb0f4b063010abfe700797
0e5701c3fd191aab148efd19015f02eb1a8dea4004240fd401110e592199fd3d1080f677f37b0228ffb101d3f996f56ce472
0078fc2ffca8ff5cfffc0041ff1f0037ff61fdc60195ff65ffa70213ff60ff8f00840043fe5afda80112fdc2fc4afdf2ff1c
0063fca9ff8b11b019e30a4e105001b2fd27032f02fffe9cfeabf8980b0f010f019d09d80ad5003b094c0286f13dfcfdefca
fd29fd7efebcff05fd30ff57ff8cfca3fe21fe79fd6ffe5ffb80ffe5fef8fe30fed3ffb6fcb70071feeefdd6fcbcfcc6002d
fbfe067c021cfeb2fe160b4805b5fb770d8706f008cd037c108a0b090dbd22d4fe170516ff91f995f418fafdf8cf0a0b15aa
fc5202800d451282078900dc04ea144608120305fed9ff2e068307de0ef5f7d2f69712ad08340a98fc11ff41f7470c21076f
ec11f661e6bcdf20e60d06e0f8e9058a0966010dfff1058803bb0cc20a4f13e214f4002809900a8509440d041dc608ed0254
f60ff38a06fa07cefba3f7f3fba3f98efe59e700fe350ce40db10462f161e375df4df2cd077315c4c973f275f433068d0d72
f6010c03112607ec1baff2d6f943f37cfeca04d6f242fb9dffba0149da4606170679086ffe5e02690499fc0cfe260856e72b
dccf020a0a640b5815ae0bd00f91f970f64cf6c4198f02e70264029c0c24f3b7febc0b35043112e7ff19005afb930c750bbe
0085fcebfc06fe38fdeafe98fd040056016b011efc4a0196fc6400ff013afd010164ff85012efbdafcaefbfdfc96008cfcd6
fcf30158014ffe3cfc49fbe90085fc8cfd05ff8dff67fd1d003ffc42ff29fd2ffe76005a00d3fc10fc39fd58fcd8015efb80
ffd50091fe7afd28fc30fb53fe29fe5cfd86fb97fa98fe8bfbfa01a2feabff27fbcd0089fc77fe5cffecfd33000afe8dfeb6
048b0582fc7804cb06c1f80af4a609280192fce8f9b70caa044dfcea027a08d8fadacd5c0614095e1b1714ae178a19eb04bc
02430100fe710065017801cafbfafc20fbf700eafdeeff96fc3bfebffb6ffc6d012bfbc1fba4fe27fb33fa84001300c800bb
00d1f9fafde2026402aff51bfdfafa4406cbe48806d704cf0391f422d7cfeeee1a5f093afbf9065cfcca06b30bde08d80206
f8920aa50268fdb9fc16ffeefb77e78df69bda0d0e6e10f8ffcef8e902fcf7a91273191112881a26edef013313d5143e13d1
114303dffaccfc7a070009dc04c1fc9df17907320339fda5f69f075f0a28f9cffef8f3b4fd431059f6bcfd540047025af93c
e9ba04b507e007efe6c80afb00600344fe7af6c7f2bef081fa5ef75ce714fdb2f20504b80bbff7e2fd86fb65e653fb9ff1df
048900b8fec6f9e0fa2dfb2f011a0456fcbaeccf0077134d0f300904099805a70bdbf940f8050a43fd9dfa860085ffe9f378
018b0179fd60005e00d2014001a701ff002d00cc015600a6fcdafeb40280fe86fed2fe0001b9fe70fee600f1ffb2fd4601b0
fe4afbd2ffa30020fb6a034203cefc41fb53fe030081fd2c00a5fdfafdbffa92ff30ff31fc3efd76ff1bfc6bfea4fb68001d
fd97fb3cfb80fecafd5bfd5bfe12fe31fce5fed601b7ffdcfe7ffcb2fcc9fb54021b00fdfc6c00f9ff89fe23fb46008cfc5f
fa85fd03fb4afa8ffbec024800f8004a0129fe8bff4cfe900016ff25ffd3fda4fd52017fff6f0045f97bfdb3fa3bfbcf0037
000bfe5d0094fc3f0199010600cafc15feedff3301290249fd3301a402b1fdd7fb91fb1dfdcc01bafd65fde1fbdf00d6004e
fd3801b400310177ff02fc07ff54fdb5ffabff4b0260ffb2ffd30264fcb900adfdc5fc50fe4f017f0258fcc5fc7cfcf8ff38
0f06022414f40cde0adafd93f8b70a22047b1c60e17cca22cc0dcb4dd458fc63e6f1decbf33ee8e1026bfe0dfc7df5830603
0bff0435fe650fe7085905a00491e2fef4acf696fbeaffd300cf0bbaf86a0153fc76f07ded3af4f9025dfea3f2fef80cf6e6
130dfebf081a0b69f7a1164605441477017a049efe091099f681ee130b66f27afe43f4f00b31fe8aea5ff299fe1a0174f703
f9edfbae0ad7026ae0550b0f12b5fc73ff1d0eb1fe7d0941103205c0f8b3ffa60b98fbd9f35ff500099715bf0c0d10a6fd67
022d0107fdfbfe0afb9c01c9fce6fbe2fcacfcb2fcb0fda4fc8bfdbcfc69fc3afee6fce8fedefe74ff12fd9fff38fbf30082
04e0f89202d5fa4301ac10ee0c7af9a6f1ce1a1e0303f124f87102d3f764049aee24f7c4e2c5fa3eff4af8d1ee1af3650f24
ffa6fb96fe46ff970033013bfaf8fc75fe82fd88fd52fda5fbb800110033ffccffcefd6201640073000dfdbfff0cff94011a
06a3f4cffd9aed8af5dae6abe547e7f7f821fe02ea46e704edc4f0660fa003aa07b308910c710a050e8ef79ffa9310adfba2
0115004ef630fbd4e65d0869f8150c7cff920b62f66efa3ff9780dc5122ef59311930043fd5cf0fc09bafe8affc6fa7d09d2
fec7ffe4fb39fdc300870052016cfcfffed8fd14fdfdff6cffb6fc57fbbcfc68fb17fd610188fc26016b00eb00ebfb5c00c0
0043031e04fcff0614491fe60bb606cbf729099df90e0250ff3af7440177f0b401cf0e87f19501a2f96b05720ab6f65a0b99
fdf2faf0feee0041fe6ffca8ffb0fcfbffdc0138fff2fedbfd19fda400e1fe65fe8aff8002baff9d00e4fd98fd9000fffdb6
fc3a0002fcbe0033ff46fdbd00ef015b0205fc17fc7cfce9015bffa0fc0cfffdff4dfd47fea7fd43027ffccaff65ff1e0205
008cfdd90098fbc9fbd9fd83ff950057fea9ff88fd69fed5fb0afe50fcd0fd8000fefb1ffda5fe480066ff31fe5ffe97fe06
0286007102250291fc4501b1fe2001d101c6fc7001e0febbfca8fc7e01c4fe770105ffa601da0272ff8cfe7102de0260fc9c
00a1faf4fbbffa08ff6ffcc6fcb3013dfbe3fad3f97efbc9fb54ff6afecdfe33fbcdffcafe2f014cff7cff7efb37ff9efad3
dfeffe9ef5fe1012f092f0a30166fe42040b00dbf609ee3ffd5d05be02f1ed070248f96ff9ea12e209280a810a0fff95faca
00f0fe9dfcebfea2fdbcfe82ffa8ff8d001ffccafc4dff6c0048fb27fec20170fcc400b5fd6afab900c1fcd1fd79fdad0008
0c300d2df04bf9fbfd7bfa8bec8ff7a1efa3f2cb0286eb2df851f35c01240b6506def94e0aaf07edf630feb80a3c0b56072e
ff85ffd4010cfe5bfee5ffbd0016fcfbfdd2fd2a035b01eafebffdf9fe79fcdf029d021bffd6fe84ffc5fc3d0192fd7302eb
fd84feadfd50fbeffcda01cffce9ff0f0090006afccbff500324fd3afebffc97fc6b00cafd91fc54ffe2ff5401240065fa7b
038300170124f38e1f860327f9afe3bff48cf18ff9cfdfb5f8aee796e88ddec9fe16fa06fb740345fe4501afed01034ffe30
fe36fc35fec4fd87ff29fd67ff0000aeffa80049fcd900e201d7ff6cfec00081fdd5ffc0023e0087fd51ffe5ff7a00bdffe1
fde7fd5601f0fc65fe07ffa9ff21fe9afd520135fdccff860179fd3901cdfced0181019b0152feec00a2fcffff95011dfc8c
e915e6320492fea2f541fe50000d013b0ba3000104f5fae0feab0ca40353f56c025506d0f4aaf77af95f0a7e1154fac5fc8c
fbacff5efd59fc70fee4fb39fde3fce3013ffe81fe930233fe2afb54fdb40349fb8cfd5bff5402f2009cfb6afddc010afc80
049e043df3f8fded0b15f42ff87ffdceff2cf6ff0cd915660177ec2cf8830b95ff14f49bf809203704b308f6f501febf1077
fe79fda602e500b500f2fcbb00b6fc94ff95008f00dafc7ffb8902eafebdfe9cfcd300790206fdaa00e5fb9dfd06fcd00157
0bec0c93f7f003ad151406e5f586fca109e910231154f7f8fc80ff9207fe1833f92ef7b8eb1eee6afb88f98eecc40a4ffd8e
06b705d11e0c00beff74002ff9c809bfede1f4f2022d0af8016ae83fee881fac0c7ef92fe752e82d0a5e00d3f07103e202ae
fc58ff1efccbfe11fe89006e01ff0120fd41fac8fe9dfe9801aafc59ffd800f9fe16ff93fc88ffe7ff2d0240ffbdfd27fec0
0a83fbf50205f86404bb0ca006c70010fbde159601fe0522ff0c12df0b00000b041c02a20982f2f80f69fe2ffc16fc35f855
e9cdffbee593ee72fb1bfb27f253f535eda2faa4fc2306b2077502f307e10d1803b104c1047f0663082f045a059f0064e8b7
fc54fd1a020eff3c010bfd35fdc2fee9fe4601630175fcbc0275ff6f00dcfda6009effe0ff60014bfe58000700b0fd3bfcdb
ff8afe0cfb39035511e801500924ff2a0bc712fa0fd20c01f499f68d04fa138dea05dc83dc2b0d2efaa0f123d400e5481269
2431026902400a9a1b95209c0c16081606e7074603e80770fd07f6d2f6e2f126fba5f422fd4f03f8ed4afdc10341fa7b00ca
fdcb00670051fdc6ffe2ff70fe61fc37fc47ff2cff58febcfd9b00010031fd36fd00fe9cfdb400aefffbfd82013ffe8c017b
0ed908c4fa96f4cee812f9d7f333eb79f4e8f680024406380112096a07d4008b0505012405a9092e0c46fe76f2ecf374037c
fa1e03e40ae5ef09fc550985123f1055fb0f094df98eeb02f417fd6ff87be4f1ddf8f88efc52efda1c5304160b7dfd55fedb
1095f8e1ede1fd060efae9bbf587f8d3120cf959ee22fc5d0722f8c9f3aaef5ff7adf80cf86be727e92be644ef090478d7d0
1331fcd01b980e7efc86f7a6fd0cff05fe0d02dc0c7dfd041759fa020ee7037f0034086801b9fa6501c40881f270f8d10cdc
ffe9fcefff2ffdda00d3ff2b0154017dff69fe4c01ecfeecff7cfdc3001f00b9fcf6feb501abffa8fccc0097ffdcfc710254
fd6004effebc15cc0b5d0bf109ed08690a101153f341fe81094604cb0abcebc9fe7cf53c05b8f01cf5c40369f89d0192f23d
fe3500ef0058fe0dfd45fcbbfcbffbb4fedc0105ff66fe23fe7bff56fcecfee0fe02ff450027014ffdcb01d9fe630139fc7a
f15df3e8ff21f95b04e900fffcf6fa53f320fe92edf9f0d5e877ff7109feeb6ceaf6e698ff6f14e50c3dea89ed451f9f01ef
fecbffcafe34fdf9fe0f00a9fb6cfd26fb8ffc9a010500370164fc24fba4fdf50106fd6afabcfbf800f0fd14027bfc92fcde
fe6906f01022f6630967f5e108eaff0706500a9303100a11fa2c02feef1606e802bb0614ff8a109def1d045e075a03c6ff94
fbf0112dfdd5fcf1195bfc74ed86f16ef5a2014ff2820322f1e4ff5703a4046ff8cc0ba9f5d5ea79f0890498110906f2c1d1
01befc38fd2900ce001f000cfff3fd9a007cfe06fc44fbfcfdadfe59000b01d5018d005e0005fd8e0107fd90fcf7ff390044
1ceb088bf39df233e4610a2014f30257e05205d3ff2d129007280d3ffd2dfcca0f2d07440752f60a06f5e9ebfd1cfd6bf67f
fe2b0317ff51016ffe810031007bfe3f0110fc57026b02dafd4dfc29fc24ff26feaf01b300c0fd76fcd800fcfd8bfd0500e7
086ff650f47902b21aa4108a0459fd740e6b0bf20675fde6f0d7f5ad05d50121ff67f2ff06650f5e0798040af78a01d6fca1
f87906f5f2a3fd69fc0aff6f029203e7f548ff22f263f825f66e0e160c8ce13df19d071a112d0852deabfbfc05a60614120b
35740f7a08e1ffb515cefa05efc4f886f48a0895f3d7fd1ff946f2fce7270b8fe826025df2aef7fe06f2fcad08bffdef02c2
fd96fd93fe04ff7bfd57ffda0232fe810047005bfc290137ffb2ff48fcf9fce7fbec0102fffe01dcfd8a00aafc760200fc97
ff64f2d604f80748f501056e0250f578fc7ffd1b0e5f0956fd4f034ef804dbdce712fc740e25fefbce84ead7e6f1f1e6da7f
077f0d0ef79bff87ff960349ff7104040446000f05f906dc0a280b31036e0704060e0266f25ed95ff8941067df07ee441139
f07cf95ffb50141310e6f5f411a00a36fb8f0189f736fda3ff3bfc4bea0a04c208d100f3fe44f3420c71022313430da3f48d
ed70fb3809d5eeadc057eb84fdcaf522e2b8eceef7680304020706360de6ff31fb500a7013a20c6508da137ffe1bf7891896
fa0aff061321f5bbf99105c9029505a3ff25f4f8f4f1fe2efb2bff15eea7f9ab128104e0faaaeea6f82206790217fcd7ebc9
0454feaefd98fd43fe1300cefc23003affd4fc86f902fc7c044cfaf7fa29fdc8fc28feccfe46feb7ffa8fa18fb99ff20026e
ff9dfd1cfdc5f9c701b1fe19fbdf0020fca10031fcd201650097fd9efd4bf99a015b0118fe64fde2fb5dfe07feb9fcdb01ad
fe3cfcf2003601ea01e900b0fe48fd940028fd73fa7e00fafd74fff7fd8bfa88015501e300fbfdf7fdd5fd99027cffa9fac2
e86ef450daadf213f8ea0be905e802d306b700510b7101f807a7159102140037fb24f8fb17451246043d0dadfe370b961225
f2e5f52008c80c50ff9302a9efe7fed604cdf609f354ef66fa130e4d0455fe5f0298090c0026ff1bf9f60dd30080009adce5
f45a0665e82516f60ef4f9d90380f5a8fff104c30248073205b003c1fb8df93a1941f797fae0fd1705bfeff405f4fc2b0bbf
02b7028a0059ff0bfee7013e019fff64fbf1ff48fce6fd86fc4eff7afc96002cfc73fb9aff7dfd40ff9cfe16005efc54fd59
f67af21d01f5fb8705e2041f04b20051f467011ffcb7061902e1089c06100c4f1d540953f35dd036027102c4106719d3ec5d
e36afd460579fabc0198037bf975fe5cf0d9ee84198a02c7027a0719f5a30b1efbb6fcfff7a6f8160fa905b20a33f82a1e9e
01c9100bfa00f2d5ebb805db0749062dfa00f010010cf480f229ffeff8f6dc38f8b7043f0a69ffa20e970993fb5e04c2f0a3
fc8209d5fcdcf585f033029904adff61fa7e0d6ef55011540772fb1c1574febafc3aee1904710fd9f12df608030202430521
079effa20261035e029c161eeaf9fec2fd0dfc94dd78f07b0285f63ef0baf39608e20f2b0a9e074314c815b40e800822e221
eb30ff56fa8409630fcbf52401dfea2bf76214e8eee4ebc3f3bb01121859f3b7f351fa0dfe790cfa088301daf47d034bf252
00eafdf40068fb7afddbff7b002bfa69ff55fd7f01b9fec1fc5aff32fd530201ffc4fa78fbbbfe2d00fefdd1fecf0051fbb5
074a05a513c2065bfb6ef234f53c039f0bf005c7fb1dfcf70451f7e8ed48159f0637fcc4f046e85efcdbfb690528fdd81455
f69af7d1f34a017d065f11110d550f75031aface132b1230fb76ff2fed7d192cfcbdee8ef9ff02e7134b0feafdfc0d891bfc
00c901e0fce8015afde00090fc2dfc97fca3fc3bfd440153fc1e0066fc61030efe4cfef9fca6ff68fda4fce8fc770173feda
0427ffdc0a5e0eba0295ffeffaaf0702fb7200e7008ae146e9b2f614f037f87ff082039c0534f95e19bffced05aa16b6041a
069207d90afc014dfb57e20aecc7f53b020510f0ff340177fba6fd6ef466f98f078b057a0315f02afb8803ba05ebf6441518
fd850b3e1fbf1047f4201397098afa54f97eeea611e8fa0cf8dcfd2cefa810fb06fdf6e7f717eea80cf801b8fdbe0f6e0132
0229fcf1028801b5fd40ff6bfc6d021cfee7fe76fd9d0202fdb90001fc88ffbbff3800f5fe3afdbb02a0fe51feaffd14ffdb
efb6fc56f448f0ae0e3c0271ff8bfb16ff5a10fa021008750e6ffb300434fdfb0155ec08f3f6f8df04dce9eced2cf5d1fca8
f599eef7ed1ef7e5fd51e655eeedfd07fe6cf6431c540950ec67f331fd7f14050d9bf12519b2093801af0b8e033407eb057a
fed2fe3ffca2fb5cffff0127fd61fc7afc5bfca4fdb0fd64fec0fe71fe87fa07ff1dff4eff3cfaf3ff02011dfcc2fbce00d3
fef80029ff87fdd6fd3c000c01ab00be025bff3ffde7fc5e029cff87fd5602b2014dfe59008cfbb2016aff64013b002501e6
1c9c0b4ee070e99bed310c8c0934fea3fd73072810b8ea18efeae31feef41024f857fd8f0c16f19c019ff81204720b80feb2
03d414c118f6faa002d5f1480014f72e0261078aebb2f512f5fa0d1106700617fb1af52a0003080014350a21072c05b8f918
fc27fcb2fab3ff63fbb2faa6fc05fff4fce4fd97fb19fb2cffa1fe16fbf40214ff3dff3ffabefbeffd6e0008f9d9fae7fd31
02ce1439fa1bbef5bbaff19b00e5f3eff489dabe0123fe7dfca2f05febd7061df1870e47ff690854f3a6038df7fefa45f3cb
09be073204a516850dba0cf2050cf8fef86b0f130ce50dcade78f1bff427f7a7e17ff29df41df575e8bded250b3efe6eee1d
f16f05f20ea9059a0189f4800e57f5fe070d0b3ee504f5f1f8a00c70077af1e10a1f14c80a58146cf98ffe80042711db1b58
00b4005ffb5afe60fe84ff85fb57fe84fc7cff07fc81fd68fca9fcfe0147fc56fc740252ff74fcbefb20fcb9fe5f0074fcf8
17c61424119603d3fa99f5b602cafd2cf9c20550e7981b7f06f9f8a6f79ffc91fa54f6f7ec0ef0d80865117eff0bfc840fce
eb57fc98022f0acbfd00f8b7f6d7021c0251f2e4e9d1f7a3fb5bfeb0f02504e002fb04400b6f13ed1106094d0dac007317c3
0563f8750632013dcfa0fc08fecf1308fcf4e07003e103b903b90f12f5df04b10799064b0357058dff4af165e5d9e8f1fdb9
fc2101b40132fcf702b6fe30fdfefe260257fec300d00142012efc900163fe4afdf6fe44fe15fe0000320008ff830160004d
010c0dcaffcff72be14f0ce70cd00588024bfa680f8a047a007bf83efee8054f0ae3f3c7fea6eb06f864fcab002dea7ffbef
ff2c0131ff9c00410131fda600f9ffc3ffe9fcd8fe03fe8efdb1fe820068ff82fe2c029b00cffd7e00f10112fd46ffbbff8a
ed75eff401b0ef7ef96ee249eb4bffb107510ec0f5cdf7f30c470db90b7fda1ce59602fc009d0565f822080a068018940c5a
116507f1e96cfbf91f25f4b5f57506a909ea06a0f7260ce00412fd89f274f48bfe3cfcf2f8f5f51dfba606eef5ae11461d3c
ed1505e51394f880fb9a00e007c3fb3cf14508fff6daff4cf1220b26101900810242062214980655ef160a200076fa88fc8f
0735110afac8f1e4e966025afe0df9befb98073302b7047efc6d093a076d06bb0e2e0d57f8b903880408ff1ef4cf06d4f77f
11e90f9115a10283f7d3fe4bffd71d4bf84cf1abf68d012410ec083306f8df85f4b30f17020bff3ffc340084f4aef635ff5c
0c17056102d7fd20fe70fceef430f74f05abf3531631fe9c01d803020deb1634f3fd0d33f603012d0afdf5bc03a0f63cfea6
0215fc14012300bbfd0300fe001efca4003cfcf6fd0fff46fd7afc27ff8ffd27fdf4ff6afe21fd10fea700fa006b0112019d
035dfdd201a5ffa7fc8b0041fe8bfb22fbb8ffeefd31fd16fd850027fe70fd56008dfd1dfe9ffde7fb610179ff0c00bb00a7
fdfbfcdd0027ff04fc32fe1dfefafba3fb36fed4025e0171fdabfd200090fe55ffaefdb1fd9efdb8008efcd1fcdf00abfe80
f15af4c5e08eeb4ef6e10c1bfe01f656f99befd70abe0b88f1aa031ceba008bb0c5d0c05056cf92df4940f8811c50b66fe39
fed0fd1e0091faf701c6fbc0f896fc590013fea5fc0afe0dff510086fe3d01cbfd48fb8bfb71fd84ff73fe79fe3ffccd015c
f8d202dcfda3fb10ee4602860e56f69601f00378297011af02dd1129fdf617590a6903a1fcb41d44f039fc4bfdd7f8def7e6
0a4cea77ee4fed0d05121c6507c1fd99fdd5f8a420f30d9a0ddbf64ee55a21161dab07e70224fcdcf97dfe16f2df0597ecdf
1708fac100cfeb6f10fa1ac3fdc2eb4efe64fff31bb61a00fbf50a360609f622fcf4f722f3940eb5f5c0fec1fc3bfda8f2b0
0fef22cb1ffdfd61e391fcf5f5a1fcc8f77de93e0b13fc0a051df1c2f8bafdd51a1205560836fe56e2eb07c6fd53ec39f27d
01be0c3506bdfd7aeb170b6c019801fcfff6f5ceff06f91300c005110ec4086002310c1e093615591e70fd51fa4707e315af
fd4c0207fd8cffcefee9fd92fd7ffde400fe02420183fd6afdfffd610226016ffe9c002dfc8afd940020fddd0008021f00bd
fdb2fa7e04f4fc70fb2dfbbefdb8fe6dff13fe5efac1002e00e500a30191f9defddafbcf0185fe52fbd40089ff2efcf4ff3e
0242fdfaff72fca8005ffbf701f5f9dfffa9fc1ffbe6fdfefbfbfb4ffef8ff96ffba010b010efb04fe38ff4dff99fd45fcff
fddafbe2ff45ff3afda9fe40ff3b00f3f9f5ff750570f9e3ff44fef6ff290268fda3ff8affa8fd51fae60085fc92fee8fb8d
0059fd61fce7ff46fee7fe34ff8e007001a70364ff3a0162fb82fee701dc02150003019ffd6cff32fea30070fe87fc76fe17
0130fdedfd85037bff77fd7e00bdfd57fe16fd5cfc6afdb0ffe5026a0100fcbbfd80fe3aff58fcc90132021afd6ffe15fcf0
f9dffee8f2cbff41f145f8bde9f8fe5a0122fb0cfba5d0c2ec0a1324120c016fe37d037d0be606befb5ff9c7fb72f0c7ee3f
fb411608fe05f8bae25af636fb4df4d9f62edca70669fb61f7d2efd4fcbee2730bdbe01cdf920473ee76e0f9e2a8f5c1041a
08cc0d78f1d4fddefed8128906f80295f5b307e2202f075f030bfd23f73f27650e570a65021107dafd5cfe81fae90ea6f727
0d4e16751762f9a9f421f7e40ab1f5caf376f342d63a077f0f48fe28f684e081fcb10f4b043ffef6e663f6befa5b072a0226
ffe1fdfefe170196000bff6800a4fe94004ffb9d00550186fc96ff5afdffffc0fb48fddefc8501790051fd97fbf1ff6c010f
0687f8e2db2119a71f310f1e00ddfc4b0d6cfe1312c80d70fff5ff8c04e1f0f7e977f564ed6dfeacfccaf11a14eff83f004a
fc08fcd6022b01c2ff41faa0fb8c0157febfff7800b3fe19fd8a009f027bfd42fcebfef8fd9f02d9fd91ff00ff490249012f
fe26ff0005f1f958fafaf11e05f1ea9efc5307f4f0a9e3d6e705f514ff33f69f014c098311b2046b14ce0862e86e011a07ca
ef5ce6f2d82efc6d114cee0ef04ff874feaf1408f749eff30748fc5f0fba0bf3038706830a6dfadefc6a06ccf3490350fcbf
fe1dfe43fd68fef1fe8d00ae00e8fbd9ff18fdc400fefd3b01610199fec8febafe0efd79fe8c01ab00a4ff09feb10242015e
0c19f67f066efc450e1707610041f4b504f5fe7c020301ad0823026a0012090905430aaa076c1166f49de88918d108531675
fd8afc8cfaebfd380225fb61fc0dfc4f01480027ffa000c9fda1fc7afc79fd4bfef9fbe7026ffdebfff3fd18fd1bffe2fe0a
fc2dfd380108fd8d0011fe7dfe03fe31ff5500a5fee8fe1f0220febafe5ffe320130fd97fd6cfdc9febc000afdf400befee8
fdd502ac00640051fc6001a3fcccfe2dff2f017cffc2fdb9fb6cfe2afcb800a8ff7cfbb9fdb5fcdf0050fdcbfcf10188011e
fde2ff1dfdd8fe22fd14fc360159fe4a0226ff3afe4efeeb028d023c010e014d00acfdb6ffd7fe9d0015ff3afedaff2ffdde
fe53fd47000d0162ff2c0164fbd9fc8afe74fc8dfefcfbeefecdfc3dffea00370051fdc1ff93fabffc81fd2bfdd3fdd1fbe8
dcf2fdc70cac0741f506f5bf0a100891053dfe56099404fdf2f6f7aef45f062906c70031ff72fb12ffa81321fc5b01031659
fc7bfeddfb83fb6c01dbfccbfd59fcc2fe9bff3c0043fe91fd2dfe7bfe2ffff5fd870031000bfcea0053fd02fc9d023000c8
06ca0800edeaf34c01ac02d2fffef2cdf3ddf88a0506f5c0f3e2fa50003bfe0bfae4fe63107b0bdbf3effeadfa900fe10c66
000e026dffdefc29fed1fc96008d0243006ffc08005bfd38fe0bff26ffbafe2901bdfefaff6b0329fe21fef6fe73026602c8
00910060ff2afbed001f0084fd2901a3019a01a7fe9e025cfe10fd9cfc3cfd4e01e4fd7ffebffdfb0029feffffa5fc21ffe3
1d1f18940970fce51d8af699f6b7e62c0755087803cfeb17f6b90386fd33fed3edc6f95e06acf6f01522efe6fc401b0fff1e
ffac0111008aff6a0078fb7ffb88fe4203810025fd09001dfee400b6fc97fbb4000e0040faf7fa97fcebfd5ffb9f0022fea5
0112010a023301c3006bfdd0fdeffce30228fce4fdd701c5fd35fd04fdae0288fe2bfc7e005cfe36fe6d005c01b80294fdd4
f0a9f6a7f08b04c3080bffe2ffd6fd7606b40c1a0e3e091c085bfbab0591f041039308170230f6a0ee550619f6edfc83e5ba
fd56fe11fca3fc2cfb7bfe0a00f0fe1401c8fb55fee8fea3fdd4fe410098fbd8015cfaf60199fc2bfe5b0074018a0053ffac
ef80f74afa96e9dd0874f581079ae98adf76e4200b9b06f2e5bae640052d109f0c5dfda4081e0d30fc13e23009a5f2cc07c8
00bbfb67fe0003870262010afe34fe53fe73ff52fee5fe04fe1b01c5023afe26fc83fafffdf7fd11fddcfb0201b0017c0169
0232ff8b0127132e2011019df68403300d171b6810a5fd780226fa23e0b00cbdead1ed8bec90dc49fe65fa66e03b176bec21
0c8009c70a43f967ec8f005bfdb2ff19e856e74b097f173b0a58fbe2d1b40bbb0d01d31be32def680ea8e4ccfd06021eea1c
00510055fce9fb5efbf5020b0158fd8ffff5fc6bff05fe66fd1f015300b9fd060118ff24fc35002efd89fdebfda8fcc6feca
ff33fe7df5b90774f5b10cd60ebdf586040811c60624052aff9b04c30d19076b026ef5460b29fef70345fb1b0f9d17c1f7e0
fbcff8e20075043ff449f0e306bb013cfbb2f66e004a048710360ee71dbf08dc0a7b0b61f5c60258f5ecf992e1abe31cf8fc
00c5fe29ff2501e9ffbbfbc10258fcb4fb8f00fa0067002ffc9c008cfdd0ff540068000fffca03c8faecfe81fcc80040ffdb
fc6303dffeac0fa9212ff2effbf6fa790bcf180202f7f5bff447f858fe9902b0d4b7d106fe48090be589ecbde332fe2b0f1d
1df103b6012b0d8119380a65048508bd04b30684eb3af5aa09b00b43edc4da75f0b8f895157f053cc8d3e77c022e0bf2fc2e
0087fec5ff03fe56002cfc46fd37fbf6fd3cfd93fdecfdd5004efdd8011afd97fd51fd10fce0019cfc80fcff00e8002ffe72
ff71fa4c030af9b0ecd8fd7cf5bffd5004de04160047edf50f5012181162065401fb18690af01c5b065b03e3fd1afab71393
048b0265eaeaf2cef93c020803d3fbe8f9ccf66defbde829fbe2fbedf8a0f553ef21f928f5fe012c10fd07630f0eef47ef1d
023707b7fee3053911ca003af6d1f9370232e0f8f2d1ec18fee6fb95cfb1f121073607c20059e8cbf372de8df2c8f2a8f5a2
f49effb6121817a70f2903b5ffee058f14d6fd3efff8034604af01c6180bffcf00de0606fc6f1193fceb013e0acafa07e03f
008afdd2fd3e00eb019501af01d8ffebfd32fd210075fd21fd66fe8e020ffc6301950199fdafff4cfeef01c2fefa01e9fe86
05d301f103140f8b142c0f9f03231424116c02e2024ff4d00837fb04f09bfa34f399040cf9f202d0f2a30082f331f91e09cb
fc7bff2ffd6efeb8fdd20020fed3ff7600f5ff6e0232fef302050175fe0aff8bfd7ffc66ff1afde2fea5ff7dfc4d0144fd87
040d108ef430fc59f3d30591fa8f071aef1cf39cfa1ef35defe7eb131688f40ef9c6e4a80beb0881fb4ae26f0823234dfd74
fdcefb89fe74fdb601b0fc610123fe0afcbefe3dff9dfb86014affd0ff4afeacff830095fca1fcdffb66fdfeff02fee8013d
00d402a90892fc3510fbf32606e1e16cf898f4d004f007cef6fa0b55fea0062efdac0afe052b0a2aefadff6bff1ffc3fffd8
0cde096efd74160af9bdf159fd1ce5a9fb8e07e1fb78ece6ed0c01cced6e065df96e0493f8daa516fe620bd20f65fbf39e61
feaafcccfc51fdb8fb91fc93fc0effa7013aff8c024ffdd0febcfcd5ff5d00e601b8fca4ff5fff5cff9dfecefbc4fefe008b
16030c04f8cce666fc330bb80024f588f5ed07e0e839faebfa9a0cdef88c0475fd32039efae30ce6f6050b80e003078f0d29
0145fd39fec6ffd8fe9efc0cfe9d0124fc840030028f01e00125fdf1fe82ff47fcd2fe68fe64fc1a004dfc100291ff6301ff
0a8d0771f5eefc070e7afc210db4fdb6f6ad09380554fb71f5a7ed9605160659f593f9d6f68719930a67f33ef48bf7d603b6
f9a60b55fceb043bfd4bff650c44056f00d0058fef21f75ff98906ec012bfcdb02bcff920fecf166f7f5fc4ef3d00483ff5b
14caff8ef735f3a00fdff6c601e9fd6afaf3f091ffb8e485f71cf75fde1c0809e7effbd2fe29f648f7e513100e2c08741788
fe5c0112fef9fdd1ff0902ecfda4fd21ff72fcbdfcf402c0fe8bfc280131fcd9fce1fbfefbe101ce003b0088ffff0107fd68
f9b8e817f8cc0ad3fd6cf62602950d0304a805c6fb7cfd08f9eb04d712deec7aee17fe9f0ae2f909eefad777e689dff0d82b
fbf107dcfd84057df2e1fd2505fcff9c05180b6afbb5f464f519fdbdf6c8fbed052404a3f517f3a409db0f76ce32ea462628
fcf60fbe02daf92c0e27fde8039003defb2bf948fc06fd3c0ac0f5b0d771fd2d04930119f1bbdbc90bcffad60ed3f93ed9dc
fc6a00d2fe2bebcae54df434fa2aff1ff98df422099608b7fa370c971b5cf5e6fd98054101090a9cf96517850ca5075ceb3f
00e40b4e06210a780805f8c2fb88fcadee9ee3bbec80ffe50e47f41cf8d6061511970ebe077e0730f5e7eef905ab014fe47c
0047fb0cfbd1ff6afe20f851fe36009efe30fc32fd6b004eff83f74101d3fd52fc72fce7ff070347fbd7ffa2ff5f01070332
fbd9fdc4fca200e50013fcab007bffeafe9dffcb00f20148017700e2fc9ffc69ff36ff7bfc96ff70fd4d0206001a00950225
000f022601e1ffb2fde6001400bf00e3019701c0fd2efed6fde5fe2cfde3fcd0fc75fce9fc950045fc7e01170234fdc8004d
0325ecf3eb5bf6f6ff7e0743fb16fb840455fed804ef092d04e514c80eb0fec3109a0231087214df041f0f07047806ea2136
fe12fb200aaf0182f1f0f97df79a18840007fca9fe29f0d10ab7ff52005cf1c5021503b90bbeec2efc72efe9fbc8135708ce
fcb008f604d6078c157efc7fed89e311051113a9f5820b9300710c07ee2e0d0f0655f54ff9430ba7148105d5f6bff0b40cac
fe8bfe1ffea2fd8dfe4cfe9cff67fdccfc97fe1800b6ffeffe2d004801d8028affe4fd7fff47ffe00011ff0cfd99fe6efffb
f5fbf61b091f088affc9ee5d01b9065201d80dbbfd240b1e17290547f2580c770fb4034aefeeee21f1d2176e0e6ee91cfab1
0381ef8400db00bffd480539062406ccfd68fa24099007ffffd9f427e67d069a04cffdf7f6170de1005c014908740de7080e
091000fe004cfc25efc202760f66fff3fec4f0e9f58bed1eec55fe57fc02f397f4cdff820aa2f31af455042c0171fc11f1bd
0e1707c30246ed6a05470350eeee0ad1000a0d0e03350e8805c1fa111f94fb95fea30082f8ee24cbf39900b109f5f917c9d9
164a002b016807acfac00f33f373f89f047ef661f5d904d7040d08bfff98fbe00fc01d74195400caf56a0dc81a7ef5161cdc
f60d06b10ec1ff311808ee92f8c6eb1de87c0af9f63fec17f285ebfa14a4105ef62bf4e3f449022d12ccf9a1e006ecebd4b8
fdb300b0ffb4fe6201fdfe1200930032fa2fff6bff99fdb8ff4c0075fd0dfecdfa91fe78fefcfc82fb31fea8ff42fd16fe36
f9dd0d460ae811a60485f15bff6509910f93f0d60068081b0d54fc44e43103f403daf507f349ee10f8ef07571008071a1050
f8c101760308fc4f07aff5710732029d06f3fd7813ddef1bf3830178e3a00421f608f7e4fc2af364077bf829007d17412236
fb2ffd3f010eff4c0131006cffbaffcdfb76ff51007a03b7fd1cfbc7fae4fe99fd51ff42fcc2fce20089fe0ffcc2fc85fe36
fd3f07ed0a0518090c3d0b9c13a4fcd2ee79ef20f9d3dcbbf380ed75dfb8fc0ceffe05840fc9f6fefce202861a2b1dfe202a
ef02f90d0271f880f262fe92fdf6018a1593fa2c00020137fb98fb61fb12ff1c095b0cb6064402950b9116901e31f4dbec30
006f060c0abf0cb9038806700e470383ffc1e80aff98084e099a03eaf80c04f803ac0da4fecdfbc9ed7203da02ce00bfde6b
fe36ff67ffa9ff2f007bfe490284fda2fd9f00ff01e4fe8efcf6ffaafd87fc96003d00a6fdd5fccaff7afef9fcbffd28fcb9
f50901c8f987f75a00130564080a0b4902430d07efd8020bfb16fbdaf5ff0c7605dafc640ebf0419f924e602098005580a81
e866ddce089afba100bdff05080e0111ffb00a9214b60961fcbb0183037f0e27029d074cf6d402cd06a9ee14ff3b03931f24
fda2fcd5ff4ffb61ff80fd8d0147fdb8fd0ffef3fe8d0201011bfab9fa73fb4afbdfffb9fdad0123ff43fce5fc59fcbefe2f
fc27ffe701befea2000a00c9fddeff8a0024fd8efe4afc00fff2002ffe95ffa8fdd8fee0ff97ff4efd5afe0300fbfcb5028a
0f13004a076df2f5ef0619eeeb8a0c99de92fde105a5e986e18feec4f4e713b0f29dfb8105aff7a4065d027719620835f05e
fe971721064d0039fb5df97cf5b5f4c2115f00fe0697f9b8e7a7f7cef5af0e7ef10ef589f342d53302e40192048d19cd10fc
fd07fcb2fe39007f0012fb92fd58026801ca0011fb3afd12009e009efd62ffa4fce2fe5b00d902fdfdb20016fb640129fe4a
00910c41f27ab8bdc28af86ffe56ffdde173c3be04a3ff4ffcf5e783f9d00f8b019e022cf6650fc8f8d702340429fd2013ee
ff4106eb08a80e590d5f0c30009507f5f6650a9307eb0c9df47bfab1e532103dd526f21bf42ee17a071d0b0012db025dd36c
fb8808d303330aa10bdcf9450e9302db0a84f789fba110b2f81e076102a302c9fc6f12c9185a1433f9f2fc41fcfb12a9fc6f
ffbcfe8a002afc55000e007b00cffcfffc50fcff006400eeffb0ff29fc56fd1301790179fccd0108fbacfe3500a3fe5e022a
0dc00a6efb5def4bfe0f017e040804f3fb8f0a59f9fd1176ed9efa06f0600ab10fa4f89e0095ec030aa217d3f3e20f71377e
f60cf79a06f1f7f8fdecfe0003dc095202e1feb3f538fb7f156810eff0240451fdb408de15dcf50709a910e60a9604a40572
fcdf06851042f950e476fc74fff00e0c115de91902800ee30b5e0bb41e4a0833fbe6ff2bf3660205068ce95edd8be3f6fda1
0219fcf1017d0230fe5bfe0bfe4bfeb6ff5a01010256007400cd01a1fc29fdcc0253002bfd2d0035fc760112fdd10176ff98
fbc20fb80c82143cf6ac139b0835fc4409d6ee730d990abbfa9302ec084bfa05f76601e8f976fc75e7100ba709a3f79aecd7
ffaafe07ff74faf6fe6cff8700b9ff3200920158fe99fee2fd17fee0ff60ff52ffe4015b0058fdfffcedffcf01a201fefcbe
f9540296ed72f7ddfc450ea403b7146f1dedfa3be819f0f40aa00978fae5efc2ede3f91f0a79f8b302ca12020a7fefb7f11a
0203fd8cee8b0b27034805640aff093d162a02dcf69404e40b940912f5caf752f2cefaeef8a1084f08a6f66d0f401fac32bb
fcda0a6d0e1bf8c10ee5fe9df565f8f0f8f50f5feffaf60e053b1194fa9cf6c20f8002b10773f1b4081402e8f19dfbe3edec
006f0f7b0237f073f3d00ba8fd45fb36fafd0f760cdefe9cf20efd44002b09bb05bff8aa015ef092f43ffab1f00af7c4f271
0fc6077d03a9f251ec82039e060910d6fd7efd32f244f0ddff2bf4adf789e4e7ff1ffe300397ffade5a2156105cd0f74eb7e
f937fb7af4d40333fe2cfe63fd21f855f301059a10000403008209611a6807630a8f0a9b07adff54f770f2fb05b108aa01df
fe86ffdefe59ff9dfe60ffc3fced00b6fc3e00f3fbcafcf60027fc5b0120ffac00450037ff6f0105fc54fdc300c9fd1dfd10
fda4fe97ff940055fd82fabfff59fb6efbd4fef300befca8fb77fbae0204fae602bdff93003f02cb0067fdd3003700280345
fd240040fe76fd29fb05fd96020bfe20fc22fe78ff11fd35fbe1fe1a0345003c003dfb53ffec0373feae006f00d8ff60fe01
fa0cf51ee48afd41f6d90419045bf7d4fcb9e7e106b50af8ff8bff14eb20083f08e7032816e8f82dfb7507481b130f34f9b8
fb1afc09017efc4dfcacfdc8fbd3ffaafcd7fa84fadcfcd3fd0bfedcfd48feadfc2bffeafdd6012df94aff3bfcc4ff2cfe12
f5fe04a502d1efe3f5d4060107b6ea45fabc0b571c401402015603181dcd0091082bfdb7fa080bc3f965ecaeff0ff32df45f
06900b7cfec5f3f0f18b140afe9b00da00c1048807ca00d10537fd870915020c13f0fbb2f90efa66fd91e103fca013610aee
fd32f7e4f39eec14072605c00686e6e1faa4027b102dff7dfe64fcbcfb16fabbf114fdd400a9faec0570eab3057c00fef995
0d591a4c0561e9fddfa6ffc9fe4af6a8009fefc4f05e07a506d6fed506bdf5ca048704c006d20c48f7be04d4fb3503cdee1f
05e00e6703f0fc51f73d0704fbcbf3f2f16e14d103bafa55010207c9212a14b807130c7a00831ae71336fdaefd1509cff4a3
00950108fdcdfce7ff4f015701cb0184fd30ffffffc401e1fe2f005cfdfafcbe00d1fdf8fd7900600154fdf201a801a5017c
fc19ffad0698fe49fe32fc2a01f0fd7dfef7046cfcbc005ffde0ffadfa28ffa9fdb5fd8f0199fe84001c01c0fedd024cfbe3
0137fdccfe9ffbb2f99efeddfed9f9cdfc35fc56fff9fd2d003afcc502430214fcf0fef2fab5fadffe01fd1a0000fd84fd34
fe1b00fffd25ffdc0361ff0cfb57fe16fc8f01befbceff32fb3cff19fd12fe06fe17f9aeffce02dffa71fad5fea8ff08fd73
ff7efce400c3030b0127026c01f4017bff80fe6ffe78029afe0f00220261ffa5fb53000afe81fddcfd6bfeffff7501c2feaf
fe55004d02590096fc74fe77fd55fe5efe0dfec2fccd010b02ab0078fe58fdbe0178fca5ff74009100c9fcea011ffcf1018b
f64606e4fbc6f2131268ec420045f9cf013512f6eb81c58af4b50ed30c0400d3f8ebee8e15940230f4bffd26e8ff0ba923b7
fbb0febc07160188d387fc03ef65eb5e04f4fb5c070512d6ebfefdf90eb2eebfd378d0fc025d17a0017b08b8f92318a303b2
0970f4a7f2a7f6ce0e730597fff8ff1cfd790f9f0c8b13bb061902eb0fbb0fcf0051fbcefdc0fff90243fd9508a4020bf14a
02df12dcfaeafa18f0bb01e900eafeadf4e0f662f01d06d9fbcffd9dea24051cfb52fec7038ce482fd1611980cc2076b0383
ff4afebbfb5600ad007b00710124fc64fd4e00f2ff96011f00bcfcdb00a6fdf6fdc4fca9fcbc003b00e2002a00b3fcc60270
0f0de731ecc70e2d25c31134fc97fbd8018611b90801f689eba0ef00efa8f619eb5dff0bf3570fac02e4f453f577f577e19b
fe1bfb62ff5efffdfeaa0161fb60fef4fd4c0058005b0324fd8cffebff4e0037fccd017efb7c0360ff48fe6ffe7cfea1fdc6
fb890583f2b0f21efa41e764ee15e29ae15901b7f6cdee2df8d4fc87f4e8081601ce03a41b210f410936fd280687f147ec6a
e7eded98ebfd03790940f8e1f41cf415ffc21787fa5b015a100e10291ccd0d37077a0d08056e0f5611b3fded0d3bf2c0ddef
0195ff3efc25006b00f200890055fd8b019e0156fd520026fe26fe3dfdf8fd20fd39fea20023fef1011cfe2700bdfecffe01
fe6ffc7b02ab07bf0fcaff53ffb90163f9380a14ff030c5311d703f100110220025c097cffdc091801b5f2df01b7fd640a65
fd80fe57fe20fcdaff3e0197fd3cff65fec1feb3ff8f0141fbcdfda000a601e20075fc7afece01c1fe8ffcef009b01ddfc84
007501c2fef5fc1d01fafdf6fcf90180fc9cff1bfe19fd56fd8efd84fd24fce10006fc6bfe13005201a0fc8affcbffee0105
00eefb730038fe32002d02b3fb2bfd00fc78fff4ff7effa8fd9d01c6fe32fffb0030000001a001c3fe2dfedb0287027b0033
fd35fe1dfe550157fffe01d5ff6dfdb001d2feec02a3ff31fe95fc95009fff4c00d1fe6cfe2bfbbe0100005efd96010700ae
ff59fe69fe410107fe3aff92fae7fe7bfeabf976fdc8fb1f004dffbffcc7fc31fa7ffbd8002aff050190feaefd060043ff6c
f64003e10bff08f714f1fb4c0a85039801a2fbf40c770b3807e9f63bf70203f90f7e0538ff252b59079f0ad3e1c7fe64126d
fef00067fdcb02300370fd8dffabfe1dfd9fff97fc3a011dfdbafd26025d011eff7500b9019dfb86fde4fe8d023fff81fcf8
095f0379ed9bf7f1f892023ef6f8ec1ff3c4fd66fef3ed2afbdd06750f5bfd02fca800e911e50e73f1fd053e0dc000dcfc56
01edfcd80269fea5fcaafe5e0211fdff01bfffb100dc0310000700be00b6ff62ff790088fdce00d3fdcdfe65ff7500d4fe36
fd96fe35ffd3007d00d601d9029302e0fbe10054fdd600dafdabff98fc71ff690261fe9dfdd4fb50015afe20ff5ef949fc8a
0876056af1bbf75808b40346f526e05809cc0488f9e7e84200d602fbe7ae040ae94bf8e0141010010a4ffba105cd114a0ba2
ff7bfe08012cfe16febdff28ff8afe5bff0600f600dcffccfffc00dffb2efaedff9dffc0fe74fee2ffd8ffdafe8cfb87008b
0272feb6fc67ff32ff5200f2fc8b01ee01e4fec4fe3f0213ff9a01f90140fcebfce5fc3cfed7fd47fe7efdb0fd14fdc101b7
