024417b8fe4700a30411fa3e0bd8fe2d1172fce8fd04fc1e0be6fe2cfa5b081dfe9bf857fb5af393
fcbbf09d00e4f721074302cb031a0156f01411f300c90e1904e8fd85f258027ffea10c2dff1eefb5
ff63f23dfd92fe5be42a0d140d4bfcbaf1ce1993fffa0528f5f200890787e494ff7a0935fda00278
01790cbe0063fe9ce1bffb0f0f86005af580fbfafded0b2a0a6a007b0b4d0925fbeb04d8fb61ff7e
fded0820fcb3f684dbb3191305cf004ef9a4fe68fc58e33b1ddaffc5fe1704eb0194079aff920397
02480766ff46ff9206b6fcbbfbb7fde9057cebcbfe69fd91ff22ff240247f568018ef9aefd2407ac
01e2fc47fcc30297060611d2faa8ffebfa320283fe39f87bfa99fd91ee890520fd34fa3dfaadfde6
ff23feb9ff31fa4afec917970cb1fed4f9220ae60235fdb9ef5afde9072802d0018c0e2afce4ffda
fd5a1665fc52fa19e56b1b4e13bb01b709edf9cd00ef08f503c1015af660024efca502a402a616d8
00a90622fcdc0489ed29077c047efd7b033fe2f10146c98aed0b009ef686081cfc9013d4fed30908
021007f3fd1d06160b0ff495f6a60132062f0436fd2509a4f848fde8f38cf3b40236100bfffffd6a
fd3bf8680107ea2708a8010ef9b8fed1051b05f9fe33eeecf009fe84f29c071a00a9103cfeaa0614
ff2f02080202f698108e0c10f46c015afc8c0b6dfc74fc4d0af7fd7810031448fd9d0bf4fbc30c4e
fe97f1dfff61002fe2d805bfff57ffe3049309a201c50a3fffc5007afad610efff7cfff3feb8f41c
02470bbcfe89f763d9f621c8123001cb15a71b91ff04fab3f8acfc4c023bf437029706c000c8df88
00a00312fdd409db033dfd95ff10fd12f6bffb10ffe20e7fef97fb0dfc80fbf5fdaf09befe820e57
0109f36bfd07dd88facfefba00bb00b403a6090efeb005a8fd4cff0af8cd005902780b25feb8ea3c
01dbf9c3fd66fb83059e0c7b02f2fbaff461ff22ff9afb60f84000160e4f1df2fd1d12c8fdf8fe6b
0214ee66ffcb0540f95d10e9ff3dfeef0efc0d9efc130737f8d8fe40fcba075dfc210681fbecdd5c
00d0f33dfd7800ea11e10ae016b802110b900c3800e80d13096ffd580831f587fd59f95300adb4ac
fc8a009001cb0ae1e7a4fde201e1fce6ee0bf0a2fbda07fd0371fd1bffd1fc89fe09f4fdfe970ea2
01a71162febaf5cafa380501fcf7fffafe830090fbec082b0b62fee2f3fa029e029ceb5bff200929
026cee7a01b8cf6efff314bd089ffe64fd3cf025fdc4fcf008dfff3a004702d1ff8d0994ff720841
fc70f263ff5f0042060117a40a2e00360db31845ff55f222fa91020eee8ef53400940d4ffbe80925
fe41ef5afe0c0d89dd37097c175b015cfd910f35fdc8fb87183efde705a3e6ceffc61118fc6cf3a7
ffee02700143fea202b8ffb5fe610297031afe4602ad033bff95ff0efa2b002d0307fd6a011d042c
fefb036d02a8016bfd0a0249fe22fda3feaa01e400c6f9c3ff7afd79fbcf02150022fd6fff670112
fdf9009afea2fe78ff7d03d404d70099004e0139010cff29fcdd00f5fe1dfb8efd500262002cff6c
0321001e018afdb6ff4c01ecfd59008cfcb902adfcd5fce6fc0afd48fd180584fdfdff73ff2cfc62
00fafb7ffe45f90f01d1fc1002100304059d0151fe71fdd103a6fe22046807bbfe89061efd950104
fce5fc81fce1ff38020400b4fdee01090163fe8cfd7effad006f021bfc0a03ce0221fcaaff200236
fcd2fcf0ff8c0188f9fd055ffda000e402c3fded01cfff56001cfd4900b5fe7100bffd380206ff5b
fe88ffc8fe97fe33ff53fffbff9e02f6025e020300a0fe26015c021c01ef046afe59fef3ffcafdd3
fe72fde5ffa2fc3efd72fc61008a02f2ff21fe9e00bcfd7dfe06fd3afec2026a025c001cfdc30242
fcda014f019cff680428fba206cffe5ffdcffd32024ffa26fdfb021102820282ff6aff47fdd204f9
01d901650181005103bb0172fe5cfd7c041c00ec0034fd2cffec024f03d5019401b4fb8afd79044b
ffdf015bfea5fe79fb8802480282ff1002fb006800cc00e601e301c3fb00fb32ffd802e0ffbdffa8
fce3ff14fe35fb2b0103046d0195fe9e027dfd930167fdbeffbafd5700ee039602e6027cfdba03ee
ffe2ffa5ff96014c0457fa1bff51fe2cfdbd00e6fef50216032400b9042103f1ff3d0039006dfc3d
03200132fe2bff78fe3dfcbb001100720235ffae009efd83fc96ffacfae300d601cafcea01b50031
fdddfc28fe20ffebffb9febefd860325fd5a00efff8efcc7fb240289fc76036eff98fd37fff900fd
fea000cc01a6013ffe56041f036a021dfc04fd15ff3f00a600790168fb76fe20ff7f01c902e8ff3b
fe3d02e0fe07ff6600f400a2fe0eff88fe36fe010252024cfe44ff8d03f3ff9b00a300ad02adf91f
fd1601abfde4ffa501edfecf0610015306050119fd2bfed3f9fa0094fd9700d10127fbd6fe04fb95
ff0103fc00ee0148015700eb01edfe12ff6900d3fefcfe61ff5c024afe4dfccffe7700aa0048004b
fec003d70259fd61fbf2fe7a017e00e10308ff32ff28fe7bfe91005efebc03f0ff9c01430297ff7d
009c0466fe20fe23fb20fda205eefe48ff00010efd5afed9fdb8011efd1c00310097ff48ff1c0372
fed803de0230ffe5fe2506c100d3021a0375fd27fcddfd8dfe970305006004b200700077fdf6ff58
0076fd24002afe0c0103031b07b70220017e007501e801b4fc61fefbff3004690293044bfcf9fc2f
02d0ffc000ffff3b04d60230ff080090fe09ffbd0272017001f100c900bd03ec02be0260ffe7039d
01d505b000a3ebdf01452265036c005811f316a9fe7902cee9d0fb31f976f3fdfd00ff5afaee11cc
fd4afd26fe1e1be5e79c0d2efe2cff06f72ffd28ffb9e565f529fde6f084f8d2fc20ebad001bf8c2
fcdd0ddd00a3240109912900e951fc72f7e4f2c500bcea94235eff1510e11055fe8cf063018c258b
fbf20478fc20fe12fb490107d0d4fd96fdc1c0900204cf5aff2afe98054bfa9200c3e839ff421a68
fdc9fe37fc360815f64ef8be04c700df087ced2efc4defb30e32fbd30a7f0f79ffdd0ff4fc3cfbeb
fff20fd8ff6bec91fefdfd0af3edff87006cfe77fdc70202f3050120095cf71f0120fdeefeb5ff37
fefbf8fdfdd2f3080683f40208d1fdfdf47ef300fef5019119aefe70fe6308dffd250eb4fe6d0c99
014610b6017d0f40fd0df4f00097fd86026ad61602330954f8f8016dfd9501670072f1230132fc3e
01650783febe045d0004fd1ff7be00ee0b6ffc310158e6dc1375fd071051ff1600eefef5fbec157a
001b0311014e0cf805e3f1feee96fe67f8a7f633ff3df314f5bbfda81b13fe67fbaf0322fa920ade
fe80f3b901aff02ffd6bf4f1f22201b0e7c8fc09fefbfe670978fc3afb60f6b5025d11bd01dcf76e
fce801d1fd7102ec01910099fe74fd10f524f20ffeb211540e04fc76e7d6fa74fdff0b89fcaef71c
fd36069dfff9fbc3f7b4fd000133021a075befd4fe69061a09eafc3bf83802c80053eb27fcc2ff8d
01c6196efc46f6b5ff4af234f70cfb410a91f1dfff65ffab042900e01403f53eff71fc7800a506ac
fd4f0130fd8df884f89ff080fc2bfd0d0d05ec41fe300453f47cff8f0ba9fe9901b907b50142ee1b
00260bd3fd8612cb0136f702088b00e7ff0a0499ff7df6c5080ffecffbb1049601aff83b01980059
fe90086eff7701b4f8a1fbf2fbdb0099f90ef39b0098fd5407cf0054041bf72e0363f5f5fbfd0096
010f0323fdbd0468fa8bfecbf5feff02fa00e8c001f1ff2ff84fff90f9f6f1e1fd6ff1cd017b114b
003cf976fdc7fc22f3451029fb51005207c2fc6300a80378fa6ffcca0ad9e712ff5c036efb5b04e9
01f50417fcb8f13cdfbf05b508c200340bd8fc9cff9ff62efc5dfe1f05200499fefaed8bfebbf29b
00140290fdfe058af1b7f1faffd6fcc613e1138b0050fbfd0c79ff180bac201400b2fe5ffde5ee21
fd81f8ca008202bf0728ee8c00e2ffa40f131bfdfdea016b02b600780bb60924fe00e78bfe8513e3
fb6ff894fc9f069bfb97f379fe54ff74065d089cfc8d017301b200080e3cf2cb004efd75017d0218
01e30601ff21f0fe05270d2bfb3600b9fb01fd6d0211fe0e0e4a0113fef2fadafc140231fe1a09a5
feeffeebfc74f2780f8018b2fd76faa00bc817c400dcea4f01c3fe070c57ef03fcba0761ffdbf463
fc5eedabfd52e96f013a0c7bfe56fcb61ac60a0dfe2be556fc8d005cfbb0f988fdd2f440fcae094c
00c907e5fc1fea5d2348fa0efbfc00c807e8d94ffccde705fb00fbc2e813f9a9fd050324017bfaae
fc59fd1200c1f32311c2feb3f6cbfd20ffd7d467fcdcf7a1f700009a0d4002a9ff0ee65cff0f061d
fb3605d0fc68fcf9f97d0699f242fda2e666ce7d0051fa9c0bddfd89e789fb92012009dafb36fd9a
ffff0ae6fc78105705961666f89f0033eea1fec5fd10ed17ff60fc52fe6c0d0bfb0206bb0078f40e
0091ecd9fc12eb2d0aa9eccb01f5fd98fdaa1a6b00be04c50652fbe1fcf2f01500aa0cad01b3fb3a
fc37f958012e0323f703051308aaffa3f7450b2c000d03c4fd4afde7d718fb1bff63f470fc6ffcb8
fed30207fdbb0bb3f547001d0082feea04e1f957ff2df8caf91bfe04fffc011afba6fb4300caf7a0
ff85034effd100550e5e000bfa96fed0f7cafd3dfe8af814f855fe7603ad1220fe6901d8008e0895
fce5fe7e0041e9e0fd9612000de800a60363f738fd12ed8def79fda60468159bfd8204cd00c1fbf2
ff590c33fc320666f3ccf01d037d0050f25ffe29001b0ca30669ff90093afe9fffb5f52efec1f480
00980814026503920283f699f936014ef81ef15cfedb0b170b3c0195f5aff3f9ffa5f875fbddef36
fee3093d01e3010406be0567ea3ffffefca8df11023f0d96fa6dff7c079ffe26fcd1fd2ffec50e70
015f110700cbf891f83106cc01b2fdd61aa0fc15ff150fe6025d02cb0c6e03e1fee4feebfb2e0aa4
fd0300bf0263f74cf05c05b6fbadff3b071702d8fdaaf7bcfd76ffa105a7fcfeff1d0e3aff5305a8
00d3105affc4187d042ef71afbffff50fd6d128afc1606211c79fd78009312cfffe4f436fee8059e
015f0325fd100bd3fea40058f827fd4cfa6cf81cfe85fed70289ff780fa30fdc0090e996fe2b076d
fb4d0103fee5f226fdcdf74ef252fb950a3df83b0223fb2afcaf01f007a0033c0103fd30fe360561
00bb03acffaceb7deeda075b1062fcf20686fc19fea8fea7091affd2f577ffcc00e8f78200310a2b
fd2d0694fea8e27df21c1abbff90ff2d0edc0038fd60df700022fc4602c0fe99fc5bfeb0fb6ef05b
0169f49200620d20ff91dea91e66ff36fab00c45fe6c148f0364fda6fa612a08012b0789faf4fed2
fc080122fcd012590a8efe3b062cfdc609f01674fbaa04b7fe8cfe12ffb704730082008e003a1830
ff41ef2cffb010b6f6770d490bdfffe3049e15880104f44ff21dfe2c0887fcd2fc6c072100820ab9
fc910af1fef0e85e07ae193b2536fe10004901cbfc9bf2a90d7a014a0dcfe97cfc2ee66effbb163b
fb92d1c7fda6ed9b142113e017c2fe2ff9b00816fc42e74716edfe6303ae0a86fe350505fe2cf354
00defc5cffbdf4d511b2e5cff1850056060201a5ff63f671f54afb1a0613f527fd3e00c8fddcf3b4
00b104710120f804067bfd56f37701a3f8c3e1a700a901bb023100aff564fbed02950f07fe13017e
01af00a6ff76f73b0617145ef4550213f1afea6301840688fdcbfde4fc56fd07003cff79fddbf65b
01460ba6ffc1fb900d6600d1fc23fdd2f38d0128fd280404050afd3e075dfbfffe631298fc9d0a77
fe8cff25fe15fdccfc99145407a2013ceaedf9c8fdaef15ff048fe8a16d7f99a000e04a4febff85e
fc7a04ee0030fe3109e1f688fe23fda4fc290f82ff4f056cfd6ffde2e729f4eefd5b0d87fe5f0a78
fc44f86cfe6bf66806a1f4b803edfca80556d6dffe7204df0317fcc1ef0ff6c3ffaa0d36fca4f47b
fdbc0742fd9204df0672f41bfb7bfdbd08a9f908fc1d1031f84f01c30569efbb00f40380fd96f112
fcb10b13fc840a2710f9149b177afdecf579f95ffbb00c880618ffb61be90873006b0fd6fb171340
fd1704b9febd0e170719f3e51068008ef4960be2fd6d159506f9fc01226415edfc2c0b4902e2ed35
000602cdfd300de2f81cf5f413b1fd08f21cff9cfdf311ce1997fbb9ede607e1fd1e0883ff050c11
ff1606dafc5e060d01de0017f9700089f16bf373fb0e0410fb8e002def2ff837fe88f92efffdf8aa
fdba0686004a09b60ae3096bfa76ff35fd81ed8101510e110022fd58121dfb0d021beddefeb2f155
fc94eeae0230ff7ef777f8ce0799fe1bf717f59efc712226f925ffb00b770440fb0e0e0efec80a6c
ff4df9ddfdc2ff8ce0c4fc250032fe35ff6ef494fde9d23d00ccfcb1f1e4004d00800dcbfea404e2
018f04fbfcf40f9100c5ff9af8e3fd47fdfc218afba10b7c0c54ff7df065118ffd080ade010805b5
fea3fafcfdda0a661229e156014efe58f77d01f5ff230cd6fc66ff9fe1ab0378fd0c0112ff23071b
014000ec0017f69d2537f57b034101180b550213ff07113ff217fe590ab1fcae0256fd75fc09fc70
feb5e2e301edfd03f59200ba0704fd6defbb132cfdcd179d050900f0f6410089ffcb0b19fe2efa2b
fffb1038fda103e4ef830eca0604fe191985087dfe590cddf9a2fba10d3eff18fed0f5b4fd911a72
024d03a0028512151747f6f3fbe9fe28fab00a6ffdae0a99f4c7feb7f17c0c49028d0a33ff6eff43
ff78ef67fe8808d12000f7cdf9c9fce6f90cf40efda3ea30088dff5bfc2ef938fcb4ff9cfcbf15e2
0059f3b6fc37095c110d022316a4faedf56d028cfe9905acf122016e21b1ee93ff6c0a21ff6707bd
00e4eb50fcd1ff26eb9d037df4edff09f6fcf7c9ff70f76701e402dc1b7e0cdd008402b6fdf3f51a
ffbce670013113251004f64022c0fbf90a94f3b5fb8ff7e8104efcdade40e733ffd8ff7ffb0df541
01971429fec1143afc68d641f6f000b2fc7bf6a2ff8b01530c4cfe67e36c090d01ad067cfed1faaa
ff6220beff12eea11924ef4bf9e2fae9fa7e0174fe3debb0f51eff75fafc01fa0165fd60ffc810d9
ff60046affa0fc9eff0ffadbf9cb000307a4ed900287027bf4e9003afbe312850027ff9cfc14f726
fbdafd85fed4078b01c707b904edfe75fdf0f41ffff901da03d9feca12eafa84ff330091fd9a04cc
fc020e63feab07a1fd94f4d10311fe1cfd2b086afef4fb41070b00d5079e15bd007f0024fd100dcb
fe59f9330018fc40edb302c2fa49028bf51ce9b8fc71f7eb0ca9fc63e887e7a2ff02080b001f1a0c
fc46fc10fc30f7b0f647ef02fdc9011ef0b90ff8ff59096e10aefcb7fc83f0bc004104a5fe7afcd7
00ed024f022004cbfb4dece2f196ff85ea0410a4fe27fe3b0340fbc409e9f31fff2ffeee0048020f
fe5e03e30054fde3fbbef843efa7fd5bfec6fc85ffccf66c0655fd94110cf6d7018afebaffcb029b
ff840d75fe8dfdb00b16052a05fcfd821595e3310171f2bbfff6fe7818b102dffe92ffd0fbbb108d
0154fb7600f60772e5a4dafffa40fcd4f803fbf3000ff78c0b61fd4fdf6bf916ffde05b1ff10f982
fc7df8befdb112160073f60a00d5fb6afc44ffaefdcc096f07aafee6fe99f142fd230fc2fe3fffa4
fdbd08defdb6fd43fd13f442fcf6fdf3faf8018a016000c20445fed7eb5a07f7fc100214007d0448
fdee10c1fce517aafffc0800fdfc00320a9cfc7b02340a7b099cfede040606790186f232fd380bbc
fe0906f0feb6fb85e0060c4c0052008313280daefe7efcb51579fd0c11ebf284fe93006c00f2158a
002e1435fcd707c5e1d4f41aeb9701bef8e90929fe8eee390bf500daec0b1760ffc50b39002cfa76
00e0fb4dfcedf53ef2e1f8c505c8fedf07bdf78801e8fef2fc29fe6bfd01fc4701700406fec7edc3
01b9f9bcfef3efc7f2a3f44cfc7101c70a57e0d0feacfe6a013cfcf8f208fdce00ddf5b6fd940c27
01d3f192fc9c02d5f76b12080039fb1608260271ff8efbe9096600a90d25fb1600f805f303b7fe15
008af2e0fe7bd0b50c0f12e70452fab80992111afe4009bef539ffab0f8b08f2016b0470fb86fd83
fc7009f8ff632a4d001a0d530dc4fb59f43e04defbb50e3f136ffb0207080eeefd3efe16fd4b0a34
0101e61f015809cd0b75fe900f16fef4fe76fee0ffa80559fbd7ffe6fc1a0248ff7a0aa9fb940848
ff13cf6301fdf1bd128afc2a123cfb85f618fc2fffc5fb850b6fff57feda0436fd5afae2019506c1
ff7cddfffc69f4fa01d821131605fb5ef37ffc99fcfcfcf50605fd6b045f081fff6d0373fe42f423
00bcfb190290f06af8530a83fe9700cc0d7c00e900f8fbe3095efe2f0bb5f0b2fb66ff3a0163f223
00d5fbccfd2bfdae01b103b900470137fe05fe8700d5fc0dfbe201fe00140084fd38fb9ffd63fff4
fefa0008ff830324ffac0053fe51ff4bfc1dffcafdc70387fe53ffb5fe0effc5fd78003700d400ed
ffdffccafec5040ffd8604ecfb1b009dfece006f013d036afea301f00038fc97ff9f052f00b2fe23
01d1feac015d038ffd1a01760416fe00fbeafe98fea4fde7006602e9fc8a033d01dffe24009ffbf1
018705390012fdaf03b6028efdb0fcfefbbf027efdcff9e6fda4ff9cff3c00d6008e0152024e063b
011bfc50020e0163ffd5feedfdaf01a5fd59012600780191fe74fdfb00680393fe98065cff67fc0c
005f01dafd98fd18fffaffb4fe59ff5afdd802f8fd2ffc84fd12fe1e00d305140098001402d2fbc1
fd7a031402ab013602cf038802020151fd1ffe7efe97027bfc5f01e00605f8f2ff790748002a0177
fd6b00a0032e0086017f014105e2014f0015fdd10249fe4f00bbfe3bff02f9e0fd9202d0fe92ff9a
ff3d0026fcfcfb9e01e0feb703080249fe97012f01affc6bf816027a0336062cffa7034fff4c005a
01dc01a9031500f0015b03a700320212fca5fd72ffd0ff45ff08021dfc22fdc3fd9700e701abffaf
0186fd050111ffc5fcfc007f031e010800c7021dfe4501cc0113012c00b1f9c0015f0342020d000a
fd15ff3802e80457024c0495031b01d40008ffbeffe70495042500840013fdbb0292034ffcf107ce
fdaffd0a027efc91ff94fd39fdbbfe93fac8feb5000fff8afe9efe32fe0d03ebfd7202a3fdbe0917
0096047bfe8501e6fd17ffd1ffda001cfb56fe880099fd5101160211061300940293fc7800bdfcc4
012101f8fe8800d4ffb70049fb71018fffb0ffe30135fec5f935ffbbff3104930092029b014aff19
fd3e0168ff1a031c0526fda8ff1efe09ff29fd9a001ffed6032bff1606a4feb2015d006a0268ff9b
ffbffe6bfe85ff9e03ccfd6aff3fffdaff6300c1fe4d032a010cff3302f4fdab020003ca003afcd3
012705d40116fb4bfdacfd9fff91fec6fbdafdf20273ff9308690165ffdf0078fe44055201a2fe7c
000b00210246fc47fcf6ffa50101ff2af8c2019001ce00b600e10158013503ddff6cfd82012ffe1d
fd4e0238ffca00ecff9bfce3f741fd58ff6efdb9ff30ff2afd89fe57008bfd3402330291026705c5
fd090304010400eb0113fde8fc58fcfffe3c026dfdd4fe91fedcfdcb05ce0520fddefd7300afff4d
00b104c200b1fbd9fde80455fdfc01a8003c0057fce6fec6fc160215001c04270132fc2cfd71023f
fea200eeffdd02effd4500c301f1fd4df79a01ef013efc2b0118feef04f7fc800184019801c4ff0b
fe8dff18ff84fc050163febe03080059fb01fd9b00b300d803be0200030001d1fd7c008bff53fac9
fce80c7200a3f2d90ca20ad40529fc0602aef7feff5cf75600a800c9063bfadbfcfb0824fceefee3
fd6d025bff940e98f2e1fba3f54bff48f1d3f713fb9200b4fb74ff13ff2ff4fafdadff58ffe90ea1
0171efedfe8c014cdebb080c0412003b09cceaf701c7030903d90093131000bffdecff75fc19fadf
fcf0f44a00140acbdc1c128bff81fbbff9d6e4ecfc6418d80d0afdbb176701e5fcd61536fda8f5b5
fe740bf0020bed80dc5405f90c47fd96df3009a4fd0e098700a7fcc7033112d1ff7bf727ff62f986
fedc0d5d001410ba002bf1ff0c56fd3f05a0fc5dffe8fb1c040d0018f77cfa22001b0448fd390877
ffb3fbb9fc3e1773f53cff5b0638fd3c09cb03ee013102e4fb55ff50dac9f9c9fb2be480006705a7
ff581239fd4e04040220ed7601d601200e48ffa4fd77fa85fc2dfd590cf3ed96fce00979007600ba
00f50001fef50839e1f6f3740f2cfe6dee19f71ffcbd12da02a1fd8bf03af888fcd4fc440360025e
0066fc5cfcb608c4e131f21b0bd4fdb00f12f085ff8be3391465fd70fae3199ffd37ffedff29e4a7
fc990bacfd980c93ea49fccffc1bfb51050aef6bffb00b200f9eff1cf652fe53014dfacc00b3f807
014af024015f1192ffa9ed3509c4fd7605ec0472030f08d705e8febcffbcef54fe87f5b9fdca06ac
fc0b007501de05bbe970f1d7fe8aff600f48e757ff1d05430483026616bdf94e012ff2a7fecbfe84
fe3f0c41fca8eb0cdab6fe8808e6ffcf0012f62a00d1090eff5afd6406f208f0fe74efb0fb98f6b8
fd05070bffe502a7002804bf0ea5fce115c6f67afedce73002f6fbe8111408e00013022b0067fc00
fea902f1fe11fb8dfbfd1105fe83fe42fb83089b006705050d6e01c8f1890648010a022fff5e0d8f
00aa0014fe590815fdecfe49fdf5009f086cea6cffd8fdf20bfcfe35025f0912ff7bfa02ff12f3d0
ffad0f85fcc40400f2b902b1f104fa4b1d61f3d5fd800c0d0b72fb89f3e823370118f149fecdfef2
ffa817aa0163f440f2bd0b68f78aff9118a7ef34ff96e8310890003404c8fe5aff91035e003ee13d
fe1227be00b5ffe2fb4805fffcaefb0f17a7f705fe8701530e89fabb18c0f907fd960438fe51d904
fc49f876ff66e8f402acf084f114feb508970740fc1b01b6fcc4ff9908f1fb82fb4a09e3fd41f8ca
ff8b0d9a0098edbdfe5dfd13d763fc2d0f0cfebbfcd3ea36fdc9006f03f4f0aefd7efcbffeba121d
fdf30224fedaf9f1f9340c3bf3bb00951669f0d3fc780b64f6d3fe0120d6f858fe2aebb1fda6071a
02f2073efc5f0acc02f4ed66f397005c0285d874fd71fd46fce9ffacfd9be7f5ff68fbfdfe580017
ffe80dd6fe680041f244f02d1204fd1f0ede06b3fe71ecc2f049fc950596ec50005ae0abfc44df37
fcab0def024315f2fca0fb44fb5f01c30a820b36ff56029ef3abfc960112f792ff55e989faee0d06
ffa40b70fd350e2401bdfc70f822fec201440c3cfc9601c9f2880153f937026afdc5eb01fe50fb66
ff90fa72fe510f100396ee38ecf1025407d206500088fa35f4c2fc88eab5033afb5bf8e6fec20367
fe49010cfeba0262f63bf875ede8fe0afe9cfbbffd78ece1065a009c0cb4005000e3f9dc01acfb56
01e0f411feabfd07f999f8c1f46b01140700e423fd71c3c90b4efd3ef5e208e3fccd0bf1fe6ff7b1
ff0dfdb50153f878fdacfb8bf583fdd4088ef3f601fa0c32ff41ffaefb660bb6fd3f0a10fcf10174
fdb704d0024cf0130499058cfb8700180d06fc0cff1107a00095004b08710226fdebf901ff700522
fc2ef8b9fe11f74712b8fe02094cfdd8fe3a0bde02fc0c6ff9c1fce70beb0ee8fd1cf569fcef0f36
0165042cfeb7fe2301bd05e104d8fcef004d0bb900c30e6f0258ff88056bfa19ff90f9acfdad09ec
00c1e907fc3502930ed0f96ef7fb00830e1bfa09fec0f9c6eaff003cfba70777fe3c0114ff150154
0153f472fdb9f8390ea21d74da98fd9a01cde96dfc6c04c6d1890117006fff17fd9310ed016d0615
fcd8fc34ff4be3e1ff1dff40e35dfdf9f548ddf5fbfffccbe542fdff0f711b3e00e7135000a7fdd7
fe8b0fc10055f36efa4203e9e8e70088faf408fcfd4efd8902c5ff1704f20bd80058f416026bffca
fc9cfd2cff78eaff04bd0ad7f3f8ffdd05bc0f9600cefbd3f2dcfee2f616fa67fbe3d9f1038e0960
fd4bebe7fd1fdb910c2b0d6200b600621051152201711262de82ff10ff81fa37ff3af04e002af15f
fdf3dcdefe3ffbd70fc7ead1ec7dfeee027ddb440133f0dfc079faf3054907d4feba12d6028c0428
00f8fdfffd88d99e0003fa5f014afd29ee8aee4bfb81041c0115ffac0571fb78ff78270700cf0558
fcb50badffc4f066040504ae000afc26ffa5fb3300caedf5f8c3ff4100ec0eeffd5f09f6fe5a0213
009cfcf1ff7f092c150f0f210b6600ac15edfe5900bbf057eb8eff8700dd0a36fcbef476fb4901bf
0124f2e8ff9711550c9dfba70adcfec8f40a1190ff5a0c00f9a8ff4dfe4ee839ff66f21ffedbed79
fd7ffc81fe0f0a70f30ef8f801ab012ef61ce996fd4209cb07f4fcc611390f2a00d606aefbce0514
0073ede70059f669f98e048f05be0267fdfaed46ff9ef65c086702c61db61c1cff020d62fe16ee92
fbdad51f0057cb510795ff910c53004ff26af7acfd2ff29104bafe7b03560849fd33fb52ffe90066
fd76f4ddfedee9c6159c04f00c0b003bf88ff42cfe490370ec07001f07adebc1fb3bf8c1fc580318
fe76f8f4ff84fbfe0c0e0f870c34fd5ae7b10a8e012103aaf93d022cfe4ed455ffc323b6fb4a13a5
010709f70217f863f10006b1f74f00630443015a006ee5af0707ff730a340333fd10eb3ffacff605
febffda5fd480a7805f610340aeafdbd17fafe3a014af26ff0e500e6f60105defdc8fffc0023df97
fcc2fb3ffcf315d0f6470b861613fe9a05a3024b018ef1abf6e6015a1146f36c016c0eab011efdba
fe7f0fbdfdc8f4b6d1580e370b06000f038c121cfc4bd26a02c7fcef0ce1e975febef3b10073049c
01a4104bfd96f4e206411a9d0840feb002c6039ffbf3ce240c93024c0df101bcfe0103f7fe4a1c88
fe15ffcb003ef8fa05a1eba70e9802820799fe8a016be9b201cefd05fff1032ffddf0633018efbf9
01e3fb42fe29071b0354104efb30fdd6eada05a9fd0af6e1063eff640272fed3fd2419290197f1eb
fdef0cc0002f06640a480f2b03ae0111fa1a060802c91075fd76fdbd03f31209fc46095efea907ad
ffe01184ff0f09f510eb0af1f6420016fbad13b6fc86004ef9a1ff4efeb6ef4cfc8302ed02ac079f
fc78083effc6fc0823c806caf7a7fc7012f40167fb66fa8cf483fe0dfd9e061bfe2bfc82ffd918a8
fe71fdd201d7f8e50a06f0a50415fd39f3bffbc501090493fe85fc80f8c2f15d014f170ffef5fe9d
fdc80265fca606b6091c0aa5ffc3fd68fc77fbd1fb73027cf712fe7cf81ffdf201db1753fc37f7a8
fc3bfcd9ff16fa6c11db0f62fe11fe59eb7dff400252076e06ce01ab05641f590219f88a023f0234
fd8f0266ff6cfa530c030798fe59fd0bfa2bfebeff060842e792011b1273f5ac00c0f96102d7fccd
fdd4fb02fe7cf4cd02521421130cfe97171ee904fb351abefe5501280233f4b9fff408cbfd11e88b
fdd80dc7fde500c801fb00c31071fffcedcdfae3ff3d06a60172fffbf07df68afe870da2feef02c2
016000820251dd8f0caef4a3045bfdc7f0b2f23cff9df084029e01eaeb91015bfdf80e6afd09fe7d
fc91ef9bfcc0fc820ec70b140340ffbdee46f83effe808380810fc5201e80526011bff9800e41312
ff25f92f012eef17fe2cfeb80204fea30686f9ccff9c016ce9c7fce90b73fa6d0032f6a5ff44f14e
fe19122900350205df5d04271ddb012317141077fedef607f74201331044df8efc0edadafebbc410
fda30798fd8f164beb92fa54064901a5f9e709f6fb800e620d4afe42f42df305ff76fc55013ffdb5
022bfed6fd61df831348f6440fbffe4b029ffee9fcb42d5a0a910276e45202a2fecbedea004f147c
01db06a8ff33eed817e90c6f1066fbb2f2a214c8ff6e18b2192f009c05a4ebca014e0763fe4f19af
ff6ff3e6ffdf0a8b0fe3122b11d7fc8af998186dfc880d45f2660167e59ceceb0024074d00aa0f0f
0230f2c1fca60007fdebf54a1c1d01c9e7991c34005be7d40f070046001fc455006d16f4004c2169
fd160e80fe700f63ee82f6d21158fdce14ffeb7300ccf57a0087fe66f4b803f9fc3cf0fffb32f6a2
ff1bf611016a013c0000042204c0fe83f0d60a77fcc60996f90dfd4701b70c31fcee0891fc0affc4
fe5a05f5fd8d03a6fb9f036102b4fea4108a179a0054021ff03300be0a35f587013af823fb340101
fdca0febffc000b2fe5400ca12e4fe2a0a1d0090fde0f58ffb56fd87fc650391002e00bffb130200
fdbe06e7005ef612f908f8d01386fbeb03fce389fc05f3df0de101700f040deb0014ff72faa900f5
ff34fcb3fe0c0573f91a0246020cfecf0c4cfeac0220e4ff0a25fcc6f62efcff016c1095fc3503ef
fe90f86bff7e0893fe03f97aea4400a3f1200046fc86037d01c5009a083109e2fc850827fe19ff8f
fcb10f1c0267e9dc00be08a3f3180161f04a16220220ef930548fea80c2a06b4fed41458fbef0c82
fc9617c9ff9f0e92fce30d69f1c1fe03106a1bbe01e202651237fdd20852f8c4fcb00d84004d0c34
02a11558011502a9fd7516240aba02760e1e08dbff630019f933fe72096c09220021f36e007e0266
fc7a11b0fe83137d000efde8e8a70205010bf0a1fd62ff80eaaafce6ee7debba02e715a0fee5fbf9
fe8a0a55fd4bfaa9029ef155f1a0fffbec790129fefdfd82f528fe37f39feb6302651f5bffbbfe59
fe520030024a007d033af2ace16ffc12ecbdf5f9fe91f9d3ee31fceffc400ca6fdea104efc2b01a5
01afeadffef60af4017809d1fbcbfcba0f330c8bfd9efacaf2e802cffefc0d4cfe24fb13ff95ffb6
ffd3fb00fff800c7c6f40c10ff3602060c4e05d90006f837082efbd41557fe15ff56eb95fba3d459
ff43f382fe5e0b6aec0ef63cff9c0254e7e4e9f1fd05fdd0fb18fc93f8e50f5dff641422fcf0fe6b
ffae02d101ebf743f45fe8d30935fd6bf7cfeda8fed0f9be0b6efcd30637002c021e057002b2f251
fca1e72900e7029408c1f6dcf67dfe07f30ae7b8008bf6b70950fdb6028d085100c90167fb30017d
fc01e2f3ff2b0c610e0813310509fb77ff3e1633ff5e088af8c1019406110cf9fc5f1ab202a9e74c
fcc6fb2a00ecf2f0fcff0c3307b8012102520c96fd3d06a204e9fc3cfc5e0f03002011d8fcc1dadf
fc71fefb018f139cf03507320e9e003bec7bf437feb2faf01fdafde3eb1b05a001c3f684fe980231
fd30dda5fc1aec97f3fefcdf04bafccffc80ed6efbe90a8701a700e4f2d32816feddf7d6fb68fd65
fc8de6a1fdead972faf7180b020400270516f289fbcf0ad40f5afd8ffc5811a6fc99f6befcb1fc2e
01b1eee5fc9ff352fc7a1a7c03e2fd34032dfbaffd5106fb1518ff95ffa5f124ff71fc2200bf01b6
00aeff76ffc6ed170f1905f70677fe5a04cc1037ffb518900e37fd7ff058f690fc8f10cafba0083d
00eb027efc27fd54f8fef5810a47fe8101d8f57cfe43f63ef00dfe3bfbaf0984fe1bea930191ffc3
fbb602aa0230027206ffef8e0208ff3efec100d5ffdaf52e0517ffbdf592faaffb6206dd00ba0760
00d1fdda005402500784f930fa9b0152fea70575feeef895fecf0165eecc028501410311fe76fde1
fe8bffbdfca102770ab4fd7ee84dfe76046b08ab0294004f00b8fe04f84dfce1fcb101dcfed1fe46
ffd9feae01af00ff100c02bfe709fc8f00b0f43000fbf882f4440052032a05ddfcb60fe6fe11ecb6
fdacff46fcfa03fdfdf60381f4970299fdcce9e000de10980352fb7ef773f153fc51052a00a704f7
fcd20a8c01adfda5f1a20d1f12deff8efe40f4ffff300e5b07800070f2e4edddfc6304d3fd3c1674
ff4f125bfdc3fcd2028d0aef0f6a00ad0592fb6ffce908e2fa720046f947fe66fc5bebc9fb64165b
feeafdc3fc8ef434101aeeb0006efde1051b02fffcec00d101e002450b3c0f0ffdde0163ff4f0651
0037fc54fc4fee860548f57c07bd00f913aa09fcfef6171efc6dfd1a0999f4cffda00d5a0136de49
fcf0037bfee7049ff9341c8d018d02d70301f6b5fc82fd7ae4dcfca111573101ff72ef83fc3ffe2a
01e21a84ffe60614f9250c76f946ff4705ecfbf4fcea0b03dfcb017a096bffaffce4f5bbffbb0440
01bb1d69ffe8f250fd631171f5c1ff680618fa3efc3bfc0c0002fbd8f3a3ed7afcc8eea4fb4e1981
fbbd0578005af5360d8511a2f20f00670415f54c01daf8ad0b7dfe77ff61ecfe00f0f2acfefe0309
fc5103f400e4febefd3006f1055ffd2cfc5208670185018c0a22fc79fc5e00cdfd35d24efc5401ee
fc58ef2dffaaf3ca0735edcce25f01a101b505eefd0af715d12afd6616271fc900b908e8faf7f1b7
fc31f7e2008d084415dbffe80412fd06075d0a85fc100f26eee2fca7040a0363fe4ffb1efd060931
fbaefad60164f5cf0ce20e050cedfd850d0d01c4ff60072af2b401e1e63defd1fdabf808fd1d0ca5
fd22ed28fce3f0b7fd4b021012090034fc5bf1ab01d7fb4709900027fe46e8dafcb8fbebfd3113ad
00bceb19fd0a04890900f23b08c5fbc7f58204b0feb5fa130257fcef100de9c4fe1300a2ffd9129d
fc27f1cdfde211830fc3f8a101c0fafcf1a2e981ff9c166206e30113173c0c24feaa0edafc720d44
fd84e80ffed0191ffc0110ad081efc83eac3f3cd01f908de1816fccf0648f0cafb8200bbfc5a066d
01e3d733fdfb0fd7fcba231105f8fbe5fb38fbcdfefcecf00d19008dfdd4f7c80071f43c00b8fca1
ffafe583ff90fcad0564f8910e56fcf7fc38edc801c6e9a826cb02ed0936ece5fde6068700a50b72
0060fcfffd0af930fb8de5ef037dfd93e0deee94fdb302762e71fd9a0744d52a010f11fd01340d17
ffeadb4afc7b1963076602ad132efb39fac0166efd55e5aeef04ff39ff77029bff3804a7fe9903bb
01d8f4b501e303e11351121ffc40fdf6e9b122d700aae94bf5cd0080f31c0696fb251a8efb1c231d
0086ee3c024b05a3083a0b96e173fb15fbe5fc1e01ead9d207c602390c9e0834ff190af503f2066a
00a20122fe39071207d9f1a7f942fc7103d4f10c018de80108d3fe9dfe0df26cfee4f7c3fdc90f0b
fde5eceffdb31b3ff331f3e7e3c20134f4daf6830035d806f6c5fd4fdd94fccffdb5fcd4fb97fdb0
fd5b0462fe211884f7560a4e18f7fde4f81af93301c4feb3ecb4018007e10e11fb6ae927009307ed
0116fba9008af59b0e3d0baff96401c103c7f69600b9f8fee517fd3cfa53fb0a002508f703ae07ac
0020fa470162f30bfc151459f1f8fd9c0aa9ff25fd2afe7cfe8e0144f1620939010bfd2f01040a95
fee0f209fe61f6e800ef0655018400a1040dff70fc61f50112fefe5fe08408f6fe3313fe0156024c
01a8ed6c002507cf076eeab9f80b005af5bee5860013fa08fc2c0186fadafe180264f6410012e227
004aee7c012e08c00aa20931f0d8fc890f67dbf300d5f97ad37a008d16510fa9fccae5c8fd8df755
0179042affa1ed24fb450e05f74bfe6febe5f631014c13effc4901111301f747ff98029ffdb60408
febe0957ff85fd2cfef208d00c21feedf1de07a0024a15d6f88600691ce5fa05fe8af613fcbc0658
feb8fd6cff08f48dfc0901a109d1fdd610dc0dbafcb9feed0041fccdf2f90960fddafa25ff81fa62
ff41ea9f023ff9c813fbd9f3fa6bfb37f115faf2fd9a10d1ffd7ffdbf9a50d87ffaa0f4efe67fbbd
fe91d908fec4eb7d19581185ec81fe040361e6e7fbcc0c9ad58f01c102621047faff187604fe046a
fd6a0776ffb7fea804370abe0796fb54052cf4f1fd430bb9e190fca00345ee13fd3903a1fcdefa0a
fe6a093801371a47180413def9bf00e4fcbc0779fd18f951f69efc7d049dfe29fccd06cafc9b035f
fd7e043b0168068b0ea7f24b1bca02160b1f0d29ff61023a002b0260041ae227fd6bf40dff4d00dd
fc92f295fedf03cffb9ce3f80ef9ff56005f08a0008e08adfd90fb34fa1bdc9afee7e904ffa50423
fc1bfc05fd92ffd60b6cec5f0018fd0c00fcfbc2fefefac4efa8fdda05d312f4fecf1a83006906d4
00bff0c0fc14f5e911070eb21324feddfa3bf85dfc700214efdafe760dd40d84ff1e0b35020bfcfa
fd03f34301c9ef860d4d06c9017700eafab9eb450138fe62ec16ffeafaee08a500f2fac8fbbdf056
01b5fd0201e309ba0bd1fa28108702090b77f6a8fcf0f2ebed78ff27fab501a3010905e0fbba0007
fd5304e7fd9004e6f3a7f462044bfb8cf96b0887fb29fba30b49fdf00767ecdffbd905e1fec8118b
fef5f7abff77f961fc7ffd6cf3afffc90328065fffbefb10dfa6ffde05b1f2bcffa8f798ffdb111e
fd44fc9afe7313f3fcf5f875f09000eb0952f16bfe08f4b2f8c2fb66ff25fed2feb0f3f1fe84fd38
fc1dff09023e00e603aefe90f1180125fd53ff8a0216e8c10a5bfc08086afd480057f3d7fdff0d11
0147008b01f0ff6600e6f888f513fe2e0342e931fca6e7b2fdc00283f3840192fcb7fa4bfe841112
008ffd3601f50792f23bfe87ee46fc4c0879e7f3fba7cb42f9f9ff8a086d0bd5fe120e4afbc10542
fe6df532fcccfaee090de53cf870fef0049fea79fdde02d6f948fec00116f7b3027aed3dfd880052
fe900af2fc6207a5ffe1044501affd48006ffd7801870a28ee6d0123f4f6f9e6000bf4cffd0a0151
fca80591fe40f28314c600f3136b006f036211c401430c70fe27ff9800ab05e4fecdfe68fbf20d83
001c001ffef00205fbf1f238047f00720ca507e0fe03077aff5901f0f22b076600ef01b9fbeb01e7
feb3f9e1ff80018905b4eaffea37024f10aa0150feb6249705e4fe41fbe410e6ffd7054f0117f5e7
0141fe31ff9bfc1b02fc11cbfae5fce80dc900befc1d1ba7e4c8fe70021be8f9fea0f88c010eff13
fc130c1e0035f0b1f7ae0e25f851fcd4053df5c2fb500cddd233fd151276dceb0060fa1a00860642
002c18510194f7ca0559f72505f7ff07f3340216fcb3fec4ec6cfd1005f1ef9dfe28f18efb63064a
ff690356002efb3af9b40ae3ff3cfbb20a9c0feffdcdff69ff9efcb7f4a30cedfb59f5f0fafc02c9
00bb102c017e0d57f8a709630594fb801f590c5effda051c00670157f341fec2fc51dca2033e04f9
01adf259fff2ec2a10b6093afdc8fde7158af39efb67f2e2eac0fc49ffb134c3fdccf3b6fd3efdd9
fe3a01ae006310cd088606f60a1eff01fa490487fbcd0101f387fe3e095905dffc81fc3cfba20937
0152ffab01dfea96008a0b0b0705ffa30dd6edd4fd5602d8e49d0099f460e40cff53f67d027a03fe
fd7e0c8801d4f0e0fd67f0780c66fe2f02a3cecbfd4afb24f30ffd9b04eaf767fb24f02cfe8a1a93
0317ff42fc8703cbf9aafe26fe26fcd70138f201fead0d6af42101ab0f40e775fc06d728fc1b057e
002d0534029f13e50ce2ec7cf9cafcf2f6e8f9f4fbc200ae123300cdf8ccfc8f028b0e0afb1d0faa
00e0efbdff7f0d7c1bf5034efc3bff7bfcb1fa08fdeef97207a001fbfb84fe0cfcb4fb5c00d9003e
fc21e826fd0bfc2d046e03360f14fee3f3b30220fcc304c30826fff2f8cb03c3000ff4d1fe8af870
000bedecfd3aeabdf45e0654fced010706f5f874fe6c0051196d019b032eec19fb340476fb740332
01c403d3fce2e9d8f8adecd4f6adffc9f629f2fefee7fb000e0300ae0834ee2b00602432fda2fbe1
fc7af23d02540cdcd7d0fedb037c017b00ca1269fcdbe8b7f855fec002aefd8e01571077fc80fc8c
01390192fc71f8d10478fd55f374fe8cfa7be548fd3b0064fc35fd2703e20a4ffcd0febf010afac5
fe63f89dffdcf270ef090b7df2ec013f0341d40000b0059ffc16ffbdf071ecc4fd06f501fddc1154
01d9036900970881e6440416fe76fd82fdc1f1230007045afe2f024000d3f98efb9d08f6fb6a0a7e
fdcbf5c4fccc01c4e92b1c530c46fffbed4afaa0fe58082f0f69ff2d0a5efb8800e504b3009cf95f
014ff01cffa8fa65e727efda092e00ae03f80d2e014b0663f2f8ffe7e82dee6afdaa203702f2f77a
002705b801ab01b9f86bfc5205a9fdb4fd4fdc2bff60047f0982fc88e752eb1e0206f809ff54f4aa
ff45f53cfeb50868f80cf88e0124fe9cf422dc83ffe004c102a2ff93f92ff7b80079f49bfd5b06d0
fe02fe7cfcf60034f7adddf80505fd00fba5ea05009e03b1041cfe160c7ef92efcd3ff14fb8c0255
fee0ebc900b9037fef5fe4f1008bfd36f126138dfda60d18000b00f91fac1833fe9c0b950349f56c
fcec0abc001f0ee7f3aaf87b07d40031f6e204fa00dc07e10b00ffd8ee8807fefebdf883fdb40353
ff5604cbfdc3fa02f8c9fd6f096a0001f6d2f68dff6f02f312dffc59e83fff9202eaec2cfb540ca4
fe7b0946ff7c17590722f4170112fd9bfd07f49902750775ff0c01aa016afc80fb890177fe2afeab
fe23fe81feecfd04fc5deb020638febc07700c01fcbc06b20522fe980af8f7f8fc7f15660233fae0
ff66f34101ec0c7dee22f98e0244ff5803e80fd20175fc2301fefe9d022d115400da0cd9fe9304f5
01051153fe4c02dcf959094df680ff2c074612fa0163faa41596fac8f4f21023008ff6fffe810001
fedc0a10ff69fe0d120cfb0ff4e8fc4706e70bc7fe46eda2fbdefd41ede109e9ff95ff2c013f0ba3
fbb40869017dff05f8d31055eb79fc370816ff2afee9f5350010012009bffca1fc94fdcefce3013b
fcbf09ed0154fd0cf587123ff333fe610c160924fdc2f25306c701fff9c8f58600b6f87ffde3000d
fcbb0bf1ff2bf7a6e9bb0985f9d7ff70209c0150fd35fb270ca0006e002f06e5fcbbf42ffb39fe50
fd450b5d00d3fc860efafc55e812ffe21b9511e8010bfb1b04bbfe89ff74151400f20b15fee4f541
fe0d15ccfdda0e7efd06ef09f4cefdc60a9a0355ff3cee72f864fe1100be03ad00b5fdedfc70fea2
0058febcff2f1b98ede10ae5fa9600510240fb39020ee5930205fccb1e0cf7f002e5f3f8fd590492
00ef04effceffcd0f8e103e408c400670269fe0cfd1affbefbf5ff1e05d10c93fda6043dff5ee632
fe35fd60ffe913311095fa1e0ed9fdcb2431ff8afc54e9cd0a83fc5806b70becfe79049efbace915
fd8709cbfe86e03ff5a2ef1d1393fe72fc2e0f1dffdbf8fcf7e0fecaea1cec21016907c8fface5ba
0144f91e01e9fa07f2a8ef47fab7002f0bf2fe2b0040e31c17c1fcc6021e176b017cf2cc0053fc83
fc4df331fefa0acaf2c80f0efd1a00e8022ee332fcc8e1ab0f9dfda8fd06e03b01b009a5018af6ed
ff7d008201c2013ede8d076303e3fcffe77cecbdfe81f992fb1bfdebe4ccfa66fb02e23000740619
fea5f2a3feeffcebf37210fd065bfc80c8d3e589faecf5ec0345fd890ea8fe65fddcfc13fe5bee55
fde202d0ff4c1193e8cb012c1c5b019c053c090b03c80258fef7002eef68dc49fd110d30fc2bf6a0
ff1af9f2fdaffc6f0059f5fe0af0fce0157ffe48ffcaf5c60b29fc35e32dec90fdf7081e01990230
fc66040c0199060607c2f9281869fd10f895d106000f0b61f546ff24d31bed8bfafffda4faf60817
fd7ff399019500de0736ef2101fbfd51f0b8d4b700680a7b026e01180d01ead1fc830c5d015c0393
ff8bfa34fc63ffcff121f5530654fd97da7502b0ff5408dc076bfd060bbb0cbdfe26109ffbd8f041
fe0af09b020f180bcfb1f8a01162011aedc4fe99fdd01dbf0d1900b9d1b4e0b0023a052d00980591
0175fb04fe8e01c6fb95fbed1218fdd80b43f858008c0ee704c30153fbe2fa2301c5e640fe41fbab
02050837fd6604affee6fbe20f50004e09b0f447fc9c1036ff9bfd1f0a580226fe1be5bafdd4085b
fef3f4d0fd210346ec18e829edf5fdd5f5aaf5bf002f0487052afe66173bfd78fe0406f2fea3091c
0232024f0075fff8f2d1efbd0047fdeceb3a02f70067004a0624ff05097f10a5fee50b9bfee80e3e
ff6e02e2fd21fd3ee0f8f66d0416fd930684180200faf66e11c6fc6be74b1b68ff52e420fb550c1a
00f5116cfd3214d60232f9cc04defd3c04b30bcffb8ffbb20408fff5e8560d17fe73df7601c806b4
ff761424ffeb058ff937fbe8fd50fbf608bdfa79fcb4013cf586fd8fff190330fe53e98afe14fd76
fed3032301d8ffeef6d103d3f5bffd370485fbf6025806bb0ebd0158fdb2f684fe34079a00f0ffd6
00200f9f01af03b5003a0208fd7cfc460a65f2effbc1f0e30cd6020b005b019d010af581fe0affe2
fdd2142c01950f2911caf93cecd8002c1938212fffbbf449f5b1fbf5ec8f201102620874fb7b080b
feb80f8b00eb17a70539f2cef9b0fe560d810fa901e9043f0774fb5ef967132e0387e9ddfc2c04c3
fd6e0314fd3e1218fee3eaea030aff03012bfeacff250075f5b9fce90a430127fe00fa96fca3f08b
ff2f01f1fdd2ffb607b70265fa4cfec503b603dffe29f8e2fe7d005509c7ff8bfb67f74afe11f6a7
fc7b05d3008af49e0237048bff7100871df1fc6300c5fbcfff3300510c80023200bbef80fd56f0a9
101c01ebff40009bf509f9f5045dee52fd440080fb6cfb540013fd12f7620061f332fadc007f0977
ff3ffe69fd48faea098efdae0af5f3ccf3effd70faa6f2620317fc6cf839ffe103c1015000b50d39
fd0bfc89fcc2f5b3f8060764059aeab0f891ff86fafefbfc0e89ff7bf1e000c8ecb4f854fdeaf951
0cfbfcaefb43f8e1096803b21205e961f26b01bf00cdf81405dbfdfb0506fd5bf6cbf6820265f435
fb9a005400c1ffb007a9f9ac13daff31f405fe6003140d3304bc0131e4f7ffdd13b9e06402020bdc
0682fd7ffffefbe705a0f9c41099f7c3f94f01f3056005cdffd6fea6fad7008afa71f8f3012300ab
0179fed1ffb4fc060b4a098c0d7de9c6026f00030a4000980496fec901c601230dcdf954fe5303cf
fa76fd4300d40288ffdb02cbf5f7edaaefe7ff67fc4b012bff1800b1fd50fd93f639fd2ffe86fc1d
0eec0200fc1ffa5a13fc0446f5af0065f39ffcf6091808f4fe9afe7afa62fe2a0b3ff68a0117fc9d
fe5dfda7fef5fd030a320d7cfade008f06f10040ea8f13b1f374ffbbfd76ffc7fd24f8dafd8e0624
0015ffe50089ff9d0383f62602f1ecddfffe0248137203a9fc1e01b2fe3cfc6107fcfcc301f4049d
fcddfde90065fe53045adfaf0fc4056415bdfe1cfdd6f1700398fd2d01cbfe60029d0012ff160cfd
01730082fd9f036cfcca0c8ae8cbfc4b168eff960394fbf8024600edfd8ffda20e46fe90feee053f
03f1ff57fd6501e0f7660e63ff32fe8e003c00d8f764f66b046afe740d2ffd7a043e0dc9ff11ff2a
09ea0201001c008b0f3102f40487fe0b1cedfc1ceb1c0588ff0ffce61d56fed4f36d121e025f1538
f72f008f0198fcb90aea0809f1def9800168fe73f1e6fc8efa8401adfef2016800aef621fd580ad7
0391ff0cfdb0fec3fe54fa71edf101ed0f4c01e2ff50fba90300fde9fa06ffa904490011fdba0676
0e92fe590150f8090c84e594fa9af8d815a3017df84ff997002d0145e89e01a40c4ffc8001edf9cd
f861fe43fd5b011ffdf6fe1cf308fc360f5102590375f8cf01e3001f02e3fdac07820a1dfea5ff27
0a5d00b6001903f4ff73071cf6acf6ad0d5bfe690a85e9270b5dfe2a0f1dfea7fc1f1f6900ccfda6
fbc9fe92fe34fcf7032b1720fb1502e7fdf5fc7bf292013ff9bafce2ff28fd6ffc4def93024b0469
feeaffb1fc8cff07f33c163c0a2313baf173feb9e820ff4406c4fd25efdcfecffda0ea13ff0405d1
066a00fafcb7fe46f98dff7ffb05003ee7bc0123ee5e001b099afce4f3d1fe8f05630267ff87f9cb
09ce0237fceefe4df2011b62f935005ef8b7ffaaf5a80919087500dbd481fec2f861fec6fc720213
118bfc9dfa900011db2208a5077efaafebaafef20a1511b1f8b3ff19e0e8026212a10c50015908ca
00d5ffc3fdd3fed7fec70142ffa5ff1303170024fb86051dffc4fec60327030dfebd0102000c0134
ffb6fe690179028efeb7fdf50079fd36fd9802effd21fdd809f4feb8faa0fe3a0481fdd801480422
0276ff1c00b3ff580406024802e5fb57fefaff580106ffd802af0029fd010099fffbfee7fdd1014a
ff970007ff6c0182014e056f0680f9d9035002bafb2aff11030b0232fef5ff54010bfe020218fed1
0077012e027ffe720066093afc2dfb12030affae001afd3f01b2019203f40290fdea0230005f02b5
fc89fda40259011601b9fc42fb9d022bfed0feaeff04fd5dff16fdca03be00a902560073ff94036a
fee2feb6fd7afd68018e0065ff8d0460ffaefe90fc600475009801940426fe2b0183febd02aa017a
fed300af02df01920121fe24fa82ffea015502760674f875ff1efe3a017e00d00061010101590182
fdbbfef0ff4fff11fec5fdff0087041b0037fd91fe0900aa002201a70271fdc20670fb99ff8afd5a
fd6c013d01fd00ec07c0f79101fa022601d1014c005cfcdd012f02fb0255007c02e7fc77ff16fbea
0035fe53fe33fd04ffc5018901c30056ffaefdd5ff3403b30086ff9203b202b602b501e900be0147
00fc017c0215fddb02990037fd09fbc0ff09ff7ff9c7fd03022b00e6fe110286fb8dff12fe6efadb
fb30030ffe74fec202270351fb950587021502d9ffa1ff9cfd9fff27fc9c0257fe2a0024fd8f0105
fd2203330207ff6cfe2500e90312fcad029a02a9ff88011eff3c0216fd19005cfd23ffb7001201fa
029a021e0325fffbfe71fd6a06660130ff76fdb9fd2103610679ff7d01500187058dfc56fdb0ffbc
0008031c0145ff7a0366fd37fb90001202e4ffc7ff53006ffc61fd7e0183fd1602f1fe5302380151
fd3b005e02a700a0021101460176ffeafbce00a20163fb9e002802750233009afe58fe1d01e9f9cf
029afdebfee1009dff07fc6402000090fc44fe7c0622023201dfff4ffecb01aa00da00400179fee5
001aff5a00b4fe09fd75fbfc0161fd03032000e1ffed0144027a01e3fa200197fbe1fe0f0152fa21
036a025dfda1fd7100b5fd7af98cff82ff55fed9fa49fe1804850064fde3ff1f0114fbe4fe2dfde1
0423ff7000df01d8fcd4045a02e5006dfe460316026104f70292feb400e801cf07450067017c0590
fe58015b01d8fef4ffa0fe9d0763fc53036d00bd016801070218fd7c013c00b2f9b4fe7aff060458
fd75fe9efd63ffe8ffa3fcc203b8fd45ff7dfd2af94ffa82fe7ffe190065fd83fbb8069dfeb0fb6c
0115fd390200ffa1fe95020cfd12fd50fd7fff0afe65026ffff6fe020101fd2ffef7fdb8021aff38
fefefee002c8fd62ffc3ffbafd1af9c7ffc2ff61052102720407fda6fd3afd89fe6dfd92019d0669
157afd3bfc5902b0f7a5d140d566ecc2f9fb01c2f6effc6aeee4ffddfe03fd80b71b0e50009a1128
18f901b70186ffbd053c2292f3f0bd97ca24fd68fbda1dd2f46bfd97e61e010cef9a0118fc030f91
f79c0021ffccffa700b90b91011cfacfeec9016613450a56e41cfd1e18f60107e410033afcd913f8
056dffd400c4fcd2023a096e0d1c0866100500e8175517facde1ffbf125c012e13c515b0fb03dbb4
fd42fb5dfaa9fa4a0c5c0a54fe521de5edd2fd8215efed73ee2a0128e966ff850fe403d0fc70e2e1
1cb80050fda2fd8df4b60bddfbb5e0de05c2fc65fe9c06370716fde7e876fe7eef4e0ee7fcd0158d
0719fdc5018e0060f60506dfefa7f26ae71f01caf2a115c8fe87fe93fe020040ffe40963fd801af4
051e0021fd15f87507d5090907d6f500edf2002c03251030e127015300d6fd150b76051bfba90d23
1046fe8bff66fe6bff7015a503631db2fbf7fc77f4f70c34f0c6fc73fbb1fd4d13820e8efea6f0e8
fd1ffbfffb3ffe6a0fe90a2d189c15a4d84900bcfa73e496f19dfbce0b13fce8f80509ddfe53f5c1
010fffb7ff88fc0ffd5cf3cbfc1af8c6e4d7feb509ac0c9f08a0fdeaf7e5fedf0995fdaf00e2117d
1009fd91fbb1fb18ed220454fe1dfe6b084cfe2a009009e90016fd5efef30135fb7bffbfff23074f
0c2a017f0073ff4ffcdafa1304a10739098cff89f799fec2f781fe111d41ff36015cfe6600d8f234
fda200adfe88fc0cfe3eff150e03047ff6db00bcf547f15df341ffb2051efd1300bd0ad3fbe70249
14a9ff37fa2efe94ef1c08cd01c9072a191b0061ff90ea7f073b0289ee37012606700bf4003f0ad9
0003ffcfffdcff45e2e10356f9d80869fc2e0070f1770789115e011e0062fe24069102080040028b
1102fe34fdb2fa39f480ed6af8bffe48f72efc710a17ff201282fe4ff2c6ff0ffa73fbde0124fe2c
0827fc9dfc81001b0efd06f8ff5a0a3ffe2ffe32ec48f5f203fc0014f51dfd9ae4e7fea7fd6df551
005dfc66fffefd99020609480c140770fae6fdc5067bf60e0c96fde9057001fef3e610ebfbcd04a1
027efdf9fc42fc6e007ef558fcddf89712ff025d0ecbff901402fce5f4d8fe81030f051200651285
faf6fcaffe9dffddfe45d67d003bfb2be713fc14077bfe9d160701aa0050fce916d8106aff780590
fee2fe21ff01fa5b1223e15b138bfe0ff452fdfb0edf03db0d550201f9b60023004ffac2fdb7fc12
fb1b018cfd49fc0b17c1f72cfe740100da71fed60e19044f09e10093fafb00fffcaf17f7fca50441
0596ff79feb6fac5faeaeba8fb0e0c07143800e720ba00e40b82fde3f404fc5cf6e20f5800510c85
0478fc25fe91fd46070bf6160462fe040bc301301f6af49b185c000b0d27fb3205330c64fb6004bd
eb71fd23fe1000e3fd5eed4e0cd3ebf3e97cfca3f5cd03c00a83fe86072300f5e34b165501b71313
090ffe5ffeaffefcfac20684075af03dea30fdcdfea724e0096f000401cd0242ef59f4ae02650c0f
eff8fc9fffeffc1f08d5081d10bfe4e2f7fdfd7004c1060d00a6fccb0acb00a50b7dfe9cfebdf8b5
08c2fc7bfea1fbd1f40e105ffeeff8fbfabbfdfd053c05e1f444ff1007ddff500b7b04affdf60439
fc48fd50ff38fb30f947fd9f0f63f21edb09ffad0065f7d1f59f0104fe2301d60036fc76fed600e6
0188fdfc00ccfd44fa17f730f32ae6c2ff8d00f0f7e113fff861fcfb0f8a016f0b420494fe7706c1
febffee300ecf95beb9efadf09e6f030f6f0fef1040e088f07f4009501afff2f032ef41b0263096c
09d902d9fd83fe29fa8807c50ab610be09d6fe57fdb70a83fa68fd870ec00095fe340873ff5bf68e
f889006c002bfe44ff6c0e310f6907f5e7b801c1fc95fdd2ec12fee308dafc840210ff70fefbf489
f9db01c4fad0fb82f9d20d671f2fffbaed68ffa6fbdff5fef445ff20f05802520423f37501b805fa
1d47fe92fed50037ece90329f6e5fcdeffb7fe1100a1f72e0ecefe9802e9fcbafbe1f21a00d1f9f6
043e02820208fbd9f434f391ff3b08d7fc61013201e411e908e8fe67ff590276f5c2fb64ff640cf8
07a101fc019d000c000103080af50aeaf37e0179eb7007c6fd6aff13114f0251ee570258ff9f00fc
f6abfd59ff87fe17fe1cfb8e08180adf11a600a700cefb3c0a4dfea80b270062067812c5fc1f052d
067fffb7feeffb2f017cfcc20538fcedf7b6fc5bfdee00cd1215fd41f45000b3f9f00408fe9f021f
f97c00fe009cfc57ed35fb63fbd704650ef30225eac50a59198dffd503ab0057091804210013f0cf
ef1cfcae0134fca80346e9570e05fbfaee3bfebe082108410959011efa58fde1f3ffff27fc86fe2b
0528023b00b1fc661130f86e18b80934f269fcfe0fb605220de7fe63f264fe9ff550fe33ff10fa4a
f5410291029ef9bc006ee9f004ff04ec0515fd191845f7f61533012607daffeff7520191fd550cd4
fe6dffd2ffa7fb290632e72aedc105ce076ffc050920f3fd1351015600d400450781f2fbfd62073c
e6c1fcdefc15fec90f2820e9f4a0f176fc8dfd060da80263f818fe9df816022cf537f601fc81fe70
fda9fde6fd2bfb5614efe6bc0494f472f7a201a31ed60c37036500c3ea4a0161ede0efe10093fb20
ea5701230071faf708b9f199fdde0125f83bfbdc049efc63fee7fde3ffdbfcc702f2133efe7ef0e5
f64efcd8fecafc67f428daf203ccf78ae4b5025306db058f04cdffe1f14cfd1efdf50d54fe7102d1
05a5ffbcfca1fd84ec84e298fca41d4703230086240ef31afa5cfc8616d9fda8124b22660262f5bf
0fdefd5701adfe8cfdf8ff7b05c9f7cde25c0083022d0a8c01fe0143093cfddaeae5108efe5a0e46
0cd0fecefe51fd79ee3e14c903e4e26bf134007efd7e0167f677fcaf06c5fedbfede022bfdac187a
f0fb018bffc9fa0afdb70f6c0418f27cfd1effd101c3174ef9b0ff9bfb32fcf70cd8fcbb011ffb28
f56a0268fd9cf9b104ed1ae9fdc0276dde9dff84f29509e6ff48fdca0056026c1914f214021af51e
fa05fcc0ff94fb7211290f97f7eb21a3d3530052f67fd692089f01a60295fc9b03e6ff89fdc5ef36
08aafe80fd64fed3fcecff79f757eb81f122fc7f0c0d0946049afcfdff81feb9f4d5f7ae01bd09e0
f214fcb6fc7efc58f8a2fc11fd7effef0bc200730af41a1f00b5018f0d39fe280d8b048900f61353
0548fdc2feddfeea0b120780fe1912e2fc3effd7eeb411a2f892007f03d7025110cc09aeffabfc5d
049e0154023e007b0290ddbbf9d91ed9fd40fd4cf777d5d9f897010dfe7afc7bef7eef8bfdccde82
194b007cfcc6fe020607026dea9b0cf908df024b02a8bc79129dfd53e2c5feccfe4e0f4efe19f5b3
0188fe52fcaaffd6e6090488e59b06e6f31100aff9a1041c093e00fffe8bfc5c0532fdd100ac0d11
05d9fe9e021ef9f7eee4f5c7f4fa03cbfd24ff0af870065f086301abfc43fd1d0cac13a602780c35
ff0702b401610056efa1f8d6f2fd1775dbc90217e739fa99ffe0fe0703eb006afc2ff81cfd49c646
ffeb023ffdcff9670760fc41085204b5f825fe6ef74ffaf0fee1fd3f052a006003730b3bfc21003e
0c59005900a9fc14f74f00e2ee86f469fb73fec50034ffd01752fe37e39afd45f0d7fabd029b09eb
fa20017efddcfb4df2e4f414fe37040af835fedd0026f7ffff6f00e3fbe9026100c10ef80062f8b1
fe04fecdfcb2ff7ce603f9b3f6fe041200650218e639ff1907ae0198f8000077fcbc0348fff8e4e9
14f400d1fc9cfefc0a540299e419013ff403ff9ae4900cff1824fe12013efdfbf447f777ff06e4cf
0c73fd54fe71fae1ff29fc42f365f65800e7fcfff65cfe78023500dc0da701c0ff781007fd76ff72
fba8ffa0fb8efee8fca0f777fd6e1b600850fec4f037f6d1ff6ffd8a164afd4004c3fba7fd27fef0
f0c802d3fdcdfc0dec02e414fea1fd36e435026b19f602f907e5ffb506e9fd06f7160366fcbafe26
efcb0287feaffdcdf8f3e816eea9001c0b8ffc861860f4b2ebdaffc0f239fed8f5c4119f0190edfe
f57b024700affdf00250f5cafb21f6bafda3fd581e8bee41f4bdffa409450011ebe1f5acffdef1bd
f4effd61fbcafb98f3d4ea86e6d5051bf07300e316e2007ffdb1ffaaf8feffddfb09ffa8ffdefcb3
d02600e1fb6a0512f547e924038b105ef431fdfe2e40e835d704ffa934effdf8d8ecf24eff4efedc
0f8bfc6cfd3cfd78dcf5e21702cfc360de80ff3bf451f814064eff43234dffdfd73c1962fc390f03
0c350004fe93fb9e01180ee9fb34c412ce94fd4af1430552ea3a023bf975fd40ea1007b801061664
022afe93007cfb7c03e60f240f4dec01f451fc21053f0d9df8d60203fc86fc62fac0f8daff751c0c
f05bfd4cfd97fd0f041d0b8e0a0eefd8fccbfd3905f02679ef05fe2cfefa018b0afff8acfee513c3
ec40fe30fb180002f41f0c1408f8033a032afc0cfc34014df64efef2f5f500bafa41fa3bfcd007e9
2319fef000defddf0090e05d00abcae60076fea40680ee58135cff2efb5bfe5de5090b9ffde0f5b6
ff140256fc68fc6de42feabe005ffc9cf93a006dffeff2011227fe73fe59fd5ffacd0ed5fb50fa7d
02d70012fdd80167f020fc570788e772f70b00470d77023b0875fd3ff98cfebd062aea57fcf80fc6
faad0230fc7cfaa9fe6bfd8002cf0013e2a600f7098f0cb6fd23fe3906f601170ad6fa3dfe740e33
eeabfe4afcf4fe5c01e70a8afeea0b8efab6fd1d009ff792fe49fd42014f0226e9dc002cff25e948
24dd01c3fc9501cbfb9efb0df4efe12f01fdfdfeff5209462403fe6eed4bfe41f43c00b6ff311548
fef5fef6011cfb740e1ffa3ff4b5f0c30d97fe22068c006e066b00a40424fc26100a00eefe080980
056afedaff99faa00391fd5bfad6ed58f98501bf0b9d0e931d2100c8f87a01100a9e03aefe6b05e1
fee8fce1fc0800360daafb8b0148ff8e07b5fef7ed540135f47a008f11a8fbff0c2d0482fea7f816
0133ff2fffd7fff6052af059fb9205e2f8fb00eaf83f06d8f48a009c0f13fc8f0d10ffc1fd98fba2
fd4a006eff47fe430cfefa21fa4aecb80c35fd3ef3eb0d2611ed0112fe26fc5b0bd6ff4f022f15a6
ff29fe8000a5fec103c3f662f8eaecc80062fdfafb2ff8cc0038017509adfe410f640742fb3e07c9
ff8100f2ff15ffd91263f2ac06a3ff4b0118fc82febf095a0464fea1f2f7fd81098bfc17fd3ffcb5
fe280061fd6dfb35057a07cbfdbf092a0ae0fe1beec805b4f776ff1bf37e0113045ff385feddf858
f4ae00c6fbe701570290f1a1f8bc077bf368fd9223cff6c1fec802500b5b00a816e91026fc9cf530
dd10fdf7fae7fd300fd3fa520ba0d5390125fddbf7abf294fd310213e5bd00c1d111fad2ff02056f
ed9bfdb3fe06fdb20866f2110dc11bb900d700520b2ffc60ef21fe11ff99fc3407710412fd6ffedc
ec16014cfea1fce015edf92c113c120ef8f5fe3c1a6d061bf32ffd30f5d8feddff11f303fec802e2
e93cfd1cfed400190a30f9ba1155f77ee86000ef2a461475e4f9026cfc8dfbeaf8010310fca6fb5b
0884fbfffcb000d4e2aaf846fede25d5f242fc620d90f3a7eff6ff8ee930ff47162c0d8b000dfa2c
0290031d00c9015301e401a8ffa600acfe1f005efe68ffeffef7fd2dfc3d010dfc020307fd36012f
ff49fdce0148ff06040afee80182ffc9fec50089ff47fee4fcfcfcb0fed50320fad80294ff1000fe
058d01920252ff980376fdc6011effddfe1efd84ffdf0035fd6b0119fd6cff66ff830311fec6021a
01f20245ff8afe77009e02c503f80068028e00a9fc4bfd29fe6f0176fb8a01e400f400aeff99fee3
ff34014d021700a0f8f5fc330322001802d1ff900333047c0255fea5fb47fdc3fd06f96dfe85ffcd
fe61fe88fd0402c5023c033601c9fed4feb6fcdd0027fbfe03fcff33fbaf008000ccfe4f0149fcc2
fdac01fc022e02bffde6038f035dfd450331019d01610097ffc80217fc48ff3200a2013cfdd2fdcf
08e600dfffc200edfb6efa32fee5ffbe00f8015403fcfe0002c6ff780461007fffe8fd3afdf5fb59
fc00ff09fd750277fdfbfec5ff6f03b200ab025f038c02d2ff88fe1e01d8008f013ffdbafe94001e
fce202c3fd65fe1efcb2021f0829062800aa0052035bfd6cfda0023bfbf90049fbfe07dd018ffd74
028002380021ff53037802cc02e500bc02890289027efffb013f0326039201690261038efea0fb08
0881025800a3fea102f6fef700c5ff30fef8fe39f968009f00c1fda0ff47fe710255ff38fc7eff9a
fadc009bff54fd960185ff3f0202fdfb011a00e006f8fde8fb79008c027d016801cafeb1fcc7ffca
fcb3fd8ffe93fe56fb77fc710225ff8f0264ff180466ffad02c6ff28ffeefd4a03530489ff9afabe
01ef00c6005eff57fe3e06ab01edfcf3ff78ff22fb95061901c700ccfdd1fd210061fbae02b10206
0335014efe17fdcdfed2fe33049b00cd033100f9fde5fbcf00ed0289fec3fdf000b402da0208fd9f
00c2fd97fda6fdeffc53fc58032b016702f2fc840375fd1900f9fed2ff4effeb01640065fde5fa0a
026dfcd200ad0023fd600225fe17007bfe15ff8e02cefd6bfeea003fffbffd11fcdf012600ddfe45
070d031602e301b7fe340295fd6801cb00e6027afa4d030803feff50ffadfd9c0258fd7cfe39fe22
03e7ff75ff660009ff36fe46ffe2f9ab0469029c024601ea028d0062fde5006100f9fdb5fe51049b
096a000fff1001d701f2fc0afffefe0c012dfe3bfc2bfbfcffe002a9fb2d006bfdce0216ff6cfcc6
ff86017efd0b01a10092fea50186fee803cd0183ffbffea5025202940403013dfd7d01470036fe5a
fe43ffe7002afd5bff0b05a101d7039900e0fdabfe2e04a1006a0127fe6a02a7005df6b4fe08fd8b
0172fd1501a7fe93ffb7037dfabafbc5005900bf006101f602fb02be01570038ff33fab502770534
fce8026fffbcfd730439050ffeb3fafaff49ff63ff3202e100fa0192fd74fec0fc41ff03fdb00149
0ec901aafc43ff22074305ef0983fc90f253ff85f4dbf63ff5b9fc17efdc01fbf357fcbd009b141c
0572fd890055ffbbf92aff131fadea9ce939fd05e5ecf527fe5f024ff13dfe150b8c163e02a80287
05cbfd42feadfb5009ef06f70a68fd9cfa5bfc6ef5410694fb31015f1622fee5105e005a018fd8ed
111200a6fe45fcb00607f46a15a9efc0e83eff6ee5d8da25049d001bf68dfe75fd0e0cba009f092b
0c42fd20fec8f946f0a1136a02d7e1dddf68fe1df159e7431766fe26ff87fff9fa45f9ba0031f5ff
11d90103fee7fa1705870bf807090a490fd1fd96eeb2062013e5fc79fd8501aeffecfeab0062f1dc
15afff43ff91f96f0839f6f0fd0ce29bf5340162f6dd099b14bdfe4807b8ff7c105f1268fd63fc3c
0683fda3fd24fcd305b3ef0e0154f472f5e70288f6c7ed160b03fe8208e00175ff58001801b0d390
03c0009fff48fb430a0908cc0e33e8e6fc5afd101076f0e705bffeb3f976ff60fd1f0165feedfae0
07f6fe7f0030fb32058afcce0363e5b1eb89fd6405c7f2281c4c019cf444fd580de809fa018bf72c
0b34fed4fdfbfb971950f598f9d7054609a5fc09fb1f045ffb40fefef336fdc3fc8c075dfedf012c
0de300f6fedfff241912f06beecef78314a0fcadffca04f1f5f8fdb9ef40ff22004d09a4ffaf07a7
1351ff72ff3300800903f1cfedb2ff550eb6ffbd08b8ed980ad101cd0eebfd1518c3059300e5f8f5
18c9fe50fc0dff28153f019ef375f8ea0d38ff2611cdf4b0088501f7f9b9fca90b170a57ff620a2e
118501e1fd0cfba015ff080b00a8041a11e201f2e5fefeef0426fef6dc01ff9ff7a8f65600c0fadb
fba2fceafcd0fa58034e0292fa52f59d1704fd22fb000a97fc8101e9f4fefce908eafe8400ce0d10
fad4fe59fea5faca07730329fbd902df0662008c12660b06fbc6fe4befeafd8a0f5c01f30050fe3d
14a3fd06ff26fd6ef40c0787fc4ffefb13ab00a10bd3fe0efde30078f212fced0ec004db0072f11e
081300aeff5bfcc001dafc39056b0727f337fc3cf65715b80a9000ca03dd01ffff260975fd25fa46
ff89016d009afffc0871f82207481043fbbd01b3fa2315010feefd9a08f4ff8603d6fe5afbfb0f10
0d65fedbfe93fec8f8bcf62f0e2e050614b1fd6b043d03cf0dd501d700effcfd09b30a73fc6d1064
fc6bfcc50243fd7a097ffc5a10870112029cfd7708b2f0c7128dfc45dd33008d10d0184801fc0a24
05b6ff3f01dcfecefc40f1b005120844ffe7fdf4f0edf7b803d2ff30cfa3fd0408650ef9ffeaf2fa
0fcffcdbfccffd1a010bfe04fe691530ed6901f7f6b1fd8d041bfbd8dea80143fe0810940014ff10
fa36ff76fbf5fe8f00b9fad9f9b90f9ffe7dfd8ffef603831011fedff2c001320a18085900061607
0bc9fc98fcd1fae9fe30ea4bfc8e0f360305fd38f9afdb52f43cfc5a066f011bd5de10bf015c0319
f54a00abffbeffd60b5cf9bcfe2aef55f8d0ff2b0273f16602b901a8045eff40d377075e02761421
fee5fe1aff12fbf9102003840c8edbcced8efd4108e50e78ef76014703b20076d95d08a2fce719d5
037d0163fe2dfd6507b502d4fd0ae70efa4efd4105e920d3f57b0182fd5bff540f5bf951ff6a0c21
0ae20155ff38fe36fa8d0425fb9406a4101effa9075317c3ee14febf0147fd7c10a8e068fda7f466
ffc500d1015ff8750e2ae66205a3f797123afe530c24064dffd601ebee91fedc0327076801eee6aa
eb84fe11fe41fc0ef677104205f6eea0004cffd508dcf3fcfcd2fd36f05d0162ffa20bc001dc0c3a
fb2a01c5ff02fd92fe341eb903c3fceff9f0fee3f91014c3fa80fed60a13ff57db7e02cffc8b126d
fec7fe62022ffd1b083103b80317e3ad079501c805b4183aee86fcb6fc8901c0005602eefcc2097c
f002ff26ff2bff06056b03f90a9bffef1413019f064a0b3df402ff2aff540020f64afe4afcbafa23
f8c6fef3fe08f976182ff3bc1f0af57b1405fdb101ac07aafe09fc980961fe1f14affbb6007fde62
fb9cfefb0247fb6fee6a0ae00b4407faed1a02010e59eefa0275fd7bf6fcfe8efa1ef0d801f81754
e73bffcb0296fba1fc5114d1f923000b11e2ffea034301d2015700ac014a0222ff53f763fdfa1779
cc7801e30138fde9f6b703db1708f3b41828fe71f47a018c0726fecc0920fd02f986e50bfe720742
df0efdd400680259fcbef07b143a06b1176afe5e12c1ebf00b01fce91fcdfd0212dc0fcf0191044d
0656017afcd804371eb8ee3bfdc3fa070a11fd6afe43030d10dc0228f8ecff680507f7fe013e0bf0
01e5ff360149fde3fcf4fdb8077dfb7c081dfbc9fbde0a09f24efd741064010a0c31e78dfc8804db
df9cfc98ff9bfc6ef531fb5d0bf7f919f6f5fc7204e904b9051efc55fca10218fe15f578fee90d8f
f606fff80136ff280f36eb8501cc0646014b01abfdbffe2a04b50046ecf9fc6d0049cb1cff0ef5ba
ea54fd8700b503050738ed7cefa5f5721878ff221b6cf657067bffc10b200238fe41077dfd00fb7b
e2b20031fe2fffea126319be02eaebbc03ebfc72f201efacfe54fd70fc6ffc2506edfff601140abe
e4db005dfd2cff17f3db064d0c68fa5c0abbfd22ee70f67f0576fe43fef7fc40180d00600286092b
f7cffd4aff68fc2eea2e0b17153c0627f5f9fd76f892fb9f047f00950f6bff7a0136f684fe1c00a7
f172fdf100d4005bfdbcff91067602cff8e501670753fe7700dcffc103350140f61af8d6fec9ef2a
f9230043fe6afb1800a9f914fb4f0a0df9d8fd4bf715f77304c7fe5eec1dfccfffd40cd3010f058b
0194ff01ff40fef5101cf40502c0ee31d11dfe42f9e6010400f9011eefe0fc63ed8aff30fdaf049d
f704fea5fe1bf83a1994f7971424fe42e35afde822e3f539f3040112f311014e08e705a5ffcb1d55
fae5001bfdcbfb18ee34f5eefc2dd994fca2ffb41d15120807b5ff0d0626ff64e6cbfe4ffd1aeeb0
f9ceffacfd9cfd0eee82ec7807cee9a900c6fce0ef860f700cca0041f18b00a9fef3d84c02460061
00da006000a3010a0fdb009ff07f18a4102bff63076af642fe55fcbdf61bfe0112e9e73dfef2f2de
001d00fe00ebfa6ff8cf00d00fb305d4fec8fca601e7030af682feca0558fe2c032a057ffd55053c
078afe50fdf2fb1ef480f8a00296ef6712e2fdc0ff38011b00cefc38f5f5fd190a640abdfed30e72
018601f700f3fae4fec80f64ec1cfdd410940084ecaa090802bffc76fb28fe71ff8f07daffa1ffa6
f0fd01dafc81fbf41655109deae015eafacf00eefe9c1a59f47a003b0ab7ff3a082c0b8401f8f4ab
08510284feecff2f1c90fa291bd91a48eda9019ffb0ef8e5fbbbfce40177fcbbfad4ffeafcbcea2a
ea23fd3d0264fe1bf31cee5dfa76fe36086700320c51013fff9f01e8033301c007fc0466fe92136b
fea501b1fcb7f646faa8e44b0391064f13bafee2085107c102b60265f324ffb81511fce9fdde1b96
1184fe9efef0fb1ceb04fcf3f0c210861544fe3afa57fd6f0c5800ac05270231060f046efd0909d9
fe2bfc6eff65ff8dfa4e10c80ebfff21fa31fd49f151fc0cfd2301081048fdfefbdb1444ffec0bb2
0a27fd76fd26fe4e0f981653124302a610f0011ef48a00cff899fe2810290018f5c617c402bd072f
011afe76ff5c00aae7d70e3ff0c3093efb1101c6ededf6c61062fd63fc420108fcca019afff50399
09c3fc9c0205fb20f3b8fa4ff1f40596fe88016ff5b60c8010b0fc3a0e33ff670938fe18fc950506
0fabff890258f97ff828f608f0c406270123feadf3dbfe990d5afd03de75ff79035df36002110bca
027aff0bffe502a6f97805a705da031df542fdfe000ffc250deaff86f316fc440076ffc202500c56
fb470254fdf50754233dfd99f5bd0890022dfeed0afdfca4127aff8012a4fda0079f1148fc8d012c
03e002bcffd80082f6480ef5ef6c0e49ed40022ef5d0fa0a080dfff1fe360086f720fe3402c908c7
00450275fc75ff5e097a0dcd011504e3e673010ef0770d9f125601300f1eff29fa68e971fe6cfd0b
009cff6effd1fae7f752f7e300ebf5feed4efed7e5c508100c9cffbb0b43fd41f7a4febbfe190c72
0c5dff1cfed600d310f317eceb65f4fcece3fee1eae3febf07ce01b3db1d00e8fb29071dffaa0b6c
086ffec1fb540328f812f573f1e0012af4fbfefef01c05b90f3701d1cbf001a40c130e8900fa17cb
0a77fe01fe98fd9fef93fb9c0d8bd57ff88d005815caeeccfba2fbb10ae0fde7d4e310e3017df970
08edfd5102500038ecc706130490da960b3f0189fe9aee49f64dfe2e04c0fe2eff9f09d7fc5801a3
00de0076ff99fd1ffe7fff940864f85bf1f7fd0afb6508fb02b20104f5dffd8afb54fc73fdad02a1
f85dff30ff4bfa4802b6066609bcf0ecfd44fc9b05020a8af421000f08f1ffa802fef6d6fee0091b
fe1c012cff2bffbcf5c00966f9a9155108aefeeb03210abff47cfcb604c800b707c4eba2fd01ffc2
03ac0278fc43f7b3e449d9ff0f01ee92f8e3fc4cf443e4f3154101d2f9de0122e83211e7fca1f33b
04ddfe20fc7df9edfbb1fdd4013ce6f2122d0229f2a2f057f4a3fff10e86ffb1f266102302050a8a
0b12ff49019afd17f076218afe6df07aefddfcabfae412ac002e0141084901e70b520a0dfe980ae0
fd9aff59001efc70f20b19f20b800ba8f3a5fc66f9701b70e7adfe5e0f1fff2b092dff2f00e8f855
e83afdb8ff64fc38f528fc0207ac14d00b8bff00ef05027af9f80178086600f7e4a2fb8f0072eb83
00550108001afb09f923fc581039ded305fdffa004a7f2b70e78001ffed6fd9cf4e6f054fcbc059f
fb14024cfcb8fc0cfc46ea4ffcb3f3011516fed8fb8bfa960ec501af07e000090396ff62023412f7
1d2efcdefec6fad90557fe42f07900741627fdee07a8f8f9f8f7013e07fffd780a890152ff9d0e2a
f837026b01aafdb503180a5a095413041eeb0236037df8e0f854fd9f15fdfdd400d3fd79fc8e097d
fa820295fb24035cec28fefdfb3fffbe090c00700bf6ff350f4cfd32144dfdcc0c59177f00be06e9
fa47fe3601defecefb9007b8fac2f224f2a3001cf5aef16c0ed3ffad058bfeadf63df49ffded1402
02bafe51fe5500f0fd920553f0fcfddf17a1fec3eeb908720e78fbebff5101f304d8f020fdaa1002
0bdb0047004000d617dff774ef5806e80a810146f90aff6a02d3feaaf3b600d8fc1dff1001d1fa02
0f42017ffe73fca40ebaf2d7f96d08ae08c1fd040ebdf794f3570089f32a023005f619c5ff18fb51
14ac008ffb01feb2035de42ffd56fa15f6f6ffc60ecf068c048cfd6807c9008b051a21df01c402e9
dfb9fd69fd3501b015a5140bec98f3f6f488fd11f877fbad0355ffecf463fca6f65af343fd45f95c
eed2ff2bfe44fce1ee0f0de9f71ffd22f52600e00645f1b70913fd6800cb020dff1cf75900f9f536
02a9024cfe39002604b90ace0c7905dfeeb700390599f272174201fef54500f6fde008f0fc7afd70
fa0d02bd0063fec9fcba0a37e52cf6ccf3e8023cfa8a01410007ff32e4bfff71db7c10abfef8f45c
0627ff5dfd63fd18f8bedd45fa8b0c5de85ffca70d830872eb8d0020ce82fc85fb7d0fd10197f9f8
fde1fa9b0063fe670c75fb36f77deeda089501af04bdeb4e0b97ff5b0ba0fdbadcf403f000ccf38c
06500019fffefe00f8690381fc46dd4302aa00590455016af684ffa60b3fff25f44bff09fb8704b1
02cafd4c017afd83fb3503d2fd16ef05fb7c01f6fbc40713fc0600920597ffdb071cfba1ff16fdb0
06690113ff73faa900040208fb5d0d0cef98ffd9fb500be3f87dfc2afe1dfcf6062001a3ff44f804
f9d3fd2c0053f7ee04d8f041022f0fc4e7f4fc7f01c6fd4b05e1ff4701e8010708b11196febcecd5
fbf1fd2cffa6000f12ccf67cfee4f6500506fc6df989fe691661020e01e3fecefd1406b70104f495
001bffaafd55f8930081f83bfb3f048203eb00a404750a6efe3100a0fdeefc52043b0c09fdb20512
0598fffbfc1400d504d4fc6b097c19530b8dff91026cfad501fdfcaefd70ff80fcfb0252fc070174
00affc85ffdb0590fc1b061603060ac0039cfd6ff603fbfaf6ff023dfec2002905caf935fd040c1a
fdbdfc97ff870132eecef46ef478f63a0ee1fe26f60907400c5702c703b2fed1fc220a05fd40065c
0591ffe7fda7013c0abe04410cc60405ffd8ffedf2f000b5f6bf00070866011116d9eb5f00f9e82d
046ffe1bfbc1fb90ff9bf4b00d390bbbf82cfd6ef33be1caf1acff10f4aafe4ef43df0b20113fb1d
ed4dfe66fc2fff94f544e8c30e0e0234023afc41f5c1fffd0e55fc6fec24fec4f2ccdf6efc4c0686
e96efe66fbccfc0ffef1e5f915c60560045eff07fe280c1115d7fe1df456009c07e3e76bfe25052b
e994fef2fd7b004fe97aeb43f8110624059efe7cfbf4ff6713e6feb308fffdfb000ad8c4fc16099c
10a4fe73ff61040c1c0cf0a01ce6028d0a21fcd017ebf7aff963022efa7cfbe90a790c8dffa60cc5
fd15fd85003dff5401fb02890399f6b7f1f00003fd2df371f52aff1b0f1bfbb4f511f7b3fd210098
e9e4fc4c00f6fcdbf83306be07a0fe3804c3fea8fea40055f75e00980d9afbf0fca2ff0b010f021e
0707fe23ffa1fa67ff00e1c3f5dd00bc119dfe37051906b2017bfe3af458feb904a3e999fbcd023a
fa4c016aff8e007cf2000123f7a501611755017f0e2302d20258fd90f82bfe45156dec82fd760191
f3a300a9fbf3fcbb2187fcb5ef20e581f861ff432287f631091bfcc6f5b3fafafc62f962fd9f0646
d7eb003b0069feca0807fadef5ddf98cf8fdfd881249edc1e85bfe0bfecc01080dd10af1fdca037c
eeccfe2afd11fd35efb8096f03ef08e7fc2bffc91ffeedaaf2aafc0a0b4dfee802d107e6006b02a4
fd44fb9cf9e9fe8aef60005c07910e460191fc7f20b3019ffa6efd5d0bf5ffb0fa67f8defbd2f87b
ee14004fff54fdeedbedf75608c606ce13bffcb811c8fb0303d5fde804e1fe0ee7bdff18fea7f616
0b970156fe36fe9bfebd0575ff960d5afe560141042fef320cbafde50da7fe29bdec124b01e0ecf7
08a60030fdd8fca40da1fece03a5e818fba0015afa2005a5f0b401260d22fd6da129045202080afd
fe990276fcb0fcf2135afe9b0249aa74e8d3fff30932054e08ed00d6f648ffcdf7cf0231fd9a1daf
09cefc1cfe00ff2b03200e2af409fc39f5bdfda5febb1ffcfa71feb0eed101861f82ed21fe9203c9
015dfc65ffabfaa406f9ffebec941561fe15fe080b7f1874fc3c02310622fc970d5de74c018ee823
fad0fd94fb9df7c20cf818c7ed6b2c26080efcc6fe75f8e60180fd7617670138f74406240001e33b
04f1fd5eff4efd5b093902b2061aedf0fb74015a1162f26506ccfd4f062d018af0d4021001ef195f
e5df0111ff1400c40695fe55045df50209a302440939027cf690fd48ecda00b4e9f81252ff8f0bc1
ff66fed5fe65fdddfecef78d0020ef4306f9fe4f015e16910a7aff28ddd0fea5f8b3fa5cfe9d03c2
070ffc1afc53fd960894fa3dfa9307831533fe8ff7befb942a54fd2af6dbfe050370f4c4fd01ef83
064901ceff5bff4c2c1d0ffd30e503f0fb64fc0f115df44bfd1400d8f53f0088ee781ad7ff5aecfc
f3cf036afa70fe72034d0b131aaeef17f6fc006003f1032ae7ecfd7a01860245f89c049bfd0605f1
d7a6028afb72016af1da223f19d1fc0bfe1a0061ff2107ceea6800a40562013806c20267018df9b6
cd17fed5ffaa0196f2ba16660c1cf29fff4efc0705be0e37facc00e5ffb8ff110d77f3d6ff8508d6
f17001c7ff1d021ee886f69d02fee9f91bb8015c13d3084411b3fc49edb7fefb1936f9a3fdc2fc86
1bc1fe85fbc5fe4019c1e1661d2102281431fc5009e50058066cfcf5fce80263fdb0057efdb1ee5b
fc44014afaa6fc71eb79e8621a4de5e400a8fe0d0a86f574eba9fe4f0ff3fde602600842fea30c32
04d6fefffe9cfa43f7b70dc11116097d187c0060034efa3cf965fece0e3cfcfa09b4f0a1fe8f02e7
f99100ffff3efc0eefa31970f140063517040058061f09870e1400100ba901d005b4d74cfd7a1304
e8fefd75fdd8011ef695167ee5f9f4bb10a50217099ff22c02eefd880fc2fc3306f5fb3dfc86fca3
19a201b4fb3400200e8511b505bbfde40bc7fe41f2b2fdd7fc82ffe30c47fcfa00de19000162fce1
18110098fa8100451a3c085dfbab04e8084101faedc8ffacf8b801df0591021f0e4a153f000bf5ac
13c1fe51fb0efb2a010af3f4fc9aff360ac7ff6a0a9604dd0aafff510e38fc870aabffa3ff15029e
06a4fc8dfc6efe5afd08f17210e7046b11a500e40a51f64104e4ff2a0cdeff07ff74edf4ffecfea6
efddfce5fafffe5b0f14fa1ff2df0be40c2dfce5f7dcfecb0c00016208c7fd470407f416fd2e03ec
0ab2fc8b007dfcfb01feee0fecb812dc1a70fc1afdddf97d043100b3fe11fee7dc721807013efe3b
0efefe73fcb3f99f01150433efbef700fafbffe017ee0cfbf5f7017efeebff2ae6ed0b8b00ec0c2b
fb010220ff1cfb7906fc0561fcece6b5ebbf0165fa470cd8ee17015a0b3f01dd07510c96fef112e8
017aff1000acfa7e057dfcc6073011f9fb49ffd1021b1671ec7cfea604c501f30b05fb570104f4d6
03c9fe0cfe9bfdf20daa0c20f0031a0afef8ffd20509fa5af6c301d7f45bfca7fdc4fbf301bfcf17
f6b2fe150169fb521170fc5fe537e96efc68fe9d03c10ccc096dfdfc0ffdfe0ffb3012affe11ff85
f98fffec0205f8b6081402fceb1b0cf5f7acfc94110914c1fd6901c70f1200a806040e2ffdda0b02
060a015a00a3fdb1030801d201170f03fbf9018f08fb0bacf2cdfc15045f0115ffb4076ffdb2f69c
06d10276fc95fbf00429152cfe670744fa9efe1ef9730963faa2fedcf5780235f061fa4dfc7af7d7
006bfdfbff06fde3187702e3f2a30af4fbe5015cfa1f08200297ffb7f66dff35f81f059b003af51c
02d6002afdaffd1d00ccff0a0254f1f4f54dfe04f849fc5003ce00001987fd3d0e54036300cfee3a
066cfe16fd6afc81fb08ebcf1258fafbf738011703abf80efb4701a4016a0227fde6f9a501630f3a
fe11fe46ff25faccf270fef71595fd2300be008f0198052bfbeaffc6fc7bfc89ec8dfea6fc270a73
d93afe5b01d70171f0ecfa24073308e710ed01b60b1f0b1b06420276068cfdb5ff1af72a016e0211
01c901f5fdbf0021dfc3fea5f6de03760ebefdeffb75095906f30260efaffcbdff66ebfbfd98ff93
234bfe2efc70fdc20d14ebec16ccf89300f1fdb303affae2f3d7ff7df6d9ffd4fe7408d001c6f48f
f520fd44fdf8fca41237160a0fc4f476f47afbcf0828fd74f608febc08e7fdd4f2d7f0befcca04f4
f265007900d4fe091845f3bd0544faf305cafd63060d0b710202fc34ff3cff3efbc10eda004ffc78
f4df021b0037fdecf598e489001e08d1fe34ff71097005b20d320002f72f00a5027ce9dbfeb61314
f48ffe7d0079fe70f7040451f05e040d0e53fd92f651ed8f0f900079132201360a45e904fce900a7
efda029efdb7ffd213a0f633fabbfa1306ec00fe0917fdd50ad00166e0d8fd2cf4ae0214019c1821
ded1013efdcffdcd161afb66f97a06e604e1fc6d0b08f8b2f9b4fe6b03da01000117086cffadfadc
f8fdfdeefd4dfecc08bdfcfa02370f93f866fc971c81fef1f859fe9e12b0002a02bc0a47ff18f910
1d8ffd32fc5dfab206a3fcb40825f1faf5b2010106a0fb29056501e2089d015903f7f94d005700eb
0eecff6bfa86ff26006ff8b103ed14a00882fe76f892f73b01fdff0d02a8fcc006b30715fe780c13
1225fac201ad026eebc91896f48d1139da7ffc9702c2120bfca100e7f67f0044c1d1ff94fcde01ef
0b96ffa9fcdbff20fcd7f7890da3ee44f1e60200fdef061401d6fd05fd6bff3906f203c6fc921f9f
fe37027cfeb9fb990217fe1b1343df07e6f1fc7608bf05a6f78afd8bfd1cfcf71109075a027bed45
0dadfd99fe07fa180679137f02231067ead700aafcadfbfc040a00fce9ebfd900498045efd14ea89
043dfdd5fb5dffa8f82208da0c71f894ce84fd8a06f2deab0798fcd806f50107f089ef1d00f00c3d
1246fdf7fde2feb7eea60c65f342d95ffefb01dcf7fe08520f5efd76f60afd8eea79109dfbf814e5
174500fbfe64fe46faaa13a2fe44f25e0e25fffef2ae112d066500c007520005f5d5ff8afabcff6f
f8fb01e30118fecc04e00a7000f30266fc740102025d071af2ff01b30744005e0ba90614fd6ae698
fb240155015bfc281281fb5008d1060ee712fbece826f19dff67feaf0f2d018df8cc02bb0106eaf6
0037fa88f99afdc8f9abff3104c20704dbdcfce70b8fe13d0121ff26fcca01d5046f06e8fdf5eb6c
0214fd8bfd4bfa29eea70de6ea0a036ef804fcf9e7270c8c05d5fc24fd2d000b03a4ef16fba409fe
1591fff7fd9efaf7ff150636fc4b0b31034eff48f2fc0e16f5adfc290d3ffe59ff5702fefc24ff71
07a7fd740097044cfb2b0207ff3b0a28fd4fffb2f946f66ef0d7fd4d0728fdadf1e4fa2c0164e877
01f800fa0165fc7cfe2e0304fda306dc09560137fd1ff825fde602da1290fbfc03220a110037f0d5
0b71fa7efcd2f902f4f1f768f73605f90e5ffc29f3d7f2630675026bff2dfc44f28203100105edf9
0051fd730031fc86f4f8ecee0189000ffd1b005b0895ff220bf2fc5705d3fe06014f0a93fc9afe92
06b70028fca1ffd4ff25e2b8fb8f0446fc7f0047f48af5480e6b0110e052007cf5a20650fb8ff320
02d3fd940020003a05a3f5220a360404f578fe81f88603e7fd74fe3f0257fd9af16eff07fd26fa53
05e8fe48fbdffc230295fdca11a0ff7102500232efc402920459007b14f3fff3ed8608eafb6cfcf6
0be900b0fe1900ce05c9eb84f5f40349056effdafa05ff6f108a00310a20000cfc74f5e100a900ff
f8ea01e901b1fe13f991c05710e6ff96f501fd5715cefc0a1aa4fe81e461001f195b0967fe0f04e9
f21301eaf9c7fd43f5bbeead1413ff870748ff7bffb5fd6902b2016ff23300cefcf1f663fdf9f95b
daad0036fdc5fd98132109d5fb50f79b04f8fe0408e1f2a3f479ff51f39dfd29fdd51022fe34ff21
f450fcf2fd1cfeaeff06fb38f95f0d0ef2d6fd930f7a06f5f6500317088bfc38112d06f0ffcaf3e8
e86efe3cff9d0454fa0aed70f07c077fff64fd963574f879086ffe2b1ceb01befbf0fe69fecbf15d
2136004d02250332e47ceb3fd9dc2628d82bfd681788ff5b03b601ff0d29008b9e61ffd8013dfd74
06eafdc800950107014f075cf93eea46dff0010708740483f7d6ff63078ffefefbf3fc3ffee8234d
04780234001aff5f05ab0ca50ed3ce32e689ffff0e2cf3d0f48b0291e003fbc40f65ff1fff020823
0f0701170206ffa2eef91785fad60f76d77700881310fc4ef33efc100b80fece0bd2ff6bfdfee26f
041ffc7efd4dfbd7f5e7f9650bcf09dbeefa003bf7e5f7f50a67004df605ff9dfe62efadfb66fb4a
14df0045ff70034707300a9cdbc9f3a4f90901cef648f1661993fc1a0ce6ff5ca5160a2afcdf0881
0872fc95fc96ff07077e0109f1bbf5170ae2fbe1fe290fecf687fe64fae3ff5ff8da052bfca10beb
0231fce9ff7bfce70ebe0541011904a3fe9ffbfefbd2ff92f9d6fe68039efca404930afe0095e4a8
109afc75ff36fc721197fd9804930524ee17fce1e7ef02bcf593fcd2fd3201b8f96efdacff83f9c6
fec3fcd0fc69fd520615f5e6fd2dfbedec7afcd90809fcdb0659ff47047500e6065d062efeacf40e
0eb0fde3fc9f01d3f8d61b5cd771f6c812de0131de1c012b0516fe82f88cff5ded6efea0ff4a1688
14c8fe2c00e2f741f41c0c97f5b0fdbd04d7fc28f75f06eced96fdf10cdefcd501cc0b55ffd0eb13
04e5fde50177ff830e47fa370ac0f519f9ebfe8bf71cf989f5a70125fa9afebced0cf6fa014aefe7
092dfed60148004effe508b7fd3cf464fd0802c0e485f75ffb7101e0faebfdd0ece607cefb86f35d
04effd2e00f2fd6bec800996fc06fbb5fb7cfcf4ffb8ef210554028fe839024ffb7804f0ff9dfa1e
fed801c0ffcbfc32e3bbf422f9480b6a05c6fcbdf091058f0938003007e0ff8c07e1f4d0fe3df39c
04550197fe9dfe30ee9ef98dfb2b051804a8ff72faf300d0f6adfc84f5ed013afb8ef898fcbeef1c
fb8400e3ffea009efcadff1f03deff9c0d03fd21fd6a056ffdb60124f588ffa7e5a9e16cfe0a071a
fb1600bf007bfe36fb88fa2a039005fc0295fda401e90c440db4fe9d0024fc0efd1c06e10123fa8f
07430014fcabf851f8c2f434fde8fd25f62602ecf6c6ff65fc21fc0c0bb8fc93f159f326fc610591
ff7efde60013fe200805e54d0e27f2e1fd6cff090fdffd4b0e7afe9efc33fb91f9bd10fb01b0f3d3
f6f6ffb200e5ff6a0a78ebcaf92c057d0ad3fdd1f3a0043bfc07ffd8e666fdb8160afc35fdb6fc59
eb5b01e1fca2fbd10621fe2b02dafd84f8ccfef9f735fcebf5eefec6f8ccfc51fd740892fe74f430
ecf30226fdc4fb0c0b4e00d20fbe07dce8170112ff8e0b550771fd390c04fccc096e02a9fb89108e
0325000ffbd9004700e4fc6afcf6fbf1f9b8fe5c14caf9a60a8d01451603feaa0cde00d4fdce040d
fda005620e0f0174fe5ef74bfb7ffed200d8f999fe6d00452167ef52f545087cf0d0fd62fc4b0d2d
fc06f90f0a81fc6d01f5001df905fd720c450230f97ef66b0a1cf1a80429f9d2fc0001cef85b0e9b
01d6098005defcd9f91908fd0fdb00ccf6f701d2fd340b7bfd8ff0a1fb0e02bcfa8efcc0080ef6a1
fd4bfc2cf1df01afe77807f6fde2fd7b0df20473fdab147fd8fce4b9eeff05e20019fe8cfad602d2
00eb06a409c4fe2116ee0f270eeb00ef04e80a39fe3913f9d99afc930e5f09f914bbfcba0f4c1bd7
fe87f79808ef0288f9a5eefb060afde505bef716fbb600b4fddff7bf0ec90bbdede3ffa6fdf00acd
ffa102120df5ffe40b0ff4680f9efe4d0544fa37fd4c0d85f74cfab0fab108e1fe54fd3af9e015f7
002df7981776fe2a072cfbaa04f80148f66cfd55fe6a083efdda0402f69307cf0993fcf001960cae
fe5afb0f04d5fd23ec65119b070afc78fe1bff9bfb910338f2eefad2f6961352149f00e8e7560ef3
fdf2fa400050fcd80b1c0f760ed2fc8a0934fea4036d15d8e59d08970e9c04f30569021c112d0a1b
fb56018cfeb200a1007ffdf8054efe37f41df4cfffb9fc0406c1ee440950f39eef7102400b28fa2b
fc54f601f89200c1117103240690006c040807b8fd2006dc0824fc7504ce018e111c01e103f9fd85
fbf3f5d20be2fcecfbbd04dc03d6fe26faae0118ff4503940b6104ebdd5cf7d011d8fbf1faa009b2
011af6320304fee8e7b927700f4bfefdf6df0c7701c40c77ffd5eef1ff23ec8f16cd01b5ecb6010c
fd3adf1e01b1ff58ee98f5be1113fd0bf845e54a01201936e9020a6b1840e53008bd00c0fd02fc5f
fdda07ae017300ac043e03cb03f3febbfc4ef70afde50741011afb060b45f6ae00d4ff060b460527
fc1af8de0e2bfd070aa70504ffaafba606770727fbb0f73a0cf50fa500ac06f909e8fe1100100539
fb5b0b02f22201ac0c6a030e028cff12fa6ef947ff68074b04afed59fd1303901447fdec0bd60dea
014b08b0fa6b025efdd7ee8f01edfd4dff8016befc77fcb1f74f077ee4e3f64bf76b008d0b9efd87
fa1ae76af977ffbd1234052903b2fe5d05d21e75fcfa0d6cfb2112e8debce70ef706fcbc0139fa85
fe230211e33bff88ffadfd6c1204ffd2f96bffa4fe92104afb0b0676053cfc38050d00db07f309f4
fcd613e1f544012bed1301f7fdc9ff780f7b04b0fb94fa7bfba81333f857fe9afbb7fd62ffc0f9c2
012212b7f5d2fcf3eb2c0106dd48fe60fba70d7bfc2efe4df91ef263ed69f09aff39002a0d6006d9
fba20dfcdf570100021e00d1f5b70131138e13ccfa9809dcfe4a0305ee38ffacfb4dfd331a7b090b
fba9f5780126ff0bee36ff25e665fd7d209e1451fbdcf0a7ff78094fbdb1f8b6c6e4fda2107c10ef
00bf028201dd01ef02a8fe38fc9b00c20423ff60fdc5017bfd4900f90012029901bc008603cefb30
00e208400063ffa804b600af03f80258063a02000167037bfe27feabfec1023c020c030f080002b8
01b9062c012cfd40030000a8fb0402be00f2fd06fdcf03400298fc6afe0aff0f036cffab03e60130
fdd0ffeefe6b00af01e6fec7fe50fd0b02b303a600be0130f86eff85fd780405f8aa0261ff1601af
0188ffb802fe029f02f2fe6ffe8afe7c0609ff7bfe8cfc2ffe4a0507fc34ff7f0584fe3706b6fd27
fd88fec804fd0004fb490073fc63fe8601b9fbdfff47ff9c008ffb4eff3cfd16033e021a0041fe0c
ffddff690000026202a5ffa7ff4802990170fd9a00820159f9fa009dfb15fe8401d5ff5f0092fe43
ff22fc41fe8c02d200bdfed903880239053afcf7ff82015706440096ff210107022701ca038efeda
0260fbfeffe2fdbf0042fef50202fe39067202fd00af00e4fcf700740193fe52023ffd5e0170ffd9
02efff0702b8ff69007efd12fe55fe15064dfffdfdaf044202defc06fba0fd580038fffcfc54fe1e
0057fe9d029702b7ffe30347ff9efe010031ff28fec6ff410370003b03f6ffe8029efee5047bfe84
fe7dfebdfd100031034dfcd5015402e401cefe0dff390747ff9901430172046d04fafcfdfd4bfe83
022b013100b1fe66011aff8effdb0074066202b001fd0507fe4c0052041801400219009bfdcc012f
fd8100ffff360187fc740103fbd4ff08018b01b80181fd83fd7d0104ff88f9a5fdf3002e01c900c0
ff5a052900f5006600b0fd7105c9ffa404d2046102ebffbcfda503bbfc830261048e0238025205e2
02dc0015fd28010a0052fc58ffacfd4a04ebfe13fecb020f030cf9e7032200bbffd8ffcffecd040d
fe15fe3fff3a00bc0185fdabff60002ffdd7fb21fff903ff018ffb2bffabfd93faae0046007203a1
00c5fcc7fff2021d0077006400fa000efb98fcf801a70278ff15fd7bff0f038ef972fe4dfd6203e6
fce3ff380115fe6e03cefab7007cfd41010901bffd49fc27016ffc82fb9b04490525ff74fae604b2
feb101e1f8e400c50304fea8ff9001cb0080fe6dfd95ff37fd5502c00188ff76fd0902e0011501e9
01e100a6000efd37ff13faa80080fe04ffce017cfd5103e0fcc2fb660568047d0339fdeafef502bb
0028048afe3a01f8fde3fb750241ff8702340136feefff10003f0224fb50ff990056ff74fe8bfec5
fff3078efeddff88fc05fc76fe9500210688ff4a018d01e5fbe00073f8e2fb490121008302fb01b4
004c035a0194028a015105dffd820262019bfed5fee9fc2f0363fc9801890241ff19fdca041a045e
00aefc5a035900e7fce101acfd3dff65003d0172ff4dfad307cff9c8fdccffce04a601f3fb600571
fe7b02c523baff4328d31ba1ebaafe422118f5c5fd25075bf2cf00ef0ae02412fa53fec81b270b24
013bf43901d60001007a0240f19a0160e5e5fde0fe201b22e55d005116621be5e098009a0ee6fa8a
febfe8bbf1bd009d0be3fb4df409ffb5ec91014cff37e67bde4d121500f10123008300ce0c21083f
fcdbf4c3f209ffb4251efc0de7cffce8fa50f9670135f1adc6b918841979243204e0ffb0079cf0cb
fcc4f628fa44029f154afa06ece0fe0905720efafd9ae1f0e671fdcafc441984eda60182fdb80822
ff8d03de03c9fd18e4baeee7040800480576f459fefc01b1fac60680f343144efc90fedcf770f417
f9d20bd6fc850033f42afd0708150159fdb2017eff1bfb03f44702e0f55c083d12d6ff8204e7ebd2
fb1ef9adfcbffc67f4f40713f11b00dbfcc2f505fb99f3d3edaf106bf3df008303d4002d1429f41a
fd62f49a076cfe5f030907fc0164ffb6fd9a09a70104fe78fcf7fc2ff8ee0013f6a5ffe00b03f126
01f4fdef0373017c1a02f7b8060cfd9d0bc50967fe29fc39f4241483039616d8e66701f50099ecea
fb32eb1502defd19e592f2510ee0002bfbf8d9d1fea218dc07fd0cf507ace2e6fe80fd0c0f7802d6
00600246fc9f01e4f5330295f033fdcbfaff0b7f00870b5607f2060aff21050708cbff20170bf0c8
fb57f441ed46feaaf98ff875f8f4002408bcf863fc6dffe10f26fec10543090efead025307a5fb44
fea80644eea6fd2d0ba3e566fc73016e030afce3fc180b6dfd05ffa70b000ae8fd85006502c9f693
ff89faf7f5a301500923f8bcee7dfdb40706ec84006eef08fbd60718fdca141ee3c2ff6efdce0080
fca9f9180441fd3902c304e20616ff15ec0ff4a6007f096104491337f48df0c4014f00c9f9b5fd0c
fe960c8df43afc8cf4adf41403210090f49a03c8fc2cfdf903c30c11f5ccf4b90668fdedf7210546
fcc10210016bfecbff12ff85ff5800a5fcfd0ae400ad012bf629fc0d0867f38df1defdf3ec1710d7
fd41fdc5fa40fd98fbc807f3f02e04e70fc2f10ffecff74a02b6ea4d0383fa5bf71700d2ff5ff9f7
026bf1bef95f02430505f00e00aeffc10242f05700c0f16e02db00280ca70846eea0fdd8e849fb19
febb07c01f5301fafd5d05220677feb7022d1356fa9c0bdd0be9fcb30976f4e216a800e3fc0e0554
ffe30b190c83ff89042d04ac0fd8fbe5032e1281012c012af16bf18f083cf6c0f966fee4f86e1bcd
fca9f921f9a2fe8bf3e1f69b0e5cfcb613d00a26feccf7aff038fb6d1454ee5affeffd8e006c10ba
fd61ebfa009c0104f30bf85e1004fbd104bb02630185fbbaf3e8015ef467e6ea0543fd32ef3b0b39
fd99d4a4f53a00bc0a01f3100361ff310bf5ee4ffbd3fc410ea7eff3ff55e7a3f87bffb2ff560568
0148f42efdcdfd21fc39008dee73fdb3027cead2fea2fce20aa509d6e37f26efdd3101471aa20bf9
fb8dfba40405ffdaefb108d3fa03fec80e1804aa012af99000c4fe9c08a7078e01e6fec8fa2ef0e8
fed701e0050dfe2e1252075aee9300370db20f0afe1ff726e078f75e04c80d531858fef90632f8c8
fe55fc23106dfc5f09e9f8a3078efb7105d9047aff6e1feef60bf98f00190c79ff92ff982064f7ab
fd5ef03cee66012409e5e2ab10a100db0f9508a3fca21720e4ddf52ef747f41ee7ecffb21339e819
fee1f78e0631fddf0f4be8c0056c007af3f5ecaf004e0e91096718f709aaf031e8adfc092068ecde
fa8002e9fa67fe80f8b2ee5efc1dfde1fe4f0dfafcd20c3e051601c5030bfe57ffd5ff2c07ffec99
fe68fe9fff85fd000157fb5a03610086f3d5fc48ff68fda6f34808d6fded0f190f48015e04abff6d
ff1c035cf92a000c00e7038bfd2ffd49f4e9f49afc17147ae53000440d5c0d62061bfca1147be50e
0195fd01050ffc830ce60179fba1fc7e1cf10cc300ee07b4e630f6be074827e5fa0601890e3eecf0
fd0e083df31700300d0eecfafffb0043ebbbdc6cfff31573fa3d0d33f902f58e0052ffdcfe66fa4d
fbb1f509ffea020100b5f8edfd6bffe7f64f030cfe97fbe717fe08e5fad7f62c0ad4018cffbff2de
ff54fdbcf490007c0172f907ee6cfd4af92405cffb6305d60111fa75f680fbfcfeb3feb0f8860419
03850301fe56fdb5fb31fbcaf2eefdfa0d4cee00fdbdfd1edfeb0e0b0a4406dcfc1dfd27fbbdea5e
fff70092fc86fce810870f7400f3fffcfc680aa1014cf938f24af747039908d8f99afd540268f98f
fe170fa0fcf8ffe6ff9407fdf7d0fe4f11340477fe010e1f09a4278bf4cef6bef8a5fc08f0bbffb6
ff8c09da0e14feccf97203bf0488fb9209b520fcfe2ef7cc07ffff79ff9ff29cf05bfec5fb8d0603
ffdcff9af5fcfe79eae7faed0f11fb4e1b4f00a3fab9f4baff040d7b0fe1018b0001ff24efcc1529
fdfe04c2f9f301cc00590ee112a501951831e8dffe730493ffe6e7280c44ebe6fce8ff89df4a1262
06ccff8d08fbff2715ebf9a909f5015b002de930fcc2ffc4fa8a021405bcfc0fec97fe50fbeffcea
fb6211c7f58effe2f747114dfba5ff0d0cc5ed06fc06100e1b5f0eb1f009ed61fda7fc5ae9bff1b9
fe12087c026101960917e59e0340fd7c0420f1ceff97f982fe61dc65fd98dbbdebc0014ceed93335
008cffb6f0c801e2163bfd5d141bfedbfbbfffa7fcb4fffef53afcbc030cda7e1334fc95f0150e50
00b6fa7bfa89002f12cf100709befcdef839f75bfd56e731fffa0687ef70d82f1dcbff89f0911ae7
ffe4fe60f0f9fd15fb730f8cf6e9fe4c116ddb52fc8003a3fd3efda6f056d62bedc2013f0d9b1472
fd9afc031226fdc5ff06064bfb2eff780724ff9cff9ffc98f426f5d70db40bbbf0a8015d00b1f7a3
006a0046114f021af59000221187005200a501ebfef6fde5f946072d085cfe600b3ffef8087af361
fa25ffc1f85202a4fa4e0c6215adfb8008ae0330ffba004e03cd0002087406c304eeffa702f0f8ee
fe0ffa43f60c00e70d84fbe919f70088024ef8bafceb0095fad9075614ca02af0376fe4a01ee06cf
0113f28f1323012605d8fad019d8003cf672f78dfbc904ae1702f3f9169f0c6e07df019eef04f875
ff87f6b7089500c5f9adee3dfdf1fd56f89ee67fff020b29008c12690bc5fb30f653fe8e02800507
ff5b023cf9cbfd98f744f08e0ad9fdd804b400f4fddd05c3fed9ff3a0d1d006d03ba011a07050497
01d8fe76066402750936fbd8064bfe0dfa2401affc55feb716e0e4c80afff5e40d06fd55fb8dfbbd
fc4bfc96f39ffdca0fc905b1fc90009cead6edceff3805ae0a2ee915041cf1c2144b01c6ef8b0a35
fc7706b41099025d0249081a05cfffc8ecaef9540206134600dff128f44806c9fd1dffe1ee3afd9c
fa1df9460496fc740069ff3f039afc0bf05ffeb3ffdc10b901090f79f78fe68001cffce001c9f3d7
fc41f6a70ccf026f027d01020528fd8ef3e714ebfdfd0079027affec02b2e7d5140d005b01e6fd9d
fe5f09290280009f05460f4ae87ffeb2f8c30848fda404370593ec000786fe3b205c00c5f2910962
fbb1fda80495fdaf15aa0b1ce34efd4e0b3809190198f627e81ffce505be16450d5dff70fb11e41c
fcffec2a077202911032ee31f151ffc1fdb3023801dfec1d12611642ffd81cf703fbfd30f33bf65e
ffacfd000bf4ff25fc8a0579f496fd71fda008bfffb20920ff6001f3fe54f9ae0795fe9ef7d7fb94
021509ea075dff70efdf0d71ef9cfda00474127efe92f93d0aa8f060ff3df8fd055ffceefb3701a1
00b80c4dff0bfdcdfc041206fca6fed70e2b1162fbf1f676fe65037eeedcdf8c05430043f9260afc
fd92ef8e131bfdf8037015f4fdf0001cf77618e3ffa7048bf13bfc70013e0586141d013a0976f52c
faa9ecd00d72fdc6136a0623027802afdd0a0eceffcbf9ec061704671437f0effb3501200ac604b0
fdeff2a2fa770093efdb0342ffbefbe5fce5f980fb710ecd0d58f2d2061cefdffecbff9f11ebf238
ff38188207edfdc20f6d086a0b1ffe02fa960c63fe26f950049ae7f00d68f67c0e3efded12320823
fbbbf6c2f56900d2016619df0fe600fdf198f9beff09e0360ad6f91600b6e5c80b01008702c103b9
00e1f61003b2fcc8f27900b10300016cf05914b0febeea53fb3001691d68079418cdfc62f270f5fe
fbccd07bfeb60078ed290762fa370029e256f8a90086ebd402def116ef10b8f536b4ff3cf9401b66
fdf6f17ef58401b7e9eefe410167fecff977ebf700f7117d1b98e32ad8f9fa07b7cefc54f7740b63
fe01fdaf06b0fcfd067005bb08a4fcc70d26f135fcf20f3e08ddef99f429fabefd1d01560227e4f7
fe7a010102e3ffa3097af90ef12efc81f92007b4000a09830e0bfcb5fea009a52437fbbe0e7bf6a7
fbac069efa5b0195ee3bff66f27eff6703d5f70ffd85006902c9fc420fdf1255fac3fe90fa0dfd7c
fe1cf6a10699fcc3fff3fbd6f5d101330fb30565fd540d29c27d031cf7d410eafbf2fc81084600c9
fa540ad30a5602f4ea2ce080ec0d00a9ed24e5e90179021306700299fedbfb73d605fc22060df8f3
ff1cfe74050b0045095d016ef334fc5c0a4afc4dfe650d6e11a21418052807feeee8fca714b1f249
0174087d026dfff2029e013dfadafe2eff70fcf0feb0118e10c10e6000a1078b065e01a4fe8ffc8e
ff920aa8ed7dfd2df2f1060e04b3fcc60f81ff740015fa63ff93fff500801211fd37fd36faff0476
fea301f5fa4a00a3032f07be065201090bff0ad60110001debeded31fe35f53c007a0137fb0e08d9
00dc138400e2fe68e9dc0bc50178fe2cf915c2fffdb31726f9fc145a0e5ae882b51efe29fecb184d
004509410f16fcfe00e205c4f9ed01430309ea19ffa01543ef3a00c4fc87eccdf8a600edfd2714e1
fb0a104b0a3300e2fd55fb7d0e6ffd3a0cbc0c98fb8005baf1af0157fa40084c0b09ffaa00a81183
fe3108e102cdfcbae86a05b8fab200c40f40fe7b015600dff888f42e06d8099d0069003e06bb02c8
004d01940d270235fce600e201d803650233f00c006b0644f317f5eafc490b630a58fd7bfe63f7d9
fb860537f89ffc70e64af51702ac01a1ffbdafa1ff9b10bb013822370300faaed213ff7ffc0b05f2
008af063018c0183fdabf411f572ff8c0211fc580084044b0674f48c05c605b6f732ffcde71e023d
fcb40889098a02b00343f57f070f0148099f0397fc6a034a0b8bf9fa0bf7f5b910b3fdebfa6a0be0
009e02bbf4b5ff56010ff1bbf8c502e80ff50ab0fda7fce308f6f0780a740035045202030e52f638
001bf819e8be029dfed3ef93f125012511af0727ff7206e9f63bfa83001ce228f615fe6efa6bfbf2
ffa3edf90b6eff75f08b0848ff01fba803b5d2e4ffc6fd28f73a0cfef082ea15d54c01eaebf8f25f
fd98fe890145fcd8fe170bfeec1ffd5df002ea1efee204ebfba5f8e501f411a70151ff150731f926
fe1c12cae7db025af371fd3b0d6bfd280e63ffe5fb84ed5cfd7de59406bff52a03c3fc1911d616b7
fde80185f1420108185c0895004afe6f131f03d300eef750f389ef660ddaf5fdf2b001c3199df3c0
00c0fd94fb7f01d8ef1a12fde891ffdcfe77053bfe64f77705350efddfcfd4eeecfdff7cfb2e0148
002f0211fc8e02d102bdfd3b0120021b0324ff15ffd102d5fd35fde1fba80298fed900bf0211002b
fd6a02830039ff0eff950397fec401fafdad03f9fe44fd4d039cfd7bfc22ff210057fd19ffb5fe48
fee9031a0620fe3800aa0197fd3401310279fe7502070081ff6200ca01c6ff6c003e024dfde1fda8
fdbc0317ff88feeefea0ff530454004202ba01a9fd230093fc34fbe4000f02d1006bff3302200058
fdfcfe2a009cfe0d00e8048905b2ff42022f0807fd210481fc54fc7a0204fd3f087701320248fb2a
ffe1043201390117fa22fd90ff2f00e50202ff82ff9000bbfd76fdafffa9ff61043f015701b300b3
002afaccf88202d4fbcefb7501affe23013efb04fe880512fe580104001fff70046ffd7401c7ffbf
027c030d011dfd0dff8d0040fe2b016b039eff0dfe85fc8effa60054feea0123022402b5fa0ffe48
0060f9fc001c02d0ff59fe18fa88fd45fe35fd88fdb004240441005fff9801b305ff00c6fef70588
fdcfffc9fa97fd4200a1fddc02e1fe070525ff8900a7025b0086fd4ffe0701ee03d6004904c7fc46
01640024ff05fd49ff24fd77fe15010e01bb0131029ffd3eff73fbda00adfcda02a6032700c7ff9f
007d0193fd6d00f3fb90ff72fe4cfcce00c80038fde6fe7bfe8c010a0420025600e40166003a00e6
022f0541fd85fdb3004902600122ffb603f608a6fed9fa3b02d9fc2a003fffbf0085015006f902c1
fea604a6fbdf0309fc83fba2037d01d106e8fdb0fd94fc5bfb12fc05fb0305b8fde0ffb803f50185
01fefe6ef92e0321006af7c203c601dc0172fa01fd0404eafb4aff3500ba008108ef010d00ca0031
fdac0239ff520317ffae001c00b50054058c007bfed4ff81fea500bcfa8c038eff5100cd0665ff00
01dafbf1fe67fdebfe670115004c016e01ec031202fefcba01d2fda4fbb000800197034a0361fd9c
feb1fdbffc8bfd1bff9bfef9fee20213036701ce0266019efe6200affe1b031a0220fdb605d5fb6a
01b80b1bfeaffffe00f4fdd8f99900bb0068fd8cfec10397fbef04e1fd0c061404ab00dc014c02a9
fdba00860013017204fefdc00062ff9fff7a01780159ff470052ff6b03cb02f904890127ff7cffd0
02a60440fc9cff11004300b0fbb7fd59026d0029006cf92500b3fe85fc2301590163fee4fffbffb9
fec30051fc83fe6cff62ff2700500025033b046cfdb6fe28004300c7fd70fa1a049b009c0114fc29
fe27fdf5022800ad06ae001203c8fd870281008200720117fd53022502cafe810779fdb1fde701d9
fdae0113fe78fee8007e03bffc3dff97f9dbfe96fe8e0496fffe010affabff3e065efeb9fe4a01dd
02de04ce0221023cfa51fea10032fd8dffd0fc7a028603e3fb46ff72fd3af8c804e7ffd5014afe90
fc66039905c00012f662f8b50ba6fd0d1810fd30fc7f0f2c0d1bea0c0004106b00ba0194ee83028c
ff5a0de6ee3c0064f93c07ab03befc0df028f88efe69efc30e2f0347ed8ff958074e00a9f5720599
fb76fb8cd5bb0253fb67fe0e0ccafdadf7b5044cfc9ffffd11e7f92f0d190610fbfcffc9066a193e
f922fc78ef9ffccef8b90ab0080a00e40267f96bfb7c21ff12cfea9dfdd90f600aaeff690af30ce9
fd14fcc7f8defe9bfd31064a08ccfc780dcf01f7fc6b11da09e9054bf4d21850fe46fc4ae85e1304
00bb01c0043e00caf6e4f27c0af8fffdff56038dfec8ff6a0b9cf87e01b2f8241094fe69f6c90947
fdd61be50b3801820661fb42febefcfb03e9ee7cfce3fae50997ff6b02f21360f57dfdd9f2e5144c
ff0911220ae8fef3144508f0f72404a5fb27ff22f9dcfb630a12fafe01c402130556fd82faaa171a
faccfe0f076902a10f3c06b602cffd3ffff7f47f00b90864fdfcf7d1d5f808fa0a27fd80f1e70bf4
feb2127cf6f3fd6202af0db40844fc2d16d1fa56fe1b0fbedf0c0e86f586050e0450fe6efc771b44
fe63053a0d3afc58f2dcef8cf06dfb88f963f8a8fe80fa10f7c602dff761e6fcf693fd8807f80e80
fdff0a2cfe9ffca5f1cef673d8840094fa520970faf0f6530eb51380fa4bf4eff311fcd4edb41180
016df720061301dcf54dfbacd48dfca5e900f206ff9af2a0eefa1706030d0eb001f7fb5bd93b1089
ff55f72000d001b6eee6043a0fe3fb98f607fd45feb115deed550287f5f4eaa60ddaff0ae4bc042d
ffbefe7eee92ff8a09b6f511fbc7ffca01aff37103c5f420f74c02a2084908bc0625fe0f01201036
ffbdf9d6fb45fd5aee31f998f9da00b7f80402a3fe820762f3bbf9bcf53a0c3e0413016b0e92ffd6
fcedf592eba10187f03602b6e256fec7fca9f802fb4b06b1ff01071b029a12680bfbfe66fed3fed3
fd8ae5d0ff5d007cf877fcdce6b1ff89054500920073039d024f01fae96dfd950b5afc41f155fa2c
ffa4fbcff4a5fe27ebd0e15fee94ff72f48005eafdaafa66179701d806a2f488e454ffbff33dfb39
001eeac6ff120243feaae8a7f718fdeb1090034a005a0ccf095c062dfb73f916f1c0ff7cecf208cf
fc89e395fb98fd7af0c7e8a003f9ffa103660f2df9bd123ffce3ec56fc1ff7a2095efcea13bb0e7c
fe0e040bf68efeaaf9e2fdacf58f00640749025dff6f0b2dfbbc00b8eccaf644115efd860740035f
fcc7ef350f3cfce9f88dec07e82afc2100130d30fc33fa65f618ff98f33a0486014fffcc2157fcc4
fe35f618e56401be004be81ce181fbfa03defa30fdaa0b1e05b1fcb7e2000248e18300c8f8e11713
0036e9e90b4dfc7fe3b7e152f35b00dbf734ec91fb320fb10c610090f64ce8d8e348fcf2f52f1df0
fb350d8b08f5fcb8022106fef9fb000ded16f71d012ffad40c50ee5aee4cfc34f891fe7a0694e92a
fceaf3bd1aa7fe790617056dea08ffbfef3ffebffeea0f4ff1bc106f10220094ff7bfbe40a86ec8e
fe7607320dd9fd9eeea8164dfdb400a2f60b072200db053dc938fdbff8aaf993089400621931ed48
fd26fc97fba001c80ce20917057ffd9ef5a2fd9bfcb402f3eb540e08f8490963fdfefe3fffa1f89f
ff740ef4fdfd02421d9c0b3df486faf70e800c3102ec0a06f2500c0d07190359f3b9fcb601210987
fd9af7411716feeee03ffbccf13efd11fe1c0a07fd5305b10ff1ff4efa9a040f04dc002d094f0816
fda0eb5b0d96fe030e7ff940e814fc39025603e7ff621038fa490e91eb0709e8fcfcfce2ffaaedbb
fcceee5a0217fff8dfdfec07f37afd4901fbfc04fa0d11daf73c011cfed408830a140027fd08fb88
ffcf0950ff670176f6ec11f207610221fd170392fe3ff571f80205661cfa06af0713fec3fb5ef217
fa860fce0b52fffa08db085306cb007401ac0ef201a6f61f06a3fdc114470476edbbfca9f487fe6c
005bec9e0a23029b102efb8a085afdaaff350b18fea6013ee2fbe55a08350969fbd5fde50619ef7e
fd22ee36dc27ff0eec82e0f8fb0efef7ed8af7500071074f00ddffa9f29805f0f02eff9a0cfefc68
f976f7cae145019af633de4c05510073ff71fc0efb060abc026b0111f1360329184eff3a06e70610
01130fc1ee51ff260a2deeb315cffbdb1c97f5b5fd9203f6f4b4ed32f84ef75a0558ffe203290506
fd10011ffebaff9cfbd0ed2b09b300ca10e80ce2009d02c8f382efba1318ebb0fa73fe560a01eef8
fe26ed77fa1a00610f08e7cf044d00260184ef2600ad0bfd079e0fc00531fa3bff8cff43d9121a38
fd3cf08bfa7901df0f91f7931671fb6cf771f14dfe871532e935029407c1fc72033ffe62fb78f435
fb99043df257ff15f7c8ff321e75fb51f3f60398fdcb0b84fa6206a315eef6b4fc28fcf00b57f8d5
006f1134fb9d0125fbdef20a113800d4004106b1fbf202e20e81006cfee7fa000081ff1e1c420b66
fc26f9d30c4efda00353ee73fe3dfdbf1b6ffe10fb0907c30296ef11d973e84104f10205103a196e
fe72ff450699fecb0f990dc40a1dfb4d0cb6f812fd820f0d08a5019d0bc70b46fa2ffea2fab710ec
0105f7c900f4006ef0bc010cf881fbee11a0f7b1fe2e0b76f2f60b12f7b808641239fda5f42cfee9
fda3085a05cffe91d84bf8c7f62bfe2103000dcfffbffd30066412a7f561f1c3f57ffc5c13cf01ef
ff4211b5fc4900b201730287f52c007605a30c63fdc705a204790cd5079e00d10a9f000cf9590b63
fdc6078ff663004ee647151fea13fda004780e3efd9afa5a050b0452f578f44cff50ffc703551528
ffad0ab703b2fc5d01fd0044edaefb9b1385f270fc0a071f1a77f197e5eef23af792fe4af129174b
feeffb5f218fff9014aeef93fee9fd3fff7e09b1fd76ed751260e933fa29f2aefb720137fd9c1936
0019fb5f146e01e6ee2807fb1e26ff7406e20c69ff5e064000c0f45dfc840a69f87efd34093af40c
fe4303521274fd58fa510756faadff15092afb5ffddb0718cae10413f3d8f288fadd013d01890bfb
fde21531035efcae1bdf21e709b4fbd118ef03d6fb4dfb82bb8ff1850697f3521c8d0087eeaa0ebe
fdbef8301252fe2401b4f37e16c3007b001ff9a3014d009cffe0f6ff01090361ff3effd50cbd0ce0
fe42fe5d1551fd1b07adfa45f9effd2ef7ce0793fcab062500da0467086c03c30497020a0c1decce
fd9ded980b8ffdf7e99804d9f481ff25f5c406b7fb7800dd09ed004df94005700f14fc7f08adfac0
fb7ceddf14bbff50036f167de561ff58ee4ffcebfc75f2f2ed3803d101cf022dde70ff350b4702b6
026afaaf0862007b01a011310fa4feb7076ffc5cfe2c0117e86bfa970b2df9640681fd14134c07cf
fd2af44efdd3fdc5f74ff2b1051eff84fde8eaecfde309cb00d0021d069ef4b1f5db023607a2f3b2
feadf66b0595fc921384fca9f3d6fbf30c4a1294fe1808600d5f02c0056e09b91db0fc8d0639dc85
0555f0e9eccb014ceecf020b0473fd2ff5c7ff84fb360dae2080f8a4031800ce09db01fef836f72f
015efcd9f943fe72fe8c0e05f247fd3cfc8a0eebfe7606650fabf3bffe2df6d3eb8b01a4fa12ffc0
0238f4040706fe6dee94fa59077cfff4fb99e3ba00bd0a33d9e2fbd2070c0661f40cfd6926e4f642
005805d30102fcb50533fbde0593009b02c4fdb8004f0dc9022200eff914fb83fa26023d0428f5d9
fe49158bfe2dfc5ffa8d15e4f961ff92f8a20e36fe4e0b40fd73126ffae0041ff89900bcff45efcf
00661d8f125dff1106550041ff2e0112fa5a02b60058fc59f994f651f8bdfaf3026400e7fe5cfd3d
fee50a5c000afd92f22101bb12b0ffce02f82778fd5ff6d3f8bbfe72d97a0351e0a502620dd404b8
fd79edcb03c00063fb19fc39fe9b008ff1d51a2efa700304006510b8f5a204e7c836febffdaff1e7
fc8400d5067ffe8becb5f4affc7dfe88f59dfd84ff340566ff7e0488fc48fc74eeb300b6fea4f4d7
fe761bc2fbc3fe34e2100886ff0d0013fd840f9b0189faab07c304540ddaeb2e0581ffbcf71e1525
fd1805fdfce60084f06f0ed70689ff6d094a1001fcbafdf20ab7f3ea0a6fea3b0db3003bf133200f
ff34031d00c700b200a303c8f983004c11e81676fd5ef85e12aa009bda11006af0e800cc03bc0e8f
fd53fa31208f00720cd20620ed7bfd33258810eefcfce244284205f3fdf7f3eec09d0288fb780667
fe10f4f60203fe7afe250252ef53ff39e85de859016d08040e41eb65f8a802fffa08ff4f09d9ff5c
fcb6fed5031e00c5f32f06f8d4ca005606a108c4ff4811cfff62fea707c8017617c5ff2d0f3fe9b3
ff5a05830dffff35f26ffc87e9d3fdbdf8111162faf2128900700f1dfc6b01b00aa9fea908fcf060
0054052ef61ffee6e4b91b0efec5fafb06a702d5fd88f6decf8e03c7facd0d35f1d9fe150c4b0847
fe290429fc12fe7d09de172e045bfd991161086303da00cedf36049df5eff9f8fbe80150f63e0f6a
fdcc0e01021afd93ef64f1e0fd5fff4af824e827ff7302850576ebcdf5ef0bbee8a8fd1806f10b4b
0091fb4a045201f20378f85ff979fb31f973fdc1fc7815bb05290b1b07890b040381011c0ad2fd22
0116ea8107f7fc5cef3803100f7cfde801c8fc3afb3311e6fc280546f667185bfde1002806ccf1b9
021c097df02c02a5e9ff18b4ff35fc3105410770fd04fe82f63004800fff14900105fef90823f060
fe4c11fc0691005109db08070acb00170aa009da0364f4d5f097ec8214c508c005ebffdc0bf706d4
fe290af9faf400d9f6c9e0520273fc77f7a3e367ff8c057c03b010630964f4a2d897ff7c0035fc04
fca9f05d08080189f6a5f7790646fc82f542f76c003f11effd8913000818f9cdfd82feecf8530bdf
fdde0d1108820206fdb9f5b0210efea7f7f20221fd1e061d04a8f9a215fc06ee0f17ffa3155efe19
01d0003be9f6ff80f63909fa0937fc120ffbf663fade066aff3bf6ff01e200ae0dcdfc20165aeb0b
024cf8c700befde80185f621eedcff580faff9bcfeb407770d12002fec37f60ff8d2fcd000c2e792
fb2806d4e5edffc2fdf7fe5dfc38fbd6fbe3d7f3fb8b133d0c6611a6f704eef101140210ed720383
00eb06ffee1cffdf06e4f99710f40097fd88fb7dff8005bb09a50be3f899efe40295fee3f37704dd
ffa30105fe3a023506c8fa5e06840110034bfad2fe7cee1105dbf967ff8ffd850fec0029fec312e3
008e06f005d3016f0217f2540e3cfe7c1a1e0624fe97ff420149f545fb48fc49fbe1001f083cff00
fe83f5aefb5eff86ed35eae4f604fd0c12421256fbd60945fe7602c1ea230123ff6a011c0d030015
fa0ff58eec50fe78fbf5050218500048f6d4dab2fdf508a4f7e50c01fb61ff68f59e00cbe1d6fddc
fe9e15c0f5a4fcd8d7070c99eb0cfc6207e0f356fd79f83c00cdfb450f6203e4e521fed2eb2a0aac
00e5fbcef454014cbf93fda6f15300480ab305c800120674fd98efadf307f6b30819ffab0f301697
fdd6123c080b00b4fc9ffae80d7100a50f0706adfd5bf478fe05f7c2e73e0ec4ec0500b4f9fd1013
ff8dff6102270124f17b0342fab50086185affac0148ee9706b406f9f43df4c7fd370034fc1e0955
faac064c14d8fdef0692f132fab4fdd7f7d8f355002a080ffed1fe72f83a00bbf30efe0eff62f936
ffb30155184ffcb5064e0ddff9c301a80054fdf1fbac014ef69c0c62fcdc0245ecb3009b13e6de65
fdbb0b880bd2fe290df8087b06000051039af42bfdf2fe99016f0d99fc7afb46f732ff630c96e2b2
fcda10310fc801ec0fc503efffbefc000258f4e0fbcaf3c103190314046b03e5f41a01f1fd98f312
fd5c0b7f12e7fc980b9f02440093fdb90a2bf748ffc605d80da3fc4910390e2af0c3ff8709eaee73
fdc00a8c0a2100b1f152f77fe80efd35f5f2043dfc8d00fffbe91c51033dec84e9e300c30c1b04ac
fa73f308f56a0113fe520200f2b9fd2e00fa0a2c0165093af5671718f89d02210050fe3f1244f442
fbd0079cf72601a0fda4f6f508ba01a809c8fdfbfc45094b04b50a20013508b51336ffa9fc9afaa0
008e0a20f9e8fe31fd25fd86fdd8fca60294f431fc0204b0069903310e8e0adef86dff3eebfaed11
fd541683fc2b020fe42bf7f7fa3afebef679f8c9fd8cfb971cfc04730bab0271e882fde2fecf06fb
0019f81fef55fc60090818340502feddf24b1db400f5fc73f25cf3e9efab02840da3fc9901b3047b
fdc2f5eedce9fc9011330674014e004d0071176001d30359e4f5019af89cfb2103b2fe61ff51076c
fd9d0551fa49fd4108bbf59e1285fedd0af2062afdea09c0edf708ba11a4fd0bfe60fdfa014903b6
fc0b0c50fe5bfdd90c9aea0809e8fc8418060238fdc2eec1eeb6fde105740bf9f489ffbe022502f9
fea907fef5f5fc6bf8ebffd9f47cfee710e305d9fb12ef160c130b2eee9efbf4e1cffe0ef8930381
fe37d1c306adfda404710183110400b1005b0d8ffd2affb2090b06ca0884f62b1b630009fe6f089b
ffeeef94017a003dfbb8f0760431ff53f177f234fab602bdf2dfe78d0761f556fe8a019ffd690ae2
ff60ff16f69b02770a79e63c020cfd50f5c306f8feb80a91f4e3f12b07acf44011b9fd22f7e30aa6
0006ff04ff21002b0dd0f068ebeaffd1f87b030c0182f10705d0efcc030800640e1302e7050b13b1
fa700cc3032d0296f1e50072deec002cfc490a9ffb3fee90f727f90bf9910506ebe1fdc0fecf0486
fda1e3edf7ab0003025e09cc178cffc5fc64f03efbe115480618fe69069af726f538fc0bf2b51445
faacd900fa18ffcdfa7a0d6b10a50050f809ea4eff550639081100ad03bcf46cf343ffb3e15204e4
fd5ef25ffa8d0129ebd212caee7aff57fbc4f7d30055ff5a01ec01910834dd7904f201d0fe73ff20
fa97f5bbfd300142d5591957f6caff6cf777068a0064e662ffe9f7d50e44dbcef78afe83fc3001a3
fe75f6230eb2fcafc43d2b95efbdff96ebd20777fec4e60ef2fe00ddfe7ccef4f5360301fed60786
faff0ede14f50168f01df78ccbb0fee2e759182b0084fe1708bfedf1fc411b3ff45dff14f2600d80
fcb3061208c9ffb4102609dcf205021806961588fef30c0beb4e0753f96b0caced55fdce12c5e8c7
fc7afcdf04560296054102adf95ffba8ffa611a5fc3cf2f1f863112df1470cfa024f01531169ef2f
032a00eb1220fe030d4e07b4f36fff26fe251c7ffb9b05a9f21109e90029fb2d096300270413ef5e
04f609041718fd000f920331ff57000a09b80738fc481779f2b1fb66177f0661120afe4d0f3ee2bc
fb3df25b0332028c0054f5fd0307ff2aedb20e4cfedbf655fe3df029ed9701231846fd87f26d019a
fa2cf26f08f001f0e9c300bff0d9fd9d06350de8ff6ffc70021cfd57e6250422134fff68fdbac9e9
fcec04daffb10089f9fc17c50a47fc3efbe9e6a5012deb681202fcb9fb560c0be9b6018efce4f573
fbf4083f0625fd01ff571c770f09fba90347ef7efffafcbb0dd8023608b40e92f547fd0dfb020cbd
fc2e0f1d179dfe6dec00072614affce209f7fbcb007116a61cbc0f5e19fc1044f78bfd05e6a906cd
ffefe30307e7010f04b400811376fb970114280e006ad58107fde8b0fd0b0995f087fbdc0a020426
f9c8e9d6e4d5fcc6ea4ef1d80649fbf502d30a47fe4e056d066c18bae83e056bf72ffe1d26f5f7a6
fb5500bfeb7bfd3cf169fed70e98fc761a47f987fa2414cb0b610bc4f1bd03eefc6ffbb710440723
fbca08abec84fe5905a1fe2c0661ff7aff7bef1bfed9ff17f9ff0ca40d1822e4f45cffc0fc87fdf6
fb28201df8c1ffa3f2b3fc260b920048062c0f310250ff0e00e808240036139efe1b00eb0bb31844
fdc7eadef921fc86f8a5f7ce0f39ffa6fc300b6afda7f484ecef00a6eed9004a0688fc6f18861a0e
ff76fe23ea72fd66050d00fc1371fdfb06fb06fc00c2071406060ef9f9dd00a103ca000b085d05ba
fdd10e97ea8afd4b10e3047f019bfcc605890af3f9e7fd8a0fb600d706251661fb18feda1707efc1
fcbc10deefa3ff48156c0fbc1403fe4dfa970cd7fe69f57ef03902c003df2cc0f674fdd611b60dfe
f9cc24daf83cfd6d106c20470561fc47f9db01c5fe93f17af5cbfe53160b1e4700cdfc70fa86fcb9
0072ed850bb1fd4e0af9110f0811fdd8f58a0995fd7efaf40517fdaf101bdd8f022efefd0ab52378
ff32f6fe0185fc9403d60a840226008d0119ff7afc1203a4f1380c1a0570d71312c2fb95e00d0f54
fd3a096b0ad0ff6cfb53e7a9f65dff62fd38f23cff10032b0373037d0b93efb40c29fc25e6610170
005509e8068afdf3f18dfb7cfd46fbb5f959e764fdbcf8260a23f19c1044efa20824fd07fb87feac
000a05420a68021bf38c02a1ecc200abf8d1f411fbbaf913049df91a061ad287faacff8c028f102a
facf0b4e0c81fe35017c0594f565ffa5f9de00e0ff12005df9d9ec05fd5c115302aafef10e66f04f
fb750d851ae0ffa6f694035ddbdbfdf3fdbdf677007f01b0eb1b05a6fc550c76f0c4ffe30aecd755
fc620d6a0b43fe1c0c480ac2fadefe0903c7ff5701200428dbe913e2fac90c83ed46fe10146ff079
ff1ffcde09a2fc5d0afd14c4fa6ffdc104160721fe8af064f367071e067cfeb7fad9feac0ab5ec17
fd480cdb0da000e316c010ecfff800df065a12d4025004fcf3c1f93506c8119fe582fe80009bf683
fbdb0bd8182ffc66064be6c9ff6afd84fc1e050e003c0b44026b13320d17ff4bececfe9a0d420041
fc1f00361c8effb50682fa56ef79fc23084b1470fb1406d10aea1179f49d0c54eaaafd0e1015ed93
fe4d05ad0c6800f8041b0686e94dfc700d7e0ff7fbb3e62404bd0b47019b0625fc6cfe800712f2f6
fb21105a0297009e142bed16080ffae3fffef552fbc9f1f10d2e056c034a11b5fe3cfd45fff7d574
ff4412dd0ae9fc780d00eff0f3d4003dfcb8f9a6fbe3f0830f1c119e0bc11df1e676ff0afec1efa7
0078008e00ff00c9052a041effdcfb6ef9b21a230040fddd05700868f360036ee8b1fe8b0196f0f4
fa9f0cffcba2ffe503660846050ffc5900db1db8fbe80d9307e10a92fd4fee3d026501051693feba
fd451191c2a2fe040f4fde0a1042fe38fa230243fe15fdce09b206f706fa0d1bf1d9fdab0716f29a
fe290b5be0090003082fdc5602affefd0adc044ffbd1db7805dd02cb02bd1953e0b7fe1e0830fb77
f9e60683e8e401bf09dc008ff51cfc4f0220042aff1aef7dfe220579f5da13ab06e10287f43b03df
0087ec1e2ab8fef0085fec0603f0fcf915adfe32fb1301fe056bee7b009cf53c0c3a015ef19a2154
ff54fbeb0679fecc0302013a034dfd1ffd5305b5fffc07c6ecfdfd45fc9be525e4fdffb8e78515cb
fb2503dc033c010d05ade8db05e7fad4fe3307e0fdad09b6fa82fbea135dfe6c0c63fd94eec9f681
fbf005691141022ef7a5ecd4ff48ff7bf28300bdff310db8fee003b10f33083e03e4fc650038fee4
fe7602ad0a8600490638f165f4ebfe07dfbeedbffc820f9005d4fd81043f081afade02070485f732
fb5cea6c05f8011a09230f5b1586fd4c025e01e8feadf88c106fee1d0d400455fa5efd77094a1955
fa27db55f81a0132ff7bfa0a0a1cfc31fc1900b3fb47fc69086cedd70933f726f7ec008df61f0f4c
ffffef4800d2fcd5fb4bfe2001ebfdf9fd1efd89006708f70ac5f3bf011dea38043bfce7fa900400
fc370f99ff74ffb4007c0594fe95001a0cd60506ffe2f92a081d0341063be8d202bdfd4bffb4fccf
fc25012c0125fe3e03b0026cf55bfe0407551036fd75f113f03e04ba1326e451e4dcff99f64e027a
00d3057afca8ffdb01321518041afeda1bfc1455fbb5f252e2210521f0a31e9eec5dfd590bbfdce5
fbce07ebf5d1fd140f6ef64416b601730d89fdd80051034b0822024304c2f82a19d3fc54fc2b009a
fcc20334ed2cfeaffdbe05eb05aafc77fdfc0528fecff47d0e800302fb5e0a331067005e05f40080
011d0b8ee9ecfe5101b803bafcedfce80feafb69fdd101da15b4f608099305b202c4fe16eff40dd3
ff0201af04dc02a00cf8fb8819bffda4134bfcdb00fe088314c8f12d0e970fa90271ff9c05bff9f6
faf30938f8dffdbbeea8f02af95eff6802e7e85efe2d0cfa07430fd9ffa2f816d036fd40fd17ff1b
ff3c19b2f3f6fe3af71703150534fca6f9fff046fbbbfe790a9e04710a69f7a6f35dff7dfae00026
ff4ef125ec0800f5f6e7057a039cfef9ee8efcc4fa78fa0d0f2bee19043ffcff0953fb9af797090c
ff1d0d9b0155ff3806fd078bf082fe4cfcbd0637ffc4f35108e2fc3af8b7fbb61d54fc7319410298
fa071405fdfbffbb10fbf98ff87f030e192c159f0201f3b7f396febadc380b1e0c4f002cf93afe5f
fe87fd7f0434fc88efa8f466f037fc61ed7ded48fd531859f0ba1574f8f6f5a30610fc96fb8d0455
fe71f331fb300001fd2cfd6ef6140066ff2ff7e8ff320112f63efb1cffef0719089cff7a03c10e4d
fec0ec670e6ffdb9f8dcfba6e9b2fc1efb760451fc5af3bb02850772f229027a02e1fc4e05b0fa13
fd64095008750202fa0c0177e14601531230fcf7fec1ebc3f07b1154f48002c70619fd860732ef66
fdb01c540210fd9d11e8ff34008afd44132bfb1d01b9eee4dd78f550010c198afcb7fce60248f354
fca4f64310fafe76eea610f000e7fc3bface05c7fd7f14e8fc940d6ef010ee84011fff4804c3f609
fc5bfe6cff5afee7f97e0205fb72fca3031a0bf0ff55f762fd0dfa7efa00f0d9f467fbf1fff104cd
fc7afd07fb16021cfa54f53b0702fc970f75039ffa69ea2bfec2ff61062dfe5c0051ff64f5a8fed6
fd61eeedff8bfc6d098aecc7faaffc2d0d55f53c002b01dfeaf904ad0749f97504b2019f0380efe7
0127e6550271ff6b1397e20affef00901111f234ff7bf524161e029905db037b041f013ef9d902a9
fffffd510e3cfd40f420fb570295fde0065ffb6efddb0fcb029cf033ebb8019805e2fee70ef4ff93
fb5cf7e5f0ae01b51047014d0eba015a017d065bfb7a0963035ef585f2d5fabcfb87ff0b16f60c50
fca2ed1ef44802881fbf0afc0a5efce8f34a13c20068fa840261fcdcfa00057901f50059e82508c8
fe3feef7fc56fcf10b3e07d9ffdc01e0f7d105a5fdf4ff56ffa209d5100bfd46f21d028a0665f520
fed2f599efb60229fd850692042700c9f69a074a00eaeb30079efc8201c9e36af67a02b7f45af2e5
fe2f1f240a81fcb9de6bec30202afe3622361050fe36d4b81cdcc9d9f1bd080efab1fffb0cac08ce
fcbe03930558fd2800bff4db1dfefc851741071afd16ecebf516f917fc110de7e91cfe6ef0b41357
fc59ff3b0980fcbf02ce1e311a2bfcc2007d1008ff42e0061a7e09f5017108740e6efd99f6bffbc8
fce5ee14e602fef903da16900286fe0ff8290757fea8f9a10dc800b1042c0149176eff0c05d5efe9
ff4306a9f924ff7aed720b91fce20089077bf8effb3112ccf56af399f455005cf1d200111481fc72
012302cd0419fccafbc90295f6fefce2f364ee10fc82022d00ca24cbf31a0de1ee21ffe00ba7ec2e
fdadf6d40ebffdd5fecd06440fc9fcc2fc2af349fefcf4491954f8ee0aa2f617efeeff47f9430bbe
ffb9074cfc6400a60da40cb60584ff42f7e4f507fe78f4e31d740082ff82fdf7034afd7ff54f03b9
fbdf029d05da003d03ac095beffefd51f60803dafa91f62b0fc0fea3f4cd04cf0fb4ffe406550215
fb4a0e270c76fc9604f8ff1cfc0cfe99042103f4fecd105efbe0fb95f397069a0c77028a0d0ff1c5
fa73037ff5fffd87f80cfb12dfb8fae4e3a0e431fd0d14a4ff981f94fc02e67df25801d8ee2e005c
fab90183fbdaffaa03eafb61ed75fbc70178fc440075ebfa08bffa11fe57f427054700480c07ff52
011bfcbbfb16fcf6099afb98f380fd1cf3830d54ff4cf285040d05c1ec55ffd91729fe2d00710ab7
02010961020bfe8e084e0137dcbb03b7ef1b081bfdb8ec1704d70e88ed1e07ff0b1effef0b93f0d1
fe8d14b6efd801e4ff980002f9d3007a13dd0068ff99f63ff5d90335f58b0990fd2400b6f582fe29
fef30a920d0700ffe80afa2cef20ff51fd78f0d6ff6b0af9f6610d0ef0e9fa240dbbfe1813a9fca9
fd0fffb00243fd9fffc11593ee79fb7606f30f93fa2fe87c047e000afec4fd6801d8fc9705110007
fdb801110b49fda20383018afcd2ffcd029d09910032eb1df89f0ad1fff306cc0652fdcce3111884
0147080e080a02840e47fdf613a4ffba0732ff650093f8c6f373eeee0f66062401b9ff67ed89f79a
fd8dff050564fe490670fe920b9c006cf571f15bfe12ee920f33035002760539ee5dfe9cfc7ff97d
ff8000bd0013007b0388f2620c3d013107af048501fd1808fac00547efc2fd48ffc9fe4c157ef1f0
fb61fba1f75aff2f0cb9f8801809ff4cfc4f11a6fe62ff3107aced6afc2500bf088afd8d078c0182
ff4f089af987ffa90abf02710a05010e03080ae8ffb40ec101680246004c00db091ffea204d60aaf
fcd5ddce01c8ff67060cf90d07edfd3f01760d4600b006b1002b07c300feef84f61bfe1f08f6fb20
fda2e866f509fe36006fef02fd3ffb2ff8c1f9ddfdb3f60d164a0e1709100381f5fbfe8bfcb0fe12
fe92032a059d00610af5077ffd79fd52fd8a026d0f210464fca911a5ee12012c0027012f128bfe91
f7e5fe9f065dfe7204160c27009d035dfcddf7bf09c107acffe5f58cf022f73c010dfe4910d00032
1421f64f123ceb00fd43002ffcd21098fe48e062fa54101cfd03027ef75c05bffdef0327feadff21
1115fca80644f81ce80ae72afd61f7af012cfd8bf590f456fc9efc871cbd04aefac5fd1f02fd0010
0ac600330389ddeadfa3ca19fd45f349fc1e0686fc75dd70fc4ef20ef9ff0f47011101dd1319005c
f756fec203f4065e1104049300f0ff86fc07080bfd61070eff82f90de5a6fa89fdd8fe79fe00fc7e
02a5f554ffe0ffaf195a034cfed7f4c7fec3ee3ffe911a35fd47069ddaf0043a0072fd1cfca3ffb8
101df873014df00af566f90bfeec018d0177f740fd38f68cfd57fa7eee3607c8ff2ff63fea590168
052f0c7df0db0024e482e998002e07f1feb107b0fd52df16fda1070b0c310ae1fa3201760fc6fd71
f30812e8ef93fde8eb03ec55ffe90015fdd4feb6eef4cb0eff03e7830d4d00d0fc40fab5125fff63
fff303c6f9a8f366fd2302e5fc4f0ca5fe0905740c460277fe8afe8ef1aa006bfce10ad5fc9100a0
ffe6ff2d019cfdfafad0fe98fceefabefc3ff8bdffe6066f0207fa99d4e810a1fb9bf675ec74ff0a
fc8f07e4022fe9d5e34308e1fcd0f58a013df023f79ff297ffd2facbe1620535fd38e526d9e40231
f524063bf262f781ef42060a0065f2defe93f644f639ee45fb47fbfa06b80077fe3d01d406beffbc
ee0023e1091712f4f896ebd400c6fa5f0057f508f7abd9ca00beeb5806e6ff4bff49133a0922fdfe
02b6ff600cbaffe1033101ab00bd06480196159304a8fea5feac0ef0efc2fabffd39fd98ef38008a
0989fe0ef84bfd59f2ec06c7fee213c0fd55ee06015efa1afc56f602035c0e71021bfd6af4d4fc84
029209c8f804054ed1bf039801fef0cb022def7ffcebf9b1fd09ea5801c2f8adfa96e878eda4fc8d
014409f5fa8a017beab109ecff94f68d021e05db0435fc05fdbafe9a14c5155ffdf2fb6d098c00e5
edf413c7093922c601bcedef01f9f20efd3cfea1f2b3fd4cfdb50f90fb140a5e050c07b016c5fdbb
03d001ff00740f00037b0c70fb14ffc0feb521a7f0730622ffc40dbff8b1fa6ffa780796f4fefe47
f60bfc51058805a30b790ce9ff9029a0fe5ff13a00310288ff15100ff149101701d201a5f390fd1b
0271f3b7de670f42f6b10d8e00b4e7a80147ebbb15e10262fe4f10eb0da713daf98aef180b1a0284
f876e799e982fc590276fc99ff76e6a7ff18f1ba0532fb19fd82124b0c8c095bfdd204a50f1eff7a
efc5fa79fd7112270b95ebb6fd21fcdffcf6ff36ffd10553ffe8148a1215ec2cfe57fe340e46fdfb
fedd0029fff0059502e400a2012602fafe240672ff4001c0025801a3fd9d0466fd82016d00ed02f2
ff79faaafa85048e01f2004200ad01b1fee3fb6f031d021701c0fe9f0016fceaffaa0486fea9ffb5
fe1cff2c001a0283041500460107fff0fd85fe83fd2bfbacfe70ffe8fd62fdae0259fc44fdf3ff9f
fb66fc68fa5f017aff66036301160259009100fffe0d022dfcd104ae02290195ffb1fffefe74fd14
01dcfeadfdf2ff15fc70fd22ffd30436fea2ffc5fc93face02d9fe70fd2efe20ff8f00c5048e0146
01c800cdfc72ff2cffcafdeafe2d0030012b01dbffa7ffe10165fe8600a6ff0d031902b101830004
023f0156f955fce50289ff2802c3fbac0186fd7ffe67056a002dfe9afd43fb0c01bafedc0183fd57
fe6cffd8ffe0ff67fba8fdbf02ad001e01c504dd0003046e02d4052c015f0074fe3000faffe1002c
00c80196ff5f0367fb7e01e201b6fbfd021a033400e600b1fd51ff73fdfefd77ffe203eefe9e0028
06320162022c0173fc30fcdb00380017fe0cfc53fd5a0529fe3e04b3006ff826030602b4fe6f010a
fa74028f002303e10036ffe4ff87ffd802be028c0315ffe1008e026bfd050574fd82029effb202fd
047cfe23024bfd530557fe70030e01fd0216003f0360fe11fd0c0365fe4a0635fe88ffef0163fce6
0092030aff0f0028ff0401e102ab040bfffb01a9ff51fcaffe620093ffdffd49021cfdb8045bfcf4
fd4500e6fa64ffd5039003b0feac02eb00c0ff5fff8802a1ff69faf6fcd3fdfd019501b7feda00f9
02bdfb62fde5037efdb60012fe8affce02effe23045102fafeacffd8fd4b029602bd002300edfd07
01e503fd0162fd9fff2001c002b3fb4afee40490017a045dfe18fc16fd0b0191fe5a0007febefe00
036f04470365fcdcf902fe4afd380160008efbf3020a02dafce705beff7f01810171030302630057
039b00680056ffa2ff54fbf700befea8fe6a005eff53fdbbffc501a8ff8dfa64ff4000b60295fcdf
0012015804c803e7fe8f0136fde700e7fd2002e901e0027f0176021ffeb60242fedfff5c0269ff14
00da010d0312fe8006a6fd52020b028ffe320586003f01fbfe0bfc4d0246004b00b0057901740003
fc19fc34fbe6fe9a01dbfedb01c4031302c50131ff7dfbbdff2405abff82fd81ff4bfe46037effd5
00fd0202fd6bf991018bfc99fd51026ffdb1021efeeb024001d300e3fd86017cfdbcff31fcc1ffa6
02420259052dfbd10249035efcd803baff13029c045c020c020800460363004afe97fe2d0555fdef
ffc2fd64fe4502d8fe37fe2b03110164fe310157ff98fd5ffd89000e016a0360016afdacfe31fdd8
0352010cfe940125036a0107fe12064efcfb00d2fe2e04af01e70126fec3ffc40072fb79010300c2
0bb7ff50fd15f248fd49f7b7ff5bf786fbe3bf110214f32bfd15f5970131e76c0181efb300e3ffab
11320cb701570268058d165efcdafe14fc5bf8fc0246e9a401cf2169fcc50172f8f906df07c101e8
072e00850ee418fb07bffc74fe4f167bff8ce65e0a68ede2004b04b30c20f82afc87f64d0c90fecb
0265cf94f4e50869081dedea01f6056bfe37edb1f20d05e5009bf9cde36800c5f899014f0027fc9b
f63ff252f7f607a5fcd9e6f801d2f627fdc6e38e24c20631fc86feaafb69fb780038fdcc0b3f0001
08d0f548f555f89af4eff2b5fecf0331ff490cd9fbc5ed5b010100a6df5d09bdfbfcfe680c97007e
0297f359019a057b0c290ec2fc9df716004b0c32ff1ee8dffe961685f8300c16fc25fa23f61dfc97
f39f0a47014611c7f74d0a9201c50185ff9e07fa0339fab900990189f90107c4fcf2f4b2ec4c01e7
fc41fdf5eb9b0afdef2001d5ff2dfda5feabfc520eedfc1ffbd9006ef5f4fb55fedefafde700ff4d
0cb8074b0c2b0c65f31ae466000706900088f6e8211403f3fe6ff6eaed1d0367fc3704be0520ff7d
0d18ffcbfb0d042202b419c2ffa3fe3dfd1209dd05abf43efea2f378e482052bfff506c4f1d0ff39
ffc002ceff6b081806e514affd10f23bff7df396fd0bffebfc9100d2cff601e0fc8c08f7e219fc64
fb5411bd064d0c4df3130860fd920764fe5dff430b86f993fe200781d7a5fcdffb980118fc53ff69
0dc1fe81160b16be08650424fdb610fbfe31fdfc04da03d5fe6b034a045bf2defc95f528f87e00b1
fd46059b0e63150ee800f3aafcdb069afe3ef8560d74074afc8ef654f6e00a13fcd3f00b032301c6
fb22f75107db0a940ff411a1ff22021a026cfbecff6af307ffeaf83e0b24de4cfcec0dfc0156fe5e
fbfe06360dcdfbae08c7f808fcd3f669fe2c02b3ffa9fd60ff59ff73fa27f3dc028808fdfd68fc5c
fcbe05a11377fcd302fc0ba0faabfc9bfd2306b6028afad1fde8021efde3f8a8fc510ae208d0fe28
05a6033218730c80ffc80eeeffc6fef3fd460704f7a10eaffce50d92fcd7f6d4fefef8eff65afe61
fd470852057004adfff50b5102fb0c38feb4049dff170208fe30fa5101d013f300c3f280f93dff96
fd6c02540111ecb41925eb9efb7ef1ff0094f1dd0234f951fe0af6fc1e74edcafef9fe5af994fee7
169f07e2fa28ed3b10550a58fef4f614ff370718f756fe4601d4f770039ae72ffbbef7d3c88dfd63
fa691b2a140808f8f68d0654fec213f8fe0d168fff9a0acffefd06ed024ef5adfab1fe3fc6f0fc8d
085a08690e0df95bfe19f823011f0405001904e9f82d2137fe200cd9f16b1240fe010c0ef35efd73
fabdfc0b029bff61fdd3e1070248f2b6fef30473ff9f09bdfd9303a802bb0ee4fa9ff5e913dcfcd9
e469e6b1f585024ef187f86b0042ef7bff5afb6315fbeeaefd8e161efe8e07f5fb4c02820bdcff45
f04c0ac006700db6f9fe1625fc58fddfffcc0ded0aac0a8efd3e13d0fc5901c4fa361734f1f9feb3
f2220ec7037308e901f60229fc5cf759fcb6eeacfcac104efeb5013af4460740fb9104dcee4efe23
ff51d85dfad6f8dcfa5a0b13ff011359ffd1ef4cfff01082feeff247e44fec4efda1ff0efbe8fcf3
0c7bfafe03b9f61bf44f06130058fe6afce2f1df11dd0e9bfdfefec6fed81c49fa7410b127da01ba
0528ecfaf78df74300b513be02c3f3acfcd607d01738f88bfd01fa29f24b0ce1ff8efda9f3ecfe65
02a0f3a8ff31fcc007fe01a90074f9c6fed70253fdd3ff9000790280efb105c7fb7202e1df77ffad
fe940a7208781286f29dfb2efe58fcc8ff3effa306b302a80115f81cfa86f742faff0409e3bb01ce
fc10f230072f0ee8feeafd37fdd113a8003d0c5ef670fed7fca7013108c1015dfca20e6ff542fcef
f626fb340ebb0377ee11f7ccfba4f646fc41fe370f4c078bffa2faadebe8145dfd171153f9a60013
fbd4f50f0514f8140a7406cdfbe207fbfe4e0936fdb9f059017ded4c09cafc6bfec506e8e1d00226
f94b0207f9b5fdcd0b800e11ff2a079d0241136bf901eff10065f41fd9880f2efc9f033bf200028d
fbdd0722ff5a0e64136f1118faf400f0ff7f0e32fb19002d01aaf67201830a47011b05fae4bbfc5f
f6c70221114d13cf007d0b8cfc10045701d504e3f9c1e4d4fe67037807cbfa05ff08ed88f7720049
fb5cf4340a6109700215ff1200ca05170075f8da00b9ecc4fdb6f6fcffc90248fc1af8ad04b0ff7e
ef3b0510f7b702cc152004e4fddaf9a002a70100f695f7e8fd2a0b140f89f764fef7106ef5c90206
070afbf4fcbaeb5f08a4f8e30041f7b3ff5102a4008c0072fff9f9d30040ec6afc32045aff15009e
068c0bd612b0efbd034c0544fc3dfb15fe01ff7e0eec08ad014e06a1ffbd08f0fc8affedf42801bd
10aa242306810cc5fee60f2ffe9eff06fc3efe03061513b1fd811161f0c4f2e9fa141239e8b3ff53
ed51f4dced9ef812ff27fcf5ffd40176004e0a31f250fe56fbd5fc64feb613d9fc63f6b20365ff90
1afc12ddef23fed6fac80b17fafbfa3ffe970d4c140f08b0025b1ae52ba1c9ecfb58144bc80dfdab
218e04eff414ee060b22f64cfd900a38fc4202c50edb07abfddffdb2f910ed7dfe63ebc1eea40113
12080ba30f18e249f4170421004a0ef90183dd88136e14db004cf5aef1cc0b6fffcffd54d25efd66
15a4072226f603f60965f407ff3bff3ffceceeb006a11b14fd5efdc2f678fb3ffc68f4ee0ffe01f5
0cfbfcfa14f903aff1bef30a01b70866fe0c0d3609661718ff7ff7d0053b1ceffcbafea1111601ec
f1ceffa10938f49d15bd021afe2bf0bf01f8f40efc55089500250d00f5940229ff8c0217030afedf
f8ad07be01910d14030e0e0cfe7bf5050126029bef910610fe820943053afac9fd9e0345ff580182
eb73f81cf2930768fa6e06a0fe73f465fd3ceaa9f8de057b00b70b8ff4c20eedfe340b81f998feb8
f461ec28fa6a169ff7b1f6f9024bf8a5fc9108ad038fff10fecd0766f1b207d1fbbe0b9cfb730168
024ff23b03220a4df3cefac8ffe3f130fc2804c01d0501b801590c4afe2e01c2fffb12c2201101b2
0b0df1b0f939eb7b08320bf3fe97fcc4fe560a24f7f0f9cbff2d0493f0bf0754fda8fe89ffc2fc9f
f1b60850f709049cf851ff000218f391fc4efc5ffaa5fd42015e07b8e3ba02d801d106f8f0db0021
e3eef5e706ab0d7befb804c400c6fcd2fd7b08e4f19af084fdeeffa0d5f8084b01e6fb5f0714fe40
0cc8fabb1635f158f6cee70cfb3b080701a60bf3f58af951ffd6ff5cf9370342fa7bee03053ffe45
033df3a40d7206d1ecfc0023fb3bfc8dfc9d0b59037af124fe32ede7006d0c09fdeff2320a07ff79
06b3f4f70c1c02540676fdd7ff8dfdcdfec606ccf053fbf3000d0b2a041ef7450110093904fdfe64
ebdd01090817035d0fd502b7fff50f91017dfe5a00bbfbfdfe25fc08002cf363ff53080eff5afe16
f4630930fdc1134502c10db1ff32076ffd4403aa01de0296fe9ff46afafbe0800278fd5cedebfd38
0414faadffb1010b02f1f9ecffaf06a702060435f89400fafe0e0d28ff4d005e0015eddbf0e30007
fcd8f593f74af76006a3027e00380111fe0d0588d0a5ebee007cf823077d0e850061e01ff896fdcc
025d047eff2dfde31103022bfd730428fc990087f8070b2200710b1a1530f384ff9f0e50e93cfcb1
0ddffdfdffdbf176150c09e9fe0a0755ffe40296fdd6fd90fdd102251911fb3dfed9f7170798fe86
e65000e5e643f8f4fcc7f5f8fbe7108a0189070efe3e05defea609e9fee2dc1cfc71edd9e5a4feeb
f231f5cff76d0646fe4fea2aff10ffc2ff120691f763f524ffb50db009d8fdc1ff82f69b05a201f3
f109ff10ef49fec30be3fffa01d6072600ae0ebef85dfc0802440bf41990081afa25f45e06f0fead
04f40206020eedcc2ddc09dbfc62fe5201b91419f4420377fbd4f22e1586f1c9fc970dd7f868fc9c
1c6a030b07cff70f1c8b010cfed1faf701bbeaf2098901310047e4961a76f416fbe3f75400db00f7
00bf03b9ef5cfef7ffa6f963fdbc08800166f94f1bdc0173fd94fc1e0f13f8b0fb311e800b2eff72
089000ad0960ebce0d84ded2ffd6156cfbe9f556e6421b14ff4adb5321aa1079fdae06bf19e000ff
fb0611d4fb5cd4f917afe634fd4efd43fdff01f9cc45167cfe36d9a317b11311ffbe29c522850091
e41dfa26f80fff171c8af076017aecaaffa7e61b17c01cc2fd6bf1eefe80ea6dfb080791fde7020a
fa5af8dff64bfc4d031b062cfef115f9fd67eeb40d1f0a84019af421e06209defd5409631589fcdd
f9c604bcfd4600fa0d46f600fe31035cff97ed4bf579056501e109b5d91af22efbabfc56ff05007f
fa7dfca9f97910c00fcef4f900e0067c015dff01033efcbcfe1afd34fe390631fc03ef72e8c7fcdc
0653f730f0b0108ecb0e0d9f0155f7820154029a0748fd7700f5f9e507f8f48ef973f493f583fdfd
f3ea07eee37ef99b147df8e801020fa0018aee440e3a1ca4fdfbf8ebe00c0f940104ff93ffe3fccd
fef305a000cefe1f052e0780012ff088fc52ed8308b40402fd810d2efde0ef6d009318f4060affbc
0ef30235f24bfd7605cb105bfd370a0c0222f5fdf8d6f15afd48f609edd5f690fd3522080b5dfc27
fdb7f766108fff81e647f94bfb800d33022504b4fb8903dffd85109302460954fde4035aeba9ffcd
052203450bcd085adf7efedbfab2fd0dfcc709850140f82200de0672fdc80538fca40b58f290fde4
fbb30f75eab1088b170201affd6803aafed2fed7f6b60d96029501f6ecc4f521fe380456db5cfde6
0479f69002daf0dc0521fd3cffbb045a010103d2f36cfe8efd8afd3efcf1f68201a201a8f824fd49
008903dbf176014208660e32fb32079800fcf82efdcbe6470022ff8be105133100840835fc39ff46
f574008005a2111cf7f616e1fc3304d9fcb10774f7c8ead1ffc6150205c40365fdeb03450d79feb3
061805d5f2e802e9ffc9f609fc2afa20fc2f024701f7ebc700cefc89f92efbe1fbcd07970646006d
05faff62ed0411170be8f409fd95f90fff2220fef41406fafdedfa5000a8d251002e16bff5af02c1
eb63feb0ffdb046c08effe3e00840becfed10c180f6cfb1f02370263080b006ffcfdfc74fbb0fd32
03fa0e2aeed1f005f952fe2cff7f04cfff5efda1167ee83b0052f3d1ea7ffe0afcfef2f9ed94008c
01061560f938f6c8f2e5f943ff0602e500fcf9c5fe9afef4fdb7016eead205d6fa9ef7ebed40fe72
11cc06b910990f70ef3de48c00a6eca9ff4bfe46093315ccffb5f9dd099e0d73fed506f617be01af
088204bd1d41f8f109bef558fe4415a4fdb4fd82ed6b0ed4ff8afe11f1a0cd53fab1f652f63effae
075707a326a3f639f62804fb00cffbe1ff450b670b78097b0179fde604caf901fb3f052c0443fec1
0da305150205f150f22d018afe9ff641fdcb086d103f0a180155f52d06480432015ef063f43ffcad
1ea0101103cdef8ceeb00175ff56fb47fd5aff09069010eefeddfb09f3ae0dddfa351054f7a5fdca
01c50bd3fa850d0c012204e303afee1bfd90f423f8460a8900c4040500661203fb83f2261c540228
03befbd9febdfffd05bb02e2ff6bfecfffebffcc04bc017ffeaefe3ffeedfdf6fe57046cfe5ffd96
004001d6ff66fa3d011304c2017a02080118ff9700be026502ce00c50236fe450268fc39fe6afeeb
fd38fb34fd98fd770238054afd15ffb6023e04520043fe400098fb75015b0158fd54fe84fd5bfd5d
fcf7fa5602f6003103c301d3feca059a02fb033cfe8500ddfd2c0363fe18fd6cffbafddbfd82ff3a
fea9fd31ffb8ff77036c00a4feab02bd000e00040314fee3020dfd8401b2006cfede04380074fe10
fd68fa66fe70fc4801dffee00283fe2dfd88018b037e0288fd54fff0029efcfbfeee012400300136
02fffb33084d0037f9a303d700d900c80297010bfc0c01abfe21021efceffe77006b015c02e0033a
ffaefcf4fdae008603e7fe70fff2fc3d00f400d5fe8b0224fdfbfdf0fd9efe0c00dcfd620102ff7c
fa52fcd5fd17057400140026021afea8fcee01effe7b030d03240402031dfe26fd9f033c014cfec0
fe70fb18fe7bfe70fbd702ddff7701b300ef0126058706b2fcf5fda101d3009f032dfed701effdd6
0198fe150134004302380111fed20080fdfffe2ffe24039bff42fbe50039fe1dff2d00e1fe10ff05
fe1e0336fff5fd31f9c6fe73000efc3d017401bf022cff17fe73ff1effb4fec00314f9cafea60015
004b00fffb79fc13003e033c01a2fbadfce8000904b807aa0319fb1cfe7000a4ffe80661ff27fe86
0268fdb4fd45005dfcbb0365fdb7fefd02b6048106e805d10127fea2fe6cfdfefec10294fddd019d
fecd00bdfc3bfe1a01e3ffe200c2fdb200640083fd46fc3400f4fafdfd610233ff0404df0128028f
005afecefe63fc3f021303ad0326fe6cfe58ff8501c5fef302ec0008fd97fe7001d7fe2bfe54fe0b
fa3b02f500edfdaf03d203510212fe5f030efff4fea40092fefffdbd024cfc4001a20303fec500f5
ffea022100400112022d01a1fdd8fff201670422ff9b0302fffefd38021a00a4015f035100660192
f9810046ff3201dbfb130088fd620151ff080493ffebf9af0248f7ca009102aeffd0003300a6ff0b
03d30073008ffc0efad30103fd08fe3301510355fe4d043afe1000b3015bf9d9013d031efd21ffb6
00c5ff93fe450133ff94fff4ffe2047bfd3f029304a1fc8f00a9ff93ff54ffaffde4f85aff88011b
fe82020f00a3fe34fdf20382ff0605090286fee000a0fe4ffd3efd20fdef00ad006e01d4ff020090
fcaffdbdf8edfcaefd7502af007d056bfe70040e0173f74cff77ff0700cc01b202a5fc6801ee0166
fd8cfb66fa2501defee0fc4602eeffe40120068c00f90127ff8afaeefebffc15fdaf060d00b80386
047e01650404fc6affeefb2bfdfcff37fd69fad8ffa6009ffe2efcf6006ffa2b011fff38004dfcc5
00110972152408470b320fbaffcb0a19fc2c052c03a802f70247127efa5202210098fd9a0d8801dd
0766f72c10ccfc54fbe21174fb8b0577fedf07cc1b6e0389fd7208e6142ef5effb32017401e00103
f7beee1dfc36e6fd0aef0a950083061ffd3ed83e1435fcfbfd6e0271eed7f66801f31316075afe24
0238f86606ddfce6e980e89afe380643008b1b6303bbfa5efc36fe3efb57fd09fc8d007206c90205
079dec4a018eead8f87bf7fefd30f0380037f98e06980223ff3ef98b0853038d01c2f9761614024f
0383f5d30198052b08ff0726fe8b0bc9016a0013facf0a7d025e0637ea68fae2fd0ffda204fe0091
0883f4f4088efbb50d3b07e9fe05176efcbff7cf10d7fb5d0207071ce837f02e00c3001fe2e801b2
1a15f9b806ebf43f069af18dfd960866ff39e369f9e80230fd6b0a95e3cb009bfd68fb7d12dbffc8
14dcf0e21decfaece15ee718fdfa0405fca0fee70465085efb6508acfdd60d4ffb7d009f0bc9ffd7
1565f3e112d30159f565e00cfbaf09a201b5e01cfff6fe8dff23eac8057b04fd00faf39d1703ff61
074d062efc09053a08130707ff390637fcd8ff0ff507fbbdfd85f8f3eae5f686fc6ef43df2bffcc1
13f00cc0058605fd0e940efdfe4e0156fe0cf9920500001fff08ffb4ce9c0823fe02fa8fd880ffad
192bfd6b0d60fed3fe0cfb0bfcf4fc96fca7f64df80d04fefce0fde2f1630adefc77f5caf15301fd
101705e3f5930255f483f3fbff390e08010ff1150159efe3fb27fedf06c102abfacef9f1097d0095
f0c9fe330f8efa2ce5e6f33eff61fad2fddcf5c606f7db28ff64e78cf33c13d8ff2af246025900dd
0c8b0173fd11025603d1108ffea00c24fcae044efae80d9600dafcb8ed4afacb0123fde2dc4700da
14ce26230056ffdf02300e1eff7607cc0194e122ffc61003fdf7ef2fc9b9e7deff66f2f3e87f0101
fb7103e707dd0130fbea0f73fcd710160141f1c80f9dfd68ff0a037eee23fbd2f9cafb33ca100207
f8b41496f87b1f1e08400d0dfdf51bd2ff3803a4032802ea001e03f303d500f4fca2f41d0fd20192
d5b50a6c02cb0baffff81001fdc705b6fddbe343fbc1f579fe4f0154068d0d56fd5dec680786fe03
ff14029ef12e04e603cb0d22fdd9f508fdeef35bf95e03c4fd1b01f8f85cf34afc83f9da01fefdbf
00aaf67804de0913e312f8f9011f07ccff95d2e5fff4065dfc3d1194f6c5da250007fd03e180001b
fb55ec250e40088eea9ef488fd52ed5b01f407340509fdb9fe5f1ac1086feb95f914f178f625001b
ef3d171608800f1cec16e892fecff5c5ffff08e4fab109e1016f0f5b06ceea70fb95ea5f00940029
f39e07030bc41e6df3a40331fff70a30fbf0ed37fd5511d0ffd7fa6ff7f1f1a2f9f9f98b03fafe0f
04f407641608f6f90426120500af043d019ffe04144a047c0189f4d3fc8802dafe93f098093fff18
005707bd0d3e0c3a02070e5a01780786fe5a05d2092603dcfd6c0ab9f07afc5bfb56f1850084006c
fa7114bf0b2cf15afe0cf36ffd3c127ffd0b0139f32800c0fd2a02030677fe11fac3004dfaaaff22
077b018afa7b0e1cfc32f0b6fc7d0636fe4303b6eefcfd5bffa002cf11fe094ff7690579f05e02cb
0713031debddf7c8f596e96e0202f95ffd84fecaf6bff543fff8e95200b00ae5fb030d0a01e900b6
fbadfa2907880a3df8ea092dfdbb0789fcf9f736fa5613140166f704085bfde4ffb9e4780eed0148
005c01fd06d009601a5f078800f6f1acfc73f23ef5940b59fca8ecf4fd81fecefae8f0a4ffe5fc15
008c0666de41fa95002ffba0faf1061c0026fab30651ffe30133f654161d08a0faf0f13c1251fc2c
01fa12ec0800f82cfdf4faaafde305a4007d015ff6befe07ff23eb4d05a6f320fe28fd98ffacfc8a
12200ff00509fcae0948fe12ffb1f5a6fd09fce500a6f689fd0cecd4f8a8f913f91d0385fb910263
f522ec56f19f0210f6900a23fe20070ffdacfe200aecfee0fd40fb50fb9dfd860297024f0595ffed
fa4d07d50041f70cf52002fcfd95fa14fcc4fe6afd0f051afd80f09107220804fe5a10d204a70282
f87011cdfd85fff003430a5efd7fe896fe65f87af37c01cbfd9ef255f1befe14fdc2142afe07fde2
02130f34078906f9fba10afd00c0b8120072f0b40ad60206fe2eeec8ed15f690039b0fa3fff1feab
07f7fb681e0a0e0ffaed1f47fdfdfd3401d1f90e21a70c3afc6c133c0060070bfd6f1ac0021bfd03
03b4f5e61136f5a7f7dbfef1ffa905deffa90aef026ffd7afe9303c6e74b13befee6f0b7f2e2fefb
f61df815fee1112101c608cafe14ee0b020cf6770054fdcd00d307c60fc10d60ff020cd303bbff18
f88301fbfb770cee0b79fac0fda4df3dfeeff9a2fe56faaa024315fc05eb0184fcda0cc600690022
0d4d008503f80b10f09af798fd27caf80088f5da12ad063ffed60b05f1f904870229065508cefc0d
0795078405211603f5a202e10185f79ffe1af6f1184b0a3c02031b36fe770b180123fb2b1201fdcf
189911d901a0f421f3680c88fee2fdcb0124108a03fbfb30fdde0a1f0f7ef93ffad4f893fdaffe9a
04c805a102e4f7c601e50bdafe68ff1efd18eefbfeac011bfef707b5ffb61ae4ffc3000e043afd64
06a5010eef1aebc3088de750fe2deedafeb2ea49fe2fffeefdd00c3b0cf00889fca5fe62056e0204
02580526dd86e29ef86efe2b00d9d0d0fd8ff1c8043df9c30273fd3a051df95eff5b09d0052700b5
f38dfec3fbcf0076f39a07ae0106e27affb6026c011b05e3fcaafd2d280dea85ff79fac0ea64ff5f
f7c105c80707f0650c920c1a00680358fc38df7506981941fdccf9f6e29404f7fdc3016615c50045
098bfd9a17fa03e0ed1b0aaafd1ef6ae0114e7cf082300c70293f958e9d6f592ff6afe2af763021c
fe43e3850bbf0c0805a003d701ec0379febdbc070ac102b6007a09e60615f9e4f7b9ff440d6901b4
09eaf3e911dcef65f7c20c73fceefc89001def31ee6bf4d60096f4d70ea8fac9fd3a04d405bbff9d
f16405ff0673fcf3ff8bd920fec5fd45fd7a05c8f317d5e1fd8bf11805d7188904b1e9172742fcc0
fcc8f9a0fe62fb000f6502fe02a7ff8100b4fa8d01ca1500000509e8fc830524ffcf0400feb60227
fbfcf5f00711009f0996ffddfe600146fd92075aeadb0b49fcd1037fdd9e11b1fc1c0633fd750102
fa32fd8bec05fd5ef77e07b60032f70ffe0a0638e219fdf5fdd00879fa50ff66fc11fc45dbb8fdff
f6a00066fc2914c7f4c3f6b5fde90a0efffbfd0cfcf5fd90fe9e02b81136ff87fa66f9f705930267
e6ec1ccbf9bd0719f59de86bfe29f8f4007cfbb4230ae415fdebfde60bad06b4fe5ff07405ba01cc
0ee300910226f34f01a7fb82fca3ff41ff4f13feff25023bfe15fa3dec3503a3fef6064ded3e0141
f37feddef42df47500250934fef705ccfda30437f474f6c0fd59ed08d6e41309fdc6f3feeb75fce6
0589fd59f7ffe6eae88f1324fdc3f10ffd13088bf3c3039fff06fb12f32f05f2fc800f1cf492fc6b
f97bf21f040012130efa07c1fef3008bfcb0fd400c87f6d8fed4035002870386fd5300d1f826ff1a
e61719021dfc1a13eda0dcbdfc3f0068fd9dfbaf12e5d423027fee4909eb0604fceae6980896fcb3
00c3fbec0271093400160286feaa089f00d613c7fc1f030900ad0b92030df57d01010931f409fdf7
0395f370fe280564f61a0fd4fd6905f8fefaf22b08f3fcc0fc9ffcecfc8f0db50144fd92fffeffb0
febae0fc02530751d86805b5fecced6affad023d1484ef1ffbb90787e6e9112efc4df990eb2e0232
f106f44c0e8e0dbfdd1ff2c8fdc8eac0fce80bb80873f9c6fe09067d0afefe47ffeaf07c0715fd2a
f6b90c87eddd1f0df7c6e8bcfcb9111b01180ace0460053f004efa570559eb7503a1f98f043a01bd
f77afb8d003701e40a7bfdadfe7b174001ff12cde5b5fb3eff2204940be4fb3cfec9fde4e78d0221
ec97ec6807d4ef4b04801105fdb718d3020a00b4ed4afb67fee60bbc04991387fdb405b4d420015d
fa79f7f3fd60fff9fcbaefca0013f092fc6111160139046d007c17f0f37808b9fb4afb2005a5fd05
f468e779fe9214280b38f6bcfe1ee8f5feba0bec03c4fc55fffb207107531a29ff6af923079cff8c
f3fdde7de79111560e57fb0affd701abfce305241818057cfe04038bde76f479fc88efcfee70ff96
07d410e4fb12f88d15ecfebafd5cf7a1fc81e4fb05b3121ffd7209c8fa55f669fe4f1294fe7fff0a
fcdcf7841bbffdb90c6e06aa01b800c0fedeea4506181335fcc7fc0cdb17f442ffe2ff560a8cfe66
0add024d09bffee7f9ebfd18ff7c0757026bfab801560a3c022d0b22fb2af8aff97ceff6f769fe92
f81ff33d031cfed5f738ea9ffd8afdcffdf007c3f6ebfc81ff4e14fc0fe5126bfa80f899f450020c
fa8f02eee4a00cade619f23701500198fdea0a8efe8fe97d0070f785fc27fc06fd8108e80ea602e8
ea1502b8eaf3019b1677fd3000b1046b01c2e4a3064915ea0027fdc2f000013efd78042bfeb0fed3
f60af94ffe330a60fc3701960267f1f4fe2f069bef680f8f01f7ece6cc520b50fe91ff220301ffd1
f6550531f430f3cbfced0447fdbcfdadfc1bee35f273f6a2011eedb2ef4d00ecfcef03abf2e7feb9
eb8802a1f632fb75e8d3fc19fefc01daffe30939f2c5de6dff5309d500850920f98af1b8edf20093
f7dd0ca70361f3caf55ae0cefd7508d0fbe107c4fa4ec6ee00d8f7070c33fb1ffbe3010f06b0fea6
efaef3b9fd1bef1006dcfffc0322fd13027b09cc0671ff270118fc9df78d195b04250101f6f3020b
fa5bf5d5fa6cfe8affbffb16fe8df627ff5afe4afc49fb96fce6fa45fd5616b1ff9cfea4f032fe5d
fdf5099ff7f0fc86ecf2053cfe760356007802af04f4ff16fd9eefacefc70729fdc102450509ff52
06191726ffc700daedd10157fd74dcb6fdb6fd8c008cf71eff5a072400090385fb510d61f538fd40
f857f9c7080116ebe615ec18fd0ff9cd0112f9cb0218fa4cfc7ef7ac0554fc15fd8d0d141993fd70
027a0978f6ea061cec1d0502fb74f113ff670d9dfe60fd60ff29117cfa1ff5a1ff77fc64ff07ff4f
fbfcff780d000aff0000055afb4d070bfffa00c4039df210009bfddbf9fefea5fe16fbe9f075023a
10660305d9ad10bbe7fb0555008ef69dff8a0a23010eea10fcc7e8f8f2520896fe39e71ef099fdbe
01630a791e040308ecb00597fbb0da17fede07aafe200a46ff8c11b9055c074bfd8df9bee3ccff06
f8da0771f9cf19a8e460e80300ddedc800c0038bf3f8f905ffba04d3fca80e9902b606c813c501e1
0baefb870c3c1514f0a804cafc810d77fd200bb1f41a0576ff6d0bb8f93fee5ffa84ff21f614fd44
09270e9d0651f8e90ddcf9b6ff7f0f710129effd00e3f77bfc21f89c0938213600ca0801f55ffd56
039b0321011fe5f8f7c007faff2cfc4201ecd053ff1c03eefde2fd4dfba21fa902c8e794fd2300ad
082ef67af34df26506def51101a0ec82fc63e5840ed1f34bfe74081a03c2034cfe40e9580862fe22
05441121f69d081312f3fe61fc830648fe380b39ffe10763ff2d12c9fc46f260f968f2f0d8b4ffd9
1226f7e50cbe02e100c30870ffb7f5fdfcecf3b1ff8d01e801ea05e8fa490310fcb7f2db014ffda0
09c6012afea00676ff8cfcf7ffb104750035ff24080bfd3000270769ff0900ebfa4df7d9fe75011f
f8d4f6a5f86ffc72fd87f6abfe61f9eaff2a00ea07df03bb0149028bf82b04a8f90b0017fa14011c
f076f877fc1f05ba0170f2a101800123004007ccfb0f06eeffedfac1f65604caf9510989fa0afbe2
fb1cf865eff108b6f30df9affbbe01eefca7febdff73085efd1af23af53f076ef9ff10ae0a98fdbc
1140f5a1063006aafce90677fe9df825fda80964f3efec16fcb9ee3cf918eb1901b0f329fea5003a
0c44065a0113067107b50889fdf5044f01cbffbb0495ff950202f482ea2a0056023a0695094f0035
019a0c6bf768fd8609dd0f5cfd100013007dfd6b11fdf6e4fc8ffdfbef1cf91ffde506ee0ab4ff47
f9b40e77f9f400c1017f1148007cee81ff68049f0d5cf95f0261fac114b702e2fe380f040d08ff02
0b5c0101fcd40abe03611a56ff03e7aa00a9f7080a29faccfc8d057fff730b08fec8ffdafd6efc70
f6afed43074ef2a0fdd00144febffec2feb4f967f639029c0122022f299fe66a03c401731dbc0125
ec0309f50b46ffc306870456fcb0ffb6fdc4f6d8fbeb0347ffb005882441f308ff6f143916b500b2
f7c91913f57d0519055c07d6fa9bfaa3fcfdef2207e80206fb8a02be12b2f9bc01631843ff61fedf
066f0f7a02ddf9d0011a0f85fdfafe4bfe28fd0608810e4d026f0b11ec9e02d0ff020a810bf8014e
05b6f72afb64fd7404ee182702330b48feb007d8fda213f3ff101917ee740137febefae1ffd6fc82
08ca05d5fa7aff87ee4cf85601a5e98fff8f044c05d3ffe3fd1208ef172f0f6afeee039601e2fe74
02b30b4cf982f03206eef1e6fe3e1daafebd1abcfc1a024dfcdb13f6094e00a6ff660537f6a4fe68
fff202b6f9e5fc950d46f37cfaa0078d0039151f08e9069efdde110900ac0354ff660a3c012b0191
14d9ed41e51af82e01c0ec85fe59ff6902430d5600db0bb6fd3f0654f636f8aff8a6f05cf70200b9
ffe4f30bebb10b5601b0024bfed401eefda8018d042810a9fdf606edff86fc03001bfed4fbde0006
16c01231060e06f40090069efdf0e93efd82012ff2edfbf00040f898fb580ee10054f9e10c3afe44
0f63079315d9fc5a0ec30749fea9f4b2fc680e8bfbd00980fee7f3eafe2705cc00c313a3021dffc7
0ff806141c5df11d0b2f0746ff2af5260205fe9fffd314fafd66f47f134e0b78013f112b1288001a
0e440a28ffbae4d10d8dfd8a0282ee790179f6ac081b121bfc26ef410c3706880350099113e10199
f4ba156ef6a5d8d1f9c7ff500033effefbf800d1e4a8079501b2e3121d8ede93fc7b10bf0be60267
12cbe51413d30b1307870a4bfe7af1eb018bcba212f91a4e01bbe34bfb241056ff07eaacf65c0033
12d6016f0e390f61f94ff47a0099fa27ff0ee0440a67150b02a607fb0ec1fb89fe02f615f4fdfd24
f38b09a6fa0f12bc09c7fcfffe471582fe87fe4023970e3dfda1042500bb031bfc411142f03100c1
fc2b022cfa8cf88dee93f892fd140ae4fc34fa3201b5f45cfcd4ed161becf905f76b00def846fcbb
f5b114c8ebe2f338e3300800fd81ff21fea2dd9a05ce0372fefefc85ffe0ee22fd250d0dfddafcea
0a24e48017e70e76ecd8f544fdab03c4fdd214ddf5660307004fffac04521252fce0f0a11aaafea0
0c6d0164fef3f09afbf7f6d700090c3c024de4e2fa69108dfd35f992053df9c5fa0ee711014b0263
018f0d4bf511016504faf83fff920d3f0076ef0514ff117401fd03ce041bf53ffe0aff23f0f8ffda
0c6a03c6db4cffdbf9ca0288fc7dff100059f3fcffda086201a30817fb5ff5e0011b0b0dfc7bfed3
0d900067e9aafec50bfe243fffb809050049f4c6057f159a01ecf85f02400aeb04151bccfd2dfc64
fb7f0132e00bfb1810a8f30bfcd608280129fd63fd851552feb204defe66fdbaffd4f9a618e400cd
fedeffebf5ddfe2a0164f07cfc9606b4020c03eaedfc01420266f9a011f203f3fe05f1371ea0fdfb
02e0fdbcfc79ff7b1cf8f546fe10f42400470109ffa40bf0fc83e7e403ecf72a0342fe0f0b8200c5
0306ea1af9b403270a5be7a7fe29eca8027406d70be906900095f908fabaf98ffe26051bf6f001b7
0ddbe185edf0032505b8fa02fe06fb40ff570b171b5c0d19fd3f07750368f700fbb00be20eccfe09
f7bcedcafaaee64e020302d6000fda86ffa0055603c0fc11fe8015f6de6116bd0605f611f7d401b1
ed13fdcafd7bf6150c930853faa6d93000a4faa2f757f926000cff56175d0bb302a7088601b5fcf7
f5f3f29c044d07490a930b2ffc10dd5cfcdaf0ac04f3118bfed40777f123057a011e03fb0cbeff11
fc63e6bd00ff073d02aafdd3ff2fe4c0026df15c05641144fe9b0927f136f931039bff0cfefcfec7
1e8ceca5030e068ef482fb68fe6f0d710278f2f80b580480029d0e26fc55fb4602def7a1f6fa0214
02351df20308f038f78900770039fe8901481215f9f702c0ffa40476fc4c0d96fe5f0aadf2f4fdd3
05f80aae1a3cfbcc00c2fbaefda100b80232052ffb2309e302260dae0ca8125dfdee0adcf843fe4d
037408adfb37fcf212d4ff0cfbcef5feffa8e987ffa71557ff2cfb54059b1457fc69115e12efff53
0e45fbc1032af3d6042df09dfd73ef94ff5dfcddfa7b1076fc7bf29418410341fb05fec90cb2fcad
ff2bfd6beb39fd55ffc3ec51fb39f8b4001dfe73041a131c0090fa040969f360fa9cf71202b5fcee
0bbee72b0d720254076f15aa002defcaff1ce4720797fd4ffc7af646f67b13080016f298ff0dfd55
0c750856068d08ed0c210a0bfcc6fcfdfdf2f56cfe70faee02350267035504dafccd0628ffe4fde6
fb93fe26f4331dc6f747f8cffcbcf13dfc4af99610abfef5001e1076fe1e01dcfd0e0780e9c7ffe6
005afc0cf2750d04ff41fafdfdd60286fdc201d306300259fe49019e05e7fc18fae61125ef78fe21
ff190499c9730944fc11f418feee094c0112ffb10f4b09750201fa190664042bf9870f14fc83ffd3
12e7026915c40a850a98f9950071003bfda80228eacb022bfc63ef67f14bf2ddfe0cf4e1f647ffc2
0431fe5e077309900834ff91fcb70ad5fe5af37bfcf20b72fccff832e6ed081efa7cf42f0b5bfe92
0b35086ff2cd002812ad0516ffb609d80043f6771ab508e4016fec871810fcc8fb3fe6870553fe8f
febc0679df4d14f4f697fe17fed3019d008410800eaefdb6fd39f22a115cf140faa502bfff3ffef1
f3b70617e37513e2f7d222d4fe30010fff8ffd3d11dc05260128fe370da6f7ddfa390325040200fe
0c24da46f1610a4f0ef50dbdfef80b0fff6021991483ffeafebefa0e0d69e541014003c9060f026b
029c014904620cc207de0b09ffe5f89802130e591241ecabfd54f7481617fa98fece049507ca0159
0264ffba0db103bb0683108afb80feabffa70111fa8e0936fc85f60ff87b0203fcec2939fc7dff24
02e7fb9d0ce40588ff2e037cfe5ffe9cff650fd4fc290df6fd300b20fdf5047b027a10a2f4190151
198ff242fe35fff1fed908cdfd6f02ff01950424f1a6037a01810d36031ff5da0447ef3bfa1bff09
f6c404d6e700010d030506f0fe79032ffdc6ea40f91afe63fcd40bc4131005e80075fc25fda9fc7b
f64cfecafe59096608120d87fe21fd27ff611a8d062bfdd1ff380ada144412bd0144015603380067
f970f37cf98e058a1446fb77fca301b2003702eb07b6fdf1011311bef8470fdbff270c35fa69fe82
0f91f943fba3f8e904ea05b5ff8c1050ff1f015f07e50786012200e9fd8dfd77ffe901c608a0fe47
0bd0f2d6f7f306e000dc0b48ff570a4e0041fd1900931497fd691284e96d0086fd96f7690e7ffcc3
15ae1baffba3e60d0789fe16fd3019e3fffc148e034dfe1e0289eee20b8dda33ffcf009df671fd58
0b5807ec07cedf201282feb2ff0511b0ff5c1aabfc5c093ffd62fac4fb9a10e9fdd701dcf58afdb5
0a64112606fae6bc0d45021cfebcff8bfca8fd19fc890d9d008f019bfbf80b2efc290bd508fdfcbc
020a0c03f38af6610280067cfd7efca9fc2f01c3fd270158fdf6f1d40c070451fd85fd9aff43fe3c
dccff601f60fec11fc52fbfefd29006300780e57e3c6025dfbc5ed110697f7fffb210565f79bff74
fea6ff5cf77ffc8f1d3c0c5aff8afbef004dfdb917c30fcefcf81b58ee1df3cbfd31f918feb201e6
f63cf63506d4fa8811461894ffbbea7f0160e8f10073fc84007411dbfe6efa45fae705b80b800025
03a0f4aef4cf0076f5ae0680fd46002dff83e5d90dacff0bfe5f04270b3ef7fef9d9072c0472013b
f5bc0084ff1e0a2006ee080a0112fcab0008f165094d117efcb9fe80ed25038d00080a21f812ff64
0afdfc340408ef16fba6f82200f1f8640032ff4a11060865fb20f98fe8bdf3a6fd6e1435019f016a
012dff3f03880655f51d0565fd7eeb06fe00058d13edf0d8fcbe146cf5750854fbef0800f19cfbb2
f603020bf8b91498f8f5009d00cffea6fe1503570b6fec0eff740a58f41dff69fabe00030c16008c
0d330f170d570622fcf202fc029bf3c7fe44064b0440f6f7025214c8f29d0e47ff3ff52afd8ffe59
f3fdf4b30e2e0242fe3ce596fe2c0ae3fdf6079902fbfa54fc740a1fe17ff187ff3dfb1af857014d
1634df8506bb0081f48bda1cff82054ffe4a04b104e0fc91fc56f1e1f7a7061d02140617102402b2
0deb06f8076d1019f2740b7f0068fee80163f5dff025f79f0147077af427ebd7fbf40670eef4fd56
03020833093a0b26fd890db9fe82f83efc900f12feb0f8a6fcfe0c70f1bff05ffe160d11e31fff87
01d810ecfc6df12204120c47fdb1007b012e03b9fb5b06f9fca9f8a0de78fca2ffa1f5faefea029c
fe9c0124047eff4c0ce0f7f3fe8e047a014203b9f7a31b7ffd68f5f10dcafe7dfb2cf512ea18fc5e
1631f68d02b7f6daf726f5cdfe030f8a00d003e1e9d1e798fc81e5040ce50123fb19ebb210b8fde7
f353f1ab073308ff06a00ec0fcd8fa68fec3e070f2e40550ff070b3e0f13dabefd97078a0728ff3f
05abf84cfb98f14509ea0751ffe9024b0257fcf40251f9c2fc7c070df86bf489fce40261fd73025b
f74f1d4bf9befb3c06a9ffb1ffc30588fe261308021cfd2cfe84f5fef8fef3effff4f72efea300be
f430ffd7fe0d07c3f575eb4b00f90cd0fdfefecff6d702cafb570e57050c00e5fc050014093401ab
fceefe4b025a00e0f4b5e249fda60ce7fe30fc08f8b7f5b6ff85f4800cf2f19bfaa6f1480c8c000c
fe70f7d3e966fb9a1f25f96e0131e14f02b6cfa0fd00fa99fe8401890dbabbaffbb202d5ed31fd3c
fd200283f1e4f880fbf9ef7e0041f72bfcf7013d0acb03d3fe60059a1685bef5ff63faa0e99bfdd6
02d715a1fac81394e96c01b0ff9cffcf01320632022f1196fb5a0ea904a5fa1bfab318f6e070ff87
05610f91110a05e507f1eff401310dca01b4f875fc981424005f05f207321439fcb214c10b4e0029
0c1711e90735ed151165ed75ff2c010cfc210563eb5717c600b4f16f09be02cefc2703d41c9cfef8
01dfeb7ef271edec32bbf11afcbeecd7ff98fda10572377e022afc6fd36c13eefe4a10fcf05e028a
08aa0f74f7c4fbe31facefb701fef79a0176e3f604a40f71fe5e12a9025dfd20012919cd0835fcb5
05b105cdf00af19d0f400a7f01a209a3fdd1dd8b0a96f3e200a3fcfb12db0429fb64048d196200fb
f2fb1561fab102e8f66d1202ffcf0ba70112e95e10e617d3fe35fc410b000234001601920277fe03
f770e5a2f43f081408a602cafcede710fc76068c09a90aa2fbacf9f2071df8d7fdb202e4065dfd5a
ff54ffadf092f1b4084ff8b3fdfffc7500350205f507ec0301081433e17a0fc802fdd533f7a4ff4e
07ad0397015e0773f8a10a790058f976fd2df36615dc0095fccd185af42ef66500d9f34205afff97
0a9bfe30f8aa02b1faeef91f015b01e8002bff2b08def89e017912c9f21b022cfe5bf589fb81fee0
0a8fff1f05bf0f80f2ceede3ffe4f7660253fbe6fdb40fa40179fc6fd526019efce2f10ef29dfdd8
0763e4e709bbf6c2f752efc2ff52fa05fdcc083304510ab1fd1302c9103d0f8bffa40e7e13b0ffa8
1a68f789002bfa9cf5cafae5ff60084bfc291e4af024f060fc5602a3e532f9d0fd62f5aff4e7fe95
0961f4adfd44119409120978fee002ec01a10bb410effa06ff290761fab1e783009ef7ceeec4002f
0082ff2bf20e053b0b940aa0fd17fa9300cd0b5e1568ed9effb0f81ef47bfcf5009ee7a7e18ffff2
0403f0ddfe9cf60e04e4f0f4fee20abb00740ee3fb7f117600ee10b20c9dff4ffd12f9b8e986fc00
1000f2440cdeeffaf694e819fe990d9902560280f538f9fd0064fba107eb04a3fb3a069705a5fe4a
059afd320f760f5f02dcfa3b0158ee730101e919feb30a59fcfff7890a93c3be001100fefde1fd8e
f301fd7efafdf8f5162a1ded009209d6ff5a115d02e1fb8ffc500a84f665e17301ca115fde920024
f85510d6fb36f8f0093d146fff32fc44feb60e0c095204f3fcff02db07f5ffdd0268f4c20c99ff8a
fd210609fd45f5650aff03b700b90835fe4bfff003dc040800cf0e930095fe56fd58f5b5eb8afdde
fe63039e0ba8fe9d05640ea4ff87139bfe0bfc74fe00017e007bf9450c30f86ffb92f97c19ee00c9
fe2cec82f3d00ee50348fc45fe6cf6acfe5be476fdecfe0f000e0bdc0d5fc28a0012fb5def06000a
0333f251f073f8c10b27f7ddfaf6143c0230f950f7f8ef4bfc550aa10e59b8bd007f0039f2f5fea2
f4d403a902370e1bee8bed72ff740c82017d104206f1fb5d002a033308a8f27afe39064d076d01be
fb7a077d0f7b0a6dfd8c0296fe070fb8fcf10685f79a0a6efe8a08d306eb0c41fcb21721004affe7
f9370fc6006ffcda0203f954ffaafbc20219fcdff60c0dc0ffbcfb88ff410091fd07fe970f13fc27
f3d9f437086e16d9fce6fd45fd70f9c3fb30fef4fe17092e03d610f30216fdb604e0fcd4ff6cfc35
f10518ede80f15f5028c00c9f8550102005dfed3ee100d60019603bd0665fc67f40ffd2dfdd2fc9a
fa971c5209ec0faffd65feefff11f896fcb102b7f79df76f048dfc31091d005dfc3000fbfdaefdc6
f7bd086c0f94dded0179ffe3fd2ffe2af9fc004af1db0ffa06f50c7deb1df94f00fdfcd8fe41fda4
e1bc0c66042b05e9fc9cfeb2ffe9fe4cfd44fd8f099406ca02b21d99fd3dfad71342feddfdcdfe54
f13b086c07e51742011cff77fcaff96dffe2fcdde5860a2a023d07e1ffc7fd7708d1fe9ffd57007f
092d0427fa8802cafde600bd010bfb10ff03fe2fdc1d136ffc2afb0d007afcbfffb8ffd8fcfaffaa
01770b1c0758e37c006dfd75fc0bfd9b0003fd47e07cf70a0729f4e8fc7202dc11e5fe0efee6ffb4
e8abffb0fa56d8d3fe21ff15f796fde3fdf7fd1ffca704530d6aecf2ebbefdca1382ff4ffb42fe96
e55c1aeb0137ffc70277fc3c0069001dfe6ffe07089f06c7198a000000dd0117fb26ff32fc4dff9f
f25dfde7ff90fde4fe020132014fff28ffa6ffa1f6680a23f79a08f20564fb200aecfbfdff6ffd35
f7f411bc03a5f2d80033fba6fcd5f9c4002c0061e8f412cbfbfffb18fdc3f990fcaefb14fbdbfcd1
02d3fe1becd8ef6ffc230050fe7bfd390456ff3af60e066df46800c7fc8dffc0f7890112f933fe67
f0bae03e1202f269fc79fcc7fc590214ff180200ff030b04ff72faa7e0f0ffbaeac6ffe5fd58fcf3
002b0675f5a5e4c2fd38002eff3afb19fe05006e19f90f0c0c8a062603a8fabdf41600d8fb01fe01
04ff02a706bdeea5fc7afe10fd97fe63fd8a01ea0a54fedbff78fc2206aefd02097ef81afb0200aa
049af97ffd8f12fbfc67fd04fd8bfc09fde8fe161d3a057f0073f8d5fe14fc790744fff5fcd7fc40
f319f09303a8d703feb1fcd4ff90ff2e00abfc72ffcffc2a018208cb0424fe8ffba00309fdabfd35
ee45e9290ed20a05fc61fe87fc93fd19f9e4fea50c281036fd0b0ee705dbff690f47ff69fde6fd84
14f1f94ef2e9f84100500131030900fffa7900ff0eea148e0d6cf58e118cff230555ffa5034f01ab
136dedabff77fcbefd79fce5fe64fe60fad602850d5bfcfafcb800e1f873feabf89ff7e2fcbe0149
1755f09d00adfbcefe7dfea6fb61fa9efcb0fca11270f74f0a4cf82c0102fabc05c9fd1b03130213
ef7aed48f825ef8cfec2fac102dcfad0fecfffe90df1f3c2f9acefd40953fd7fff8e002ffcedfe4d
f9100e71143f16bffd47fe01fb74fb0dfeb7fd910339ed8d0e1efa5f06fc01ef15d3fe9800c70021
edf10e6b0dffeb9bfffdfca200dafcfdfcf800d9165400fe05360e3a0127ff60002cfa7302bdfe39
01abfec6026bfdd50001ff35ff75ffda019e01310172ff0202f10259005801c7049dfe6cfd63fded
fe51fe5e00defd0602e2ff42fed7ffa0010b01b1037301abfe6d0643018500abfec90048fcdc0327
fc4a049400a702f2fd6401b40044fe4e02c002fbff970397fda1037bfe9afd78fd83fe3f006f019c
fbb4039afff5009d02ddfe70fe67ffaffe60fda7ffaa012901340079fe89fd0bfea702a70080fff3
0104fff600f902c1fd71fedffdaafe5dfcdd00d40127fd72036202dd01d401880011023bfe930257
02e000f9feaefd9800d8ffbcfd14025b01dd007f00f7036a000e0062fc2c02940116ff4902deffab
fbef01420023fe94fdbcfe4d010300fd02b901c4fd91ff760358000bfed8ff73ff95010c014700c4
0379fe1601ab025bfeb7021302420195fe900172042cfdba05bd00daf9f902aefeee01e6ff9802e3
0283fa6c0181ff0f02aafd86ff2d011a02ce0009007dfc7efd380255faec019f0042008400d7fe45
015efeed03e9fd6c0042fcd601f8fd92fea5fd58fe92fb59048affaafe8d024b05b7015901b60072
ff93fec2fd2100bd021d001bfea10064fed501b1facb047f00f5fe390009fffffe7f00d400ebff31
fd1f028a01c3fdf3fe9ffd05fe81008b01c0fd7e02bd01fbfede01f305c9006902a1ff99013601b0
fbe9ffc0fda4fe8701d50253015dfe80fce5023bfe53007804c801f202e1fe7aff240083ff42fe57
fe7cfea9fd740152fe500270fdb70332019affa502dbfcc7ff6afcc8fbf100fbffcc02eb021d02c6
ff500262fe3a012b013a0316fe25fe6d020601a7fbff03f30006ff5d006a00a3fc0f00d6fd12018d
01bf0120fcd9febc01fffd2dffd60147001afd2b011c013fffe2ff2efcf8fec9fde702f1009c01ce
fe2301de024fff1902b7fde302adfe9402eeff1fff7c02c7fd45001cffecfe1a01aafeb4fe93fd71
032202c80299fda2011e03230286fcd2031afebdfb5f04670244fe0d017c02cf00e60069ff44feef
03090596028cfdecff50fe030312fdfdfefb018d01ee031efbc4fec4fa5800e2faed00dbffe30158
fee6005f01920025ffc4024a0225fe310216ff4c0110fead0222020bfdfdff33ff23ff70032b0122
020904d4fe93fe3302d200c302b7020cfd47024bff59fe38fd2bff04fcef02eafe3902ae00290278
025d02a0014301540232fe44ffae003ffdd3fd1901e90744fec1ff2cfde4ff2cf990fe3c03160183
fd67fd6401bf006cfce3fed3fef5026202a501980046020d046c038c04b8020ffdac01100213025a
00600133000804eeff5cff9d013afddffd05005d023c04ed0013004901310320ff9f02d001c602de
fef8fc45ff0501190158018ffe8f004a0084fedc016d0172fe7afa9afc5402fd0239017c014a0044
07fafff3ee9e0524001dfe3e0089fa7dfeb9ffc10678c764fe42059800e2febff9890110fc28fdb4
19e3dc1dc9bad246fcecfea10122fdbefe7902a01d39fb6ef24cf2dd0ffdff18227e0037ff3fff0b
0f3bf1bbff6ae553fd2c01f6fc94ff20fbebfedf17daedeee98902d80629fe6d25e8001cfdd3fbeb
156f0382da8f181d02d2fbeb003b01900367fd75ea00fa18d6e801c001b0fc0e1c9600e9ff01fd07
01330fe3ea4b1f390226fd95fc68fce9feaffe75e5d2ff6af161fcbef947f9cc3be10124ff9601fe
184615620a2207d5ffdbfd03fb03fa96fe18ff8a09d3e306f5dd149913620119f653fd6201b5fd2d
0233feb5f2d3e792fd14fcf6fee6004efa74010214e7f6940139ff6a0b9ffb51080801240112009e
0fbcfcb7e24dffeffe30fbe3febafbf5ffab022c08e0f2ce03bd0dd60982fbce09eafbb4022dfde4
f5a0fd1705abfca3fc3ffd5afcb3ff33fd3801af057504590ac1fe510e6ffdad1551fac100d4ff28
f21408a10b2302bb0030fea90021ff06002702a604ef07c0fee015fd189eff8e041cfbeafbd5fdc9
f389ee6e127a0a3eff41fe4afbc8fc6900e1fd220cc506f1efd503080137fa0ff007ff86fd3ffcf5
fa54041cea43031e012e0068fbb9fcb8fa75fd84119b0120fd33fe1d0f85f956f7e0fff2ff4cfd1e
129ef9efeb87fecaff84fddafd8f00a0ff2afcbb144dfa5a09df07b715e2fa4afc3ffc3e0022ff80
0357142d05b8eb9d007efc14ff91fdf1fa0f01a5ff8b062f00080ab221ccfa00e70aff94fd770033
fab312570bd50b62ff46fe2effe8fbd7fb58fe3309f9ed980e84135f0f76fa6c05a9fd1a0038fe58
0856e437fd650a65fef0024efe40ffaaff23003708040c260ea8fd59f803fbedfb23fde00112fe73
fdd4ef7aefcaf161fdd50104fb5aff4bfee1fdc302c2f8c5005a04f60afcfb2debedff3cfe1101b7
f68de441ebdce0d0feeafe4dff46f9f6fcecfcb30321005c02a300250587fc71f0e3f9cefe45fcfb
fa750c26f443fea80155ffccfdd9ff82fe8101aefc48fd6608e9fd980e2efd93fd3dff1cff3900c2
090411b300e202b0fe370133fe770195fc8efce006a90d4f0e5e0d8304d0fdc60865fbcafe3201e6
dae9f91f0347fd7300a0fe920090fa4df9b4fef3e3b5fb35123915feee80fd48f8d2fc45fdd4ff7d
edd2f1fc0753e995ff8cfe6af8d4fbd0fbe2fe0bea3eedc10991fcc8eeb5fce7f65af9270089fe84
0e3bfc2df4a7e540fe6dfc85f85dfb45fe34015a0b6efa920d96f1b602b6fbe7fb11fbbffbc800dd
0dedec88035b0601fbe501300152fd7e000b00a711c90d31fe8cffbdeee3fb14e17affc6fc89fe29
14781422036af905fd1dfe9ffbdbfe28fbd6fd8bf6e70adc01ad0bce034cff78f08d035ffec5fc15
16df1ad2191e1112fc8bff48fdc2f9edfdf2fd7cfb08f7bde8420679061b01bf1132ff020105fdbe
07751980fec4e5bdfef1fbfcfa81fbdefc76ff7e13e701faf3a9fd6c078cfea80f5d001dff9c01fc
08bffdfafc34f3bb0228fffef9a5fbd900d8022ff07aef2fe3750627fd01fb320d73fc7c0249fe4d
fd8006f0eb5c19f3008efdcefdea013aff62fe80114ff43ae8f6051202eafec3133dfc6c002cfe96
fc630581f3ebf16cffbbfaa5fc8800a1ffb101bef9df01daec600d7bf06bfa40f38afd58fc5dfbfa
09ede774fb8aefb9018cfd3efbbc002bfeae01d20601fb11e91a02210c1fffd4fb74fd1dfbd70184
00f8fb44e917fe9400fe0161f93ffbf9fb0202bb030f0cebeee3fe0ef08a007507ea0007002600a3
0800ff82edebf63efea2fcc0fad0fd0ffb8d009afb5f03e505a50a6b0fe2fcc50255fc3d00e0ff17
068afd7418d9e3fc002f0009f9cfffbafaaa006500a903b0fbd400560716fe44edeeffabfe5c003c
e9191ebf048bfb50ffb2fe80fd900095fd4202a9f21b01f50302045b0849ff53ea94fedcfe9ffe9e
07b5e20fffb205f101ea01eefc2dfd29fd480032132d03b0fcc709b509e4fa99f05101c3ffc0ff6e
f511f586feedf64601affd7e01d2fadffb98fcf000e4fb33000804620f14fde6ff1ffd75fca400ad
f96efe97e2cef2c0fd9ffb5cf9fffe9d0121fe97f98f0a4f055eeb0422e3fc6bf5f1fd3fff4b009c
0c120b9d036ae62a027e0148fce5fb49fbf5027ef6fee33c13330f3e0274fe0efe82ff7cfd7efdca
029e12641a1204a1fe5bffc300c90028fb5e01c6f7d304590795fff60bf7f9fbf76afd9300430174
f73cf0180c650433fcb00008ff2cfa83fccb0175f903fa4d1414065905befd57ff9afef7fc41fe96
f02fe72803cdf4d7fd42ff64fbb2fe2a016bfe6dfd85ff31f9f3033df79b00e9fb18fa93007dfeee
0a3df117ff1ff337fc45fed2fbf8fb0fffbb005f00e707b00a25fa8bed2cfaf6fb7bfd1ffdb6fe4a
1442f433f3e9f05afea5005afd7cfdd2015402ba0472134dfd1c0b4df3c8fe93fed101f9ff70fc27
0d6502fafe4dea27fd6a00e1fbadfbd8fefc027e078c0684f8c311d8eedbfa94048efbcffe34fe93
ef26ebc40a7f0d6d01af0202fc15fcc3fc2efd0cf475cfc9fb70ec74fb58fd5308b6faebfff7017f
ec8ee6d0f75d0abd008500c9fdaf0085fb6aff0202c80249f976f45febdffd9408c1fd45ff81fbd6
10dafc26f4b1182d02c70012f78efb2f04e6fce810dafc0f16fefe30fbd20028f9e2ff36fd6800f6
25160999f550205b0280fb9fff76fca3fa46025d12c901010c961671fe4efd8f03d1fe6d0076fe84
1ab2048efd76fca0fdb00071fdf7fe0ef9eeff941393ead4fa8207651f4dfd1e096afc6cfe3cfd61
fb4008d2060f02bcffadff1afde8fad0fe87fe42fa98f979fc821010fe5f0253026ffd3cff3afcba
0acaffdceeadfbc2016afc43fe5e003f000101c400d6ff13f7d10244fda5fdf00514fbcafbdf0114
1185f159f476000800a1fc2dfecefe97fc36ffe5f84ffee0ed55fe3afa4bfdb10900fcaafeb6fc40
0ee2fd8206a8db6d001a000bfe92009e0110fd9fff5306a7f507f0e0eef700700a96fb7efead00bc
efc3ff2bfc0f14fcfe2fffc1008cfb2e000cfd62081cf971f5aae56feb4a01acca00ff9aff4cfc9c
f527f76d0ca00179ffac0049fec4fa180062fd70049a0d0bf52f0358f997fd0cf8cd00c3fb25fc5a
00190c66e318057101aafb76fea40035fe40fee60969f57df83ffd60f68afb36fb55fc4bfbb6fc48
0c4cf699039104aafcd7fcae02230020fe2bff07f73011aafc1e07e30cd8fc9201ebf985fc9afdc8
0eea0188000af431ff11fcf5fd63fcefff02fd51fb230b0bebdcf4b2071ffd78e27dfb32fd4100c5
f1591ee3ea35f9e4ff96005303f2fa1efc27ffc60a30ec0ef62205eef48e0359eaa1023cfe35fe04
fe48fcfbfc211393fdc201b3ffccfecb0035fedc03a2f81504a4f821028bfe5cf2da0256fcdcfcdb
f809ffd4e13a0dcefe30fe64f666ffc6fc9ffd3703d1f97cff6b062afb9b011cf7bbfbabfdc9fccc
0370ee9cef81ee49fe8b004afa1efc00fc7bfc7be7590ac400de0a07fb0801aefb28feaffbdaff8d
f13119abf703fb13fed7fd0df909fba9fbcefe9aefc4f32d074e02d80abdfdb30cc6ff0ffcbafc26
da3c38efebccf429fdddfe340310fd47fd4000630195099714dd09a908aeffbdf4a0fce6fd8dfee7
fd380540f9ae0c720184fff0fd31ff860068fe67efeaf1e4fff10157fdbeff76fba6fc64fbf4fca9
f9ce0b7cfc02f75a0232ff2ff7c5fd93feeafd59ef7200f2f32e02b3f863fd2ff113fdbbffbb00f3
047af60efbee0f82fdf001e0fe6eff090092ffdbe782f10f0b35fb50d34afd1705f9fed3fe86ffad
f8cb0efff91f0c74fd23fdbef8ebfda7fb1affd1fcd8ed65fbc1f1e1e2fdfd5401070053ff5e0182
ec361cb10915e7ddfef8017efba700dcff2dfe1afe8dfaaf01bb0578fb3bfe82ef7efc49032efef7
f677f4e8ebae0a01ff4afe29fce0002afbd0ff61ebc60278f9f80976e6b0026ef504faf200f2ff5a
f6460873eb14f08f0138ffdbfc69fe6501b3fcedebbbf500ff11fb85ecd0f9b00e68ff88fbacfc94
1193f71d04630a98027ffe83fc69015fff5cfdde0617ffdce8a6e347f876fcc7f871fda0ff100142
060bf20105dd049a0179fbe2feda022bfcd9fe17fbf918a302c504f5f4b3fc470624fdc6029bfef1
007d0c39ffd9101dfeeffe5afbe5fef7fdf2fd020aa00a441cf309f9f8a6fcade8aafde50135fcde
08adf5180c992813007afd64fd74fca7fb1efd32fdb3fc0c0d861a1e11b2fc3deded0228fdadfbd0
f7672305ec78154300d7fd17fbfbfd3700d5fd7219f20770f1de01ff0335fcc40068ff42fbffff3f
fc131806cf93f9e7fc96fefdfb3701f3fb0bfeb3f0f7f8a0054cfb6efd27fca0fe9affeffe71fcca
00e700c500c905130158fee2fd99fd45fcdc008008da0090f99607b105e4fc1bff2cfe94feaf00f4
fdbb0a4b05dbea88fe07ff76fcea027afc1c02b8038e11bcea6ef23a0015f94e1455ff74fe930008
dabdf81411a20cccff4602b503ca0018fa9b026af973ff3907c700f1101dfb51f69700afff1f00b5
f4d8fef10f300174005c01c5fceffbe4fcec0047eff1fe480260fa701142ffd3071200e5fe89ff8e
027efcb7ed8bf33d00c2005d010dfc65fa72fcd90439f4870ae804280e9afed3fb1afdcefe550119
f8e5fb9cf41c074e00a70025fe75fc39fd3cfebffe3efa190b320c9614a8fbae081dfca501b7ffb9
e31c137f0e21f397ffa0fe81fa27ff45fdc5fd37ffb509da0377fe6106a9fa82074cfeeffe2c018c
e273f0aa0d70020efd8702c5fe4ffe63faddfe3d0543e3c70eab09a315c3fbb30988fcfffc1eff0c
f23d08610a8e0fefff1801a8fc28fd33ff2302adebfa05610d8a0ec50583fd3002a2fd03fe40fe5b
f4b1f81dd917ecf9ff6afc73ffeafed8fc3bff5c0368fe2f18210a33092aff1209e9ffb4017b010c
060af48d1cf1e6a401120274fca101bcfd52fe9dfed8ff9d05a700b6f7090176fbd1ff05fdb8fd7c
f01a0800fc3edd55ff72ff13fb39fd59fe9dfd7cff9df1070b91fe8df8befbc0fcf701a8ffaffe0a
06befb8516fc1522007effd9fd99fe38fb19fdb5059fefd7049a09a6142bf9d4ff07fff5fc1bfdde
f08509ee08c106b3fcf6fe12f940fb1c0012029901630b98f881fcd1f03dfdce0b8cfbe201540141
ef33f9f1ed41f617ff10fd5000dafb1efd46fe62103a0483f89c0779f849fdd4143d02da0107fd75
fcb7e30801e3d4d3000201cbfbabfc70034d012005a50afe0a4705c50e6103190369fe0afdeafcc4
10eef421e5620f40fe92fd15fc3fff89fc260322049aff8dfd86f7620ce100cff0890006fdd30071
08ba047cfcdf0c8a00e601ebfa7200af026b0264f9e1f38309580038068afd4de8b0fc9bfd2001c3
0d8c03ce10c40c2d0065ff64fc60ff17fadffc7af6ec0ce708ae042e0895fdf7f953fadefe2ffcb4
030dd9c9ee080892fea70109fc4800f1fb17fdc103a6f50a0b63fc030e07fa1efb81ffb4fdc101ca
23ba0748faf5e19d0152febffce90056fcedfcc60c94fe77047cfc8a090bff1efc4afe3a00240096
0ff1019c0e850cb60116fd4efab500aefd13ff72fbaefd7c04c6007df0a8fe11f8f1fd6cfc6cfdec
ffa6fee200a6fdeffeb8014d006afe890138fe7dfe43ffedff4501e4fd34023cfb7102820322feec
0098010e022cff79028e0125024b0138fda7ff65fd42fe46fe40fc98fe3eff21fdfaffce0073ff94
fdd7fc4600b902fc000a00ee00fa0224fd0dfe32fe64fb9dfc4c043efccdfe7affd6fdd100fc021a
01e80250fcbd03a700450126fe78ffe201a601a5fb500344fde900f2fe40fe9dfab5fd3efed001f6
00a7ff4bff43ffc5fff3ff88fde4ff15fef00081fa4800ccfcbafdf3f8f1fef1fe5802920036fd72
fded0018ffdefff00298ff550015fe77fe1cfd92fbc7fccbfd8bfd360049fe63fb8300a500c6ffb1
febd0724ffa6fd830027fe00019e00faff41fd450208008efc0eff0400f6ff78f8a703d0003a032a
0128fe0000b001820103ff02ffbafec3011c02c6fee700df023a0180fe3dfee4fb99fe92fd4bfdb4
02b5026cfed30116013701cd0206ff00fea5feb3ff3f076bfa45fcc3fc7001f104ed0468009c00e2
fdb5081efdf9002b0139fcda01edff25fe8200c4fc5e041ffbb4fb10fdd20201fe23fff20293fe98
00e9017dfe27fd670203fe9300bafdb1fdfc02fbff7f0556fecefe8cfd6bfde2ff37fcdaffe70214
017303a9fea0fdf402dbff8d0270015601ec02a8026bfe04024e017a052dffa903680142002aff86
0181fe7100b4ff85001f01c000cffe09013bfdf8fdc6fa010179005400c8ff85028a03070186fd5e
fd5bfc4d008102200245ff6afda502b3fd6a00c20066fc57feadfd20004ffff500e0fe9a0204fef0
fdce040a02b6fe9d00e200cb003b023a0215ff2f010907ca0150035f04fe0034f99bfe56ff8cfece
ffd8014d01100035fec5fceb00b5ff59ffc5ff6d0117058cfe3601fdfc5701a7fd9aff3e009f00c1
047601a6fed9ff16025a025100d2034afffcfde2fb16fcf9fc02fc98022400d4fb55feeffdae02e4
00d2fda002cdfdf202f301db01e202acfe2c01bd000301960387fc96008f0267ffea01d40155feb3
fbd606cafdd5ff8a0272008aff6302a5fdaffd4b03acff13055407ec03a5006c021d003ffea402b1
fce7ff3400f7ff90feca0371ffb50067fd6a01e2fe36011bfe610357fe6d008afedffb710046ff07
fd4300ecff6700a90299ffae02b2fd33ffd0003efb2e016efe2704c301f1fdcefee3fd16fe5202fc
fa200272fd69fdb601ab00daff45fccfff00029cf3ca01db076300e6fbb0011dfb6b007eff5501c5
ffe401c6feddfc93031efd2d0167ff47ffd002f4f7ceffa5fbe1fff1f797fe7bff94015afe3e012f
01aeff72025b0270fd3bffc1fc7afd460158fdcaffdc03f9ff55ff9bfbc4ff46f995fdd400470286
fdf6fef5ff3c046afd7300b7ff6a01e8ffd7fcd50112fba6fdb1ff35001c0070f908fd21017afd5c
fce807c6014efe78fdaefb5800abfb4afff4fe5e2154f774f80ef337026bfe6007290255fbbc0093
f5420508f7c7f0090099ff04faeefff9fcd9ff7d01c9f8c9fce1f464164d007a021fff97fbf20166
0167032904f306730109013ff823fc300147ff1eff6bf26e06f4f1060e67ff140264fe1e008100b2
e40318c70099deef021efe6afd150020fd13feee0fa010fb0feaef1e00f5fabafdcffe11fd79fd24
dd58198af46103abfc32fdd50175fb5cfddbff240791eddc01b61f42f297002ad955fdd7fd43008b
fc7b0275046d08780237fe00fe0ffcf4ffe900ef01800da8013bf9d7feb500c20a74fb3bfdcbff05
fd1ef90ff2f002740140fba6fdd0fe13fda0000a0441f80f0a0b03fa0191fe7e16ea005600a5fea3
0d030546fe0e1a61ff10fdaefec3fb0aff76016dfb40f2b304e70e1a007c017507be00acfb410177
f60a0023f51cded2024100f4fa52fc37feb6fd2f0acb013a1153f779fa6afd201c5bfe6bfcfefef0
dadd20a60de0fa6cfe250154ff47fa4ffe92021a088d1a1ff93832010d0cfb0a10d7fe3300dd0125
fc4ffcdef4f1019e010cfe66fd46fb66fd10fd2b0351eb35f2620621fbc6fcee06e1fdb0fe7cff7d
1191fab8ec4f0743fde1fabafbcbfea200f4fd8f0a28fbb205d90bfd0cfbff0509e1000ffeb1fd94
08ccff700dbe1317feb302430156ff2e0067005dfb36fd1307bd039df13dff5d09a6fe64004a01b0
fd88fb04090deb7c028601170228fca5fac800e20783f83c10a9fb0bfa20fc140c14007cff9afce9
f4a3ff76076af023fe1dff89fdc1ffb1015801820c8815f0fe11f9ae13a0fba21adf018cfda8fd31
0822032d03ffec21fd44ff69ff9afb7f0104fcc70dfbff36f864047c023efc3df764f846009dfe80
03b6022de5dd044dff4cfcc2fa6afec405c2fc760c3bfd470c000710ff26fc3df9bf0088000201d7
0538f06cf1c4fa2efdd2fd2e0138fb52029fff8300340caefe7b14ff02a9017a112103c5ff06ff00
fc9d048d03d4ede7013800500062fbc9fe0c01c8fc050a87077f04ce0558fe1c099efb540127fbf8
fefcfbe3e0eddeb201d7fd47fe55fb6800b8002310280dce0d6406560d14fafee88bfcc1fee403de
00daf7ff10bdf5ebffbcff12fab7fd06fdfafca219ad03710837fe18fa02ff140584fe25fcf6fd6a
1185f2ede4f8ff87028a01a100d3feae010cff0efa0bed35f849ff890e9dfdc9f647ffb3fe40feaf
002e0b3f0969fe75023dff94fe8cfe90ff85015200650ec90118f54b0142002d0606fd43ff4dfc9f
00cb116aefa2ecc800b4fdd5f8e7fc84fe89fde7104c0c32fc6ff86f1483ff740710fb44fd350002
1771130ee7c2f371026ffd7d01dffe13f948001c0bef22f1083913f00a56fe98f210ff46fb9900ac
f85bec3418b31461fec8fd55f99900cbfd7efd07f17e05e406940a9efc18003305aaff17fd800175
03d90676f44dfbb4feab010ffe7f00b1ff2f0100f42109af017bfca7fb1903250ee1ffd0fc28fc57
06c40996eedaec4ffd58ff89fb8dfcbef96ffd54f5dcf154065900b1015801e7145902c80134fdb4
0c65fea002a3ffcbfcf5ff86fb640044fb65fe7df5d0fd41ff5e0e7dffa9febf1628fe73009ffd63
0626f3670495186ffca7fa16fea40151ff6b004e0099032cfcf50a730759fb981aca009ffe4dffbc
ec42fe7f0adbf8bbfefcfd0eff05ff0dfd30fca6dcb3fee4014f168901aff922f14ffd6ff93e01d1
ea25ff09f482e76800dcffc3ff110014f9b1fe0ee1e512500025fc51fbecffd1019bfe81fb9b0206
fa9e0d5de61b0198feb1fc5f014ffd67fb8dfea8e9e0064d1215fc2efdcafe7de997fe5bfc78fd5d
f98bfdf2edb8dc7c0159fd1f000afe1bfb83017fffa20bbd093f1124058f01fbfb340247fefb00c8
ff9c0117f56c0d2afe1cfe83fd72ff38fbd8fd9ffb66015b0d93fcff0100fc6dfbd6fd1bfabefcd5
e4bd087f04fef40401ce00c5002dfe59fb6cff40ed0ff83df729fc76fd4bfb750d1c019c0119fc72
f7aef13012dbea54fdc3fd7efc7bfb53004800f4f83c0e16f9c4f323f8d0fb5ced82fedaffcffc36
04dbf5330360abad00cdfd70fdd8ff7c036301e30827f9faf58a01b4efeffed2f808fd12ff5401de
1049e9300349ebb70019ff0b006e024ffdb0001216a2f9e4f4f804a0f668fd8f0956fe92fd36ff2e
1f13dcd40a6df03001f1fc3afd6aff65015aff0b092eec23f407fef5ef01ff700459fcc5fbe4fc5f
0012f9720dedff1ffdf3016ffaa1ff1cfa81fcd1ffa210811321d2d0fcc6fff11044fd95ff78fc16
025dff0eefa702defe2cfdd2fde7fde8fb98fcc818d20b5af48bde330ddaff6ff442fce1fbb8fca2
03eff062ec77f3ddfce100a8fd13fb02020a003d13af0541f3210717fd2a028decc7ff80fd56fbde
0ddde6b6ff68ff49ffd7fe27fcbbfea3fdbefd5b111e0981f031fd59fbd1fcda0000fc9200230109
128e04e3f69d1821010b018dfebdff2b0109ff89f828fcd5ff310229fe9afd71fb82fabc01960046
fa8ff1c4ffa705cdff07fd9efc68fb82fc20fd7e0722041dfa58fa050919fefaff3702bdff55fea6
05480004095d04cdfcf3fe55fb83fc4cfdb2fd6afa2a022c13fe071c031ffd9effe7fdd501130081
fa74f8c1f9cc00e7ffc0fcbdfccaf8c1fd59ff4101d9f41ff7acf5b20c56fb90f9defda1fe18ffa7
0bc2fa2cfd480a1cfedffe25fcfcf97dfffcfccdfff1d59703e8f28cfae4000602990015fcb5ff77
ef05fd4b09a7048b00f2ff6ffab2faaafd3affdc0816d4040d7df5470aa7fdee0e4bffa9fe82fdb2
f1310c4e00d01ddc0089fc1dfd41fafbffec01adfa890770fac60bd8f5cd01e9133afd48fe2700ac
03cf03af074d1b81feff008ffbceffdbff9dfd2aef4b0e98f51efa56f934fa7004d5fdf0fda6fd9a
145a099a0907158302a00047fda4f980fc7dfe76ff16f0defb3f0712fe65fd96ea97fb9100c3fbc0
1762fe8d27880dec000bfb5dfaa3020ffe0a01d10fbd0ca8f8b4f3f6f728fa0708ccfe54fdbcfe5e
ef4b0ac201d510ba024afb10038dfdb3fc680099eac105b6fe4a07d10af6ff8d2ce300fbfc0eff81
054409fc0a32f81a01d9ffefff51fbccfe24fe20e60a10bc003a04cbfcb9fe0a0608ff14fc25003e
faa0fdaff7b3043f0003fbf2fec2fd41ff06001ae74911d0fe17fc40017ffe11f970ff06fbe90000
0614ff1802961013002eff30fc37fefffbb90013f70a027dfea6f4b6f59e00350083fb99ff67ff78
078cef4b0e01f0bc0073fcc4fd700075fce8fe3400e00820fe9feb54ed27f952030f015cfda6ffcb
0162f2a016e3fec7fdcbff5b0572fb7ffcd6fe88fe2211baf9f8e59bee6d0144022e00e8024000d3
06ee05380a96057501cffc79ff06ff58011501e10a0f0ef5fb5c11ba1094fa560004ff870064fef2
f33e0681f894f50bffe2fc94fec8fda5fe94fd35f8451485f60103e7057afc9e039dff69fe11fc72
0d94f2ae13e702d40002fca2003efecf008c001cf09803d8f1f800a601f4fe0a0188025cfc970022
f1beef2e04f3f387fcaafc3dff9bff54fa5500ffef8afe70e230f17fe2ef0147fd8e00fe00b3fc0f
ffd3014cfde9f234fdce0110030afe5bfc69fed0108d024bf72eebf4ebbd0181fa5efd48fb98ff8b
0615f4b60deb070a002d015fff92faea0114fe42171408930b4708ce0e34fcae00d0fa98feedfe4d
faae06a5fb24118cfdb701aafcf3fa7dfdd10109048810d1fd05fb89fd12f9ed0152ff64fc89fd0a
020cf4010af3ecc20100fef7fca2fcacfc3e01b5fd4903f7049f174ff186fc4908cc0088fd58ff14
02c608c1067df97ffdc1ffdf0232026eff8600440e69f66dd6adfa50f027ff47015aff15ff0cfc2a
1746ff16e8b5057bff10fd3cfffb01daff9401c2142c146afbfbf79ef7b40121e7e8fd5e0202021f
08e0f4080cd60a980077fec0fc62fe7bff6e01950e03079610c30afcfb26ff5bf876f9fa015601ef
ee6bfe090530ff4a0076ffdafedafa490356ffa408c4fd2111650c7cf487f906fd06ff24fcf90005
f3030e06f043fcaa00f0ffe5fc44fb0efe42028b1586eb970e42037a00d20421fee60238fafcffb3
f72e18f1052f02640217fe6ffc11fe00fe1affdb0dfcf00afc91fe690209006016180020ff5c022b
e0fd0d1b1069edc9fca7fed3fb54fa88fdf6fc8d09a5092f0862062d131efecff639fcbf03d6fe15
eaebf68b0e6e26da010a00450004fe85fd0bfe3fed5f0882027e0e95fc5fffa0f40cfae7fd0e018e
ea660eb70ec8ffab01a3fe13ff160003fdf2fe1ae91815a4fc21fe4f05ad041ff02affeafb830199
ff840f9ced39f17b00d2fea10012fd57fc82fef4fc2605a6018a027b12040329ffc7fda0fc6e01ff
05c91cd60cc2f28afce3ff52fe37feb2fb5efdd601ea0743f65d00fa0ab3fe9e09b6ff57fea5fcce
f95e14f812980c520169fc5dfe49fb77fbec029d0153055d09cf0c400780fe490904fcc9fd370172
f0ecff3304f505bafd4a02b5fd59fba4ffe40184d62f02b3077206e00c86fc5e000600b50031fefc
e33100e51fabf06bff67fde0010df91201a5fdd5d2320df406e1ed60f9ac00d805fdfd0ffed3fd1d
f9d10a54d971bcfdfda4ff26005a007101d5fe74e67d0ab907a9f7ce0b77ff39fa31ffe8ffa0fcd7
fd4cfc0d106ac6e5fe5efe4eff7801e3fe07fe97f3cf0eee0436006816aa0115faaefc1bffb9ffd3
f85003a40dfbe9e400b2fea4fd9bff78fd2cfd6bfac504a40975fe4e0b04fbc8ea93025efb0e0059
fc18004dffc4f4c102b0ff1afcebfefafdcf000cf84608c909e9126118bffeabfe49fb81fcfd01b5
f7d5062d0a100d460067fe7cff8efcdf0019fe950180112a0aeef71201cc00ea0d66fbd3fd860206
f2a4ef77e3c0c73bffadfedd036cfc02fe59018d0ef104b4fd9408d9ffe2feb9feee0054fb2a0076
046be5c2f6240be0013cfec70151fd9afc7ffe3b0b6d0a87fa8912a012bf02b20d11fab2fd55fc2a
f56e0ba5f474f3ce01f60181fc860056fd5ffcd1084b02b4ffe91ce61176fefb0354fedaff50fd2b
f07ef69c040a04180289fda4fd52fb7dffc7fd5e044e000109a9fe72084afb9beb06fcf1ffbe010c
068dea800c6ffaebfe43fc960028f94bff9eff810918070a0cb2fac405b7fee6f94bf8d0ffa8fd91
0b1df1cce75bf348fffaff61006dfc31005f00280d85fd7706b906db0bcc030906a5fc39fe8bfc9d
0869e8b4095b14a50190ff2ffe6ffd72fd94ff04102af792059f04f71579011efdfafc0efd21fdc2
02ec04a40134043601bdfc4efb27012df908fed10eb6145e0859036c0bd60021ffaffaa0fe4001ef
1797f6e3fccc1109fccbffa2fd4efbe3fe47fe5b0c68fc5af907efbe02b301d8e04dfcc4fd24ffea
17a1eecf11bcfc340008fb82fa35fd990005fe95008ffe0c2b560983f0fcfc0bf342fb7ffc1a0147
f884ef40f1a1f1bbfecffe7cfcd2fb73fac602410f24ec7d11220805eaba010af8a80136fe30fd86
e9e908a1f71a0825fbe5ffdcfcaefe9efc2201cc14d8c7ec1974000bf38c0459f397fdb700110217
0238099903d404140208ffdaff430057f9de01c812a1ee5d0aa60f220451fe2c031bfc0cfd01fcbd
f6dceb3a094b0af8fdc1fec2fd01ff30f85e01a4fd3eee9bf8e6049dfff0fcfcfac2ff6d00cffc78
f8de016f03650662005afd64fcd5feeff977fd06fe5b0414fafeffd106ddfc5efc1902ddfcb0005e
09a40cd5ed3efc6efb9ffe3bfc7bfe7efbdf014cf66ff2f9ff28ff0504b0fb00fac8fbf500c2fdda
0761054bf7dfef80fe9b00cafe01ff57f942fe1af7f8f410fa15084b060bfeadf57dff3e021c0123
fbcb08aafab7f7f2fc55fc31fa0bfc0cfdf701a00535fe49fdfdfba1fd2afa900c29025c00fffe4d
de6afcfc148ef52cfbc1ff07ff25fd8600aafcbf027cf355069111b20d85ff09f0a6feb3fc7bfde1
f3ac0bff1874edfffe6a0063feb2fc64fdd30314003f074804b2fc90f6ddfc2bf40900d3ffceff89
fc540fe513cfe8b4fd27fdccfd42ffcd0069002500b2020f0ad6036bf768ffeaf4affd54ff03010d
03a506610249c911010bfeb4f9c90048016effde0454f178017c07490b81fca8f673ff9ef9fdfd02
0732fc5a07c0dfa4ffc700affe6dfc8ffca802250f18f7470f6f085ef3d80083047901e5fd2cfeb8
f13afc4ceea002ad013c0036007f007dfff300f5fc16eaba0d54ea32ea01fb3b0a71ffa0023bff9c
edc6f932f982efc1023eff0afc00fd97fc28fd8cf7bdf0c60d32f582fd66ff5cfacffede004cfcd8
fe70f803f8edf107fb35ff42fa62faa8fc40fdd41595ffc10db5f24a003701fc04e2fdc6fefd01f6
0b0c0967f65cf54afcd601fb0015fda0ffaffce207b6fe6cfca603ea0193fe25fdf001ecfcfbfbd3
122cf18df177fec1ffddfceffad8014effeb028c0132fdbfea4ff62af7bd0309f984fa6400a901e6
0a03ff7cf45a068300640154fd1dfea6ff8100ad031ae9baef55caa4f643fd5b0c4efb53fdd4feba
f9f3fd5efae40580fff7004efaf2fe77fcaffd0cf7680720f8e0df98ef28ff1bfc10fce5fd5bfdbd
fb4bffeaf988057afd3700e5f7bcfc83fd84fe92ff1d02fffbc0f0520226fd12fe4dfd5dfdd3fe17
04c50062f5a3009dfc4f0001f8a1fb9a04910218ff0cf63efc1efa79fa90ff0100d80242fda40102
0df4082e08bd0328fc55fc8ffb88fd1bfd44ff41fa3ef29405430860f799fdb80c27fd96011efe6b
0ced00bdfaf30bf6fce0fdf9fca201b9fb68fd69fe4af0f6fe27e62deffdfe78f7a7011300b2fc19
0cbd056f01a2fbb0ffda01a7fdaf01310000fd0bf6b80b4b00dd00ee022f002de57d0121fc6efecc
075203830ce1ff5bfd5efc58f849018bfda501b6f59b13c9f7dcf98f0373fd17f303ff6eff6dfbb5
05e00fde031d01c4fe24fe1bfb87ffd3febfff63fa720ae9fedcec9fff55fc4dfa3102c6012efe90
011a0ef4148507c8ff0b01a2fbf9fc8cfa1cfc5efaede090138cf25b16750202f33b00a801a6fd2e
fa31e7ba1568199402fefb8df9b5fd8cff8bff86f1210f56f751090dfa780125f04e0129ff30fd26
08791782f403e7f6ff6803630234faadfe5400b70465f0ccf0d1fe00037b003d101300c3fbb2fd23
030f09fbffacf268fe21023afea2fa9cfcc0fddbff0ef459f631f9e6fbbf000b09f4ff28012afff6
1443fbba10590282ff4301cafed200b5fb4ffd54f407024b078307c6f91fff9a18a80184fd57fe41
16ffebe2fd5b0cd9fc85028c00ae000efb97fdc200a610b3e901dd58e6c9fea721ddff2efcfc00d5
fb83f9391d090563fe06fd42fe41fc69fd26ff060531ecc8f5b70f7aef6cfdd0fe5d0085feb00120
f547113f04d5eeacfd93fe02fdf9fecffdeb016ff635fe1ff8f109eaf5fa0217ebd0021dfed7019f
e9fd0a21f901f3900080fd85011ffcef0226018cfde3f81af76bff89f705ffbaf1b2020efd860086
f7b5026afa5f0749ffa5fce2ff3f0029fbb501a804a9f79af49df8cdfba7fbf3fcf5fbbaff1efdb6
109fee50f7800e88fe51fd05fb4b008d0031fc62fed3f2abf13df4daeaf0fe09fbbffcb800b0032d
0b54064df6c81722ffc8fc89fcfefde9002e0191cbb1e758e9d4f996ccd7fdbfe56efdc6fc9200a9
0da80f61027feb03ffa6ffb0fff9fea40022fed7f840f5cbfbb6fdb6f88efcdce851fd8cfe7ffef1
00defd51fd7ade440141fc8c00b8ff19ffa3fd171182f11ef798fbf4031aff34e74e01dbfe960100
0ae6035808c5f668fcc4fd7ffb8afe27fe2cff580fa6fe65f0ef0623fd310079ff57fc28fe2501e3
1373f9c0081feb05fe5bfc0bfe68fb08ff0bfdb104a4e4a2f9bf0121f82afe9e01d000f5fc97fd3c
e8daf295fdba0878fc7afd10f8f101080203fd8dfa581106e7f8de01e987f888fda90059ff4fff15
f905083bc750ecc201d3ff460031fdcd001eff8fff772202f739fa6a05f30211fbbbffc3ff49fe42
151207f9ef42dc7ffd14013bfeb1fb95fb70fcc3f410feb4f740f6830e3d014e0413fde7fc5b0212
09210714f97e1382fe60fef4fcb9feb300b90057f624e793fc33ea74084cff260259fc3dfc5bfd05
1028106a069312d7fe94fd8bfc07ffa2fd3cfc72f3a7ef3afddcf844f56901b00a47fddd004c01ba
f175f27e1690076cff6901c1ffbd0021fed001c6fd1af7951383dfcf1143fcbf0835001ffcc4fd76
fc27035bf934075100f50143fdc2f92dffcefd210a6cf6d001c4fa4d117bfca60c81fe8afe8f00fb
04c8fe58e00b05abfee9ffc000a6fa2101e70038fb1cfe5cfd2403f508e6fe20f9870000fce1fd4b
0054f940eb60f6a0ff03003cfc8dfa9601f1000df02ff1e00183ffc9fd71ff4ef8aefd79fd09fd0d
eee0f73f0720008dff66fcc6fc27fdf6fbf0006bfbd7f0bd07e4020b0036fd9107ebfb4f00be0066
fd67f703f6e60603ff38004e0037fc5f001d01b0f378f1dff93c13d1020600bb04bcfeb6fb80fcd6
10a60174f80cf583fcf800d6fbcf008cfb68fd46ffe9fb9f025a143e08d800c819ebfe8d015e008c
0c0dfe1af2fefc7dfc7cfbdffa3bfb46fea4ffb20085e653004713d50bde0013178a000afcd8fc96
15bff299fea3fe0dfcc5fde1fdb3fe23fc6b00f1fa86fb65fd54013306b3fa8414aefd33fd58fbfd
0997ea5f025d026b0258fd65f97bff89ff1bfee6fd9dfd86f6bcedeffccafb331b17ffecfc39fcae
f500fe8af4f9e8e1017f01ba004500f9fd76fe700a43f7e210591a26065cfe27095efe5cfc10fbda
f35f0b31ed3af33efe4ffdccff6ffc6cfc3e01b9f8050bbffd431288fbf9fba40614fc7700d3012e
fbd9f4f0f07ddecbfc50fb1d017f00fdff31fe00f94004b8f3b41911093afbc1cd5c0089005aff85
0b98fe43fc76e6f1fdc5fb91fd52021bff30fed20bdbf205fef812731a5f012bfadafbcdfe760164
ffa6f27a0153fc6300adfdd7fda4fb54fa92fe8605a7fdb2f9cff7a9eeeefc6d08d8ff27fd2ffd01
f8b30b66f86ad458fcb902b1ffd3fcc9fdbf02800998e7140a2802fcd7cffb6f027afeabff29013a
05c0ee130bbacb4d026401a4ff25fcb2fdfafeb40904f75c075ff8e9f422febffcea01a2fc4200ff
1032f68100cfcc0dffd3fd330016fe7f00a5fcda0f30fa5ef69fffce0391fc3b044dfbfa003ffc64
09411099ffd3ca22ffb20249fe90ffdcfd2c00a6134df081fda510f804cfff960caafe8bfd1d0196
fe7dfe09fbeae17c02600129ff4c01b7008101560077f2be03390e6e06d7fdeef9b7fa98ff67fc4a
0eb1049ef6961c60ff4bff33fe8bfed6fe0300cceccff6c70732da0de48800eafce8fb97ff8d011e
ff1d017af4ac047bffabfeed0129fce5fb53002dfcbafe7af179f69b06cbfbf70192fd86fd05016b
fc731477e2fe0a22fdb5fc15004afe31fc4101ff04560344fc9de78dfa44fc200928fe5cfc8c0056
12b505440491f8b7ff5400ca00f8fe1203ce01a7011a006004c1fb77fdfafbfaf4a6fe290085fd04
0b0f164605a0fd93fc0701060248fd5b03420140fb2f0afb09dcffeef51b01caf80afb53fbe9fe98
e055f7a108590adaff020199fbecfd5bfb6a00d2fa2de6c80700fc1602af017806c1fc30fc49fdea
026a0b690fe70cde0177fc3ffa8ffeca0020005ef9e007effc7afdb90264006504cbfd28fe3cfe38
0ad7081afe6514f400310094fb4afb80ffa3fd60fec607e0facc0268fde2fe71fc78fe7a014ffc06
fbaefebf0435022401b4fe5dfd03fb3cfbd2017900b804b503df0aa5f9fa0100058200910158fceb
f9ed130d0bff0f06fd38000bfa85fd97fe4a018b0489e9ba1143f89200d10243048bffd5fcf30085
0226f727041aee3ffcf0fe17fb8dfcffff3e00bd15aff27df2b0ecdff7e6015cfe39fe8000a7019d
072a0ea6f5c1f0c7fe15fc76fee8fd45fcf4021f07e3ec39fda80597f8defccd0b6600ab00bb0112
fa5bfae9e2a8fb72fd6ffe87fc92ff99ff2e0008fa47fd53fc3bf2dffdd7fe3f11c5fcdfff0c006b
f6befe81e0f9f9c7021a00700085ff4d0089fdddfd5107c6fec1fe16fc4bfe790f88fcd1017900fa
e663fd5cee76fb5f0132fea3fae6fe38fbd400201e70e2ebf5c0f97df039ff73f494008efb61fea7
fef607da047306befcc9ff32fd51fb04fe52fd941559fe560eb5fcdc1d44fd84f92dfdb8fde7fd10
043f0211df920be6ff58fd6cffa8010e0185fc8a09360836f3940224fcb4fb71056cfd9efe9ffe21
0f4b0a65e01c037dfe3a019fff8a010bfbcf002d0c1e0556f72207e703a1fb8b0c05fdb1fd1dff6a
fcb10e570bdbe37dfd800003fda3ffbafddafe9c02311a12fcf41dab0a69fd480c5dffae008dfdf4
e0812765e273016ffcbb02150268ff96f9de016f0860fdd5f6222116175901cb08bbfe55fd56fd27
f684f73ffcbe120c010001dcff29fef8019102260ec4f8ba0609e55afdf6fe3deba00090fe70ff8f
fe28fd23efd41324026afee7fef6fb4f00a3fd610511f1c20a36f64e11290086031cfd200027fc27
0f48030bf7d2ec0affe5fb82ff44fbfb00e5fdff00c0051dfbf50ddb02ddff51f1aafdabfd85fd7a
077f075ffb61d0c2fdb00162f9e3fdfe002efd6af913fc0a1a000d9a11affe0d0b880171fd16ff46
d63a202f0669fba5fc6aff3a0570fbe6fac10183ff060b131bb620f32970fc0a0abe025efd31fd0f
f34207e2dca7fb0cfd5c0364ff75fc1ffe5e0242f5cee93efff3f8a40378fea5efd7fed4ffeefcf6
f376f5b3f62e0122fe1601a7f9f5ffa9ff1300fefff6f77dfe64fdd501f00013f99bfb36fbb8003c
f5ca0295f4d9fe5afd57007000f3f9dffe6dfde401fcfcc8eb4efd99f696fc59f656fba3fb22fca4
0ab106f8fb4de9f800bdff8eff3b01f5fdb8fd7f0198f5a1fdc207c10e56f896fe01fefafe8b001e
f7e41289f636f8bdfd7efe34fe40fbf7fbbefd920b6cfcf51ac31c650286fbc00c1bfe1d004100fe
f421fed8e25af145ff77fee7fda9005ffb2dfee9eb17e39110fa0512ee4601c6f6e1fc32fc8bfd03
f9a9fddef8baff41037bff46ff3afca8fc70ffcefd7afd61eb6fed0dfb10faf7eb4eff04ffa700bb
1762f1d4fe05f2cbfd85fce7ff45ff7204f4fd8c06bd1ffd00cfee4ffda30091e08e002701a50123
16750d781608fee8fdedfd61fbe2fdfafa7e02070c3522cbfac1ea7702dcfd1ef4c5fcddfdd2fc14
0d4e08ccfb41f9df01300059fdda0242fdb2fd4c01be0fef17080a4cf8d2fed0f15afdfb035d0215
0383f14a03b223b7018bfeaffd73fd34fbe3017cf4a3ee1ff9950aeef45ffe12f9b8fe010345fd10
076b020b18a30ba9fcf101c2ff08fd84024c01a509cf03cd00fe1361f32dff2c0f34ff600028fd1d
0cc208a4f923e8ff011fff75fea80000fedd01a8fd15fb35057cfca0ff0ffcc41b1300d8003700c9
1198fd9508b8fd26fceafefffad5fd1a01c0fdf2fdae04d4eab3e103ecaeff3b0748006ffdd3fdc3
fd160243017bf4bf00c9fd6bfa71fe01001c01541336f7be0570fd91f965f94afb75feae0067fc54
e482fff917a002300091fddc02dffadffe8400601ae70c48faecfa660bc3012df82d037302cb0105
038cfdc0025d1594ff74fe81ffcefab50199fd79008306d200a9f90efa08fdd616e8ffec003fff6f
fec7fbced0fcee8efca5000af9aefef2fd8ffdf80c7a04c0fdd4fbb2fdb7ffea0328fb53ff930037
fb520051d378f8eb0178fb53fe17fcf0fdb500d107130487f11413f0082bfc2b08e7003d02bd0045
051c0fcfeebf00d3fdbeffa5fe060214ffa9fcbe14b8f5cafabb020c0091fead083f003cfae6ffac
ea240fbb0eb20c04fe580261fd120243fa28fdfa212a06bdfb1609151dcdfd48eb20034502040120
fd9d02ebfdf90ed300780022ff19fcc5ffad005c07c9fed5fcbcfd870318fedcff14fe1afbaefc5b
fbcf0619ebfef4b502abfe0ffb3c003afde0fe2f010206d6fe6405370156fd0bff8bfbe1fb770027
06d913bb12d6c58a010b029aff32fd2d005f01e1fa5507a5ff7d00d11402fcd30af8fd35fca8fcf6
f01d0c8b0705eb81fccdfe78fbcefff9fcbcffc403baf05e102d07ca1c40fadc06b5ff1100befbca
f6620f9ffb5c12f6fec2fe6f01befc56046cffff14d1efc4027b04880b57fa84e7e1fe78fef300f3
f4e0fd7904f40135fe0dff80fc8ffc35fef7fd30f16e009ffaa400c1fabcfcd7fcb9fc22fbd4fc3e
feadff1ceb5ef9cffe5e017bfe16f9cdfd7d0184f3f2f6a8e6e100daea45ffaaf7d4fe20fb6e00b6
00eafff8ef650045fd5501f4fb57fed901f001cbfbcbfe4a0686fe9b07b6fbd3045b020bff59fced
01e90597fc03ec42fe77026cff0cfeddfc2a01570704ffc905c0140a0601fdc80419fd96fabfffc3
f0bb0e73d3871268fc7401270361f99efe32ff4ff73ddfa60726f18bf5d4fcacf6d9fb05fd82fe60
fa18f6ce0188f2130096030bffdcfbb2fe49fce7fc51e9fdec14f3f0efe3fc4dfd41fd290055ff9d
faeaf2a70716fbc6025900c3fd25fe9f0698fdcd03f00561f39efec502d1017ee48afe76ff94fe59
12dcf4a7febc06e4004dfce400fffdccffad01080e671a4cf7e40b7c04a5fc09f51e0040fe97ffde
02df0970fbb0f646fe55ff7efe1b0137fc19009505e00d59fd320690f5fefb1afa0cfd24fda4fe86
018c0178fe9dfea4ff0708f0fcfc05eafb120040fe3a017002b402aefe7bf90d0185ffc7f72501a4
0178006bf6feffedfcbefafc022b0a9300460018fe03021201e8109efe4fe42aff7bfed9f041fed3
01180106164cfb40fc3dff99fcb10b20ff1efc56006100470056fdd9fd34f9c3e884ff660d6100ad
01e401fa13600070020cf9d5fe74f444fcd9fe09fbb2ff2ffd54ff2cfe7601fcf7fbfbe60470003b
fc540005fda0faf700a1022afdacf098fecdfe1aff4500f7fd0a0300ff930f35fa43fdd4f9200192
fd3bffd0fdb0fe19fe0f038efe3002acff9c00bcfe47fcb4025bf374fd960ffa05b2fe4117c402ad
fdbe01e6f93efdc2fc41043b01990535fbea011bfc8dfd9bffeefeb8fccff4d1f92afe760c3b004f
013a007200ccfc4efda301ddff9204cdfcc7fd8cfd76fccefcc9f86fffe008590adbfd4c02c5ffb5
0202fefc04d9fbe70297ffe0fcc50583fe44fe7bfafffd72ff9df1e4fc9e09f8002f002205dbff7a
ffda0088f85fff02fd9c0d9b00cdfac30088fdd602aefcbdfdc0f3d8fb36fd85023efe23095bfe7d
fcb601a1fc75fa88ff92f0bcfdd2fe2bfa7c0158ffc6ffe9fe50f466fce50c740768019f006e00ae
fe01feac02cefd83fc4803a3fc841159ffd5fec6fcdd0176fcd4fe17014b0cf9008afdf915600085
0061fce6002c0238fd50062bfcadfe7efbb9fc7fff56ffc5003507d1fb0eeea317e4fdc716ac0177
fdcf0078f8b0ffeeff8501eb020c0601ff7a000300ea0209fe96057c00a2ddd80daaff9f0adffcf8
fcbcfcc2054dfd48fcac071702bbe869ff3e001bfdb1fe63fdf70b23fe4ce8f9f9e5014c0bcf019b
018f0241016c002b00a5ed79fc6b0670fdd2fe5cff57fe2ffe18ec67ffc602870058fc42f76dfe11
00beff890507fcfbfc7afec6ffd009c9fdc201c5fd5bfdfc0085fe66fb4d06450b91ff7ef556ff57
ff75fdc40d21fcb2fecf0538fdf70d52faa2017502a1fe3700c90e6cfe25fae40b3ffdfc0555fe65
fcd6feec0f01ffdeff3d06c0ff03092afe05fe87ff24ff90ffee1f0cff09def10db0ffb4f524fdba
ffcafd84090c000afcae0638ff6994f900ac005fff0bff99fe7318a2fbd3ff6507f3ffd8f3cbff9b
fc3e01a8f30dfed5ff86ebb6fef609f1ff91fcdcff7cff24fef8f31afcd109cc0603fc80fdc9fb88
fdd0fcc8fdacfdc00034ef5afdfffa00fd7a007a01cafe68fdf9f7ebffd90b2e0ab300ee0036fd3f
fd6dfd38049c016cfd300f11fd53fc18fb09fc9cff90fd3bfb050135fd29017902a1ff2bf5e0fe85
ffbbfed50da004bbfdc7fbe70138ee4b001dfdc1ffbaffca020d1aa700f105c40413fd40fb93ff9f
009300810dbe03b9ff5ae9c602a1c4d8010a0299fddffea9fed00e1bfbdbf6aa06f0fe6c02d40223
fd40005afe2afd53033101eefe72ff2400f3fdaa00f50283025a03dcff1e010501ee01c30339fffa
ffc1fd9802da0234fff1027a0290012fff5e024a030fffdbfefc0299fe5804ddf81efeed024c01b3
026afd95fb2dfd15fcdf01cbfdb2fe7afea5fd3f01f40021ff380006005400aafb3f023ffe58fedf
ff8201a1fdaefdb0ff62fec3025cfedb02b5fd6bffebfee7ffbcfd98018b008f013e02e0fe2c0139
028100210130fd2c014fff05fedb022202b0fe6dfe25fd16fea505640007feaa04beff6805a0024e
ffa002b301e10265fd3dff7cfef7011cfffaffe6fee701ab00ccfc3c00fefba9feaaff8704ad0008
016eff95021802ddfffd00a00068ff77fdf8fd5600c7024800c9fd87fe42feedfd69fe7104b101bb
fd45012f00aafd300313012dfce2019a00f401ed01f80113006afaee019c003902aa02da023bfde8
fe5a02e7fe81fff8fd80fdf602a3fab70208fe4f014600cdfe5dfa730269fd53ff4ffddd0232ff71
febfff86fca300de02e00057fec900e0ffa4ff2401b7fe030174025e003afc73fdbd010204f5fcdc
fd6301c4ff130132fed2012ffdbc01e9fed3fe3cffeffebefd07fdcd0208024c014affa1fcfb00ce
fe8a01beff290113fddbfdc3fd35037bfe76fd29fdf702de008dff61fcdf004805f1010f014f023b
008afee506490053fe75fd55fd23fd9dfeda0227021b0215ff86fe6d009cfea30071024c01acfed4
fd1002ceffddfd18fe5d015100dfffa8fd5702aa032dfd49fdd4f99002e4fe91fc290300023a01f8
01fcff8300af000b0062027101d7ff23fd4dfee8fe07fe0aff2ffd1200b40175fa0101bdffaf00b2
006cfdeffd8ffdaefde301fdfe48fe6b0166fdce02c9ff35009efe24fda101680083004104070268
02e502b4008cfe76fd1402540231fdc7ff9401effd7a001dfefdfd98fea1fe6ffe92fd43ffcdfcd2
fd1c0018fc33025e007a00cbfe820300ffee0301fefffcf302fdffdd011505c3fd83ff7dffb1024b
ff84ff3f005500f7fe3ffe4bfd120290fdab02b0ff90fd8bfe97ffbdfd48012900ebff9aff4b016c
ff7afff7fff7fce7002b015e0119fa81fdaa01a802bffcebff400045fdc10245f977fefbfc490110
01eb0074009cffc3fecdfdd701fa0266fe6afce8005dfeba0312ff7900e8fb93fb78fdc80120014a
0008032bfe8ffe8effba011401f9034502cbff04026aff810289031a02befb54fd300040ff06ff08
0073001e0158018701a7027c01750235fd19fdc90180008601b30132fd0bfeb9fa5100c905ad0275
fe16ffb9013602960038fe69002e00da024efff301e0fffafd61fb47021e02d9fdfa01a4ffdf01a5
ff7e008b03a700d400a3fe5dfe91ff65fd5f0212fdfe02c1ffe7fd1002c801f8056cfda6fe8300ee
012ffd64f5fefb50fe4607830197dccbfbcf00aa007bfe91ffe303a9ff7deb47094200a007e3fd03
0004fef90703fc40fd46fb23ff590f80ffa3fb83ffdaffeefd7c19d50067ed78e7e5fd60fd69ffea
ff2bfec1fe18fe20fe42f369fd6e0234fd2efe1affa7fee7fda907640232027909f3013efb5dfbe5
ffa9ff4cfb67fc9cffbe03fd00c10b96004dfd94fb42fc18fe0be9dcfe760759eae300d0e5ceffa5
fd32ff03236bfc4ffff00966fed0fc18004a027efde5fe70fef4f0a700980109098c0110dd890066
ff4efc6aef97fb6bfeaf069500f71298fd06fcb9ff67012d00200e1600f5094c105e0012033900ac
fea3009a059bfb23fc800dd4fead04bdfbf2fd0d0031fddcfc5a01c8fe6c141b0540ffd0f6330007
fcf7fd250172fd0601f7fe06ffb60262fe56feedfae300dafbf60cb000aef609f928fc75f316ff65
027cfb49f4f401600258fad901650452fcebfea0fbcc004cfd891296ff14046cf63cfed1029f0118
00aafd1be7f1fba8025bfe8cfe8f08f1ffe1fca7fae002edfd7f0389ff58f081088cfed8eb2efbd6
027ffc16f1a7fddfff36f8f4fd5afe82fe8fff5501fa01d6fe96f931ff6e1064088bfff9ff05010f
fc56014a1216fed4fcf805260043f0d0fbb8fc36fe81fe00ff4309b7fed30603123b010ff823fe9c
01ef026200dffdccfd78ea7b0037fdcbfb56012d002100d6fc6a165eff24fd7bfc03fc91ee2f0085
fecdfdaff3bc005b00e2f74efc3d01a6fc50fd7cfd16fe14fd1b0f3afc870845ea90ff19fa94fbab
fe9bfe02d35efba0fe8009df0059f634fc850120fe64ff68feeb00ec016d0b12f137022b01a6fb67
020ffd5c0bd9018dfee7f09bfd9af63efd28fd50ff82ffc100bcf78c006618a7f9f4029e06cbfd1e
0151015211eefc59ffd6f47ffedbfdd5ff41fd41fbed0120fdbe061f0139f9f4f6ecfd680b46016f
ff4bfe0afe38fe32ff6dfc97fdb1fb11ff0e003cfb2c0031fdaf0ca4fc88f0fcf2de016b016afde5
fc58fc05f34efcdffe2b06d5fdf8fc1afefd009bffc9ffebfbba011ffcd1f119ea98ff1dfda0fe2c
fee3fc6de7defdfc007cfe48ffcffa8dfe9d02160126ff73fd5d09690057f224fd15fb100838fce3
fdb2001412f1ff2dfe3ef6f5fff7efdbfc9100c8fe4f0033ff7a237dffd41b4ff55102070743fb92
01ddffda160effc1fcc3f159fc740105fe2bfffbff77ff1bfe4510b6ffe2f56007b0feeb1bfbfe7c
ffd5002b04dffc0e013ff7a8fd64054fff84fbfe00a9fd85fde9f068fe30e0db04bcfcd2fd7cfc59
024aff25149cfe5efe4107ef0003fbd3fbd2fccdfed3fdd7fda2f79bfb93f404fdedff1901bdfd76
010dfd8cf77dfdf3fe000e4e0073e5a600d9fbfefcc6ff60feb2018a008cf539062bffa10b3000a4
00820049f618fa62014e0101fc9306d3fa93fc87005efe83fff3f9edfc12f5aff293fec80b89ff04
ff410208fa65fca4fe570c29fe17ee8bfae8fd79ff12fcc6fca70ff0fd41fb4d01dd01c8093fff79
0261013fead7fdc8025ff2d6fcdeea01fe170060fcccffa8ff2b03e5fcd802dceb9cfeb90aaafcc4
fe03fee9f225fe91fdfbffd200e1fcd300ac0003010ffc72ff7ff720fe78fe7d0134ff74f31cff91
fe2a00e7165fffa3fdaf0386fc1c0edaff49ff3afab3fd21ff44f3460117fbd80b66fe5af95afcfe
fe38ffbe0a83ffa9fd3a09a80029053afb0f0174fc59fc75fee6f493013e0ce4153bfc79fe19029d
fd210249f364002bfdcf0b44fd9cee72fee7017c028afdd80086ff46fdf3fd19015c01b4f513fb78
01350058e8f601d1017af8360084f8b5fd7a017900b70125fb311565fbbae96df464008defc70029
fe4f001a1314fe300290fddf003603eafc1e00effcdbfcf6fb57f11efffbfcf2fd19fda1025efb63
029a0004fc19ff39fdac0ba8fe49f826fb82ff5cfb15fccefe7c13a0fb9703a40411ff48fe28fb48
fda6fc7ef86bfac5fc38f325fe670e6bfe01fd8f016affaa020bfd1cfcd80ec2031800c005d70080
fdf8fdda0425fd4dfc8f0427fc6d078afae200cffbfcff30fdf80d6bfd56eb7f0de6fca4feeffc7d
ffe2fce9005b0006fe68099bfd40064ffddc0001fd41004eff611b090104028c1026fef7fef0fb7a
ff34fc91f9e0019bfea9040a00f4f035f99bfe5bfe85fe2cfb810141fba8e683f937fddb092cfdee
ff76024f043efc41fe650a8afd4bf636fb11fcd1fe86024ffbcb0c76fbebff39f3a7fb5d016700b9
fc99010a08f0fe070115faccfc7b0922ff200209fc84fe3f012a1aadfe8212f2fa4ffd9dfd2c00c6
023a023bfdfafcf2fe88f800ffb90161fbc60085faf701fc00280878fb06f3dbfdc8011e0857fcf9
fd64fdef0d93fe9efe2f0927fcd50b71fadafc39fbdffc96fd68f5edffb6f13f0a7dfbfa1115fba9
01a7ffc2016dfbab02700bd8fe9dfaa7fcd101fbfcbbfe30fb1ae865009eddeafd64fed3fa67fe72
ffc401fefc5cfbabfe1c01c9fbd8ff36ffc3016cfcaffec4ff2bf5a8fc46efe313f5fdb4091ffe3e
0220fd4403e2feaffedff3b3fcc1fb82fe97025efd64ff1001bb1f7300330399ece402160b60fcb1
feb5fe2505bc010e016bf3acfc78113bfdc3fc98fc05ffc200500459fff2f9de05f3015b0967fb5e
fffbfc9e1b51fccb002dff2efd161264fa44fd26fbbfffbf000406c6fe5024571463fb4a0084ff59
0055009bfe62fc9ffe8e0f02fdb801d9fb85010bfee2fc91fd8210df012503220226fb88f39eff4b
fd8c01f50a3bfe28fc37ff4002a6e5ddfd580007007cfcba01cd09a1ff68efe804bffd99ff94fe76
fe6fff0afa0ffd87fde605f3fc6c0c68005bfde3024dfd5b009500f3fd5d04fafb86012b04e600e2
fe76ffa401da00a5ffde0ba601bcf0e0faf7fc6a01aa00d7013cef67feaaf84bfbe1fdb9f74cfdd9
ffa5fd9d0156fb2c00ac08defcb6fea1006b0122fd9cffa7fb4cfad1fbccfbfffa98fc4ff936fe76
0024fc48f66600b5fc23fd9afdc00866fecffdbbfcbf0139fcb9e109013501300c11ff92edba0111
026600caf593ffce01f8046bfdd8fdaefdfcfe2d00a0fdd501fefc67fda3063b0dacfe7df8a4fdab
002efeadf6f1003c00a9ff71fdf10aca003f017bfefdfeb600c4f3d5ffe6076d031d021302a700bd
fddafdf60e11fc81fc21ff58fd6ff06afbaefe3a02b3fecefe8cf8ba0105065512cfff11f8aaff5b
002cfd310f2efe0a006304c3fc6bfe97fa00fc5ffac3000bfcfa0adffd4c0396126b00aaf7b60103
fc6801d8fd2dffa200d003f2fcf10ab1fa64fc80fbb5011efca6fa79fe9e092006a7fed1f617fe98
fe7b021c0353fb81fe0a05c2fd8a0749fc1301ddfea601adff45f0defb08170b128dfd78035fff97
ff40ffa00bdafd03fccbf71bff0bf50bff1cfefd010c00e3fe46f298fe8e14fd013301f8f7530199
fc55022c11b0fed501d6f8d5fc93f40a0065fd71ff70fd150130018cfe600f04fa6ffe1b0135fbc5
fca501ae0986027ffd640bd7fc72f9b5ff340222002a00f6fd18145cfb781b12032eff11fccdfe27
0024ffcced49ffc6fd14fede02020689fe73fe91021cfd8ffe73eac0fd77ed79fb98fdecf588ff98
fcbb0164f4aa0133fe85025501baf39afceafcbaff91fe73fcf50455fdd4e65ef7ceff161578ff31
001000170a84fbbeff8af283fbb3fc47facd00a1fd88ff7f01e6fad3fb9b0915f98d00f8014afdb7
fd30fda11331fefdfc81fc54feb00456fdf801fbfc19fd33ff53030fffb9feeb079cfb00ff74fdb0
fe0ffdcb0a10fe3dfdb0035ffe9e0408fd66ff61fff5fea8fe0cfe4fff1c02070939fe410d2bfd1d
018e0083fb2ffe9dfd2d05e6025bfaa6fab9025bfc7200c7fc89eb65fea3f5a0f95dfe78008bfd74
feea0171022e00fbfbeefb1700daedceffbe01ccff240001ff5203090058f3a7f348fce008ba0197
fd48fe000f4afbaafe9cf524fdb100befa94fe7aff9bfe70ff3000a2009b02740b88ffdc171efbfb
ff7202820a57fcec022bf172fc1bfec2ff85001efbaeffbfff4cf6edfdf808a7016c00df145d0199
fff8ffa30984fb690184fb36ffef0ed2f97e0297feb7fdacfee3095ffc7af29fff83feaffa0cfcbf
fda0fd070cb701b2fd3607bc02891097ffacfc7e016f023e013af157ff6e017af13effd2f82bff0a
fd79005e1fa9012dfd760734ffb79c25fdba01cc0190fe4900330032fde5ecf4ee70ffb4fec5ff50
ffabfd1d1613feb80366fc51ffe81eaf0077fce801adfdc7fff8ff4cfda619b2f6d4ffd4fd8dfda8
fea3ff450618fb7102390347ff2c0ba1fce2ffcafe88ff73fedefafc01f202ba0398004af6640109
0059fb3e059cfe7ffe17f3affe95fd4dfd44ff11009dfe74fe3f094cfda7f871fab5ffc9e76800c3
fc85fc5b080bfcacffbaf4ea008a0157fdb4fe4c005e01fcff970054fc90f92befa201b7ff0afe63
fdd8fff4ff18ff26fcd3f44efdf906d0010bfe8ffa6c01850266f74c016f04b3ee9ffcba0048fc14
fca2014df5b6fca3020a0494ff081856fdaafdc901b50108ff9b0930ffe208affc7ffdde01720294
fd9dfc390c2ffded0066f73cfdf809f1fe68ff03fdfaff8bfd7913b3fe89fa3600d5015a00a2006c
01fafd510862fedc00e50046ff8bf8ffff9500ce026f0156ffb810cf0016f917ff6401cfe50500fc
00b6fd880973fbd5fe7c02ccff1f086c0081fce7fde5ff61fe53042d00021635f32f0015ea36ff4c
020b0103fd16012d00dbf5e0fd01f0b000c50154fcfbfd2cfe4cf81fff19f1f4ff13fe55f1a5fdf7
017bfb33ebb0fb9900b3f28a020e16670039fd98fe25fc96fcca0bdc01910f74ecfd00e90e860026
fcadfdd900c5fed6fd72084c005c07f30131fbc1fea1fc00fdeff7e8fbfe00a2f0da024410b601a0
fe2afeab1023012201010dc3fc50093bfeb1fd1001e4007ffbd0fe6a0071fa1f08cdfea2f689fc58
fee0ff9efbcc03e5feb9f9b9fdb70cc1ffcdfe3efd5c009cfd54ee500124f4dcf7bbfccf1009fde9
01d6fd12f9cbfe4afe8c03a7fd52f85700abfdde018201ba024e0524feace4fdf991fdef066afc8e
ff0002adf980fbb7fde4f98dfe440183010c0030fc02023500260b4600980b49f96b02700cd800b3
ffeafcfe02b5fcaefe8bf8b3012b035cfe4dfc05fb46fc88fb89f554fd15102efc29fef50aadfcb5
ff7cfbd7ff98fd620198f935fbe40390fba7006dffecfc7bfd48064e0041f112011000de07f8017b
028dfc980d7701a3fec00416fb690862fca1ff840072018700651088fd68f56af706fe04fa30ff79
ffb4fb190aa00248fe8fffaafea9f8c20064fbfd01d1fe4bfe530d6d002edfbd025200befeadffa2
fdda0005e7f3016dfc04f5a7fceaf288ff4efd2c00050121fe2af590fee1087d0cb200e2ed4effc6
0165fb381a2f01360071f05bfb6af96ffe73000aff2afffafcf811dfffc71531e476fd040787fefd
0296fefd09b5fd8f00bdefe500e3f640ff7cfb7efceefdcdfef817f70151f9ad167ffeccfc01002a
fcf8fb80196000c2ff7df117fd86eb4efcfe0162fd02007cff81ff19fe26e5550d39fb38f4a5fe48
ff0efd380df0ff02fceefa71fe19da370171fe3e000600adfbe912f1fef5ec27f58bfd12fe680046
02fa0048fd1efe62fff70272fcef03420069fd250302fe6ffecefe76ff7d0173fc00fd830415fe87
fe6cfdf4017d015f006efed1ffb300f4ffca0079fdcffe70feaafbe9ffc5fee00414ff0f02b5ff05
02adfcc1fd18fd090119fcd6fdb801df02a9fe54fdf10134008ffe7dfce8fa7e02dbfe4d04fb00f1
01b1fdabfd83ff6afffdfd6bfe330240012a0169fdc7020d0198fafdfdce020efac000a1035bfd52
02490256fb47febdff3e01d5fd8f04dd0111025200f9fd1100b0f8210237fdb4fdec008e0450fcdb
fe5efe5dfa4a00abffdb00c000bbffcefe09fe6a0109feacfefcfcb001050532027902350083fd3d
0082fd8e02c2fd6a028601e1fe44045dfd25ff90fd510277002efe96fdb60174ff30ff85063d0200
026a00e303b6017affef007e002dff43002d02420002fdbcfe4301f2fca603d9fccf01470008fe5a
0062007000f0008a02bc032dff080264030101f7fe3cff7b013bf7c801da03dd0156fe96fe51021c
02a6fc8efcbafed800240047006c048bfdacffad01dc031401c8fce8fd3d00f4013afe590062ffc4
01b2fcf9fd1bfde1010b00b601c2037ffe3000d7fe5dfef8022ffc52ff1b026efeaffe94006d0134
023d0022fcebfea3fdc5ffd4fd15fdc3001700d1fe42002301a50236fe4d0149fd6b0284007c0078
02e6fd28ffc6ffaf0091ff39ff91fa51feaa0237fdd101bbffb2ff40029504bbff8ffe6c00c30028
fe00019402e2000cff0dfef0020109c60289ff6bfd2e0073fff6014502cfffc1ff4f0119ffe9fdb5
fd9afda60515fdc4ff0bff3201310476fecafe13fe6efe2aff690180fe38fe3200a302d1001aff1c
01b90095fe5000e9fd1b0209feb5056dfca7fff70236fec3fd3dffbaff1dff2effbefe5004c002ba
026cfe60ff14feb3fd6c02a0ffe400310132012afe2dfd8dfe97009ffe34ffb0007bffbdffae019c
00570134fdea02e4030700ddfe6cff40026bff4400bffe1dfff1fd8efd2a06f102adfe16ffa70250
0029023dfff5fd97fe6f031100e003e9008efd44022effc602c600c9002b001bfc71fffb0493026e
fdc3fdc4011dfceb02180236fe0d001e0020fdc50058fd1e0220fe80ffe7029e04a400a8033afdee
fd2cff0cfe33fd83feb300e8ffa405a2ff0ffeaa01d0ffebfcd202b7ffdc060dfc9e02660062fd9c
fcd70068fed50022fee200ddff8702d0013d01fc02e1fdf0fe3d01dafd56fd2dfc38fdb2027c02f7
00d0026bf86c010efd3ffff8fdd503f3fddd023f01a2feb0019bfcd3fdfb0741ffac008502ff0265
fdd2fc84f86d01be010cfd35fd7501fb0072fea3ff16feaafde1fbbe017f07420480015203c3ffa5
fd980007fdd0fdb9fd3901a402b1010afe1301d7001cfe07ffcafe35020801d800ee01630297fecf
ff6bfcfb0203fe04fed2018efe52fd6cfec4ff1efd9fff7d00c6091bfbaefd6a02cd00a7f071004a
fccf0140e857fe730192fc44fdfa0d39006201af01f9fd8dfaf31728ff06e95ddbbefeb0fe4afcf5
fc95ffe00619fffbfd87f893fc0e0b48fdbf0295fddd0136fc531fd4028910cdf513fe250248ffcb
ffff020e00fefc46ff56f1c5fe94f9ebfbe3fd6efefdff7d02cefe92ff60fdb30aebfef4e0e5fd43
01adfc56f3c5fd4efce3f2fffd8e0843000c0118ff720154fade071dfe3a06070ad3fb71f863ffe2
01190223041b005cfd880764fc9c00e4fec50013ffb3032dfc470d2afc9bf7f5fefafbb5078e0144
fe3bfef00e19fce301fefb56fe350d18fd5efea500bdfe92fcc318380125ef3ff7edfefffcbd002f
ffadff850b05fffcfe6afd83ff72ff19fd6cff23fdcefe26fe3714e1fc11102cea5600f9fdc6febd
0136ff0efa8a0054fe4bf514fac3fae00134fcdc0008fc25fddaffadfb900c1f0e49008d01a8fd86
0299ff3e122effc4fc3bf4b4fee70b17fb780047fa92fcc3fbc60a4301eb0ea905d0fe5412a7ff1a
fde2fdd00610fea3ff37fdcafdfe08adfe0001e6fcfa023ffcbff99fff3df86ff934fe3b0083fc96
fe14fcdc120aff4fffa40bc9fdc3ffecfdaa014ffe54ffd4fe7f15cffea0ef9c0a6e0173f6fe0195
0211fd6cf772fe74fe26f46d0146070ffdcffcdafc9bfdf9fcc703ea015502ade9d7fda10425fc1a
fec701ab0187fcdc00a1f5e8faa00974fce7fd52fd8efe47fd9404e6ff64fb4c0538009708ccfcf7
fcccfef80887fa9fffcff72dfc5b0b4dfd6f004a009cff68fc73157c0109e9960268015b18b1fbc1
ff3001101291fd090024fb50fd421256fd01016a01e60023faa8f47a00d70871f57bff591383fce6
007dfcc1036f0119fdf1ff09fc71f979fe3bfe51fbd501d1fae0fec500cee424081901a61236fe15
fca4ffb4fe66009700ebfafdffd80bd7fa7cfd03feb7fd6ffa6911f0ff5ef3efe1c9fcbe04550089
fdf0fdc5ff820360fffeee63fc270513fff5fe53fc64fd3cfe890bcffc06e56ef31701c4f48bfc02
fcedfc22ff8700d90023ffe100d3f84ffe4eff58fb51002b002b17f9002ae87d0d31fdc6169dfd3b
fc65010c0a05fd81022cfa1d00960078ff38005dfcd7fee3fe9909c201011c1c108bfc610ed0017c
fe1d01de0c09fd3c011ced43faeffb4bfcc2fd34fe89fee700930746ffddfd06f1c200a20697fce3
003f01f3eeebfedcfff9fbc9fdc3f8d0fcb70152ff9bfd0a002710ddfe4eed12e22300dc0097fbec
ffb901ea0d6b00b6ffcde6dcfb5ee43d0076fef1ff8afc86fcf319dafd7df040f67bfe80f36ffbbd
fe27fdfd0846ff04fe37089bfe64fed5ffa0fee400fcfcfffe650d79fe18f00710f3ff49fdaefd56
fdf0fca200a5fe05fe060688fec002b2fdde028efed700b7ff7d0853fb9508cc14d301a808a00147
fe33fcb3efeffc67ff01fa4d006b068ffaecfcb900c1ff42fe9a0161fd89f45f0f5efe960a1dfd4c
fcf0fe81fd9400dafe1a07ecfd4d10d2fe20fc97fb36fe12fe57f73dfd490ad8f602fd6ffe11fc92
fdc9fd9bff3800f2021103ef011f025600cdfff9fd64fd5bfd93fba1ffbafd0ff51800230011fe16
fe72ffd607bd0103fd37fba2fb240265fe960053ff9bffd5ff5c01d800010094f48e0017f042fb81
fd90fcadfe15016afcc10e01fb3efcb1fe2ffcd5ff08000dfe38f5e1fdf006bd0b3dfd9418dcfdcc
fd9efc6e06c1ff16ff7505ce01caf4fcff94ffa5fe71feb70202f849001e02de07f0fd7706e1ff52
0200fd7f063efefafebdfb3fff38fa73fc97fcaa00a1fc5bff3002b8ffc0f56a0ce1008aff62fce5
fe8affb6f605fef0fd93f995fcaff87cfb4afea3fed2ff72fb8a0038fe2dff27f737fe3efefd01a2
00320024f19bfd4cfc830848fcabfb71fea2fd06fdeffdd202d6f44efd08fe4905c8fd4bf83dfc26
ff73ff21d344fd72fe4efacffe13fb72ff4afd6ffebffd8eff480050fe15f0ea03f1fbea0700ffe9
fd11fc70f88b01700232f5bafe6108a80036ff10ff52fc48009d03c0000dfdddfe3dfb8002910062
0250013e11e20377fc310660fcc601e3fc5cffc8010a015cfdc6f1c2fb4ae3cb051700f70b37fc78
00bdff4f0c0504d90032fdaefc6d0801fb79fdad0142fd9efd5f03d200e0f15602c9000307c40180
fcc30067f06bfde602f8f6e4010c0a77f92cffa3feb50197fcd0f125fbd9f256fb85ffd9fa7dfc94
020ffd66e3eafe36fc7af3cb008f1638fb9400bcfc7c0210fdeaff65fe1913770342ff33f3ecfdc6
00efffa1f4c8fde101ccf592fc96f50dfea3ff01fe2801e6fc2efdbf00830d17073500d5ffd7fd82
00c3024d0e18fe1d0006f6bb009ff85bfc16fe00016eff89fcf3006bfaa4f5e60c18fbf604c0ff5b
fd5b0098117302fc0244fc450054f455fb830014fdffff9afb161247017f009dfd79012b160a00af
00420115119d01d6fc27ea1ffda5d8d700140118021dfcccfe9c1319fc36fdf1f8b1fadcf10bfe14
fd4bff3cffcb0072fec7f3f900a305c5fc8dfd8c0091ff56ff0802cdfb20f60d045c009f01d50173
fdeefcff053ffc3a0088eb6afe50f137fe14fc9affb0fd550108fbde01290ed6f2aafe69fac20027
0218fc7807ddfac800a1f982fceaf8ebfd15020bfd5bfd03024b0714fe480c060c7cfd820d78fd2b
fd1500cffb82fc68fe87fd6bfdabf9b8ff49fe39fe0ffd89ff700ab3fcc5f9030905fba00eb2fe93
0085fe78ef610319ff86f751ff7cd2c7005f0043fd36fde901950df3fd330a9609a7ffa1fd31ff15
010ffeb205a9fd7bff1e04c800c9fbb9fd72fd9b009cfdc8fe940b35fec3f7ba00cb0161f8ebfeda
fdb1001a0177fe5fff2a068b02400a48fd46fd06ff69fcf5fee806cdfb74edc408f9fc13f2d6fd6c
fe45fcc70846fb6cfcea0f60fef70021fd3800b4ff29ff530057fa31ffbf20c9d7f50169fdd80169
ff95fe3f02fcfac6fd62f18cfe25f57e013cff94fcd400560058013dfda3fefcfa1bfc821df6fed2
fda9011307dcfacd0065ffb9fb40027b000ffea5fe2afebefd9be66100e71939f525ffedf8ed0215
ff0f024e0326faf501c90844feb801d3fdfffed1febd011cfd1ff814fcc003c7fc94fd400a630203
01aefee801f6ff4902100103fe33f9bafd5c004efc72ff18fcd7f76efff8fefc113800450917021b
fc83fd3c08cdfba0fd0b0249ffc2047eff26fd98fc00ff0aff3ffb40fe42011a120bfea50a65fb47
fc480041f9b9fbea012efe1cfc65f3e4fe0dfe97faf2ff0ffd56f79cfefb04d104ff01d70c3eff32
ff53ff54f954fa80fe13fb750133f61afc0bfdd3ff5dfd47fc83edd1006e047d0f63012214b1fe3c
fc700043ff71fa8efed0f96700e60a92fb74fec8fdd50103fd7deea8010f08440cbbff07ff420069
fe06fe57059e0159fcc709d6ff79123afe83fed9fd1efd8efeb8f910004710a825b8fced1048fd14
0101ff1d0129fd6b002aff1bfc2510dafeb4005ffcd3fd1afe67fb46003bee1819d600230258fcb8
fe3c0224fe76fde9fecf0c43fd97089bfe7a0172007e0038fff40b32002b01d8f8fa01ca04b7fdcb
fef7017f0411fa90ffa9000e014ce197fb6aff8900baff20fdd4f903fd78fd641258fd57173efd59
00e1fc91fccf007eff64f72e00d00a0bffebffb7ffa501d10202025efcd8124cfc5bfc9a033b0188
fd69fd380b2b00f00099094001231789fe46fe90fe14fd08fc2bffb6fc260f741acf00f607b2ff9c
ff05fe930b3801dc00990952fd270a79feca014afd43001cfe540b32ff9bf3c7030301e9fd03fd6c
0084fe4f121d035ffcba058200c805e1fb9900f6ff5c0014ffa513fafdce075813a0015e0555fdd7
ffdb013006a9ff63fc3ff7d1020dc04b015f011202a2fd6dfcc405b2fe8b0c3e0fe4fb30f87bfd35
003901c40190fc630052edbcffb80288ffcefe8efe02023afee5023dfcec1a4afd2efff30c19fe48
0212ff010dc4008f0113003afe19fe35f963fee301f3ff89ff56fdc2fddd0b310f2cfc2a00b2fdbb
015a02530346fcb30084123200f9e66cffc90291fe3dfda3fe34fdf7fc10e5bf056f00e3f836fca4
fe3dfe2efd7bfdfdfe77febe0197eaf2008a020700baffec02721299fc2f0b011429ff27efa0ff62
00c7027af8a4fe93fcefda47008cc3390172015300f3fdf6009618dbfee40dc70ef1006cda5201d8
ff50fd4909dcfa71ff260916011c05d0fad10211fdf00039ff800ee0ff5e0d230587fe6e1252fed7
0072016df1b9fd72004d0054fddefc2cfc06fd190066fe3affdf027d001506b30048fb91faa3fb93
01a1febe0138fd65026100e4feda0291002cff78fe8f00fd0041114bfee8fe27f13cfbf40102fe30
004affae08a9fe20023207180003fefcffd30165fda2fcf800b5fbeafd620cdce235fff6fce0fe9b
ff9bfce205e0fe39fcb7fd48ff26ec6aff8a01fefe4302aeff87ff0f001b05790554fff0f86dfe79
025b0179fe83faa9ff3cfc6d00e3075cfcd201effd6e001d001a151afd9017350970ffbf1397fe29
017b01fcf7c7014bfbed0326fd9a0415ff78fdd6fea1011afd6808acfde510450311fe761c64fc36
fee2feccfac101c2fdf6074901ebfa48fba4ffd1fe40feabfc34fe8bfc00f5140e07002e0a39fd9d
026bfcdc06e4fc25fd8cf33e01ef07c0fd53fefbfca7fdf8fc54fef9fd61f65f0576feb90f280021
fc49fbf6f0d9fb05ff460600fdedfa9dfc6e0185ff36005c006cec620010081e0a41fdd1015bfbde
001bfdd8ea8cffe7014cf6e1fd3c19c4ff16001502400008fd450816fcd309270bc101450b04fffb
fea6023ffbfbff9c018af57cff3312a4ffde0288fdddfdfbfdfcfcf9fe0c1661131c00060574fd02
0190006108960064002e0170fbe4008bfac2fdaffff5fdeefdccf635fedbe32d18eafe8a11840016
fcb7fd85083a01f102dd0699fd7d0de4ff17fca802a8ff57008e1e38fffddc5307d6fcfa090eff9c
fd27ff64f9b0004cfe9c0293fe58f5a1fe65feae006cfe27ff28045f00b2fda6fdabff4100c00064
fc4dfd74f1060106019bf02001d403a3fdf1fcfe00de0225ff950617fee80dce07cafff1fc62fd24
01b4fdac01fe017b011bf740fc8f0cd5fc870019fc1f0149fe9007bb009c11a2033e00df0a7101a2
014bff5a120dfefffd31068f0105013c006efd3efe4a013500e5065dfb8fec390ac7fe0d0d10fb78
00f9000d13f4001e024505de0248f1d9002ffecc01e3ffe9fdc0039200c8f34c01a700380038ff23
ff41007f05a8019dff7ff049024dd35ffd39ffaffdf10169fdea0f00ff00ea35082dfc7d078cfd7a
fe6a015a0369fb84ff8deafb02180dc0ff760035fc03fec4feff06cafba8108cf9f4fffa01a5ffb9
fd6ffe721504fef5ff01ed62ffbdfa53ffb1fc9d00ad023102c20a19ff6e125b1a75fbf8f794fded
fe8cfe6318cb007701810b230107fb56ff15fed2fd8fffa0ffba04c2ff3419371472fb970bf4fdad
fdb3fc7a03810063003b09fcfde103d4fafdfd85feeefc5dfc370ebcfef7fd5808bbfe3ff79cff56
fce501efef77023affe5f9bfff2abf7d004f01910292018cfcc809c5002cf7e00334ff0efa0dfe7e
ffeefd460664fb3cff6ffe75ffe60f24fd1afde50106ff5101680bcafefe071b05bcff7f013bfcd8
fddbfc85083dffd8fe36f5e4fd2ff9420190ffbf003bfdaf025bfbca012e011e02aa01a6f4f4fe98
0244fe0c01830015fc40fa34faf004c9feea01e7fd4ffddffe5c009100ebfcc700f7ffbffcdb0092
002bfeebf981fea60159feb1fd900347fcd7fd79ff4701f4fe35f74cfd14faa4fc42ffc4f832fd9b
0278fd9bee09000eff050b17fb1a07d2fe6001c0ff02001efcd7f106fdaeff540fbc011ef79d012b
0287030de249fbc201daf002fd840354fdbffdeefe1201b0038117cd00baf5510e2003010a05fef9
021efd92f9dffbb8ffbcfc4a00e200fbfb5bff3bfd6dfcb80098fbc6fc6d07a40bc9fe1df9ebfba0
fc9301bbf23fff6f015cfec9fce00b42fc7b0066fd33ff53fb5a005601c80284115d00a1fbc1fbb7
fc7bfd06e52cfcbffe9eff97ffee102afb62019afe5efe44fdf5046ffc8af716effbfe61ff900035
fd7afff5e349fc5afe380420ff830548fb27fd87fcb40144fbbffac8fca0f7cf1121fff4fe27fe11
fc9600db058afd08fd52f70001d6f494fec90033ffbcfc61fdabfe24fd6d124cecb3004409f400bc
01b1ff92f2b6ff0c00e2e798fd7a04d7fbcafed8ff1cfeb4ff7ef24afea8fad0e7e4fc560737ff9d
fcb4fe1be1e7ffa1fcd9e3a1ff1c01cefca90024004a0001fe48f8fe0004f285f8720106fc9dfd43
fe13fe65ee830082fe16002cfeeafd3afd750168fd1dffbd001cf731fd65f7edf791fdd3f8e6fc44
fee1fb5bfc07fdd502040a1700e9f197fb10fed000ccfd76fc660a7ffdbdfe7ff8a3ff6005b8fe73
00ecfddd10a7000f00b3f30dfd43f649fe6100a6fa70fc61fd91ff65fcb7fb4a030900db047bfbae
00d8fddc07aefdbafca5e9ed0036f2c300ddfc320004fdf2fc7ff6d7fe77ffeff10601850edd0014
01e1fb1bf5d3fe34fd7bec74fb6ef8c0fc41fe93fdce01df0084fac5fe6bfeeef6de002df517fc3f
fdeaff2bf98dfe78ff07f64dfad8f525fd01fceefd5cfd8ffe5dfefafdfb049af35fff3df9450117
fc83fc8ffc91ff2700080199fcaedfa5fffafe52ff15005300050e83fcb113cbefb2fd7809ca00ed
01abfd2f0452fe3dfe53f49efb77f99ffea5ffcdfd4d01c8fff8f82cfcf4e3e51eec017c067bfe60
01c7fd930d2ffe800042efacfb7be58bfe42009efde400edfd0bf303fdb1fd92ffa60143de37fdd6
01e7fe7e193dfe65fe65f6960209e06afbf1fb2d00680237fe03f9c1fcd0fdd705bcfca8f53dfe48
fdecfe980828fb6cfe34fe6dfd9dae8efdedfdd2faeafc53fdc1056bfff0fc05013afe980143feee
013bff9af61602baff00fb5bfce9a70cfe51012dffa400b2fe151523fcedecadf94900570948fe30
024afed7e9c4029c0179faaefd980777fcf5fee5fbaffc15fb941016fe91f5651794fd490e87fbd9
fe59003bd744fbceffb3ea6eff04091bfe7401a6fced0231fe88fac3fd55dd9a084fff4c0103fdc3
fe8cfeeef6e4fdf6fe54feb4fc1f0ddcff16fe86fcf5010a0077ff52fb6eeb7ef823ffc001b5fba4
fce7002ef9b8fc0c0046f46efdbeef7400fefe41ff1400f50173ff5bfd7affbfff75fe691ad30023
fe96feb3f723fd5fff45efd8fe051cdafb40fe59ff47fd4afcf9f125ff4711ceffd600450ee5fe3d
fd1ffd4302320208feed0b59ff70033dfd980097fdeafd4e011c0926fb49cbcf003900ad0681fc29
fdc3fe3207cffff7fc6c0944fbd402120276fe3fff35ff45ffc0fd53ff5ef5d5099fffabfbd6fe6e
fc88fbd9f3e3000ffe05ffd5fd2d1c33fd1e008900300174feb0fb4f01bff781f3dbfe110864fc4a
fef8fc4de7b6fddcffc4f94701c8141dfe19fdbdfaf4fcfefce0f5f1fe8f0b600231ff6af8c8fda5
0145fe8af91a0196fc4300f7ff3d0f19ffd9fd6ffdfefc9cfc7ddf93ff47075316a2fb37e469ff17
fe3a0137fb96fc88fcfb0591fb25140d0009fd46fcf8fddefdd8fac10037d0da1225fd0cfffefd4a
fd23fef3f1b1fdd0fe3b0517002c015ffc1bffe6fb7ffd3b00adf8560042f6f8f276ff9bdc8afd1b
fcf00058f9dafc3a001df4110299f921fe40fe5ffc5efe5e00d001f6ff5bfe2e0316017de41d01e6
febafeabf7a1f9bbfd05eebcfccbf76fff66fd66fa69fef4fd16f030fbc90fa807ca0066f9c2ff64
fe68ffb1eeb1fd1dfd7f05fb006ff552fdaa0079fe53fd4afe1aebc5ff4717dff7b9ffa4dfdd013a
0140fe5eff7cfcc4fd4ff68601c0fd75fc5affb1fc60fe7ffd56e904fb59025510dafd03ff89fb6a
fcb00176e77cfcbafe41f617fee8ef88fee4fd8c01fa01d7005afa27fcf9ffbbf7a4fffcfa01fedc
fd89ff67f6580283ff0cf3b701eafaa6f9db026bfe2ffcf700dbfc50fe3400ccef04fe86fec9ffb3
fea8fe7cf13bfec7fec4e2d2ffc5ee98fcc6fe5bfef1fd4cfe6df960fdc013b8e8a3ffb70eaffdb0
fc8cfd23f61a0194fe0ef7c40053ef71fa7bfd21fdc4fe0901ddee4f00cf1958d824fc3804b3006a
fe5e020d0195007dffa4f5b2fc8ff6cafd2d027bfca30082fe4bf8ab00a1ed9efc30ffb9f6d1fe99
ffe90129fde8fc23fe9c05c6feecfecbfc11002dfff8fc9100a8f0daff33f76bf246fda2f063004a
0231ff61ec9ffc5efc610a7afb650ba8015dff23fe10feb7fc2b049300510a16faf3fe310267fd35
fe92fd80026cff7cfc3af54efe2a053cfb36fc66011f010efb5504c5fd8c026404dcfcaa124a0198
fe6601f7fe29fe61fdd2e0520095ef9affdf0058fd46025affd817f200a1f7e0f571ff9b0f78fd9b
fc8cffe1fe30fa7b02eb072e0008facafad3fc9cfe060205fdb60b9900c009d2fba2011a0f240082
011d00bd034f0065fd730b56fdadff95ff9e0260fe97ff1e00fff65afb5cfa7d10adff94f365fbf3
ff95ff7aed01012401920a3cfd790a0ffb3702defe5fff65fd900ab600ebffc6fa93ff0cee1aff38
fcffffe501afff54fc3dfeb8fcd10a81ff7efe71ff31fccafd98057200ebfe8af79ffdbff8d1fd9f
00a2fd51fe45ffe2ffc5f63000c10928ff7cff8c0066027f00e4f96b016b09ba0e8e000dff4aff12
feec00870345fc54fe8407edfab912e2014c0272fe48fd43ff9d01a2fc26f0fc0a050073fa3efe74
0152023efb74fd91ffd60aaffd6af9eafe2f01dafda5fea702baf1950188fd5c0c710164e2c5fede
019bffc0fa0600ca021bf94e00b5f96fffcaffa6fb1ffd47ff800e87fd6100430891fd62f7c4fce8
0181fdd5fe16fc6b029d06defcc40248fbcd010500feff4dfe8a01cffb17119307b3ffceee24fee6
fced0081dec9fc97fcdf0b650170ed07fe33fe77fd80fffdfe65f0b4fc68f59303aaffcc049afc3a
01cdfec0e88dfebffe790124fec202f1fecd01c4fcd0fc0c00e10177fbbc122e0fa00033f764fc69
fd39ff6ce796fd3afdf9f35cfb2705beff6afc7efe50ffa0fda4f744fc570dc5f066001102d3fdbc
017901d7f8ae0324febff8510048fd5dfb54fca8fb0a015bfd19ff3affb6f978edc4fbb8f871fc8b
ff8600e2dfb5ff5001eaeb2dff6cee3ffbc9febbfed5fce9fedb0250ff6cfa3fe704fda5f124fda4
fdccfcd9f9cffccb035b0286fc4df609f97e01e0fd69fc7cfff2f90efdfdf66eea46fd520303fcb0
01350049f18f006afd2af2cbfcca00dbfad3fc70ff88fc170138099dfd140b62fe02fd881a1efcb2
fd52ffa8f48c0090fdd2efa3001f040bfbe301c6fea90205ffdcf729fed8ff92f821fe82f1cefcac
fe9a00aee3bfff0ffcfbf7a1ff8dfe42013d01d10057015bfcfb06cbfcff0c7ce7f7fc75f9a6fbe2
ff21ff00f9affce90016ec8fffa80166fcb3fe20ff9500efffb00bb6016cf815e547faf80c7afce6
ffa9fd67032701cfffbdfa8bfe82f0a3fcc601b1fd83fdbdfca81fe600520869e6ab013b10ee01c9
fe07ff291f86fcdafee5fd7bfdbcf092ff6ffc45fbd9ff46fe6f14490087e65df5da003301acfb9c
fc65fd87f38efbeffe5bf9fbfea21012fa080291fbc900330041ff06fdc3fbd4ed8aff97fa43fe0a
01f0fec40124fd50010cf04bfcebf5fefbbf02250098fcbefeee04fcfb39f630fd9afe4602d5fdfb
fd56fc350017feadffd40d2dfe9dfe9efaf40071fdd90002faf0031effe4004ef4cffb96f8920107
fde7fe360383fd84ff850c3000f0dfef00a10286008cfc3afdf20043fec7011506a3ffa604e0022d
fdd4fea5ff1effe302c80c6600c81659fbe8fdde011efee8fe0a1675015efcbf07ca012f004a010f
029400221b0ffc2102660fe102300103fdd1ff2f018800beffe2085302420350011a0249f83fff6c
01b8fb9ffc40ffa5fe73fa90fc9dfc5bfdd3fedafcf1fdf4fd1b18d1feb1f349e86eff4914effbf1
005cfd5fefe6fefffef6feadfd021321fd2bff3afdcb000afd18e889ff0906cc0862ff00f11afd97
fe6dfceb15220029fe21f3ef0053ffa8fc8100150050febcfff3f49d00a4fc6a14cefd91fcca0051
fe36fa97f6f0fdfb03290bdbfceafb12fabffe9dfcdffdc9fdeb116601abfade046b02d9feac0179
005cfaf706acfebfff6b107b000bff72ff93ffd7fdb5fd6c026f076cfe8c0a6d11b2fd9fed6dfc85
fc7e0040f95efd7ffefafe6300310031fdc1fdb6fbb9fd97fbe70aaafd7906830983fef8f564fdde
fe2b000eedc601e401bdfae4fd8706c7005100acff7c0130fef90543fe0e0387014cfcebe977fb48
0288fbb4fed3fd4efe29fe0bfff506290037014d00a8fe32fd4b0909feba0bf3f69ffd42f0f7ffc0
fdaefc97fd33fc3cffba003bfe2ff45fffea010efcb8fe5ffc790012fec80fbaff33027b04e1fdff
fd0400b60386fd9cff26fa50fe7bf7aefc3d023cfe2afebafc7a026a0199fc5ff514009fff8cff5a
fd35fee4f6b9fe10fe0bf3e2fd2df2f6fecd028dfb6c0220fda1082301610748e705fd8afff5fc96
01c5001deb17025cfd38f5c0fe9104fdfbeefeebfdb9fe1f00c901adfd3beff3e3d6fe190d700186
fdd7fd0903cffe9e005b050600430994fefcfe4effc2fee8ffa0020300fef749f0a900b312c80055
fce40025087801a7fc08f88aff3cfe56fc8dff3a017c00a50027fe7cfdc4140807f4ff78fe13fb9d
022803810755019a006ff3ddfe9b053dfe740226ff2fff55014804f5ff18feaffc53febf0d6c004f
fce3fe42e62c01a30243f2cdfcc20891fc8afe4afe2dfe31fc4ff4b5fbd9f874ea9e0157fc4bfe94
fdeffb88f6b7fd29008dfffefd590a10fbd90159fcccfe03fc0d004100e8f04f05f1fb8c00dd00a4
fdd0fb7ff6990084fc9602d2fccbf5bf0164fc3601a3fe7dfb61076100aeee0ef11efaa00f1eff68
006b00781d8a001ffed101ac01dbf506ff2cfd14fc60001102250e17fe8d114cfafaff411f31000b
01c3ff6afce5fbedfc29f34cfb6c07410162fe220051fd8dfd38fc45fef1fc6df95801c219a70196
0233008a0970ff2affdeedeafb830cac000dfdd800640108faeb066efd68d82e05f1022bdb21fe17
010a011118940060026d0800feddfdc7fd47ff1d02acfd38fc8cf67ffe43e6f2ff00fcd6f8e2fdfe
0112ffac1d1f0091000e06cafc7bdcf2fe53fde2fdd5fc2dfd8a0c19fe1def5cfe26fc080687ffe1
01b7008b0ba2fc8afe36fc56fcf8126dff6c00ae00330105fc840a65fe01ddefec6afdc6e19b0270
fdc1fb87114af94900d400dcff81fe6400430107027bffee01ddfd64fecff2c0f147fea1f577fcc6
fd14fe8c05cdff5eff750dc0023fe1c7fd06fd960287ffcb009b01b700bd0d3b0687fe7cf57700b3
fdb0ffdafba1fe20fe65053efe8d0ad3feae005efedbfc8afceff2dffe27fdedfd28fe6ff453002a
fe7effd80a4f015afdcdf1fdfde4079f01900100fe2d01a0fe8f01b5011c11b30936ff4802e400e2
fd47fee21001fb5000d30e73fb862b59ff05fbbe01c3005201c10918fef10f560f4103600fac003b
fed7fe741410fdd4fdce11e5019dff25002afe2b01a0fe13feceffdc0023056e1b21fb7cf357fcbc
fc3cffc0f8e0fe9d008800e900b90538fbd8fe6c0000fc6bfc7a097cfea20d0803a4017eff0bfca9
fce5ff9de94b0261ff79fca8ff750f7efa7f00d1003000060075025cfd39077a01cefccdeb5dfdc4
fcebfaed040aff69ff62fd02011e03f9fc31ff4cfffbfce101e20220fd200d3708160037f619fdf6
0140fb2ee7aefc7100b60f5b025df702fcc7009ffe32fd2400a60011fdf81ccdf4e8ff4eefa800a6
01f900df02fbff9800be0675fd26f63bffbffc9501c6fd84fda003f1fe3d1029fc87ffebef00fcdb
ff9afffc00d6fdab0007fbddfdba07e9004dfe95fd9dfd8efbcd11d7fe26100ef8d4fd8ceba000bc
0213ffcce84200da0310ed2a011d0b38fb1fff31ffa8fd5601410c530026015aee2d0324f689011f
fe3f00dcf9e7fdd600dcfef3fc3a0c77fdc802a3ff7efe19ff8fff03fd52fa5bf6cd005b0801ff96
fec400f604880054ffb1fd66ff97fbf4f976feecfff4ff1bfeb30a140156178701b7005811b900f2
01e4ff0609ccfbe101bff3c4fd9f01a2feab01d2fc78fc9cfec1f938019effc2e159fd4c0186fd4e
01eefe5be05802e0fdffec1ffe1d0398fe7bfdb0fd000180ff650163fd8bf415e29afef4fbd8fc64
fc8bff8af52602930211f6f8ffab0a85fae7ff6dfb2bfcf9fd3cffb90055f41cee15fb60fc970124
00f2ff28034601d9fe5e023efd8dfb4cff9201d502b3fdf60197ff530089f8e1e764016111340071
ff52febd08b400d6fcaaf892037014f1fe3afffe002d01faff3e0fca00f20940fa41feaa25c3007b
ff32fe16f758007dfea5f7f1023008f701070157fe32fc1dfcda07bf006b0379f21efffd0e2d00ad
fc67012cf1bbffd30269ed9bfdcb0bfffe41fe550038fef5fe2002abfc25ebfdf2b0ff5eecc7fb56
feb6fe08056afe35fcd80379006703e1fe69fe1dfb7301c2fe57fc7bff3eed980583fb62e731febb
0272ff7b0876fd9601ed095ffef0f640ff59fd3500ee0075fd80fe6f0195e7edfb89fe1b0f0dff4a
fd42f3470fd8fd59e4d22d4ce93e1202f8b8eed3132b0ae620131a631f68d09dfa63f669fb2203e9
05440b26ff8e07f107edf10afd38f8b3fdee05b10413051f0371ff81f57bfb3704c2035a00c5fd27
feaaf83512b0fb3a11d5fa8be9b5cac71cf6970f1e16de2818e422a3ff00292700bb085bfaace118
f83dfe3afa28fa20ffaafbb005bdfa01022707a50c9cffa6fd0df9a0f75a0596fec2f86b04c202ba
014c02f6db56f6c8f4afd35ad964fa1525ee24e210152076ecbf335ec566eb950199ee99f11218cb
f162fd27026d047313c908b626baecebf49f56f0e6c1f4f82429074718be09ccfbd4092d05360e3f
fc8cfc83fc75febe05350547020cfdc8fe17fea409e1f52ef86df62efad30446fcb1f5180997fc69
f56dfee804def27bba37ec9ae3f40f491cbbd93d1f30f8b6ed07f652ff39ff5500a4ffae0516f708
01c3fa75190729c50e5a42d31f630f13f20af1660052f4e2f5190753109b0dc6022bfb29f89023ab
f759ffb5fd92f525fb1a0dc309840bd0f7d9f945ff7101630560fca304030357f765084ffd70fcbb
08e8f8de0f0e2bdfff763def0a6031bc42edd657df62090b13cc63af404d066af8a709dd04f50e6d
fa7cf70d134aff2018d8f5beef3ef2d801da23c5d5f0ed4bf3cceccf14b1f84f0393fdd5fdbeef46
076cfea10019023b066df0d9f811f7aff6a6fb91035108e4f72802250595fad6f8380723011f083e
f55bfcabdc76f5c4fb63da39ef3ceb8dfefbecc3f8a7eadcdae2f8d6cc67f27df62bee89f21f046e
048b01c2b0b02470e4be19d422c4034d0f0207c6e9ced9ad22b72cba29a7d9a9ff9903defe23ebb0
fab00079129d1726086616d7f4f8c70af1eb09d3276aff54031421ef1e1d0c84f372ef3afdc40850
fc5ffd621b36fcfce320126cea50407bff06ea7cf5211b8b049cbc9fe02311bcf79c058c0486194b
faf0f6c207fff786030702b0fff501a6fb670a2f015006ae0327fe09020c060f09c5fecfff4207dd
f036f0b9d5a634392548e6c8fe45061f08ae1446ec3adad62808e15c16671bb7fd9b02880134f951
0367f8ebf748fff8009a0840ff9bfa3d03d7001efc90fa9ffb9d07200c2100e7fb4606a1038dfc33
fbf9f164ffc7d035f0e002c528b00835f11f101430c3d4f0ce1e0ce526e12e38fca1f2ab047e02e7
fb1d01c403b1039405ddfb6606ac0400019207defd550121063e0662f7a60357015b03ac0ba10579
f695f2c806cb107b0f4a1cbdeea409acf2c1f429f96c0c80e5c3db2aec2f22d2fbaeed01fdacffe7
f8cdffac052501ebf93dfb19204de3bd158e089809bdfab4fec00ebcf4b92469ff48f1a1ff52f28d
fdf6ffc600e9f76bfd0bf35efe720b1e0a2e019efb080a94f49103e5f62ef80cfac0051ffd38fa06
fddaf427e737f9d1cc9101abcbbef6c0e2d4dd27e3d029bdbe81e82cdb60f6930544fd5b0037216e
f7a0fc2700d20787ffc2084dfaff05a4ffa7ff42075ff856f74cff7608e4f60804710095f62d049a
f919fdf302c429752524ea1a0e5001c6d710f9b9fac6cff60563dbc8fc87fe3ef2a8f6d7f998d886
eec7fcaef466f704fc39eedb1621e7df115a3ffd21b5f529ffef255d0968f796f47701230614fc37
04e406a028150272c000f70e1c46133ef54203e8e586f318e0d20a49c2460235fbf5f31bf7bf089e
085402b0f372f839fbf00876069bfca1fdddf816fdbbffab00ed0c9107f1f40707d000b0f955f799
0c0e007f158003ff1af3e71ef2ba3b7b0b150de90ac1137fc9c6e87c32e81b68f6fe075cf9d4195c
01a5f0b1153c0521d350ee1e17750166f379317e1c43077de3c031230fdd2baafdf9ff8ff77afd54
eeb503361549effbf7fb008e0eb3f154dc34fbcce45aed463cf8f6ff0652e201fb7cf992f2dbeb2f
ffa706d1d79ce5401ff4f094e6019fb10832ec8be30917290bdd024cf78c179201cef48cf8332464
f068f7ffeb971cff145a28bc0980140f197d0396d87e0652f9b212f9fc1cf9f4f47df4c504771237
00380443f85a0624fdca080d020b0c59ff3ffd00087cf126ef6c0205fc1bf8ebf87806b40854fad2
08d8fd24fbad0555f74908c1fb0d005bfdbb02ba03e3fae1fdccffadfb4806e8f922f1cd0141f824
f838f6d40777fe590a70fec009db069df6b90b55f9a9098efa9709d902b2f99bff7307ebf580f5d4
0380f89723be1b9c174df052dcc4da3c043207040e6b004a0adfff4644b324c4ff46f74ef930ed3e
f8f0fa67dc7a0bc724a6e6c7207314ddd717210fdd0fa957f4ca25c507aae9b8f9d4ee71f429c220
f3bef724eb86fedb337200d304fdc69e00a4eb9f12092819f37212280bf618c7ffaff103fef60831
fbb6ffa1f48d011d0303f8cef965fc450913f6b7f606077afcc1051c04e20641016a04b8f96007dc
0592f5902e051e05fc14ff1524f5f98002de2667f547d5fefccd02e51497dc16f3ba09da07670b09
ffdef362edcdda4e1149f0911147e28d35d9189514fc27112dd7ebd635f115aafa4c0560015d0cf3
f842044105d513c4faebebc908aa17f01ce5fdc4edd9e7aadadaf3e91525ee16f968f65bf8940944
fa9d036202deed0df7e808eef746fad507bcfc32039812af1343f309e66916efffd2e644f7caecca
f232f94205a7fd04d02812e21ef21e491e1ee622fa51f2ede09bfd69178c0dad08f2fc93062436a3
fe36fc6ad02e133e21e727c2e79aee7ded34cbbff1730848196b0f70df702296f1c80151003ae445
001c09ff085bfadaf027015907e9faa8000909cdf379f5af09050f200171003b06cf06c3f91bf819
f9f0f87b3b1f06b12846e59a1763f06beb9c258007ca1bc81285f802e687e984f287f40aef6ff784
fd55f097ed06efc606e00727ff27f47ef7170d951148086210c6151200a2e529fba3f302ec2bdb9b
fa0ff9d20443f961f926fdb90d46009ff95904c20043045e0d3d010403aefefb0a9ffce2fcf7fec2
facbff13b7d919870b43df96f29edb78f0a90e39f8c8004e09d7f575f4b7af55fdd7f796f9e0f9a0
fe5ef51e01351020e07305aa2506fbb71a22f7a71c362355bd6ffd980b342b26fd16fff1002721cc
f39602f80f8401220f390d43dec50698366e06dd00543897e70ffdd70896ff3907670a28fa3d16bc
080206d90956fcb803370865f81ffaa4020bff81fb95fcb6f3bbfc6d075908cff53ef8d9fea70325
edd8f7431974e2ff070317a6298712a51366f72ff86bfbe2eb7debe1235317d1f2b8ee9af57dc641
fd0103a11c4cf4e12203fc0bf7240739ff120277128f0cb009b6c61213ffe98af31007dbf78fce3a
0a3cf6ba02f3003d07e8025309b500d0f97af4f1fdd20682fc91fa5d02dcfebd07a70b6202f10779
ff150082f68a0445fb73f976fdf0f486ffedf552054109a809d701d403860004fdba098309c200b6
0e0707f9e0b30201e040f2fa044def96d7db02691369d2d0311f22ca18aff409f6e7fc62f58629bc
fe99f44421f11279f053fd66006f086df433f2a1f93bfa80fe5de03bcb23cc9dfd1bebc5f2f2fd37
0414f70c0ba006420847f635fec9fcb1f8180083ff04fd63020cfd1bfce7040c09e7f710fb5e056b
0917fc71e80ffbdbf7bb032311f2f45b0c9506ede1fdfd4c31caee5f1b77d92fff99f229f54d3316
f8900494fa110f96b707f8641fb1eb8be568ee09dc9e19d8fbff0005032d20350baa0492fe0826ac
f66bf19dd9f207191dbb24d32b80fee2e2f2083d054409c9ecaa0110e4a3e23504fcfff6fc90fe52
0432fef80391f5530470fba3fc500487059ffb89fd07034bfa4a0094ff4c03ac03fe09f1090cf9fb
f7e6f29012f8d7f7e89b0d9218751425e301e2eafcfe1f82fdeffefdcebff111f481fa33fb920e27
f2e80545055df790286eec02fdb4f29aec30088c0fb3e8e0165d0728f3fbe751fb1df2a6f71d06a3
04fafffaed27187edd23d023068216d10f5d149df098efb7fda80300ff7fdbf7086df4cdf93625a2
02a70716fc17fd94fbfb034702e5f9e9f5c4fe6303f307be0484fe6a055b056709da03f205dcfa91
faa5f9a11b6edf31f29ded17109304452fead2e80deaed02ee3d0366314bf491f73bffb5f4c72267
06aefb4e038cf908fea101de002e0264fbaf040b012cfbf3f49b0ceafc55ffbaf66804cef5c20e11
049cf436eff60bc111cc394d30b8060ba8acfc1a099e03472c27fa730683119cffbdfa42f53d13a0
0404078b30f5d7ade6e0eb5825ec204cf4c5e10002991d91efded6effcf8f993f9cdf5a7f2980a21
04d109cce077dc693e97f568f9d5e3a7fcc01c90e4e81dc8f6e30f7118c70700fe5aff01f175041f
0181f565f26cdebdf053149cc37b126ec638f9c3f3bee1fdf1b3f8e7f8511bca010eed15f3b8f824
f1d2f77ef51cf079c6750d96ee361582f629069820a6e598c5b7ff55b6c2f8fdf923f673f3ce0eb2
040c02561740f469d841360dfd77ee910fb901acff7c2e380ce4f492e01fddea069afc0bf76ad86c
018902fc095ffac5f91f03010b230af2080008bc02d8fce8f2eb01cefdb80db7f99c0705fa69f52c
0848fd36f9e10518008ffe34fd5c016402630432ebe0fb99fb12073ffce7ffe9fb540691fb97050a
074df739feef01940d4602300a76fd1bfc85088cf949f7c400fa037e0beffebeff8e0b6a08ec080d
04fafaaa0753de701efdff2320000808369807baf6cc1e34faec1ab819cd1576ffe8ef2dfc39dd13
09f00abffaf1f50bfc1ff00103ee09700670f7db000006ff00a0007ff46cfa6600a90332fa6b07dd
ed06fb670550e1b201b41a3fc8c8fc3019befbb50ba4fdf5f984fc88ee082d51f8f9f09ff779f4f5
037803222a0af185fc8ee796d4f9ee04fe67f951121303650a87ed1d05e30c3ff595eba0fb68f18d
fa3af3eb030e030ee34402f4d89a251c07c80dfe0e15ed52f7abfc1b0a0e093bfb9805a6f4fff538
086c09dd1197ea8bde35cfa1c2f021351925dacfeaacd57a0ab0d53cf016e816fe650408f4062013
02e3f913dcec14f61c8ce847de55db9706b8c9303b3f01dce2eb15dcda83000ff2f70149f15cf57f
0450f4b40b3e07c3036301840b26091bf6c101def759ff96f775f5effb16fdf1f4660b34fe86f986
013d094cf5420802f81a043b0faaf7af02e50241002e0b01f5aafb69051efa2ef6d2017eff23fe38
f613026df94af15103c801b0fde9fd25ff860c1a01aa06b9fda1fcf9f308fbfbf8ef030a06f10132
fe9205cc09ae02a5fed3f7b2fb7ff78e0a430987ff6efd89fa2ef62cf696fabc0b2e082d0693fe4b
01e90292052d05eefa9ffb1c09f70ab50688f6e8fe4203fbfc7a0590048102c2fe1cfd150088fc5b
ffa20509fde3fc3df656fad503d407890a0e041d0209fda1073ff640f852fe3d0479059809680284
01e3fb5929c6d4391ca3be54394afd2a0a8233eb12eff87dcfe62751392417cdfc98f9fcfc80f487
0755fbad295ae4fcd3ce34952d8a31a9d94bdbd0de65e53be6f5f8212488f6a0012af86eff1debc8
f8a1f59b083def6bdf56c9e6a8360e1d2f35df2cdde80620233dfd8beff50c21faf8faa700b704c7
fab40974dc01e7dbf71a16701574090b04ece3a5f3c210f0c838f9f3eef8f29cf89f040ef7b413c8
fa07f9ab06ba0743fb3d00aff6d4069508ddf631043f06def8b308fb06a109c305df0536fe7d0515
f797077df85c0d3ceea92554c8f0f5cffc3cfe80e8721ffa036301541f7df03c0428fd96f51bcfdf
06ff0359fe2af5b0f79ff8e5fa740efa0295f551081af8520691fd0504e7fa630aa4094b0a8ffcb1
f1ebf80408b14f97f82a113e0e6f0c801267d75e065901cd0e5204ebef201b6509b2f7e6faed2fac
f43cfa77f4b1f96307a2dca3f18af68627c817cf0b6bfd371477e080f642275c0523f026fdfeaacb
fd59fbf906d4fde6fb79f513fb48f949fde30de0033cfc2bfb78f4120a2a0121087ffcfffe9cf896
f5d1f85bfce3daa8109bf956e9f400d3d7791b96041a08d30714f369e57efba4027cedcffc64fe20
f84204d30c47ff7dfcd60662088b02ffffd3f5a6fe260b8bfe0cf65b101c077d07e105aa06a5f412
f5c6ff63fe6c0975fe43fe04018cfddaff28f7c2f46fff02037508b30709079efc8ff8bd01cef332
054f036d018a0ea4f8db008b0ceb080004700440f98a0327f5e607d4f6c90c47fc35009ef4fd07a5
06b4fdb1f6f1fd4cf4e902d3fd57048cf5ac039a062e0558f8a706e9fd3e09e2fb1ff672fe7a0b45
fb7afc4c024ff8210f49f650035af4e30122f98a0672f6be050f0902f86f042b08d2facd08210464
f3c9006cf3fb12ed1a38f150039f058d061ff224015fcb67238d25c8008ff48cffaa0581f8971636
f7ec057a0957051f081bf4cd0117072cfcccfbd1f9030b17f8f80812f709ffe3059700af0a9efbb6
ff7bfbee35dcf883f69af55405e6263c1b5be92c215f02f4126e202c2cbb0f8001e5041f013eeaea
02bdf855f90efe38f39effc4044ffd2e064d0a40045f0454fc66fe280395077b0ae90198f69a00e1
fc0306f4fb420750fc5cfa24fea5f9790a1b0664fc45077dfd34fd5d010efb1bfad70433087dfb15
03e205300679fb90d1e000b7f4edfbe90cb209321917f6e3ce63ffbadbfb04df015cf09701efee88
fe5407dd0494f7abf67df873ff13f736f84707c500b7fdc3f6a90ad5ff69fec3f6060673007cfcb0
0695073008f9f74403b8f4f6f467f8a1f48102b2ff69f913f933fdeefe3e00b50951079a029f04cc
302b1b87145ac495df0b1336221f1f44fe720bb9d35cfeacffc00085ea4214e3fb172965ffa8f9f3
fce80bf004e5f909fe79f7aa0067fb2d08ca0dd9f2fefa5407ce0798f7eef8c7f79c000504bc05b3
f770f504dd9fe38f06d2e0dbd836d439400f09fd2e8b1a650ce0ef1dd986033d1d51cfcac21c02c8
f8bc01d6f662fc7a03cd0504fb4a0a60011afaa906ef074dfdb0f8ff08d2f7c6f877f2e202d30121
d7edb4ba1e9c1cade63a1a1dd6cf06ef22e815c9ddb6df9cd515fa99169f048715fad4e1f7eb3aa4
f9b001a6d49e03ab00c3d0b31533e2533446129d10d9f728f42e02b11e5d0c32e0140e3cffc11057
fc0b075f08080a01f7220a0c00960227072801860257fd3b099e0b3ef623020cfed107060c5bfc75
d57612bf18bfccc20fa9fcd5eeab056eddc2e0a10a97ee2f1a3107d51112fa7df0b81a0cecedda44
294f0d10ffb624c427ecf27b05c1ffda13d7a23c08b21e081d01f518ef290437257a1e62f1dfea49
0206f8ff0c9efdb6fb13f53cf60b0021fbdef1bdfac3fea10abd099df728f76d08c2009a023703ce
232e196415875986325830c6ef6e0f70558fda53c42338891991ff4e1ef7f9bd05b3aa3ee510183c
d0f00e34fe53203be5e424af166518c1e240e8760ff8e8560a630116d9361558e071dbe7db130883
031dfcb20c62f4c5fcfff813fcc0003a03010ce5f51ffa2706dcf8200326fd55f70c040005c2016e
fc3106050069e1c017ab1b6b0a4efebe0022ffccef8aff410d55f3db0c09093b0674fcb61925fbc6
d1770d88e62d08ddf72602491011090a0b0ed03ebe241c4a0cacf6a3f9e13322f309c4cd0782f6b6
2289ce65257b1969ec1fda9fd803b50502a8263d139120870da3f547d489f38c00fad398ec9d1b1d
dc830d250c091bd8fa56074df34eca0e0ad8124916d72166ec6e0659106bd689074a009cedfe0776
06f4ff64f40bff8103c3f698ffeef92ff5e7fee6faf108f5044ffd1308aefa32fa140ae5f319034a
efb61bffeaf4fc22e881f742de14fdd1f9e8c168e91fef6413090083092716adee0c12c4f8cbf261
0503f94607350303081bfe640a55091bf5aaf872fb3cf7840be8f71ffb6efee9fe43fbaefc0e070d
081c11a701881b1202dfe6edf1a5106de9ca016afab7ed5e25fcfa0c147c0ca1f6e3169f2735230f
f3ecfd2003260a8705b009be011805e00a0e019efc3cf62508a8fc9f03ed03e2fd060415019ff946
e70bd38be0441eaf0693f2f62572e6abf896d95c130a149eff16ef4bee07d06c01b307fbeeadf76e
148b071f0961daaff8e3f78add57fbedc47028911ae0f5d3fa6df1d1fa1b0a5212b414020070f736
f6e2031ffa370862fea201cffd130565047005db06cafb15f5b1f980f6c408bcfff3fb63f6dd0544
0ebaf36cf6c324b2d41110b81edadb0c08ad21e111f41abb0efef75b056bce772b1bfd2dda981201
fbf7ffc5021a022d04ed0734fbfafbbb0347f66ffe9a01e4f44efb11fbdb040cf723028405abfdb5
dc7ad95606acea932725062a05bf21bafda20d30f75be867025ceeb0074f10fc099bffc1fab81647
0a6c1be61b9f0f1ed752f1aaf32c08a1ee74106ff411ffa81e86fefad2e20899d9d00debf24609f5
0fffdf75da7f1563dbf11903d3d8ec70105b1d73148c1abdf0d6f7d5fcdaae7ff351f49cec5e25e2
fa24fea5fee8f6b001e4feb6f320099704f3fd1ffc9cf8550611021e04450086f79808fa04daf980
dca51e90fc9802bb0981c6a0191b19dbf00cccc9f5033b5b3aea0b9e1dbd10fbfde9eb81f8582531
146c1c8131040266dd76ea96c2971480ccef15cf380a2ce5fc1705a501610410ff53461f00df08c0
06f9f656f977fb451dd71a95fff2e046fe8efe95306be444d5bcfe7bc042f2f81990dd0b0ec316d1
0ca60f2a280012eb13f6c48a034201b4415efb64e3d9cf38fae30349cfa3d190ec1949d8a73e0e74
24df0eecc068ef04dc43158dede22da9dda30e15e64a2802ef90f35be83c0ef012d4f2aa1826fd49
f68803a7fd87f98d04ed0796fd06052307830e0cebc4fd2705fef86cf45bfe65050308d3f540044f
f6d3034cfb39fbcd05c811ebf26bfdcbf65ef6cef190073201f4f9f403c8faa10274fc750a2a0895
09c8fbf10a06f6810103f16cf3dbfbfefa69042ffe23030c0bb5ff3dfbc9103600d4fcebf75b0532
c679c278ed84a0eef98dce2800fff47f03d2c6d6073316b32159fdbd00fed12be05f02e5c2eee96d
04ad25420cb0eb313d960d33e36523beec7e0113edfae07c1209f217fc07d782cbabe74131b41b25
09e2e9fdfa961529e55aecfc0ca1cf1f072e01760888eb3ef130fd3cdc241e461ed5c56de23cddfc
059801b2fabf009705ea04ddfae300320632fd26fcdafb4a00b9ff64fea7f76d0c14f9a1f8c30401
f1e4fa73cec2e3f01ba4ea0e0974dd941b6006c6c7e8e8961645f1201bb64587191524492d621c45
0e0a090fddc8146e0f8add3c1ed1a14bd1771f96fd1ace07e8e7f23cc1a2ff3b06a4f193da87e473
0826047e2094e6d5d028f33bf1ecfbc7e3fc1c92d5cd13b4020af8bfce98fce31bf9ff870232ea1c
06a604a50e1a1285da7002c507b11bc8d59d0a38f56bfe070451f9e407dff69b0a4114e3ca25d9ec
0f982fd314b4f6ad30affe98fbfcf7f14048d470ddea05bcc2700039f1b1f93de4ddfde7e2b8f735
f79cdb75fbf8ec690626f9f30144fd0df4a6fb8afb6cf9741a8ef13bf24518a427b71de42ad4f8d4
0206f883fb6afd1e005efd6dfa6d0591ff8af53b0574f4f8065af94b037bfcd608b7fcb304130c40
0ca7061e113d09881720fa9f027ecb1e1cfc1509f769fde7d255016cef3e0b8f005bf0b018eb03d4
08ebda09f2f42004ff850f870dc7ed130b101a000eee1da1e47cfa14de0bfc1b0514012d0c42068c
fe6b03eb062a073b063d04f0f70cff530be5f39b05e1044dfd7709c1fbfcf6a3f8daf2eafc460a06
0b2c17e7c2c6f036e9ee05a3f723fd0e136003e4d59e12a315f9f16dfff7ec78faa017b313632ab2
316821581584e21eff9fe072079beaec15680a25f3d5e77f1c4bfdc7055ec517f5151076e917e9ff
f7603362dae10010e2dbfdefe878ed13d641f460eeab27bdf19af89716bf068e0d1ff4cf2721bf4f
069805d50ac9fd45025207d0045cfc64f9e3f734f79b06c8fe54fa2902faf452fb24f98f06f20038
02a6baf6d7d51f1fbe050446f232f145e033bedb13fbf803fe350606dd14edfef226f322071ee1f5
0746fb84250de0e2050f3e8a1856e3d804eb20f80656f3b1f4920202fe4d22eff6aa00ae1aa4d2a8
f6d3fda2f95000fbff2bffedf2520e86f0b3fbe0004b02aa081b0b0c054ff5aff973096608c302bc
fc9f009101d7f924f5de099f0211f6300559f809024af7cdf4d505cc0ae6f9b10cbcf6ba0a9ff97a
2a4b032d0f484537fa273603e087b05c16543022df2008c7c1bbfcde168529801bfb11a3083127be
1252034c06a2f381e796fa26ea4cdd12de9b0500efe4e4c70578fcaffe9b03d50fd9f3240417fef0
0a6bfa52f52208bf08f8f50df9feed6002440821fc7ff845063f081cf6e7099005340301f8e00cfa
24e32364f1e3f2c1c23405a8f165065f14ab122cf12b35b7052af98909fd0fc920f7f49613b9fb95
1eecac07f8681445eebbde5b09f10c59265a1abfb2b9ff264451faca1e6b175e298bee9c2a444625
152906470fd60e3e246b13fc23520a19f7eaf83c0dacf5430923fae704c50b2b03801a830d481a5f
f6460029034ff8a103e80546ffda095103550047096804420271ffe2faf9fb4200990893f6af07bf
2723cde3015d10250dece8461b32fe5103992baf2116f77ea8c10177051f01c807a41e37199e2039
18f2fd6d1e66f460f8c31fa3ff6e0a241d0903a21e08163ccbf1fa61038bfaddfc5409260ac1e50f
3c41390c02aa16c4e21ef021d878069b01671d1cc66f31dc0c51f62b1274ecfb13b8e527debb02dd
020fffecf4fa07c506a7fcb0f6eeff0f032df58efa5ef808062a021e0263028809f4ff3af9de0c49
0871ffb6f1890c32c12eea7c202a1e540cd3b37bbb6c15d912eef3e520f217140074da030ed00ca7
fd8504ebf90ffe610afcfdc9f759003001e4f7f6f48f0e130af704990a43fe6805c4fb0efa57f87d
1b0d05781a5e13102b5008480cff05e514c0eb36cb31c17a0867faa303e2faf709800cac1d2b065f
230deb2b2ecd0b51f7e3f7d71d2402baf9091e94ec5f0a2f013df188f87502add9a3e71e13e42732
037e15171576f0be1d241b472378f9ed040dfb7911a6d69af5d0ed49ccc617a1f8d21434fc94ce6b
c985e01fc387d77b2fe212170e1c17e505421fab212008fb1766f78f2b5208491f92fdb833f2040a
e5300ed903361457ca21d9affcc724a6ed8edd2ee036097716f2f356e821d5a4dd1c1a8ae208e88f
f901f7b7f1c9d5eeedb22bdefdc21857f3121578f9e0ecb3f2a6050ff232f45506d91d3b01cfedae
003a0268f32af8fdf4bef9d901750c84f75607e1f867011bfd830330f85e02be02f8fde0f7ec048d
0b1efa46f698ff3efb0309bff6eef8ba00cc02c7f95c07f6f9ec0ab9fc0bf7af0330fc1507d0fdd1
f7cb006304bc0abc057dfd160b9101e301a8048d03c6f1e70996ff2bfcaafebafc16f7ea0aa5fc6a
f7960d6211c4dbd999bcf7a9f3b7eb4c091f0b4f1a5b1af3f4aefdd4d1c7f91bff26ed8916ddd8ba
0165f44c0de9fa57fec1f50206a9f53a04870542085a0140092df8bbff9f02c1035af377f767fd64
d5cbf8e1069dc6b21e0b1037d675f4d8046613792a8f05c80df00bbbd2adf93ff1c7edd4ea31b7ed
06940c15fc901569e40427022d95f9e7e67d020ef23911cae8e70048fa33fb10000afecdf7f2169f
dc4df0d0f67fee8ef34af84429090802f340f97f0afa10800ff6f906065cf5bf1b88e05d00ddf64f
d875031fcf7cebd3f29ce1090ce6e39c1cccdb4dfffc0960e72bfc9305a4f144f686e738f642ef9d
02f903e1ea66f302fe090abff2023485224df349f40416dd0637f46df1cff444ea7a0b6cea8c0bbf
f442fdbf07090328fc4a07b7057ff8480776fcc1052ef56c0820f91602eb0a1efa12fda7f76cfa10
ff2d0932f5f1fb94fdb7f7fdfb1ffc480bfefc7e031c07e20b6df872f5abfb4afd0df86ef6b2f8d2
0340fe1706280644fa73025b01ab0c960644024e002af9140a430791fce2f7c50a5d0d92062bfe03
fc1205a908bc07aa0b9cfbd7fbcaf59eef49fa45023c0b0b06cd03ec0b7008b70e42f7f9f7010291
fdfa0518fb3801750056fb3305a5f7d7fbeaff6e0b19f90cf7edff13f6870698f54507b0ff2d0219
0355035ff3a80a10f4e1fe63f7e5f487f38bf3ecf99dffb3feb8f780f618fc0101c003c3097b03a1
eb6ee073d9cefb664632416605c6de9c2a041bef06cced741278f41cec690ccb1e5bed743c653b7b
10d8e305e40a240e26f52007f92d02a3cefbdc29c68c238c07b80b3d19e70f8306ec02e2126e1e4b
fe61e647b137e87129f5f992385eb856da1dd340244c0cd9d478f5c0f69108dff92b0d26fb5caaf7
218a2e2df31aeddefab52f46cde82be1e17eff8710e311a8f3a8f88efd51c0582c4a02f7fcaa0cbb
0726fd90044801f1fe85fd0107ddf4a70bc4f4980128f33dffb7f686f6f2f7a2057501a0f765f7ca
d05de74012d1e7cc1c6bfa0c1c8711ebfb67e94cf455c985178ff0eeec170dd8f395c8cc088b16fc
f4320772fa5c083f09b9fa5bf79d0217fe09fd25f4c3ff8d075504de0935f5b705b8fccff53af90b
d8effa4efa1811b1f1c8ebf309dc0a26276eeb2cbda524b51deafa94cdff070a1967e855a7110586
f2cd0f39fd48ffc71926f1a91b1de4df1d351848e4e2d405e321f22e0c533332ff0001bf2609b999
09d2015c069708230347034703a50ad8034f08a8f40ff34efccbff830541f9b0fd60fd82fc03fc55
d23eff551ea9d596158605831e8202befc55fd411928e3d927f40101e8b40c56bb4eda15f3f20bf5
f67006f90733f9110045fb8f01fb0bd7025f075afbabff96f94c0adc011304c6fb50fac00382fc0f
ffaef61803c9fc1609fb097d0713fe01f5b1048d031d0066fa580a09f560005709550c64fc03f3d4
03300302fe6cff28fa9d0bd2fd7304cc051dfcb4097c0c0e039d0554ff37f40805e8fd6ff3abf9f5
05faf7d9ffcaf51bfa6f096a0a630652f865fc65fa31087cff2e0275f7b2067201c1fa1fffd3fc3b
0689fa990551fb810733fe6ff241096bfe5001d90694f8dff9ce019a0677062cf9d705c8ff7a0b22
e40bd481cebe1ad2cefa34f9071d0544269505b1e8820e690886fad5054412101507cb5eee38de49
09aa099bffd9fd2405eafd1eff8600fafc9ff714f827f9000086068e0a61f8dc0b8502f0073efc41
fd1bfb2c0887155fff8a1a3e12cf01121b5cfab5f8a825bd021206a8027709bb09240b1606250781
ff55fa91f92202ac005dfbeaf31bfe810b1d005605240464f95ef7f603170b1afe9b0468fa8e0cef
f963fcfd065f03000894fd5bfc0d0060fee3017c0096fa8ffa96fe4bf79ef989fb7506f0ee9efddb
db4806fa08e3d4660cb0e69beddb156122f4feed027711f22c86f8a21a32e4bf12b10a87e096270c
f6fd08ff04320c08fe14fecafccbfdb306f600300217f633f659f50e08480069feb004ff076407a1
ff72f84dfbab01560b2d07d5f8580196fc680807059905dafcef0acff4c307710656f8bb08c0f75b
f9650ae00934fb10ef6b2372f2e6007a0c94f5c30288f103ea01e2a10ebe035c0becff85dea5e437
feeaf5f2f5c8f8aff6f5fbf107940497f874051cfc6af7650486028a0426f1edfeed068cf606fdb5
e0110af41c0efcb0ee0e0eaff62718960fbcfee4e4b5fc71fb92f30cee77f9c21cfafd6d0eb71d25
095ef69b06e505ca0ac1fa3d04310284039f054dfd47029fff63f9c5fe05f77b0cd1feb801e10b95
946104880330015eecb7ce9f1796e7e0e88af03e1e1706e217840592010612acf989f3d2c8f231d6
c76d05bad70e01ab066fec9e2270c121f85dfd7c0f8f0e8f06000f9f17eee8570d5cab47c91eff3c
f6faf6daf6c0f8a805d4f43b08a4fb2ff960f6cf0c2801110675034a0072f7e90464f76cf721f9cb
fb841b2cf7b7f42fd6ffe9821811ef8bea31f474f082f0f81330cf3f0f660243080d1fa1f4b2fd36
10eaf6d004f9ffe00226ed1cfe03f5d1e635f9d836cb02d903fb34410041fd10f6ca01d730d91dd3
f8ac0309f60dfdedfc48f176f7c609310a2500e2f948f7200b86f5eefd240446f844062dfef70762
f13bea1a232407c01697fe8a0136e8effdd003c13f4adb201fa405a6014af9a7e227c3eb0c8207a6
023ef6f5294ef63ff9bedf4b230e0a6bf0ecf712fcb0f5080bdf2335c9cb3238db2202991b610f38
ff30f232f847f9aef94e0bc30343f94ff596f72e0038f51e0055049ffa65f34bfcc2fab70886fa46
0a7920780521f8e3bb6eda24e4bb09cee6aef5c8075bea9dedd3c9e7f27e28f4f39c20a822dc1a10
d586051f01a9fc2d0dbded1b112afba8eed2faa0099fdf5ef63016c6ed230149fef51a52ffc61048
f626e24be3befc9afb200048f2001fd30bccfd73195a1c81f446dea2022aee3cf9ee1c48f028c1ab
0f332189e3cb035ef444d030bd480017fd63f7be1cfd0646253f0116e5a2dbcef3ee08d6eb16efd1
ffbe09d0002dfca20b16fd03f5e7f6c8091ef82903bc0329fcec03eef73a0119fcc8f9a4fcb408db
d3c7da08151d0223228fdaeaee9203ed1270f3a3e0bd031c0d661535dc4d13c5031dfb6514972f61
fa1507e4fd6af6f8056200a1014c0561f994f5a10e18f4f30763fa6af9f501dc06fa0a3dfbddf9af
07962215fc72f7fdff43f4b519470d3bf62f0015c832fc69d999fb34f8db2bc8470e15c62ada0faa
0b5f000803aaf5aff9c40a7af7b8fa3d0735fe96f48ef6a809aa063df9caf7bf0787fcca0b3a0b01
edb627a63070fba5e7f520a3fa2716dd0934f6d11925f57d271812b1086fc790f1fb0d33f4791e65
19e5f2b0041d02ddfd06fd70128a13c8f24b02d7d1e1f31cdfdde89aee840767334dc32f12150c3c
0573fd76082efdfb0a45ff7506a5fb81f72b033a0d4ff57d04370a0f057602660b1bf9980441f54e
039f150118c9f848a20be600f31401070eebee8bfc040a8ff6fe0824d3f2f70dd2e5fb4c0d25d541
f99d0532f96dfcabf595059ffb96f429ffadfc01004ef9c605ce003aff26fa04f8cefd46f70801cd
1680db5c0723f3b50a100ea6f496f2b5fbea03929dd1f9c02ec905770b58f9d30e0dfcad17d21d65
19bc004cfca3faaf01871c0e1710fc3bf739015bff530e45cff901ae0d23f3531738ea65eda9a815
03881c6d031e07c0c2f2ed67fe711a77ef9df7cce03806e11086b947f3ef12701054f7cc105bfcaf
021df8de0914fd2501d7f7f406effab1087e07d70b9df8260076fdf5fb93027bffdc04420c0400b1
068c29a01267f7653038ec233edd27b7138afa941fd885144c4d284c0d25e628ddc621ab1af31d37
f463f9121dfdf8ea1c2a22a2ed05051002f5095d1dbbe6c1d9410fc30ba22909320ee248f8abc7e2
9dbbe02bf5b8f5f10a5c30b3197be75ee6b402b8f7201464e7010105007bfec8fae10bccee90272d
ea6402a409fffc73100b1941e76f2090fc99fc4b0a5f0151aa9302e0e9fb30e4e57f21d71c20037d
f5f5da9afa63fba5f94014f03db71b400bbdf6b30b2bd8dd10ff08e906d80319f80817f49facfe0c
f901f507f954f72d0356f6e0fa3b0d05f8e3fae001c5f77dfced0471f80ff51200a3144bfb980213
f6fcf375fba6f700feb9031bf755faebfbacfde0fa4303200938f98e08710c00f686081a0738fff4
fdfb013604d809d6f620f3780ac9f8280041f61df569f9cafc18039c066b07a206a008fe0cf90559
e245e1f201f906e40c9de877ddffd8c505e2f7b617eecde21dd305301b2fe996eb811abcf4592af3
00ad095be3b103460dc70c23f529ebe9fc5cfb1ed9edcfb20ed7946e1c6911de074be7fbfb6b0fca
b1cadab01d0c0536cb2b0230057d0ae2d84cf5c20ed20d4414bdccbfe647f3330004fb82f3bb0121
fa0c00de009002b5fe99f63afe0602f5076d0502fc50fc0ef65b053bff72f81f02730056065f0132
18db074335d2fe56332c0712026fea632279f648079b196ac7efb39afac51731fd4901d70f40f8ef
d661042c0b060177faa8ebc887a91cb0fb1206c9f2602148b33a22eecd13fc4110a51c7bf93e209a
fd68209a1db7f27feb45e9491df2f72fe823f616e47d18a20f0d16d6ca410ac12e800b02cee5f3ff
15e7d7cef02cf822d108fa81e9be013afb6ffebf0a2de666180b1c54e945f20b109df345e07cf6c0
1ba41080caa6fcab0270fa89f52b3c94f078029a10df3422d92d1a40169a1150e04ced15112308f9
08c7eccefe99ffced83918d7f13eecce043007cde25315fa165c0453f049127818ec036e0f450990
f6c205700721f9e40843f540f987fb42026501270351025e0367f9dcf814075f033106eef552079e
1bad0294275a022310f30e10fa77d9b01467f8430ac313230aaefb4c2781c5ded232e3d4046ffb5c
a8dfe70f0da3fd49262c1be205500422fe620238ecb4ec54206dd8af04cdef25e5df1c2b048a05fd
0b8ef55401ae08c5f3fbf7eb0a5d03bbfd60f75b059305a007010a3f0584038904e4f5f7f86f0085
dc9c1b62f20e050bec7b109be3200af3fc0e057edf723232d41dfdf2b45d238e33a93705e1b52d5e
ef050a90f780f3020891f481194f170f0e47f8f743e6f66cf73cef2029f1e5b40174eae8f610e952
fb012e0716c3fc241ebe008cf8e20897f453f7ffdfa21c5fd3cbeb23dbee12d30540f6b9119d1739
08dbf76bfbf3fe9a087f0814fbff06f5fa7cf4a3fd94086f07dc0a61f7acfa3cf66aff7a08aafb77
0fffff7c0bc1ffc0c1e4cf4b198b0c41f72ef2061f0adbb90e9fde741f67edf6038cde21dd11e34f
f63cd0f8cc9bf7a929210146f25bd9e4eaf3033ee9efde782c91f2981394ec5bfbe8fc3b11b2fcb1
00c9fed0fdfcff5208a3fac5f401f745f6a90af2033502680d8b09cb014e0446031806c5fda9029b
082f065a091e06c60337f53df40ef99b03160078f76af88df646fc1bfb6af9d20997f80bfe1dfd49
0765f127e2de023b3b4ef579db71e122fc3804291c322a9ecf5dfaaaf8a61209290d045d082bf8d4
d95215fa0d2704a5de731342cc11d67112300435ea5e2e3b00fbfc29e904f6d3fae8f6362c45e157
0251031a10ca04de0a7ffbfc072cfecf0421f6e702e1fc67f84e0f490021fe72fd4207d9037701b3
246b2ff4dad2f23c1166ca54ebe0132a0203f8fa0e0c0aa6ef02e576d44811be327044c7dfdb1f71
187ade50143407ff15b4110cfa7ce413fc0b005d64a407670d1fcbfd28e604f5d4dae670f0c11d29
085cea381565f5ce0e5132ebdb2b07d71f4dfff7082ee60af6caeb8ad7642e86f495fd9500990b69
0862f891fa4802b0036f0151073c023eff0bf66409dc07eefe4a044cfa800829f99bfb04fbbb09ed
0c2007f5d2a6fcecd5961440e7a10e2705fc058909afebc9f287cabe045bf7051966ea26fb50ed3e
bc7602c2db54f82ff06af80617b926e6f0b0ee881cbf1157f315fc2900d404b40a05059208fdd2b9
35a20fad0cc4fd440098e53eb49df5230efff9c91cdbfcb3dd4a0988e96315bbfa412255c7f504f6
041304be08a2faa8fcce04fff95afd2a09d6044c05e80895fa47faf8091a088a0b6d04fcfc210707
30c010881c13f8e206279f9811ac0120e1d8f9ea1fa0ef7f1e95f10bf715ec1d15742191da1109fd
06c70474081601ca0099fe47feb2f99bfa0ff5a702fc03390f7f0b13007109c9ff05fe42002c06c4
e7cf19c2d730f5470b770df90144f477f2a9f267fc2e1bc0eb4e0e00f20efebef094cf3b075cf38f
24b3ccbbc6fbf4f51cd708f5fffdf659d2adf8ec13801ae4ee29ec101e46ce8b12ecf11af2c4fc9e
cf45006a0beafcd90ec205fbf2151e71f5a0f69e01e0f27ff6e6fc4ffaaefc19f6b7035f0cc2d154
ec34241be56d0258f3efe8def9e5f435de4bfbc3099411baf74d17f7ff10026cdcadf18afe0e38e8
edbe058118690325cd1f07d021c6f72ef22300d4fc7d03bd0b7b1241ebe20c1ced1a0415d953f769
f9a71331fef1f479ae94f58df8ff0faaf3690073eafa0289084fe5c50a48257bee40fcade18f00e8
05e203e1017c014cff7efe40fea9faa9fa680b37ff5ef72a01480579f93ffebffbe5f6a6fd32fa6b
f560055a08690350fb8ef8d000c7083ef8ec0916fe8c0aa6f645ff4b0741f80dffc6ffd600cbf417
0470060d04100319f7500758fdcb08baf3220ab0094bfbc50567fff9fb64f9de076406f4ff23fb3c
e004f687026d0273e8ef18a00ec218780835fd2c11e6e3d5f63103bc045e01ca288c1951f61c8202
0233fcfbfe150842fdd5fe5e036302d6021606d009cbf410ff32f50201d4087c07a307bdfa430649
10ab18550245fda405502c89e375d591e2fcf793d23319f2021e0f73f0d50f43f9531258fe12fe67
042a207bd95702162c9df0f6f90acd2fd1c5f351d94520a027b50d6d0502d92ae4afec7c202d2857
ffbc1b0d021a08e2d0a91c2e0402f52deb19f7a8ef90f4dc2c5b159f29a9f5fcfd6f07e6fe5c1734
34b80c750dfef644da1dfb43f57bebf20a78ff92d3dd16c3f5e802e9f084f349ed9efa4826a01302
da6a07b819e20429eb64e582edcd0e6cf6e4fc1221d53a720073f418e6f80535023808370030fb89
07970449faeff9b50844070afc0af46cf4aef99cf983fbbafd69f6def522fd2905b3f665f81fff7e
f61b0465f8e60b2808f5f972fd4ffc69f9e105930969fd64fdb4094c07ce01ebf2b0fca30f60036c
0293fb9506b809d0f79bfb3af839fa24f72cff28021b00b1005df48e03400144fc1f059afe6eff85
f797f9840843061c0299f79103130630faeffb7ef2bbf88dfb9c1163fabcf742fdae06cdfd7cf4a9
025bfb920cb7ff16ff55f6e2f7b10008f52602a30a72f97606bb00bdff71fb65fac0f620f7f1021d
feac057f0c7c052804a304d6faca0607f90df5f3fd9df76fffcf0666006af7bf007508eb03aef5e8
494cf88d1fd602ea3682fdcffb522392e946032302c0ed45e63101ca5599e5f4e6d4ee9e1a4521aa
10e5ce4dfd2a050134f9faa6e284f070f29bf56af08e01ad1bc0e579ea22025eebc6187432392b93
08d4f96128f7f56902f21262ef52079610180700023afd05e99503d41021f42a0a99074e1fed2c5a
27aed723e31e00a00698eed6e5881a080fe9ef0cff5e05dfd514e7df03d9200f09a6fd3ad01abae8
0b3207d0fc0209b301aef7bb06b3f8e40664fde9fc4b0b8307f402f10ad004ed09d0002d067d05c6
1fd6dc13fc4bf4d9e4011c17f756a670eebdf51af6cee36e008b08991a11114cfe29d73007f61ba1
f74d090bff760265fb2008e1f5e90827014efa84fb480542070302bcfa28fe5e0fc406c1080a0230
0904dd4c114801e5ea2a0a8c0e0419d4e3d504982873056c0d4df774123eef7d0adffac503bce1d0
0636dd61dbc6020414650928f6eb0b1ce6e7f95e14f9ee8d0248eba127b6e22b2322db852cf6e80b
fbcf01dafbfafd5602fef20f0311f72a018ffff5f8bdfd75f571fc1500c4068afe5003fc08ccfa1d
14d613bae79dfb19fd55134409e5efacf02ef4300566180e19dee3cd1cfa0964d4991c400d720e72
0464f82b09cc07660311f9b7fb96f4bd0b820b000b1e0354fc4bf81f09cdfa5a01dff5dc016f093a
090f08f90c16044c0ba204eef7360ba1f692f67e0063f97406b001d9f7e2fbd2fde5fd6b06c809a8
f850f0bdf5b3055e08b0f856fc77021a0976fd450016f828f9f2f471fca90419fb8ef005028e0282
04aafb3c063309870865fd2a06cd0735fce700a2034bf8acff1207fb0a2f0a81fdb9f85ff895f9b5
0270faee050d040beffbfcc50586f36bfa1efd430454fbdaff96098f0227ffd6f7c2feb1fd2cfd1d
f2f4f07010ecfa8d2e6400fff6d5f8ee0420ff66ef99f89211eae6c6e7491855dd0832cbdb250704
f4fd025dfbbbf5a3f8c7fa78067a07a90133f53302c4080c02d9f4d3fcc1f5e7fc1ffa88f2ccf131
fbaef059d488fcb7118dff9b0d4fef05e952f9f5e9fef1aff6840f6bf86cdf6b1521d0ab11100461
064bf5abf4e3fb4ffe6af755fe3a0869f51604de02930596f8f7f98004f602aafa7602b6f7e6fbf4
f65af12e067af7c3f96b0a4605ad052cfde2fe89ef67019b047af55400e6f600fc900719f4a5f9ba
1d95fbc125f2fc98ff85d6622237ffabf0f9013f2784fe6626f7e33412024080d46fe4b223bd09d1
071e06850012fe14f4ce004af19a036af8a0fc7f0313f732f61ffdb700060553fac1faa1f50103ca
fa7b0ab4ffaf09fcfa1e06b80518fad30289ff7e02450683fd15069b0adef9200616fa36fa82f695
fbaddb4df759fb6c07771da12b9903871c7504940fd40ceefa8811bafe7401de03b7215810c3e5d1
facfff3d0c46f9ad01150782f6affe22f1c000e8fdf0fd2ffcb6004df580fef103200332fe3f0fa5
f301d437fd1af5b1f5df13101f3f0929e6f5212cd09d14a30706fc0afc8eeeabf5db1910141bf148
fcf8f380fa5affd50e8aff750016f5d1ffcc036d02ab000704840224fb1bf9b2fe92f87cf83e08a7
03d906801672047aee71e22ddb20db5000d9ea5110bada860349f8ea04950958f51a31b6189f2494
00f3fe6eee3efe313ec518b5e161f11e01a8e37805f80419f7e0effe003f19cffc1ae9b3201e039d
0748f766f26b06dbffd9026afcc3f98205a506d0060c077909ee0a64035e0563f5720078f936f9da
fb3ce4441ecaf22dfacb2b4f144107c53ca80a0ccc0017d9f4c011fbfae3e8a9ec43f5379f63f5f0
f4931f12e491f6b910321a000d5feaf7edfa05642a6dffd902e721d8032eb29d00b1effff88fd704
fdcd0d24fb47072ef728f893ffac0ac903feff9cf9920afcf98a076a02ba030d030efa6df55d02c9
09c50fb01bf8fc8827981ba8eb6df853e99a065cfc891c11fa87cde8fdff107027da03d01afff2ee
fefc11e0fb8affb30556cb6ff00bf5d71190eca938f8103f025ee81aefe9005d01a7e7f1fde41a0a
f60ef805f7bb07b2f85707b0f9b9f5f1fbd4fe9dff320094f5890480fe1206c302db0314faa2f8f3
03dedd6ef961fb9e1d70ffcd103af872fd4b0447a39dc01afdf20f4b04fdfc62e1c92014e64b13fb
0377f1350247eec00158cb08d07de47af6072aff22191313f431f929fd73cf93c6eef8b71fd4ebf8
f4bdf9afebb106302581345d19d11a0bf9bbd4920afad866fbe20dc7efc51d0a0074fba53ea9ed42
f7d3273c11f4f29d049011a7f6790ac5e72befe3fb5c1dac0098e2eef09ede1724180b3a19d1e836
07af080908eef93afb75fab20a78faa6f8a00476fe97f4e4f81f0973f88b0bc7fa6d0436059cf5af
fa12244de830f798deb104750ad7d6c60af9e1511ebf0868fb1ce58eefe300321df2eac6eea8ff3d
f4ee086902040b3c032c04dafcd80b6f0a9e00d90af70328fad30c39fb1b01820a97ff3b03f00038
fe57013ef820f3fb012007300e46fb98f30af1c8e69ccc45fa8d2d9afce81a03fc39cbb8f94322c5
01a2f28df978f725f96cf6be0358f6430ae2fa9d00240ac904b2f83d0939ff21fe31046aff09ff10
ff7005dbc082f7e30018ede3e866ffa9c18229dcd7751a8ef91f05bff70dfa09071ef64bf13bf203
f5630b50fd08f5a8f0c9ef31ebb0e00d095bf951eacfb9be02dc41c4f8170fa3d496ee34f8c62f13
f80a0b3cf8cd004f009f060bf739fea90b12f7eefb6d08e2f71df6b9f47dff5d03f70257011ef88f
fbcb0398102b02ff01bdfe8527defe4cee67fc22f5b2e79903070628f7a60305a393e8b9074dfa25
fcdafedc090405d0fa4b054403d9f6d60920fd5dfa1df6110a16fce1088704bd087a07e8028b0688
f31ffaf6163cfd5ffe4cf5ade7cbef30fcec220bf152f88403affda2f36a0a910e1e0a34d89702fd
f91b1cc10752ff1f0208e9830cd013c9280ac807fe5ff12bf4da087af3f3105b2b81eff716d81a22
fa55d54cf091006a1c8cd938c2a6ee3ef40ae78aec8cf3c1fa78cbcefe0e2b62ccccf5cc21452821
04c7f7d3f6cdf8f7f959f19505030883fa60f7ec0a66fa5df958f5cbfc65f7f10b69f7ce02de0590
fa1607e9f9b40e5f0871ec40f6c2ef3f08471031d4e8d735f8dcec0400b41f370d1c0b47fd6beaef
00e3083e0e50fccddc14e415f82af6352804c3e81f46f837fd300ae1f7c91a35e786f108e115fd72
f496188716e5f57cfda802a1ffbaea87228016130c912dd002bb043defe71718f75bfa2d1ede022d
fd720d0d1141f131cdd115aef93fdfa8e414f1bcf5121435024eb7d6f6c5c72cee1ff1392031c207
f7651f07fd4df7f7360ae25d0618e27ffd0301371a80e7effac4f07cf0190489f41c04d51227e505
f530fc3ef6900955ffb901c7f87af54cfd770a41fceaf742f710f903fdb402c1fc580a93fd7c0564
0a64fa080429f79afd5e09110ab302edf518f6df0c48faef0683fa79fdaaff89f5f9035f04d50541
05b8fa900465080c0dc5085603da0bfdff98fb450c3a067af640fac8067006f6f9f7029c02f7fe61
037500330967f029f5e507391b65ddf3e63e2455007108d0f9e1d5adf478d8090b2e1724ff36e1a2
fcb80316f08df5d713162cbb219fe69cfc260539cc94e7a2fa43f4f8fb30ec131d9d08cefd460802
fcabdc2d180df37aec0cd5e8febb138024afe6da24ff1a19f6e01026f4aff791d26dee0622f61e81
ff20fceffb4cfd7ef9950515023c06b1fac106ebf8c9062ff7ea024403a6f9fefa77026e03c00b9b
0438c8e716a9fdb41a16fd64fb3fd89cd19cf53ae9e2eb2506ec1725f583f8f31cdf2fa634ad269b
02de316ecb33002d21fc1b44e206f2ab19ce14080236ed5dfebe1846006bf40b3c3705782968dd9a
0a711fa8320df55418da0a501d6d1213f323fb5feacdf50df23de419f97312b6fb15f4a32a6bf65c
fda6267bf68cf611c6d3dd76fa74074a12c9caf01c72e946064618f5fdf9057bf66607bfd5bade71
faa101200a07f3651949145bf345f51bdabe23dc03de0157f8a4e2ba0638c49e01032cb2f273dfad
ef5e0f9816b0fa56e988d00afb61ea12cce907110755d147fbbef83afa5103adf1f205ebf4f00139
00f301db0e9e054b0758fef4f26cf647fc870ed407830b1203b6f5ccf615fb4c096cf26cf8eb054f
fc6bf85ce4a5037d17630d7704c71da6230bdef80cad29a003341c0afce9ebdaeea1d21a1c8aed6d
f9caf9560e59f260ebde326ff061f5df136909ae06dafa9202caf92df9b7f88ce6dfc300fd752742
ff0ef9a6077ef8eefa320b6704d805ddf6b7f2c800fafa61060c02cdf60efbc5fb5f0739fbf6f89a
feebe63f25fcf6831e0cfa78e696f13201f2f7300dd4eb6bfaccffc5f798d89206980a5d150fedce
f68cfb35f159fc29025c01ad1e34d977d60301c8f4e6109ff9a4e6e9f96d0e8b9c4c087224d11bf0
fef82156f2ba066a1e38e23906f8fdda2ecdd48c1cc9fd67fb01fb94feaa14c92757f0e80d85f44d
0584fc800a9df5f8004efe89f6190b31fc0b0730001601ea032804adfd17f6fcfe75fdbaf8c0fd40
f3970fb3eb99fe8023b6d801fbda0b95d647e800fd56fffafbc12699fb38ef2bdafdd6520521e447
03e3fc711270f6f6c66e22a61c41da9c07da1108072e0b52f8f205ebfec20ff62cf0205916c614ce
0727fc30010b01970090fe67f8a3040703ad0241002df9ccf8680585fd040779034603fc004906d9
ffd4fc22098a08a403a704b6f99b004e060af82e0a4e01e50771fa5508ebf63df918feaf0576fce4
f69d0699f84ef8bf18420061ef86f15fdbfa2f8b27d22673f70e3135f62ded860d081d8823e2dba3
f932078209bdf7e2d918068ed99fe52e10a00f49ee20e3c5f996e5dc01342553ee8a2683fbedfc25
fef5ffd40644042d0414fa0d00a0fb04f10dfbdf0c470698004ff97002da07190b4bf91503e5088a
f31d273cf77af51d0ad323f7128c0af6e88224b8e7d30c93fcce11cff6cdf0b73604ed89f429dc64
ffa5ff131f38f928c6d005d406c9fc98188ad3c43dc0048f08bb12070730e2121b04167c188e1946
009ceacab572f52a124e1a39e92cd6d8f01415da3922f5d8febd037b01b404c5f8191c6bf3e00e50
fe4df9ccfe5f00650098f5660971f740f3ebf675020af9080351019309d20121fa35fa9dfcb9fc96
f9bce77f0a4ff163e9370968def7eec0cae411f1f52b0cbdf416e4c0ff94f7a5f00218c51b14084f
efacfc39eac2f1c909e520e1f2b4dd5a05a2191422400f760475fc04f61f092ef3bdfc6710c22a34
f8cd1ffee8a0f2760c1f359f154b1f9629470b69e08f1d9bfecfee22edccf48305edf8a003aed428
f761ff7df795f59df85ff912fea40531040105d209def689f42e040503ee02b4ff94f494f8c7f817
fb03ed510a62036603a7f238f8bd1043f3a8f82af2f9108af946264cf36bdd36235afbf4fb21e7fc
faca0f93010a0666f59cf81200ef06ddfb07fa310db90c33064001f00037093102c9fb09f8290180
ff4f0ca0d8d4efd504be15cfc203e7ebe2f103d32c1e1ea5f34afa61fe7f22c7107601fe0131eadc
f81a18a3fe66f14e06fc0c2507241f631415b729f06334eff649f37dfa7611f23ec416d0036207b2
fe8704a3c6cbfbcff689fa0dd72ff343f43f178c150304fdfc0708580205f1fdd65dd697f00ff697
f46afddcd8a006cc0ffd15a1e8d4f909170a01f3ccb4ede9fd7e19e1020118a707b6e0b5ed9fee0a
f4f92f11fd62fa3c007ff7b41218f6a4f31a04f7ea490556ef8ad280feb1076ecad80ba103860e00
fc47d8b9ff72f4b00db3fccef4d1fef8ea85081befe3e901f5771147fa4d0d611178f92907ba15ee
f73f019304070a0b078efcb9fe3001f3fdb008ed0100fe2ffeb409b7fdf4fcae013cfd08f409f8fd
0b1efdeffccfff2f0035fdc7f753fe930e46f7a10c020566fa5ffb6d098ffd3afb4603070201fb08
fe01010f0040fdc1023a0090129cf6a6ff3d10f9feeafef5f3c003b2f79cfd46004af9b7fbd7f52f
03b30944e90dfecc0bb4e7c31c1de4371819d9e91abf0324093b0331018b0f751917ff9af8821271
fc05fb5109f1ff2eeec3043012970771020605c80e69067e0740fe5cf5ccf3c8f51f1256f5c0fc18
f7c7e5f70271fb55de0c095226d5fee1259208b5e73bfa41f38aedf2f52b1e1e0f430193eae80b66
faa0086b1541f49fd227e6efffe610f5235400c8d141077e01601e4aec11138ef259d919db1d1dba
04cafb2a0221eb63e2d106ba1ce0f6ff0239dcabcff1d1eff98b0750f7530c34fba8329ac600ffd2
059c33cfe4c90735187fd4b2e036f56805bf1af2d674df420708e18c04d518aa2737f6eb2a01ece2
f296e9f706d2f337d3d7fb0d0dc5d48cf3d1227d08ed8e46fc831265f402017ef89e0b44ef8bfe2e
f88bfc090a500429fd48f8f3f7dd0450fc230a5dfc41faec0410f96308b4f799fcaafba6fe73f8db
080503ec05c60731f339fed80557f76af2860f6ef4ccfa65fc76076afab5f7770bc00526f87af991
09efffaeffa2f6b70031ff3d051d049af646fccb02e6f61808d901e7f96ff6bc06a4f9dffd9cfaab
06a708990cc5fa22fba0fc2c0d99fa96f152025bff650249ff830a8f036ffb0f00c50817f93f07da
f7aef1e4f4ca06cb070c0c88fb79ffbc0425fb1301790a6b046afa8906bf0aad055f068f03e4f6ab
035af9bf03d2fdf6f9e9fceb061ef72101b9080807aa0087fee300a6fc030bb3f69afaa8ff4ff6e1
0b150f95e27dfb222b98eb7c0984e83ac311f9c62024bbebfc17f492010ce3cd390dd5ab1c1c11da
07a5d8e519f7fb0f33f541b42a4df43315202794e32bd9cbf62213c4fa96e93d1f49dede2d81e015
f3b1ec50df5bfea31b2e1a25013ef8cb018f166fe64bffe7fcdbf352fa9ff2290d4bdc05d8f1fbf8
f62e1940213ffb23e265f7c0d29fee37e017fca1f75926edf6a80de8f22c1c49f9deee7112b6edf1
0360fcd1074405e5067e0600f9510983047d0aa5f459fbaf09e50826f889f8220c2e06c206f8f7b3
f795e1593432fc1a12f1db00042edee40452fb200686ed3bf025f184f46100c719affa670c4b1041
0b10fb44f5c6f8a7f56df7ecff91fe51046c00130760f75207dc099e01f70a1105a60a99fbd0f96a
fe01101c0a1dfef60f9403ec00a000decaced6ed0b82e4d4fc89fe5df0b2d395063d0349db79e365
fd57ec2eeb7dec76ecd622e101660d32ee6be7f9031f102304591364f55dc90f2bac14db2bd12148
f84507bc05cd0a1dffb5f8a90312f43f05f80217f9c404a1fe9c0ab9fd570567031bff1ef725fc91
ff13ede2fd5eed1923b3f3a20130d8570815ff5deb731e5cfb94f763fc220706c2eafb5ddb070c28
f9cef9acf8a2faae0248fdb2f6090877febcffbc0e54fa8201b0fe6b0b9bf892f67807a8fcf0f994
0935ff1e0844019308c7026ffa6af66b01fbfb49fc20f744073af87707b8f7da0064f6620257fc93
06ed03ab04a701bafa470c540bff0820fc8406b307f301b60870fccdf5b50dde0223fc580783fdd9
f759f5cd02d10a6ff724025206af08d603dcff4ffdfb09ea04430047014a0337fcd1097afc89056d
fbc501e8f042093cfb0efa55f772fcb305f60557051f05e7fddc00e605e1fcddfba103bb0447005d
022029e41322ffb80aa9dfa3ea6af33cefa929f8150ef883f80b0be6036315b2333414031d74123c
fa340cfa0b63f5f50c74068006e1f8c6f874f4f8fe3cfe95044dff8f0565089df62dfc4dfa9d038d
061a19c0106604bcfc4f2327f0a6119efc5df72decab0f8c07f20c94fcbefd2d199bdca2fad6ec41
09a7ff4904d6fbad077df5ad0137f702f94bf822f714048d058409edf54df7a001ca094efdc00a97
f94bfb46fe6ffcc501eff723010afd260558053807ec0553f55cfd840589fc8bf9b40717fa49fccd
f7e014a53472f56610cbde62e0d5efd512cff09a063febad04ca179df8adf176e41a0b30fbdcffc9
05180568f5d2053d07dc05b4f7b5fc9ff51afdecf8c2021806a10597fd6500a909af08bcfdeef347
00320637fc2f0b1df727f6a90765075f09a107fb0398f96bff7dfe02fad0fac107e203bbfcbf0695
0000000000000000000000000000000000000000000000000000000000000000f986e7b81134ff55
00000000000000000000000000000000000000000000000000000000000000000863f5c9fe1cf66c
0000000000000000000000000000000000000000000000000000000000000000f6c418a5fb5003cd
0000000000000000000000000000000000000000000000000000000000000000081d0f2fffbdf947
0000000000000000000000000000000000000000000000000000000000000000f59d04d0079dfed4
0000000000000000000000000000000000000000000000000000000000000000f688eb00989efcbe
0000000000000000000000000000000000000000000000000000000000000000f85a0dfafaacfa39
0000000000000000000000000000000000000000000000000000000000000000f855227f1afbfd8c
0000000000000000000000000000000000000000000000000000000000000000f1cdf3070c36fd20
0000000000000000000000000000000000000000000000000000000000000000ff1209baf913f719
0000000000000000000000000000000000000000000000000000000000000000f8c11a93d5fd0a20
000000000000000000000000000000000000000000000000000000000000000001adecf21015f4ca
0000000000000000000000000000000000000000000000000000000000000000f74e06f80569fb9f
0000000000000000000000000000000000000000000000000000000000000000fc02ef8c23080924
0000000000000000000000000000000000000000000000000000000000000000f10e018ef388f479
0000000000000000000000000000000000000000000000000000000000000000f6c0ec1ac35ef945
0000000000000000000000000000000000000000000000000000000000000000fb1a2b9ed392fcdc
0000000000000000000000000000000000000000000000000000000000000000fca6f624f803fbfb
0000000000000000000000000000000000000000000000000000000000000000f95c084e1860f6c4
0000000000000000000000000000000000000000000000000000000000000000f564fb450592fd93
0000000000000000000000000000000000000000000000000000000000000000fb0b2284045503f5
0000000000000000000000000000000000000000000000000000000000000000fbf3fa7e08bb05d5
0000000000000000000000000000000000000000000000000000000000000000eef3ff640df10577
0000000000000000000000000000000000000000000000000000000000000000f0be2ccd119bfe3e
00000000000000000000000000000000000000000000000000000000000000000279033efc8109fd
000000000000000000000000000000000000000000000000000000000000000001b62c4cd255f3bd
00000000000000000000000000000000000000000000000000000000000000000a3ef723f7880022
0000000000000000000000000000000000000000000000000000000000000000f22df46d19c3f056
00000000000000000000000000000000000000000000000000000000000000000389f77910300526
000000000000000000000000000000000000000000000000000000000000000005dbe47aefda0223
0000000000000000000000000000000000000000000000000000000000000000fae10639fc1af980
000000000000000000000000000000000000000000000000000000000000000004c013e1fd21f7f4
0000000000000000000000000000000000000000000000000000000000000000fd502962f6730009
0000000000000000000000000000000000000000000000000000000000000000fc77f96e0979fa63
000000000000000000000000000000000000000000000000000000000000000002e801b8171af496
0000000000000000000000000000000000000000000000000000000000000000fd4df10ef399f207
0000000000000000000000000000000000000000000000000000000000000000f63cf4fc0c68fab9
0000000000000000000000000000000000000000000000000000000000000000099900bf007f0058
00000000000000000000000000000000000000000000000000000000000000000594fcf3fa6d079b
00000000000000000000000000000000000000000000000000000000000000000357fd9bf5770337
0000000000000000000000000000000000000000000000000000000000000000ffc3cb12fe7d018f
0000000000000000000000000000000000000000000000000000000000000000f6e8fb462677fc30
0000000000000000000000000000000000000000000000000000000000000000039702c1facafb83
00000000000000000000000000000000000000000000000000000000000000000a3227f2f84ff4ac
0000000000000000000000000000000000000000000000000000000000000000072b3192084b0916
0000000000000000000000000000000000000000000000000000000000000000fbf42def0321f2b6
0000000000000000000000000000000000000000000000000000000000000000f67e04c81a26f72a
0000000000000000000000000000000000000000000000000000000000000000f16de23ae21bf3a6
0000000000000000000000000000000000000000000000000000000000000000f687139f3106f7d3
000000000000000000000000000000000000000000000000000000000000000000a3fc7a0855f5d2
0000000000000000000000000000000000000000000000000000000000000000fd3fee58f1f7f862
0000000000000000000000000000000000000000000000000000000000000000f715eb642bc30113
0000000000000000000000000000000000000000000000000000000000000000048bfc680f34092d
0000000000000000000000000000000000000000000000000000000000000000f59cd4dafeb4f620
0000000000000000000000000000000000000000000000000000000000000000f958eabcf4e7033b
0000000000000000000000000000000000000000000000000000000000000000fef408b0e4f6f9b6
00000000000000000000000000000000000000000000000000000000000000000a42fe14fe7ff776
0000000000000000000000000000000000000000000000000000000000000000fd680d02eb40fdc5
0000000000000000000000000000000000000000000000000000000000000000feecedbf04580111
0000000000000000000000000000000000000000000000000000000000000000f59df64b0a870a07
000000000000000000000000000000000000000000000000000000000000000000e9faae05090538
0000000000000000000000000000000000000000000000000000000000000000fff3757daeb50876
00000000000000000000000000000000000000000000000000000000000000000459f9150b4cf379
0000000000000000000000000000000000000000000000000000000000000000f649ffd1ffe908b3
0000000000000000000000000000000000000000000000000000000000000000ffa618fde459ff96
0000000000000000000000000000000000000000000000000000000000000000f9611a311adef55c
0000000000000000000000000000000000000000000000000000000000000000071decf9f8e4f614
0000000000000000000000000000000000000000000000000000000000000000f4800044fcdefa55
000000000000000000000000000000000000000000000000000000000000000000d10ebffd8ff122
0000000000000000000000000000000000000000000000000000000000000000efa8de42f66aee4f
0000000000000000000000000000000000000000000000000000000000000000fdb21bc2c19efa9d
0000000000000000000000000000000000000000000000000000000000000000ff16065805f8fdb5
0000000000000000000000000000000000000000000000000000000000000000fac3035fddd5f598
0000000000000000000000000000000000000000000000000000000000000000f559fb80028af45a
000000000000000000000000000000000000000000000000000000000000000005d2e133f41e02d3
0000000000000000000000000000000000000000000000000000000000000000fd5509c4f80cfda5
0000000000000000000000000000000000000000000000000000000000000000fb9f0300cbf9f0e5
0000000000000000000000000000000000000000000000000000000000000000f65ee6dae966fedd
0000000000000000000000000000000000000000000000000000000000000000fd4df1b6fef9f632
0000000000000000000000000000000000000000000000000000000000000000f9a9fa0ceafafd22
000000000000000000000000000000000000000000000000000000000000000003cf062e0d2607e5
00000000000000000000000000000000000000000000000000000000000000000977fac1feddf6e4
000000000000000000000000000000000000000000000000000000000000000000a5f617fc9e0a4d
0000000000000000000000000000000000000000000000000000000000000000f1621421026002ae
0000000000000000000000000000000000000000000000000000000000000000fa1002acffc1feee
0000000000000000000000000000000000000000000000000000000000000000fda006f0003cf39d
0000000000000000000000000000000000000000000000000000000000000000fddbfe0e12ff0431
000000000000000000000000000000000000000000000000000000000000000005f1013c08d90516
0000000000000000000000000000000000000000000000000000000000000000f8ba1288ecfff242
00000000000000000000000000000000000000000000000000000000000000000218e9bc2e7efef8
000000000000000000000000000000000000000000000000000000000000000007a5fdf2f60f02c3
0000000000000000000000000000000000000000000000000000000000000000045a04ca04cafde0
000000000000000000000000000000000000000000000000000000000000000000da042e0cf6f6d9
0000000000000000000000000000000000000000000000000000000000000000036f0c600936f567
0000000000000000000000000000000000000000000000000000000000000000fb90fdb202a4fe9d
0000000000000000000000000000000000000000000000000000000000000000f7410bf80adff7ee
0000000000000000000000000000000000000000000000000000000000000000feccfb6ad106f5ea
0000000000000000000000000000000000000000000000000000000000000000fed4304debc9fa12
0000000000000000000000000000000000000000000000000000000000000000fa110eb5eacdfe1a
00000000000000000000000000000000000000000000000000000000000000000071f16af741f535
0000000000000000000000000000000000000000000000000000000000000000ff5cfd1407a0f601
000000000000000000000000000000000000000000000000000000000000000005051df90b41f418
00000000000000000000000000000000000000000000000000000000000000000749f802ff4c08ea
000000000000000000000000000000000000000000000000000000000000000003de10762394fed8
000000000000000000000000000000000000000000000000000000000000000003b73648f9ab001e
00000000000000000000000000000000000000000000000000000000000000000a3f014a05630399
0000000000000000000000000000000000000000000000000000000000000000fcf3f7890a4ef16f
0000000000000000000000000000000000000000000000000000000000000000049efc7e000e098e
000000000000000000000000000000000000000000000000000000000000000001b2fa04083403c8
0000000000000000000000000000000000000000000000000000000000000000fc370af109ae030c
00000000000000000000000000000000000000000000000000000000000000000994ff450958f435
0000000000000000000000000000000000000000000000000000000000000000fa4602240ccafe12
0000000000000000000000000000000000000000000000000000000000000000fdf20d8a08d4f00f
00000000000000000000000000000000000000000000000000000000000000000635f872fbec05bb
000000000000000000000000000000000000000000000000000000000000000006c710e2184302a3
0000000000000000000000000000000000000000000000000000000000000000fa1f015ef7c6fa72
0000000000000000000000000000000000000000000000000000000000000000f617f675009704e4
0000000000000000000000000000000000000000000000000000000000000000fae7094103470739
0000000000000000000000000000000000000000000000000000000000000000ff92fafffd1707c2
0000000000000000000000000000000000000000000000000000000000000000fb8407d5f8cefd80
012305be00b3eaa3f2230705ff9e0b87fb0607810773fd53fe59fb9f014efe0b038b0000021ffa52
02b2fd35019a01b6020dfe4dfd6e01070260013e02d7fe92fe37fe51ff1900da0186fe9dfdb4008b
007afc68ffedfd15fe67ff03fcb1fe01fbb2fa06ff5a00dffffdfd85fe2efde5ffc5f88afbf8fde6
fedaff2802d8ffd0ff78fb95ff36ff610324ff44ffcefd7900ecfe0b0285fd4dfe1a00ac0147003d
072f022ffcebfd02f86b027105420c10fb7ef914f6100633f237f2c3f7edf80c035d0d5cfbb4fce5
06e1fab600ec013d0ce2f65500df039802820037edbb0917f63de28ff9650b5200f3f669fb2df1a8
fd8e0427039f0c80fd07f5f1ffd1f47705b10088043202d5f82901640258fb35f959fe66fc3604e9
010ceb37f50c09ac054208db015d0348049df41afa9af93205e109260524fc28fb60f55deca406f1
02e5f8920444f42e016ffd5b08e6fd18f2b2fca2097cff28edf8f7fdff2401c2fca4fea6027cf25a
0199f92c085d000efe15fda5ff71f935008703f9f622059df93f04c5fd980194fb9502ab00920024
fe5b006c063cfd5a0a1200db05b200c601f9ff3af699fefb006c057607e70473068904e203ea098e
03c20898f8f0043c09220694ffadfc2aede5f0ee029bfb57f2d8f1b1f857ef850764fd9ffbeffa0d
f993f95e0436fb5ffdfbfdeffa85fd58019602aafe68fcecef8efdfaf9f9074806500306f479ea87
074d0479edbdf778ee4304aadbda046bfe33ff92050c05c4f637ffa2092905cdf1a60149f3d603fa
fa0df34dffab07b303d5fda9f8cbf528ec8cf3a70624062505c8038bfd86fef400ecfd3e03980acd
0646f6940412fc0ffcbdf374009c0cbb004b03a8f720ebbd05d1f8e20627e95df5c8ff7eee1f0555
06c50c0c01b7ea67f451021b0369fcccf101015c00fffa2a059d023cfdda0197ece3feca02e60522
fd82f02003afeef8fe1af7f50863eb5e0817ff11e26effeafdc3f517f6cb029601f1fdc5021ff3dd
008702a8fcbf0158fe36fcb400b2fcf2fd8dff090199020bfb60030c033400e101f7fffcfc6900e0
fdf100fb0202017ffe29fdf9ffbc000efc11fdf9fbafff79fe74fdbe0256fea7009601c7016dfe03
f5be07a6f6dbf9de0086042f047a044c0ab2dcb801b6f74afadafcebf4defa190cfd0312f928ff0f
0c71f2dd0461eed0019c0229f787f8b401890191087fff1908ebf9650aa302e9f8c2fc040114fcac
04b6f56af93fff84f91501a8ff12fc4d073bf1e6f35ffc700a3809fffe790499f79b03e0fa02017b
fd090233f4faedbbfcb601970760047102cef44c077005060206fae7fddbfb0ffa640194080af71b
f8a9fd7902f6f6d904a0fd17042500c3f8c301c9fadc02090a17f68d0237e711fa58f893f6d906b1
c677ff60c72cdf4cea6de8b701fcb5aaf570c8cd0182e88ce036ebeae412fb8ae961f1b2ec54df40
ffaffe51fa8dfc4e011afefd01f60189feebfc5e0004fc4602b2fcd6016afbbb00c001140134fca1
ecb9f604fddf02f201ad069206b300f501fee47700fc0361f786f5d7f841f4cc01360270f02b0348
09970042f68a06eef5270629f0a0015bf943e8e0041305e6f3bfff19f74bf72b0482011104a601cc
ef55043d019c0752fa7afe29faa206faf88afcd204e3e8e6f30f0cbffe56f9bffdc4065b0dbaff18
ee8207a10993f93a00c9fba5fd84e9600109057af916fe47f86403fe03e905ceeba601d906ffed34
fefdfeb3fb0dea12fc27fd34fd5ff47a03af09e2054302c7f787f701f1fbfb1b011b0050fe79f26d
f38efaa1fb3608ec02f5fcc70043014af3e0f0bbfa81fb7bfdf60c1bf00c006cf674028bf790efb9
f990fe010732fb430419fe8b027affaaf6c90780e99aecd9020df9a0fe07fcd9ff0af7e90181ffab
010d0135ff010428ffa9f986edfaeb5000e4066f0469fa68037306c200bdff7bf9fdf2bf089601e7
1005fb66ebf9ef1af23704d0fd010c14021c088cf99f0524022afd63e373f59bff07f6a9f817ff3e
06fe0176ffe2f7f8f0d3fe43f3eaf461fb2ce60c050cf096f286eacff6f9f5890243f2d1f1a10030
f944ed1f04cdfcb6fee2f6dbf1c5f6440058012ff495fdd7f36403de00de0cfbff4d0190035e01d5
f65f0322edef066afe4405690ac9085f01def189f893fec2f48f0bf30160fd98fe3704d9f15f051d
0302049af282f2bef76ffe850822fad20005fc07ff7305050929ff26037d07b1f39804ddf555f355
0633fcfee3b5effcef35f3a6041b036a0025fe8205e6031c05f30a60e835e65ff217043ce8fcf0ee
f2e8e7fefd5af4c2009f023503cf080d04f80850eb0405ec0b06fe860262f5c70366fcc103810235
f78cff23fcf30844081b03c102cefd36f635ef60f830f667022e0240f0b7efbcfd75fe48fd460066
ff4302d1fcf50364fe2e03bc0397f559017af85ff719fd0ef298070a077c0a8efe8c0741f55dfe35
063a08bdf399047c0615024afeadfb87fc26e9a20154f241013b0577fbf0f4d5ff10020504ff042f
fa7903730042fcd5eb6afe8cfdd70a1d03de0363ea35ffe3fbf506dcfe37f5c2f341fc16f40601b1
fdfb0248efd2f33df0db0285fb090b24c5f2fd7ef846f84c01d9eeaeeed50b88ff57f9a4fa350279
fb050397fecffed1f03df7a405150456f37c07f8fae2f6f90145f39df50601f40171f4340682faae
fe21035bfe17f94001d805fdf57a016efe090e61f5e5fa9803a40129fef00663fdcf03d2063b005c
05d6f07df8600081f8a0fe09fd36fa1b0252fcd4080600e6fdb2f3d7f021d9effad200f4f758ecbe
ffec001bfc95fe1d003b0097035900fafee7fb07fd68fc28fe4cfcc701cbfef0fd890028ffb60175
f09af500fa08030601cd04c9f471f1d4f4afeae0ff73027ef978f438fa48f52df869f735fe92fa85
0112fce0fbbc0213f8e50235f98a064bfe26074e01d4fc01e8590642fc0ef2a3fb6204dbf357faf6
ef76fbc9ff7d073e0735fdbfffed03160187f364fafe068807e0f6effee4f0980869e600f9aafd23
f67b016a078903aef706f956ff730915fef3ff11f01ffd2405f1fe21fd13039cfd01f09603be0764
f458fa330486f97d045cff2005b6fc12eebef8f3fb010fa807f7d4d2fab9eb8eee65fea3e68cffa2
00b3fd2a0125fe060199fdb9fe90fd9d013afda3027a025e0240fec5ff43ff56ffb2036702620184
f85902edfef9041af94b04b00821031cf2a101d201acf7640265ef12fb24f1280498ef4a01de052f
01bdfe60f2500492eb5a060cf5f5f8d703b5f538fd3cfdbdedabff5c0fb7fa7f04f702c60468f64a
f334f5e20385e040ef38f1e5f2d5fb30091c0050e2b702ae018dfa70f72dfda0ef6d0637e8dffee8
f78d009806a403000194fc64febcfb0ffbf4055ffb45f90ffee205ba0161ffd90318fe430b72013d
017f04fef1fcfe46fc1bf577f488f856011ff67302eb05d6ec6bf0d2044efda6fdd705bdffb9e461
f3b503430488fbc7f2b9f28504ddf8f5fe77088e03fcf68c0793ffe1fd2306b6fcaaffb4018cf965
fcbdf8b4ed5707ce08f50221fac2e04c000ff5e5f8bc00f0ea0ef0f70112eb2a0931faa6fa13f29e
f6a101d2017f0131febb02d0f57afdc9fa13f6bcfebd043efbbb0741fec804df05ccf96d0bd40596
fe2602340064fee80016fbc400e601e3fde1fc9aff0efe82fcaa01c6ff06ff940212fcd8fe1f0183
016700eb0734fc2103dc03c0ffa8f60afcf4feb6058efd46061e01f402f3fd58fea90492086d021c
feaefc7cfc5902a9fff2fd11fc9ffea9fe9c02a3ff22feee0111fe9bfe640137ffc6005400eafda7
07710578f96cfc9affb90a600ac0eb850465ed46fa4504baed42e7fdfdc5090cee8df503fa8bf736
05d800aafd91003bfdcbfae0fe88f84c0797fd140b570073f55a08e9066dfd0dea39f1daef8b0633
0431fff4f5d40672fc4ff3fdfef001b2f7cc08fcfafe077a001602fc0536fafef25bf5b6f5f7ec9a
fa70fc7809ff05bb06680804fa95fa72f61cf24cf6ef07c3fefff7adf4d7f5f4022d0344013f0929
f799f503f441f727fba609a7f730f81df13af76df5b3f430fc64f84bf7a900daf8d7f88bf880f247
fe46f7ff07aa065c073400e5fc97fcc5030900e6fbc3fd23f23ffcf408dff928010e0826fa18ea60
ff0e0836fbdbf9d400f4f71dfc7de1c00657066efdcb023ffb43f76dfed001dcf5e304f2e4b0f6ab
fdfcfb10efb0ed28057afbbcf822e8f304e0fb91047507700414ef5e0592f642064bf4f6f8d00cf6
fbe60103fe57fa36fef9ff63fe60fb95fea50067ffbcfbc2fd6701520042018effd0fcd2fe7a032a
fcd4036cfc10ff710e39006d0977ee33fbc3fe71fa3b039af263f686f644012ffed4fd50ff48f0b7
007c0302effff758ff6b07b6fa890535e5d7f730063efb490354ff95045e036e068af91404c301c3
fc5ffc7efd84fd9c0296ff08fdd7ff44fecefdbafe6cff00fc67000a019901ddffa20072006efd56
ff7ffe9ffcf3fc67fe19fd7c020afd400079032cfe7cfe6ffeab016bfd62fdce00eeffe8ffd5ffc6
fed503bc06f203030261fdb005290421ff5a04b5fc11faeb08290047f899022d0766f6a3fdc50602
fe0200d201d3ef2e0a1bffd502180050fdd8f87401cc0264f367f424042dfaf40304021700def8b3
fcf2fdd901e7fe750086fdf5fbfbfee80147fbf5fd90fda2ffc7fc44fe990073fe8dff70fdc6015a
00000000000000000000000000000000000000000000000000000000f7b20652e98ff799f54af8e4
00000000000000000000000000000000000000000000000000000000febefd4a005b001a00a1fffa
00000000000000000000000000000000000000000000000000000000fe7a04aefb4ffadeff27fb9e
00000000000000000000000000000000000000000000000000000000fee3fd7bfdee0031ffa0000e
00000000000000000000000000000000000000000000000000000000007cf9bff5c0ff5ffdbdf967
00000000000000000000000000000000000000000000000000000000fc810123e86d01ed02cc01ec
000000000000000000000000000000000000000000000000000000000412fdb7067df9120471f4d3
00000000000000000000000000000000000000000000000000000000f6ce054a0268086d0664f040
000000000000000000000000000000000000000000000000000000000868f5fd0c640885fb1cf89c
00000000000000000000000000000000000000000000000000000000fa44f65bf8a5f7f4eab9fc45
00000000000000000000000000000000000000000000000000000000f18cf237fbe1ebe3ea5df9b3
00000000000000000000000000000000000000000000000000000000fd8f039de993ee0eff29021e
00000000000000000000000000000000000000000000000000000000fae6f7f4fb26fed2071704db
00000000000000000000000000000000000000000000000000000000edc0f4c3f30c04f0f7cdf5d3
000000000000000000000000000000000000000000000000000000000242fe45ffedf2b3f9d003f5
00000000000000000000000000000000000000000000000000000000f99e04b6fe5803e9fe0104ff
00000000000000000000000000000000000000000000000000000000f471fa4e014807cb021c0144
0000000000000000000000000000000000000000000000000000000003f4fd7905e6ffae0545fd92
000000000000000000000000000000000000000000000000000000000318fbac01f300c7fc5401ce
00000000000000000000000000000000000000000000000000000000003000b3007ffbcbfdbcfdab
0000000000000000000000000000000000000000000000000000000008bef6edf8c2fadd0119fe85
000000000000000000000000000000000000000000000000000000000a3bfd46f212f62ffc5ef7af
0000000000000000000000000000000000000000000000000000000000f4e7d4e603fd10015800c3
0000000000000000000000000000000000000000000000000000000006cdfce6fd17f48804d7050d
00000000000000000000000000000000000000000000000000000000ef0c01b9045aff420036f94c
00000000000000000000000000000000000000000000000000000000e912de7cd3a0fa3bf82bfa04
00000000000000000000000000000000000000000000000000000000fff2fb79fecf00f5fe3bfc4d
00000000000000000000000000000000000000000000000000000000f4f7f2b1ecc00845fbb70144
00000000000000000000000000000000000000000000000000000000fc8ff65cff87f95c08ce04f0
00000000000000000000000000000000000000000000000000000000fd1bfd9bf919ff2005640679
00000000000000000000000000000000000000000000000000000000ffa6fdde03c805a2f82aee5a
00000000000000000000000000000000000000000000000000000000fd3d08050ccffde70704fcb4
00000000000000000000000000000000000000000000000000000000f14bffde00f30b850122fb54
000000000000000000000000000000000000000000000000000000000a06039c0a02012d008300d6
0000000000000000000000000000000000000000000000000000000003a3fedefc40ff2802bdff25
00000000000000000000000000000000000000000000000000000000e9f0ff350823f796fb140563
00000000000000000000000000000000000000000000000000000000f9d6fa7cf5c8cf2ae8d0ec6a
00000000000000000000000000000000000000000000000000000000ff52f9fa01d8f84311cb01c4
00000000000000000000000000000000000000000000000000000000f2c2eb59e52a0a1202aafcac
000000000000000000000000000000000000000000000000000000000e4df779f1a90320f181f78b
00000000000000000000000000000000000000000000000000000000eba0072dfc50086303c804bd
00000000000000000000000000000000000000000000000000000000f7d9fc23f673fbdbfa19fcaa
00000000000000000000000000000000000000000000000000000000e68904f5f32807240592078b
00000000000000000000000000000000000000000000000000000000e303fd61012deae50147fbcf
00000000000000000000000000000000000000000000000000000000fa7f070be439ff8aff84031b
00000000000000000000000000000000000000000000000000000000001debbc0595fd38e70e03fb
00000000000000000000000000000000000000000000000000000000efeeeddae7bdf0eaed06f5b3
00000000000000000000000000000000000000000000000000000000fdaff7d104790a7d03dd04fe
0000000000000000000000000000000000000000000000000000000006cd0249fc68ee7dee1bf746
0000000000000000000000000000000000000000000000000000000007c40791fe0d0969f4c7faac
00000000000000000000000000000000000000000000000000000000fe2cfc93fd6f008c006c0119
00000000000000000000000000000000000000000000000000000000f4b1f829fee6f6a9ef4ff88d
00000000000000000000000000000000000000000000000000000000f48df335eb3df625e92bf928
00000000000000000000000000000000000000000000000000000000fe74ff11fa1b07300188f286
00000000000000000000000000000000000000000000000000000000084cff5d04b8f88aee1b03a5
00000000000000000000000000000000000000000000000000000000d674ffe8f6b2fb3c00a4f207
0000000000000000000000000000000000000000000000000000000001840267020a0094fd02ffc4
000000000000000000000000000000000000000000000000000000000721fba00229f6f4ffe505a5
00000000000000000000000000000000000000000000000000000000fe710bb7f791fccc00c60531
000000000000000000000000000000000000000000000000000000000ceae8aef459ec24faaef8e4
00000000000000000000000000000000000000000000000000000000ff9afdb2feaefe37f12be8fb
0000000000000000000000000000000000000000000000000000000001f509fe03f70286fe510861
00000000000000000000000000000000000000000000000000000000f8a90306093c085e01900538
00000000000000000000000000000000000000000000000000000000ec300a10fdfc035509c1f707
000000000000000000000000000000000000000000000000000000000685fc80fcff0285f2e7f52d
000000000000000000000000000000000000000000000000000000000229fe8500dd002afe75ff77
000000000000000000000000000000000000000000000000000000000656f124f54aea0afaa5fe92
0000000000000000000000000000000000000000000000000000000002ae0147fecdfe5e02670062
0000000000000000000000000000000000000000000000000000000000070613f9e9fbb7090ffe24
000000000000000000000000000000000000000000000000000000000121fe7d0b07f217020b0013
00000000000000000000000000000000000000000000000000000000f71e07fafeef024803830796
00000000000000000000000000000000000000000000000000000000007cf482eea3ffc5f7b2fbfc
00000000000000000000000000000000000000000000000000000000fb1dfdf4fd93fd83fab0fb10
000000000000000000000000000000000000000000000000000000000239f771f7f90510f8e80145
00000000000000000000000000000000000000000000000000000000038b06970571f49e048c0704
00000000000000000000000000000000000000000000000000000000fef5031a03ea0088fd9c0505
00000000000000000000000000000000000000000000000000000000fef4fe52fc5900ebfddfff60
00000000000000000000000000000000000000000000000000000000f406faf5065905ec02fc0520
00000000000000000000000000000000000000000000000000000000e43afc8fe861fe43060d0239
00000000000000000000000000000000000000000000000000000000fcc80108fbbdfca1fed3011c
0000000000000000000000000000000000000000000000000000000000a902b9fff5fca5fd3302c2
00000000000000000000000000000000000000000000000000000000eba9f6daf69405a4fb80f141
00000000000000000000000000000000000000000000000000000000eead0021f631f2c505f1042a
00000000000000000000000000000000000000000000000000000000017600d7ffb9fd73fecbfeb7
