Copyright 1986-2020 Xilinx, Inc. All Rights Reserved.
-----------------------------------------------------------------------------------------------------------------------------------------------------------------------------------------------------------------------
| Tool Version : Vivado v.2020.2 (win64) Build 3064766 Wed Nov 18 09:12:45 MST 2020
| Date         : Tue Sep 29 14:00:39 2026
| Host         : DESKTOP-7CFQ9ND running 64-bit major release  (build 9200)
| Command      : report_timing_summary -max_paths 10 -file design_1_wrapper_timing_summary_routed.rpt -pb design_1_wrapper_timing_summary_routed.pb -rpx design_1_wrapper_timing_summary_routed.rpx -warn_on_violation
| Design       : design_1_wrapper
| Device       : 7z020-clg400
| Speed File   : -1  PRODUCTION 1.12 2019-11-22
-----------------------------------------------------------------------------------------------------------------------------------------------------------------------------------------------------------------------

Timing Summary Report

------------------------------------------------------------------------------------------------
| Timer Settings
| --------------
------------------------------------------------------------------------------------------------

  Enable Multi Corner Analysis               :  Yes
  Enable Pessimism Removal                   :  Yes
  Pessimism Removal Resolution               :  Nearest Common Node
  Enable Input Delay Default Clock           :  No
  Enable Preset / Clear Arcs                 :  No
  Disable Flight Delays                      :  No
  Ignore I/O Paths                           :  No
  Timing Early Launch at Borrowing Latches   :  No
  Borrow Time for Max Delay Exceptions       :  Yes
  Merge Timing Exceptions                    :  Yes

  Corner  Analyze    Analyze    
  Name    Max Paths  Min Paths  
  ------  ---------  ---------  
  Slow    Yes        Yes        
  Fast    Yes        Yes        



check_timing report

Table of Contents
-----------------
1. checking no_clock (0)
2. checking constant_clock (0)
3. checking pulse_width_clock (0)
4. checking unconstrained_internal_endpoints (0)
5. checking no_input_delay (1)
6. checking no_output_delay (0)
7. checking multiple_clock (0)
8. checking generated_clocks (0)
9. checking loops (0)
10. checking partial_input_delay (0)
11. checking partial_output_delay (0)
12. checking latch_loops (0)

1. checking no_clock (0)
------------------------
 There are 0 register/latch pins with no clock.


2. checking constant_clock (0)
------------------------------
 There are 0 register/latch pins with constant_clock.


3. checking pulse_width_clock (0)
---------------------------------
 There are 0 register/latch pins which need pulse_width check


4. checking unconstrained_internal_endpoints (0)
------------------------------------------------
 There are 0 pins that are not constrained for maximum delay.

 There are 0 pins that are not constrained for maximum delay due to constant clock.


5. checking no_input_delay (1)
------------------------------
 There is 1 input port with no input delay specified. (HIGH)

 There are 0 input ports with no input delay but user has a false path constraint.


6. checking no_output_delay (0)
-------------------------------
 There are 0 ports with no output delay specified.

 There are 0 ports with no output delay but user has a false path constraint

 There are 0 ports with no output delay but with a timing clock defined on it or propagating through it


7. checking multiple_clock (0)
------------------------------
 There are 0 register/latch pins with multiple clocks.


8. checking generated_clocks (0)
--------------------------------
 There are 0 generated clocks that are not connected to a clock source.


9. checking loops (0)
---------------------
 There are 0 combinational loops in the design.


10. checking partial_input_delay (0)
------------------------------------
 There are 0 input ports with partial input delay specified.


11. checking partial_output_delay (0)
-------------------------------------
 There are 0 ports with partial output delay specified.


12. checking latch_loops (0)
----------------------------
 There are 0 combinational latch loops in the design through latch input



------------------------------------------------------------------------------------------------
| Design Timing Summary
| ---------------------
------------------------------------------------------------------------------------------------

    WNS(ns)      TNS(ns)  TNS Failing Endpoints  TNS Total Endpoints      WHS(ns)      THS(ns)  THS Failing Endpoints  THS Total Endpoints     WPWS(ns)     TPWS(ns)  TPWS Failing Endpoints  TPWS Total Endpoints  
    -------      -------  ---------------------  -------------------      -------      -------  ---------------------  -------------------     --------     --------  ----------------------  --------------------  
      0.607        0.000                      0                11833        0.014        0.000                      0                11833        2.000        0.000                       0                  5371  


All user specified timing constraints are met.


------------------------------------------------------------------------------------------------
| Clock Summary
| -------------
------------------------------------------------------------------------------------------------

Clock                            Waveform(ns)         Period(ns)      Frequency(MHz)
-----                            ------------         ----------      --------------
sys_clock                        {0.000 4.000}        8.000           125.000         
  clk_out1_design_1_clk_wiz_0_0  {0.000 5.000}        10.000          100.000         
  clkfbout_design_1_clk_wiz_0_0  {0.000 4.000}        8.000           125.000         


------------------------------------------------------------------------------------------------
| Intra Clock Table
| -----------------
------------------------------------------------------------------------------------------------

Clock                                WNS(ns)      TNS(ns)  TNS Failing Endpoints  TNS Total Endpoints      WHS(ns)      THS(ns)  THS Failing Endpoints  THS Total Endpoints     WPWS(ns)     TPWS(ns)  TPWS Failing Endpoints  TPWS Total Endpoints  
-----                                -------      -------  ---------------------  -------------------      -------      -------  ---------------------  -------------------     --------     --------  ----------------------  --------------------  
sys_clock                                                                                                                                                                          2.000        0.000                       0                     1  
  clk_out1_design_1_clk_wiz_0_0        0.607        0.000                      0                10846        0.014        0.000                      0                10846        4.020        0.000                       0                  5367  
  clkfbout_design_1_clk_wiz_0_0                                                                                                                                                    5.845        0.000                       0                     3  


------------------------------------------------------------------------------------------------
| Inter Clock Table
| -----------------
------------------------------------------------------------------------------------------------

From Clock    To Clock          WNS(ns)      TNS(ns)  TNS Failing Endpoints  TNS Total Endpoints      WHS(ns)      THS(ns)  THS Failing Endpoints  THS Total Endpoints  
----------    --------          -------      -------  ---------------------  -------------------      -------      -------  ---------------------  -------------------  


------------------------------------------------------------------------------------------------
| Other Path Groups Table
| -----------------------
------------------------------------------------------------------------------------------------

Path Group                     From Clock                     To Clock                           WNS(ns)      TNS(ns)  TNS Failing Endpoints  TNS Total Endpoints      WHS(ns)      THS(ns)  THS Failing Endpoints  THS Total Endpoints  
----------                     ----------                     --------                           -------      -------  ---------------------  -------------------      -------      -------  ---------------------  -------------------  
**async_default**              clk_out1_design_1_clk_wiz_0_0  clk_out1_design_1_clk_wiz_0_0        1.317        0.000                      0                  987        1.158        0.000                      0                  987  


------------------------------------------------------------------------------------------------
| Timing Details
| --------------
------------------------------------------------------------------------------------------------


---------------------------------------------------------------------------------------------------
From Clock:  sys_clock
  To Clock:  sys_clock

Setup :           NA  Failing Endpoints,  Worst Slack           NA  ,  Total Violation           NA
Hold  :           NA  Failing Endpoints,  Worst Slack           NA  ,  Total Violation           NA
PW    :            0  Failing Endpoints,  Worst Slack        2.000ns,  Total Violation        0.000ns
---------------------------------------------------------------------------------------------------


Pulse Width Checks
--------------------------------------------------------------------------------------
Clock Name:         sys_clock
Waveform(ns):       { 0.000 4.000 }
Period(ns):         8.000
Sources:            { sys_clock }

Check Type        Corner  Lib Pin            Reference Pin  Required(ns)  Actual(ns)  Slack(ns)  Location         Pin
Min Period        n/a     MMCME2_ADV/CLKIN1  n/a            1.249         8.000       6.751      MMCME2_ADV_X1Y2  design_1_i/clk_wiz_0/inst/mmcm_adv_inst/CLKIN1
Max Period        n/a     MMCME2_ADV/CLKIN1  n/a            100.000       8.000       92.000     MMCME2_ADV_X1Y2  design_1_i/clk_wiz_0/inst/mmcm_adv_inst/CLKIN1
Low Pulse Width   Slow    MMCME2_ADV/CLKIN1  n/a            2.000         4.000       2.000      MMCME2_ADV_X1Y2  design_1_i/clk_wiz_0/inst/mmcm_adv_inst/CLKIN1
Low Pulse Width   Fast    MMCME2_ADV/CLKIN1  n/a            2.000         4.000       2.000      MMCME2_ADV_X1Y2  design_1_i/clk_wiz_0/inst/mmcm_adv_inst/CLKIN1
High Pulse Width  Slow    MMCME2_ADV/CLKIN1  n/a            2.000         4.000       2.000      MMCME2_ADV_X1Y2  design_1_i/clk_wiz_0/inst/mmcm_adv_inst/CLKIN1
High Pulse Width  Fast    MMCME2_ADV/CLKIN1  n/a            2.000         4.000       2.000      MMCME2_ADV_X1Y2  design_1_i/clk_wiz_0/inst/mmcm_adv_inst/CLKIN1



---------------------------------------------------------------------------------------------------
From Clock:  clk_out1_design_1_clk_wiz_0_0
  To Clock:  clk_out1_design_1_clk_wiz_0_0

Setup :            0  Failing Endpoints,  Worst Slack        0.607ns,  Total Violation        0.000ns
Hold  :            0  Failing Endpoints,  Worst Slack        0.014ns,  Total Violation        0.000ns
PW    :            0  Failing Endpoints,  Worst Slack        4.020ns,  Total Violation        0.000ns
---------------------------------------------------------------------------------------------------


Max Delay Paths
--------------------------------------------------------------------------------------
Slack (MET) :             0.607ns  (required time - arrival time)
  Source:                 design_1_i/rx_top_0/inst/u_symbol_sync/c_first8_reg[3]/C
                            (rising edge-triggered cell FDCE clocked by clk_out1_design_1_clk_wiz_0_0  {rise@0.000ns fall@5.000ns period=10.000ns})
  Destination:            design_1_i/rx_top_0/inst/u_symbol_sync/c_symbol_code_reg[0]/D
                            (rising edge-triggered cell FDPE clocked by clk_out1_design_1_clk_wiz_0_0  {rise@0.000ns fall@5.000ns period=10.000ns})
  Path Group:             clk_out1_design_1_clk_wiz_0_0
  Path Type:              Setup (Max at Slow Process Corner)
  Requirement:            10.000ns  (clk_out1_design_1_clk_wiz_0_0 rise@10.000ns - clk_out1_design_1_clk_wiz_0_0 rise@0.000ns)
  Data Path Delay:        9.347ns  (logic 4.846ns (51.848%)  route 4.501ns (48.152%))
  Logic Levels:           19  (CARRY4=13 LUT2=2 LUT3=1 LUT4=2 LUT6=1)
  Clock Path Skew:        -0.056ns (DCD - SCD + CPR)
    Destination Clock Delay (DCD):    -1.613ns = ( 8.387 - 10.000 ) 
    Source Clock Delay      (SCD):    -0.990ns
    Clock Pessimism Removal (CPR):    0.567ns
  Clock Uncertainty:      0.072ns  ((TSJ^2 + DJ^2)^1/2) / 2 + PE
    Total System Jitter     (TSJ):    0.071ns
    Discrete Jitter          (DJ):    0.125ns
    Phase Error              (PE):    0.000ns

    Location             Delay type                Incr(ns)  Path(ns)    Netlist Resource(s)
  -------------------------------------------------------------------    -------------------
                         (clock clk_out1_design_1_clk_wiz_0_0 rise edge)
                                                      0.000     0.000 r  
    K17                                               0.000     0.000 r  sys_clock (IN)
                         net (fo=0)                   0.000     0.000    design_1_i/clk_wiz_0/inst/clk_in1
    K17                  IBUF (Prop_ibuf_I_O)         1.475     1.475 r  design_1_i/clk_wiz_0/inst/clkin1_ibufg/O
                         net (fo=1, routed)           1.285     2.760    design_1_i/clk_wiz_0/inst/clk_in1_design_1_clk_wiz_0_0
    MMCME2_ADV_X1Y2      MMCME2_ADV (Prop_mmcme2_adv_CLKIN1_CLKOUT0)
                                                     -7.759    -4.999 r  design_1_i/clk_wiz_0/inst/mmcm_adv_inst/CLKOUT0
                         net (fo=1, routed)           2.206    -2.793    design_1_i/clk_wiz_0/inst/clk_out1_design_1_clk_wiz_0_0
    BUFGCTRL_X0Y16       BUFG (Prop_bufg_I_O)         0.101    -2.692 r  design_1_i/clk_wiz_0/inst/clkout1_buf/O
                         net (fo=5368, routed)        1.702    -0.990    design_1_i/rx_top_0/inst/u_symbol_sync/clk
    SLICE_X55Y82         FDCE                                         r  design_1_i/rx_top_0/inst/u_symbol_sync/c_first8_reg[3]/C
  -------------------------------------------------------------------    -------------------
    SLICE_X55Y82         FDCE (Prop_fdce_C_Q)         0.419    -0.571 r  design_1_i/rx_top_0/inst/u_symbol_sync/c_first8_reg[3]/Q
                         net (fo=2, routed)           0.901     0.330    design_1_i/rx_top_0/inst/u_symbol_sync/c_first8[3]
    SLICE_X54Y84         LUT2 (Prop_lut2_I0_O)        0.299     0.629 r  design_1_i/rx_top_0/inst/u_symbol_sync/c_symbol_code[0]_i_291/O
                         net (fo=1, routed)           0.000     0.629    design_1_i/rx_top_0/inst/u_symbol_sync/c_symbol_code[0]_i_291_n_0
    SLICE_X54Y84         CARRY4 (Prop_carry4_S[3]_CO[3])
                                                      0.376     1.005 r  design_1_i/rx_top_0/inst/u_symbol_sync/c_symbol_code_reg[0]_i_214/CO[3]
                         net (fo=1, routed)           0.000     1.005    design_1_i/rx_top_0/inst/u_symbol_sync/c_symbol_code_reg[0]_i_214_n_0
    SLICE_X54Y85         CARRY4 (Prop_carry4_CI_CO[3])
                                                      0.117     1.122 r  design_1_i/rx_top_0/inst/u_symbol_sync/c_symbol_code_reg[0]_i_309/CO[3]
                         net (fo=1, routed)           0.000     1.122    design_1_i/rx_top_0/inst/u_symbol_sync/c_symbol_code_reg[0]_i_309_n_0
    SLICE_X54Y86         CARRY4 (Prop_carry4_CI_CO[3])
                                                      0.117     1.239 r  design_1_i/rx_top_0/inst/u_symbol_sync/c_symbol_code_reg[0]_i_299/CO[3]
                         net (fo=1, routed)           0.000     1.239    design_1_i/rx_top_0/inst/u_symbol_sync/c_symbol_code_reg[0]_i_299_n_0
    SLICE_X54Y87         CARRY4 (Prop_carry4_CI_O[1])
                                                      0.323     1.562 r  design_1_i/rx_top_0/inst/u_symbol_sync/c_symbol_code_reg[0]_i_237/O[1]
                         net (fo=6, routed)           1.332     2.894    design_1_i/rx_top_0/u_symbol_sync/payload8_x1000_in[16]
    SLICE_X55Y71         LUT2 (Prop_lut2_I0_O)        0.306     3.200 r  design_1_i/rx_top_0/c_symbol_valid_i_193/O
                         net (fo=1, routed)           0.000     3.200    design_1_i/rx_top_0/c_symbol_valid_i_193_n_0
    SLICE_X55Y71         CARRY4 (Prop_carry4_S[1]_CO[3])
                                                      0.550     3.750 r  design_1_i/rx_top_0/c_symbol_valid_reg_i_165/CO[3]
                         net (fo=1, routed)           0.000     3.750    design_1_i/rx_top_0/c_symbol_valid_reg_i_165_n_0
    SLICE_X55Y72         CARRY4 (Prop_carry4_CI_CO[3])
                                                      0.114     3.864 r  design_1_i/rx_top_0/c_symbol_valid_reg_i_129/CO[3]
                         net (fo=1, routed)           0.000     3.864    design_1_i/rx_top_0/c_symbol_valid_reg_i_129_n_0
    SLICE_X55Y73         CARRY4 (Prop_carry4_CI_CO[3])
                                                      0.114     3.978 r  design_1_i/rx_top_0/c_symbol_valid_reg_i_128/CO[3]
                         net (fo=1, routed)           0.000     3.978    design_1_i/rx_top_0/c_symbol_valid_reg_i_128_n_0
    SLICE_X55Y74         CARRY4 (Prop_carry4_CI_CO[3])
                                                      0.114     4.092 r  design_1_i/rx_top_0/c_symbol_valid_reg_i_91/CO[3]
                         net (fo=1, routed)           0.009     4.101    design_1_i/rx_top_0/c_symbol_valid_reg_i_91_n_0
    SLICE_X55Y75         CARRY4 (Prop_carry4_CI_CO[3])
                                                      0.114     4.215 r  design_1_i/rx_top_0/c_symbol_valid_reg_i_90/CO[3]
                         net (fo=1, routed)           0.000     4.215    design_1_i/rx_top_0/c_symbol_valid_reg_i_90_n_0
    SLICE_X55Y76         CARRY4 (Prop_carry4_CI_CO[3])
                                                      0.114     4.329 r  design_1_i/rx_top_0/c_symbol_valid_reg_i_58/CO[3]
                         net (fo=1, routed)           0.000     4.329    design_1_i/rx_top_0/c_symbol_valid_reg_i_58_n_0
    SLICE_X55Y77         CARRY4 (Prop_carry4_CI_O[1])
                                                      0.334     4.663 r  design_1_i/rx_top_0/c_symbol_valid_reg_i_57/O[1]
                         net (fo=2, routed)           1.157     5.820    design_1_i/rx_top_0/inst/u_symbol_sync/payload8_x12[37]
    SLICE_X56Y81         LUT4 (Prop_lut4_I0_O)        0.303     6.123 r  design_1_i/rx_top_0/inst/u_symbol_sync/c_symbol_valid_i_32/O
                         net (fo=1, routed)           0.000     6.123    design_1_i/rx_top_0/inst/u_symbol_sync/c_symbol_valid_i_32_n_0
    SLICE_X56Y81         CARRY4 (Prop_carry4_S[2]_CO[3])
                                                      0.398     6.521 r  design_1_i/rx_top_0/inst/u_symbol_sync/c_symbol_valid_reg_i_11/CO[3]
                         net (fo=1, routed)           0.000     6.521    design_1_i/rx_top_0/inst/u_symbol_sync/c_symbol_valid_reg_i_11_n_0
    SLICE_X56Y82         CARRY4 (Prop_carry4_CI_CO[1])
                                                      0.157     6.678 r  design_1_i/rx_top_0/inst/u_symbol_sync/c_symbol_valid_reg_i_5/CO[1]
                         net (fo=1, routed)           0.348     7.026    design_1_i/rx_top_0/inst/u_symbol_sync/n_state216_in
    SLICE_X57Y82         LUT4 (Prop_lut4_I1_O)        0.329     7.355 r  design_1_i/rx_top_0/inst/u_symbol_sync/c_symbol_valid_i_3/O
                         net (fo=3, routed)           0.591     7.947    design_1_i/rx_top_0/inst/u_symbol_sync/c_symbol_valid_i_3_n_0
    SLICE_X58Y85         LUT6 (Prop_lut6_I5_O)        0.124     8.071 r  design_1_i/rx_top_0/inst/u_symbol_sync/c_symbol_valid_i_1/O
                         net (fo=2, routed)           0.162     8.232    design_1_i/rx_top_0/inst/u_symbol_sync/n_symbol_code
    SLICE_X58Y85         LUT3 (Prop_lut3_I1_O)        0.124     8.356 r  design_1_i/rx_top_0/inst/u_symbol_sync/c_symbol_code[0]_i_1/O
                         net (fo=1, routed)           0.000     8.356    design_1_i/rx_top_0/inst/u_symbol_sync/c_symbol_code[0]_i_1_n_0
    SLICE_X58Y85         FDPE                                         r  design_1_i/rx_top_0/inst/u_symbol_sync/c_symbol_code_reg[0]/D
  -------------------------------------------------------------------    -------------------

                         (clock clk_out1_design_1_clk_wiz_0_0 rise edge)
                                                     10.000    10.000 r  
    K17                                               0.000    10.000 r  sys_clock (IN)
                         net (fo=0)                   0.000    10.000    design_1_i/clk_wiz_0/inst/clk_in1
    K17                  IBUF (Prop_ibuf_I_O)         1.404    11.404 r  design_1_i/clk_wiz_0/inst/clkin1_ibufg/O
                         net (fo=1, routed)           1.162    12.566    design_1_i/clk_wiz_0/inst/clk_in1_design_1_clk_wiz_0_0
    MMCME2_ADV_X1Y2      MMCME2_ADV (Prop_mmcme2_adv_CLKIN1_CLKOUT0)
                                                     -7.814     4.752 r  design_1_i/clk_wiz_0/inst/mmcm_adv_inst/CLKOUT0
                         net (fo=1, routed)           2.012     6.764    design_1_i/clk_wiz_0/inst/clk_out1_design_1_clk_wiz_0_0
    BUFGCTRL_X0Y16       BUFG (Prop_bufg_I_O)         0.091     6.855 r  design_1_i/clk_wiz_0/inst/clkout1_buf/O
                         net (fo=5368, routed)        1.532     8.387    design_1_i/rx_top_0/inst/u_symbol_sync/clk
    SLICE_X58Y85         FDPE                                         r  design_1_i/rx_top_0/inst/u_symbol_sync/c_symbol_code_reg[0]/C
                         clock pessimism              0.567     8.954    
                         clock uncertainty           -0.072     8.882    
    SLICE_X58Y85         FDPE (Setup_fdpe_C_D)        0.081     8.963    design_1_i/rx_top_0/inst/u_symbol_sync/c_symbol_code_reg[0]
  -------------------------------------------------------------------
                         required time                          8.963    
                         arrival time                          -8.356    
  -------------------------------------------------------------------
                         slack                                  0.607    

Slack (MET) :             0.733ns  (required time - arrival time)
  Source:                 design_1_i/rx_top_0/inst/u_symbol_sync/c_check_p20_reg[1]/C
                            (rising edge-triggered cell FDCE clocked by clk_out1_design_1_clk_wiz_0_0  {rise@0.000ns fall@5.000ns period=10.000ns})
  Destination:            design_1_i/rx_top_0/inst/u_symbol_sync/c_replay_count_reg[0]/CE
                            (rising edge-triggered cell FDCE clocked by clk_out1_design_1_clk_wiz_0_0  {rise@0.000ns fall@5.000ns period=10.000ns})
  Path Group:             clk_out1_design_1_clk_wiz_0_0
  Path Type:              Setup (Max at Slow Process Corner)
  Requirement:            10.000ns  (clk_out1_design_1_clk_wiz_0_0 rise@10.000ns - clk_out1_design_1_clk_wiz_0_0 rise@0.000ns)
  Data Path Delay:        8.811ns  (logic 3.761ns (42.686%)  route 5.050ns (57.314%))
  Logic Levels:           14  (CARRY4=10 LUT4=1 LUT6=3)
  Clock Path Skew:        -0.215ns (DCD - SCD + CPR)
    Destination Clock Delay (DCD):    -1.671ns = ( 8.329 - 10.000 ) 
    Source Clock Delay      (SCD):    -0.989ns
    Clock Pessimism Removal (CPR):    0.467ns
  Clock Uncertainty:      0.072ns  ((TSJ^2 + DJ^2)^1/2) / 2 + PE
    Total System Jitter     (TSJ):    0.071ns
    Discrete Jitter          (DJ):    0.125ns
    Phase Error              (PE):    0.000ns

    Location             Delay type                Incr(ns)  Path(ns)    Netlist Resource(s)
  -------------------------------------------------------------------    -------------------
                         (clock clk_out1_design_1_clk_wiz_0_0 rise edge)
                                                      0.000     0.000 r  
    K17                                               0.000     0.000 r  sys_clock (IN)
                         net (fo=0)                   0.000     0.000    design_1_i/clk_wiz_0/inst/clk_in1
    K17                  IBUF (Prop_ibuf_I_O)         1.475     1.475 r  design_1_i/clk_wiz_0/inst/clkin1_ibufg/O
                         net (fo=1, routed)           1.285     2.760    design_1_i/clk_wiz_0/inst/clk_in1_design_1_clk_wiz_0_0
    MMCME2_ADV_X1Y2      MMCME2_ADV (Prop_mmcme2_adv_CLKIN1_CLKOUT0)
                                                     -7.759    -4.999 r  design_1_i/clk_wiz_0/inst/mmcm_adv_inst/CLKOUT0
                         net (fo=1, routed)           2.206    -2.793    design_1_i/clk_wiz_0/inst/clk_out1_design_1_clk_wiz_0_0
    BUFGCTRL_X0Y16       BUFG (Prop_bufg_I_O)         0.101    -2.692 r  design_1_i/clk_wiz_0/inst/clkout1_buf/O
                         net (fo=5368, routed)        1.703    -0.989    design_1_i/rx_top_0/inst/u_symbol_sync/clk
    SLICE_X62Y68         FDCE                                         r  design_1_i/rx_top_0/inst/u_symbol_sync/c_check_p20_reg[1]/C
  -------------------------------------------------------------------    -------------------
    SLICE_X62Y68         FDCE (Prop_fdce_C_Q)         0.518    -0.471 r  design_1_i/rx_top_0/inst/u_symbol_sync/c_check_p20_reg[1]/Q
                         net (fo=6, routed)           1.171     0.700    design_1_i/rx_top_0/inst/u_symbol_sync/c_check_p20[1]
    SLICE_X48Y65         CARRY4 (Prop_carry4_S[0]_CO[3])
                                                      0.656     1.356 r  design_1_i/rx_top_0/inst/u_symbol_sync/c_sfd_shift_reg[0]_i_137/CO[3]
                         net (fo=1, routed)           0.000     1.356    design_1_i/rx_top_0/inst/u_symbol_sync/c_sfd_shift_reg[0]_i_137_n_0
    SLICE_X48Y66         CARRY4 (Prop_carry4_CI_CO[3])
                                                      0.114     1.470 r  design_1_i/rx_top_0/inst/u_symbol_sync/c_sfd_shift_reg[0]_i_136/CO[3]
                         net (fo=1, routed)           0.000     1.470    design_1_i/rx_top_0/inst/u_symbol_sync/c_sfd_shift_reg[0]_i_136_n_0
    SLICE_X48Y67         CARRY4 (Prop_carry4_CI_CO[3])
                                                      0.114     1.584 r  design_1_i/rx_top_0/inst/u_symbol_sync/c_sfd_shift_reg[0]_i_119/CO[3]
                         net (fo=1, routed)           0.000     1.584    design_1_i/rx_top_0/inst/u_symbol_sync/c_sfd_shift_reg[0]_i_119_n_0
    SLICE_X48Y68         CARRY4 (Prop_carry4_CI_CO[3])
                                                      0.114     1.698 r  design_1_i/rx_top_0/inst/u_symbol_sync/c_sfd_shift_reg[0]_i_118/CO[3]
                         net (fo=1, routed)           0.000     1.698    design_1_i/rx_top_0/inst/u_symbol_sync/c_sfd_shift_reg[0]_i_118_n_0
    SLICE_X48Y69         CARRY4 (Prop_carry4_CI_CO[3])
                                                      0.114     1.812 r  design_1_i/rx_top_0/inst/u_symbol_sync/c_sfd_shift_reg[0]_i_92/CO[3]
                         net (fo=1, routed)           0.000     1.812    design_1_i/rx_top_0/inst/u_symbol_sync/c_sfd_shift_reg[0]_i_92_n_0
    SLICE_X48Y70         CARRY4 (Prop_carry4_CI_CO[3])
                                                      0.114     1.926 r  design_1_i/rx_top_0/inst/u_symbol_sync/c_sfd_shift_reg[0]_i_91/CO[3]
                         net (fo=1, routed)           0.000     1.926    design_1_i/rx_top_0/inst/u_symbol_sync/c_sfd_shift_reg[0]_i_91_n_0
    SLICE_X48Y71         CARRY4 (Prop_carry4_CI_O[3])
                                                      0.313     2.239 r  design_1_i/rx_top_0/inst/u_symbol_sync/c_sfd_shift_reg[0]_i_64/O[3]
                         net (fo=4, routed)           1.119     3.358    design_1_i/rx_top_0/inst/u_symbol_sync/check20_x10[29]
    SLICE_X45Y73         LUT4 (Prop_lut4_I1_O)        0.306     3.664 r  design_1_i/rx_top_0/inst/u_symbol_sync/c_sfd_shift[0]_i_41/O
                         net (fo=1, routed)           0.000     3.664    design_1_i/rx_top_0/inst/u_symbol_sync/c_sfd_shift[0]_i_41_n_0
    SLICE_X45Y73         CARRY4 (Prop_carry4_S[1]_CO[3])
                                                      0.550     4.214 r  design_1_i/rx_top_0/inst/u_symbol_sync/c_sfd_shift_reg[0]_i_15/CO[3]
                         net (fo=1, routed)           0.000     4.214    design_1_i/rx_top_0/inst/u_symbol_sync/c_sfd_shift_reg[0]_i_15_n_0
    SLICE_X45Y74         CARRY4 (Prop_carry4_CI_CO[3])
                                                      0.114     4.328 r  design_1_i/rx_top_0/inst/u_symbol_sync/c_sfd_shift_reg[0]_i_5/CO[3]
                         net (fo=1, routed)           0.009     4.337    design_1_i/rx_top_0/inst/u_symbol_sync/c_sfd_shift_reg[0]_i_5_n_0
    SLICE_X45Y75         CARRY4 (Prop_carry4_CI_CO[1])
                                                      0.157     4.494 f  design_1_i/rx_top_0/inst/u_symbol_sync/c_sfd_shift_reg[0]_i_3/CO[1]
                         net (fo=1, routed)           1.163     5.657    design_1_i/rx_top_0/inst/u_symbol_sync/check_code221_in
    SLICE_X43Y81         LUT6 (Prop_lut6_I2_O)        0.329     5.986 f  design_1_i/rx_top_0/inst/u_symbol_sync/c_sfd_shift[0]_i_2/O
                         net (fo=3, routed)           0.606     6.591    design_1_i/rx_top_0/inst/u_symbol_sync/c_sfd_shift[0]_i_2_n_0
    SLICE_X40Y85         LUT6 (Prop_lut6_I5_O)        0.124     6.715 r  design_1_i/rx_top_0/inst/u_symbol_sync/c_frame_start_i_2/O
                         net (fo=3, routed)           0.458     7.174    design_1_i/rx_top_0/inst/u_symbol_sync/c_frame_start_i_2_n_0
    SLICE_X38Y85         LUT6 (Prop_lut6_I2_O)        0.124     7.298 r  design_1_i/rx_top_0/inst/u_symbol_sync/c_replay_count[3]_i_1/O
                         net (fo=4, routed)           0.524     7.822    design_1_i/rx_top_0/inst/u_symbol_sync/c_replay_count[3]_i_1_n_0
    SLICE_X36Y85         FDCE                                         r  design_1_i/rx_top_0/inst/u_symbol_sync/c_replay_count_reg[0]/CE
  -------------------------------------------------------------------    -------------------

                         (clock clk_out1_design_1_clk_wiz_0_0 rise edge)
                                                     10.000    10.000 r  
    K17                                               0.000    10.000 r  sys_clock (IN)
                         net (fo=0)                   0.000    10.000    design_1_i/clk_wiz_0/inst/clk_in1
    K17                  IBUF (Prop_ibuf_I_O)         1.404    11.404 r  design_1_i/clk_wiz_0/inst/clkin1_ibufg/O
                         net (fo=1, routed)           1.162    12.566    design_1_i/clk_wiz_0/inst/clk_in1_design_1_clk_wiz_0_0
    MMCME2_ADV_X1Y2      MMCME2_ADV (Prop_mmcme2_adv_CLKIN1_CLKOUT0)
                                                     -7.814     4.752 r  design_1_i/clk_wiz_0/inst/mmcm_adv_inst/CLKOUT0
                         net (fo=1, routed)           2.012     6.764    design_1_i/clk_wiz_0/inst/clk_out1_design_1_clk_wiz_0_0
    BUFGCTRL_X0Y16       BUFG (Prop_bufg_I_O)         0.091     6.855 r  design_1_i/clk_wiz_0/inst/clkout1_buf/O
                         net (fo=5368, routed)        1.474     8.329    design_1_i/rx_top_0/inst/u_symbol_sync/clk
    SLICE_X36Y85         FDCE                                         r  design_1_i/rx_top_0/inst/u_symbol_sync/c_replay_count_reg[0]/C
                         clock pessimism              0.467     8.796    
                         clock uncertainty           -0.072     8.724    
    SLICE_X36Y85         FDCE (Setup_fdce_C_CE)      -0.169     8.555    design_1_i/rx_top_0/inst/u_symbol_sync/c_replay_count_reg[0]
  -------------------------------------------------------------------
                         required time                          8.555    
                         arrival time                          -7.822    
  -------------------------------------------------------------------
                         slack                                  0.733    

Slack (MET) :             0.738ns  (required time - arrival time)
  Source:                 design_1_i/fft_top_0/inst/U_FFT_CORE/U_MEM_RPATH/o_fft_core_data_reg[33]/C
                            (rising edge-triggered cell FDCE clocked by clk_out1_design_1_clk_wiz_0_0  {rise@0.000ns fall@5.000ns period=10.000ns})
  Destination:            design_1_i/fft_top_0/inst/U_FFT_POWER/power_result_reg[37]/D
                            (rising edge-triggered cell FDRE clocked by clk_out1_design_1_clk_wiz_0_0  {rise@0.000ns fall@5.000ns period=10.000ns})
  Path Group:             clk_out1_design_1_clk_wiz_0_0
  Path Type:              Setup (Max at Slow Process Corner)
  Requirement:            10.000ns  (clk_out1_design_1_clk_wiz_0_0 rise@10.000ns - clk_out1_design_1_clk_wiz_0_0 rise@0.000ns)
  Data Path Delay:        9.185ns  (logic 6.762ns (73.621%)  route 2.423ns (26.379%))
  Logic Levels:           10  (CARRY4=7 DSP48E1=1 LUT2=2)
  Clock Path Skew:        -0.067ns (DCD - SCD + CPR)
    Destination Clock Delay (DCD):    -1.542ns = ( 8.458 - 10.000 ) 
    Source Clock Delay      (SCD):    -0.908ns
    Clock Pessimism Removal (CPR):    0.567ns
  Clock Uncertainty:      0.072ns  ((TSJ^2 + DJ^2)^1/2) / 2 + PE
    Total System Jitter     (TSJ):    0.071ns
    Discrete Jitter          (DJ):    0.125ns
    Phase Error              (PE):    0.000ns

    Location             Delay type                Incr(ns)  Path(ns)    Netlist Resource(s)
  -------------------------------------------------------------------    -------------------
                         (clock clk_out1_design_1_clk_wiz_0_0 rise edge)
                                                      0.000     0.000 r  
    K17                                               0.000     0.000 r  sys_clock (IN)
                         net (fo=0)                   0.000     0.000    design_1_i/clk_wiz_0/inst/clk_in1
    K17                  IBUF (Prop_ibuf_I_O)         1.475     1.475 r  design_1_i/clk_wiz_0/inst/clkin1_ibufg/O
                         net (fo=1, routed)           1.285     2.760    design_1_i/clk_wiz_0/inst/clk_in1_design_1_clk_wiz_0_0
    MMCME2_ADV_X1Y2      MMCME2_ADV (Prop_mmcme2_adv_CLKIN1_CLKOUT0)
                                                     -7.759    -4.999 r  design_1_i/clk_wiz_0/inst/mmcm_adv_inst/CLKOUT0
                         net (fo=1, routed)           2.206    -2.793    design_1_i/clk_wiz_0/inst/clk_out1_design_1_clk_wiz_0_0
    BUFGCTRL_X0Y16       BUFG (Prop_bufg_I_O)         0.101    -2.692 r  design_1_i/clk_wiz_0/inst/clkout1_buf/O
                         net (fo=5368, routed)        1.784    -0.908    design_1_i/fft_top_0/inst/U_FFT_CORE/U_MEM_RPATH/clk_100mhz
    SLICE_X94Y54         FDCE                                         r  design_1_i/fft_top_0/inst/U_FFT_CORE/U_MEM_RPATH/o_fft_core_data_reg[33]/C
  -------------------------------------------------------------------    -------------------
    SLICE_X94Y54         FDCE (Prop_fdce_C_Q)         0.518    -0.390 r  design_1_i/fft_top_0/inst/U_FFT_CORE/U_MEM_RPATH/o_fft_core_data_reg[33]/Q
                         net (fo=8, routed)           0.810     0.420    design_1_i/fft_top_0/inst/U_FFT_POWER/re_square_0[33]
    DSP48_X3Y22          DSP48E1 (Prop_dsp48e1_A[13]_P[17])
                                                      3.841     4.261 r  design_1_i/fft_top_0/inst/U_FFT_POWER/re_square/P[17]
                         net (fo=2, routed)           0.976     5.237    design_1_i/fft_top_0/inst/U_FFT_POWER/re_square_n_88
    SLICE_X93Y54         LUT2 (Prop_lut2_I0_O)        0.124     5.361 r  design_1_i/fft_top_0/inst/U_FFT_POWER/i__carry_i_4__0/O
                         net (fo=1, routed)           0.000     5.361    design_1_i/fft_top_0/inst/U_FFT_POWER/i__carry_i_4__0_n_0
    SLICE_X93Y54         CARRY4 (Prop_carry4_S[0]_CO[3])
                                                      0.532     5.893 r  design_1_i/fft_top_0/inst/U_FFT_POWER/re_square_inferred__0/i__carry/CO[3]
                         net (fo=1, routed)           0.000     5.893    design_1_i/fft_top_0/inst/U_FFT_POWER/re_square_inferred__0/i__carry_n_0
    SLICE_X93Y55         CARRY4 (Prop_carry4_CI_CO[3])
                                                      0.114     6.007 r  design_1_i/fft_top_0/inst/U_FFT_POWER/re_square_inferred__0/i__carry__0/CO[3]
                         net (fo=1, routed)           0.000     6.007    design_1_i/fft_top_0/inst/U_FFT_POWER/re_square_inferred__0/i__carry__0_n_0
    SLICE_X93Y56         CARRY4 (Prop_carry4_CI_O[0])
                                                      0.222     6.229 r  design_1_i/fft_top_0/inst/U_FFT_POWER/re_square_inferred__0/i__carry__1/O[0]
                         net (fo=2, routed)           0.637     6.866    design_1_i/fft_top_0/inst/U_FFT_POWER/re_square0_out[8]
    SLICE_X91Y56         LUT2 (Prop_lut2_I0_O)        0.299     7.165 r  design_1_i/fft_top_0/inst/U_FFT_POWER/power_sum_carry__5_i_3/O
                         net (fo=1, routed)           0.000     7.165    design_1_i/fft_top_0/inst/U_FFT_POWER/power_sum_carry__5_i_3_n_0
    SLICE_X91Y56         CARRY4 (Prop_carry4_S[1]_CO[3])
                                                      0.550     7.715 r  design_1_i/fft_top_0/inst/U_FFT_POWER/power_sum_carry__5/CO[3]
                         net (fo=1, routed)           0.000     7.715    design_1_i/fft_top_0/inst/U_FFT_POWER/power_sum_carry__5_n_0
    SLICE_X91Y57         CARRY4 (Prop_carry4_CI_CO[3])
                                                      0.114     7.829 r  design_1_i/fft_top_0/inst/U_FFT_POWER/power_sum_carry__6/CO[3]
                         net (fo=1, routed)           0.000     7.829    design_1_i/fft_top_0/inst/U_FFT_POWER/power_sum_carry__6_n_0
    SLICE_X91Y58         CARRY4 (Prop_carry4_CI_CO[3])
                                                      0.114     7.943 r  design_1_i/fft_top_0/inst/U_FFT_POWER/power_sum_carry__7/CO[3]
                         net (fo=1, routed)           0.000     7.943    design_1_i/fft_top_0/inst/U_FFT_POWER/power_sum_carry__7_n_0
    SLICE_X91Y59         CARRY4 (Prop_carry4_CI_O[1])
                                                      0.334     8.277 r  design_1_i/fft_top_0/inst/U_FFT_POWER/power_sum_carry__8/O[1]
                         net (fo=1, routed)           0.000     8.277    design_1_i/fft_top_0/inst/U_FFT_POWER/power_sum[37]
    SLICE_X91Y59         FDRE                                         r  design_1_i/fft_top_0/inst/U_FFT_POWER/power_result_reg[37]/D
  -------------------------------------------------------------------    -------------------

                         (clock clk_out1_design_1_clk_wiz_0_0 rise edge)
                                                     10.000    10.000 r  
    K17                                               0.000    10.000 r  sys_clock (IN)
                         net (fo=0)                   0.000    10.000    design_1_i/clk_wiz_0/inst/clk_in1
    K17                  IBUF (Prop_ibuf_I_O)         1.404    11.404 r  design_1_i/clk_wiz_0/inst/clkin1_ibufg/O
                         net (fo=1, routed)           1.162    12.566    design_1_i/clk_wiz_0/inst/clk_in1_design_1_clk_wiz_0_0
    MMCME2_ADV_X1Y2      MMCME2_ADV (Prop_mmcme2_adv_CLKIN1_CLKOUT0)
                                                     -7.814     4.752 r  design_1_i/clk_wiz_0/inst/mmcm_adv_inst/CLKOUT0
                         net (fo=1, routed)           2.012     6.764    design_1_i/clk_wiz_0/inst/clk_out1_design_1_clk_wiz_0_0
    BUFGCTRL_X0Y16       BUFG (Prop_bufg_I_O)         0.091     6.855 r  design_1_i/clk_wiz_0/inst/clkout1_buf/O
                         net (fo=5368, routed)        1.603     8.458    design_1_i/fft_top_0/inst/U_FFT_POWER/clk_100mhz
    SLICE_X91Y59         FDRE                                         r  design_1_i/fft_top_0/inst/U_FFT_POWER/power_result_reg[37]/C
                         clock pessimism              0.567     9.025    
                         clock uncertainty           -0.072     8.953    
    SLICE_X91Y59         FDRE (Setup_fdre_C_D)        0.062     9.015    design_1_i/fft_top_0/inst/U_FFT_POWER/power_result_reg[37]
  -------------------------------------------------------------------
                         required time                          9.015    
                         arrival time                          -8.277    
  -------------------------------------------------------------------
                         slack                                  0.738    

Slack (MET) :             0.759ns  (required time - arrival time)
  Source:                 design_1_i/fft_top_0/inst/U_FFT_CORE/U_MEM_RPATH/o_fft_core_data_reg[33]/C
                            (rising edge-triggered cell FDCE clocked by clk_out1_design_1_clk_wiz_0_0  {rise@0.000ns fall@5.000ns period=10.000ns})
  Destination:            design_1_i/fft_top_0/inst/U_FFT_POWER/power_result_reg[39]/D
                            (rising edge-triggered cell FDRE clocked by clk_out1_design_1_clk_wiz_0_0  {rise@0.000ns fall@5.000ns period=10.000ns})
  Path Group:             clk_out1_design_1_clk_wiz_0_0
  Path Type:              Setup (Max at Slow Process Corner)
  Requirement:            10.000ns  (clk_out1_design_1_clk_wiz_0_0 rise@10.000ns - clk_out1_design_1_clk_wiz_0_0 rise@0.000ns)
  Data Path Delay:        9.164ns  (logic 6.741ns (73.561%)  route 2.423ns (26.439%))
  Logic Levels:           10  (CARRY4=7 DSP48E1=1 LUT2=2)
  Clock Path Skew:        -0.067ns (DCD - SCD + CPR)
    Destination Clock Delay (DCD):    -1.542ns = ( 8.458 - 10.000 ) 
    Source Clock Delay      (SCD):    -0.908ns
    Clock Pessimism Removal (CPR):    0.567ns
  Clock Uncertainty:      0.072ns  ((TSJ^2 + DJ^2)^1/2) / 2 + PE
    Total System Jitter     (TSJ):    0.071ns
    Discrete Jitter          (DJ):    0.125ns
    Phase Error              (PE):    0.000ns

    Location             Delay type                Incr(ns)  Path(ns)    Netlist Resource(s)
  -------------------------------------------------------------------    -------------------
                         (clock clk_out1_design_1_clk_wiz_0_0 rise edge)
                                                      0.000     0.000 r  
    K17                                               0.000     0.000 r  sys_clock (IN)
                         net (fo=0)                   0.000     0.000    design_1_i/clk_wiz_0/inst/clk_in1
    K17                  IBUF (Prop_ibuf_I_O)         1.475     1.475 r  design_1_i/clk_wiz_0/inst/clkin1_ibufg/O
                         net (fo=1, routed)           1.285     2.760    design_1_i/clk_wiz_0/inst/clk_in1_design_1_clk_wiz_0_0
    MMCME2_ADV_X1Y2      MMCME2_ADV (Prop_mmcme2_adv_CLKIN1_CLKOUT0)
                                                     -7.759    -4.999 r  design_1_i/clk_wiz_0/inst/mmcm_adv_inst/CLKOUT0
                         net (fo=1, routed)           2.206    -2.793    design_1_i/clk_wiz_0/inst/clk_out1_design_1_clk_wiz_0_0
    BUFGCTRL_X0Y16       BUFG (Prop_bufg_I_O)         0.101    -2.692 r  design_1_i/clk_wiz_0/inst/clkout1_buf/O
                         net (fo=5368, routed)        1.784    -0.908    design_1_i/fft_top_0/inst/U_FFT_CORE/U_MEM_RPATH/clk_100mhz
    SLICE_X94Y54         FDCE                                         r  design_1_i/fft_top_0/inst/U_FFT_CORE/U_MEM_RPATH/o_fft_core_data_reg[33]/C
  -------------------------------------------------------------------    -------------------
    SLICE_X94Y54         FDCE (Prop_fdce_C_Q)         0.518    -0.390 r  design_1_i/fft_top_0/inst/U_FFT_CORE/U_MEM_RPATH/o_fft_core_data_reg[33]/Q
                         net (fo=8, routed)           0.810     0.420    design_1_i/fft_top_0/inst/U_FFT_POWER/re_square_0[33]
    DSP48_X3Y22          DSP48E1 (Prop_dsp48e1_A[13]_P[17])
                                                      3.841     4.261 r  design_1_i/fft_top_0/inst/U_FFT_POWER/re_square/P[17]
                         net (fo=2, routed)           0.976     5.237    design_1_i/fft_top_0/inst/U_FFT_POWER/re_square_n_88
    SLICE_X93Y54         LUT2 (Prop_lut2_I0_O)        0.124     5.361 r  design_1_i/fft_top_0/inst/U_FFT_POWER/i__carry_i_4__0/O
                         net (fo=1, routed)           0.000     5.361    design_1_i/fft_top_0/inst/U_FFT_POWER/i__carry_i_4__0_n_0
    SLICE_X93Y54         CARRY4 (Prop_carry4_S[0]_CO[3])
                                                      0.532     5.893 r  design_1_i/fft_top_0/inst/U_FFT_POWER/re_square_inferred__0/i__carry/CO[3]
                         net (fo=1, routed)           0.000     5.893    design_1_i/fft_top_0/inst/U_FFT_POWER/re_square_inferred__0/i__carry_n_0
    SLICE_X93Y55         CARRY4 (Prop_carry4_CI_CO[3])
                                                      0.114     6.007 r  design_1_i/fft_top_0/inst/U_FFT_POWER/re_square_inferred__0/i__carry__0/CO[3]
                         net (fo=1, routed)           0.000     6.007    design_1_i/fft_top_0/inst/U_FFT_POWER/re_square_inferred__0/i__carry__0_n_0
    SLICE_X93Y56         CARRY4 (Prop_carry4_CI_O[0])
                                                      0.222     6.229 r  design_1_i/fft_top_0/inst/U_FFT_POWER/re_square_inferred__0/i__carry__1/O[0]
                         net (fo=2, routed)           0.637     6.866    design_1_i/fft_top_0/inst/U_FFT_POWER/re_square0_out[8]
    SLICE_X91Y56         LUT2 (Prop_lut2_I0_O)        0.299     7.165 r  design_1_i/fft_top_0/inst/U_FFT_POWER/power_sum_carry__5_i_3/O
                         net (fo=1, routed)           0.000     7.165    design_1_i/fft_top_0/inst/U_FFT_POWER/power_sum_carry__5_i_3_n_0
    SLICE_X91Y56         CARRY4 (Prop_carry4_S[1]_CO[3])
                                                      0.550     7.715 r  design_1_i/fft_top_0/inst/U_FFT_POWER/power_sum_carry__5/CO[3]
                         net (fo=1, routed)           0.000     7.715    design_1_i/fft_top_0/inst/U_FFT_POWER/power_sum_carry__5_n_0
    SLICE_X91Y57         CARRY4 (Prop_carry4_CI_CO[3])
                                                      0.114     7.829 r  design_1_i/fft_top_0/inst/U_FFT_POWER/power_sum_carry__6/CO[3]
                         net (fo=1, routed)           0.000     7.829    design_1_i/fft_top_0/inst/U_FFT_POWER/power_sum_carry__6_n_0
    SLICE_X91Y58         CARRY4 (Prop_carry4_CI_CO[3])
                                                      0.114     7.943 r  design_1_i/fft_top_0/inst/U_FFT_POWER/power_sum_carry__7/CO[3]
                         net (fo=1, routed)           0.000     7.943    design_1_i/fft_top_0/inst/U_FFT_POWER/power_sum_carry__7_n_0
    SLICE_X91Y59         CARRY4 (Prop_carry4_CI_O[3])
                                                      0.313     8.256 r  design_1_i/fft_top_0/inst/U_FFT_POWER/power_sum_carry__8/O[3]
                         net (fo=1, routed)           0.000     8.256    design_1_i/fft_top_0/inst/U_FFT_POWER/power_sum[39]
    SLICE_X91Y59         FDRE                                         r  design_1_i/fft_top_0/inst/U_FFT_POWER/power_result_reg[39]/D
  -------------------------------------------------------------------    -------------------

                         (clock clk_out1_design_1_clk_wiz_0_0 rise edge)
                                                     10.000    10.000 r  
    K17                                               0.000    10.000 r  sys_clock (IN)
                         net (fo=0)                   0.000    10.000    design_1_i/clk_wiz_0/inst/clk_in1
    K17                  IBUF (Prop_ibuf_I_O)         1.404    11.404 r  design_1_i/clk_wiz_0/inst/clkin1_ibufg/O
                         net (fo=1, routed)           1.162    12.566    design_1_i/clk_wiz_0/inst/clk_in1_design_1_clk_wiz_0_0
    MMCME2_ADV_X1Y2      MMCME2_ADV (Prop_mmcme2_adv_CLKIN1_CLKOUT0)
                                                     -7.814     4.752 r  design_1_i/clk_wiz_0/inst/mmcm_adv_inst/CLKOUT0
                         net (fo=1, routed)           2.012     6.764    design_1_i/clk_wiz_0/inst/clk_out1_design_1_clk_wiz_0_0
    BUFGCTRL_X0Y16       BUFG (Prop_bufg_I_O)         0.091     6.855 r  design_1_i/clk_wiz_0/inst/clkout1_buf/O
                         net (fo=5368, routed)        1.603     8.458    design_1_i/fft_top_0/inst/U_FFT_POWER/clk_100mhz
    SLICE_X91Y59         FDRE                                         r  design_1_i/fft_top_0/inst/U_FFT_POWER/power_result_reg[39]/C
                         clock pessimism              0.567     9.025    
                         clock uncertainty           -0.072     8.953    
    SLICE_X91Y59         FDRE (Setup_fdre_C_D)        0.062     9.015    design_1_i/fft_top_0/inst/U_FFT_POWER/power_result_reg[39]
  -------------------------------------------------------------------
                         required time                          9.015    
                         arrival time                          -8.256    
  -------------------------------------------------------------------
                         slack                                  0.759    

Slack (MET) :             0.833ns  (required time - arrival time)
  Source:                 design_1_i/fft_top_0/inst/U_FFT_CORE/U_MEM_RPATH/o_fft_core_data_reg[33]/C
                            (rising edge-triggered cell FDCE clocked by clk_out1_design_1_clk_wiz_0_0  {rise@0.000ns fall@5.000ns period=10.000ns})
  Destination:            design_1_i/fft_top_0/inst/U_FFT_POWER/power_result_reg[38]/D
                            (rising edge-triggered cell FDRE clocked by clk_out1_design_1_clk_wiz_0_0  {rise@0.000ns fall@5.000ns period=10.000ns})
  Path Group:             clk_out1_design_1_clk_wiz_0_0
  Path Type:              Setup (Max at Slow Process Corner)
  Requirement:            10.000ns  (clk_out1_design_1_clk_wiz_0_0 rise@10.000ns - clk_out1_design_1_clk_wiz_0_0 rise@0.000ns)
  Data Path Delay:        9.090ns  (logic 6.667ns (73.345%)  route 2.423ns (26.655%))
  Logic Levels:           10  (CARRY4=7 DSP48E1=1 LUT2=2)
  Clock Path Skew:        -0.067ns (DCD - SCD + CPR)
    Destination Clock Delay (DCD):    -1.542ns = ( 8.458 - 10.000 ) 
    Source Clock Delay      (SCD):    -0.908ns
    Clock Pessimism Removal (CPR):    0.567ns
  Clock Uncertainty:      0.072ns  ((TSJ^2 + DJ^2)^1/2) / 2 + PE
    Total System Jitter     (TSJ):    0.071ns
    Discrete Jitter          (DJ):    0.125ns
    Phase Error              (PE):    0.000ns

    Location             Delay type                Incr(ns)  Path(ns)    Netlist Resource(s)
  -------------------------------------------------------------------    -------------------
                         (clock clk_out1_design_1_clk_wiz_0_0 rise edge)
                                                      0.000     0.000 r  
    K17                                               0.000     0.000 r  sys_clock (IN)
                         net (fo=0)                   0.000     0.000    design_1_i/clk_wiz_0/inst/clk_in1
    K17                  IBUF (Prop_ibuf_I_O)         1.475     1.475 r  design_1_i/clk_wiz_0/inst/clkin1_ibufg/O
                         net (fo=1, routed)           1.285     2.760    design_1_i/clk_wiz_0/inst/clk_in1_design_1_clk_wiz_0_0
    MMCME2_ADV_X1Y2      MMCME2_ADV (Prop_mmcme2_adv_CLKIN1_CLKOUT0)
                                                     -7.759    -4.999 r  design_1_i/clk_wiz_0/inst/mmcm_adv_inst/CLKOUT0
                         net (fo=1, routed)           2.206    -2.793    design_1_i/clk_wiz_0/inst/clk_out1_design_1_clk_wiz_0_0
    BUFGCTRL_X0Y16       BUFG (Prop_bufg_I_O)         0.101    -2.692 r  design_1_i/clk_wiz_0/inst/clkout1_buf/O
                         net (fo=5368, routed)        1.784    -0.908    design_1_i/fft_top_0/inst/U_FFT_CORE/U_MEM_RPATH/clk_100mhz
    SLICE_X94Y54         FDCE                                         r  design_1_i/fft_top_0/inst/U_FFT_CORE/U_MEM_RPATH/o_fft_core_data_reg[33]/C
  -------------------------------------------------------------------    -------------------
    SLICE_X94Y54         FDCE (Prop_fdce_C_Q)         0.518    -0.390 r  design_1_i/fft_top_0/inst/U_FFT_CORE/U_MEM_RPATH/o_fft_core_data_reg[33]/Q
                         net (fo=8, routed)           0.810     0.420    design_1_i/fft_top_0/inst/U_FFT_POWER/re_square_0[33]
    DSP48_X3Y22          DSP48E1 (Prop_dsp48e1_A[13]_P[17])
                                                      3.841     4.261 r  design_1_i/fft_top_0/inst/U_FFT_POWER/re_square/P[17]
                         net (fo=2, routed)           0.976     5.237    design_1_i/fft_top_0/inst/U_FFT_POWER/re_square_n_88
    SLICE_X93Y54         LUT2 (Prop_lut2_I0_O)        0.124     5.361 r  design_1_i/fft_top_0/inst/U_FFT_POWER/i__carry_i_4__0/O
                         net (fo=1, routed)           0.000     5.361    design_1_i/fft_top_0/inst/U_FFT_POWER/i__carry_i_4__0_n_0
    SLICE_X93Y54         CARRY4 (Prop_carry4_S[0]_CO[3])
                                                      0.532     5.893 r  design_1_i/fft_top_0/inst/U_FFT_POWER/re_square_inferred__0/i__carry/CO[3]
                         net (fo=1, routed)           0.000     5.893    design_1_i/fft_top_0/inst/U_FFT_POWER/re_square_inferred__0/i__carry_n_0
    SLICE_X93Y55         CARRY4 (Prop_carry4_CI_CO[3])
                                                      0.114     6.007 r  design_1_i/fft_top_0/inst/U_FFT_POWER/re_square_inferred__0/i__carry__0/CO[3]
                         net (fo=1, routed)           0.000     6.007    design_1_i/fft_top_0/inst/U_FFT_POWER/re_square_inferred__0/i__carry__0_n_0
    SLICE_X93Y56         CARRY4 (Prop_carry4_CI_O[0])
                                                      0.222     6.229 r  design_1_i/fft_top_0/inst/U_FFT_POWER/re_square_inferred__0/i__carry__1/O[0]
                         net (fo=2, routed)           0.637     6.866    design_1_i/fft_top_0/inst/U_FFT_POWER/re_square0_out[8]
    SLICE_X91Y56         LUT2 (Prop_lut2_I0_O)        0.299     7.165 r  design_1_i/fft_top_0/inst/U_FFT_POWER/power_sum_carry__5_i_3/O
                         net (fo=1, routed)           0.000     7.165    design_1_i/fft_top_0/inst/U_FFT_POWER/power_sum_carry__5_i_3_n_0
    SLICE_X91Y56         CARRY4 (Prop_carry4_S[1]_CO[3])
                                                      0.550     7.715 r  design_1_i/fft_top_0/inst/U_FFT_POWER/power_sum_carry__5/CO[3]
                         net (fo=1, routed)           0.000     7.715    design_1_i/fft_top_0/inst/U_FFT_POWER/power_sum_carry__5_n_0
    SLICE_X91Y57         CARRY4 (Prop_carry4_CI_CO[3])
                                                      0.114     7.829 r  design_1_i/fft_top_0/inst/U_FFT_POWER/power_sum_carry__6/CO[3]
                         net (fo=1, routed)           0.000     7.829    design_1_i/fft_top_0/inst/U_FFT_POWER/power_sum_carry__6_n_0
    SLICE_X91Y58         CARRY4 (Prop_carry4_CI_CO[3])
                                                      0.114     7.943 r  design_1_i/fft_top_0/inst/U_FFT_POWER/power_sum_carry__7/CO[3]
                         net (fo=1, routed)           0.000     7.943    design_1_i/fft_top_0/inst/U_FFT_POWER/power_sum_carry__7_n_0
    SLICE_X91Y59         CARRY4 (Prop_carry4_CI_O[2])
                                                      0.239     8.182 r  design_1_i/fft_top_0/inst/U_FFT_POWER/power_sum_carry__8/O[2]
                         net (fo=1, routed)           0.000     8.182    design_1_i/fft_top_0/inst/U_FFT_POWER/power_sum[38]
    SLICE_X91Y59         FDRE                                         r  design_1_i/fft_top_0/inst/U_FFT_POWER/power_result_reg[38]/D
  -------------------------------------------------------------------    -------------------

                         (clock clk_out1_design_1_clk_wiz_0_0 rise edge)
                                                     10.000    10.000 r  
    K17                                               0.000    10.000 r  sys_clock (IN)
                         net (fo=0)                   0.000    10.000    design_1_i/clk_wiz_0/inst/clk_in1
    K17                  IBUF (Prop_ibuf_I_O)         1.404    11.404 r  design_1_i/clk_wiz_0/inst/clkin1_ibufg/O
                         net (fo=1, routed)           1.162    12.566    design_1_i/clk_wiz_0/inst/clk_in1_design_1_clk_wiz_0_0
    MMCME2_ADV_X1Y2      MMCME2_ADV (Prop_mmcme2_adv_CLKIN1_CLKOUT0)
                                                     -7.814     4.752 r  design_1_i/clk_wiz_0/inst/mmcm_adv_inst/CLKOUT0
                         net (fo=1, routed)           2.012     6.764    design_1_i/clk_wiz_0/inst/clk_out1_design_1_clk_wiz_0_0
    BUFGCTRL_X0Y16       BUFG (Prop_bufg_I_O)         0.091     6.855 r  design_1_i/clk_wiz_0/inst/clkout1_buf/O
                         net (fo=5368, routed)        1.603     8.458    design_1_i/fft_top_0/inst/U_FFT_POWER/clk_100mhz
    SLICE_X91Y59         FDRE                                         r  design_1_i/fft_top_0/inst/U_FFT_POWER/power_result_reg[38]/C
                         clock pessimism              0.567     9.025    
                         clock uncertainty           -0.072     8.953    
    SLICE_X91Y59         FDRE (Setup_fdre_C_D)        0.062     9.015    design_1_i/fft_top_0/inst/U_FFT_POWER/power_result_reg[38]
  -------------------------------------------------------------------
                         required time                          9.015    
                         arrival time                          -8.182    
  -------------------------------------------------------------------
                         slack                                  0.833    

Slack (MET) :             0.849ns  (required time - arrival time)
  Source:                 design_1_i/fft_top_0/inst/U_FFT_CORE/U_MEM_RPATH/o_fft_core_data_reg[33]/C
                            (rising edge-triggered cell FDCE clocked by clk_out1_design_1_clk_wiz_0_0  {rise@0.000ns fall@5.000ns period=10.000ns})
  Destination:            design_1_i/fft_top_0/inst/U_FFT_POWER/power_result_reg[36]/D
                            (rising edge-triggered cell FDRE clocked by clk_out1_design_1_clk_wiz_0_0  {rise@0.000ns fall@5.000ns period=10.000ns})
  Path Group:             clk_out1_design_1_clk_wiz_0_0
  Path Type:              Setup (Max at Slow Process Corner)
  Requirement:            10.000ns  (clk_out1_design_1_clk_wiz_0_0 rise@10.000ns - clk_out1_design_1_clk_wiz_0_0 rise@0.000ns)
  Data Path Delay:        9.074ns  (logic 6.651ns (73.298%)  route 2.423ns (26.702%))
  Logic Levels:           10  (CARRY4=7 DSP48E1=1 LUT2=2)
  Clock Path Skew:        -0.067ns (DCD - SCD + CPR)
    Destination Clock Delay (DCD):    -1.542ns = ( 8.458 - 10.000 ) 
    Source Clock Delay      (SCD):    -0.908ns
    Clock Pessimism Removal (CPR):    0.567ns
  Clock Uncertainty:      0.072ns  ((TSJ^2 + DJ^2)^1/2) / 2 + PE
    Total System Jitter     (TSJ):    0.071ns
    Discrete Jitter          (DJ):    0.125ns
    Phase Error              (PE):    0.000ns

    Location             Delay type                Incr(ns)  Path(ns)    Netlist Resource(s)
  -------------------------------------------------------------------    -------------------
                         (clock clk_out1_design_1_clk_wiz_0_0 rise edge)
                                                      0.000     0.000 r  
    K17                                               0.000     0.000 r  sys_clock (IN)
                         net (fo=0)                   0.000     0.000    design_1_i/clk_wiz_0/inst/clk_in1
    K17                  IBUF (Prop_ibuf_I_O)         1.475     1.475 r  design_1_i/clk_wiz_0/inst/clkin1_ibufg/O
                         net (fo=1, routed)           1.285     2.760    design_1_i/clk_wiz_0/inst/clk_in1_design_1_clk_wiz_0_0
    MMCME2_ADV_X1Y2      MMCME2_ADV (Prop_mmcme2_adv_CLKIN1_CLKOUT0)
                                                     -7.759    -4.999 r  design_1_i/clk_wiz_0/inst/mmcm_adv_inst/CLKOUT0
                         net (fo=1, routed)           2.206    -2.793    design_1_i/clk_wiz_0/inst/clk_out1_design_1_clk_wiz_0_0
    BUFGCTRL_X0Y16       BUFG (Prop_bufg_I_O)         0.101    -2.692 r  design_1_i/clk_wiz_0/inst/clkout1_buf/O
                         net (fo=5368, routed)        1.784    -0.908    design_1_i/fft_top_0/inst/U_FFT_CORE/U_MEM_RPATH/clk_100mhz
    SLICE_X94Y54         FDCE                                         r  design_1_i/fft_top_0/inst/U_FFT_CORE/U_MEM_RPATH/o_fft_core_data_reg[33]/C
  -------------------------------------------------------------------    -------------------
    SLICE_X94Y54         FDCE (Prop_fdce_C_Q)         0.518    -0.390 r  design_1_i/fft_top_0/inst/U_FFT_CORE/U_MEM_RPATH/o_fft_core_data_reg[33]/Q
                         net (fo=8, routed)           0.810     0.420    design_1_i/fft_top_0/inst/U_FFT_POWER/re_square_0[33]
    DSP48_X3Y22          DSP48E1 (Prop_dsp48e1_A[13]_P[17])
                                                      3.841     4.261 r  design_1_i/fft_top_0/inst/U_FFT_POWER/re_square/P[17]
                         net (fo=2, routed)           0.976     5.237    design_1_i/fft_top_0/inst/U_FFT_POWER/re_square_n_88
    SLICE_X93Y54         LUT2 (Prop_lut2_I0_O)        0.124     5.361 r  design_1_i/fft_top_0/inst/U_FFT_POWER/i__carry_i_4__0/O
                         net (fo=1, routed)           0.000     5.361    design_1_i/fft_top_0/inst/U_FFT_POWER/i__carry_i_4__0_n_0
    SLICE_X93Y54         CARRY4 (Prop_carry4_S[0]_CO[3])
                                                      0.532     5.893 r  design_1_i/fft_top_0/inst/U_FFT_POWER/re_square_inferred__0/i__carry/CO[3]
                         net (fo=1, routed)           0.000     5.893    design_1_i/fft_top_0/inst/U_FFT_POWER/re_square_inferred__0/i__carry_n_0
    SLICE_X93Y55         CARRY4 (Prop_carry4_CI_CO[3])
                                                      0.114     6.007 r  design_1_i/fft_top_0/inst/U_FFT_POWER/re_square_inferred__0/i__carry__0/CO[3]
                         net (fo=1, routed)           0.000     6.007    design_1_i/fft_top_0/inst/U_FFT_POWER/re_square_inferred__0/i__carry__0_n_0
    SLICE_X93Y56         CARRY4 (Prop_carry4_CI_O[0])
                                                      0.222     6.229 r  design_1_i/fft_top_0/inst/U_FFT_POWER/re_square_inferred__0/i__carry__1/O[0]
                         net (fo=2, routed)           0.637     6.866    design_1_i/fft_top_0/inst/U_FFT_POWER/re_square0_out[8]
    SLICE_X91Y56         LUT2 (Prop_lut2_I0_O)        0.299     7.165 r  design_1_i/fft_top_0/inst/U_FFT_POWER/power_sum_carry__5_i_3/O
                         net (fo=1, routed)           0.000     7.165    design_1_i/fft_top_0/inst/U_FFT_POWER/power_sum_carry__5_i_3_n_0
    SLICE_X91Y56         CARRY4 (Prop_carry4_S[1]_CO[3])
                                                      0.550     7.715 r  design_1_i/fft_top_0/inst/U_FFT_POWER/power_sum_carry__5/CO[3]
                         net (fo=1, routed)           0.000     7.715    design_1_i/fft_top_0/inst/U_FFT_POWER/power_sum_carry__5_n_0
    SLICE_X91Y57         CARRY4 (Prop_carry4_CI_CO[3])
                                                      0.114     7.829 r  design_1_i/fft_top_0/inst/U_FFT_POWER/power_sum_carry__6/CO[3]
                         net (fo=1, routed)           0.000     7.829    design_1_i/fft_top_0/inst/U_FFT_POWER/power_sum_carry__6_n_0
    SLICE_X91Y58         CARRY4 (Prop_carry4_CI_CO[3])
                                                      0.114     7.943 r  design_1_i/fft_top_0/inst/U_FFT_POWER/power_sum_carry__7/CO[3]
                         net (fo=1, routed)           0.000     7.943    design_1_i/fft_top_0/inst/U_FFT_POWER/power_sum_carry__7_n_0
    SLICE_X91Y59         CARRY4 (Prop_carry4_CI_O[0])
                                                      0.223     8.166 r  design_1_i/fft_top_0/inst/U_FFT_POWER/power_sum_carry__8/O[0]
                         net (fo=1, routed)           0.000     8.166    design_1_i/fft_top_0/inst/U_FFT_POWER/power_sum[36]
    SLICE_X91Y59         FDRE                                         r  design_1_i/fft_top_0/inst/U_FFT_POWER/power_result_reg[36]/D
  -------------------------------------------------------------------    -------------------

                         (clock clk_out1_design_1_clk_wiz_0_0 rise edge)
                                                     10.000    10.000 r  
    K17                                               0.000    10.000 r  sys_clock (IN)
                         net (fo=0)                   0.000    10.000    design_1_i/clk_wiz_0/inst/clk_in1
    K17                  IBUF (Prop_ibuf_I_O)         1.404    11.404 r  design_1_i/clk_wiz_0/inst/clkin1_ibufg/O
                         net (fo=1, routed)           1.162    12.566    design_1_i/clk_wiz_0/inst/clk_in1_design_1_clk_wiz_0_0
    MMCME2_ADV_X1Y2      MMCME2_ADV (Prop_mmcme2_adv_CLKIN1_CLKOUT0)
                                                     -7.814     4.752 r  design_1_i/clk_wiz_0/inst/mmcm_adv_inst/CLKOUT0
                         net (fo=1, routed)           2.012     6.764    design_1_i/clk_wiz_0/inst/clk_out1_design_1_clk_wiz_0_0
    BUFGCTRL_X0Y16       BUFG (Prop_bufg_I_O)         0.091     6.855 r  design_1_i/clk_wiz_0/inst/clkout1_buf/O
                         net (fo=5368, routed)        1.603     8.458    design_1_i/fft_top_0/inst/U_FFT_POWER/clk_100mhz
    SLICE_X91Y59         FDRE                                         r  design_1_i/fft_top_0/inst/U_FFT_POWER/power_result_reg[36]/C
                         clock pessimism              0.567     9.025    
                         clock uncertainty           -0.072     8.953    
    SLICE_X91Y59         FDRE (Setup_fdre_C_D)        0.062     9.015    design_1_i/fft_top_0/inst/U_FFT_POWER/power_result_reg[36]
  -------------------------------------------------------------------
                         required time                          9.015    
                         arrival time                          -8.166    
  -------------------------------------------------------------------
                         slack                                  0.849    

Slack (MET) :             0.853ns  (required time - arrival time)
  Source:                 design_1_i/fft_top_0/inst/U_FFT_CORE/U_MEM_RPATH/o_fft_core_data_reg[33]/C
                            (rising edge-triggered cell FDCE clocked by clk_out1_design_1_clk_wiz_0_0  {rise@0.000ns fall@5.000ns period=10.000ns})
  Destination:            design_1_i/fft_top_0/inst/U_FFT_POWER/power_result_reg[33]/D
                            (rising edge-triggered cell FDRE clocked by clk_out1_design_1_clk_wiz_0_0  {rise@0.000ns fall@5.000ns period=10.000ns})
  Path Group:             clk_out1_design_1_clk_wiz_0_0
  Path Type:              Setup (Max at Slow Process Corner)
  Requirement:            10.000ns  (clk_out1_design_1_clk_wiz_0_0 rise@10.000ns - clk_out1_design_1_clk_wiz_0_0 rise@0.000ns)
  Data Path Delay:        9.071ns  (logic 6.648ns (73.290%)  route 2.423ns (26.710%))
  Logic Levels:           9  (CARRY4=6 DSP48E1=1 LUT2=2)
  Clock Path Skew:        -0.066ns (DCD - SCD + CPR)
    Destination Clock Delay (DCD):    -1.541ns = ( 8.459 - 10.000 ) 
    Source Clock Delay      (SCD):    -0.908ns
    Clock Pessimism Removal (CPR):    0.567ns
  Clock Uncertainty:      0.072ns  ((TSJ^2 + DJ^2)^1/2) / 2 + PE
    Total System Jitter     (TSJ):    0.071ns
    Discrete Jitter          (DJ):    0.125ns
    Phase Error              (PE):    0.000ns

    Location             Delay type                Incr(ns)  Path(ns)    Netlist Resource(s)
  -------------------------------------------------------------------    -------------------
                         (clock clk_out1_design_1_clk_wiz_0_0 rise edge)
                                                      0.000     0.000 r  
    K17                                               0.000     0.000 r  sys_clock (IN)
                         net (fo=0)                   0.000     0.000    design_1_i/clk_wiz_0/inst/clk_in1
    K17                  IBUF (Prop_ibuf_I_O)         1.475     1.475 r  design_1_i/clk_wiz_0/inst/clkin1_ibufg/O
                         net (fo=1, routed)           1.285     2.760    design_1_i/clk_wiz_0/inst/clk_in1_design_1_clk_wiz_0_0
    MMCME2_ADV_X1Y2      MMCME2_ADV (Prop_mmcme2_adv_CLKIN1_CLKOUT0)
                                                     -7.759    -4.999 r  design_1_i/clk_wiz_0/inst/mmcm_adv_inst/CLKOUT0
                         net (fo=1, routed)           2.206    -2.793    design_1_i/clk_wiz_0/inst/clk_out1_design_1_clk_wiz_0_0
    BUFGCTRL_X0Y16       BUFG (Prop_bufg_I_O)         0.101    -2.692 r  design_1_i/clk_wiz_0/inst/clkout1_buf/O
                         net (fo=5368, routed)        1.784    -0.908    design_1_i/fft_top_0/inst/U_FFT_CORE/U_MEM_RPATH/clk_100mhz
    SLICE_X94Y54         FDCE                                         r  design_1_i/fft_top_0/inst/U_FFT_CORE/U_MEM_RPATH/o_fft_core_data_reg[33]/C
  -------------------------------------------------------------------    -------------------
    SLICE_X94Y54         FDCE (Prop_fdce_C_Q)         0.518    -0.390 r  design_1_i/fft_top_0/inst/U_FFT_CORE/U_MEM_RPATH/o_fft_core_data_reg[33]/Q
                         net (fo=8, routed)           0.810     0.420    design_1_i/fft_top_0/inst/U_FFT_POWER/re_square_0[33]
    DSP48_X3Y22          DSP48E1 (Prop_dsp48e1_A[13]_P[17])
                                                      3.841     4.261 r  design_1_i/fft_top_0/inst/U_FFT_POWER/re_square/P[17]
                         net (fo=2, routed)           0.976     5.237    design_1_i/fft_top_0/inst/U_FFT_POWER/re_square_n_88
    SLICE_X93Y54         LUT2 (Prop_lut2_I0_O)        0.124     5.361 r  design_1_i/fft_top_0/inst/U_FFT_POWER/i__carry_i_4__0/O
                         net (fo=1, routed)           0.000     5.361    design_1_i/fft_top_0/inst/U_FFT_POWER/i__carry_i_4__0_n_0
    SLICE_X93Y54         CARRY4 (Prop_carry4_S[0]_CO[3])
                                                      0.532     5.893 r  design_1_i/fft_top_0/inst/U_FFT_POWER/re_square_inferred__0/i__carry/CO[3]
                         net (fo=1, routed)           0.000     5.893    design_1_i/fft_top_0/inst/U_FFT_POWER/re_square_inferred__0/i__carry_n_0
    SLICE_X93Y55         CARRY4 (Prop_carry4_CI_CO[3])
                                                      0.114     6.007 r  design_1_i/fft_top_0/inst/U_FFT_POWER/re_square_inferred__0/i__carry__0/CO[3]
                         net (fo=1, routed)           0.000     6.007    design_1_i/fft_top_0/inst/U_FFT_POWER/re_square_inferred__0/i__carry__0_n_0
    SLICE_X93Y56         CARRY4 (Prop_carry4_CI_O[0])
                                                      0.222     6.229 r  design_1_i/fft_top_0/inst/U_FFT_POWER/re_square_inferred__0/i__carry__1/O[0]
                         net (fo=2, routed)           0.637     6.866    design_1_i/fft_top_0/inst/U_FFT_POWER/re_square0_out[8]
    SLICE_X91Y56         LUT2 (Prop_lut2_I0_O)        0.299     7.165 r  design_1_i/fft_top_0/inst/U_FFT_POWER/power_sum_carry__5_i_3/O
                         net (fo=1, routed)           0.000     7.165    design_1_i/fft_top_0/inst/U_FFT_POWER/power_sum_carry__5_i_3_n_0
    SLICE_X91Y56         CARRY4 (Prop_carry4_S[1]_CO[3])
                                                      0.550     7.715 r  design_1_i/fft_top_0/inst/U_FFT_POWER/power_sum_carry__5/CO[3]
                         net (fo=1, routed)           0.000     7.715    design_1_i/fft_top_0/inst/U_FFT_POWER/power_sum_carry__5_n_0
    SLICE_X91Y57         CARRY4 (Prop_carry4_CI_CO[3])
                                                      0.114     7.829 r  design_1_i/fft_top_0/inst/U_FFT_POWER/power_sum_carry__6/CO[3]
                         net (fo=1, routed)           0.000     7.829    design_1_i/fft_top_0/inst/U_FFT_POWER/power_sum_carry__6_n_0
    SLICE_X91Y58         CARRY4 (Prop_carry4_CI_O[1])
                                                      0.334     8.163 r  design_1_i/fft_top_0/inst/U_FFT_POWER/power_sum_carry__7/O[1]
                         net (fo=1, routed)           0.000     8.163    design_1_i/fft_top_0/inst/U_FFT_POWER/power_sum[33]
    SLICE_X91Y58         FDRE                                         r  design_1_i/fft_top_0/inst/U_FFT_POWER/power_result_reg[33]/D
  -------------------------------------------------------------------    -------------------

                         (clock clk_out1_design_1_clk_wiz_0_0 rise edge)
                                                     10.000    10.000 r  
    K17                                               0.000    10.000 r  sys_clock (IN)
                         net (fo=0)                   0.000    10.000    design_1_i/clk_wiz_0/inst/clk_in1
    K17                  IBUF (Prop_ibuf_I_O)         1.404    11.404 r  design_1_i/clk_wiz_0/inst/clkin1_ibufg/O
                         net (fo=1, routed)           1.162    12.566    design_1_i/clk_wiz_0/inst/clk_in1_design_1_clk_wiz_0_0
    MMCME2_ADV_X1Y2      MMCME2_ADV (Prop_mmcme2_adv_CLKIN1_CLKOUT0)
                                                     -7.814     4.752 r  design_1_i/clk_wiz_0/inst/mmcm_adv_inst/CLKOUT0
                         net (fo=1, routed)           2.012     6.764    design_1_i/clk_wiz_0/inst/clk_out1_design_1_clk_wiz_0_0
    BUFGCTRL_X0Y16       BUFG (Prop_bufg_I_O)         0.091     6.855 r  design_1_i/clk_wiz_0/inst/clkout1_buf/O
                         net (fo=5368, routed)        1.604     8.459    design_1_i/fft_top_0/inst/U_FFT_POWER/clk_100mhz
    SLICE_X91Y58         FDRE                                         r  design_1_i/fft_top_0/inst/U_FFT_POWER/power_result_reg[33]/C
                         clock pessimism              0.567     9.026    
                         clock uncertainty           -0.072     8.954    
    SLICE_X91Y58         FDRE (Setup_fdre_C_D)        0.062     9.016    design_1_i/fft_top_0/inst/U_FFT_POWER/power_result_reg[33]
  -------------------------------------------------------------------
                         required time                          9.016    
                         arrival time                          -8.163    
  -------------------------------------------------------------------
                         slack                                  0.853    

Slack (MET) :             0.866ns  (required time - arrival time)
  Source:                 design_1_i/rx_top_0/inst/u_symbol_sync/c_check_p20_reg[1]/C
                            (rising edge-triggered cell FDCE clocked by clk_out1_design_1_clk_wiz_0_0  {rise@0.000ns fall@5.000ns period=10.000ns})
  Destination:            design_1_i/rx_top_0/inst/u_symbol_sync/c_replay_count_reg[1]/CE
                            (rising edge-triggered cell FDCE clocked by clk_out1_design_1_clk_wiz_0_0  {rise@0.000ns fall@5.000ns period=10.000ns})
  Path Group:             clk_out1_design_1_clk_wiz_0_0
  Path Type:              Setup (Max at Slow Process Corner)
  Requirement:            10.000ns  (clk_out1_design_1_clk_wiz_0_0 rise@10.000ns - clk_out1_design_1_clk_wiz_0_0 rise@0.000ns)
  Data Path Delay:        8.678ns  (logic 3.761ns (43.339%)  route 4.917ns (56.661%))
  Logic Levels:           14  (CARRY4=10 LUT4=1 LUT6=3)
  Clock Path Skew:        -0.215ns (DCD - SCD + CPR)
    Destination Clock Delay (DCD):    -1.671ns = ( 8.329 - 10.000 ) 
    Source Clock Delay      (SCD):    -0.989ns
    Clock Pessimism Removal (CPR):    0.467ns
  Clock Uncertainty:      0.072ns  ((TSJ^2 + DJ^2)^1/2) / 2 + PE
    Total System Jitter     (TSJ):    0.071ns
    Discrete Jitter          (DJ):    0.125ns
    Phase Error              (PE):    0.000ns

    Location             Delay type                Incr(ns)  Path(ns)    Netlist Resource(s)
  -------------------------------------------------------------------    -------------------
                         (clock clk_out1_design_1_clk_wiz_0_0 rise edge)
                                                      0.000     0.000 r  
    K17                                               0.000     0.000 r  sys_clock (IN)
                         net (fo=0)                   0.000     0.000    design_1_i/clk_wiz_0/inst/clk_in1
    K17                  IBUF (Prop_ibuf_I_O)         1.475     1.475 r  design_1_i/clk_wiz_0/inst/clkin1_ibufg/O
                         net (fo=1, routed)           1.285     2.760    design_1_i/clk_wiz_0/inst/clk_in1_design_1_clk_wiz_0_0
    MMCME2_ADV_X1Y2      MMCME2_ADV (Prop_mmcme2_adv_CLKIN1_CLKOUT0)
                                                     -7.759    -4.999 r  design_1_i/clk_wiz_0/inst/mmcm_adv_inst/CLKOUT0
                         net (fo=1, routed)           2.206    -2.793    design_1_i/clk_wiz_0/inst/clk_out1_design_1_clk_wiz_0_0
    BUFGCTRL_X0Y16       BUFG (Prop_bufg_I_O)         0.101    -2.692 r  design_1_i/clk_wiz_0/inst/clkout1_buf/O
                         net (fo=5368, routed)        1.703    -0.989    design_1_i/rx_top_0/inst/u_symbol_sync/clk
    SLICE_X62Y68         FDCE                                         r  design_1_i/rx_top_0/inst/u_symbol_sync/c_check_p20_reg[1]/C
  -------------------------------------------------------------------    -------------------
    SLICE_X62Y68         FDCE (Prop_fdce_C_Q)         0.518    -0.471 r  design_1_i/rx_top_0/inst/u_symbol_sync/c_check_p20_reg[1]/Q
                         net (fo=6, routed)           1.171     0.700    design_1_i/rx_top_0/inst/u_symbol_sync/c_check_p20[1]
    SLICE_X48Y65         CARRY4 (Prop_carry4_S[0]_CO[3])
                                                      0.656     1.356 r  design_1_i/rx_top_0/inst/u_symbol_sync/c_sfd_shift_reg[0]_i_137/CO[3]
                         net (fo=1, routed)           0.000     1.356    design_1_i/rx_top_0/inst/u_symbol_sync/c_sfd_shift_reg[0]_i_137_n_0
    SLICE_X48Y66         CARRY4 (Prop_carry4_CI_CO[3])
                                                      0.114     1.470 r  design_1_i/rx_top_0/inst/u_symbol_sync/c_sfd_shift_reg[0]_i_136/CO[3]
                         net (fo=1, routed)           0.000     1.470    design_1_i/rx_top_0/inst/u_symbol_sync/c_sfd_shift_reg[0]_i_136_n_0
    SLICE_X48Y67         CARRY4 (Prop_carry4_CI_CO[3])
                                                      0.114     1.584 r  design_1_i/rx_top_0/inst/u_symbol_sync/c_sfd_shift_reg[0]_i_119/CO[3]
                         net (fo=1, routed)           0.000     1.584    design_1_i/rx_top_0/inst/u_symbol_sync/c_sfd_shift_reg[0]_i_119_n_0
    SLICE_X48Y68         CARRY4 (Prop_carry4_CI_CO[3])
                                                      0.114     1.698 r  design_1_i/rx_top_0/inst/u_symbol_sync/c_sfd_shift_reg[0]_i_118/CO[3]
                         net (fo=1, routed)           0.000     1.698    design_1_i/rx_top_0/inst/u_symbol_sync/c_sfd_shift_reg[0]_i_118_n_0
    SLICE_X48Y69         CARRY4 (Prop_carry4_CI_CO[3])
                                                      0.114     1.812 r  design_1_i/rx_top_0/inst/u_symbol_sync/c_sfd_shift_reg[0]_i_92/CO[3]
                         net (fo=1, routed)           0.000     1.812    design_1_i/rx_top_0/inst/u_symbol_sync/c_sfd_shift_reg[0]_i_92_n_0
    SLICE_X48Y70         CARRY4 (Prop_carry4_CI_CO[3])
                                                      0.114     1.926 r  design_1_i/rx_top_0/inst/u_symbol_sync/c_sfd_shift_reg[0]_i_91/CO[3]
                         net (fo=1, routed)           0.000     1.926    design_1_i/rx_top_0/inst/u_symbol_sync/c_sfd_shift_reg[0]_i_91_n_0
    SLICE_X48Y71         CARRY4 (Prop_carry4_CI_O[3])
                                                      0.313     2.239 r  design_1_i/rx_top_0/inst/u_symbol_sync/c_sfd_shift_reg[0]_i_64/O[3]
                         net (fo=4, routed)           1.119     3.358    design_1_i/rx_top_0/inst/u_symbol_sync/check20_x10[29]
    SLICE_X45Y73         LUT4 (Prop_lut4_I1_O)        0.306     3.664 r  design_1_i/rx_top_0/inst/u_symbol_sync/c_sfd_shift[0]_i_41/O
                         net (fo=1, routed)           0.000     3.664    design_1_i/rx_top_0/inst/u_symbol_sync/c_sfd_shift[0]_i_41_n_0
    SLICE_X45Y73         CARRY4 (Prop_carry4_S[1]_CO[3])
                                                      0.550     4.214 r  design_1_i/rx_top_0/inst/u_symbol_sync/c_sfd_shift_reg[0]_i_15/CO[3]
                         net (fo=1, routed)           0.000     4.214    design_1_i/rx_top_0/inst/u_symbol_sync/c_sfd_shift_reg[0]_i_15_n_0
    SLICE_X45Y74         CARRY4 (Prop_carry4_CI_CO[3])
                                                      0.114     4.328 r  design_1_i/rx_top_0/inst/u_symbol_sync/c_sfd_shift_reg[0]_i_5/CO[3]
                         net (fo=1, routed)           0.009     4.337    design_1_i/rx_top_0/inst/u_symbol_sync/c_sfd_shift_reg[0]_i_5_n_0
    SLICE_X45Y75         CARRY4 (Prop_carry4_CI_CO[1])
                                                      0.157     4.494 f  design_1_i/rx_top_0/inst/u_symbol_sync/c_sfd_shift_reg[0]_i_3/CO[1]
                         net (fo=1, routed)           1.163     5.657    design_1_i/rx_top_0/inst/u_symbol_sync/check_code221_in
    SLICE_X43Y81         LUT6 (Prop_lut6_I2_O)        0.329     5.986 f  design_1_i/rx_top_0/inst/u_symbol_sync/c_sfd_shift[0]_i_2/O
                         net (fo=3, routed)           0.606     6.591    design_1_i/rx_top_0/inst/u_symbol_sync/c_sfd_shift[0]_i_2_n_0
    SLICE_X40Y85         LUT6 (Prop_lut6_I5_O)        0.124     6.715 r  design_1_i/rx_top_0/inst/u_symbol_sync/c_frame_start_i_2/O
                         net (fo=3, routed)           0.458     7.174    design_1_i/rx_top_0/inst/u_symbol_sync/c_frame_start_i_2_n_0
    SLICE_X38Y85         LUT6 (Prop_lut6_I2_O)        0.124     7.298 r  design_1_i/rx_top_0/inst/u_symbol_sync/c_replay_count[3]_i_1/O
                         net (fo=4, routed)           0.391     7.689    design_1_i/rx_top_0/inst/u_symbol_sync/c_replay_count[3]_i_1_n_0
    SLICE_X38Y85         FDCE                                         r  design_1_i/rx_top_0/inst/u_symbol_sync/c_replay_count_reg[1]/CE
  -------------------------------------------------------------------    -------------------

                         (clock clk_out1_design_1_clk_wiz_0_0 rise edge)
                                                     10.000    10.000 r  
    K17                                               0.000    10.000 r  sys_clock (IN)
                         net (fo=0)                   0.000    10.000    design_1_i/clk_wiz_0/inst/clk_in1
    K17                  IBUF (Prop_ibuf_I_O)         1.404    11.404 r  design_1_i/clk_wiz_0/inst/clkin1_ibufg/O
                         net (fo=1, routed)           1.162    12.566    design_1_i/clk_wiz_0/inst/clk_in1_design_1_clk_wiz_0_0
    MMCME2_ADV_X1Y2      MMCME2_ADV (Prop_mmcme2_adv_CLKIN1_CLKOUT0)
                                                     -7.814     4.752 r  design_1_i/clk_wiz_0/inst/mmcm_adv_inst/CLKOUT0
                         net (fo=1, routed)           2.012     6.764    design_1_i/clk_wiz_0/inst/clk_out1_design_1_clk_wiz_0_0
    BUFGCTRL_X0Y16       BUFG (Prop_bufg_I_O)         0.091     6.855 r  design_1_i/clk_wiz_0/inst/clkout1_buf/O
                         net (fo=5368, routed)        1.474     8.329    design_1_i/rx_top_0/inst/u_symbol_sync/clk
    SLICE_X38Y85         FDCE                                         r  design_1_i/rx_top_0/inst/u_symbol_sync/c_replay_count_reg[1]/C
                         clock pessimism              0.467     8.796    
                         clock uncertainty           -0.072     8.724    
    SLICE_X38Y85         FDCE (Setup_fdce_C_CE)      -0.169     8.555    design_1_i/rx_top_0/inst/u_symbol_sync/c_replay_count_reg[1]
  -------------------------------------------------------------------
                         required time                          8.555    
                         arrival time                          -7.689    
  -------------------------------------------------------------------
                         slack                                  0.866    

Slack (MET) :             0.866ns  (required time - arrival time)
  Source:                 design_1_i/rx_top_0/inst/u_symbol_sync/c_check_p20_reg[1]/C
                            (rising edge-triggered cell FDCE clocked by clk_out1_design_1_clk_wiz_0_0  {rise@0.000ns fall@5.000ns period=10.000ns})
  Destination:            design_1_i/rx_top_0/inst/u_symbol_sync/c_replay_count_reg[2]/CE
                            (rising edge-triggered cell FDCE clocked by clk_out1_design_1_clk_wiz_0_0  {rise@0.000ns fall@5.000ns period=10.000ns})
  Path Group:             clk_out1_design_1_clk_wiz_0_0
  Path Type:              Setup (Max at Slow Process Corner)
  Requirement:            10.000ns  (clk_out1_design_1_clk_wiz_0_0 rise@10.000ns - clk_out1_design_1_clk_wiz_0_0 rise@0.000ns)
  Data Path Delay:        8.678ns  (logic 3.761ns (43.339%)  route 4.917ns (56.661%))
  Logic Levels:           14  (CARRY4=10 LUT4=1 LUT6=3)
  Clock Path Skew:        -0.215ns (DCD - SCD + CPR)
    Destination Clock Delay (DCD):    -1.671ns = ( 8.329 - 10.000 ) 
    Source Clock Delay      (SCD):    -0.989ns
    Clock Pessimism Removal (CPR):    0.467ns
  Clock Uncertainty:      0.072ns  ((TSJ^2 + DJ^2)^1/2) / 2 + PE
    Total System Jitter     (TSJ):    0.071ns
    Discrete Jitter          (DJ):    0.125ns
    Phase Error              (PE):    0.000ns

    Location             Delay type                Incr(ns)  Path(ns)    Netlist Resource(s)
  -------------------------------------------------------------------    -------------------
                         (clock clk_out1_design_1_clk_wiz_0_0 rise edge)
                                                      0.000     0.000 r  
    K17                                               0.000     0.000 r  sys_clock (IN)
                         net (fo=0)                   0.000     0.000    design_1_i/clk_wiz_0/inst/clk_in1
    K17                  IBUF (Prop_ibuf_I_O)         1.475     1.475 r  design_1_i/clk_wiz_0/inst/clkin1_ibufg/O
                         net (fo=1, routed)           1.285     2.760    design_1_i/clk_wiz_0/inst/clk_in1_design_1_clk_wiz_0_0
    MMCME2_ADV_X1Y2      MMCME2_ADV (Prop_mmcme2_adv_CLKIN1_CLKOUT0)
                                                     -7.759    -4.999 r  design_1_i/clk_wiz_0/inst/mmcm_adv_inst/CLKOUT0
                         net (fo=1, routed)           2.206    -2.793    design_1_i/clk_wiz_0/inst/clk_out1_design_1_clk_wiz_0_0
    BUFGCTRL_X0Y16       BUFG (Prop_bufg_I_O)         0.101    -2.692 r  design_1_i/clk_wiz_0/inst/clkout1_buf/O
                         net (fo=5368, routed)        1.703    -0.989    design_1_i/rx_top_0/inst/u_symbol_sync/clk
    SLICE_X62Y68         FDCE                                         r  design_1_i/rx_top_0/inst/u_symbol_sync/c_check_p20_reg[1]/C
  -------------------------------------------------------------------    -------------------
    SLICE_X62Y68         FDCE (Prop_fdce_C_Q)         0.518    -0.471 r  design_1_i/rx_top_0/inst/u_symbol_sync/c_check_p20_reg[1]/Q
                         net (fo=6, routed)           1.171     0.700    design_1_i/rx_top_0/inst/u_symbol_sync/c_check_p20[1]
    SLICE_X48Y65         CARRY4 (Prop_carry4_S[0]_CO[3])
                                                      0.656     1.356 r  design_1_i/rx_top_0/inst/u_symbol_sync/c_sfd_shift_reg[0]_i_137/CO[3]
                         net (fo=1, routed)           0.000     1.356    design_1_i/rx_top_0/inst/u_symbol_sync/c_sfd_shift_reg[0]_i_137_n_0
    SLICE_X48Y66         CARRY4 (Prop_carry4_CI_CO[3])
                                                      0.114     1.470 r  design_1_i/rx_top_0/inst/u_symbol_sync/c_sfd_shift_reg[0]_i_136/CO[3]
                         net (fo=1, routed)           0.000     1.470    design_1_i/rx_top_0/inst/u_symbol_sync/c_sfd_shift_reg[0]_i_136_n_0
    SLICE_X48Y67         CARRY4 (Prop_carry4_CI_CO[3])
                                                      0.114     1.584 r  design_1_i/rx_top_0/inst/u_symbol_sync/c_sfd_shift_reg[0]_i_119/CO[3]
                         net (fo=1, routed)           0.000     1.584    design_1_i/rx_top_0/inst/u_symbol_sync/c_sfd_shift_reg[0]_i_119_n_0
    SLICE_X48Y68         CARRY4 (Prop_carry4_CI_CO[3])
                                                      0.114     1.698 r  design_1_i/rx_top_0/inst/u_symbol_sync/c_sfd_shift_reg[0]_i_118/CO[3]
                         net (fo=1, routed)           0.000     1.698    design_1_i/rx_top_0/inst/u_symbol_sync/c_sfd_shift_reg[0]_i_118_n_0
    SLICE_X48Y69         CARRY4 (Prop_carry4_CI_CO[3])
                                                      0.114     1.812 r  design_1_i/rx_top_0/inst/u_symbol_sync/c_sfd_shift_reg[0]_i_92/CO[3]
                         net (fo=1, routed)           0.000     1.812    design_1_i/rx_top_0/inst/u_symbol_sync/c_sfd_shift_reg[0]_i_92_n_0
    SLICE_X48Y70         CARRY4 (Prop_carry4_CI_CO[3])
                                                      0.114     1.926 r  design_1_i/rx_top_0/inst/u_symbol_sync/c_sfd_shift_reg[0]_i_91/CO[3]
                         net (fo=1, routed)           0.000     1.926    design_1_i/rx_top_0/inst/u_symbol_sync/c_sfd_shift_reg[0]_i_91_n_0
    SLICE_X48Y71         CARRY4 (Prop_carry4_CI_O[3])
                                                      0.313     2.239 r  design_1_i/rx_top_0/inst/u_symbol_sync/c_sfd_shift_reg[0]_i_64/O[3]
                         net (fo=4, routed)           1.119     3.358    design_1_i/rx_top_0/inst/u_symbol_sync/check20_x10[29]
    SLICE_X45Y73         LUT4 (Prop_lut4_I1_O)        0.306     3.664 r  design_1_i/rx_top_0/inst/u_symbol_sync/c_sfd_shift[0]_i_41/O
                         net (fo=1, routed)           0.000     3.664    design_1_i/rx_top_0/inst/u_symbol_sync/c_sfd_shift[0]_i_41_n_0
    SLICE_X45Y73         CARRY4 (Prop_carry4_S[1]_CO[3])
                                                      0.550     4.214 r  design_1_i/rx_top_0/inst/u_symbol_sync/c_sfd_shift_reg[0]_i_15/CO[3]
                         net (fo=1, routed)           0.000     4.214    design_1_i/rx_top_0/inst/u_symbol_sync/c_sfd_shift_reg[0]_i_15_n_0
    SLICE_X45Y74         CARRY4 (Prop_carry4_CI_CO[3])
                                                      0.114     4.328 r  design_1_i/rx_top_0/inst/u_symbol_sync/c_sfd_shift_reg[0]_i_5/CO[3]
                         net (fo=1, routed)           0.009     4.337    design_1_i/rx_top_0/inst/u_symbol_sync/c_sfd_shift_reg[0]_i_5_n_0
    SLICE_X45Y75         CARRY4 (Prop_carry4_CI_CO[1])
                                                      0.157     4.494 f  design_1_i/rx_top_0/inst/u_symbol_sync/c_sfd_shift_reg[0]_i_3/CO[1]
                         net (fo=1, routed)           1.163     5.657    design_1_i/rx_top_0/inst/u_symbol_sync/check_code221_in
    SLICE_X43Y81         LUT6 (Prop_lut6_I2_O)        0.329     5.986 f  design_1_i/rx_top_0/inst/u_symbol_sync/c_sfd_shift[0]_i_2/O
                         net (fo=3, routed)           0.606     6.591    design_1_i/rx_top_0/inst/u_symbol_sync/c_sfd_shift[0]_i_2_n_0
    SLICE_X40Y85         LUT6 (Prop_lut6_I5_O)        0.124     6.715 r  design_1_i/rx_top_0/inst/u_symbol_sync/c_frame_start_i_2/O
                         net (fo=3, routed)           0.458     7.174    design_1_i/rx_top_0/inst/u_symbol_sync/c_frame_start_i_2_n_0
    SLICE_X38Y85         LUT6 (Prop_lut6_I2_O)        0.124     7.298 r  design_1_i/rx_top_0/inst/u_symbol_sync/c_replay_count[3]_i_1/O
                         net (fo=4, routed)           0.391     7.689    design_1_i/rx_top_0/inst/u_symbol_sync/c_replay_count[3]_i_1_n_0
    SLICE_X38Y85         FDCE                                         r  design_1_i/rx_top_0/inst/u_symbol_sync/c_replay_count_reg[2]/CE
  -------------------------------------------------------------------    -------------------

                         (clock clk_out1_design_1_clk_wiz_0_0 rise edge)
                                                     10.000    10.000 r  
    K17                                               0.000    10.000 r  sys_clock (IN)
                         net (fo=0)                   0.000    10.000    design_1_i/clk_wiz_0/inst/clk_in1
    K17                  IBUF (Prop_ibuf_I_O)         1.404    11.404 r  design_1_i/clk_wiz_0/inst/clkin1_ibufg/O
                         net (fo=1, routed)           1.162    12.566    design_1_i/clk_wiz_0/inst/clk_in1_design_1_clk_wiz_0_0
    MMCME2_ADV_X1Y2      MMCME2_ADV (Prop_mmcme2_adv_CLKIN1_CLKOUT0)
                                                     -7.814     4.752 r  design_1_i/clk_wiz_0/inst/mmcm_adv_inst/CLKOUT0
                         net (fo=1, routed)           2.012     6.764    design_1_i/clk_wiz_0/inst/clk_out1_design_1_clk_wiz_0_0
    BUFGCTRL_X0Y16       BUFG (Prop_bufg_I_O)         0.091     6.855 r  design_1_i/clk_wiz_0/inst/clkout1_buf/O
                         net (fo=5368, routed)        1.474     8.329    design_1_i/rx_top_0/inst/u_symbol_sync/clk
    SLICE_X38Y85         FDCE                                         r  design_1_i/rx_top_0/inst/u_symbol_sync/c_replay_count_reg[2]/C
                         clock pessimism              0.467     8.796    
                         clock uncertainty           -0.072     8.724    
    SLICE_X38Y85         FDCE (Setup_fdce_C_CE)      -0.169     8.555    design_1_i/rx_top_0/inst/u_symbol_sync/c_replay_count_reg[2]
  -------------------------------------------------------------------
                         required time                          8.555    
                         arrival time                          -7.689    
  -------------------------------------------------------------------
                         slack                                  0.866    

Slack (MET) :             0.866ns  (required time - arrival time)
  Source:                 design_1_i/rx_top_0/inst/u_symbol_sync/c_check_p20_reg[1]/C
                            (rising edge-triggered cell FDCE clocked by clk_out1_design_1_clk_wiz_0_0  {rise@0.000ns fall@5.000ns period=10.000ns})
  Destination:            design_1_i/rx_top_0/inst/u_symbol_sync/c_replay_count_reg[3]/CE
                            (rising edge-triggered cell FDCE clocked by clk_out1_design_1_clk_wiz_0_0  {rise@0.000ns fall@5.000ns period=10.000ns})
  Path Group:             clk_out1_design_1_clk_wiz_0_0
  Path Type:              Setup (Max at Slow Process Corner)
  Requirement:            10.000ns  (clk_out1_design_1_clk_wiz_0_0 rise@10.000ns - clk_out1_design_1_clk_wiz_0_0 rise@0.000ns)
  Data Path Delay:        8.678ns  (logic 3.761ns (43.339%)  route 4.917ns (56.661%))
  Logic Levels:           14  (CARRY4=10 LUT4=1 LUT6=3)
  Clock Path Skew:        -0.215ns (DCD - SCD + CPR)
    Destination Clock Delay (DCD):    -1.671ns = ( 8.329 - 10.000 ) 
    Source Clock Delay      (SCD):    -0.989ns
    Clock Pessimism Removal (CPR):    0.467ns
  Clock Uncertainty:      0.072ns  ((TSJ^2 + DJ^2)^1/2) / 2 + PE
    Total System Jitter     (TSJ):    0.071ns
    Discrete Jitter          (DJ):    0.125ns
    Phase Error              (PE):    0.000ns

    Location             Delay type                Incr(ns)  Path(ns)    Netlist Resource(s)
  -------------------------------------------------------------------    -------------------
                         (clock clk_out1_design_1_clk_wiz_0_0 rise edge)
                                                      0.000     0.000 r  
    K17                                               0.000     0.000 r  sys_clock (IN)
                         net (fo=0)                   0.000     0.000    design_1_i/clk_wiz_0/inst/clk_in1
    K17                  IBUF (Prop_ibuf_I_O)         1.475     1.475 r  design_1_i/clk_wiz_0/inst/clkin1_ibufg/O
                         net (fo=1, routed)           1.285     2.760    design_1_i/clk_wiz_0/inst/clk_in1_design_1_clk_wiz_0_0
    MMCME2_ADV_X1Y2      MMCME2_ADV (Prop_mmcme2_adv_CLKIN1_CLKOUT0)
                                                     -7.759    -4.999 r  design_1_i/clk_wiz_0/inst/mmcm_adv_inst/CLKOUT0
                         net (fo=1, routed)           2.206    -2.793    design_1_i/clk_wiz_0/inst/clk_out1_design_1_clk_wiz_0_0
    BUFGCTRL_X0Y16       BUFG (Prop_bufg_I_O)         0.101    -2.692 r  design_1_i/clk_wiz_0/inst/clkout1_buf/O
                         net (fo=5368, routed)        1.703    -0.989    design_1_i/rx_top_0/inst/u_symbol_sync/clk
    SLICE_X62Y68         FDCE                                         r  design_1_i/rx_top_0/inst/u_symbol_sync/c_check_p20_reg[1]/C
  -------------------------------------------------------------------    -------------------
    SLICE_X62Y68         FDCE (Prop_fdce_C_Q)         0.518    -0.471 r  design_1_i/rx_top_0/inst/u_symbol_sync/c_check_p20_reg[1]/Q
                         net (fo=6, routed)           1.171     0.700    design_1_i/rx_top_0/inst/u_symbol_sync/c_check_p20[1]
    SLICE_X48Y65         CARRY4 (Prop_carry4_S[0]_CO[3])
                                                      0.656     1.356 r  design_1_i/rx_top_0/inst/u_symbol_sync/c_sfd_shift_reg[0]_i_137/CO[3]
                         net (fo=1, routed)           0.000     1.356    design_1_i/rx_top_0/inst/u_symbol_sync/c_sfd_shift_reg[0]_i_137_n_0
    SLICE_X48Y66         CARRY4 (Prop_carry4_CI_CO[3])
                                                      0.114     1.470 r  design_1_i/rx_top_0/inst/u_symbol_sync/c_sfd_shift_reg[0]_i_136/CO[3]
                         net (fo=1, routed)           0.000     1.470    design_1_i/rx_top_0/inst/u_symbol_sync/c_sfd_shift_reg[0]_i_136_n_0
    SLICE_X48Y67         CARRY4 (Prop_carry4_CI_CO[3])
                                                      0.114     1.584 r  design_1_i/rx_top_0/inst/u_symbol_sync/c_sfd_shift_reg[0]_i_119/CO[3]
                         net (fo=1, routed)           0.000     1.584    design_1_i/rx_top_0/inst/u_symbol_sync/c_sfd_shift_reg[0]_i_119_n_0
    SLICE_X48Y68         CARRY4 (Prop_carry4_CI_CO[3])
                                                      0.114     1.698 r  design_1_i/rx_top_0/inst/u_symbol_sync/c_sfd_shift_reg[0]_i_118/CO[3]
                         net (fo=1, routed)           0.000     1.698    design_1_i/rx_top_0/inst/u_symbol_sync/c_sfd_shift_reg[0]_i_118_n_0
    SLICE_X48Y69         CARRY4 (Prop_carry4_CI_CO[3])
                                                      0.114     1.812 r  design_1_i/rx_top_0/inst/u_symbol_sync/c_sfd_shift_reg[0]_i_92/CO[3]
                         net (fo=1, routed)           0.000     1.812    design_1_i/rx_top_0/inst/u_symbol_sync/c_sfd_shift_reg[0]_i_92_n_0
    SLICE_X48Y70         CARRY4 (Prop_carry4_CI_CO[3])
                                                      0.114     1.926 r  design_1_i/rx_top_0/inst/u_symbol_sync/c_sfd_shift_reg[0]_i_91/CO[3]
                         net (fo=1, routed)           0.000     1.926    design_1_i/rx_top_0/inst/u_symbol_sync/c_sfd_shift_reg[0]_i_91_n_0
    SLICE_X48Y71         CARRY4 (Prop_carry4_CI_O[3])
                                                      0.313     2.239 r  design_1_i/rx_top_0/inst/u_symbol_sync/c_sfd_shift_reg[0]_i_64/O[3]
                         net (fo=4, routed)           1.119     3.358    design_1_i/rx_top_0/inst/u_symbol_sync/check20_x10[29]
    SLICE_X45Y73         LUT4 (Prop_lut4_I1_O)        0.306     3.664 r  design_1_i/rx_top_0/inst/u_symbol_sync/c_sfd_shift[0]_i_41/O
                         net (fo=1, routed)           0.000     3.664    design_1_i/rx_top_0/inst/u_symbol_sync/c_sfd_shift[0]_i_41_n_0
    SLICE_X45Y73         CARRY4 (Prop_carry4_S[1]_CO[3])
                                                      0.550     4.214 r  design_1_i/rx_top_0/inst/u_symbol_sync/c_sfd_shift_reg[0]_i_15/CO[3]
                         net (fo=1, routed)           0.000     4.214    design_1_i/rx_top_0/inst/u_symbol_sync/c_sfd_shift_reg[0]_i_15_n_0
    SLICE_X45Y74         CARRY4 (Prop_carry4_CI_CO[3])
                                                      0.114     4.328 r  design_1_i/rx_top_0/inst/u_symbol_sync/c_sfd_shift_reg[0]_i_5/CO[3]
                         net (fo=1, routed)           0.009     4.337    design_1_i/rx_top_0/inst/u_symbol_sync/c_sfd_shift_reg[0]_i_5_n_0
    SLICE_X45Y75         CARRY4 (Prop_carry4_CI_CO[1])
                                                      0.157     4.494 f  design_1_i/rx_top_0/inst/u_symbol_sync/c_sfd_shift_reg[0]_i_3/CO[1]
                         net (fo=1, routed)           1.163     5.657    design_1_i/rx_top_0/inst/u_symbol_sync/check_code221_in
    SLICE_X43Y81         LUT6 (Prop_lut6_I2_O)        0.329     5.986 f  design_1_i/rx_top_0/inst/u_symbol_sync/c_sfd_shift[0]_i_2/O
                         net (fo=3, routed)           0.606     6.591    design_1_i/rx_top_0/inst/u_symbol_sync/c_sfd_shift[0]_i_2_n_0
    SLICE_X40Y85         LUT6 (Prop_lut6_I5_O)        0.124     6.715 r  design_1_i/rx_top_0/inst/u_symbol_sync/c_frame_start_i_2/O
                         net (fo=3, routed)           0.458     7.174    design_1_i/rx_top_0/inst/u_symbol_sync/c_frame_start_i_2_n_0
    SLICE_X38Y85         LUT6 (Prop_lut6_I2_O)        0.124     7.298 r  design_1_i/rx_top_0/inst/u_symbol_sync/c_replay_count[3]_i_1/O
                         net (fo=4, routed)           0.391     7.689    design_1_i/rx_top_0/inst/u_symbol_sync/c_replay_count[3]_i_1_n_0
    SLICE_X38Y85         FDCE                                         r  design_1_i/rx_top_0/inst/u_symbol_sync/c_replay_count_reg[3]/CE
  -------------------------------------------------------------------    -------------------

                         (clock clk_out1_design_1_clk_wiz_0_0 rise edge)
                                                     10.000    10.000 r  
    K17                                               0.000    10.000 r  sys_clock (IN)
                         net (fo=0)                   0.000    10.000    design_1_i/clk_wiz_0/inst/clk_in1
    K17                  IBUF (Prop_ibuf_I_O)         1.404    11.404 r  design_1_i/clk_wiz_0/inst/clkin1_ibufg/O
                         net (fo=1, routed)           1.162    12.566    design_1_i/clk_wiz_0/inst/clk_in1_design_1_clk_wiz_0_0
    MMCME2_ADV_X1Y2      MMCME2_ADV (Prop_mmcme2_adv_CLKIN1_CLKOUT0)
                                                     -7.814     4.752 r  design_1_i/clk_wiz_0/inst/mmcm_adv_inst/CLKOUT0
                         net (fo=1, routed)           2.012     6.764    design_1_i/clk_wiz_0/inst/clk_out1_design_1_clk_wiz_0_0
    BUFGCTRL_X0Y16       BUFG (Prop_bufg_I_O)         0.091     6.855 r  design_1_i/clk_wiz_0/inst/clkout1_buf/O
                         net (fo=5368, routed)        1.474     8.329    design_1_i/rx_top_0/inst/u_symbol_sync/clk
    SLICE_X38Y85         FDCE                                         r  design_1_i/rx_top_0/inst/u_symbol_sync/c_replay_count_reg[3]/C
                         clock pessimism              0.467     8.796    
                         clock uncertainty           -0.072     8.724    
    SLICE_X38Y85         FDCE (Setup_fdce_C_CE)      -0.169     8.555    design_1_i/rx_top_0/inst/u_symbol_sync/c_replay_count_reg[3]
  -------------------------------------------------------------------
                         required time                          8.555    
                         arrival time                          -7.689    
  -------------------------------------------------------------------
                         slack                                  0.866    





Min Delay Paths
--------------------------------------------------------------------------------------
Slack (MET) :             0.014ns  (arrival time - required time)
  Source:                 design_1_i/fft_top_0/inst/U_FFT_CORE/U_BUTTERFLY/y0_im_reg[6]/C
                            (rising edge-triggered cell FDRE clocked by clk_out1_design_1_clk_wiz_0_0  {rise@0.000ns fall@5.000ns period=10.000ns})
  Destination:            design_1_i/fft_top_0/inst/U_FFT_CORE/U_MEM_WPATH/o_mem1_wdata_0_reg[6]/D
                            (rising edge-triggered cell FDCE clocked by clk_out1_design_1_clk_wiz_0_0  {rise@0.000ns fall@5.000ns period=10.000ns})
  Path Group:             clk_out1_design_1_clk_wiz_0_0
  Path Type:              Hold (Min at Fast Process Corner)
  Requirement:            0.000ns  (clk_out1_design_1_clk_wiz_0_0 rise@0.000ns - clk_out1_design_1_clk_wiz_0_0 rise@0.000ns)
  Data Path Delay:        0.383ns  (logic 0.186ns (48.501%)  route 0.197ns (51.499%))
  Logic Levels:           1  (LUT4=1)
  Clock Path Skew:        0.262ns (DCD - SCD - CPR)
    Destination Clock Delay (DCD):    -0.890ns
    Source Clock Delay      (SCD):    -0.645ns
    Clock Pessimism Removal (CPR):    -0.508ns

    Location             Delay type                Incr(ns)  Path(ns)    Netlist Resource(s)
  -------------------------------------------------------------------    -------------------
                         (clock clk_out1_design_1_clk_wiz_0_0 rise edge)
                                                      0.000     0.000 r  
    K17                                               0.000     0.000 r  sys_clock (IN)
                         net (fo=0)                   0.000     0.000    design_1_i/clk_wiz_0/inst/clk_in1
    K17                  IBUF (Prop_ibuf_I_O)         0.243     0.243 r  design_1_i/clk_wiz_0/inst/clkin1_ibufg/O
                         net (fo=1, routed)           0.440     0.683    design_1_i/clk_wiz_0/inst/clk_in1_design_1_clk_wiz_0_0
    MMCME2_ADV_X1Y2      MMCME2_ADV (Prop_mmcme2_adv_CLKIN1_CLKOUT0)
                                                     -2.613    -1.930 r  design_1_i/clk_wiz_0/inst/mmcm_adv_inst/CLKOUT0
                         net (fo=1, routed)           0.696    -1.233    design_1_i/clk_wiz_0/inst/clk_out1_design_1_clk_wiz_0_0
    BUFGCTRL_X0Y16       BUFG (Prop_bufg_I_O)         0.026    -1.207 r  design_1_i/clk_wiz_0/inst/clkout1_buf/O
                         net (fo=5368, routed)        0.563    -0.645    design_1_i/fft_top_0/inst/U_FFT_CORE/U_BUTTERFLY/clk_100mhz
    SLICE_X39Y49         FDRE                                         r  design_1_i/fft_top_0/inst/U_FFT_CORE/U_BUTTERFLY/y0_im_reg[6]/C
  -------------------------------------------------------------------    -------------------
    SLICE_X39Y49         FDRE (Prop_fdre_C_Q)         0.141    -0.504 r  design_1_i/fft_top_0/inst/U_FFT_CORE/U_BUTTERFLY/y0_im_reg[6]/Q
                         net (fo=2, routed)           0.197    -0.306    design_1_i/fft_top_0/inst/U_FFT_CORE/U_FFT_CORE_CTRL/i_data[6]
    SLICE_X40Y50         LUT4 (Prop_lut4_I3_O)        0.045    -0.261 r  design_1_i/fft_top_0/inst/U_FFT_CORE/U_FFT_CORE_CTRL/o_mem1_wdata_0[6]_i_1/O
                         net (fo=1, routed)           0.000    -0.261    design_1_i/fft_top_0/inst/U_FFT_CORE/U_MEM_WPATH/o_mem1_wdata_0_reg[39]_1[6]
    SLICE_X40Y50         FDCE                                         r  design_1_i/fft_top_0/inst/U_FFT_CORE/U_MEM_WPATH/o_mem1_wdata_0_reg[6]/D
  -------------------------------------------------------------------    -------------------

                         (clock clk_out1_design_1_clk_wiz_0_0 rise edge)
                                                      0.000     0.000 r  
    K17                                               0.000     0.000 r  sys_clock (IN)
                         net (fo=0)                   0.000     0.000    design_1_i/clk_wiz_0/inst/clk_in1
    K17                  IBUF (Prop_ibuf_I_O)         0.431     0.431 r  design_1_i/clk_wiz_0/inst/clkin1_ibufg/O
                         net (fo=1, routed)           0.480     0.911    design_1_i/clk_wiz_0/inst/clk_in1_design_1_clk_wiz_0_0
    MMCME2_ADV_X1Y2      MMCME2_ADV (Prop_mmcme2_adv_CLKIN1_CLKOUT0)
                                                     -3.407    -2.496 r  design_1_i/clk_wiz_0/inst/mmcm_adv_inst/CLKOUT0
                         net (fo=1, routed)           0.752    -1.744    design_1_i/clk_wiz_0/inst/clk_out1_design_1_clk_wiz_0_0
    BUFGCTRL_X0Y16       BUFG (Prop_bufg_I_O)         0.029    -1.715 r  design_1_i/clk_wiz_0/inst/clkout1_buf/O
                         net (fo=5368, routed)        0.825    -0.890    design_1_i/fft_top_0/inst/U_FFT_CORE/U_MEM_WPATH/clk_100mhz
    SLICE_X40Y50         FDCE                                         r  design_1_i/fft_top_0/inst/U_FFT_CORE/U_MEM_WPATH/o_mem1_wdata_0_reg[6]/C
                         clock pessimism              0.508    -0.382    
    SLICE_X40Y50         FDCE (Hold_fdce_C_D)         0.107    -0.275    design_1_i/fft_top_0/inst/U_FFT_CORE/U_MEM_WPATH/o_mem1_wdata_0_reg[6]
  -------------------------------------------------------------------
                         required time                          0.275    
                         arrival time                          -0.261    
  -------------------------------------------------------------------
                         slack                                  0.014    

Slack (MET) :             0.024ns  (arrival time - required time)
  Source:                 design_1_i/fft_top_0/inst/U_FFT_CORE/U_MEM_RPATH/o_bf_adata_reg[0]/C
                            (rising edge-triggered cell FDCE clocked by clk_out1_design_1_clk_wiz_0_0  {rise@0.000ns fall@5.000ns period=10.000ns})
  Destination:            design_1_i/fft_top_0/inst/U_FFT_CORE/U_BUTTERFLY/a_im_reg_reg[0]/D
                            (rising edge-triggered cell FDRE clocked by clk_out1_design_1_clk_wiz_0_0  {rise@0.000ns fall@5.000ns period=10.000ns})
  Path Group:             clk_out1_design_1_clk_wiz_0_0
  Path Type:              Hold (Min at Fast Process Corner)
  Requirement:            0.000ns  (clk_out1_design_1_clk_wiz_0_0 rise@0.000ns - clk_out1_design_1_clk_wiz_0_0 rise@0.000ns)
  Data Path Delay:        0.367ns  (logic 0.141ns (38.404%)  route 0.226ns (61.596%))
  Logic Levels:           0  
  Clock Path Skew:        0.273ns (DCD - SCD - CPR)
    Destination Clock Delay (DCD):    -0.885ns
    Source Clock Delay      (SCD):    -0.651ns
    Clock Pessimism Removal (CPR):    -0.508ns

    Location             Delay type                Incr(ns)  Path(ns)    Netlist Resource(s)
  -------------------------------------------------------------------    -------------------
                         (clock clk_out1_design_1_clk_wiz_0_0 rise edge)
                                                      0.000     0.000 r  
    K17                                               0.000     0.000 r  sys_clock (IN)
                         net (fo=0)                   0.000     0.000    design_1_i/clk_wiz_0/inst/clk_in1
    K17                  IBUF (Prop_ibuf_I_O)         0.243     0.243 r  design_1_i/clk_wiz_0/inst/clkin1_ibufg/O
                         net (fo=1, routed)           0.440     0.683    design_1_i/clk_wiz_0/inst/clk_in1_design_1_clk_wiz_0_0
    MMCME2_ADV_X1Y2      MMCME2_ADV (Prop_mmcme2_adv_CLKIN1_CLKOUT0)
                                                     -2.613    -1.930 r  design_1_i/clk_wiz_0/inst/mmcm_adv_inst/CLKOUT0
                         net (fo=1, routed)           0.696    -1.233    design_1_i/clk_wiz_0/inst/clk_out1_design_1_clk_wiz_0_0
    BUFGCTRL_X0Y16       BUFG (Prop_bufg_I_O)         0.026    -1.207 r  design_1_i/clk_wiz_0/inst/clkout1_buf/O
                         net (fo=5368, routed)        0.557    -0.651    design_1_i/fft_top_0/inst/U_FFT_CORE/U_MEM_RPATH/clk_100mhz
    SLICE_X37Y50         FDCE                                         r  design_1_i/fft_top_0/inst/U_FFT_CORE/U_MEM_RPATH/o_bf_adata_reg[0]/C
  -------------------------------------------------------------------    -------------------
    SLICE_X37Y50         FDCE (Prop_fdce_C_Q)         0.141    -0.510 r  design_1_i/fft_top_0/inst/U_FFT_CORE/U_MEM_RPATH/o_bf_adata_reg[0]/Q
                         net (fo=1, routed)           0.226    -0.283    design_1_i/fft_top_0/inst/U_FFT_CORE/U_BUTTERFLY/a_re_reg_reg[19]_0[0]
    SLICE_X40Y48         FDRE                                         r  design_1_i/fft_top_0/inst/U_FFT_CORE/U_BUTTERFLY/a_im_reg_reg[0]/D
  -------------------------------------------------------------------    -------------------

                         (clock clk_out1_design_1_clk_wiz_0_0 rise edge)
                                                      0.000     0.000 r  
    K17                                               0.000     0.000 r  sys_clock (IN)
                         net (fo=0)                   0.000     0.000    design_1_i/clk_wiz_0/inst/clk_in1
    K17                  IBUF (Prop_ibuf_I_O)         0.431     0.431 r  design_1_i/clk_wiz_0/inst/clkin1_ibufg/O
                         net (fo=1, routed)           0.480     0.911    design_1_i/clk_wiz_0/inst/clk_in1_design_1_clk_wiz_0_0
    MMCME2_ADV_X1Y2      MMCME2_ADV (Prop_mmcme2_adv_CLKIN1_CLKOUT0)
                                                     -3.407    -2.496 r  design_1_i/clk_wiz_0/inst/mmcm_adv_inst/CLKOUT0
                         net (fo=1, routed)           0.752    -1.744    design_1_i/clk_wiz_0/inst/clk_out1_design_1_clk_wiz_0_0
    BUFGCTRL_X0Y16       BUFG (Prop_bufg_I_O)         0.029    -1.715 r  design_1_i/clk_wiz_0/inst/clkout1_buf/O
                         net (fo=5368, routed)        0.830    -0.885    design_1_i/fft_top_0/inst/U_FFT_CORE/U_BUTTERFLY/clk_100mhz
    SLICE_X40Y48         FDRE                                         r  design_1_i/fft_top_0/inst/U_FFT_CORE/U_BUTTERFLY/a_im_reg_reg[0]/C
                         clock pessimism              0.508    -0.377    
    SLICE_X40Y48         FDRE (Hold_fdre_C_D)         0.070    -0.307    design_1_i/fft_top_0/inst/U_FFT_CORE/U_BUTTERFLY/a_im_reg_reg[0]
  -------------------------------------------------------------------
                         required time                          0.307    
                         arrival time                          -0.283    
  -------------------------------------------------------------------
                         slack                                  0.024    

Slack (MET) :             0.024ns  (arrival time - required time)
  Source:                 design_1_i/fft_top_0/inst/U_FFT_CORE/U_MEM_RPATH/o_bf_adata_reg[30]/C
                            (rising edge-triggered cell FDCE clocked by clk_out1_design_1_clk_wiz_0_0  {rise@0.000ns fall@5.000ns period=10.000ns})
  Destination:            design_1_i/fft_top_0/inst/U_FFT_CORE/U_BUTTERFLY/a_re_reg_reg[10]/D
                            (rising edge-triggered cell FDRE clocked by clk_out1_design_1_clk_wiz_0_0  {rise@0.000ns fall@5.000ns period=10.000ns})
  Path Group:             clk_out1_design_1_clk_wiz_0_0
  Path Type:              Hold (Min at Fast Process Corner)
  Requirement:            0.000ns  (clk_out1_design_1_clk_wiz_0_0 rise@0.000ns - clk_out1_design_1_clk_wiz_0_0 rise@0.000ns)
  Data Path Delay:        0.338ns  (logic 0.141ns (41.691%)  route 0.197ns (58.309%))
  Logic Levels:           0  
  Clock Path Skew:        0.268ns (DCD - SCD - CPR)
    Destination Clock Delay (DCD):    -0.890ns
    Source Clock Delay      (SCD):    -0.656ns
    Clock Pessimism Removal (CPR):    -0.503ns

    Location             Delay type                Incr(ns)  Path(ns)    Netlist Resource(s)
  -------------------------------------------------------------------    -------------------
                         (clock clk_out1_design_1_clk_wiz_0_0 rise edge)
                                                      0.000     0.000 r  
    K17                                               0.000     0.000 r  sys_clock (IN)
                         net (fo=0)                   0.000     0.000    design_1_i/clk_wiz_0/inst/clk_in1
    K17                  IBUF (Prop_ibuf_I_O)         0.243     0.243 r  design_1_i/clk_wiz_0/inst/clkin1_ibufg/O
                         net (fo=1, routed)           0.440     0.683    design_1_i/clk_wiz_0/inst/clk_in1_design_1_clk_wiz_0_0
    MMCME2_ADV_X1Y2      MMCME2_ADV (Prop_mmcme2_adv_CLKIN1_CLKOUT0)
                                                     -2.613    -1.930 r  design_1_i/clk_wiz_0/inst/mmcm_adv_inst/CLKOUT0
                         net (fo=1, routed)           0.696    -1.233    design_1_i/clk_wiz_0/inst/clk_out1_design_1_clk_wiz_0_0
    BUFGCTRL_X0Y16       BUFG (Prop_bufg_I_O)         0.026    -1.207 r  design_1_i/clk_wiz_0/inst/clkout1_buf/O
                         net (fo=5368, routed)        0.552    -0.656    design_1_i/fft_top_0/inst/U_FFT_CORE/U_MEM_RPATH/clk_100mhz
    SLICE_X52Y53         FDCE                                         r  design_1_i/fft_top_0/inst/U_FFT_CORE/U_MEM_RPATH/o_bf_adata_reg[30]/C
  -------------------------------------------------------------------    -------------------
    SLICE_X52Y53         FDCE (Prop_fdce_C_Q)         0.141    -0.515 r  design_1_i/fft_top_0/inst/U_FFT_CORE/U_MEM_RPATH/o_bf_adata_reg[30]/Q
                         net (fo=1, routed)           0.197    -0.317    design_1_i/fft_top_0/inst/U_FFT_CORE/U_BUTTERFLY/a_re_reg_reg[19]_0[30]
    SLICE_X49Y52         FDRE                                         r  design_1_i/fft_top_0/inst/U_FFT_CORE/U_BUTTERFLY/a_re_reg_reg[10]/D
  -------------------------------------------------------------------    -------------------

                         (clock clk_out1_design_1_clk_wiz_0_0 rise edge)
                                                      0.000     0.000 r  
    K17                                               0.000     0.000 r  sys_clock (IN)
                         net (fo=0)                   0.000     0.000    design_1_i/clk_wiz_0/inst/clk_in1
    K17                  IBUF (Prop_ibuf_I_O)         0.431     0.431 r  design_1_i/clk_wiz_0/inst/clkin1_ibufg/O
                         net (fo=1, routed)           0.480     0.911    design_1_i/clk_wiz_0/inst/clk_in1_design_1_clk_wiz_0_0
    MMCME2_ADV_X1Y2      MMCME2_ADV (Prop_mmcme2_adv_CLKIN1_CLKOUT0)
                                                     -3.407    -2.496 r  design_1_i/clk_wiz_0/inst/mmcm_adv_inst/CLKOUT0
                         net (fo=1, routed)           0.752    -1.744    design_1_i/clk_wiz_0/inst/clk_out1_design_1_clk_wiz_0_0
    BUFGCTRL_X0Y16       BUFG (Prop_bufg_I_O)         0.029    -1.715 r  design_1_i/clk_wiz_0/inst/clkout1_buf/O
                         net (fo=5368, routed)        0.825    -0.890    design_1_i/fft_top_0/inst/U_FFT_CORE/U_BUTTERFLY/clk_100mhz
    SLICE_X49Y52         FDRE                                         r  design_1_i/fft_top_0/inst/U_FFT_CORE/U_BUTTERFLY/a_re_reg_reg[10]/C
                         clock pessimism              0.503    -0.387    
    SLICE_X49Y52         FDRE (Hold_fdre_C_D)         0.046    -0.341    design_1_i/fft_top_0/inst/U_FFT_CORE/U_BUTTERFLY/a_re_reg_reg[10]
  -------------------------------------------------------------------
                         required time                          0.341    
                         arrival time                          -0.317    
  -------------------------------------------------------------------
                         slack                                  0.024    

Slack (MET) :             0.029ns  (arrival time - required time)
  Source:                 design_1_i/fft_top_0/inst/U_FFT_CORE/U_BUTTERFLY/y0_im_reg[6]/C
                            (rising edge-triggered cell FDRE clocked by clk_out1_design_1_clk_wiz_0_0  {rise@0.000ns fall@5.000ns period=10.000ns})
  Destination:            design_1_i/fft_top_0/inst/U_FFT_CORE/U_MEM_WPATH/o_mem0_wdata_0_reg[6]/D
                            (rising edge-triggered cell FDCE clocked by clk_out1_design_1_clk_wiz_0_0  {rise@0.000ns fall@5.000ns period=10.000ns})
  Path Group:             clk_out1_design_1_clk_wiz_0_0
  Path Type:              Hold (Min at Fast Process Corner)
  Requirement:            0.000ns  (clk_out1_design_1_clk_wiz_0_0 rise@0.000ns - clk_out1_design_1_clk_wiz_0_0 rise@0.000ns)
  Data Path Delay:        0.383ns  (logic 0.186ns (48.501%)  route 0.197ns (51.499%))
  Logic Levels:           1  (LUT4=1)
  Clock Path Skew:        0.262ns (DCD - SCD - CPR)
    Destination Clock Delay (DCD):    -0.890ns
    Source Clock Delay      (SCD):    -0.645ns
    Clock Pessimism Removal (CPR):    -0.508ns

    Location             Delay type                Incr(ns)  Path(ns)    Netlist Resource(s)
  -------------------------------------------------------------------    -------------------
                         (clock clk_out1_design_1_clk_wiz_0_0 rise edge)
                                                      0.000     0.000 r  
    K17                                               0.000     0.000 r  sys_clock (IN)
                         net (fo=0)                   0.000     0.000    design_1_i/clk_wiz_0/inst/clk_in1
    K17                  IBUF (Prop_ibuf_I_O)         0.243     0.243 r  design_1_i/clk_wiz_0/inst/clkin1_ibufg/O
                         net (fo=1, routed)           0.440     0.683    design_1_i/clk_wiz_0/inst/clk_in1_design_1_clk_wiz_0_0
    MMCME2_ADV_X1Y2      MMCME2_ADV (Prop_mmcme2_adv_CLKIN1_CLKOUT0)
                                                     -2.613    -1.930 r  design_1_i/clk_wiz_0/inst/mmcm_adv_inst/CLKOUT0
                         net (fo=1, routed)           0.696    -1.233    design_1_i/clk_wiz_0/inst/clk_out1_design_1_clk_wiz_0_0
    BUFGCTRL_X0Y16       BUFG (Prop_bufg_I_O)         0.026    -1.207 r  design_1_i/clk_wiz_0/inst/clkout1_buf/O
                         net (fo=5368, routed)        0.563    -0.645    design_1_i/fft_top_0/inst/U_FFT_CORE/U_BUTTERFLY/clk_100mhz
    SLICE_X39Y49         FDRE                                         r  design_1_i/fft_top_0/inst/U_FFT_CORE/U_BUTTERFLY/y0_im_reg[6]/C
  -------------------------------------------------------------------    -------------------
    SLICE_X39Y49         FDRE (Prop_fdre_C_Q)         0.141    -0.504 r  design_1_i/fft_top_0/inst/U_FFT_CORE/U_BUTTERFLY/y0_im_reg[6]/Q
                         net (fo=2, routed)           0.197    -0.306    design_1_i/fft_top_0/inst/U_FFT_CORE/U_FFT_CORE_CTRL/i_data[6]
    SLICE_X40Y50         LUT4 (Prop_lut4_I3_O)        0.045    -0.261 r  design_1_i/fft_top_0/inst/U_FFT_CORE/U_FFT_CORE_CTRL/o_mem0_wdata_0[6]_i_1/O
                         net (fo=1, routed)           0.000    -0.261    design_1_i/fft_top_0/inst/U_FFT_CORE/U_MEM_WPATH/o_mem0_wdata_0_reg[39]_1[6]
    SLICE_X40Y50         FDCE                                         r  design_1_i/fft_top_0/inst/U_FFT_CORE/U_MEM_WPATH/o_mem0_wdata_0_reg[6]/D
  -------------------------------------------------------------------    -------------------

                         (clock clk_out1_design_1_clk_wiz_0_0 rise edge)
                                                      0.000     0.000 r  
    K17                                               0.000     0.000 r  sys_clock (IN)
                         net (fo=0)                   0.000     0.000    design_1_i/clk_wiz_0/inst/clk_in1
    K17                  IBUF (Prop_ibuf_I_O)         0.431     0.431 r  design_1_i/clk_wiz_0/inst/clkin1_ibufg/O
                         net (fo=1, routed)           0.480     0.911    design_1_i/clk_wiz_0/inst/clk_in1_design_1_clk_wiz_0_0
    MMCME2_ADV_X1Y2      MMCME2_ADV (Prop_mmcme2_adv_CLKIN1_CLKOUT0)
                                                     -3.407    -2.496 r  design_1_i/clk_wiz_0/inst/mmcm_adv_inst/CLKOUT0
                         net (fo=1, routed)           0.752    -1.744    design_1_i/clk_wiz_0/inst/clk_out1_design_1_clk_wiz_0_0
    BUFGCTRL_X0Y16       BUFG (Prop_bufg_I_O)         0.029    -1.715 r  design_1_i/clk_wiz_0/inst/clkout1_buf/O
                         net (fo=5368, routed)        0.825    -0.890    design_1_i/fft_top_0/inst/U_FFT_CORE/U_MEM_WPATH/clk_100mhz
    SLICE_X40Y50         FDCE                                         r  design_1_i/fft_top_0/inst/U_FFT_CORE/U_MEM_WPATH/o_mem0_wdata_0_reg[6]/C
                         clock pessimism              0.508    -0.382    
    SLICE_X40Y50         FDCE (Hold_fdce_C_D)         0.092    -0.290    design_1_i/fft_top_0/inst/U_FFT_CORE/U_MEM_WPATH/o_mem0_wdata_0_reg[6]
  -------------------------------------------------------------------
                         required time                          0.290    
                         arrival time                          -0.261    
  -------------------------------------------------------------------
                         slack                                  0.029    

Slack (MET) :             0.033ns  (arrival time - required time)
  Source:                 design_1_i/fft_top_0/o_bf_bdata_reg[2]_i_3/C
                            (rising edge-triggered cell FDRE clocked by clk_out1_design_1_clk_wiz_0_0  {rise@0.000ns fall@5.000ns period=10.000ns})
  Destination:            design_1_i/fft_top_0/inst/U_FFT_CORE/U_MEM_RPATH/o_bf_bdata_reg[2]/D
                            (rising edge-triggered cell FDCE clocked by clk_out1_design_1_clk_wiz_0_0  {rise@0.000ns fall@5.000ns period=10.000ns})
  Path Group:             clk_out1_design_1_clk_wiz_0_0
  Path Type:              Hold (Min at Fast Process Corner)
  Requirement:            0.000ns  (clk_out1_design_1_clk_wiz_0_0 rise@0.000ns - clk_out1_design_1_clk_wiz_0_0 rise@0.000ns)
  Data Path Delay:        0.386ns  (logic 0.186ns (48.245%)  route 0.200ns (51.755%))
  Logic Levels:           1  (LUT5=1)
  Clock Path Skew:        0.261ns (DCD - SCD - CPR)
    Destination Clock Delay (DCD):    -0.889ns
    Source Clock Delay      (SCD):    -0.643ns
    Clock Pessimism Removal (CPR):    -0.508ns

    Location             Delay type                Incr(ns)  Path(ns)    Netlist Resource(s)
  -------------------------------------------------------------------    -------------------
                         (clock clk_out1_design_1_clk_wiz_0_0 rise edge)
                                                      0.000     0.000 r  
    K17                                               0.000     0.000 r  sys_clock (IN)
                         net (fo=0)                   0.000     0.000    design_1_i/clk_wiz_0/inst/clk_in1
    K17                  IBUF (Prop_ibuf_I_O)         0.243     0.243 r  design_1_i/clk_wiz_0/inst/clkin1_ibufg/O
                         net (fo=1, routed)           0.440     0.683    design_1_i/clk_wiz_0/inst/clk_in1_design_1_clk_wiz_0_0
    MMCME2_ADV_X1Y2      MMCME2_ADV (Prop_mmcme2_adv_CLKIN1_CLKOUT0)
                                                     -2.613    -1.930 r  design_1_i/clk_wiz_0/inst/mmcm_adv_inst/CLKOUT0
                         net (fo=1, routed)           0.696    -1.233    design_1_i/clk_wiz_0/inst/clk_out1_design_1_clk_wiz_0_0
    BUFGCTRL_X0Y16       BUFG (Prop_bufg_I_O)         0.026    -1.207 r  design_1_i/clk_wiz_0/inst/clkout1_buf/O
                         net (fo=5368, routed)        0.565    -0.643    design_1_i/fft_top_0/clk_100mhz
    SLICE_X35Y49         FDRE                                         r  design_1_i/fft_top_0/o_bf_bdata_reg[2]_i_3/C
  -------------------------------------------------------------------    -------------------
    SLICE_X35Y49         FDRE (Prop_fdre_C_Q)         0.141    -0.502 r  design_1_i/fft_top_0/o_bf_bdata_reg[2]_i_3/Q
                         net (fo=1, routed)           0.200    -0.302    design_1_i/fft_top_0/inst/U_FFT_CORE/U_DATA_MEM_1/o_bf_bdata_reg[2]
    SLICE_X35Y50         LUT5 (Prop_lut5_I4_O)        0.045    -0.257 r  design_1_i/fft_top_0/inst/U_FFT_CORE/U_DATA_MEM_1/o_bf_bdata[2]_i_1/O
                         net (fo=1, routed)           0.000    -0.257    design_1_i/fft_top_0/inst/U_FFT_CORE/U_MEM_RPATH/o_bf_bdata_reg[39]_1[2]
    SLICE_X35Y50         FDCE                                         r  design_1_i/fft_top_0/inst/U_FFT_CORE/U_MEM_RPATH/o_bf_bdata_reg[2]/D
  -------------------------------------------------------------------    -------------------

                         (clock clk_out1_design_1_clk_wiz_0_0 rise edge)
                                                      0.000     0.000 r  
    K17                                               0.000     0.000 r  sys_clock (IN)
                         net (fo=0)                   0.000     0.000    design_1_i/clk_wiz_0/inst/clk_in1
    K17                  IBUF (Prop_ibuf_I_O)         0.431     0.431 r  design_1_i/clk_wiz_0/inst/clkin1_ibufg/O
                         net (fo=1, routed)           0.480     0.911    design_1_i/clk_wiz_0/inst/clk_in1_design_1_clk_wiz_0_0
    MMCME2_ADV_X1Y2      MMCME2_ADV (Prop_mmcme2_adv_CLKIN1_CLKOUT0)
                                                     -3.407    -2.496 r  design_1_i/clk_wiz_0/inst/mmcm_adv_inst/CLKOUT0
                         net (fo=1, routed)           0.752    -1.744    design_1_i/clk_wiz_0/inst/clk_out1_design_1_clk_wiz_0_0
    BUFGCTRL_X0Y16       BUFG (Prop_bufg_I_O)         0.029    -1.715 r  design_1_i/clk_wiz_0/inst/clkout1_buf/O
                         net (fo=5368, routed)        0.826    -0.889    design_1_i/fft_top_0/inst/U_FFT_CORE/U_MEM_RPATH/clk_100mhz
    SLICE_X35Y50         FDCE                                         r  design_1_i/fft_top_0/inst/U_FFT_CORE/U_MEM_RPATH/o_bf_bdata_reg[2]/C
                         clock pessimism              0.508    -0.381    
    SLICE_X35Y50         FDCE (Hold_fdce_C_D)         0.091    -0.290    design_1_i/fft_top_0/inst/U_FFT_CORE/U_MEM_RPATH/o_bf_bdata_reg[2]
  -------------------------------------------------------------------
                         required time                          0.290    
                         arrival time                          -0.257    
  -------------------------------------------------------------------
                         slack                                  0.033    

Slack (MET) :             0.035ns  (arrival time - required time)
  Source:                 design_1_i/fft_top_0/inst/U_FFT_CORE/U_MEM_WPATH/o_mem1_wdata_1_reg[30]/C
                            (rising edge-triggered cell FDCE clocked by clk_out1_design_1_clk_wiz_0_0  {rise@0.000ns fall@5.000ns period=10.000ns})
  Destination:            design_1_i/fft_top_0/inst/U_FFT_CORE/U_DATA_MEM_1/data_ram_reg_0/DIBDI[30]
                            (rising edge-triggered cell RAMB36E1 clocked by clk_out1_design_1_clk_wiz_0_0  {rise@0.000ns fall@5.000ns period=10.000ns})
  Path Group:             clk_out1_design_1_clk_wiz_0_0
  Path Type:              Hold (Min at Fast Process Corner)
  Requirement:            0.000ns  (clk_out1_design_1_clk_wiz_0_0 rise@0.000ns - clk_out1_design_1_clk_wiz_0_0 rise@0.000ns)
  Data Path Delay:        0.249ns  (logic 0.141ns (56.669%)  route 0.108ns (43.331%))
  Logic Levels:           0  
  Clock Path Skew:        0.058ns (DCD - SCD - CPR)
    Destination Clock Delay (DCD):    -0.827ns
    Source Clock Delay      (SCD):    -0.631ns
    Clock Pessimism Removal (CPR):    -0.255ns

    Location             Delay type                Incr(ns)  Path(ns)    Netlist Resource(s)
  -------------------------------------------------------------------    -------------------
                         (clock clk_out1_design_1_clk_wiz_0_0 rise edge)
                                                      0.000     0.000 r  
    K17                                               0.000     0.000 r  sys_clock (IN)
                         net (fo=0)                   0.000     0.000    design_1_i/clk_wiz_0/inst/clk_in1
    K17                  IBUF (Prop_ibuf_I_O)         0.243     0.243 r  design_1_i/clk_wiz_0/inst/clkin1_ibufg/O
                         net (fo=1, routed)           0.440     0.683    design_1_i/clk_wiz_0/inst/clk_in1_design_1_clk_wiz_0_0
    MMCME2_ADV_X1Y2      MMCME2_ADV (Prop_mmcme2_adv_CLKIN1_CLKOUT0)
                                                     -2.613    -1.930 r  design_1_i/clk_wiz_0/inst/mmcm_adv_inst/CLKOUT0
                         net (fo=1, routed)           0.696    -1.233    design_1_i/clk_wiz_0/inst/clk_out1_design_1_clk_wiz_0_0
    BUFGCTRL_X0Y16       BUFG (Prop_bufg_I_O)         0.026    -1.207 r  design_1_i/clk_wiz_0/inst/clkout1_buf/O
                         net (fo=5368, routed)        0.577    -0.631    design_1_i/fft_top_0/inst/U_FFT_CORE/U_MEM_WPATH/clk_100mhz
    SLICE_X55Y52         FDCE                                         r  design_1_i/fft_top_0/inst/U_FFT_CORE/U_MEM_WPATH/o_mem1_wdata_1_reg[30]/C
  -------------------------------------------------------------------    -------------------
    SLICE_X55Y52         FDCE (Prop_fdce_C_Q)         0.141    -0.490 r  design_1_i/fft_top_0/inst/U_FFT_CORE/U_MEM_WPATH/o_mem1_wdata_1_reg[30]/Q
                         net (fo=1, routed)           0.108    -0.382    design_1_i/fft_top_0/inst/U_FFT_CORE/U_DATA_MEM_1/data_ram_reg_1_4[30]
    RAMB36_X3Y10         RAMB36E1                                     r  design_1_i/fft_top_0/inst/U_FFT_CORE/U_DATA_MEM_1/data_ram_reg_0/DIBDI[30]
  -------------------------------------------------------------------    -------------------

                         (clock clk_out1_design_1_clk_wiz_0_0 rise edge)
                                                      0.000     0.000 r  
    K17                                               0.000     0.000 r  sys_clock (IN)
                         net (fo=0)                   0.000     0.000    design_1_i/clk_wiz_0/inst/clk_in1
    K17                  IBUF (Prop_ibuf_I_O)         0.431     0.431 r  design_1_i/clk_wiz_0/inst/clkin1_ibufg/O
                         net (fo=1, routed)           0.480     0.911    design_1_i/clk_wiz_0/inst/clk_in1_design_1_clk_wiz_0_0
    MMCME2_ADV_X1Y2      MMCME2_ADV (Prop_mmcme2_adv_CLKIN1_CLKOUT0)
                                                     -3.407    -2.496 r  design_1_i/clk_wiz_0/inst/mmcm_adv_inst/CLKOUT0
                         net (fo=1, routed)           0.752    -1.744    design_1_i/clk_wiz_0/inst/clk_out1_design_1_clk_wiz_0_0
    BUFGCTRL_X0Y16       BUFG (Prop_bufg_I_O)         0.029    -1.715 r  design_1_i/clk_wiz_0/inst/clkout1_buf/O
                         net (fo=5368, routed)        0.888    -0.827    design_1_i/fft_top_0/inst/U_FFT_CORE/U_DATA_MEM_1/clk_100mhz
    RAMB36_X3Y10         RAMB36E1                                     r  design_1_i/fft_top_0/inst/U_FFT_CORE/U_DATA_MEM_1/data_ram_reg_0/CLKBWRCLK
                         clock pessimism              0.255    -0.572    
    RAMB36_X3Y10         RAMB36E1 (Hold_ramb36e1_CLKBWRCLK_DIBDI[30])
                                                      0.155    -0.417    design_1_i/fft_top_0/inst/U_FFT_CORE/U_DATA_MEM_1/data_ram_reg_0
  -------------------------------------------------------------------
                         required time                          0.417    
                         arrival time                          -0.382    
  -------------------------------------------------------------------
                         slack                                  0.035    

Slack (MET) :             0.037ns  (arrival time - required time)
  Source:                 design_1_i/fft_top_0/inst/U_FFT_CORE/U_MEM_WPATH/o_mem0_wdata_1_reg[38]/C
                            (rising edge-triggered cell FDCE clocked by clk_out1_design_1_clk_wiz_0_0  {rise@0.000ns fall@5.000ns period=10.000ns})
  Destination:            design_1_i/fft_top_0/inst/U_FFT_CORE/U_DATA_MEM_0/data_ram_reg_1/DIBDI[2]
                            (rising edge-triggered cell RAMB18E1 clocked by clk_out1_design_1_clk_wiz_0_0  {rise@0.000ns fall@5.000ns period=10.000ns})
  Path Group:             clk_out1_design_1_clk_wiz_0_0
  Path Type:              Hold (Min at Fast Process Corner)
  Requirement:            0.000ns  (clk_out1_design_1_clk_wiz_0_0 rise@0.000ns - clk_out1_design_1_clk_wiz_0_0 rise@0.000ns)
  Data Path Delay:        0.248ns  (logic 0.141ns (56.898%)  route 0.107ns (43.102%))
  Logic Levels:           0  
  Clock Path Skew:        0.055ns (DCD - SCD - CPR)
    Destination Clock Delay (DCD):    -0.835ns
    Source Clock Delay      (SCD):    -0.636ns
    Clock Pessimism Removal (CPR):    -0.255ns

    Location             Delay type                Incr(ns)  Path(ns)    Netlist Resource(s)
  -------------------------------------------------------------------    -------------------
                         (clock clk_out1_design_1_clk_wiz_0_0 rise edge)
                                                      0.000     0.000 r  
    K17                                               0.000     0.000 r  sys_clock (IN)
                         net (fo=0)                   0.000     0.000    design_1_i/clk_wiz_0/inst/clk_in1
    K17                  IBUF (Prop_ibuf_I_O)         0.243     0.243 r  design_1_i/clk_wiz_0/inst/clkin1_ibufg/O
                         net (fo=1, routed)           0.440     0.683    design_1_i/clk_wiz_0/inst/clk_in1_design_1_clk_wiz_0_0
    MMCME2_ADV_X1Y2      MMCME2_ADV (Prop_mmcme2_adv_CLKIN1_CLKOUT0)
                                                     -2.613    -1.930 r  design_1_i/clk_wiz_0/inst/mmcm_adv_inst/CLKOUT0
                         net (fo=1, routed)           0.696    -1.233    design_1_i/clk_wiz_0/inst/clk_out1_design_1_clk_wiz_0_0
    BUFGCTRL_X0Y16       BUFG (Prop_bufg_I_O)         0.026    -1.207 r  design_1_i/clk_wiz_0/inst/clkout1_buf/O
                         net (fo=5368, routed)        0.572    -0.636    design_1_i/fft_top_0/inst/U_FFT_CORE/U_MEM_WPATH/clk_100mhz
    SLICE_X55Y65         FDCE                                         r  design_1_i/fft_top_0/inst/U_FFT_CORE/U_MEM_WPATH/o_mem0_wdata_1_reg[38]/C
  -------------------------------------------------------------------    -------------------
    SLICE_X55Y65         FDCE (Prop_fdce_C_Q)         0.141    -0.495 r  design_1_i/fft_top_0/inst/U_FFT_CORE/U_MEM_WPATH/o_mem0_wdata_1_reg[38]/Q
                         net (fo=1, routed)           0.107    -0.388    design_1_i/fft_top_0/inst/U_FFT_CORE/U_DATA_MEM_0/data_ram_reg_1_2[38]
    RAMB18_X3Y26         RAMB18E1                                     r  design_1_i/fft_top_0/inst/U_FFT_CORE/U_DATA_MEM_0/data_ram_reg_1/DIBDI[2]
  -------------------------------------------------------------------    -------------------

                         (clock clk_out1_design_1_clk_wiz_0_0 rise edge)
                                                      0.000     0.000 r  
    K17                                               0.000     0.000 r  sys_clock (IN)
                         net (fo=0)                   0.000     0.000    design_1_i/clk_wiz_0/inst/clk_in1
    K17                  IBUF (Prop_ibuf_I_O)         0.431     0.431 r  design_1_i/clk_wiz_0/inst/clkin1_ibufg/O
                         net (fo=1, routed)           0.480     0.911    design_1_i/clk_wiz_0/inst/clk_in1_design_1_clk_wiz_0_0
    MMCME2_ADV_X1Y2      MMCME2_ADV (Prop_mmcme2_adv_CLKIN1_CLKOUT0)
                                                     -3.407    -2.496 r  design_1_i/clk_wiz_0/inst/mmcm_adv_inst/CLKOUT0
                         net (fo=1, routed)           0.752    -1.744    design_1_i/clk_wiz_0/inst/clk_out1_design_1_clk_wiz_0_0
    BUFGCTRL_X0Y16       BUFG (Prop_bufg_I_O)         0.029    -1.715 r  design_1_i/clk_wiz_0/inst/clkout1_buf/O
                         net (fo=5368, routed)        0.880    -0.835    design_1_i/fft_top_0/inst/U_FFT_CORE/U_DATA_MEM_0/clk_100mhz
    RAMB18_X3Y26         RAMB18E1                                     r  design_1_i/fft_top_0/inst/U_FFT_CORE/U_DATA_MEM_0/data_ram_reg_1/CLKBWRCLK
                         clock pessimism              0.255    -0.580    
    RAMB18_X3Y26         RAMB18E1 (Hold_ramb18e1_CLKBWRCLK_DIBDI[2])
                                                      0.155    -0.425    design_1_i/fft_top_0/inst/U_FFT_CORE/U_DATA_MEM_0/data_ram_reg_1
  -------------------------------------------------------------------
                         required time                          0.425    
                         arrival time                          -0.388    
  -------------------------------------------------------------------
                         slack                                  0.037    

Slack (MET) :             0.040ns  (arrival time - required time)
  Source:                 design_1_i/fft_top_0/inst/U_FFT_CORE/U_MEM_RPATH/o_bf_adata_reg[33]/C
                            (rising edge-triggered cell FDCE clocked by clk_out1_design_1_clk_wiz_0_0  {rise@0.000ns fall@5.000ns period=10.000ns})
  Destination:            design_1_i/fft_top_0/inst/U_FFT_CORE/U_BUTTERFLY/a_re_reg_reg[13]/D
                            (rising edge-triggered cell FDRE clocked by clk_out1_design_1_clk_wiz_0_0  {rise@0.000ns fall@5.000ns period=10.000ns})
  Path Group:             clk_out1_design_1_clk_wiz_0_0
  Path Type:              Hold (Min at Fast Process Corner)
  Requirement:            0.000ns  (clk_out1_design_1_clk_wiz_0_0 rise@0.000ns - clk_out1_design_1_clk_wiz_0_0 rise@0.000ns)
  Data Path Delay:        0.355ns  (logic 0.141ns (39.714%)  route 0.214ns (60.286%))
  Logic Levels:           0  
  Clock Path Skew:        0.268ns (DCD - SCD - CPR)
    Destination Clock Delay (DCD):    -0.890ns
    Source Clock Delay      (SCD):    -0.656ns
    Clock Pessimism Removal (CPR):    -0.503ns

    Location             Delay type                Incr(ns)  Path(ns)    Netlist Resource(s)
  -------------------------------------------------------------------    -------------------
                         (clock clk_out1_design_1_clk_wiz_0_0 rise edge)
                                                      0.000     0.000 r  
    K17                                               0.000     0.000 r  sys_clock (IN)
                         net (fo=0)                   0.000     0.000    design_1_i/clk_wiz_0/inst/clk_in1
    K17                  IBUF (Prop_ibuf_I_O)         0.243     0.243 r  design_1_i/clk_wiz_0/inst/clkin1_ibufg/O
                         net (fo=1, routed)           0.440     0.683    design_1_i/clk_wiz_0/inst/clk_in1_design_1_clk_wiz_0_0
    MMCME2_ADV_X1Y2      MMCME2_ADV (Prop_mmcme2_adv_CLKIN1_CLKOUT0)
                                                     -2.613    -1.930 r  design_1_i/clk_wiz_0/inst/mmcm_adv_inst/CLKOUT0
                         net (fo=1, routed)           0.696    -1.233    design_1_i/clk_wiz_0/inst/clk_out1_design_1_clk_wiz_0_0
    BUFGCTRL_X0Y16       BUFG (Prop_bufg_I_O)         0.026    -1.207 r  design_1_i/clk_wiz_0/inst/clkout1_buf/O
                         net (fo=5368, routed)        0.552    -0.656    design_1_i/fft_top_0/inst/U_FFT_CORE/U_MEM_RPATH/clk_100mhz
    SLICE_X52Y53         FDCE                                         r  design_1_i/fft_top_0/inst/U_FFT_CORE/U_MEM_RPATH/o_bf_adata_reg[33]/C
  -------------------------------------------------------------------    -------------------
    SLICE_X52Y53         FDCE (Prop_fdce_C_Q)         0.141    -0.515 r  design_1_i/fft_top_0/inst/U_FFT_CORE/U_MEM_RPATH/o_bf_adata_reg[33]/Q
                         net (fo=1, routed)           0.214    -0.300    design_1_i/fft_top_0/inst/U_FFT_CORE/U_BUTTERFLY/a_re_reg_reg[19]_0[33]
    SLICE_X49Y52         FDRE                                         r  design_1_i/fft_top_0/inst/U_FFT_CORE/U_BUTTERFLY/a_re_reg_reg[13]/D
  -------------------------------------------------------------------    -------------------

                         (clock clk_out1_design_1_clk_wiz_0_0 rise edge)
                                                      0.000     0.000 r  
    K17                                               0.000     0.000 r  sys_clock (IN)
                         net (fo=0)                   0.000     0.000    design_1_i/clk_wiz_0/inst/clk_in1
    K17                  IBUF (Prop_ibuf_I_O)         0.431     0.431 r  design_1_i/clk_wiz_0/inst/clkin1_ibufg/O
                         net (fo=1, routed)           0.480     0.911    design_1_i/clk_wiz_0/inst/clk_in1_design_1_clk_wiz_0_0
    MMCME2_ADV_X1Y2      MMCME2_ADV (Prop_mmcme2_adv_CLKIN1_CLKOUT0)
                                                     -3.407    -2.496 r  design_1_i/clk_wiz_0/inst/mmcm_adv_inst/CLKOUT0
                         net (fo=1, routed)           0.752    -1.744    design_1_i/clk_wiz_0/inst/clk_out1_design_1_clk_wiz_0_0
    BUFGCTRL_X0Y16       BUFG (Prop_bufg_I_O)         0.029    -1.715 r  design_1_i/clk_wiz_0/inst/clkout1_buf/O
                         net (fo=5368, routed)        0.825    -0.890    design_1_i/fft_top_0/inst/U_FFT_CORE/U_BUTTERFLY/clk_100mhz
    SLICE_X49Y52         FDRE                                         r  design_1_i/fft_top_0/inst/U_FFT_CORE/U_BUTTERFLY/a_re_reg_reg[13]/C
                         clock pessimism              0.503    -0.387    
    SLICE_X49Y52         FDRE (Hold_fdre_C_D)         0.047    -0.340    design_1_i/fft_top_0/inst/U_FFT_CORE/U_BUTTERFLY/a_re_reg_reg[13]
  -------------------------------------------------------------------
                         required time                          0.340    
                         arrival time                          -0.300    
  -------------------------------------------------------------------
                         slack                                  0.040    

Slack (MET) :             0.041ns  (arrival time - required time)
  Source:                 design_1_i/ps7_0_axi_periph/s00_couplers/auto_pc/inst/gen_axilite.gen_b2s_conv.axilite_b2s/WR.aw_channel_0/s_awid_r_reg[7]/C
                            (rising edge-triggered cell FDRE clocked by clk_out1_design_1_clk_wiz_0_0  {rise@0.000ns fall@5.000ns period=10.000ns})
  Destination:            design_1_i/ps7_0_axi_periph/s00_couplers/auto_pc/inst/gen_axilite.gen_b2s_conv.axilite_b2s/WR.b_channel_0/bid_fifo_0/memory_reg[3][15]_srl4/D
                            (rising edge-triggered cell SRL16E clocked by clk_out1_design_1_clk_wiz_0_0  {rise@0.000ns fall@5.000ns period=10.000ns})
  Path Group:             clk_out1_design_1_clk_wiz_0_0
  Path Type:              Hold (Min at Fast Process Corner)
  Requirement:            0.000ns  (clk_out1_design_1_clk_wiz_0_0 rise@0.000ns - clk_out1_design_1_clk_wiz_0_0 rise@0.000ns)
  Data Path Delay:        0.241ns  (logic 0.141ns (58.447%)  route 0.100ns (41.553%))
  Logic Levels:           0  
  Clock Path Skew:        0.017ns (DCD - SCD - CPR)
    Destination Clock Delay (DCD):    -0.784ns
    Source Clock Delay      (SCD):    -0.549ns
    Clock Pessimism Removal (CPR):    -0.252ns

    Location             Delay type                Incr(ns)  Path(ns)    Netlist Resource(s)
  -------------------------------------------------------------------    -------------------
                         (clock clk_out1_design_1_clk_wiz_0_0 rise edge)
                                                      0.000     0.000 r  
    K17                                               0.000     0.000 r  sys_clock (IN)
                         net (fo=0)                   0.000     0.000    design_1_i/clk_wiz_0/inst/clk_in1
    K17                  IBUF (Prop_ibuf_I_O)         0.243     0.243 r  design_1_i/clk_wiz_0/inst/clkin1_ibufg/O
                         net (fo=1, routed)           0.440     0.683    design_1_i/clk_wiz_0/inst/clk_in1_design_1_clk_wiz_0_0
    MMCME2_ADV_X1Y2      MMCME2_ADV (Prop_mmcme2_adv_CLKIN1_CLKOUT0)
                                                     -2.613    -1.930 r  design_1_i/clk_wiz_0/inst/mmcm_adv_inst/CLKOUT0
                         net (fo=1, routed)           0.696    -1.233    design_1_i/clk_wiz_0/inst/clk_out1_design_1_clk_wiz_0_0
    BUFGCTRL_X0Y16       BUFG (Prop_bufg_I_O)         0.026    -1.207 r  design_1_i/clk_wiz_0/inst/clkout1_buf/O
                         net (fo=5368, routed)        0.658    -0.549    design_1_i/ps7_0_axi_periph/s00_couplers/auto_pc/inst/gen_axilite.gen_b2s_conv.axilite_b2s/WR.aw_channel_0/aclk
    SLICE_X29Y103        FDRE                                         r  design_1_i/ps7_0_axi_periph/s00_couplers/auto_pc/inst/gen_axilite.gen_b2s_conv.axilite_b2s/WR.aw_channel_0/s_awid_r_reg[7]/C
  -------------------------------------------------------------------    -------------------
    SLICE_X29Y103        FDRE (Prop_fdre_C_Q)         0.141    -0.408 r  design_1_i/ps7_0_axi_periph/s00_couplers/auto_pc/inst/gen_axilite.gen_b2s_conv.axilite_b2s/WR.aw_channel_0/s_awid_r_reg[7]/Q
                         net (fo=1, routed)           0.100    -0.308    design_1_i/ps7_0_axi_periph/s00_couplers/auto_pc/inst/gen_axilite.gen_b2s_conv.axilite_b2s/WR.b_channel_0/bid_fifo_0/in[11]
    SLICE_X30Y102        SRL16E                                       r  design_1_i/ps7_0_axi_periph/s00_couplers/auto_pc/inst/gen_axilite.gen_b2s_conv.axilite_b2s/WR.b_channel_0/bid_fifo_0/memory_reg[3][15]_srl4/D
  -------------------------------------------------------------------    -------------------

                         (clock clk_out1_design_1_clk_wiz_0_0 rise edge)
                                                      0.000     0.000 r  
    K17                                               0.000     0.000 r  sys_clock (IN)
                         net (fo=0)                   0.000     0.000    design_1_i/clk_wiz_0/inst/clk_in1
    K17                  IBUF (Prop_ibuf_I_O)         0.431     0.431 r  design_1_i/clk_wiz_0/inst/clkin1_ibufg/O
                         net (fo=1, routed)           0.480     0.911    design_1_i/clk_wiz_0/inst/clk_in1_design_1_clk_wiz_0_0
    MMCME2_ADV_X1Y2      MMCME2_ADV (Prop_mmcme2_adv_CLKIN1_CLKOUT0)
                                                     -3.407    -2.496 r  design_1_i/clk_wiz_0/inst/mmcm_adv_inst/CLKOUT0
                         net (fo=1, routed)           0.752    -1.744    design_1_i/clk_wiz_0/inst/clk_out1_design_1_clk_wiz_0_0
    BUFGCTRL_X0Y16       BUFG (Prop_bufg_I_O)         0.029    -1.715 r  design_1_i/clk_wiz_0/inst/clkout1_buf/O
                         net (fo=5368, routed)        0.931    -0.784    design_1_i/ps7_0_axi_periph/s00_couplers/auto_pc/inst/gen_axilite.gen_b2s_conv.axilite_b2s/WR.b_channel_0/bid_fifo_0/aclk
    SLICE_X30Y102        SRL16E                                       r  design_1_i/ps7_0_axi_periph/s00_couplers/auto_pc/inst/gen_axilite.gen_b2s_conv.axilite_b2s/WR.b_channel_0/bid_fifo_0/memory_reg[3][15]_srl4/CLK
                         clock pessimism              0.252    -0.532    
    SLICE_X30Y102        SRL16E (Hold_srl16e_CLK_D)
                                                      0.183    -0.349    design_1_i/ps7_0_axi_periph/s00_couplers/auto_pc/inst/gen_axilite.gen_b2s_conv.axilite_b2s/WR.b_channel_0/bid_fifo_0/memory_reg[3][15]_srl4
  -------------------------------------------------------------------
                         required time                          0.349    
                         arrival time                          -0.308    
  -------------------------------------------------------------------
                         slack                                  0.041    

Slack (MET) :             0.051ns  (arrival time - required time)
  Source:                 design_1_i/fft_top_0/o_bf_adata_reg[0]_i_3/C
                            (rising edge-triggered cell FDRE clocked by clk_out1_design_1_clk_wiz_0_0  {rise@0.000ns fall@5.000ns period=10.000ns})
  Destination:            design_1_i/fft_top_0/inst/U_FFT_CORE/U_MEM_RPATH/o_bf_adata_reg[0]/D
                            (rising edge-triggered cell FDCE clocked by clk_out1_design_1_clk_wiz_0_0  {rise@0.000ns fall@5.000ns period=10.000ns})
  Path Group:             clk_out1_design_1_clk_wiz_0_0
  Path Type:              Hold (Min at Fast Process Corner)
  Requirement:            0.000ns  (clk_out1_design_1_clk_wiz_0_0 rise@0.000ns - clk_out1_design_1_clk_wiz_0_0 rise@0.000ns)
  Data Path Delay:        0.406ns  (logic 0.186ns (45.854%)  route 0.220ns (54.146%))
  Logic Levels:           1  (LUT5=1)
  Clock Path Skew:        0.262ns (DCD - SCD - CPR)
    Destination Clock Delay (DCD):    -0.890ns
    Source Clock Delay      (SCD):    -0.645ns
    Clock Pessimism Removal (CPR):    -0.508ns

    Location             Delay type                Incr(ns)  Path(ns)    Netlist Resource(s)
  -------------------------------------------------------------------    -------------------
                         (clock clk_out1_design_1_clk_wiz_0_0 rise edge)
                                                      0.000     0.000 r  
    K17                                               0.000     0.000 r  sys_clock (IN)
                         net (fo=0)                   0.000     0.000    design_1_i/clk_wiz_0/inst/clk_in1
    K17                  IBUF (Prop_ibuf_I_O)         0.243     0.243 r  design_1_i/clk_wiz_0/inst/clkin1_ibufg/O
                         net (fo=1, routed)           0.440     0.683    design_1_i/clk_wiz_0/inst/clk_in1_design_1_clk_wiz_0_0
    MMCME2_ADV_X1Y2      MMCME2_ADV (Prop_mmcme2_adv_CLKIN1_CLKOUT0)
                                                     -2.613    -1.930 r  design_1_i/clk_wiz_0/inst/mmcm_adv_inst/CLKOUT0
                         net (fo=1, routed)           0.696    -1.233    design_1_i/clk_wiz_0/inst/clk_out1_design_1_clk_wiz_0_0
    BUFGCTRL_X0Y16       BUFG (Prop_bufg_I_O)         0.026    -1.207 r  design_1_i/clk_wiz_0/inst/clkout1_buf/O
                         net (fo=5368, routed)        0.563    -0.645    design_1_i/fft_top_0/clk_100mhz
    SLICE_X37Y49         FDRE                                         r  design_1_i/fft_top_0/o_bf_adata_reg[0]_i_3/C
  -------------------------------------------------------------------    -------------------
    SLICE_X37Y49         FDRE (Prop_fdre_C_Q)         0.141    -0.504 r  design_1_i/fft_top_0/o_bf_adata_reg[0]_i_3/Q
                         net (fo=1, routed)           0.220    -0.284    design_1_i/fft_top_0/inst/U_FFT_CORE/U_DATA_MEM_1/o_bf_adata_reg[0]_1
    SLICE_X37Y50         LUT5 (Prop_lut5_I4_O)        0.045    -0.239 r  design_1_i/fft_top_0/inst/U_FFT_CORE/U_DATA_MEM_1/o_bf_adata[0]_i_1/O
                         net (fo=1, routed)           0.000    -0.239    design_1_i/fft_top_0/inst/U_FFT_CORE/U_MEM_RPATH/D[0]
    SLICE_X37Y50         FDCE                                         r  design_1_i/fft_top_0/inst/U_FFT_CORE/U_MEM_RPATH/o_bf_adata_reg[0]/D
  -------------------------------------------------------------------    -------------------

                         (clock clk_out1_design_1_clk_wiz_0_0 rise edge)
                                                      0.000     0.000 r  
    K17                                               0.000     0.000 r  sys_clock (IN)
                         net (fo=0)                   0.000     0.000    design_1_i/clk_wiz_0/inst/clk_in1
    K17                  IBUF (Prop_ibuf_I_O)         0.431     0.431 r  design_1_i/clk_wiz_0/inst/clkin1_ibufg/O
                         net (fo=1, routed)           0.480     0.911    design_1_i/clk_wiz_0/inst/clk_in1_design_1_clk_wiz_0_0
    MMCME2_ADV_X1Y2      MMCME2_ADV (Prop_mmcme2_adv_CLKIN1_CLKOUT0)
                                                     -3.407    -2.496 r  design_1_i/clk_wiz_0/inst/mmcm_adv_inst/CLKOUT0
                         net (fo=1, routed)           0.752    -1.744    design_1_i/clk_wiz_0/inst/clk_out1_design_1_clk_wiz_0_0
    BUFGCTRL_X0Y16       BUFG (Prop_bufg_I_O)         0.029    -1.715 r  design_1_i/clk_wiz_0/inst/clkout1_buf/O
                         net (fo=5368, routed)        0.825    -0.890    design_1_i/fft_top_0/inst/U_FFT_CORE/U_MEM_RPATH/clk_100mhz
    SLICE_X37Y50         FDCE                                         r  design_1_i/fft_top_0/inst/U_FFT_CORE/U_MEM_RPATH/o_bf_adata_reg[0]/C
                         clock pessimism              0.508    -0.382    
    SLICE_X37Y50         FDCE (Hold_fdce_C_D)         0.092    -0.290    design_1_i/fft_top_0/inst/U_FFT_CORE/U_MEM_RPATH/o_bf_adata_reg[0]
  -------------------------------------------------------------------
                         required time                          0.290    
                         arrival time                          -0.239    
  -------------------------------------------------------------------
                         slack                                  0.051    





Pulse Width Checks
--------------------------------------------------------------------------------------
Clock Name:         clk_out1_design_1_clk_wiz_0_0
Waveform(ns):       { 0.000 5.000 }
Period(ns):         10.000
Sources:            { design_1_i/clk_wiz_0/inst/mmcm_adv_inst/CLKOUT0 }

Check Type        Corner  Lib Pin             Reference Pin  Required(ns)  Actual(ns)  Slack(ns)  Location         Pin
Min Period        n/a     XADC/DCLK           n/a            4.000         10.000      6.000      XADC_X0Y0        design_1_i/fft_top_0/inst/U_XADC_IP/inst/DCLK
Min Period        n/a     DSP48E1/CLK         n/a            3.884         10.000      6.116      DSP48_X2Y19      design_1_i/fft_top_0/inst/U_FFT_CORE/U_BUTTERFLY/u_multiplier/raw_im/CLK
Min Period        n/a     DSP48E1/CLK         n/a            3.884         10.000      6.116      DSP48_X2Y21      design_1_i/fft_top_0/inst/U_FFT_CORE/U_BUTTERFLY/u_multiplier/raw_re/CLK
Min Period        n/a     RAMB36E1/CLKARDCLK  n/a            2.944         10.000      7.056      RAMB36_X2Y10     design_1_i/fft_top_0/inst/U_FFT_CORE/U_DATA_MEM_0/data_ram_reg_0/CLKARDCLK
Min Period        n/a     RAMB36E1/CLKBWRCLK  n/a            2.944         10.000      7.056      RAMB36_X2Y10     design_1_i/fft_top_0/inst/U_FFT_CORE/U_DATA_MEM_0/data_ram_reg_0/CLKBWRCLK
Min Period        n/a     RAMB18E1/CLKARDCLK  n/a            2.944         10.000      7.056      RAMB18_X3Y26     design_1_i/fft_top_0/inst/U_FFT_CORE/U_DATA_MEM_0/data_ram_reg_1/CLKARDCLK
Min Period        n/a     RAMB18E1/CLKBWRCLK  n/a            2.944         10.000      7.056      RAMB18_X3Y26     design_1_i/fft_top_0/inst/U_FFT_CORE/U_DATA_MEM_0/data_ram_reg_1/CLKBWRCLK
Min Period        n/a     RAMB36E1/CLKARDCLK  n/a            2.944         10.000      7.056      RAMB36_X3Y10     design_1_i/fft_top_0/inst/U_FFT_CORE/U_DATA_MEM_1/data_ram_reg_0/CLKARDCLK
Min Period        n/a     RAMB36E1/CLKBWRCLK  n/a            2.944         10.000      7.056      RAMB36_X3Y10     design_1_i/fft_top_0/inst/U_FFT_CORE/U_DATA_MEM_1/data_ram_reg_0/CLKBWRCLK
Min Period        n/a     RAMB18E1/CLKARDCLK  n/a            2.944         10.000      7.056      RAMB18_X3Y27     design_1_i/fft_top_0/inst/U_FFT_CORE/U_DATA_MEM_1/data_ram_reg_1/CLKARDCLK
Max Period        n/a     MMCME2_ADV/CLKOUT0  n/a            213.360       10.000      203.360    MMCME2_ADV_X1Y2  design_1_i/clk_wiz_0/inst/mmcm_adv_inst/CLKOUT0
Low Pulse Width   Fast    SRLC32E/CLK         n/a            0.980         5.000       4.020      SLICE_X26Y84     design_1_i/ps7_0_axi_periph/s00_couplers/auto_pc/inst/gen_axilite.gen_b2s_conv.axilite_b2s/RD.r_channel_0/rd_data_fifo_0/memory_reg[31][12]_srl32/CLK
Low Pulse Width   Fast    SRLC32E/CLK         n/a            0.980         5.000       4.020      SLICE_X26Y84     design_1_i/ps7_0_axi_periph/s00_couplers/auto_pc/inst/gen_axilite.gen_b2s_conv.axilite_b2s/RD.r_channel_0/rd_data_fifo_0/memory_reg[31][13]_srl32/CLK
Low Pulse Width   Slow    SRLC32E/CLK         n/a            0.980         5.000       4.020      SLICE_X26Y85     design_1_i/ps7_0_axi_periph/s00_couplers/auto_pc/inst/gen_axilite.gen_b2s_conv.axilite_b2s/RD.r_channel_0/rd_data_fifo_0/memory_reg[31][23]_srl32/CLK
Low Pulse Width   Slow    SRLC32E/CLK         n/a            0.980         5.000       4.020      SLICE_X26Y85     design_1_i/ps7_0_axi_periph/s00_couplers/auto_pc/inst/gen_axilite.gen_b2s_conv.axilite_b2s/RD.r_channel_0/rd_data_fifo_0/memory_reg[31][27]_srl32/CLK
Low Pulse Width   Slow    SRLC32E/CLK         n/a            0.980         5.000       4.020      SLICE_X26Y87     design_1_i/ps7_0_axi_periph/s00_couplers/auto_pc/inst/gen_axilite.gen_b2s_conv.axilite_b2s/RD.r_channel_0/rd_data_fifo_0/memory_reg[31][28]_srl32/CLK
Low Pulse Width   Fast    SRLC32E/CLK         n/a            0.980         5.000       4.020      SLICE_X26Y84     design_1_i/ps7_0_axi_periph/s00_couplers/auto_pc/inst/gen_axilite.gen_b2s_conv.axilite_b2s/RD.r_channel_0/rd_data_fifo_0/memory_reg[31][29]_srl32/CLK
Low Pulse Width   Fast    SRLC32E/CLK         n/a            0.980         5.000       4.020      SLICE_X26Y84     design_1_i/ps7_0_axi_periph/s00_couplers/auto_pc/inst/gen_axilite.gen_b2s_conv.axilite_b2s/RD.r_channel_0/rd_data_fifo_0/memory_reg[31][31]_srl32/CLK
Low Pulse Width   Slow    SRLC32E/CLK         n/a            0.980         5.000       4.020      SLICE_X26Y87     design_1_i/ps7_0_axi_periph/s00_couplers/auto_pc/inst/gen_axilite.gen_b2s_conv.axilite_b2s/RD.r_channel_0/rd_data_fifo_0/memory_reg[31][32]_srl32/CLK
Low Pulse Width   Slow    SRLC32E/CLK         n/a            0.980         5.000       4.020      SLICE_X26Y87     design_1_i/ps7_0_axi_periph/s00_couplers/auto_pc/inst/gen_axilite.gen_b2s_conv.axilite_b2s/RD.r_channel_0/rd_data_fifo_0/memory_reg[31][33]_srl32/CLK
Low Pulse Width   Slow    SRLC32E/CLK         n/a            0.980         5.000       4.020      SLICE_X26Y85     design_1_i/ps7_0_axi_periph/s00_couplers/auto_pc/inst/gen_axilite.gen_b2s_conv.axilite_b2s/RD.r_channel_0/rd_data_fifo_0/memory_reg[31][4]_srl32/CLK
High Pulse Width  Fast    SRLC32E/CLK         n/a            0.980         5.000       4.020      SLICE_X30Y84     design_1_i/ps7_0_axi_periph/s00_couplers/auto_pc/inst/gen_axilite.gen_b2s_conv.axilite_b2s/RD.r_channel_0/rd_data_fifo_0/memory_reg[31][14]_srl32/CLK
High Pulse Width  Fast    SRLC32E/CLK         n/a            0.980         5.000       4.020      SLICE_X30Y84     design_1_i/ps7_0_axi_periph/s00_couplers/auto_pc/inst/gen_axilite.gen_b2s_conv.axilite_b2s/RD.r_channel_0/rd_data_fifo_0/memory_reg[31][15]_srl32/CLK
High Pulse Width  Fast    SRLC32E/CLK         n/a            0.980         5.000       4.020      SLICE_X26Y90     design_1_i/ps7_0_axi_periph/s00_couplers/auto_pc/inst/gen_axilite.gen_b2s_conv.axilite_b2s/RD.r_channel_0/rd_data_fifo_0/memory_reg[31][18]_srl32/CLK
High Pulse Width  Fast    SRLC32E/CLK         n/a            0.980         5.000       4.020      SLICE_X30Y90     design_1_i/ps7_0_axi_periph/s00_couplers/auto_pc/inst/gen_axilite.gen_b2s_conv.axilite_b2s/RD.r_channel_0/rd_data_fifo_0/memory_reg[31][19]_srl32/CLK
High Pulse Width  Fast    SRLC32E/CLK         n/a            0.980         5.000       4.020      SLICE_X30Y88     design_1_i/ps7_0_axi_periph/s00_couplers/auto_pc/inst/gen_axilite.gen_b2s_conv.axilite_b2s/RD.r_channel_0/rd_data_fifo_0/memory_reg[31][20]_srl32/CLK
High Pulse Width  Fast    SRLC32E/CLK         n/a            0.980         5.000       4.020      SLICE_X30Y88     design_1_i/ps7_0_axi_periph/s00_couplers/auto_pc/inst/gen_axilite.gen_b2s_conv.axilite_b2s/RD.r_channel_0/rd_data_fifo_0/memory_reg[31][21]_srl32/CLK
High Pulse Width  Fast    SRLC32E/CLK         n/a            0.980         5.000       4.020      SLICE_X30Y88     design_1_i/ps7_0_axi_periph/s00_couplers/auto_pc/inst/gen_axilite.gen_b2s_conv.axilite_b2s/RD.r_channel_0/rd_data_fifo_0/memory_reg[31][22]_srl32/CLK
High Pulse Width  Fast    SRLC32E/CLK         n/a            0.980         5.000       4.020      SLICE_X26Y90     design_1_i/ps7_0_axi_periph/s00_couplers/auto_pc/inst/gen_axilite.gen_b2s_conv.axilite_b2s/RD.r_channel_0/rd_data_fifo_0/memory_reg[31][24]_srl32/CLK
High Pulse Width  Fast    SRLC32E/CLK         n/a            0.980         5.000       4.020      SLICE_X30Y84     design_1_i/ps7_0_axi_periph/s00_couplers/auto_pc/inst/gen_axilite.gen_b2s_conv.axilite_b2s/RD.r_channel_0/rd_data_fifo_0/memory_reg[31][25]_srl32/CLK
High Pulse Width  Fast    SRLC32E/CLK         n/a            0.980         5.000       4.020      SLICE_X26Y90     design_1_i/ps7_0_axi_periph/s00_couplers/auto_pc/inst/gen_axilite.gen_b2s_conv.axilite_b2s/RD.r_channel_0/rd_data_fifo_0/memory_reg[31][26]_srl32/CLK



---------------------------------------------------------------------------------------------------
From Clock:  clkfbout_design_1_clk_wiz_0_0
  To Clock:  clkfbout_design_1_clk_wiz_0_0

Setup :           NA  Failing Endpoints,  Worst Slack           NA  ,  Total Violation           NA
Hold  :           NA  Failing Endpoints,  Worst Slack           NA  ,  Total Violation           NA
PW    :            0  Failing Endpoints,  Worst Slack        5.845ns,  Total Violation        0.000ns
---------------------------------------------------------------------------------------------------


Pulse Width Checks
--------------------------------------------------------------------------------------
Clock Name:         clkfbout_design_1_clk_wiz_0_0
Waveform(ns):       { 0.000 4.000 }
Period(ns):         8.000
Sources:            { design_1_i/clk_wiz_0/inst/mmcm_adv_inst/CLKFBOUT }

Check Type  Corner  Lib Pin              Reference Pin  Required(ns)  Actual(ns)  Slack(ns)  Location         Pin
Min Period  n/a     BUFG/I               n/a            2.155         8.000       5.845      BUFGCTRL_X0Y17   design_1_i/clk_wiz_0/inst/clkf_buf/I
Min Period  n/a     MMCME2_ADV/CLKFBOUT  n/a            1.249         8.000       6.751      MMCME2_ADV_X1Y2  design_1_i/clk_wiz_0/inst/mmcm_adv_inst/CLKFBOUT
Min Period  n/a     MMCME2_ADV/CLKFBIN   n/a            1.249         8.000       6.751      MMCME2_ADV_X1Y2  design_1_i/clk_wiz_0/inst/mmcm_adv_inst/CLKFBIN
Max Period  n/a     MMCME2_ADV/CLKFBIN   n/a            100.000       8.000       92.000     MMCME2_ADV_X1Y2  design_1_i/clk_wiz_0/inst/mmcm_adv_inst/CLKFBIN
Max Period  n/a     MMCME2_ADV/CLKFBOUT  n/a            213.360       8.000       205.360    MMCME2_ADV_X1Y2  design_1_i/clk_wiz_0/inst/mmcm_adv_inst/CLKFBOUT



---------------------------------------------------------------------------------------------------
Path Group:  **async_default**
From Clock:  clk_out1_design_1_clk_wiz_0_0
  To Clock:  clk_out1_design_1_clk_wiz_0_0

Setup :            0  Failing Endpoints,  Worst Slack        1.317ns,  Total Violation        0.000ns
Hold  :            0  Failing Endpoints,  Worst Slack        1.158ns,  Total Violation        0.000ns
---------------------------------------------------------------------------------------------------


Max Delay Paths
--------------------------------------------------------------------------------------
Slack (MET) :             1.317ns  (required time - arrival time)
  Source:                 design_1_i/rst_clk_wiz_0_100M/U0/ACTIVE_LOW_PR_OUT_DFF[0].FDRE_PER_N/C
                            (rising edge-triggered cell FDRE clocked by clk_out1_design_1_clk_wiz_0_0  {rise@0.000ns fall@5.000ns period=10.000ns})
  Destination:            design_1_i/fft_top_0/inst/U_FFT_CORE/U_MEM_RPATH/o_fft_core_data_reg[32]/CLR
                            (recovery check against rising-edge clock clk_out1_design_1_clk_wiz_0_0  {rise@0.000ns fall@5.000ns period=10.000ns})
  Path Group:             **async_default**
  Path Type:              Recovery (Max at Slow Process Corner)
  Requirement:            10.000ns  (clk_out1_design_1_clk_wiz_0_0 rise@10.000ns - clk_out1_design_1_clk_wiz_0_0 rise@0.000ns)
  Data Path Delay:        8.009ns  (logic 0.580ns (7.242%)  route 7.429ns (92.758%))
  Logic Levels:           1  (LUT1=1)
  Clock Path Skew:        -0.283ns (DCD - SCD + CPR)
    Destination Clock Delay (DCD):    -1.537ns = ( 8.463 - 10.000 ) 
    Source Clock Delay      (SCD):    -0.787ns
    Clock Pessimism Removal (CPR):    0.467ns
  Clock Uncertainty:      0.072ns  ((TSJ^2 + DJ^2)^1/2) / 2 + PE
    Total System Jitter     (TSJ):    0.071ns
    Discrete Jitter          (DJ):    0.125ns
    Phase Error              (PE):    0.000ns

    Location             Delay type                Incr(ns)  Path(ns)    Netlist Resource(s)
  -------------------------------------------------------------------    -------------------
                         (clock clk_out1_design_1_clk_wiz_0_0 rise edge)
                                                      0.000     0.000 r  
    K17                                               0.000     0.000 r  sys_clock (IN)
                         net (fo=0)                   0.000     0.000    design_1_i/clk_wiz_0/inst/clk_in1
    K17                  IBUF (Prop_ibuf_I_O)         1.475     1.475 r  design_1_i/clk_wiz_0/inst/clkin1_ibufg/O
                         net (fo=1, routed)           1.285     2.760    design_1_i/clk_wiz_0/inst/clk_in1_design_1_clk_wiz_0_0
    MMCME2_ADV_X1Y2      MMCME2_ADV (Prop_mmcme2_adv_CLKIN1_CLKOUT0)
                                                     -7.759    -4.999 r  design_1_i/clk_wiz_0/inst/mmcm_adv_inst/CLKOUT0
                         net (fo=1, routed)           2.206    -2.793    design_1_i/clk_wiz_0/inst/clk_out1_design_1_clk_wiz_0_0
    BUFGCTRL_X0Y16       BUFG (Prop_bufg_I_O)         0.101    -2.692 r  design_1_i/clk_wiz_0/inst/clkout1_buf/O
                         net (fo=5368, routed)        1.905    -0.787    design_1_i/rst_clk_wiz_0_100M/U0/slowest_sync_clk
    SLICE_X59Y101        FDRE                                         r  design_1_i/rst_clk_wiz_0_100M/U0/ACTIVE_LOW_PR_OUT_DFF[0].FDRE_PER_N/C
  -------------------------------------------------------------------    -------------------
    SLICE_X59Y101        FDRE (Prop_fdre_C_Q)         0.456    -0.331 r  design_1_i/rst_clk_wiz_0_100M/U0/ACTIVE_LOW_PR_OUT_DFF[0].FDRE_PER_N/Q
                         net (fo=58, routed)          0.289    -0.042    design_1_i/util_vector_logic_0/Op1[0]
    SLICE_X58Y101        LUT1 (Prop_lut1_I0_O)        0.124     0.082 f  design_1_i/util_vector_logic_0/Res[0]_INST_0/O
                         net (fo=510, routed)         7.139     7.221    design_1_i/fft_top_0/inst/U_FFT_CORE/U_MEM_RPATH/rst_100mhz
    SLICE_X94Y54         FDCE                                         f  design_1_i/fft_top_0/inst/U_FFT_CORE/U_MEM_RPATH/o_fft_core_data_reg[32]/CLR
  -------------------------------------------------------------------    -------------------

                         (clock clk_out1_design_1_clk_wiz_0_0 rise edge)
                                                     10.000    10.000 r  
    K17                                               0.000    10.000 r  sys_clock (IN)
                         net (fo=0)                   0.000    10.000    design_1_i/clk_wiz_0/inst/clk_in1
    K17                  IBUF (Prop_ibuf_I_O)         1.404    11.404 r  design_1_i/clk_wiz_0/inst/clkin1_ibufg/O
                         net (fo=1, routed)           1.162    12.566    design_1_i/clk_wiz_0/inst/clk_in1_design_1_clk_wiz_0_0
    MMCME2_ADV_X1Y2      MMCME2_ADV (Prop_mmcme2_adv_CLKIN1_CLKOUT0)
                                                     -7.814     4.752 r  design_1_i/clk_wiz_0/inst/mmcm_adv_inst/CLKOUT0
                         net (fo=1, routed)           2.012     6.764    design_1_i/clk_wiz_0/inst/clk_out1_design_1_clk_wiz_0_0
    BUFGCTRL_X0Y16       BUFG (Prop_bufg_I_O)         0.091     6.855 r  design_1_i/clk_wiz_0/inst/clkout1_buf/O
                         net (fo=5368, routed)        1.608     8.463    design_1_i/fft_top_0/inst/U_FFT_CORE/U_MEM_RPATH/clk_100mhz
    SLICE_X94Y54         FDCE                                         r  design_1_i/fft_top_0/inst/U_FFT_CORE/U_MEM_RPATH/o_fft_core_data_reg[32]/C
                         clock pessimism              0.467     8.930    
                         clock uncertainty           -0.072     8.858    
    SLICE_X94Y54         FDCE (Recov_fdce_C_CLR)     -0.319     8.539    design_1_i/fft_top_0/inst/U_FFT_CORE/U_MEM_RPATH/o_fft_core_data_reg[32]
  -------------------------------------------------------------------
                         required time                          8.539    
                         arrival time                          -7.221    
  -------------------------------------------------------------------
                         slack                                  1.317    

Slack (MET) :             1.317ns  (required time - arrival time)
  Source:                 design_1_i/rst_clk_wiz_0_100M/U0/ACTIVE_LOW_PR_OUT_DFF[0].FDRE_PER_N/C
                            (rising edge-triggered cell FDRE clocked by clk_out1_design_1_clk_wiz_0_0  {rise@0.000ns fall@5.000ns period=10.000ns})
  Destination:            design_1_i/fft_top_0/inst/U_FFT_CORE/U_MEM_RPATH/o_fft_core_data_reg[33]/CLR
                            (recovery check against rising-edge clock clk_out1_design_1_clk_wiz_0_0  {rise@0.000ns fall@5.000ns period=10.000ns})
  Path Group:             **async_default**
  Path Type:              Recovery (Max at Slow Process Corner)
  Requirement:            10.000ns  (clk_out1_design_1_clk_wiz_0_0 rise@10.000ns - clk_out1_design_1_clk_wiz_0_0 rise@0.000ns)
  Data Path Delay:        8.009ns  (logic 0.580ns (7.242%)  route 7.429ns (92.758%))
  Logic Levels:           1  (LUT1=1)
  Clock Path Skew:        -0.283ns (DCD - SCD + CPR)
    Destination Clock Delay (DCD):    -1.537ns = ( 8.463 - 10.000 ) 
    Source Clock Delay      (SCD):    -0.787ns
    Clock Pessimism Removal (CPR):    0.467ns
  Clock Uncertainty:      0.072ns  ((TSJ^2 + DJ^2)^1/2) / 2 + PE
    Total System Jitter     (TSJ):    0.071ns
    Discrete Jitter          (DJ):    0.125ns
    Phase Error              (PE):    0.000ns

    Location             Delay type                Incr(ns)  Path(ns)    Netlist Resource(s)
  -------------------------------------------------------------------    -------------------
                         (clock clk_out1_design_1_clk_wiz_0_0 rise edge)
                                                      0.000     0.000 r  
    K17                                               0.000     0.000 r  sys_clock (IN)
                         net (fo=0)                   0.000     0.000    design_1_i/clk_wiz_0/inst/clk_in1
    K17                  IBUF (Prop_ibuf_I_O)         1.475     1.475 r  design_1_i/clk_wiz_0/inst/clkin1_ibufg/O
                         net (fo=1, routed)           1.285     2.760    design_1_i/clk_wiz_0/inst/clk_in1_design_1_clk_wiz_0_0
    MMCME2_ADV_X1Y2      MMCME2_ADV (Prop_mmcme2_adv_CLKIN1_CLKOUT0)
                                                     -7.759    -4.999 r  design_1_i/clk_wiz_0/inst/mmcm_adv_inst/CLKOUT0
                         net (fo=1, routed)           2.206    -2.793    design_1_i/clk_wiz_0/inst/clk_out1_design_1_clk_wiz_0_0
    BUFGCTRL_X0Y16       BUFG (Prop_bufg_I_O)         0.101    -2.692 r  design_1_i/clk_wiz_0/inst/clkout1_buf/O
                         net (fo=5368, routed)        1.905    -0.787    design_1_i/rst_clk_wiz_0_100M/U0/slowest_sync_clk
    SLICE_X59Y101        FDRE                                         r  design_1_i/rst_clk_wiz_0_100M/U0/ACTIVE_LOW_PR_OUT_DFF[0].FDRE_PER_N/C
  -------------------------------------------------------------------    -------------------
    SLICE_X59Y101        FDRE (Prop_fdre_C_Q)         0.456    -0.331 r  design_1_i/rst_clk_wiz_0_100M/U0/ACTIVE_LOW_PR_OUT_DFF[0].FDRE_PER_N/Q
                         net (fo=58, routed)          0.289    -0.042    design_1_i/util_vector_logic_0/Op1[0]
    SLICE_X58Y101        LUT1 (Prop_lut1_I0_O)        0.124     0.082 f  design_1_i/util_vector_logic_0/Res[0]_INST_0/O
                         net (fo=510, routed)         7.139     7.221    design_1_i/fft_top_0/inst/U_FFT_CORE/U_MEM_RPATH/rst_100mhz
    SLICE_X94Y54         FDCE                                         f  design_1_i/fft_top_0/inst/U_FFT_CORE/U_MEM_RPATH/o_fft_core_data_reg[33]/CLR
  -------------------------------------------------------------------    -------------------

                         (clock clk_out1_design_1_clk_wiz_0_0 rise edge)
                                                     10.000    10.000 r  
    K17                                               0.000    10.000 r  sys_clock (IN)
                         net (fo=0)                   0.000    10.000    design_1_i/clk_wiz_0/inst/clk_in1
    K17                  IBUF (Prop_ibuf_I_O)         1.404    11.404 r  design_1_i/clk_wiz_0/inst/clkin1_ibufg/O
                         net (fo=1, routed)           1.162    12.566    design_1_i/clk_wiz_0/inst/clk_in1_design_1_clk_wiz_0_0
    MMCME2_ADV_X1Y2      MMCME2_ADV (Prop_mmcme2_adv_CLKIN1_CLKOUT0)
                                                     -7.814     4.752 r  design_1_i/clk_wiz_0/inst/mmcm_adv_inst/CLKOUT0
                         net (fo=1, routed)           2.012     6.764    design_1_i/clk_wiz_0/inst/clk_out1_design_1_clk_wiz_0_0
    BUFGCTRL_X0Y16       BUFG (Prop_bufg_I_O)         0.091     6.855 r  design_1_i/clk_wiz_0/inst/clkout1_buf/O
                         net (fo=5368, routed)        1.608     8.463    design_1_i/fft_top_0/inst/U_FFT_CORE/U_MEM_RPATH/clk_100mhz
    SLICE_X94Y54         FDCE                                         r  design_1_i/fft_top_0/inst/U_FFT_CORE/U_MEM_RPATH/o_fft_core_data_reg[33]/C
                         clock pessimism              0.467     8.930    
                         clock uncertainty           -0.072     8.858    
    SLICE_X94Y54         FDCE (Recov_fdce_C_CLR)     -0.319     8.539    design_1_i/fft_top_0/inst/U_FFT_CORE/U_MEM_RPATH/o_fft_core_data_reg[33]
  -------------------------------------------------------------------
                         required time                          8.539    
                         arrival time                          -7.221    
  -------------------------------------------------------------------
                         slack                                  1.317    

Slack (MET) :             1.458ns  (required time - arrival time)
  Source:                 design_1_i/rst_clk_wiz_0_100M/U0/ACTIVE_LOW_PR_OUT_DFF[0].FDRE_PER_N/C
                            (rising edge-triggered cell FDRE clocked by clk_out1_design_1_clk_wiz_0_0  {rise@0.000ns fall@5.000ns period=10.000ns})
  Destination:            design_1_i/fft_top_0/inst/U_FFT_CORE/U_MEM_RPATH/o_fft_core_data_reg[35]/CLR
                            (recovery check against rising-edge clock clk_out1_design_1_clk_wiz_0_0  {rise@0.000ns fall@5.000ns period=10.000ns})
  Path Group:             **async_default**
  Path Type:              Recovery (Max at Slow Process Corner)
  Requirement:            10.000ns  (clk_out1_design_1_clk_wiz_0_0 rise@10.000ns - clk_out1_design_1_clk_wiz_0_0 rise@0.000ns)
  Data Path Delay:        7.868ns  (logic 0.580ns (7.372%)  route 7.288ns (92.628%))
  Logic Levels:           1  (LUT1=1)
  Clock Path Skew:        -0.283ns (DCD - SCD + CPR)
    Destination Clock Delay (DCD):    -1.537ns = ( 8.463 - 10.000 ) 
    Source Clock Delay      (SCD):    -0.787ns
    Clock Pessimism Removal (CPR):    0.467ns
  Clock Uncertainty:      0.072ns  ((TSJ^2 + DJ^2)^1/2) / 2 + PE
    Total System Jitter     (TSJ):    0.071ns
    Discrete Jitter          (DJ):    0.125ns
    Phase Error              (PE):    0.000ns

    Location             Delay type                Incr(ns)  Path(ns)    Netlist Resource(s)
  -------------------------------------------------------------------    -------------------
                         (clock clk_out1_design_1_clk_wiz_0_0 rise edge)
                                                      0.000     0.000 r  
    K17                                               0.000     0.000 r  sys_clock (IN)
                         net (fo=0)                   0.000     0.000    design_1_i/clk_wiz_0/inst/clk_in1
    K17                  IBUF (Prop_ibuf_I_O)         1.475     1.475 r  design_1_i/clk_wiz_0/inst/clkin1_ibufg/O
                         net (fo=1, routed)           1.285     2.760    design_1_i/clk_wiz_0/inst/clk_in1_design_1_clk_wiz_0_0
    MMCME2_ADV_X1Y2      MMCME2_ADV (Prop_mmcme2_adv_CLKIN1_CLKOUT0)
                                                     -7.759    -4.999 r  design_1_i/clk_wiz_0/inst/mmcm_adv_inst/CLKOUT0
                         net (fo=1, routed)           2.206    -2.793    design_1_i/clk_wiz_0/inst/clk_out1_design_1_clk_wiz_0_0
    BUFGCTRL_X0Y16       BUFG (Prop_bufg_I_O)         0.101    -2.692 r  design_1_i/clk_wiz_0/inst/clkout1_buf/O
                         net (fo=5368, routed)        1.905    -0.787    design_1_i/rst_clk_wiz_0_100M/U0/slowest_sync_clk
    SLICE_X59Y101        FDRE                                         r  design_1_i/rst_clk_wiz_0_100M/U0/ACTIVE_LOW_PR_OUT_DFF[0].FDRE_PER_N/C
  -------------------------------------------------------------------    -------------------
    SLICE_X59Y101        FDRE (Prop_fdre_C_Q)         0.456    -0.331 r  design_1_i/rst_clk_wiz_0_100M/U0/ACTIVE_LOW_PR_OUT_DFF[0].FDRE_PER_N/Q
                         net (fo=58, routed)          0.289    -0.042    design_1_i/util_vector_logic_0/Op1[0]
    SLICE_X58Y101        LUT1 (Prop_lut1_I0_O)        0.124     0.082 f  design_1_i/util_vector_logic_0/Res[0]_INST_0/O
                         net (fo=510, routed)         6.998     7.081    design_1_i/fft_top_0/inst/U_FFT_CORE/U_MEM_RPATH/rst_100mhz
    SLICE_X94Y55         FDCE                                         f  design_1_i/fft_top_0/inst/U_FFT_CORE/U_MEM_RPATH/o_fft_core_data_reg[35]/CLR
  -------------------------------------------------------------------    -------------------

                         (clock clk_out1_design_1_clk_wiz_0_0 rise edge)
                                                     10.000    10.000 r  
    K17                                               0.000    10.000 r  sys_clock (IN)
                         net (fo=0)                   0.000    10.000    design_1_i/clk_wiz_0/inst/clk_in1
    K17                  IBUF (Prop_ibuf_I_O)         1.404    11.404 r  design_1_i/clk_wiz_0/inst/clkin1_ibufg/O
                         net (fo=1, routed)           1.162    12.566    design_1_i/clk_wiz_0/inst/clk_in1_design_1_clk_wiz_0_0
    MMCME2_ADV_X1Y2      MMCME2_ADV (Prop_mmcme2_adv_CLKIN1_CLKOUT0)
                                                     -7.814     4.752 r  design_1_i/clk_wiz_0/inst/mmcm_adv_inst/CLKOUT0
                         net (fo=1, routed)           2.012     6.764    design_1_i/clk_wiz_0/inst/clk_out1_design_1_clk_wiz_0_0
    BUFGCTRL_X0Y16       BUFG (Prop_bufg_I_O)         0.091     6.855 r  design_1_i/clk_wiz_0/inst/clkout1_buf/O
                         net (fo=5368, routed)        1.608     8.463    design_1_i/fft_top_0/inst/U_FFT_CORE/U_MEM_RPATH/clk_100mhz
    SLICE_X94Y55         FDCE                                         r  design_1_i/fft_top_0/inst/U_FFT_CORE/U_MEM_RPATH/o_fft_core_data_reg[35]/C
                         clock pessimism              0.467     8.930    
                         clock uncertainty           -0.072     8.858    
    SLICE_X94Y55         FDCE (Recov_fdce_C_CLR)     -0.319     8.539    design_1_i/fft_top_0/inst/U_FFT_CORE/U_MEM_RPATH/o_fft_core_data_reg[35]
  -------------------------------------------------------------------
                         required time                          8.539    
                         arrival time                          -7.081    
  -------------------------------------------------------------------
                         slack                                  1.458    

Slack (MET) :             1.611ns  (required time - arrival time)
  Source:                 design_1_i/rst_clk_wiz_0_100M/U0/ACTIVE_LOW_PR_OUT_DFF[0].FDRE_PER_N/C
                            (rising edge-triggered cell FDRE clocked by clk_out1_design_1_clk_wiz_0_0  {rise@0.000ns fall@5.000ns period=10.000ns})
  Destination:            design_1_i/fft_top_0/inst/U_FFT_CORE/U_MEM_RPATH/o_fft_core_data_reg[34]/CLR
                            (recovery check against rising-edge clock clk_out1_design_1_clk_wiz_0_0  {rise@0.000ns fall@5.000ns period=10.000ns})
  Path Group:             **async_default**
  Path Type:              Recovery (Max at Slow Process Corner)
  Requirement:            10.000ns  (clk_out1_design_1_clk_wiz_0_0 rise@10.000ns - clk_out1_design_1_clk_wiz_0_0 rise@0.000ns)
  Data Path Delay:        7.714ns  (logic 0.580ns (7.519%)  route 7.134ns (92.481%))
  Logic Levels:           1  (LUT1=1)
  Clock Path Skew:        -0.284ns (DCD - SCD + CPR)
    Destination Clock Delay (DCD):    -1.538ns = ( 8.462 - 10.000 ) 
    Source Clock Delay      (SCD):    -0.787ns
    Clock Pessimism Removal (CPR):    0.467ns
  Clock Uncertainty:      0.072ns  ((TSJ^2 + DJ^2)^1/2) / 2 + PE
    Total System Jitter     (TSJ):    0.071ns
    Discrete Jitter          (DJ):    0.125ns
    Phase Error              (PE):    0.000ns

    Location             Delay type                Incr(ns)  Path(ns)    Netlist Resource(s)
  -------------------------------------------------------------------    -------------------
                         (clock clk_out1_design_1_clk_wiz_0_0 rise edge)
                                                      0.000     0.000 r  
    K17                                               0.000     0.000 r  sys_clock (IN)
                         net (fo=0)                   0.000     0.000    design_1_i/clk_wiz_0/inst/clk_in1
    K17                  IBUF (Prop_ibuf_I_O)         1.475     1.475 r  design_1_i/clk_wiz_0/inst/clkin1_ibufg/O
                         net (fo=1, routed)           1.285     2.760    design_1_i/clk_wiz_0/inst/clk_in1_design_1_clk_wiz_0_0
    MMCME2_ADV_X1Y2      MMCME2_ADV (Prop_mmcme2_adv_CLKIN1_CLKOUT0)
                                                     -7.759    -4.999 r  design_1_i/clk_wiz_0/inst/mmcm_adv_inst/CLKOUT0
                         net (fo=1, routed)           2.206    -2.793    design_1_i/clk_wiz_0/inst/clk_out1_design_1_clk_wiz_0_0
    BUFGCTRL_X0Y16       BUFG (Prop_bufg_I_O)         0.101    -2.692 r  design_1_i/clk_wiz_0/inst/clkout1_buf/O
                         net (fo=5368, routed)        1.905    -0.787    design_1_i/rst_clk_wiz_0_100M/U0/slowest_sync_clk
    SLICE_X59Y101        FDRE                                         r  design_1_i/rst_clk_wiz_0_100M/U0/ACTIVE_LOW_PR_OUT_DFF[0].FDRE_PER_N/C
  -------------------------------------------------------------------    -------------------
    SLICE_X59Y101        FDRE (Prop_fdre_C_Q)         0.456    -0.331 r  design_1_i/rst_clk_wiz_0_100M/U0/ACTIVE_LOW_PR_OUT_DFF[0].FDRE_PER_N/Q
                         net (fo=58, routed)          0.289    -0.042    design_1_i/util_vector_logic_0/Op1[0]
    SLICE_X58Y101        LUT1 (Prop_lut1_I0_O)        0.124     0.082 f  design_1_i/util_vector_logic_0/Res[0]_INST_0/O
                         net (fo=510, routed)         6.844     6.926    design_1_i/fft_top_0/inst/U_FFT_CORE/U_MEM_RPATH/rst_100mhz
    SLICE_X94Y57         FDCE                                         f  design_1_i/fft_top_0/inst/U_FFT_CORE/U_MEM_RPATH/o_fft_core_data_reg[34]/CLR
  -------------------------------------------------------------------    -------------------

                         (clock clk_out1_design_1_clk_wiz_0_0 rise edge)
                                                     10.000    10.000 r  
    K17                                               0.000    10.000 r  sys_clock (IN)
                         net (fo=0)                   0.000    10.000    design_1_i/clk_wiz_0/inst/clk_in1
    K17                  IBUF (Prop_ibuf_I_O)         1.404    11.404 r  design_1_i/clk_wiz_0/inst/clkin1_ibufg/O
                         net (fo=1, routed)           1.162    12.566    design_1_i/clk_wiz_0/inst/clk_in1_design_1_clk_wiz_0_0
    MMCME2_ADV_X1Y2      MMCME2_ADV (Prop_mmcme2_adv_CLKIN1_CLKOUT0)
                                                     -7.814     4.752 r  design_1_i/clk_wiz_0/inst/mmcm_adv_inst/CLKOUT0
                         net (fo=1, routed)           2.012     6.764    design_1_i/clk_wiz_0/inst/clk_out1_design_1_clk_wiz_0_0
    BUFGCTRL_X0Y16       BUFG (Prop_bufg_I_O)         0.091     6.855 r  design_1_i/clk_wiz_0/inst/clkout1_buf/O
                         net (fo=5368, routed)        1.607     8.462    design_1_i/fft_top_0/inst/U_FFT_CORE/U_MEM_RPATH/clk_100mhz
    SLICE_X94Y57         FDCE                                         r  design_1_i/fft_top_0/inst/U_FFT_CORE/U_MEM_RPATH/o_fft_core_data_reg[34]/C
                         clock pessimism              0.467     8.929    
                         clock uncertainty           -0.072     8.857    
    SLICE_X94Y57         FDCE (Recov_fdce_C_CLR)     -0.319     8.538    design_1_i/fft_top_0/inst/U_FFT_CORE/U_MEM_RPATH/o_fft_core_data_reg[34]
  -------------------------------------------------------------------
                         required time                          8.538    
                         arrival time                          -6.926    
  -------------------------------------------------------------------
                         slack                                  1.611    

Slack (MET) :             1.619ns  (required time - arrival time)
  Source:                 design_1_i/rst_clk_wiz_0_100M/U0/ACTIVE_LOW_PR_OUT_DFF[0].FDRE_PER_N/C
                            (rising edge-triggered cell FDRE clocked by clk_out1_design_1_clk_wiz_0_0  {rise@0.000ns fall@5.000ns period=10.000ns})
  Destination:            design_1_i/fft_top_0/inst/U_FFT_CORE/U_MEM_RPATH/o_fft_core_data_reg[36]/CLR
                            (recovery check against rising-edge clock clk_out1_design_1_clk_wiz_0_0  {rise@0.000ns fall@5.000ns period=10.000ns})
  Path Group:             **async_default**
  Path Type:              Recovery (Max at Slow Process Corner)
  Requirement:            10.000ns  (clk_out1_design_1_clk_wiz_0_0 rise@10.000ns - clk_out1_design_1_clk_wiz_0_0 rise@0.000ns)
  Data Path Delay:        7.702ns  (logic 0.580ns (7.531%)  route 7.122ns (92.469%))
  Logic Levels:           1  (LUT1=1)
  Clock Path Skew:        -0.288ns (DCD - SCD + CPR)
    Destination Clock Delay (DCD):    -1.542ns = ( 8.458 - 10.000 ) 
    Source Clock Delay      (SCD):    -0.787ns
    Clock Pessimism Removal (CPR):    0.467ns
  Clock Uncertainty:      0.072ns  ((TSJ^2 + DJ^2)^1/2) / 2 + PE
    Total System Jitter     (TSJ):    0.071ns
    Discrete Jitter          (DJ):    0.125ns
    Phase Error              (PE):    0.000ns

    Location             Delay type                Incr(ns)  Path(ns)    Netlist Resource(s)
  -------------------------------------------------------------------    -------------------
                         (clock clk_out1_design_1_clk_wiz_0_0 rise edge)
                                                      0.000     0.000 r  
    K17                                               0.000     0.000 r  sys_clock (IN)
                         net (fo=0)                   0.000     0.000    design_1_i/clk_wiz_0/inst/clk_in1
    K17                  IBUF (Prop_ibuf_I_O)         1.475     1.475 r  design_1_i/clk_wiz_0/inst/clkin1_ibufg/O
                         net (fo=1, routed)           1.285     2.760    design_1_i/clk_wiz_0/inst/clk_in1_design_1_clk_wiz_0_0
    MMCME2_ADV_X1Y2      MMCME2_ADV (Prop_mmcme2_adv_CLKIN1_CLKOUT0)
                                                     -7.759    -4.999 r  design_1_i/clk_wiz_0/inst/mmcm_adv_inst/CLKOUT0
                         net (fo=1, routed)           2.206    -2.793    design_1_i/clk_wiz_0/inst/clk_out1_design_1_clk_wiz_0_0
    BUFGCTRL_X0Y16       BUFG (Prop_bufg_I_O)         0.101    -2.692 r  design_1_i/clk_wiz_0/inst/clkout1_buf/O
                         net (fo=5368, routed)        1.905    -0.787    design_1_i/rst_clk_wiz_0_100M/U0/slowest_sync_clk
    SLICE_X59Y101        FDRE                                         r  design_1_i/rst_clk_wiz_0_100M/U0/ACTIVE_LOW_PR_OUT_DFF[0].FDRE_PER_N/C
  -------------------------------------------------------------------    -------------------
    SLICE_X59Y101        FDRE (Prop_fdre_C_Q)         0.456    -0.331 r  design_1_i/rst_clk_wiz_0_100M/U0/ACTIVE_LOW_PR_OUT_DFF[0].FDRE_PER_N/Q
                         net (fo=58, routed)          0.289    -0.042    design_1_i/util_vector_logic_0/Op1[0]
    SLICE_X58Y101        LUT1 (Prop_lut1_I0_O)        0.124     0.082 f  design_1_i/util_vector_logic_0/Res[0]_INST_0/O
                         net (fo=510, routed)         6.833     6.915    design_1_i/fft_top_0/inst/U_FFT_CORE/U_MEM_RPATH/rst_100mhz
    SLICE_X90Y59         FDCE                                         f  design_1_i/fft_top_0/inst/U_FFT_CORE/U_MEM_RPATH/o_fft_core_data_reg[36]/CLR
  -------------------------------------------------------------------    -------------------

                         (clock clk_out1_design_1_clk_wiz_0_0 rise edge)
                                                     10.000    10.000 r  
    K17                                               0.000    10.000 r  sys_clock (IN)
                         net (fo=0)                   0.000    10.000    design_1_i/clk_wiz_0/inst/clk_in1
    K17                  IBUF (Prop_ibuf_I_O)         1.404    11.404 r  design_1_i/clk_wiz_0/inst/clkin1_ibufg/O
                         net (fo=1, routed)           1.162    12.566    design_1_i/clk_wiz_0/inst/clk_in1_design_1_clk_wiz_0_0
    MMCME2_ADV_X1Y2      MMCME2_ADV (Prop_mmcme2_adv_CLKIN1_CLKOUT0)
                                                     -7.814     4.752 r  design_1_i/clk_wiz_0/inst/mmcm_adv_inst/CLKOUT0
                         net (fo=1, routed)           2.012     6.764    design_1_i/clk_wiz_0/inst/clk_out1_design_1_clk_wiz_0_0
    BUFGCTRL_X0Y16       BUFG (Prop_bufg_I_O)         0.091     6.855 r  design_1_i/clk_wiz_0/inst/clkout1_buf/O
                         net (fo=5368, routed)        1.603     8.458    design_1_i/fft_top_0/inst/U_FFT_CORE/U_MEM_RPATH/clk_100mhz
    SLICE_X90Y59         FDCE                                         r  design_1_i/fft_top_0/inst/U_FFT_CORE/U_MEM_RPATH/o_fft_core_data_reg[36]/C
                         clock pessimism              0.467     8.925    
                         clock uncertainty           -0.072     8.853    
    SLICE_X90Y59         FDCE (Recov_fdce_C_CLR)     -0.319     8.534    design_1_i/fft_top_0/inst/U_FFT_CORE/U_MEM_RPATH/o_fft_core_data_reg[36]
  -------------------------------------------------------------------
                         required time                          8.534    
                         arrival time                          -6.915    
  -------------------------------------------------------------------
                         slack                                  1.619    

Slack (MET) :             1.619ns  (required time - arrival time)
  Source:                 design_1_i/rst_clk_wiz_0_100M/U0/ACTIVE_LOW_PR_OUT_DFF[0].FDRE_PER_N/C
                            (rising edge-triggered cell FDRE clocked by clk_out1_design_1_clk_wiz_0_0  {rise@0.000ns fall@5.000ns period=10.000ns})
  Destination:            design_1_i/fft_top_0/inst/U_FFT_CORE/U_MEM_RPATH/o_fft_core_data_reg[37]/CLR
                            (recovery check against rising-edge clock clk_out1_design_1_clk_wiz_0_0  {rise@0.000ns fall@5.000ns period=10.000ns})
  Path Group:             **async_default**
  Path Type:              Recovery (Max at Slow Process Corner)
  Requirement:            10.000ns  (clk_out1_design_1_clk_wiz_0_0 rise@10.000ns - clk_out1_design_1_clk_wiz_0_0 rise@0.000ns)
  Data Path Delay:        7.702ns  (logic 0.580ns (7.531%)  route 7.122ns (92.469%))
  Logic Levels:           1  (LUT1=1)
  Clock Path Skew:        -0.288ns (DCD - SCD + CPR)
    Destination Clock Delay (DCD):    -1.542ns = ( 8.458 - 10.000 ) 
    Source Clock Delay      (SCD):    -0.787ns
    Clock Pessimism Removal (CPR):    0.467ns
  Clock Uncertainty:      0.072ns  ((TSJ^2 + DJ^2)^1/2) / 2 + PE
    Total System Jitter     (TSJ):    0.071ns
    Discrete Jitter          (DJ):    0.125ns
    Phase Error              (PE):    0.000ns

    Location             Delay type                Incr(ns)  Path(ns)    Netlist Resource(s)
  -------------------------------------------------------------------    -------------------
                         (clock clk_out1_design_1_clk_wiz_0_0 rise edge)
                                                      0.000     0.000 r  
    K17                                               0.000     0.000 r  sys_clock (IN)
                         net (fo=0)                   0.000     0.000    design_1_i/clk_wiz_0/inst/clk_in1
    K17                  IBUF (Prop_ibuf_I_O)         1.475     1.475 r  design_1_i/clk_wiz_0/inst/clkin1_ibufg/O
                         net (fo=1, routed)           1.285     2.760    design_1_i/clk_wiz_0/inst/clk_in1_design_1_clk_wiz_0_0
    MMCME2_ADV_X1Y2      MMCME2_ADV (Prop_mmcme2_adv_CLKIN1_CLKOUT0)
                                                     -7.759    -4.999 r  design_1_i/clk_wiz_0/inst/mmcm_adv_inst/CLKOUT0
                         net (fo=1, routed)           2.206    -2.793    design_1_i/clk_wiz_0/inst/clk_out1_design_1_clk_wiz_0_0
    BUFGCTRL_X0Y16       BUFG (Prop_bufg_I_O)         0.101    -2.692 r  design_1_i/clk_wiz_0/inst/clkout1_buf/O
                         net (fo=5368, routed)        1.905    -0.787    design_1_i/rst_clk_wiz_0_100M/U0/slowest_sync_clk
    SLICE_X59Y101        FDRE                                         r  design_1_i/rst_clk_wiz_0_100M/U0/ACTIVE_LOW_PR_OUT_DFF[0].FDRE_PER_N/C
  -------------------------------------------------------------------    -------------------
    SLICE_X59Y101        FDRE (Prop_fdre_C_Q)         0.456    -0.331 r  design_1_i/rst_clk_wiz_0_100M/U0/ACTIVE_LOW_PR_OUT_DFF[0].FDRE_PER_N/Q
                         net (fo=58, routed)          0.289    -0.042    design_1_i/util_vector_logic_0/Op1[0]
    SLICE_X58Y101        LUT1 (Prop_lut1_I0_O)        0.124     0.082 f  design_1_i/util_vector_logic_0/Res[0]_INST_0/O
                         net (fo=510, routed)         6.833     6.915    design_1_i/fft_top_0/inst/U_FFT_CORE/U_MEM_RPATH/rst_100mhz
    SLICE_X90Y59         FDCE                                         f  design_1_i/fft_top_0/inst/U_FFT_CORE/U_MEM_RPATH/o_fft_core_data_reg[37]/CLR
  -------------------------------------------------------------------    -------------------

                         (clock clk_out1_design_1_clk_wiz_0_0 rise edge)
                                                     10.000    10.000 r  
    K17                                               0.000    10.000 r  sys_clock (IN)
                         net (fo=0)                   0.000    10.000    design_1_i/clk_wiz_0/inst/clk_in1
    K17                  IBUF (Prop_ibuf_I_O)         1.404    11.404 r  design_1_i/clk_wiz_0/inst/clkin1_ibufg/O
                         net (fo=1, routed)           1.162    12.566    design_1_i/clk_wiz_0/inst/clk_in1_design_1_clk_wiz_0_0
    MMCME2_ADV_X1Y2      MMCME2_ADV (Prop_mmcme2_adv_CLKIN1_CLKOUT0)
                                                     -7.814     4.752 r  design_1_i/clk_wiz_0/inst/mmcm_adv_inst/CLKOUT0
                         net (fo=1, routed)           2.012     6.764    design_1_i/clk_wiz_0/inst/clk_out1_design_1_clk_wiz_0_0
    BUFGCTRL_X0Y16       BUFG (Prop_bufg_I_O)         0.091     6.855 r  design_1_i/clk_wiz_0/inst/clkout1_buf/O
                         net (fo=5368, routed)        1.603     8.458    design_1_i/fft_top_0/inst/U_FFT_CORE/U_MEM_RPATH/clk_100mhz
    SLICE_X90Y59         FDCE                                         r  design_1_i/fft_top_0/inst/U_FFT_CORE/U_MEM_RPATH/o_fft_core_data_reg[37]/C
                         clock pessimism              0.467     8.925    
                         clock uncertainty           -0.072     8.853    
    SLICE_X90Y59         FDCE (Recov_fdce_C_CLR)     -0.319     8.534    design_1_i/fft_top_0/inst/U_FFT_CORE/U_MEM_RPATH/o_fft_core_data_reg[37]
  -------------------------------------------------------------------
                         required time                          8.534    
                         arrival time                          -6.915    
  -------------------------------------------------------------------
                         slack                                  1.619    

Slack (MET) :             1.619ns  (required time - arrival time)
  Source:                 design_1_i/rst_clk_wiz_0_100M/U0/ACTIVE_LOW_PR_OUT_DFF[0].FDRE_PER_N/C
                            (rising edge-triggered cell FDRE clocked by clk_out1_design_1_clk_wiz_0_0  {rise@0.000ns fall@5.000ns period=10.000ns})
  Destination:            design_1_i/fft_top_0/inst/U_FFT_CORE/U_MEM_RPATH/o_fft_core_data_reg[38]/CLR
                            (recovery check against rising-edge clock clk_out1_design_1_clk_wiz_0_0  {rise@0.000ns fall@5.000ns period=10.000ns})
  Path Group:             **async_default**
  Path Type:              Recovery (Max at Slow Process Corner)
  Requirement:            10.000ns  (clk_out1_design_1_clk_wiz_0_0 rise@10.000ns - clk_out1_design_1_clk_wiz_0_0 rise@0.000ns)
  Data Path Delay:        7.702ns  (logic 0.580ns (7.531%)  route 7.122ns (92.469%))
  Logic Levels:           1  (LUT1=1)
  Clock Path Skew:        -0.288ns (DCD - SCD + CPR)
    Destination Clock Delay (DCD):    -1.542ns = ( 8.458 - 10.000 ) 
    Source Clock Delay      (SCD):    -0.787ns
    Clock Pessimism Removal (CPR):    0.467ns
  Clock Uncertainty:      0.072ns  ((TSJ^2 + DJ^2)^1/2) / 2 + PE
    Total System Jitter     (TSJ):    0.071ns
    Discrete Jitter          (DJ):    0.125ns
    Phase Error              (PE):    0.000ns

    Location             Delay type                Incr(ns)  Path(ns)    Netlist Resource(s)
  -------------------------------------------------------------------    -------------------
                         (clock clk_out1_design_1_clk_wiz_0_0 rise edge)
                                                      0.000     0.000 r  
    K17                                               0.000     0.000 r  sys_clock (IN)
                         net (fo=0)                   0.000     0.000    design_1_i/clk_wiz_0/inst/clk_in1
    K17                  IBUF (Prop_ibuf_I_O)         1.475     1.475 r  design_1_i/clk_wiz_0/inst/clkin1_ibufg/O
                         net (fo=1, routed)           1.285     2.760    design_1_i/clk_wiz_0/inst/clk_in1_design_1_clk_wiz_0_0
    MMCME2_ADV_X1Y2      MMCME2_ADV (Prop_mmcme2_adv_CLKIN1_CLKOUT0)
                                                     -7.759    -4.999 r  design_1_i/clk_wiz_0/inst/mmcm_adv_inst/CLKOUT0
                         net (fo=1, routed)           2.206    -2.793    design_1_i/clk_wiz_0/inst/clk_out1_design_1_clk_wiz_0_0
    BUFGCTRL_X0Y16       BUFG (Prop_bufg_I_O)         0.101    -2.692 r  design_1_i/clk_wiz_0/inst/clkout1_buf/O
                         net (fo=5368, routed)        1.905    -0.787    design_1_i/rst_clk_wiz_0_100M/U0/slowest_sync_clk
    SLICE_X59Y101        FDRE                                         r  design_1_i/rst_clk_wiz_0_100M/U0/ACTIVE_LOW_PR_OUT_DFF[0].FDRE_PER_N/C
  -------------------------------------------------------------------    -------------------
    SLICE_X59Y101        FDRE (Prop_fdre_C_Q)         0.456    -0.331 r  design_1_i/rst_clk_wiz_0_100M/U0/ACTIVE_LOW_PR_OUT_DFF[0].FDRE_PER_N/Q
                         net (fo=58, routed)          0.289    -0.042    design_1_i/util_vector_logic_0/Op1[0]
    SLICE_X58Y101        LUT1 (Prop_lut1_I0_O)        0.124     0.082 f  design_1_i/util_vector_logic_0/Res[0]_INST_0/O
                         net (fo=510, routed)         6.833     6.915    design_1_i/fft_top_0/inst/U_FFT_CORE/U_MEM_RPATH/rst_100mhz
    SLICE_X90Y59         FDCE                                         f  design_1_i/fft_top_0/inst/U_FFT_CORE/U_MEM_RPATH/o_fft_core_data_reg[38]/CLR
  -------------------------------------------------------------------    -------------------

                         (clock clk_out1_design_1_clk_wiz_0_0 rise edge)
                                                     10.000    10.000 r  
    K17                                               0.000    10.000 r  sys_clock (IN)
                         net (fo=0)                   0.000    10.000    design_1_i/clk_wiz_0/inst/clk_in1
    K17                  IBUF (Prop_ibuf_I_O)         1.404    11.404 r  design_1_i/clk_wiz_0/inst/clkin1_ibufg/O
                         net (fo=1, routed)           1.162    12.566    design_1_i/clk_wiz_0/inst/clk_in1_design_1_clk_wiz_0_0
    MMCME2_ADV_X1Y2      MMCME2_ADV (Prop_mmcme2_adv_CLKIN1_CLKOUT0)
                                                     -7.814     4.752 r  design_1_i/clk_wiz_0/inst/mmcm_adv_inst/CLKOUT0
                         net (fo=1, routed)           2.012     6.764    design_1_i/clk_wiz_0/inst/clk_out1_design_1_clk_wiz_0_0
    BUFGCTRL_X0Y16       BUFG (Prop_bufg_I_O)         0.091     6.855 r  design_1_i/clk_wiz_0/inst/clkout1_buf/O
                         net (fo=5368, routed)        1.603     8.458    design_1_i/fft_top_0/inst/U_FFT_CORE/U_MEM_RPATH/clk_100mhz
    SLICE_X90Y59         FDCE                                         r  design_1_i/fft_top_0/inst/U_FFT_CORE/U_MEM_RPATH/o_fft_core_data_reg[38]/C
                         clock pessimism              0.467     8.925    
                         clock uncertainty           -0.072     8.853    
    SLICE_X90Y59         FDCE (Recov_fdce_C_CLR)     -0.319     8.534    design_1_i/fft_top_0/inst/U_FFT_CORE/U_MEM_RPATH/o_fft_core_data_reg[38]
  -------------------------------------------------------------------
                         required time                          8.534    
                         arrival time                          -6.915    
  -------------------------------------------------------------------
                         slack                                  1.619    

Slack (MET) :             1.619ns  (required time - arrival time)
  Source:                 design_1_i/rst_clk_wiz_0_100M/U0/ACTIVE_LOW_PR_OUT_DFF[0].FDRE_PER_N/C
                            (rising edge-triggered cell FDRE clocked by clk_out1_design_1_clk_wiz_0_0  {rise@0.000ns fall@5.000ns period=10.000ns})
  Destination:            design_1_i/fft_top_0/inst/U_FFT_CORE/U_MEM_RPATH/o_fft_core_data_reg[39]/CLR
                            (recovery check against rising-edge clock clk_out1_design_1_clk_wiz_0_0  {rise@0.000ns fall@5.000ns period=10.000ns})
  Path Group:             **async_default**
  Path Type:              Recovery (Max at Slow Process Corner)
  Requirement:            10.000ns  (clk_out1_design_1_clk_wiz_0_0 rise@10.000ns - clk_out1_design_1_clk_wiz_0_0 rise@0.000ns)
  Data Path Delay:        7.702ns  (logic 0.580ns (7.531%)  route 7.122ns (92.469%))
  Logic Levels:           1  (LUT1=1)
  Clock Path Skew:        -0.288ns (DCD - SCD + CPR)
    Destination Clock Delay (DCD):    -1.542ns = ( 8.458 - 10.000 ) 
    Source Clock Delay      (SCD):    -0.787ns
    Clock Pessimism Removal (CPR):    0.467ns
  Clock Uncertainty:      0.072ns  ((TSJ^2 + DJ^2)^1/2) / 2 + PE
    Total System Jitter     (TSJ):    0.071ns
    Discrete Jitter          (DJ):    0.125ns
    Phase Error              (PE):    0.000ns

    Location             Delay type                Incr(ns)  Path(ns)    Netlist Resource(s)
  -------------------------------------------------------------------    -------------------
                         (clock clk_out1_design_1_clk_wiz_0_0 rise edge)
                                                      0.000     0.000 r  
    K17                                               0.000     0.000 r  sys_clock (IN)
                         net (fo=0)                   0.000     0.000    design_1_i/clk_wiz_0/inst/clk_in1
    K17                  IBUF (Prop_ibuf_I_O)         1.475     1.475 r  design_1_i/clk_wiz_0/inst/clkin1_ibufg/O
                         net (fo=1, routed)           1.285     2.760    design_1_i/clk_wiz_0/inst/clk_in1_design_1_clk_wiz_0_0
    MMCME2_ADV_X1Y2      MMCME2_ADV (Prop_mmcme2_adv_CLKIN1_CLKOUT0)
                                                     -7.759    -4.999 r  design_1_i/clk_wiz_0/inst/mmcm_adv_inst/CLKOUT0
                         net (fo=1, routed)           2.206    -2.793    design_1_i/clk_wiz_0/inst/clk_out1_design_1_clk_wiz_0_0
    BUFGCTRL_X0Y16       BUFG (Prop_bufg_I_O)         0.101    -2.692 r  design_1_i/clk_wiz_0/inst/clkout1_buf/O
                         net (fo=5368, routed)        1.905    -0.787    design_1_i/rst_clk_wiz_0_100M/U0/slowest_sync_clk
    SLICE_X59Y101        FDRE                                         r  design_1_i/rst_clk_wiz_0_100M/U0/ACTIVE_LOW_PR_OUT_DFF[0].FDRE_PER_N/C
  -------------------------------------------------------------------    -------------------
    SLICE_X59Y101        FDRE (Prop_fdre_C_Q)         0.456    -0.331 r  design_1_i/rst_clk_wiz_0_100M/U0/ACTIVE_LOW_PR_OUT_DFF[0].FDRE_PER_N/Q
                         net (fo=58, routed)          0.289    -0.042    design_1_i/util_vector_logic_0/Op1[0]
    SLICE_X58Y101        LUT1 (Prop_lut1_I0_O)        0.124     0.082 f  design_1_i/util_vector_logic_0/Res[0]_INST_0/O
                         net (fo=510, routed)         6.833     6.915    design_1_i/fft_top_0/inst/U_FFT_CORE/U_MEM_RPATH/rst_100mhz
    SLICE_X90Y59         FDCE                                         f  design_1_i/fft_top_0/inst/U_FFT_CORE/U_MEM_RPATH/o_fft_core_data_reg[39]/CLR
  -------------------------------------------------------------------    -------------------

                         (clock clk_out1_design_1_clk_wiz_0_0 rise edge)
                                                     10.000    10.000 r  
    K17                                               0.000    10.000 r  sys_clock (IN)
                         net (fo=0)                   0.000    10.000    design_1_i/clk_wiz_0/inst/clk_in1
    K17                  IBUF (Prop_ibuf_I_O)         1.404    11.404 r  design_1_i/clk_wiz_0/inst/clkin1_ibufg/O
                         net (fo=1, routed)           1.162    12.566    design_1_i/clk_wiz_0/inst/clk_in1_design_1_clk_wiz_0_0
    MMCME2_ADV_X1Y2      MMCME2_ADV (Prop_mmcme2_adv_CLKIN1_CLKOUT0)
                                                     -7.814     4.752 r  design_1_i/clk_wiz_0/inst/mmcm_adv_inst/CLKOUT0
                         net (fo=1, routed)           2.012     6.764    design_1_i/clk_wiz_0/inst/clk_out1_design_1_clk_wiz_0_0
    BUFGCTRL_X0Y16       BUFG (Prop_bufg_I_O)         0.091     6.855 r  design_1_i/clk_wiz_0/inst/clkout1_buf/O
                         net (fo=5368, routed)        1.603     8.458    design_1_i/fft_top_0/inst/U_FFT_CORE/U_MEM_RPATH/clk_100mhz
    SLICE_X90Y59         FDCE                                         r  design_1_i/fft_top_0/inst/U_FFT_CORE/U_MEM_RPATH/o_fft_core_data_reg[39]/C
                         clock pessimism              0.467     8.925    
                         clock uncertainty           -0.072     8.853    
    SLICE_X90Y59         FDCE (Recov_fdce_C_CLR)     -0.319     8.534    design_1_i/fft_top_0/inst/U_FFT_CORE/U_MEM_RPATH/o_fft_core_data_reg[39]
  -------------------------------------------------------------------
                         required time                          8.534    
                         arrival time                          -6.915    
  -------------------------------------------------------------------
                         slack                                  1.619    

Slack (MET) :             1.801ns  (required time - arrival time)
  Source:                 design_1_i/rst_clk_wiz_0_100M/U0/ACTIVE_LOW_PR_OUT_DFF[0].FDRE_PER_N/C
                            (rising edge-triggered cell FDRE clocked by clk_out1_design_1_clk_wiz_0_0  {rise@0.000ns fall@5.000ns period=10.000ns})
  Destination:            design_1_i/fft_top_0/inst/U_FFT_CORE/U_MEM_RPATH/o_fft_core_data_reg[10]/CLR
                            (recovery check against rising-edge clock clk_out1_design_1_clk_wiz_0_0  {rise@0.000ns fall@5.000ns period=10.000ns})
  Path Group:             **async_default**
  Path Type:              Recovery (Max at Slow Process Corner)
  Requirement:            10.000ns  (clk_out1_design_1_clk_wiz_0_0 rise@10.000ns - clk_out1_design_1_clk_wiz_0_0 rise@0.000ns)
  Data Path Delay:        7.464ns  (logic 0.580ns (7.770%)  route 6.884ns (92.230%))
  Logic Levels:           1  (LUT1=1)
  Clock Path Skew:        -0.344ns (DCD - SCD + CPR)
    Destination Clock Delay (DCD):    -1.598ns = ( 8.402 - 10.000 ) 
    Source Clock Delay      (SCD):    -0.787ns
    Clock Pessimism Removal (CPR):    0.467ns
  Clock Uncertainty:      0.072ns  ((TSJ^2 + DJ^2)^1/2) / 2 + PE
    Total System Jitter     (TSJ):    0.071ns
    Discrete Jitter          (DJ):    0.125ns
    Phase Error              (PE):    0.000ns

    Location             Delay type                Incr(ns)  Path(ns)    Netlist Resource(s)
  -------------------------------------------------------------------    -------------------
                         (clock clk_out1_design_1_clk_wiz_0_0 rise edge)
                                                      0.000     0.000 r  
    K17                                               0.000     0.000 r  sys_clock (IN)
                         net (fo=0)                   0.000     0.000    design_1_i/clk_wiz_0/inst/clk_in1
    K17                  IBUF (Prop_ibuf_I_O)         1.475     1.475 r  design_1_i/clk_wiz_0/inst/clkin1_ibufg/O
                         net (fo=1, routed)           1.285     2.760    design_1_i/clk_wiz_0/inst/clk_in1_design_1_clk_wiz_0_0
    MMCME2_ADV_X1Y2      MMCME2_ADV (Prop_mmcme2_adv_CLKIN1_CLKOUT0)
                                                     -7.759    -4.999 r  design_1_i/clk_wiz_0/inst/mmcm_adv_inst/CLKOUT0
                         net (fo=1, routed)           2.206    -2.793    design_1_i/clk_wiz_0/inst/clk_out1_design_1_clk_wiz_0_0
    BUFGCTRL_X0Y16       BUFG (Prop_bufg_I_O)         0.101    -2.692 r  design_1_i/clk_wiz_0/inst/clkout1_buf/O
                         net (fo=5368, routed)        1.905    -0.787    design_1_i/rst_clk_wiz_0_100M/U0/slowest_sync_clk
    SLICE_X59Y101        FDRE                                         r  design_1_i/rst_clk_wiz_0_100M/U0/ACTIVE_LOW_PR_OUT_DFF[0].FDRE_PER_N/C
  -------------------------------------------------------------------    -------------------
    SLICE_X59Y101        FDRE (Prop_fdre_C_Q)         0.456    -0.331 r  design_1_i/rst_clk_wiz_0_100M/U0/ACTIVE_LOW_PR_OUT_DFF[0].FDRE_PER_N/Q
                         net (fo=58, routed)          0.289    -0.042    design_1_i/util_vector_logic_0/Op1[0]
    SLICE_X58Y101        LUT1 (Prop_lut1_I0_O)        0.124     0.082 f  design_1_i/util_vector_logic_0/Res[0]_INST_0/O
                         net (fo=510, routed)         6.595     6.677    design_1_i/fft_top_0/inst/U_FFT_CORE/U_MEM_RPATH/rst_100mhz
    SLICE_X86Y52         FDCE                                         f  design_1_i/fft_top_0/inst/U_FFT_CORE/U_MEM_RPATH/o_fft_core_data_reg[10]/CLR
  -------------------------------------------------------------------    -------------------

                         (clock clk_out1_design_1_clk_wiz_0_0 rise edge)
                                                     10.000    10.000 r  
    K17                                               0.000    10.000 r  sys_clock (IN)
                         net (fo=0)                   0.000    10.000    design_1_i/clk_wiz_0/inst/clk_in1
    K17                  IBUF (Prop_ibuf_I_O)         1.404    11.404 r  design_1_i/clk_wiz_0/inst/clkin1_ibufg/O
                         net (fo=1, routed)           1.162    12.566    design_1_i/clk_wiz_0/inst/clk_in1_design_1_clk_wiz_0_0
    MMCME2_ADV_X1Y2      MMCME2_ADV (Prop_mmcme2_adv_CLKIN1_CLKOUT0)
                                                     -7.814     4.752 r  design_1_i/clk_wiz_0/inst/mmcm_adv_inst/CLKOUT0
                         net (fo=1, routed)           2.012     6.764    design_1_i/clk_wiz_0/inst/clk_out1_design_1_clk_wiz_0_0
    BUFGCTRL_X0Y16       BUFG (Prop_bufg_I_O)         0.091     6.855 r  design_1_i/clk_wiz_0/inst/clkout1_buf/O
                         net (fo=5368, routed)        1.547     8.402    design_1_i/fft_top_0/inst/U_FFT_CORE/U_MEM_RPATH/clk_100mhz
    SLICE_X86Y52         FDCE                                         r  design_1_i/fft_top_0/inst/U_FFT_CORE/U_MEM_RPATH/o_fft_core_data_reg[10]/C
                         clock pessimism              0.467     8.869    
                         clock uncertainty           -0.072     8.797    
    SLICE_X86Y52         FDCE (Recov_fdce_C_CLR)     -0.319     8.478    design_1_i/fft_top_0/inst/U_FFT_CORE/U_MEM_RPATH/o_fft_core_data_reg[10]
  -------------------------------------------------------------------
                         required time                          8.478    
                         arrival time                          -6.677    
  -------------------------------------------------------------------
                         slack                                  1.801    

Slack (MET) :             1.801ns  (required time - arrival time)
  Source:                 design_1_i/rst_clk_wiz_0_100M/U0/ACTIVE_LOW_PR_OUT_DFF[0].FDRE_PER_N/C
                            (rising edge-triggered cell FDRE clocked by clk_out1_design_1_clk_wiz_0_0  {rise@0.000ns fall@5.000ns period=10.000ns})
  Destination:            design_1_i/fft_top_0/inst/U_FFT_CORE/U_MEM_RPATH/o_fft_core_data_reg[6]/CLR
                            (recovery check against rising-edge clock clk_out1_design_1_clk_wiz_0_0  {rise@0.000ns fall@5.000ns period=10.000ns})
  Path Group:             **async_default**
  Path Type:              Recovery (Max at Slow Process Corner)
  Requirement:            10.000ns  (clk_out1_design_1_clk_wiz_0_0 rise@10.000ns - clk_out1_design_1_clk_wiz_0_0 rise@0.000ns)
  Data Path Delay:        7.464ns  (logic 0.580ns (7.770%)  route 6.884ns (92.230%))
  Logic Levels:           1  (LUT1=1)
  Clock Path Skew:        -0.344ns (DCD - SCD + CPR)
    Destination Clock Delay (DCD):    -1.598ns = ( 8.402 - 10.000 ) 
    Source Clock Delay      (SCD):    -0.787ns
    Clock Pessimism Removal (CPR):    0.467ns
  Clock Uncertainty:      0.072ns  ((TSJ^2 + DJ^2)^1/2) / 2 + PE
    Total System Jitter     (TSJ):    0.071ns
    Discrete Jitter          (DJ):    0.125ns
    Phase Error              (PE):    0.000ns

    Location             Delay type                Incr(ns)  Path(ns)    Netlist Resource(s)
  -------------------------------------------------------------------    -------------------
                         (clock clk_out1_design_1_clk_wiz_0_0 rise edge)
                                                      0.000     0.000 r  
    K17                                               0.000     0.000 r  sys_clock (IN)
                         net (fo=0)                   0.000     0.000    design_1_i/clk_wiz_0/inst/clk_in1
    K17                  IBUF (Prop_ibuf_I_O)         1.475     1.475 r  design_1_i/clk_wiz_0/inst/clkin1_ibufg/O
                         net (fo=1, routed)           1.285     2.760    design_1_i/clk_wiz_0/inst/clk_in1_design_1_clk_wiz_0_0
    MMCME2_ADV_X1Y2      MMCME2_ADV (Prop_mmcme2_adv_CLKIN1_CLKOUT0)
                                                     -7.759    -4.999 r  design_1_i/clk_wiz_0/inst/mmcm_adv_inst/CLKOUT0
                         net (fo=1, routed)           2.206    -2.793    design_1_i/clk_wiz_0/inst/clk_out1_design_1_clk_wiz_0_0
    BUFGCTRL_X0Y16       BUFG (Prop_bufg_I_O)         0.101    -2.692 r  design_1_i/clk_wiz_0/inst/clkout1_buf/O
                         net (fo=5368, routed)        1.905    -0.787    design_1_i/rst_clk_wiz_0_100M/U0/slowest_sync_clk
    SLICE_X59Y101        FDRE                                         r  design_1_i/rst_clk_wiz_0_100M/U0/ACTIVE_LOW_PR_OUT_DFF[0].FDRE_PER_N/C
  -------------------------------------------------------------------    -------------------
    SLICE_X59Y101        FDRE (Prop_fdre_C_Q)         0.456    -0.331 r  design_1_i/rst_clk_wiz_0_100M/U0/ACTIVE_LOW_PR_OUT_DFF[0].FDRE_PER_N/Q
                         net (fo=58, routed)          0.289    -0.042    design_1_i/util_vector_logic_0/Op1[0]
    SLICE_X58Y101        LUT1 (Prop_lut1_I0_O)        0.124     0.082 f  design_1_i/util_vector_logic_0/Res[0]_INST_0/O
                         net (fo=510, routed)         6.595     6.677    design_1_i/fft_top_0/inst/U_FFT_CORE/U_MEM_RPATH/rst_100mhz
    SLICE_X86Y52         FDCE                                         f  design_1_i/fft_top_0/inst/U_FFT_CORE/U_MEM_RPATH/o_fft_core_data_reg[6]/CLR
  -------------------------------------------------------------------    -------------------

                         (clock clk_out1_design_1_clk_wiz_0_0 rise edge)
                                                     10.000    10.000 r  
    K17                                               0.000    10.000 r  sys_clock (IN)
                         net (fo=0)                   0.000    10.000    design_1_i/clk_wiz_0/inst/clk_in1
    K17                  IBUF (Prop_ibuf_I_O)         1.404    11.404 r  design_1_i/clk_wiz_0/inst/clkin1_ibufg/O
                         net (fo=1, routed)           1.162    12.566    design_1_i/clk_wiz_0/inst/clk_in1_design_1_clk_wiz_0_0
    MMCME2_ADV_X1Y2      MMCME2_ADV (Prop_mmcme2_adv_CLKIN1_CLKOUT0)
                                                     -7.814     4.752 r  design_1_i/clk_wiz_0/inst/mmcm_adv_inst/CLKOUT0
                         net (fo=1, routed)           2.012     6.764    design_1_i/clk_wiz_0/inst/clk_out1_design_1_clk_wiz_0_0
    BUFGCTRL_X0Y16       BUFG (Prop_bufg_I_O)         0.091     6.855 r  design_1_i/clk_wiz_0/inst/clkout1_buf/O
                         net (fo=5368, routed)        1.547     8.402    design_1_i/fft_top_0/inst/U_FFT_CORE/U_MEM_RPATH/clk_100mhz
    SLICE_X86Y52         FDCE                                         r  design_1_i/fft_top_0/inst/U_FFT_CORE/U_MEM_RPATH/o_fft_core_data_reg[6]/C
                         clock pessimism              0.467     8.869    
                         clock uncertainty           -0.072     8.797    
    SLICE_X86Y52         FDCE (Recov_fdce_C_CLR)     -0.319     8.478    design_1_i/fft_top_0/inst/U_FFT_CORE/U_MEM_RPATH/o_fft_core_data_reg[6]
  -------------------------------------------------------------------
                         required time                          8.478    
                         arrival time                          -6.677    
  -------------------------------------------------------------------
                         slack                                  1.801    





Min Delay Paths
--------------------------------------------------------------------------------------
Slack (MET) :             1.158ns  (arrival time - required time)
  Source:                 design_1_i/rst_clk_wiz_0_100M/U0/ACTIVE_LOW_PR_OUT_DFF[0].FDRE_PER_N/C
                            (rising edge-triggered cell FDRE clocked by clk_out1_design_1_clk_wiz_0_0  {rise@0.000ns fall@5.000ns period=10.000ns})
  Destination:            design_1_i/fft_top_0/inst/U_FFT_CORE/U_MEM_WPATH/o_mem0_wdata_0_reg[39]/CLR
                            (removal check against rising-edge clock clk_out1_design_1_clk_wiz_0_0  {rise@0.000ns fall@5.000ns period=10.000ns})
  Path Group:             **async_default**
  Path Type:              Removal (Min at Fast Process Corner)
  Requirement:            0.000ns  (clk_out1_design_1_clk_wiz_0_0 rise@0.000ns - clk_out1_design_1_clk_wiz_0_0 rise@0.000ns)
  Data Path Delay:        1.265ns  (logic 0.186ns (14.704%)  route 1.079ns (85.296%))
  Logic Levels:           1  (LUT1=1)
  Clock Path Skew:        0.174ns (DCD - SCD - CPR)
    Destination Clock Delay (DCD):    -0.876ns
    Source Clock Delay      (SCD):    -0.547ns
    Clock Pessimism Removal (CPR):    -0.503ns

    Location             Delay type                Incr(ns)  Path(ns)    Netlist Resource(s)
  -------------------------------------------------------------------    -------------------
                         (clock clk_out1_design_1_clk_wiz_0_0 rise edge)
                                                      0.000     0.000 r  
    K17                                               0.000     0.000 r  sys_clock (IN)
                         net (fo=0)                   0.000     0.000    design_1_i/clk_wiz_0/inst/clk_in1
    K17                  IBUF (Prop_ibuf_I_O)         0.243     0.243 r  design_1_i/clk_wiz_0/inst/clkin1_ibufg/O
                         net (fo=1, routed)           0.440     0.683    design_1_i/clk_wiz_0/inst/clk_in1_design_1_clk_wiz_0_0
    MMCME2_ADV_X1Y2      MMCME2_ADV (Prop_mmcme2_adv_CLKIN1_CLKOUT0)
                                                     -2.613    -1.930 r  design_1_i/clk_wiz_0/inst/mmcm_adv_inst/CLKOUT0
                         net (fo=1, routed)           0.696    -1.233    design_1_i/clk_wiz_0/inst/clk_out1_design_1_clk_wiz_0_0
    BUFGCTRL_X0Y16       BUFG (Prop_bufg_I_O)         0.026    -1.207 r  design_1_i/clk_wiz_0/inst/clkout1_buf/O
                         net (fo=5368, routed)        0.660    -0.547    design_1_i/rst_clk_wiz_0_100M/U0/slowest_sync_clk
    SLICE_X59Y101        FDRE                                         r  design_1_i/rst_clk_wiz_0_100M/U0/ACTIVE_LOW_PR_OUT_DFF[0].FDRE_PER_N/C
  -------------------------------------------------------------------    -------------------
    SLICE_X59Y101        FDRE (Prop_fdre_C_Q)         0.141    -0.406 r  design_1_i/rst_clk_wiz_0_100M/U0/ACTIVE_LOW_PR_OUT_DFF[0].FDRE_PER_N/Q
                         net (fo=58, routed)          0.101    -0.305    design_1_i/util_vector_logic_0/Op1[0]
    SLICE_X58Y101        LUT1 (Prop_lut1_I0_O)        0.045    -0.260 f  design_1_i/util_vector_logic_0/Res[0]_INST_0/O
                         net (fo=510, routed)         0.977     0.718    design_1_i/fft_top_0/inst/U_FFT_CORE/U_MEM_WPATH/rst_100mhz
    SLICE_X54Y65         FDCE                                         f  design_1_i/fft_top_0/inst/U_FFT_CORE/U_MEM_WPATH/o_mem0_wdata_0_reg[39]/CLR
  -------------------------------------------------------------------    -------------------

                         (clock clk_out1_design_1_clk_wiz_0_0 rise edge)
                                                      0.000     0.000 r  
    K17                                               0.000     0.000 r  sys_clock (IN)
                         net (fo=0)                   0.000     0.000    design_1_i/clk_wiz_0/inst/clk_in1
    K17                  IBUF (Prop_ibuf_I_O)         0.431     0.431 r  design_1_i/clk_wiz_0/inst/clkin1_ibufg/O
                         net (fo=1, routed)           0.480     0.911    design_1_i/clk_wiz_0/inst/clk_in1_design_1_clk_wiz_0_0
    MMCME2_ADV_X1Y2      MMCME2_ADV (Prop_mmcme2_adv_CLKIN1_CLKOUT0)
                                                     -3.407    -2.496 r  design_1_i/clk_wiz_0/inst/mmcm_adv_inst/CLKOUT0
                         net (fo=1, routed)           0.752    -1.744    design_1_i/clk_wiz_0/inst/clk_out1_design_1_clk_wiz_0_0
    BUFGCTRL_X0Y16       BUFG (Prop_bufg_I_O)         0.029    -1.715 r  design_1_i/clk_wiz_0/inst/clkout1_buf/O
                         net (fo=5368, routed)        0.839    -0.876    design_1_i/fft_top_0/inst/U_FFT_CORE/U_MEM_WPATH/clk_100mhz
    SLICE_X54Y65         FDCE                                         r  design_1_i/fft_top_0/inst/U_FFT_CORE/U_MEM_WPATH/o_mem0_wdata_0_reg[39]/C
                         clock pessimism              0.503    -0.373    
    SLICE_X54Y65         FDCE (Remov_fdce_C_CLR)     -0.067    -0.440    design_1_i/fft_top_0/inst/U_FFT_CORE/U_MEM_WPATH/o_mem0_wdata_0_reg[39]
  -------------------------------------------------------------------
                         required time                          0.440    
                         arrival time                           0.718    
  -------------------------------------------------------------------
                         slack                                  1.158    

Slack (MET) :             1.158ns  (arrival time - required time)
  Source:                 design_1_i/rst_clk_wiz_0_100M/U0/ACTIVE_LOW_PR_OUT_DFF[0].FDRE_PER_N/C
                            (rising edge-triggered cell FDRE clocked by clk_out1_design_1_clk_wiz_0_0  {rise@0.000ns fall@5.000ns period=10.000ns})
  Destination:            design_1_i/fft_top_0/inst/U_FFT_CORE/U_MEM_WPATH/o_mem0_wdata_1_reg[36]/CLR
                            (removal check against rising-edge clock clk_out1_design_1_clk_wiz_0_0  {rise@0.000ns fall@5.000ns period=10.000ns})
  Path Group:             **async_default**
  Path Type:              Removal (Min at Fast Process Corner)
  Requirement:            0.000ns  (clk_out1_design_1_clk_wiz_0_0 rise@0.000ns - clk_out1_design_1_clk_wiz_0_0 rise@0.000ns)
  Data Path Delay:        1.265ns  (logic 0.186ns (14.704%)  route 1.079ns (85.296%))
  Logic Levels:           1  (LUT1=1)
  Clock Path Skew:        0.174ns (DCD - SCD - CPR)
    Destination Clock Delay (DCD):    -0.876ns
    Source Clock Delay      (SCD):    -0.547ns
    Clock Pessimism Removal (CPR):    -0.503ns

    Location             Delay type                Incr(ns)  Path(ns)    Netlist Resource(s)
  -------------------------------------------------------------------    -------------------
                         (clock clk_out1_design_1_clk_wiz_0_0 rise edge)
                                                      0.000     0.000 r  
    K17                                               0.000     0.000 r  sys_clock (IN)
                         net (fo=0)                   0.000     0.000    design_1_i/clk_wiz_0/inst/clk_in1
    K17                  IBUF (Prop_ibuf_I_O)         0.243     0.243 r  design_1_i/clk_wiz_0/inst/clkin1_ibufg/O
                         net (fo=1, routed)           0.440     0.683    design_1_i/clk_wiz_0/inst/clk_in1_design_1_clk_wiz_0_0
    MMCME2_ADV_X1Y2      MMCME2_ADV (Prop_mmcme2_adv_CLKIN1_CLKOUT0)
                                                     -2.613    -1.930 r  design_1_i/clk_wiz_0/inst/mmcm_adv_inst/CLKOUT0
                         net (fo=1, routed)           0.696    -1.233    design_1_i/clk_wiz_0/inst/clk_out1_design_1_clk_wiz_0_0
    BUFGCTRL_X0Y16       BUFG (Prop_bufg_I_O)         0.026    -1.207 r  design_1_i/clk_wiz_0/inst/clkout1_buf/O
                         net (fo=5368, routed)        0.660    -0.547    design_1_i/rst_clk_wiz_0_100M/U0/slowest_sync_clk
    SLICE_X59Y101        FDRE                                         r  design_1_i/rst_clk_wiz_0_100M/U0/ACTIVE_LOW_PR_OUT_DFF[0].FDRE_PER_N/C
  -------------------------------------------------------------------    -------------------
    SLICE_X59Y101        FDRE (Prop_fdre_C_Q)         0.141    -0.406 r  design_1_i/rst_clk_wiz_0_100M/U0/ACTIVE_LOW_PR_OUT_DFF[0].FDRE_PER_N/Q
                         net (fo=58, routed)          0.101    -0.305    design_1_i/util_vector_logic_0/Op1[0]
    SLICE_X58Y101        LUT1 (Prop_lut1_I0_O)        0.045    -0.260 f  design_1_i/util_vector_logic_0/Res[0]_INST_0/O
                         net (fo=510, routed)         0.977     0.718    design_1_i/fft_top_0/inst/U_FFT_CORE/U_MEM_WPATH/rst_100mhz
    SLICE_X54Y65         FDCE                                         f  design_1_i/fft_top_0/inst/U_FFT_CORE/U_MEM_WPATH/o_mem0_wdata_1_reg[36]/CLR
  -------------------------------------------------------------------    -------------------

                         (clock clk_out1_design_1_clk_wiz_0_0 rise edge)
                                                      0.000     0.000 r  
    K17                                               0.000     0.000 r  sys_clock (IN)
                         net (fo=0)                   0.000     0.000    design_1_i/clk_wiz_0/inst/clk_in1
    K17                  IBUF (Prop_ibuf_I_O)         0.431     0.431 r  design_1_i/clk_wiz_0/inst/clkin1_ibufg/O
                         net (fo=1, routed)           0.480     0.911    design_1_i/clk_wiz_0/inst/clk_in1_design_1_clk_wiz_0_0
    MMCME2_ADV_X1Y2      MMCME2_ADV (Prop_mmcme2_adv_CLKIN1_CLKOUT0)
                                                     -3.407    -2.496 r  design_1_i/clk_wiz_0/inst/mmcm_adv_inst/CLKOUT0
                         net (fo=1, routed)           0.752    -1.744    design_1_i/clk_wiz_0/inst/clk_out1_design_1_clk_wiz_0_0
    BUFGCTRL_X0Y16       BUFG (Prop_bufg_I_O)         0.029    -1.715 r  design_1_i/clk_wiz_0/inst/clkout1_buf/O
                         net (fo=5368, routed)        0.839    -0.876    design_1_i/fft_top_0/inst/U_FFT_CORE/U_MEM_WPATH/clk_100mhz
    SLICE_X54Y65         FDCE                                         r  design_1_i/fft_top_0/inst/U_FFT_CORE/U_MEM_WPATH/o_mem0_wdata_1_reg[36]/C
                         clock pessimism              0.503    -0.373    
    SLICE_X54Y65         FDCE (Remov_fdce_C_CLR)     -0.067    -0.440    design_1_i/fft_top_0/inst/U_FFT_CORE/U_MEM_WPATH/o_mem0_wdata_1_reg[36]
  -------------------------------------------------------------------
                         required time                          0.440    
                         arrival time                           0.718    
  -------------------------------------------------------------------
                         slack                                  1.158    

Slack (MET) :             1.158ns  (arrival time - required time)
  Source:                 design_1_i/rst_clk_wiz_0_100M/U0/ACTIVE_LOW_PR_OUT_DFF[0].FDRE_PER_N/C
                            (rising edge-triggered cell FDRE clocked by clk_out1_design_1_clk_wiz_0_0  {rise@0.000ns fall@5.000ns period=10.000ns})
  Destination:            design_1_i/fft_top_0/inst/U_FFT_CORE/U_MEM_WPATH/o_mem0_wdata_1_reg[37]/CLR
                            (removal check against rising-edge clock clk_out1_design_1_clk_wiz_0_0  {rise@0.000ns fall@5.000ns period=10.000ns})
  Path Group:             **async_default**
  Path Type:              Removal (Min at Fast Process Corner)
  Requirement:            0.000ns  (clk_out1_design_1_clk_wiz_0_0 rise@0.000ns - clk_out1_design_1_clk_wiz_0_0 rise@0.000ns)
  Data Path Delay:        1.265ns  (logic 0.186ns (14.704%)  route 1.079ns (85.296%))
  Logic Levels:           1  (LUT1=1)
  Clock Path Skew:        0.174ns (DCD - SCD - CPR)
    Destination Clock Delay (DCD):    -0.876ns
    Source Clock Delay      (SCD):    -0.547ns
    Clock Pessimism Removal (CPR):    -0.503ns

    Location             Delay type                Incr(ns)  Path(ns)    Netlist Resource(s)
  -------------------------------------------------------------------    -------------------
                         (clock clk_out1_design_1_clk_wiz_0_0 rise edge)
                                                      0.000     0.000 r  
    K17                                               0.000     0.000 r  sys_clock (IN)
                         net (fo=0)                   0.000     0.000    design_1_i/clk_wiz_0/inst/clk_in1
    K17                  IBUF (Prop_ibuf_I_O)         0.243     0.243 r  design_1_i/clk_wiz_0/inst/clkin1_ibufg/O
                         net (fo=1, routed)           0.440     0.683    design_1_i/clk_wiz_0/inst/clk_in1_design_1_clk_wiz_0_0
    MMCME2_ADV_X1Y2      MMCME2_ADV (Prop_mmcme2_adv_CLKIN1_CLKOUT0)
                                                     -2.613    -1.930 r  design_1_i/clk_wiz_0/inst/mmcm_adv_inst/CLKOUT0
                         net (fo=1, routed)           0.696    -1.233    design_1_i/clk_wiz_0/inst/clk_out1_design_1_clk_wiz_0_0
    BUFGCTRL_X0Y16       BUFG (Prop_bufg_I_O)         0.026    -1.207 r  design_1_i/clk_wiz_0/inst/clkout1_buf/O
                         net (fo=5368, routed)        0.660    -0.547    design_1_i/rst_clk_wiz_0_100M/U0/slowest_sync_clk
    SLICE_X59Y101        FDRE                                         r  design_1_i/rst_clk_wiz_0_100M/U0/ACTIVE_LOW_PR_OUT_DFF[0].FDRE_PER_N/C
  -------------------------------------------------------------------    -------------------
    SLICE_X59Y101        FDRE (Prop_fdre_C_Q)         0.141    -0.406 r  design_1_i/rst_clk_wiz_0_100M/U0/ACTIVE_LOW_PR_OUT_DFF[0].FDRE_PER_N/Q
                         net (fo=58, routed)          0.101    -0.305    design_1_i/util_vector_logic_0/Op1[0]
    SLICE_X58Y101        LUT1 (Prop_lut1_I0_O)        0.045    -0.260 f  design_1_i/util_vector_logic_0/Res[0]_INST_0/O
                         net (fo=510, routed)         0.977     0.718    design_1_i/fft_top_0/inst/U_FFT_CORE/U_MEM_WPATH/rst_100mhz
    SLICE_X54Y65         FDCE                                         f  design_1_i/fft_top_0/inst/U_FFT_CORE/U_MEM_WPATH/o_mem0_wdata_1_reg[37]/CLR
  -------------------------------------------------------------------    -------------------

                         (clock clk_out1_design_1_clk_wiz_0_0 rise edge)
                                                      0.000     0.000 r  
    K17                                               0.000     0.000 r  sys_clock (IN)
                         net (fo=0)                   0.000     0.000    design_1_i/clk_wiz_0/inst/clk_in1
    K17                  IBUF (Prop_ibuf_I_O)         0.431     0.431 r  design_1_i/clk_wiz_0/inst/clkin1_ibufg/O
                         net (fo=1, routed)           0.480     0.911    design_1_i/clk_wiz_0/inst/clk_in1_design_1_clk_wiz_0_0
    MMCME2_ADV_X1Y2      MMCME2_ADV (Prop_mmcme2_adv_CLKIN1_CLKOUT0)
                                                     -3.407    -2.496 r  design_1_i/clk_wiz_0/inst/mmcm_adv_inst/CLKOUT0
                         net (fo=1, routed)           0.752    -1.744    design_1_i/clk_wiz_0/inst/clk_out1_design_1_clk_wiz_0_0
    BUFGCTRL_X0Y16       BUFG (Prop_bufg_I_O)         0.029    -1.715 r  design_1_i/clk_wiz_0/inst/clkout1_buf/O
                         net (fo=5368, routed)        0.839    -0.876    design_1_i/fft_top_0/inst/U_FFT_CORE/U_MEM_WPATH/clk_100mhz
    SLICE_X54Y65         FDCE                                         r  design_1_i/fft_top_0/inst/U_FFT_CORE/U_MEM_WPATH/o_mem0_wdata_1_reg[37]/C
                         clock pessimism              0.503    -0.373    
    SLICE_X54Y65         FDCE (Remov_fdce_C_CLR)     -0.067    -0.440    design_1_i/fft_top_0/inst/U_FFT_CORE/U_MEM_WPATH/o_mem0_wdata_1_reg[37]
  -------------------------------------------------------------------
                         required time                          0.440    
                         arrival time                           0.718    
  -------------------------------------------------------------------
                         slack                                  1.158    

Slack (MET) :             1.158ns  (arrival time - required time)
  Source:                 design_1_i/rst_clk_wiz_0_100M/U0/ACTIVE_LOW_PR_OUT_DFF[0].FDRE_PER_N/C
                            (rising edge-triggered cell FDRE clocked by clk_out1_design_1_clk_wiz_0_0  {rise@0.000ns fall@5.000ns period=10.000ns})
  Destination:            design_1_i/fft_top_0/inst/U_FFT_CORE/U_MEM_WPATH/o_mem0_wdata_1_reg[39]/CLR
                            (removal check against rising-edge clock clk_out1_design_1_clk_wiz_0_0  {rise@0.000ns fall@5.000ns period=10.000ns})
  Path Group:             **async_default**
  Path Type:              Removal (Min at Fast Process Corner)
  Requirement:            0.000ns  (clk_out1_design_1_clk_wiz_0_0 rise@0.000ns - clk_out1_design_1_clk_wiz_0_0 rise@0.000ns)
  Data Path Delay:        1.265ns  (logic 0.186ns (14.704%)  route 1.079ns (85.296%))
  Logic Levels:           1  (LUT1=1)
  Clock Path Skew:        0.174ns (DCD - SCD - CPR)
    Destination Clock Delay (DCD):    -0.876ns
    Source Clock Delay      (SCD):    -0.547ns
    Clock Pessimism Removal (CPR):    -0.503ns

    Location             Delay type                Incr(ns)  Path(ns)    Netlist Resource(s)
  -------------------------------------------------------------------    -------------------
                         (clock clk_out1_design_1_clk_wiz_0_0 rise edge)
                                                      0.000     0.000 r  
    K17                                               0.000     0.000 r  sys_clock (IN)
                         net (fo=0)                   0.000     0.000    design_1_i/clk_wiz_0/inst/clk_in1
    K17                  IBUF (Prop_ibuf_I_O)         0.243     0.243 r  design_1_i/clk_wiz_0/inst/clkin1_ibufg/O
                         net (fo=1, routed)           0.440     0.683    design_1_i/clk_wiz_0/inst/clk_in1_design_1_clk_wiz_0_0
    MMCME2_ADV_X1Y2      MMCME2_ADV (Prop_mmcme2_adv_CLKIN1_CLKOUT0)
                                                     -2.613    -1.930 r  design_1_i/clk_wiz_0/inst/mmcm_adv_inst/CLKOUT0
                         net (fo=1, routed)           0.696    -1.233    design_1_i/clk_wiz_0/inst/clk_out1_design_1_clk_wiz_0_0
    BUFGCTRL_X0Y16       BUFG (Prop_bufg_I_O)         0.026    -1.207 r  design_1_i/clk_wiz_0/inst/clkout1_buf/O
                         net (fo=5368, routed)        0.660    -0.547    design_1_i/rst_clk_wiz_0_100M/U0/slowest_sync_clk
    SLICE_X59Y101        FDRE                                         r  design_1_i/rst_clk_wiz_0_100M/U0/ACTIVE_LOW_PR_OUT_DFF[0].FDRE_PER_N/C
  -------------------------------------------------------------------    -------------------
    SLICE_X59Y101        FDRE (Prop_fdre_C_Q)         0.141    -0.406 r  design_1_i/rst_clk_wiz_0_100M/U0/ACTIVE_LOW_PR_OUT_DFF[0].FDRE_PER_N/Q
                         net (fo=58, routed)          0.101    -0.305    design_1_i/util_vector_logic_0/Op1[0]
    SLICE_X58Y101        LUT1 (Prop_lut1_I0_O)        0.045    -0.260 f  design_1_i/util_vector_logic_0/Res[0]_INST_0/O
                         net (fo=510, routed)         0.977     0.718    design_1_i/fft_top_0/inst/U_FFT_CORE/U_MEM_WPATH/rst_100mhz
    SLICE_X54Y65         FDCE                                         f  design_1_i/fft_top_0/inst/U_FFT_CORE/U_MEM_WPATH/o_mem0_wdata_1_reg[39]/CLR
  -------------------------------------------------------------------    -------------------

                         (clock clk_out1_design_1_clk_wiz_0_0 rise edge)
                                                      0.000     0.000 r  
    K17                                               0.000     0.000 r  sys_clock (IN)
                         net (fo=0)                   0.000     0.000    design_1_i/clk_wiz_0/inst/clk_in1
    K17                  IBUF (Prop_ibuf_I_O)         0.431     0.431 r  design_1_i/clk_wiz_0/inst/clkin1_ibufg/O
                         net (fo=1, routed)           0.480     0.911    design_1_i/clk_wiz_0/inst/clk_in1_design_1_clk_wiz_0_0
    MMCME2_ADV_X1Y2      MMCME2_ADV (Prop_mmcme2_adv_CLKIN1_CLKOUT0)
                                                     -3.407    -2.496 r  design_1_i/clk_wiz_0/inst/mmcm_adv_inst/CLKOUT0
                         net (fo=1, routed)           0.752    -1.744    design_1_i/clk_wiz_0/inst/clk_out1_design_1_clk_wiz_0_0
    BUFGCTRL_X0Y16       BUFG (Prop_bufg_I_O)         0.029    -1.715 r  design_1_i/clk_wiz_0/inst/clkout1_buf/O
                         net (fo=5368, routed)        0.839    -0.876    design_1_i/fft_top_0/inst/U_FFT_CORE/U_MEM_WPATH/clk_100mhz
    SLICE_X54Y65         FDCE                                         r  design_1_i/fft_top_0/inst/U_FFT_CORE/U_MEM_WPATH/o_mem0_wdata_1_reg[39]/C
                         clock pessimism              0.503    -0.373    
    SLICE_X54Y65         FDCE (Remov_fdce_C_CLR)     -0.067    -0.440    design_1_i/fft_top_0/inst/U_FFT_CORE/U_MEM_WPATH/o_mem0_wdata_1_reg[39]
  -------------------------------------------------------------------
                         required time                          0.440    
                         arrival time                           0.718    
  -------------------------------------------------------------------
                         slack                                  1.158    

Slack (MET) :             1.158ns  (arrival time - required time)
  Source:                 design_1_i/rst_clk_wiz_0_100M/U0/ACTIVE_LOW_PR_OUT_DFF[0].FDRE_PER_N/C
                            (rising edge-triggered cell FDRE clocked by clk_out1_design_1_clk_wiz_0_0  {rise@0.000ns fall@5.000ns period=10.000ns})
  Destination:            design_1_i/fft_top_0/inst/U_FFT_CORE/U_MEM_WPATH/o_mem1_wdata_0_reg[39]/CLR
                            (removal check against rising-edge clock clk_out1_design_1_clk_wiz_0_0  {rise@0.000ns fall@5.000ns period=10.000ns})
  Path Group:             **async_default**
  Path Type:              Removal (Min at Fast Process Corner)
  Requirement:            0.000ns  (clk_out1_design_1_clk_wiz_0_0 rise@0.000ns - clk_out1_design_1_clk_wiz_0_0 rise@0.000ns)
  Data Path Delay:        1.265ns  (logic 0.186ns (14.704%)  route 1.079ns (85.296%))
  Logic Levels:           1  (LUT1=1)
  Clock Path Skew:        0.174ns (DCD - SCD - CPR)
    Destination Clock Delay (DCD):    -0.876ns
    Source Clock Delay      (SCD):    -0.547ns
    Clock Pessimism Removal (CPR):    -0.503ns

    Location             Delay type                Incr(ns)  Path(ns)    Netlist Resource(s)
  -------------------------------------------------------------------    -------------------
                         (clock clk_out1_design_1_clk_wiz_0_0 rise edge)
                                                      0.000     0.000 r  
    K17                                               0.000     0.000 r  sys_clock (IN)
                         net (fo=0)                   0.000     0.000    design_1_i/clk_wiz_0/inst/clk_in1
    K17                  IBUF (Prop_ibuf_I_O)         0.243     0.243 r  design_1_i/clk_wiz_0/inst/clkin1_ibufg/O
                         net (fo=1, routed)           0.440     0.683    design_1_i/clk_wiz_0/inst/clk_in1_design_1_clk_wiz_0_0
    MMCME2_ADV_X1Y2      MMCME2_ADV (Prop_mmcme2_adv_CLKIN1_CLKOUT0)
                                                     -2.613    -1.930 r  design_1_i/clk_wiz_0/inst/mmcm_adv_inst/CLKOUT0
                         net (fo=1, routed)           0.696    -1.233    design_1_i/clk_wiz_0/inst/clk_out1_design_1_clk_wiz_0_0
    BUFGCTRL_X0Y16       BUFG (Prop_bufg_I_O)         0.026    -1.207 r  design_1_i/clk_wiz_0/inst/clkout1_buf/O
                         net (fo=5368, routed)        0.660    -0.547    design_1_i/rst_clk_wiz_0_100M/U0/slowest_sync_clk
    SLICE_X59Y101        FDRE                                         r  design_1_i/rst_clk_wiz_0_100M/U0/ACTIVE_LOW_PR_OUT_DFF[0].FDRE_PER_N/C
  -------------------------------------------------------------------    -------------------
    SLICE_X59Y101        FDRE (Prop_fdre_C_Q)         0.141    -0.406 r  design_1_i/rst_clk_wiz_0_100M/U0/ACTIVE_LOW_PR_OUT_DFF[0].FDRE_PER_N/Q
                         net (fo=58, routed)          0.101    -0.305    design_1_i/util_vector_logic_0/Op1[0]
    SLICE_X58Y101        LUT1 (Prop_lut1_I0_O)        0.045    -0.260 f  design_1_i/util_vector_logic_0/Res[0]_INST_0/O
                         net (fo=510, routed)         0.977     0.718    design_1_i/fft_top_0/inst/U_FFT_CORE/U_MEM_WPATH/rst_100mhz
    SLICE_X54Y65         FDCE                                         f  design_1_i/fft_top_0/inst/U_FFT_CORE/U_MEM_WPATH/o_mem1_wdata_0_reg[39]/CLR
  -------------------------------------------------------------------    -------------------

                         (clock clk_out1_design_1_clk_wiz_0_0 rise edge)
                                                      0.000     0.000 r  
    K17                                               0.000     0.000 r  sys_clock (IN)
                         net (fo=0)                   0.000     0.000    design_1_i/clk_wiz_0/inst/clk_in1
    K17                  IBUF (Prop_ibuf_I_O)         0.431     0.431 r  design_1_i/clk_wiz_0/inst/clkin1_ibufg/O
                         net (fo=1, routed)           0.480     0.911    design_1_i/clk_wiz_0/inst/clk_in1_design_1_clk_wiz_0_0
    MMCME2_ADV_X1Y2      MMCME2_ADV (Prop_mmcme2_adv_CLKIN1_CLKOUT0)
                                                     -3.407    -2.496 r  design_1_i/clk_wiz_0/inst/mmcm_adv_inst/CLKOUT0
                         net (fo=1, routed)           0.752    -1.744    design_1_i/clk_wiz_0/inst/clk_out1_design_1_clk_wiz_0_0
    BUFGCTRL_X0Y16       BUFG (Prop_bufg_I_O)         0.029    -1.715 r  design_1_i/clk_wiz_0/inst/clkout1_buf/O
                         net (fo=5368, routed)        0.839    -0.876    design_1_i/fft_top_0/inst/U_FFT_CORE/U_MEM_WPATH/clk_100mhz
    SLICE_X54Y65         FDCE                                         r  design_1_i/fft_top_0/inst/U_FFT_CORE/U_MEM_WPATH/o_mem1_wdata_0_reg[39]/C
                         clock pessimism              0.503    -0.373    
    SLICE_X54Y65         FDCE (Remov_fdce_C_CLR)     -0.067    -0.440    design_1_i/fft_top_0/inst/U_FFT_CORE/U_MEM_WPATH/o_mem1_wdata_0_reg[39]
  -------------------------------------------------------------------
                         required time                          0.440    
                         arrival time                           0.718    
  -------------------------------------------------------------------
                         slack                                  1.158    

Slack (MET) :             1.158ns  (arrival time - required time)
  Source:                 design_1_i/rst_clk_wiz_0_100M/U0/ACTIVE_LOW_PR_OUT_DFF[0].FDRE_PER_N/C
                            (rising edge-triggered cell FDRE clocked by clk_out1_design_1_clk_wiz_0_0  {rise@0.000ns fall@5.000ns period=10.000ns})
  Destination:            design_1_i/fft_top_0/inst/U_FFT_CORE/U_MEM_WPATH/o_mem1_wdata_1_reg[36]/CLR
                            (removal check against rising-edge clock clk_out1_design_1_clk_wiz_0_0  {rise@0.000ns fall@5.000ns period=10.000ns})
  Path Group:             **async_default**
  Path Type:              Removal (Min at Fast Process Corner)
  Requirement:            0.000ns  (clk_out1_design_1_clk_wiz_0_0 rise@0.000ns - clk_out1_design_1_clk_wiz_0_0 rise@0.000ns)
  Data Path Delay:        1.265ns  (logic 0.186ns (14.704%)  route 1.079ns (85.296%))
  Logic Levels:           1  (LUT1=1)
  Clock Path Skew:        0.174ns (DCD - SCD - CPR)
    Destination Clock Delay (DCD):    -0.876ns
    Source Clock Delay      (SCD):    -0.547ns
    Clock Pessimism Removal (CPR):    -0.503ns

    Location             Delay type                Incr(ns)  Path(ns)    Netlist Resource(s)
  -------------------------------------------------------------------    -------------------
                         (clock clk_out1_design_1_clk_wiz_0_0 rise edge)
                                                      0.000     0.000 r  
    K17                                               0.000     0.000 r  sys_clock (IN)
                         net (fo=0)                   0.000     0.000    design_1_i/clk_wiz_0/inst/clk_in1
    K17                  IBUF (Prop_ibuf_I_O)         0.243     0.243 r  design_1_i/clk_wiz_0/inst/clkin1_ibufg/O
                         net (fo=1, routed)           0.440     0.683    design_1_i/clk_wiz_0/inst/clk_in1_design_1_clk_wiz_0_0
    MMCME2_ADV_X1Y2      MMCME2_ADV (Prop_mmcme2_adv_CLKIN1_CLKOUT0)
                                                     -2.613    -1.930 r  design_1_i/clk_wiz_0/inst/mmcm_adv_inst/CLKOUT0
                         net (fo=1, routed)           0.696    -1.233    design_1_i/clk_wiz_0/inst/clk_out1_design_1_clk_wiz_0_0
    BUFGCTRL_X0Y16       BUFG (Prop_bufg_I_O)         0.026    -1.207 r  design_1_i/clk_wiz_0/inst/clkout1_buf/O
                         net (fo=5368, routed)        0.660    -0.547    design_1_i/rst_clk_wiz_0_100M/U0/slowest_sync_clk
    SLICE_X59Y101        FDRE                                         r  design_1_i/rst_clk_wiz_0_100M/U0/ACTIVE_LOW_PR_OUT_DFF[0].FDRE_PER_N/C
  -------------------------------------------------------------------    -------------------
    SLICE_X59Y101        FDRE (Prop_fdre_C_Q)         0.141    -0.406 r  design_1_i/rst_clk_wiz_0_100M/U0/ACTIVE_LOW_PR_OUT_DFF[0].FDRE_PER_N/Q
                         net (fo=58, routed)          0.101    -0.305    design_1_i/util_vector_logic_0/Op1[0]
    SLICE_X58Y101        LUT1 (Prop_lut1_I0_O)        0.045    -0.260 f  design_1_i/util_vector_logic_0/Res[0]_INST_0/O
                         net (fo=510, routed)         0.977     0.718    design_1_i/fft_top_0/inst/U_FFT_CORE/U_MEM_WPATH/rst_100mhz
    SLICE_X54Y65         FDCE                                         f  design_1_i/fft_top_0/inst/U_FFT_CORE/U_MEM_WPATH/o_mem1_wdata_1_reg[36]/CLR
  -------------------------------------------------------------------    -------------------

                         (clock clk_out1_design_1_clk_wiz_0_0 rise edge)
                                                      0.000     0.000 r  
    K17                                               0.000     0.000 r  sys_clock (IN)
                         net (fo=0)                   0.000     0.000    design_1_i/clk_wiz_0/inst/clk_in1
    K17                  IBUF (Prop_ibuf_I_O)         0.431     0.431 r  design_1_i/clk_wiz_0/inst/clkin1_ibufg/O
                         net (fo=1, routed)           0.480     0.911    design_1_i/clk_wiz_0/inst/clk_in1_design_1_clk_wiz_0_0
    MMCME2_ADV_X1Y2      MMCME2_ADV (Prop_mmcme2_adv_CLKIN1_CLKOUT0)
                                                     -3.407    -2.496 r  design_1_i/clk_wiz_0/inst/mmcm_adv_inst/CLKOUT0
                         net (fo=1, routed)           0.752    -1.744    design_1_i/clk_wiz_0/inst/clk_out1_design_1_clk_wiz_0_0
    BUFGCTRL_X0Y16       BUFG (Prop_bufg_I_O)         0.029    -1.715 r  design_1_i/clk_wiz_0/inst/clkout1_buf/O
                         net (fo=5368, routed)        0.839    -0.876    design_1_i/fft_top_0/inst/U_FFT_CORE/U_MEM_WPATH/clk_100mhz
    SLICE_X54Y65         FDCE                                         r  design_1_i/fft_top_0/inst/U_FFT_CORE/U_MEM_WPATH/o_mem1_wdata_1_reg[36]/C
                         clock pessimism              0.503    -0.373    
    SLICE_X54Y65         FDCE (Remov_fdce_C_CLR)     -0.067    -0.440    design_1_i/fft_top_0/inst/U_FFT_CORE/U_MEM_WPATH/o_mem1_wdata_1_reg[36]
  -------------------------------------------------------------------
                         required time                          0.440    
                         arrival time                           0.718    
  -------------------------------------------------------------------
                         slack                                  1.158    

Slack (MET) :             1.158ns  (arrival time - required time)
  Source:                 design_1_i/rst_clk_wiz_0_100M/U0/ACTIVE_LOW_PR_OUT_DFF[0].FDRE_PER_N/C
                            (rising edge-triggered cell FDRE clocked by clk_out1_design_1_clk_wiz_0_0  {rise@0.000ns fall@5.000ns period=10.000ns})
  Destination:            design_1_i/fft_top_0/inst/U_FFT_CORE/U_MEM_WPATH/o_mem1_wdata_1_reg[37]/CLR
                            (removal check against rising-edge clock clk_out1_design_1_clk_wiz_0_0  {rise@0.000ns fall@5.000ns period=10.000ns})
  Path Group:             **async_default**
  Path Type:              Removal (Min at Fast Process Corner)
  Requirement:            0.000ns  (clk_out1_design_1_clk_wiz_0_0 rise@0.000ns - clk_out1_design_1_clk_wiz_0_0 rise@0.000ns)
  Data Path Delay:        1.265ns  (logic 0.186ns (14.704%)  route 1.079ns (85.296%))
  Logic Levels:           1  (LUT1=1)
  Clock Path Skew:        0.174ns (DCD - SCD - CPR)
    Destination Clock Delay (DCD):    -0.876ns
    Source Clock Delay      (SCD):    -0.547ns
    Clock Pessimism Removal (CPR):    -0.503ns

    Location             Delay type                Incr(ns)  Path(ns)    Netlist Resource(s)
  -------------------------------------------------------------------    -------------------
                         (clock clk_out1_design_1_clk_wiz_0_0 rise edge)
                                                      0.000     0.000 r  
    K17                                               0.000     0.000 r  sys_clock (IN)
                         net (fo=0)                   0.000     0.000    design_1_i/clk_wiz_0/inst/clk_in1
    K17                  IBUF (Prop_ibuf_I_O)         0.243     0.243 r  design_1_i/clk_wiz_0/inst/clkin1_ibufg/O
                         net (fo=1, routed)           0.440     0.683    design_1_i/clk_wiz_0/inst/clk_in1_design_1_clk_wiz_0_0
    MMCME2_ADV_X1Y2      MMCME2_ADV (Prop_mmcme2_adv_CLKIN1_CLKOUT0)
                                                     -2.613    -1.930 r  design_1_i/clk_wiz_0/inst/mmcm_adv_inst/CLKOUT0
                         net (fo=1, routed)           0.696    -1.233    design_1_i/clk_wiz_0/inst/clk_out1_design_1_clk_wiz_0_0
    BUFGCTRL_X0Y16       BUFG (Prop_bufg_I_O)         0.026    -1.207 r  design_1_i/clk_wiz_0/inst/clkout1_buf/O
                         net (fo=5368, routed)        0.660    -0.547    design_1_i/rst_clk_wiz_0_100M/U0/slowest_sync_clk
    SLICE_X59Y101        FDRE                                         r  design_1_i/rst_clk_wiz_0_100M/U0/ACTIVE_LOW_PR_OUT_DFF[0].FDRE_PER_N/C
  -------------------------------------------------------------------    -------------------
    SLICE_X59Y101        FDRE (Prop_fdre_C_Q)         0.141    -0.406 r  design_1_i/rst_clk_wiz_0_100M/U0/ACTIVE_LOW_PR_OUT_DFF[0].FDRE_PER_N/Q
                         net (fo=58, routed)          0.101    -0.305    design_1_i/util_vector_logic_0/Op1[0]
    SLICE_X58Y101        LUT1 (Prop_lut1_I0_O)        0.045    -0.260 f  design_1_i/util_vector_logic_0/Res[0]_INST_0/O
                         net (fo=510, routed)         0.977     0.718    design_1_i/fft_top_0/inst/U_FFT_CORE/U_MEM_WPATH/rst_100mhz
    SLICE_X54Y65         FDCE                                         f  design_1_i/fft_top_0/inst/U_FFT_CORE/U_MEM_WPATH/o_mem1_wdata_1_reg[37]/CLR
  -------------------------------------------------------------------    -------------------

                         (clock clk_out1_design_1_clk_wiz_0_0 rise edge)
                                                      0.000     0.000 r  
    K17                                               0.000     0.000 r  sys_clock (IN)
                         net (fo=0)                   0.000     0.000    design_1_i/clk_wiz_0/inst/clk_in1
    K17                  IBUF (Prop_ibuf_I_O)         0.431     0.431 r  design_1_i/clk_wiz_0/inst/clkin1_ibufg/O
                         net (fo=1, routed)           0.480     0.911    design_1_i/clk_wiz_0/inst/clk_in1_design_1_clk_wiz_0_0
    MMCME2_ADV_X1Y2      MMCME2_ADV (Prop_mmcme2_adv_CLKIN1_CLKOUT0)
                                                     -3.407    -2.496 r  design_1_i/clk_wiz_0/inst/mmcm_adv_inst/CLKOUT0
                         net (fo=1, routed)           0.752    -1.744    design_1_i/clk_wiz_0/inst/clk_out1_design_1_clk_wiz_0_0
    BUFGCTRL_X0Y16       BUFG (Prop_bufg_I_O)         0.029    -1.715 r  design_1_i/clk_wiz_0/inst/clkout1_buf/O
                         net (fo=5368, routed)        0.839    -0.876    design_1_i/fft_top_0/inst/U_FFT_CORE/U_MEM_WPATH/clk_100mhz
    SLICE_X54Y65         FDCE                                         r  design_1_i/fft_top_0/inst/U_FFT_CORE/U_MEM_WPATH/o_mem1_wdata_1_reg[37]/C
                         clock pessimism              0.503    -0.373    
    SLICE_X54Y65         FDCE (Remov_fdce_C_CLR)     -0.067    -0.440    design_1_i/fft_top_0/inst/U_FFT_CORE/U_MEM_WPATH/o_mem1_wdata_1_reg[37]
  -------------------------------------------------------------------
                         required time                          0.440    
                         arrival time                           0.718    
  -------------------------------------------------------------------
                         slack                                  1.158    

Slack (MET) :             1.158ns  (arrival time - required time)
  Source:                 design_1_i/rst_clk_wiz_0_100M/U0/ACTIVE_LOW_PR_OUT_DFF[0].FDRE_PER_N/C
                            (rising edge-triggered cell FDRE clocked by clk_out1_design_1_clk_wiz_0_0  {rise@0.000ns fall@5.000ns period=10.000ns})
  Destination:            design_1_i/fft_top_0/inst/U_FFT_CORE/U_MEM_WPATH/o_mem1_wdata_1_reg[39]/CLR
                            (removal check against rising-edge clock clk_out1_design_1_clk_wiz_0_0  {rise@0.000ns fall@5.000ns period=10.000ns})
  Path Group:             **async_default**
  Path Type:              Removal (Min at Fast Process Corner)
  Requirement:            0.000ns  (clk_out1_design_1_clk_wiz_0_0 rise@0.000ns - clk_out1_design_1_clk_wiz_0_0 rise@0.000ns)
  Data Path Delay:        1.265ns  (logic 0.186ns (14.704%)  route 1.079ns (85.296%))
  Logic Levels:           1  (LUT1=1)
  Clock Path Skew:        0.174ns (DCD - SCD - CPR)
    Destination Clock Delay (DCD):    -0.876ns
    Source Clock Delay      (SCD):    -0.547ns
    Clock Pessimism Removal (CPR):    -0.503ns

    Location             Delay type                Incr(ns)  Path(ns)    Netlist Resource(s)
  -------------------------------------------------------------------    -------------------
                         (clock clk_out1_design_1_clk_wiz_0_0 rise edge)
                                                      0.000     0.000 r  
    K17                                               0.000     0.000 r  sys_clock (IN)
                         net (fo=0)                   0.000     0.000    design_1_i/clk_wiz_0/inst/clk_in1
    K17                  IBUF (Prop_ibuf_I_O)         0.243     0.243 r  design_1_i/clk_wiz_0/inst/clkin1_ibufg/O
                         net (fo=1, routed)           0.440     0.683    design_1_i/clk_wiz_0/inst/clk_in1_design_1_clk_wiz_0_0
    MMCME2_ADV_X1Y2      MMCME2_ADV (Prop_mmcme2_adv_CLKIN1_CLKOUT0)
                                                     -2.613    -1.930 r  design_1_i/clk_wiz_0/inst/mmcm_adv_inst/CLKOUT0
                         net (fo=1, routed)           0.696    -1.233    design_1_i/clk_wiz_0/inst/clk_out1_design_1_clk_wiz_0_0
    BUFGCTRL_X0Y16       BUFG (Prop_bufg_I_O)         0.026    -1.207 r  design_1_i/clk_wiz_0/inst/clkout1_buf/O
                         net (fo=5368, routed)        0.660    -0.547    design_1_i/rst_clk_wiz_0_100M/U0/slowest_sync_clk
    SLICE_X59Y101        FDRE                                         r  design_1_i/rst_clk_wiz_0_100M/U0/ACTIVE_LOW_PR_OUT_DFF[0].FDRE_PER_N/C
  -------------------------------------------------------------------    -------------------
    SLICE_X59Y101        FDRE (Prop_fdre_C_Q)         0.141    -0.406 r  design_1_i/rst_clk_wiz_0_100M/U0/ACTIVE_LOW_PR_OUT_DFF[0].FDRE_PER_N/Q
                         net (fo=58, routed)          0.101    -0.305    design_1_i/util_vector_logic_0/Op1[0]
    SLICE_X58Y101        LUT1 (Prop_lut1_I0_O)        0.045    -0.260 f  design_1_i/util_vector_logic_0/Res[0]_INST_0/O
                         net (fo=510, routed)         0.977     0.718    design_1_i/fft_top_0/inst/U_FFT_CORE/U_MEM_WPATH/rst_100mhz
    SLICE_X54Y65         FDCE                                         f  design_1_i/fft_top_0/inst/U_FFT_CORE/U_MEM_WPATH/o_mem1_wdata_1_reg[39]/CLR
  -------------------------------------------------------------------    -------------------

                         (clock clk_out1_design_1_clk_wiz_0_0 rise edge)
                                                      0.000     0.000 r  
    K17                                               0.000     0.000 r  sys_clock (IN)
                         net (fo=0)                   0.000     0.000    design_1_i/clk_wiz_0/inst/clk_in1
    K17                  IBUF (Prop_ibuf_I_O)         0.431     0.431 r  design_1_i/clk_wiz_0/inst/clkin1_ibufg/O
                         net (fo=1, routed)           0.480     0.911    design_1_i/clk_wiz_0/inst/clk_in1_design_1_clk_wiz_0_0
    MMCME2_ADV_X1Y2      MMCME2_ADV (Prop_mmcme2_adv_CLKIN1_CLKOUT0)
                                                     -3.407    -2.496 r  design_1_i/clk_wiz_0/inst/mmcm_adv_inst/CLKOUT0
                         net (fo=1, routed)           0.752    -1.744    design_1_i/clk_wiz_0/inst/clk_out1_design_1_clk_wiz_0_0
    BUFGCTRL_X0Y16       BUFG (Prop_bufg_I_O)         0.029    -1.715 r  design_1_i/clk_wiz_0/inst/clkout1_buf/O
                         net (fo=5368, routed)        0.839    -0.876    design_1_i/fft_top_0/inst/U_FFT_CORE/U_MEM_WPATH/clk_100mhz
    SLICE_X54Y65         FDCE                                         r  design_1_i/fft_top_0/inst/U_FFT_CORE/U_MEM_WPATH/o_mem1_wdata_1_reg[39]/C
                         clock pessimism              0.503    -0.373    
    SLICE_X54Y65         FDCE (Remov_fdce_C_CLR)     -0.067    -0.440    design_1_i/fft_top_0/inst/U_FFT_CORE/U_MEM_WPATH/o_mem1_wdata_1_reg[39]
  -------------------------------------------------------------------
                         required time                          0.440    
                         arrival time                           0.718    
  -------------------------------------------------------------------
                         slack                                  1.158    

Slack (MET) :             1.183ns  (arrival time - required time)
  Source:                 design_1_i/rst_clk_wiz_0_100M/U0/ACTIVE_LOW_PR_OUT_DFF[0].FDRE_PER_N/C
                            (rising edge-triggered cell FDRE clocked by clk_out1_design_1_clk_wiz_0_0  {rise@0.000ns fall@5.000ns period=10.000ns})
  Destination:            design_1_i/fft_top_0/inst/U_FFT_CORE/U_MEM_WPATH/o_mem0_wdata_0_reg[36]/CLR
                            (removal check against rising-edge clock clk_out1_design_1_clk_wiz_0_0  {rise@0.000ns fall@5.000ns period=10.000ns})
  Path Group:             **async_default**
  Path Type:              Removal (Min at Fast Process Corner)
  Requirement:            0.000ns  (clk_out1_design_1_clk_wiz_0_0 rise@0.000ns - clk_out1_design_1_clk_wiz_0_0 rise@0.000ns)
  Data Path Delay:        1.265ns  (logic 0.186ns (14.704%)  route 1.079ns (85.296%))
  Logic Levels:           1  (LUT1=1)
  Clock Path Skew:        0.174ns (DCD - SCD - CPR)
    Destination Clock Delay (DCD):    -0.876ns
    Source Clock Delay      (SCD):    -0.547ns
    Clock Pessimism Removal (CPR):    -0.503ns

    Location             Delay type                Incr(ns)  Path(ns)    Netlist Resource(s)
  -------------------------------------------------------------------    -------------------
                         (clock clk_out1_design_1_clk_wiz_0_0 rise edge)
                                                      0.000     0.000 r  
    K17                                               0.000     0.000 r  sys_clock (IN)
                         net (fo=0)                   0.000     0.000    design_1_i/clk_wiz_0/inst/clk_in1
    K17                  IBUF (Prop_ibuf_I_O)         0.243     0.243 r  design_1_i/clk_wiz_0/inst/clkin1_ibufg/O
                         net (fo=1, routed)           0.440     0.683    design_1_i/clk_wiz_0/inst/clk_in1_design_1_clk_wiz_0_0
    MMCME2_ADV_X1Y2      MMCME2_ADV (Prop_mmcme2_adv_CLKIN1_CLKOUT0)
                                                     -2.613    -1.930 r  design_1_i/clk_wiz_0/inst/mmcm_adv_inst/CLKOUT0
                         net (fo=1, routed)           0.696    -1.233    design_1_i/clk_wiz_0/inst/clk_out1_design_1_clk_wiz_0_0
    BUFGCTRL_X0Y16       BUFG (Prop_bufg_I_O)         0.026    -1.207 r  design_1_i/clk_wiz_0/inst/clkout1_buf/O
                         net (fo=5368, routed)        0.660    -0.547    design_1_i/rst_clk_wiz_0_100M/U0/slowest_sync_clk
    SLICE_X59Y101        FDRE                                         r  design_1_i/rst_clk_wiz_0_100M/U0/ACTIVE_LOW_PR_OUT_DFF[0].FDRE_PER_N/C
  -------------------------------------------------------------------    -------------------
    SLICE_X59Y101        FDRE (Prop_fdre_C_Q)         0.141    -0.406 r  design_1_i/rst_clk_wiz_0_100M/U0/ACTIVE_LOW_PR_OUT_DFF[0].FDRE_PER_N/Q
                         net (fo=58, routed)          0.101    -0.305    design_1_i/util_vector_logic_0/Op1[0]
    SLICE_X58Y101        LUT1 (Prop_lut1_I0_O)        0.045    -0.260 f  design_1_i/util_vector_logic_0/Res[0]_INST_0/O
                         net (fo=510, routed)         0.977     0.718    design_1_i/fft_top_0/inst/U_FFT_CORE/U_MEM_WPATH/rst_100mhz
    SLICE_X55Y65         FDCE                                         f  design_1_i/fft_top_0/inst/U_FFT_CORE/U_MEM_WPATH/o_mem0_wdata_0_reg[36]/CLR
  -------------------------------------------------------------------    -------------------

                         (clock clk_out1_design_1_clk_wiz_0_0 rise edge)
                                                      0.000     0.000 r  
    K17                                               0.000     0.000 r  sys_clock (IN)
                         net (fo=0)                   0.000     0.000    design_1_i/clk_wiz_0/inst/clk_in1
    K17                  IBUF (Prop_ibuf_I_O)         0.431     0.431 r  design_1_i/clk_wiz_0/inst/clkin1_ibufg/O
                         net (fo=1, routed)           0.480     0.911    design_1_i/clk_wiz_0/inst/clk_in1_design_1_clk_wiz_0_0
    MMCME2_ADV_X1Y2      MMCME2_ADV (Prop_mmcme2_adv_CLKIN1_CLKOUT0)
                                                     -3.407    -2.496 r  design_1_i/clk_wiz_0/inst/mmcm_adv_inst/CLKOUT0
                         net (fo=1, routed)           0.752    -1.744    design_1_i/clk_wiz_0/inst/clk_out1_design_1_clk_wiz_0_0
    BUFGCTRL_X0Y16       BUFG (Prop_bufg_I_O)         0.029    -1.715 r  design_1_i/clk_wiz_0/inst/clkout1_buf/O
                         net (fo=5368, routed)        0.839    -0.876    design_1_i/fft_top_0/inst/U_FFT_CORE/U_MEM_WPATH/clk_100mhz
    SLICE_X55Y65         FDCE                                         r  design_1_i/fft_top_0/inst/U_FFT_CORE/U_MEM_WPATH/o_mem0_wdata_0_reg[36]/C
                         clock pessimism              0.503    -0.373    
    SLICE_X55Y65         FDCE (Remov_fdce_C_CLR)     -0.092    -0.465    design_1_i/fft_top_0/inst/U_FFT_CORE/U_MEM_WPATH/o_mem0_wdata_0_reg[36]
  -------------------------------------------------------------------
                         required time                          0.465    
                         arrival time                           0.718    
  -------------------------------------------------------------------
                         slack                                  1.183    

Slack (MET) :             1.183ns  (arrival time - required time)
  Source:                 design_1_i/rst_clk_wiz_0_100M/U0/ACTIVE_LOW_PR_OUT_DFF[0].FDRE_PER_N/C
                            (rising edge-triggered cell FDRE clocked by clk_out1_design_1_clk_wiz_0_0  {rise@0.000ns fall@5.000ns period=10.000ns})
  Destination:            design_1_i/fft_top_0/inst/U_FFT_CORE/U_MEM_WPATH/o_mem0_wdata_0_reg[37]/CLR
                            (removal check against rising-edge clock clk_out1_design_1_clk_wiz_0_0  {rise@0.000ns fall@5.000ns period=10.000ns})
  Path Group:             **async_default**
  Path Type:              Removal (Min at Fast Process Corner)
  Requirement:            0.000ns  (clk_out1_design_1_clk_wiz_0_0 rise@0.000ns - clk_out1_design_1_clk_wiz_0_0 rise@0.000ns)
  Data Path Delay:        1.265ns  (logic 0.186ns (14.704%)  route 1.079ns (85.296%))
  Logic Levels:           1  (LUT1=1)
  Clock Path Skew:        0.174ns (DCD - SCD - CPR)
    Destination Clock Delay (DCD):    -0.876ns
    Source Clock Delay      (SCD):    -0.547ns
    Clock Pessimism Removal (CPR):    -0.503ns

    Location             Delay type                Incr(ns)  Path(ns)    Netlist Resource(s)
  -------------------------------------------------------------------    -------------------
                         (clock clk_out1_design_1_clk_wiz_0_0 rise edge)
                                                      0.000     0.000 r  
    K17                                               0.000     0.000 r  sys_clock (IN)
                         net (fo=0)                   0.000     0.000    design_1_i/clk_wiz_0/inst/clk_in1
    K17                  IBUF (Prop_ibuf_I_O)         0.243     0.243 r  design_1_i/clk_wiz_0/inst/clkin1_ibufg/O
                         net (fo=1, routed)           0.440     0.683    design_1_i/clk_wiz_0/inst/clk_in1_design_1_clk_wiz_0_0
    MMCME2_ADV_X1Y2      MMCME2_ADV (Prop_mmcme2_adv_CLKIN1_CLKOUT0)
                                                     -2.613    -1.930 r  design_1_i/clk_wiz_0/inst/mmcm_adv_inst/CLKOUT0
                         net (fo=1, routed)           0.696    -1.233    design_1_i/clk_wiz_0/inst/clk_out1_design_1_clk_wiz_0_0
    BUFGCTRL_X0Y16       BUFG (Prop_bufg_I_O)         0.026    -1.207 r  design_1_i/clk_wiz_0/inst/clkout1_buf/O
                         net (fo=5368, routed)        0.660    -0.547    design_1_i/rst_clk_wiz_0_100M/U0/slowest_sync_clk
    SLICE_X59Y101        FDRE                                         r  design_1_i/rst_clk_wiz_0_100M/U0/ACTIVE_LOW_PR_OUT_DFF[0].FDRE_PER_N/C
  -------------------------------------------------------------------    -------------------
    SLICE_X59Y101        FDRE (Prop_fdre_C_Q)         0.141    -0.406 r  design_1_i/rst_clk_wiz_0_100M/U0/ACTIVE_LOW_PR_OUT_DFF[0].FDRE_PER_N/Q
                         net (fo=58, routed)          0.101    -0.305    design_1_i/util_vector_logic_0/Op1[0]
    SLICE_X58Y101        LUT1 (Prop_lut1_I0_O)        0.045    -0.260 f  design_1_i/util_vector_logic_0/Res[0]_INST_0/O
                         net (fo=510, routed)         0.977     0.718    design_1_i/fft_top_0/inst/U_FFT_CORE/U_MEM_WPATH/rst_100mhz
    SLICE_X55Y65         FDCE                                         f  design_1_i/fft_top_0/inst/U_FFT_CORE/U_MEM_WPATH/o_mem0_wdata_0_reg[37]/CLR
  -------------------------------------------------------------------    -------------------

                         (clock clk_out1_design_1_clk_wiz_0_0 rise edge)
                                                      0.000     0.000 r  
    K17                                               0.000     0.000 r  sys_clock (IN)
                         net (fo=0)                   0.000     0.000    design_1_i/clk_wiz_0/inst/clk_in1
    K17                  IBUF (Prop_ibuf_I_O)         0.431     0.431 r  design_1_i/clk_wiz_0/inst/clkin1_ibufg/O
                         net (fo=1, routed)           0.480     0.911    design_1_i/clk_wiz_0/inst/clk_in1_design_1_clk_wiz_0_0
    MMCME2_ADV_X1Y2      MMCME2_ADV (Prop_mmcme2_adv_CLKIN1_CLKOUT0)
                                                     -3.407    -2.496 r  design_1_i/clk_wiz_0/inst/mmcm_adv_inst/CLKOUT0
                         net (fo=1, routed)           0.752    -1.744    design_1_i/clk_wiz_0/inst/clk_out1_design_1_clk_wiz_0_0
    BUFGCTRL_X0Y16       BUFG (Prop_bufg_I_O)         0.029    -1.715 r  design_1_i/clk_wiz_0/inst/clkout1_buf/O
                         net (fo=5368, routed)        0.839    -0.876    design_1_i/fft_top_0/inst/U_FFT_CORE/U_MEM_WPATH/clk_100mhz
    SLICE_X55Y65         FDCE                                         r  design_1_i/fft_top_0/inst/U_FFT_CORE/U_MEM_WPATH/o_mem0_wdata_0_reg[37]/C
                         clock pessimism              0.503    -0.373    
    SLICE_X55Y65         FDCE (Remov_fdce_C_CLR)     -0.092    -0.465    design_1_i/fft_top_0/inst/U_FFT_CORE/U_MEM_WPATH/o_mem0_wdata_0_reg[37]
  -------------------------------------------------------------------
                         required time                          0.465    
                         arrival time                           0.718    
  -------------------------------------------------------------------
                         slack                                  1.183    





