1 400 120 25 16 16 1
-1569181 408321 4115725 515548 -2143369 386267 -2025423 200491 10225492 329126 1964152 -4224677 -1639124 1383682 5203594 8109666 7817296 -204220 3970744 -1323136 -2297963 -953787 -5062573 -2174974 406269 5962088 890536 -4356978 -279987 -3069390 203091 4648760 2960914 -6329803 4213234 4394893 -1839584 -1788488 712718 14584262 5484051 -3903324 -1650425 5734665 3504507 1567211 -5031174 987737 -7815599 -2572546 260766 -9250944 -263338 179182 8357789 847757 -1180374 3082168 -1802014 -489326 -898996 931635 -2372991 -1575876 4387928 4851347 -5516328 81519 -5889608 -5561031 10187136 986755 12768535 343594 -1244469 3089342 -4268581 -2024453 -1578914 -13172091 152581 -2789987 176854 2050779 -3049960 -7103386 -1166547 -5467925 -1538113 -5071550 -1840631 -1977320 -429601 -3387864 730823 -933623 2889574 332219 2006160 -2930180 354261 -2909311 -56448 1313143 554458 -581518 -7068730 -1717556 682660 -2079464 1166089 -2755076 1817461 1307791 -1843858 -99896 -2115404 2091827 -1508834 -211607
0 0 1376 2441 0 0 0 2064 2320 0 0 888 1594 0 0 0 2218 1407 0 0 955 2348 0 0 0 0 0 0 0 0 0 0 0 0 0 0 0 0 0 0 0 0 0 0 0 0 0 0 0 0 0 0 0 0 0 0 0 0 974 0 0 0 1260 707 0 0 0 876 1070 0 0 1069 1222 491 0 0 0 0 0 175 0 0 0 306 1246 0 0 1232 1662 0 0 0 942 97 0 0 655 493 0 0 0 0 314 2756 0 0 0 2784 3383 0 0 0 4381 1976 0 0 3377 4431 0 0 0 3952 798 0 0 0 0 0 356 1228 0 0 0 3072 1692 0 0 0 1540 0 0 0 0 409 0 0 0 67 252 0 0 0 0 0 0 0 0 0 0 0 0 0 0 0 0 0 0 0 0 0 0 0 0 0 0 0 0 0 2936 1289 0 0 2981 3053 1704 0 0 3757 0 1430 0 2992 3263 1811 624 0 3781 0 1597 0 0 0 0 0 0 0 0 0 0 190 0 0 0 0 664 0 0 0 0 0 0 0 0 0 0 0 0 21 2315 0 0 0 3518 1919 0 0 0 2521 0 0 0 2418 2183 0 0 0 2705 0 0 0 0 0 0 2640 0 0 0 0 1656 0 0 0 131 0 0 0 0 0 0 0 0 696 0 0 0 0 0 271 797 505 0 0 317 0 0 0 519 545 0 0 0 585 11 0 0 359 642 0 0 0 0 0 0 0 0 0 0 0 0 0 0 0 0 981 0 0 0 0 0 367 0 0 0 232 5 0 0 0 0 0 0 0 0 0 720 0 0 0 0 124 0 0 0 0 0 0 0 0 0 0 0 0 0 1821 1485 0 0 0 3997 2086 0 0 4794 5175 0 0 0 5168 3045 0 0 4236 5139 0 0 0 0 0 0 2311 0 0 0 3050 3315 0 0 0 4739 1227 0 0 3408 5775 0 0 0 5683 1449 0
-3181 -4171 632 -130 919 1964 -538 -38 5848 2312 -662 1556 3150 -3044 -8312 3671 -5572 -405 -8868 -19284 3746 2345 2113 2341 -3161
-1190 -226 -608 -1183 -110 -732 -1363 -796 678 -301 -1 -342 -1085 -328 200 -382 -328 -520 -1044 173 -361 -224 -142 -1048 -916
-1961 3117 2357 1240 1946 -1618 -1475 3626 676 5076 4107 4156 3060 -13 1728 2494 2853 4808 1665 -1709 -2819 -5285 2452 3407 4376
-357 -351 -134 -1045 404 398 -716 396 -859 -880 566 169 -611 -132 663 -593 632 -739 -991 -679 -503 668 -115 148 -58
2077 639 -7020 2341 1259 -2712 1312 720 590 2076 -3148 1818 5192 4335 -3017 -1035 89 7666 1885 -2681 -887 670 721 -2764 -6450
-1445 -3496 1927 2893 -489 583 -4471 1832 -2464 -2426 -3188 -3428 4099 -1322 571 -896 -1843 3663 -838 2097 -47 -3078 71 -4466 1443
-468 -635 137 123 -59 -220 -623 -535 346 158 -536 -380 -648 122 -948 -1267 -246 22 -448 -680 -741 -286 -198 526 -537
3046 1256 -2574 2666 7642 -222 -1383 -4262 961 -4853 -1976 -4087 2807 -59 -1876 -4201 -692 -1984 -1832 2415 881 2914 2271 -1391 6206
-994 3609 1320 2858 -7365 -623 -1925 -583 2293 -13942 2468 -4372 -947 2623 -1357 3711 1448 -1184 1847 3347 2045 2091 -784 -3550 -1145
-764 201 -6 -531 -936 -407 -455 565 239 326 -731 -461 -908 453 -252 -30 -336 -102 -1005 232 -1062 -1044 -572 -171 -568
-792 4595 6547 -1030 -408 -5173 643 2790 -1587 -7439 1078 1529 2925 2466 7057 -1264 2318 -222 3486 3128 -3934 144 -4059 6213 3893
4466 -4076 -3634 -2688 -1628 1404 -1486 -1758 2541 831 1583 1307 -884 1171 5543 -2369 934 -2975 3836 2960 -4597 -381 -708 3507 -623
-467 342 -838 90 78 -535 -21 -300 439 -645 306 -303 346 -29 459 -750 180 -1105 -273 529 -794 -6 -412 54 348
3032 794 3403 3974 1487 -1097 -1368 3249 5051 1150 -2394 -1608 -2964 -169 4656 -240 187 754 -195 5816 481 -777 2207 2606 5979
-1474 715 3348 -1265 6419 -837 4562 6039 6990 1916 -2923 270 3088 1471 8648 -619 -4166 3195 4329 2784 -542 1281 5309 6052 2428
1041 1859 -7126 -7745 -9293 1718 1542 -311 -6805 -4823 2831 2216 4238 -7464 -9738 829 -1329 1438 -1699 4577 -6236 -1480 -13 1537 -8905
163 -2271 -421 -356 -2428 -110 663 -1462 -1511 1161 1558 -5593 -2408 47 -2205 2523 -8824 -1149 1344 234 2785 -2614 -12434 66 3465
-441 228 -622 99 -845 -186 -829 -207 -942 -804 -739 263 514 -159 -375 -556 -761 -666 -53 -648 459 -326 440 -161 -500
6072 -3939 -3523 3262 2080 1894 -953 -327 5733 1570 2035 -1944 520 -3617 3004 786 -3221 -1597 -4506 -3267 144 4450 -4486 -3485 -4262
580 -837 -157 377 -531 584 482 -221 -678 169 528 -709 -209 -361 583 160 265 475 532 208 -886 423 620 -912 -447
2423 3385 -1711 -3019 3036 171 975 -995 -867 1572 1181 3325 1343 -214 5432 2775 1654 -1587 -217 -602 1129 1489 -1589 531 2250
127 181 -534 613 514 291 -429 -378 279 -626 500 -234 -274 -239 607 -680 -582 493 -347 204 587 -252 -121 -910 345
-1316 336 -1964 -2430 -8092 -1805 -1708 -721 -2422 -1830 -829 18 -368 3529 4638 -2527 17 -896 2589 8041 -4205 -5613 615 -314 3152
-3278 961 -4940 -2357 5049 -1423 3533 -2503 2879 -732 2044 669 3654 1086 -3219 174 1097 3151 1922 -993 -947 -608 1379 -1951 4769
97 -31 200 -677 -35 138 291 -621 -470 -57 -927 -416 -606 -646 -300 360 -87 420 -596 -345 -657 -305 -369 -318 610
-2206 -1991 -3616 1286 -6921 -1321 454 -688 -1438 -650 -452 459 -625 3375 7510 -270 -1530 -5986 739 3869 -216 -4132 -3119 -11135 -7960
-750 -916 -133 -517 305 -346 -311 177 -390 -69 434 -723 237 -396 -794 429 -535 325 31 -470 -798 -731 -796 219 -231
19 791 3721 1499 1212 -42 1174 -232 -358 -3212 -994 920 582 1130 -241 -1404 768 45 483 2909 -1606 1732 2458 2165 -1869
-1196 -3486 -1028 -2028 3379 1485 152 299 2292 5041 937 -3728 -1032 -2453 1416 -882 -1111 -1641 -1841 -5849 319 -188 27 2329 4529
-1172 -1370 -1282 205 788 1376 2624 -949 2328 -5489 4978 -554 916 -2204 -5348 -3610 -176 -1969 885 2693 -3438 -6112 -4514 -2648 2581
128 -656 -122 447 -416 499 3 -153 -778 64 584 -484 -106 216 -996 -397 482 381 601 -407 -901 -327 291 -86 -270
-700 -3089 -1903 -3477 -3067 -1713 623 -4121 -3169 1777 -2 5565 5774 60 7405 360 3916 5539 3921 3419 -523 -3725 -6212 -1865 -5206
-4526 -3124 -5456 -5791 -207 -2109 -5690 -4694 101 143 -4899 1380 -949 -370 -501 -1664 493 -1832 -970 -2387 743 5050 62 94 -1361
1117 2805 1434 4613 5082 4249 3453 -2569 -2641 -1314 753 4036 -5941 -206 1159 -3618 -4623 -1382 -3320 -2388 -1259 2595 -1275 -1739 1918
-1547 -594 1892 946 -1620 -1596 2444 715 1094 3452 -2522 -8273 3210 3683 756 2057 -1423 -6764 -484 1820 5920 5692 -129 7010 2213
-2807 2446 -2042 2408 1961 1440 2890 -37 5116 2610 899 1114 -822 -2202 3889 2794 -428 3204 -522 -141 811 -3268 -1651 -3583 -9438
155 -1302 -2637 -1823 -80 -1049 -1018 648 -1446 -765 -99 -429 876 480 139 -839 -317 -2039 287 1012 -777 -249 -442 -435 17
-192 -696 -830 -1213 193 -2 -76 212 -993 -267 137 101 -609 -667 28 408 -592 336 -677 25 -460 -884 -841 -786 -1392
491 -407 -887 -850 84 -641 -303 -701 512 -601 -27 -535 130 -169 513 143 -244 -423 -445 182 -366 -79 250 567 -867
4124 -193 -757 3323 -1126 1666 377 -1418 3820 -419 21 -803 371 1009 2538 -2257 913 3730 -1951 2653 -1079 -278 1642 2510 4491
3373 3739 -2399 722 7127 2765 5623 3246 3827 2587 -1493 -635 2482 268 -929 1319 1337 3562 -633 -1403 2548 -1598 1753 2315 4335
-949 -1957 2062 -1322 3916 -528 -1568 406 -6314 4397 2856 1017 -1376 -4938 -766 2886 16 3030 2974 313 2035 -64 3424 6779 4220
-670 462 -832 -372 -838 -90 -710 -784 232 540 576 481 -1039 437 192 -250 -495 -532 141 -836 219 -670 42 -717 -606
-3888 -1024 -1394 25 5307 -4637 -428 2451 5279 1385 -4239 4380 4568 5837 2237 212 2536 5191 -2197 -2298 1293 -1097 -199 -1203 -14620
2172 -1582 700 1506 2553 3005 2273 1999 4946 1267 -3170 398 -2096 -4977 -6864 -2386 1785 912 -2485 -6386 -968 -358 -3942 -84 -1866
-2747 1065 -1266 -4353 3679 3785 -1359 -2413 -2410 3740 2384 1230 -8868 -221 6208 2885 172 -749 -6941 -8516 1340 -1961 -4759 -4552 -16975
-4270 -3672 -3935 -6983 -877 -2113 -1360 1026 -1326 2199 -4540 -907 1259 -4367 2667 -1274 4005 -4775 1918 4840 1654 4915 -3485 773 2383
8551 2588 -625 -9988 -9830 -545 -2228 -550 -3346 -6755 1729 2084 2913 -43 -5886 282 3317 1199 -2225 -1247 -1269 -1112 -1762 -438 -136
69 -2453 2939 5247 5113 180 3461 2110 824 5592 -1020 1756 916 3191 6454 1857 -2246 1867 -847 3436 4170 -1413 -435 2524 -3929
-403 -1666 -716 -597 -455 -1098 -692 -406 -1135 877 -71 -736 -187 452 288 -539 -1104 -152 -905 -774 -366 -1132 -978 -1384 -1060
-1639 560 466 1139 2617 -2282 -1481 -683 -101 -348 -2865 1976 280 3191 -6838 -2294 1831 -1721 5822 7797 -92 1200 3451 5068 5201
216 3141 -2313 3570 1256 1470 1348 -2452 -485 2356 -3043 1032 -1362 -2337 -1979 -946 1655 -1426 -128 1490 -1685 3963 -1113 5006 8350
-302 -654 204 -645 239 -539 -435 328 -904 -886 -457 108 -474 -259 -757 -325 -1114 -238 -691 -419 -46 -136 -416 305 -643
-1153 -1787 4059 -542 3819 1546 3998 1272 1802 3794 1358 1680 982 3915 4371 1011 -86 652 493 946 4612 -567 -8888 -2633 -6555
-2229 29 2301 2038 3879 -4357 -2968 -1110 4507 3958 -520 804 1244 10096 -2626 971 1284 782 -4465 1321 -660 503 262 209 -219
-418 501 -1767 -6280 5870 -1627 2831 1836 -5019 2844 127 4465 -1091 -6215 -4456 1086 2727 3178 -553 4660 -83 -4845 -5332 542 -4554
372 -915 -807 431 -479 648 -28 -470 -733 -808 161 193 -788 -280 -168 172 -761 428 606 -67 -120 299 -781 256 -245
3599 2689 1502 -3617 2500 2287 3573 6006 1237 80 -334 -1902 3042 772 433 371 3627 -3550 -1429 -1673 -7365 -2748 -2606 -8361 294
1378 -1777 2432 -980 1700 -2152 530 -2152 -1265 -1472 396 -2559 -2606 -2510 -8418 1966 -1826 2818 2224 -6294 529 5089 4791 3580 -2696
-608 -1018 470 -693 235 -377 -95 45 -422 -526 -1194 -940 -1037 282 -710 -550 -998 -1189 331 -1510 -477 -810 290 -1118 -1111
-367 50 -223 16 92 -898 -72 360 -655 -157 160 -246 561 -68 -514 138 -892 -883 229 -581 -441 -741 644 -134 -517
4747 4304 -339 765 4889 -512 -861 -5543 4038 4703 -879 -5004 -9756 1726 2338 -4296 -2860 -4700 2444 5829 -2818 -3184 2842 3870 3654
303 -439 807 -737 477 -391 -740 -2497 374 -1355 2773 -2443 -6874 468 4922 -616 -662 -6024 -1171 1968 1942 421 -4328 1189 -460
39 269 -529 -1339 273 -552 114 -209 -1486 -960 -799 -1125 -712 -451 -183 -711 539 -1386 -526 1292 -1416 466 -1654 -558 -425
300 -2244 1471 1198 3911 -1399 1082 1992 2785 208 107 4257 1333 119 -181 -1345 3697 -1875 5471 2654 -1425 4119 5082 2395 -5076
-4590 -4062 -2212 7357 -1537 -6746 -9488 -4554 3121 3405 -3670 -11032 -7838 1720 1766 -4158 860 450 5317 -1260 -1871 -3767 3495 3212 4629
4517 -2676 638 -889 -3570 -1779 1693 -1410 1803 -6269 -370 -1383 -1333 -1030 -5288 3824 -2558 -5544 -358 3984 3519 4111 4331 4683 5258
-855 -27 -765 -866 -946 -126 -697 -681 -607 -253 -374 519 -46 -1209 190 -340 -938 -759 -582 -587 -60 -235 -433 -638 -24
1124 1964 4124 -2986 -8848 1806 6709 -2420 -8426 -13554 631 1647 -3433 -4539 -9782 -347 -1510 -1615 -1019 -692 1570 648 610 -1255 1363
3873 2497 -1452 -2672 -907 -671 -367 -712 -686 -4364 3142 -26 -2145 -2503 -2133 1192 350 -789 1077 -3405 -3981 49 5601 1330 -47
621 -2113 -8094 -629 1670 2059 -4545 -2240 1968 -330 1396 -1859 -4061 -2492 -2808 5523 -4602 -4225 1499 -351 8615 -3782 -5189 -3654 -202
-630 -803 -440 300 -994 -1017 -317 375 -335 -556 -503 -961 317 -365 87 406 -683 557 542 -708 -331 -417 327 -232 -778
-686 861 4248 -2129 -3255 -122 -2873 397 2033 21 3237 -1346 -2678 -3362 -1441 1608 5056 -3893 -2419 -3570 -64 10656 -6232 -6489 -801
-647 157 -814 -671 -699 240 -297 -276 46 -23 -945 -786 -816 101 198 189 -286 510 -108 505 -1260 -112 180 -138 -735
1919 3111 47 -6358 -13799 1171 844 -1781 -5736 -5035 741 -360 2273 1546 -5164 427 1735 920 2540 -4625 3184 3305 3470 -871 -5194
2805 1046 -701 -6134 -8285 4356 6490 -2714 -7038 -5373 -733 -1328 -7357 -4286 -1898 817 -3348 -11841 -5455 444 891 2937 -2383 630 2965
97 -398 -5376 -2020 -8726 1630 -81 -4086 36 -536 -3226 -518 -5675 -2175 4852 -31 -679 1358 379 8902 3840 1443 3906 -935 4647
1437 1629 4668 1604 905 1012 -32 333 -3877 -4205 -1624 412 559 -3486 2327 3258 -1973 -2044 -1398 2361 116 1416 -8601 -5758 -655
810 -353 -2481 -856 51 -318 -2732 -1933 3197 4840 966 -211 2020 1595 9185 -160 -498 2504 2549 5063 511 -943 -3145 -6247 -1415
-366 -2075 5153 4373 2758 -2218 677 4125 1327 -3320 -13 -26 -881 -2780 -4608 694 2441 658 324 -4620 976 -2549 625 -1930 -4155
-971 -870 -570 -604 -428 127 -86 -76 -362 -97 -715 -815 -409 -781 -511 170 -960 -715 -636 427 329 531 -435 33 -455
-148 -558 -594 -447 -563 -681 -774 -282 -1214 -947 -145 -1061 -1741 -680 -1279 -1278 -809 -597 -538 847 -834 787 -787 199 701
-812 -723 251 -808 -291 -353 -40 -498 -177 -206 -1027 -1260 274 -27 216 -2022 -11 777 -151 -91 -2078 -741 47 -360 -1421
1248 -3057 -976 253 4930 2257 -72 4581 4994 -1242 2796 -850 -2167 -5434 -3050 2430 1860 -1120 3911 1365 -1889 1481 -114 5587 44
-586 -921 93 -1713 -1321 -649 -833 732 -566 279 -1248 -1648 -64 -70 -1347 -766 -903 -369 -151 -221 -341 -1348 -641 495 -160
534 1637 2333 -5347 -707 -57 122 -910 -5186 221 1380 -573 -883 -7952 936 1710 -492 1060 1499 4492 -1933 258 2387 1788 295
4339 957 -975 3197 7577 2017 -1267 -2840 -4878 0 2290 -1256 199 -1369 1574 -990 -1835 2251 3815 -2674 225 -2004 -4140 -1441 3642
982 406 1165 1781 690 573 -982 1833 3434 6538 -2150 -1025 -2968 -142 3210 -136 115 386 -757 3436 -840 2636 -1620 3614 1334
2350 3424 -2193 4090 1738 2602 4975 -2294 1107 1735 2595 4811 1645 2820 3852 -293 1407 -982 4150 5262 -774 -2225 -3134 -4723 254
-489 -4592 -2147 -3621 2452 -6778 -9187 -8068 -857 2207 -2456 -5900 -2546 -253 6649 2644 7482 -49 3112 3818 3419 4720 3569 825 5716
-268 -301 695 74 -625 -803 -465 -697 -737 -505 -95 97 -198 512 110 490 -490 -910 -347 255 645 -863 -23 -623 217
-1232 93 -847 -1540 -700 -30 -253 3 -521 -401 -90 44 1110 -232 -507 -630 -536 171 -1564 -1415 -1322 -848 -305 -329 -776
-1597 258 -1898 -470 -436 -1683 -1264 -613 -541 29 -216 -1596 -711 532 -1255 -413 -1015 -210 -743 255 -416 -1378 -1328 -1267 -771
-656 -1963 -239 -721 -23 -849 267 -1013 -2154 105 335 -811 -389 -935 -198 -617 -629 -112 -877 777 -412 -1183 732 -1164 218
-699 201 -273 -29 -334 -137 189 -651 -235 -964 306 -1114 80 -825 46 -496 -764 -812 -377 305 -795 -346 -1343 -511 -862
-794 652 -667 377 -868 284 -538 109 -479 631 -510 51 -989 -903 -712 -902 -921 -335 -927 80 -647 -387 -318 -697 -3
5849 5621 4015 -8723 1513 5954 714 -7300 -10029 -57 -540 -3368 -4241 -3479 -6974 -4443 4859 -10493 2565 -1983 -834 -1074 -4212 5823 -5221
2158 -6129 2540 3988 1067 2021 -1400 1880 -1450 311 -112 933 -4904 4610 -2651 1725 -625 936 3794 -3351 -137 173 -2011 5183 3583
-3017 6381 7250 2156 3174 2156 1063 2844 -80 6891 -537 4540 -485 -8130 1653 679 -1665 -3949 -5847 -1714 -4693 -3939 -4792 3697 3691
-3111 -3835 -1385 -2115 -7748 -3781 2349 375 -5973 -6820 -3491 -2060 723 -3910 43 1279 1178 -3303 -4539 5361 4973 5973 -4230 -1776 -4623
420 -301 173 59 402 685 79 -75 -134 -387 174 133 375 -776 411 -495 -169 -411 -582 -101 -1144 -705 -379 -97 547
-2267 -4031 3425 1136 -1760 6084 3131 709 1499 2395 110 5472 5804 2783 3023 -2195 -2730 1365 -2780 -3125 -567 54 -2592 -1133 724
-57 -295 -154 -1050 -556 -447 -394 -692 34 -477 415 -519 -569 -97 332 -958 -130 -516 -76 -40 -896 238 -213 -704 -404
389 -133 -6012 -2053 -1469 1458 -1750 2779 47 574 1896 138 6116 3498 -1563 88 2961 2879 3504 2035 1539 2739 673 1043 1776
-1779 -7126 -1597 508 3893 4090 -2863 2137 2552 -635 3188 3321 -4445 -8744 -5895 647 1605 -1308 -8463 -155 2508 2862 377 1476 -2390
-389 -433 -716 -394 -109 -618 -817 -32 -866 -1226 -795 331 -1266 162 -436 -58 -1203 -475 -247 -1069 -815 -39 -727 241 -1061
686 4254 -551 -212 768 -3212 -328 -1937 -3612 -3112 -2970 -489 2001 1404 2851 -5017 -410 3692 7948 6306 -3302 -2069 309 6823 3611
692 488 86 -684 -758 603 -18 -823 -99 -576 -432 -812 53 -362 -521 -488 133 201 -18 -397 -264 -519 -1275 525 -304
368 530 71 -209 247 -844 -613 -818 -654 -835 -23 374 -59 521 -413 -465 -516 -457 -112 -103 -220 -408 -709 -54 -343
-454 -509 97 -1102 -187 -441 -883 -650 -1281 686 -58 -803 -170 234 -591 -169 -677 673 -220 -245 -132 458 -112 -70 -545
64 24 -938 -503 -486 188 283 -628 -389 -554 344 -314 -897 3 27 -420 453 373 -377 95 -804 122 -868 -575 665
-1262 70 -226 -807 -307 -100 -1046 -825 -444 136 -1412 -43 -1095 -134 -194 -558 -574 -1374 -507 172 -111 -646 -1271 29 266
1514 2707 2848 -3004 -3944 684 1333 1229 1411 -1341 -469 4441 -386 1537 -6039 1648 2505 3410 2346 -27399 2545 -1536 -1000 -4533 -15144
-772 555 -847 -396 -596 -464 409 -110 -827 205 -558 -892 -851 524 699 -917 -48 -521 -253 -151 -266 -513 -685 312 673
2288 -1284 -103 -1579 554 910 1083 477 -32 3483 -3908 931 1579 491 1815 -4743 -314 1336 1728 1592 -5194 -4262 3857 -1049 -5690
-249 -834 -963 524 161 -497 -959 -605 663 -612 -110 -952 -688 -123 -852 165 -902 -305 -195 -850 -122 52 -720 -569 -166
-348 -19 -1216 112 -1289 -487 -574 -946 -1049 -254 -1400 -637 568 -18 -696 43 -773 -846 -34 10 -299 -576 364 1211 953
-355 -2306 5708 4960 -608 -592 -1730 204 1241 -1953 -907 718 44 -1872 1357 364 1287 3361 3841 2316 -3315 -596 1180 3488 3518
376 107 262 506 5 -48 486 114 -260 136 417 -340 -794 120 -830 577 -119 -572 -276 -636 424 -824 -712 -299 129
396 376 280 484 -940 -709 -578 314 514 -38 -842 -511 97 -561 -836 399 190 -139 -810 -54 -962 -560 -659 -69 147
1068 274 -148 -926 260 566 -165 -557 578 1273 1099 -88 1006 -963 49 253 -197 -1761 -1131 75 -131 882 -168 -977 925
285 -153 44 -212 -619 -224 518 -54 -573 -558 -647 -67 -582 109 437 -7 744 685 -508 72 663 -228 -522 -775 -25
-662 -657 610 -141 1566 -854 -712 -269 28 -185 -1142 736 636 57 -790 -713 457 173 -1066 170 323 -184 119 1099 608
775 34 -688 -515 -375 545 191 -423 604 -150 436 -40 742 -195 458 -104 -129 163 295 -393 -100 151 112 659 702
45 533 -1138 1412 1979 974 -399 1130 618 642 404 -1230 918 1009 214 878 -480 -101 209 -817 1008 49 1202 1129 1004
-1493 -1073 -483 -744 1128 -1014 181 495 -318 642 981 -1280 238 1057 -1309 -906 -1162 1011 -617 -435 -324 -740 96 -208 189
-242 -647 245 -696 -478 539 -695 540 -710 529 591 451 -681 185 -84 649 360 -115 148 586 94 286 773 -261 201
-107 -134 -803 -1014 934 111 28 348 -506 -517 -20 483 -70 804 -874 -1244 121 -444 -1542 -164 -367 -584 -361 -927 497
827 -1597 -215 -794 -559 -83 -170 -474 -643 -1498 -724 230 -578 534 -637 -825 166 588 -301 -415 -389 -295 -627 436 368
685 198 268 -811 -399 -642 463 160 188 591 52 204 359 -267 158 -114 -193 594 -725 -260 -216 -678 -803 488 626
-442 484 313 685 337 -372 -531 515 -354 -718 236 104 -621 230 -82 239 -747 -511 281 211 -206 270 -729 117 -67
794 -342 78 -839 1437 355 707 606 -223 -561 1052 763 637 -579 565 -678 -1020 -458 1541 -151 776 -256 885 382 -503
663 -605 153 140 772 265 228 758 754 -417 -644 -240 -354 -468 114 805 541 -120 339 -494 225 -440 538 544 144
-415 -478 1239 -679 528 -530 -608 -98 138 1743 -420 642 405 -175 17 -634 874 -498 1552 493 382 1518 211 1975 -248
-75 585 980 492 -1008 180 1375 -5 -927 -1118 370 584 1133 -1509 -837 -322 1055 162 -305 235 -390 -606 1729 795 560
696 -758 -131 -180 465 516 -1539 -173 -654 1064 955 -1144 259 1111 -451 -71 -426 244 493 343 -1038 -1248 -475 259 1238
-350 363 -392 -586 -1777 -200 392 -461 -962 -152 81 -391 -1237 332 -136 -21 319 -154 -91 328 -671 -477 -27 -500 -197
323 680 -350 394 -443 -799 -116 -361 -94 412 385 -347 -459 -106 -469 -480 422 -505 -540 238 601 -480 560 42 255
624 877 154 30 -1153 -895 -784 -56 -539 335 357 347 -236 -91 306 -984 204 736 427 1020 983 1126 990 -732 -64
-18 -261 -519 801 250 -795 -814 -376 -398 -806 473 -33 -797 -30 800 -547 -352 -451 -746 -255 -320 156 -296 118 720
308 1058 330 -303 693 874 378 386 -678 -1046 327 -1317 261 506 -68 337 -1585 -283 -1503 -543 1424 1112 -1172 -200 1641
12 328 -559 536 95 -108 682 345 -118 -234 190 -402 -625 18 -592 568 489 377 338 -467 380 -250 -336 538 413
258 -552 -281 -510 560 115 -323 257 -1127 -905 489 -238 36 -73 -938 -429 -483 64 -497 -1052 103 -390 1693 -584 -622
-323 1153 -5 267 -534 598 387 97 1648 743 693 -1139 -470 -733 1421 753 -424 218 -1055 276 1861 -1612 -1096 -265 -403
781 -454 153 -172 656 169 -469 208 -574 124 694 646 599 92 391 -746 154 426 407 -225 463 178 -637 -721 -631
807 -1376 -767 -267 1012 958 1062 382 625 597 946 -495 -868 -743 336 387 563 -309 -1504 -541 232 316 101 257 -710
-314 -328 41 562 402 -566 404 -454 423 763 -110 230 -217 534 -131 -642 629 -177 483 100 -332 -644 -487 -510 -602
-60 2548 687 779 434 -234 152 -226 34 303 134 555 -609 -196 1657 -927 40 479 634 1157 658 536 -385 -10 1031
1309 -552 -40 -239 -705 -675 1141 -1931 170 -803 947 -765 -100 286 865 111 -1122 562 324 -488 1271 263 -1406 623 626
-1146 -735 262 -1238 26 -252 -928 1652 -503 92 -204 -1593 -95 -120 -735 -173 355 1570 -19 -1463 609 360 -1713 -411 1313
36 751 -168 698 -82 -338 -368 630 -623 332 -555 -129 729 681 -583 -57 162 -388 225 -295 790 189 -726 -246 -159
791 -616 -262 848 778 -304 -82 341 55 465 -82 -247 533 666 -138 740 -1074 -956 800 -171 -442 877 -131 -641 -62
-237 -714 -1193 -1575 -1262 555 1120 -22 1051 550 86 -1088 1415 -851 304 18 -22 144 -765 -126 109 -941 -699 -688 -1593
-91 121 741 1664 -979 -1123 -115 -1406 135 506 451 -759 -1131 786 1638 -1136 374 512 353 -1652 741 1891 952 -750 -742
322 -523 584 1391 2362 -958 101 -476 -513 -2159 393 55 849 233 -662 -713 326 -924 -1028 -646 1114 -355 -830 524 -70
-313 -329 1030 334 102 441 398 289 -315 1984 -59 665 551 -475 -399 870 529 -249 -651 181 -812 -96 -93 -363 -61
-297 654 -168 386 -398 278 -664 402 -239 236 -764 -549 -318 -148 -5 -134 160 157 -503 -655 472 -268 -24 -95 -670
-557 377 179 -148 639 601 -646 735 -177 509 -461 533 -396 519 805 325 679 -287 180 -607 223 472 -669 512 712
-61 -407 -228 7 302 -604 -330 175 -272 317 -429 380 783 819 542 796 94 -533 -166 605 -144 347 -354 -711 -288
213 -74 630 -105 119 -887 -286 -301 -581 -660 53 252 -1232 -734 666 8 -709 666 26 874 1059 -424 -651 277 -258
-1232 696 304 431 -729 -500 -445 -294 -39 -482 -380 -381 303 192 1506 1037 929 998 1202 489 699 -315 436 1118 1393
974 2048 998 -234 1718 65 146 910 368 -940 1147 -693 -564 457 594 -307 114 -670 -1306 277 -267 -373 763 1050 -1184
134 783 -85 609 -457 538 -161 458 -674 -4 -283 -771 155 46 568 -49 70 -435 -140 736 -534 -140 131 -566 499
444 524 876 -1878 1412 830 469 551 575 56 670 1274 537 -525 1166 -40 -1362 -1678 1317 -759 825 86 289 -231 1190
665 572 -241 1029 -129 -746 -380 263 -430 -680 -24 1133 320 -1627 609 187 -621 910 1097 -138 1149 -103 -1207 577 -50
18 -319 -502 -648 -972 -196 -1259 -223 403 -1120 1014 370 1048 -120 -893 802 -85 -241 -1125 392 1384 -1200 -1822 393 -564
249 -341 -918 -123 1287 -1202 157 150 116 -1018 59 323 82 260 955 -1561 -1237 -645 -894 704 -1178 548 115 -872 -1592
-695 -473 664 -1938 -438 143 -1542 1604 -777 734 880 -103 -436 -643 -603 780 399 -235 367 -683 -830 63 -1056 867 1999
379 891 832 304 -977 -100 345 343 228 1090 -191 1863 1287 -637 -68 527 1023 632 -985 -201 992 -240 485 -977 -1325
-571 359 -561 190 -372 -185 130 -126 175 -593 -314 -199 509 385 747 -309 -7 423 -695 -619 -687 -273 397 -279 -179
-160 512 -762 934 -133 -1057 -614 -777 765 -3 -216 -499 688 440 1121 -493 -1247 -776 447 -403 380 310 -182 -299 370
1059 1594 242 691 1545 441 368 1338 1650 1613 49 462 1634 395 1234 1259 -553 -1128 265 128 -50 564 1672 411 61
194 600 702 -757 -388 -378 665 569 -455 -491 -511 740 116 -248 -92 -694 47 14 -703 459 -508 -121 33 610 -155
-869 1016 -1276 -432 -374 -925 -184 904 514 -427 -98 340 -37 -1068 1481 -84 -160 250 124 -112 128 577 -363 -638 -707
-456 175 168 -313 -401 115 -89 -295 -267 -750 839 -811 -114 259 -655 -936 -597 100 -1353 -344 -1368 -1163 -906 1503 428
680 1206 768 486 754 -1207 677 189 66 126 -29 845 282 -908 176 82 389 119 974 772 -237 -541 -1019 337 -799
495 -88 -704 175 671 4 610 722 -577 -151 695 49 -410 391 102 266 188 541 -402 197 -713 504 -120 650 231
477 99 300 -405 766 1277 0 -372 -30 696 663 -752 177 -202 245 -728 -198 -14 277 -1820 14 -454 -291 404 857
642 2112 1580 -18 -72 -312 -151 -959 -1026 -249 -355 -323 305 255 1321 21 -449 -825 -200 481 166 1162 1934 858 -934
191 226 441 -560 392 -632 -35 -222 608 751 87 -387 555 -639 -166 732 -491 197 -797 -335 481 40 -13 76 174
754 -75 -97 -748 326 4 -681 44 40 266 765 -794 -780 249 -761 -512 87 -801 -236 3 -43 -90 -529 -552 194
237 -343 -525 -396 1166 387 387 -31 -354 -401 -78 355 1115 -294 237 -322 611 661 617 372 894 -831 1365 -463 259
365 1158 -956 -2 197 689 -292 250 1006 692 670 -17 -584 439 35 7 771 182 -164 1401 -442 -207 -467 -596 -1159
-638 -86 601 -79 -113 793 442 -464 -30 774 -638 -376 540 405 701 -422 369 -192 -289 176 -181 -580 -361 362 114
1126 -790 -594 405 -480 -243 -1268 116 -649 -2010 1396 1589 -695 -515 662 401 385 -1436 578 75 -639 380 74 864 -60
-611 22 -670 553 -722 166 -701 351 -514 111 -763 -438 -33 -813 -693 -757 -129 -115 -330 582 -126 -634 867 362 -317
419 -353 -24 1198 -400 -378 -358 1324 -141 1203 619 869 147 -1290 -40 -1002 1470 424 543 -947 1451 227 70 14 294
600 448 -400 -815 729 357 45 724 -687 -450 142 -756 -414 -151 -340 -488 -793 -59 374 -501 -220 467 520 -631 487
448 535 -1108 557 -1330 -31 1386 1134 177 1321 -31 -495 -849 673 762 1117 730 -581 639 507 -1091 576 524 -673 1199
-192 797 -725 -499 -877 -89 -409 3 230 -678 789 864 -175 -120 1105 378 522 -173 480 63 -131 -277 1116 -104 -466
1650 -1169 -381 255 -59 475 -641 1245 820 -941 652 63 425 -161 -477 1168 -1037 94 745 1414 305 542 668 343 210
-476 -285 -635 145 -350 299 390 453 538 -500 702 534 -5 192 751 -284 142 -406 -736 -462 709 -591 -237 -463 -773
762 433 -16 601 1078 48 -1108 30 -1027 23 -40 509 1035 747 -50 -1206 352 -344 231 655 787 623 954 356 1614
294 173 263 278 -45 -467 707 685 438 56 -121 782 683 -340 -374 691 -712 190 -537 523 452 -687 -808 785 -494
162 66 70 867 -734 -534 -216 -577 482 -805 -28 -400 481 944 18 448 -438 -1033 310 -686 -293 -871 862 -469 263
740 498 1045 -154 -912 -54 649 -1112 -1154 -976 54 1367 -252 912 -586 -224 -1790 -172 -369 1702 475 395 585 -457 874
1429 1166 643 378 -235 -212 -795 -153 871 371 993 -685 40 -43 894 -609 -804 -94 999 -384 -358 -1647 -1071 728 293
-16 -1403 26 -1441 -526 -910 -1707 -32 -161 556 35 587 -241 -1436 -539 354 869 86 1224 786 -1050 -661 1325 -443 -364
41 -1366 -212 -920 -339 205 342 -40 406 354 655 -477 778 230 -1182 1021 1095 104 344 269 -972 514 601 -668 268
-291 -135 -484 -1178 476 456 575 -404 200 1586 -1420 1148 146 -699 701 485 879 923 18 218 -999 253 578 -62 850
-531 807 412 -13 599 -85 196 739 -443 114 -207 432 -425 710 397 462 -655 -273 344 290 632 387 602 734 68
-669 -804 111 128 -365 734 327 -104 215 438 235 310 -190 541 -750 156 -365 -188 -29 811 41 790 531 454 330
-404 72 -449 679 571 -183 268 486 132 345 212 -103 131 747 214 753 -332 105 219 -144 686 -452 272 720 380
1181 -311 -637 -345 17 278 -107 -274 66 1463 -385 673 -220 -52 -1009 -537 426 230 -1299 -221 -455 -1648 -596 -97 569
455 171 -648 -757 392 660 -141 686 415 587 -1 105 -390 251 163 -311 -486 719 226 -205 746 -212 527 800 765
88 389 -358 -375 468 -980 -296 -1543 -1300 -371 9 1481 737 -1039 106 -776 -20 380 -1448 -515 -785 -540 1208 305 -940
601 1603 891 121 733 98 11 218 597 -86 -455 499 498 -824 -163 -210 28 -499 -316 523 -252 -212 908 73 -1382
753 -403 -607 308 866 14 856 1469 -712 1162 245 -290 1224 -150 6 -30 -699 580 -1084 546 -725 -319 1132 19 -390
-254 427 919 297 -654 874 -138 -582 -898 -1191 1151 507 120 -825 1011 319 711 1127 798 -339 -456 1860 525 1261 370
370 883 -105 -86 295 247 -623 1068 125 -366 -1333 701 -429 731 -1025 284 -132 -1185 494 272 -167 489 70 572 365
305 433 763 -601 212 127 452 370 9 -680 433 -642 571 -91 423 -725 -225 -323 397 -180 587 -743 408 93 -292
414 267 704 -416 -803 477 697 -368 718 -347 -299 448 -795 410 518 26 750 794 -261 534 -697 -557 677 -763 132
-38 -96 -434 -81 -419 603 253 405 282 -622 100 139 -384 818 -403 327 -364 -814 -515 -463 524 63 610 -545 74
-139 -297 68 -409 -598 -748 259 578 -211 504 -351 -383 349 -585 -475 -42 685 646 786 549 695 -82 -267 314 -369
-203 -190 436 -400 -289 -68 -435 531 -634 -810 27 -763 595 624 790 -723 -541 803 -509 586 195 -444 -301 -99 399
1 738 -668 733 -655 216 -580 -329 682 66 541 -353 469 -432 314 511 695 286 -176 -60 722 562 -797 -164 344
-555 -762 754 157 705 -616 -364 603 -241 -660 189 -525 -377 338 299 -324 -231 -606 -532 37 -461 340 108 1262 281
619 222 167 -11 249 -338 35 427 385 1001 -735 451 -604 -652 -454 -807 591 665 652 402 -365 323 447 8 -251
-314 -418 1172 922 -10 249 322 -490 -1428 -275 -318 650 -64 -343 610 288 478 712 1430 95 1236 672 -668 307 -955
427 -431 -950 -1100 260 736 -1041 889 643 350 -109 -737 -1047 -388 -176 447 -477 802 777 -282 521 605 -665 96 -264
-6 435 -289 313 590 8 443 -536 -143 -804 206 571 -300 504 178 616 -814 587 364 272 330 -248 629 421 238
825 588 -424 -468 1440 1197 1201 571 562 1269 -773 335 428 570 -81 1031 -51 -79 -181 -951 288 -250 1453 -33 -381
451 -275 575 736 -152 -121 -399 730 -547 258 -95 271 588 768 445 65 -701 -131 -102 -261 -568 64 201 420 -602
494 -2018 -1217 318 1214 -342 -663 682 -177 -579 330 1521 113 -983 -1535 131 -366 -637 235 -1673 -1160 -720 -1455 -518 1388
261 1245 170 143 -342 -1111 -275 57 -685 -909 588 72 -349 -367 373 360 -401 1475 297 581 -1133 -1196 -327 729 504
-226 -424 84 395 7 254 -446 412 617 58 520 -801 156 740 180 -607 -351 277 -696 -575 232 702 -757 542 712
988 665 6 -616 1380 -964 -633 -1298 -1421 606 -563 -159 -403 -1648 -750 -476 -616 -35 -67 69 -135 794 306 -1209 -752
602 -260 -200 -68 -347 204 201 106 -419 372 -761 141 -122 -556 -209 158 -259 765 -361 -192 786 649 435 -671 -25
643 -37 33 -281 -746 427 584 275 205 -509 -322 734 533 -695 -502 -203 29 -781 -629 -789 -326 -127 134 -6 705
245 783 500 -21 -475 -281 199 504 326 439 -17 -521 539 813 -505 713 -646 -257 -112 703 93 618 384 480 -514
-598 586 -705 -661 -403 -26 -682 493 -433 -220 -452 -727 551 682 -280 -562 495 769 688 424 -792 -252 -567 -13 530
243 -162 -347 693 688 -6 -520 244 520 -92 -301 -394 -294 -681 -691 358 -108 -18 -597 -598 -406 715 -743 590 -673
-220 303 -390 -293 546 284 -137 410 -1353 224 489 891 -611 -88 -221 -405 -569 768 656 -1407 614 837 565 218 -155
-398 656 -590 604 -293 -265 104 -798 675 -311 -580 -715 -733 223 471 -440 561 -382 -750 281 506 505 373 46 -367
494 634 459 -317 -251 -132 160 301 -522 87 303 -573 -683 337 625 509 596 203 -437 350 -553 276 636 -407 -419
817 -15 -801 -158 335 -707 -3 787 -640 736 -302 -549 -395 -419 98 -541 -748 122 -449 43 -307 -70 423 56 163
-685 564 -747 -592 -724 613 733 -720 -8 222 306 275 83 -744 11 -594 -394 606 247 -793 -61 -370 391 662 212
-470 730 -1235 -594 304 481 536 170 -383 -861 -237 -215 1609 -35 175 -625 140 -973 85 -9 156 -369 344 310 935
90 -616 -619 417 33 691 -107 303 743 -122 452 446 -283 718 -125 -529 692 24 -193 -9 116 811 30 -71 139
-704 -63 618 -126 641 -96 366 -699 -422 -321 -669 -374 138 -752 508 108 741 -740 -124 -134 491 8 115 -490 -130
4556 -1854 9611 6760 -1045 -201 3225 -962 5498 2782 -2194 -2276 -115 1708 -4581 89 150 4427 1257 -3429 -4575 5091 536 2469 -2973
-1298 27 396 -190 -964 -331 -403 306 -1044 -1390 476 -850 -830 165 322 408 -1027 379 -1189 -325 -539 -379 381 -486 -37
-166 -5203 -3997 -6087 4084 -530 3764 -3805 -267 802 4541 2953 -5337 -904 1973 -1989 -2571 -3635 878 -4725 -417 -6261 -651 561 1889
-768 -992 -372 195 -35 288 -731 114 238 -1105 605 -513 83 -143 441 431 867 -657 -164 -262 178 -512 78 -1004 -838
-3075 -1838 4181 -1390 3961 -2273 2271 359 -234 -409 -2379 -1420 712 -2754 -359 1174 -2258 -3615 -6382 1177 8212 2340 -3381 -1318 -4349
-1674 -3964 4321 1355 2687 2396 -413 -619 4177 6931 -1184 -6186 -1992 5123 2985 -1103 1051 -1546 2777 1312 2988 2998 3644 -270 3159
-1231 -538 -235 -360 -1069 288 -400 365 -761 -600 -966 -906 -965 224 -113 -305 84 -112 -822 -481 -232 120 8 275 -505
-5680 -2775 9054 -214 3634 -3323 6574 -1800 4981 -2629 2424 3588 2538 1065 -2948 2063 1999 -1969 -1425 -931 3193 694 434 3658 451
718 -6811 -5484 -12454 -4173 514 401 2388 -6436 -3308 -409 4436 1562 -85 1107 -2363 -684 -209 888 -2514 -1027 363 371 -498 -5553
-391 -71 188 516 -947 -569 -267 563 344 -195 -261 -334 -407 -155 -464 -131 152 497 168 -97 80 -534 -883 529 220
5801 -728 -3387 -16240 -4818 -393 -3328 -10730 -975 -2509 -1015 -3569 -4140 -3617 -5055 1177 -3173 -5952 -925 -868 5003 7165 2204 -659 6084
4595 -2257 -2076 -575 2172 108 -2946 618 2927 -1881 -6200 -2780 1883 2705 3333 -246 -1778 -1536 1986 3032 5089 3859 1629 -1279 3016
88 -250 -910 -618 223 -121 -515 -634 238 -409 432 -752 538 -1215 -755 231 153 -254 82 52 -826 -92 -140 185 -1376
876 -468 -5807 -12076 1223 -3091 2257 151 -2114 -4458 -3550 -396 307 -2292 -981 2187 -1061 -2562 -1199 2242 -42 226 -428 -1226 -650
8805 3374 10496 263 -1858 -758 -3070 -2832 -737 -3586 -2831 153 -768 -3532 -3968 -2302 -1038 -309 4137 1461 -3590 -4468 -3207 3371 6322
325 -6244 2449 -1207 -2482 -259 1667 -755 4 1507 -661 401 -2124 -182 -1889 310 -1887 -1397 -3259 -8257 -3657 1832 -1129 1319 3968
-5153 7141 9217 -494 2069 -4975 -3320 3904 1117 3320 -4049 748 -1085 -2379 -1916 4811 436 1128 -990 -3780 1418 703 1691 -3842 -3464
163 -482 163 -992 -970 -149 -558 381 -322 334 431 -655 -7 -954 -627 -634 -137 -579 -569 -840 -514 130 -865 -223 -908
1456 -730 3549 1144 -457 4056 -1795 4278 1923 785 -3143 465 1693 6510 304 3027 2158 803 -1674 1047 656 -1846 -1900 1537 -277
469 -694 -803 -1038 -567 -14 -261 326 357 27 -384 -792 -714 454 -689 38 -368 271 60 501 20 -639 -1169 483 -273
4392 3985 5112 -9292 -7455 5517 6900 3363 -3864 -2623 4477 1871 -3532 585 2777 651 -468 -2735 1185 4741 1424 -1006 1089 3205 1213
154 -1021 -807 -1277 -912 -816 -640 -1111 -346 -429 226 -221 216 -1049 63 64 292 -659 -1075 101 -136 -585 -859 81 -1184
3664 280 826 5552 976 3815 2403 1307 3726 2525 -593 -65 -410 2771 3060 520 -1058 -345 4331 1298 4202 -1342 6135 3928 3172
-18661 -4198 -7152 5061 4068 -4274 -28 2934 4994 -2043 2453 -1157 348 189 1648 1681 -1421 -6937 -3098 783 5848 79 -849 -2334 1331
-640 268 263 302 -123 -386 64 -747 -691 -792 -289 309 -202 -749 294 -476 -241 -614 510 -383 -791 35 255 -932 -1230
-509 -6626 6390 4700 -5786 -6026 -510 214 -1103 2835 -2075 -269 7489 1310 -4553 98 -3386 -2787 1392 -2856 80 -1610 -1285 -3068 3367
-35 -617 -738 -65 296 -537 -365 339 -909 -1074 -534 -674 -495 -78 649 286 -433 20 -535 -795 426 513 147 -541 11
-4380 -2965 -7140 -12831 -4566 1814 -377 -7897 -3898 -3683 2208 22 -2175 -3263 1851 4446 4738 1020 3222 5122 5639 3413 2529 2946 6236
-918 7634 2646 6138 -4749 1591 5576 4144 3124 -7018 3231 2537 -318 -3747 -5505 1929 -224 -2574 -2546 -112 -355 987 1103 228 -2917
-2321 -1062 4933 5973 5615 -356 -3423 805 -2825 -1421 2476 144 -2151 -2745 -112 -3721 2583 -5048 1659 3787 1915 3807 3609 8378 8042
450 -664 358 232 -638 -923 458 44 -905 188 -331 -470 -119 188 97 112 -911 -462 -571 605 -1004 -517 -298 231 304
-1541 -13788 -4407 4101 -4654 1474 -6369 -4622 -1033 -10167 -6953 2124 2444 -2341 6427 -978 -2258 -465 -1306 4863 -6381 -2990 -9615 5176 3011
-4926 -17001 -1329 2150 7653 -7970 -3478 -2816 7602 5540 -1850 -405 1849 1151 1834 2153 -440 2623 1904 -1897 -1237 -497 256 3079 -508
-10906 -3088 284 3356 -430 -1099 -4185 2006 867 6300 -998 -483 1185 3587 457 -1576 -1857 -166 3092 -803 59 5003 -396 -1266 1122
-11968 8850 2961 2414 2644 3037 1759 2313 5541 2605 -3125 1108 -1517 -235 2253 854 -4758 1784 2376 -2728 -10627 -7845 -2260 -5208 -2538
-2139 1340 185 570 3164 -2890 -2555 2005 -144 4073 -676 -4830 -806 -450 -4324 -7455 -2944 3837 518 126 -443 4643 6081 -1302 1803
688 -67 -89 -814 -1462 -627 96 -1931 -405 -406 -1009 -1256 -177 -1012 -364 -187 -1479 27 -615 -914 -35 -1445 -1013 -1339 -698
-935 390 -52 196 -1367 -606 398 -747 -154 -1217 -120 -1103 115 -376 -1490 -36 -590 -895 -2 -958 -355 -255 -695 -330 -367
-709 439 33 -44 -1187 80 -571 33 -373 -1025 -73 -623 383 173 -201 -49 -460 -867 -922 -519 -849 -479 396 -135 -987
5498 6393 -2148 1389 -702 7352 1817 1310 4166 -737 271 4105 3114 -606 5289 3 4354 2087 93 638 -1290 -286 -1253 1430 1144
2852 -1398 2111 -3893 2082 -3049 -5166 -3046 -3802 -4886 726 -3896 -1212 -2413 128 -756 1350 4311 -1545 -1255 1364 7117 4282 2873 1384
6951 3814 3105 1948 -584 -2192 1255 5161 2819 153 3960 5899 1957 713 -562 -1611 -2271 -5097 -161 -6071 -1010 -1938 108 -4293 -170
-312 154 206 -80 386 -292 -126 45 -32 501 -756 -224 595 101 -146 201 -531 -525 210 -552 227 -284 -626 -718 -78
-1453 -8040 131 1248 -4698 -880 4822 980 -2395 -6553 -384 2251 -339 -635 -7230 335 1640 -3618 -2281 -4448 5800 -1690 -17 1347 -1925
9234 7141 291 9266 6532 5198 2109 131 19 5848 -7450 1287 2318 2792 5150 -3900 -2887 -3187 -1445 2118 -2846 -2368 -4518 -6422 -6237
2784 5730 241 6521 -956 -3261 -2724 -3105 -1810 918 1964 -223 1347 2816 -566 -2931 -2612 2151 899 3239 2422 2108 5204 -2969 -171
239 81 4629 6276 -566 1664 736 4203 -977 5251 3317 1546 -319 -89 1816 4919 3089 -1011 -5555 40 -845 -3697 -1171 350 -4109
-3377 -6819 -8627 -14663 -6543 -1338 -3001 -4689 -777 -3036 2045 2034 3878 -763 -1066 1097 963 -2519 694 731 3049 -3733 -4040 -3096 3751
1883 6946 -6533 -3667 -7696 433 -1277 -3117 -392 -967 6364 2902 -31 2925 -4344 2401 -519 299 -2230 -3730 3037 298 -2129 -1094 -959
-731 -480 -201 309 -614 -260 -229 -1127 260 -471 -350 135 -915 -1000 110 127 -980 173 -305 192 -1380 300 -308 389 -1069
-2619 -544 332 -1689 3834 -2983 382 -2811 2471 2407 -9775 2943 -1949 -797 -4988 -2906 968 2788 -3825 -4009 4950 4737 2598 611 -4529
8472 -6683 -4975 -1456 1394 1398 -590 -830 -614 3013 -1032 -1281 2236 778 1798 -5105 -2918 -771 4034 578 557 814 5072 1211 3061
-446 352 -75 -792 -503 72 345 219 -74 -611 43 -565 36 366 -588 -235 144 165 1255 -63 -329 -1051 -842 -1071 -207
-5206 -3686 -3063 -6193 -4896 1032 2069 -3813 356 1548 3808 -4045 -1804 -909 -4483 1558 801 -168 -4050 174 1655 4056 3676 4100 865
7073 576 -1203 -1011 -1530 -4377 -761 1811 2044 -2120 -3503 661 -1931 -6810 -1860 1250 -3052 -123 2035 -4082 1314 1196 -2405 -1954 -3312
10451 122 3043 9502 5450 -6982 -3030 -2828 777 6658 -6766 -2765 -1649 2979 2339 707 -2899 -238 -1080 1285 -675 1069 -3103 -3317 2561
-189 1 157 -76 671 -744 51 -921 -417 380 -743 484 -342 -723 336 -711 -884 -309 -616 579 506 -119 -373 260 188
9146 470 -3651 -3575 -1468 969 -891 -833 1900 883 734 -865 -4794 -4442 -2653 1089 -3014 363 -1472 -1697 8019 3203 -1630 156 -2758
709 -3015 -5957 -2877 -2520 990 3030 -1619 -2918 -529 -5355 582 -3007 1604 -1289 -1768 3213 528 -571 -3650 1984 2841 -1759 -5126 -11100
-389 315 -321 -805 -828 -115 -1582 -1250 -670 500 -1230 96 -1193 -344 -119 -855 -362 -831 -703 619 -325 -29 -855 -671 -615
-85 488 -309 -869 1 126 -873 487 -179 -131 -199 -924 -151 177 454 -418 -932 -472 -415 -106 -281 -669 -883 -653 -807
227 1985 3216 39 2879 3223 -2531 -5044 -6400 1312 -3632 -7655 -941 -1922 803 342 -664 2256 -2470 -1731 -1644 -14195 -14608 -3234 5084
-4173 1759 -2483 335 -564 -408 -1501 -2894 -1283 1214 1732 2295 280 -2776 -4085 3580 2301 2786 -1809 -3456 -422 -2093 -449 3086 -2583
385 -1799 -889 -1895 56 -1028 -987 -782 -290 -969 -11 -884 -1128 -875 -813 -788 648 -943 -258 195 -263 -1090 -1359 -511 -1377
-6292 370 -2006 197 -1160 2493 3094 1988 -1195 871 1323 480 -801 -3362 2579 -8628 -3108 -1880 -2348 5107 -4662 -6353 -2643 4672 3812
305 -827 3104 -7320 -1175 -8355 -2000 -1791 -2572 -4835 -7038 -12298 -10331 1115 -2336 2852 -1497 -541 -809 464 7796 922 590 -3733 699
-2665 8553 1203 -1587 -342 166 5765 393 110 -2326 -3208 210 1921 842 -2476 -1986 -141 542 3474 -1455 -2308 -2192 1773 3289 936
-747 463 75 155 -890 257 -362 153 -1063 -401 -350 -879 -480 -405 -882 -22 -167 -536 -795 -464 -502 468 -259 -480 -621
-3285 -5724 -4638 1509 1585 -4773 -5921 -1351 -993 1011 -3010 -21 -1645 981 1866 -3321 -672 -1327 3759 520 -1711 -442 2767 8503 2493
532 582 2664 -3571 9410 -1083 -226 825 3821 8468 1451 -757 2950 1242 3444 -150 -87 650 -2143 -233 564 -2218 -102 -2003 -97
-16623 -1796 -6562 -4687 -7282 3289 3122 2042 -942 -2328 2525 -3178 -189 -516 -1962 -1044 691 1718 1796 1181 -3619 1816 5775 1257 1139
-1053 -933 -116 -457 -570 -183 75 -98 -341 136 -750 -131 -419 -463 -450 620 -468 -733 -698 -332 148 -201 -499 25 -269
-2170 -492 5755 1387 -2521 817 -2282 389 -603 1680 -451 -3525 1892 4347 1690 538 -2455 -869 -269 3128 -3585 -2540 5112 1029 -3402
-165 -806 -433 502 466 -305 -867 453 -211 7 -93 -752 -622 -586 -805 -222 -813 -1365 -58 763 -1154 -268 -318 287 584
-2121 5726 -908 -4630 -6408 -3403 3778 2706 469 -7066 6594 5295 2144 1060 -3158 4513 -2040 2976 3822 2897 -5218 2648 1620 -2013 -7929
-695 1421 1983 2077 -807 -2833 3113 -2227 -4320 -3302 692 1765 -3309 2149 -6144 4084 2247 764 -56 -11 6437 4181 -2419 -487 -557
-3512 616 6395 2153 1957 -1894 1403 4551 2813 3173 1058 2072 3149 5822 5390 2708 -1106 -813 3200 1197 -4940 -4805 2296 -1701 -159
-747 343 3812 -2843 -2058 -2731 410 326 -5221 3115 -1267 -149 1613 5643 3683 2011 3533 4983 6259 1392 273 -1496 5128 3597 667
-176 3255 133 -12396 -3502 -2744 -3239 2631 -523 1867 -53 718 4541 -383 1435 -2223 1590 1441 818 2130 596 2018 6954 2153 -1013
2999 4402 1838 613 -2497 2256 663 -3169 -959 3256 3352 -64 -1196 3521 -698 -1246 -1026 -834 1446 -697 -660 5791 -1431 2138 -1347
-588 -245 -1045 -761 510 -723 158 -540 -216 -567 -779 -738 -128 51 -424 -397 439 -773 194 486 -131 -380 221 -471 -1003
-984 -193 -557 -255 -106 437 274 557 212 -1067 -705 -180 34 -649 56 274 -495 -443 -199 -462 -556 137 -1080 -887 -315
272 55 28 233 292 -670 292 -1100 -1343 -1046 -122 -14 -962 -108 -742 -544 -196 -1586 -228 -1078 -955 -1753 -1089 -58 863
-1655 8830 9704 7318 15329 -2477 2056 2538 5457 1052 -4089 -2080 -961 -6390 1449 -1245 -5139 -3869 -707 2149 -1838 -2470 -1263 -7814 -3955
-321 -232 -403 -1010 -1588 281 -1199 -1074 -595 -114 -1521 -1706 -1462 -1536 -1428 -1043 -1235 -911 -621 -570 -696 -793 -1049 -1260 -136
226 4093 1577 432 -1721 4962 2975 2434 3695 6302 311 3973 5602 8652 3958 -2045 2812 1415 3630 1232 -4480 -4427 694 -4381 844
1432 -3363 728 448 -834 5273 -150 3542 -431 5629 776 -483 1975 2738 4959 -679 1270 37 -616 3459 5630 -824 -3658 -67 3022
-446 -3508 -5751 -10520 -3743 -2595 313 957 2753 -288 -4139 -717 2527 8 3716 3752 90 675 2281 3678 4665 2449 3478 -372 429
-14492 -1170 -4626 -1512 -150 -7418 -2412 -3378 1113 1984 1777 288 -1446 1583 -4712 3110 -1851 92 -666 3407 -1227 -4671 -1390 3377 2780
1656 7481 6106 -5632 -6702 2515 5351 2272 1397 1263 3269 4507 5197 -117 2553 2052 706 801 -952 1705 -7243 -5570 2926 4553 -2329
-63 672 -289 -651 -395 -118 258 556 431 678 -734 -636 -837 421 -461 55 -573 -845 430 -800 -269 -501 346 167 -629
-327 -391 -1045 871 -337 -488 -1420 -85 -712 39 225 -1419 -214 -1521 -1192 -221 -287 -788 -383 -882 -1612 -1054 -460 11 -1066
-1411 -578 -224 400 -791 -1386 78 -1035 -205 -250 -919 -840 160 -527 -1065 -86 -181 -1546 -126 405 -1459 -1072 -1211 -642 -472
137 290 -876 59 -920 -1277 -282 -326 -845 33 -1080 -1095 -625 -111 -24 -448 -1190 -186 -551 -393 144 -1836 -1955 338 -1061
-450 -351 502 -1045 -619 -765 -778 -1053 -678 -343 -438 104 -550 -1004 -466 590 260 -435 -52 307 -366 -406 -891 304 -353
29 -788 -724 722 550 -37 -748 -464 -961 48 -191 302 -124 126 -186 -272 -555 -278 341 -457 160 -116 -403 -1051 -739
1316 -11706 -6829 6173 7993 2005 -6254 -17 -861 699 2622 798 -310 -5219 2914 2661 -3743 -7984 -344 688 -653 -5739 -6848 1537 -1787
-4450 -13894 -150 -9585 -5557 2594 -3373 -7603 1451 2851 4730 -5565 -5241 1464 3029 -667 -4150 -5156 -3005 226 839 1875 -2905 859 874
-13 -9187 -3653 898 4067 5474 -331 -841 -745 2209 -4498 1052 -1553 5165 4695 -7113 -4230 -7103 3110 4531 -1761 -3588 -979 -4984 5154
2042 6627 3899 5487 307 6214 563 4028 -2656 -3564 -3191 -1452 4766 855 -1357 2134 -556 -2419 -1419 2308 -9495 -4654 3643 3565 5240
-765 -22 -1051 -91 102 172 7 -155 280 -1066 271 -356 133 -1109 -1177 -738 367 -539 -468 -797 -1134 -388 -935 -650 164
2019 -663 -1187 -6706 -8823 825 -2509 -3306 671 -5330 -251 -2013 -4561 -1388 422 1739 2886 362 -608 2104 1859 7163 -644 445 2864
160 -672 318 208 272 18 -48 -907 -303 -296 -7 271 -879 -231 555 670 -664 363 -227 -1264 519 -277 -814 -231 -95
2370 -6171 2547 -5405 2444 4190 1344 -1752 -2500 2188 2187 4667 -1021 -5488 -3785 -1548 -2324 -3362 -5480 -747 -2735 1968 1212 -531 1579
-5305 -4744 633 1881 265 2380 5147 -2551 1132 -3967 4196 1539 -645 2117 2834 6311 -1548 -3844 -3815 -3548 6991 -2720 -7973 -3068 -2759
-131 103 562 -394 152 245 -404 174 -236 -168 -146 -301 -220 -889 365 102 313 -888 -815 87 -44 -30 -464 -1133 140
937 6613 1892 -5668 -3929 3606 456 3248 4758 905 -1743 2487 5726 3898 236 -2164 1567 3236 287 2409 9085 4278 -3992 -2149 394
-29 -644 -599 -501 -268 32 -934 -1034 -631 -641 -362 -189 -918 -741 -277 188 -578 -593 -1094 -675 -134 -443 -535 -606 -334
-367 -18 -281 -1000 -400 301 -548 218 76 749 470 -512 214 -492 -152 -63 288 49 -21 -141 51 -229 -635 -553 -160
123 -38 -89 -1214 -539 -153 49 -1309 -1076 -1312 506 -383 33 -746 -412 -126 -1043 -1236 -55 294 -433 -137 169 -301 -826
170 -1149 -486 -620 638 -839 -755 -275 -352 -857 -171 -970 301 -644 288 -688 -703 60 155 534 200 -5 -1026 -819 -1026
-1073 -93 -722 77 74 -762 -1038 -426 -789 -31 -369 -1096 -1194 -944 -891 -728 -191 -242 -259 -355 -879 -469 -124 -1070 217
-9013 3968 564 2966 -1000 4760 1213 610 1106 2289 -382 -3888 -565 422 -2508 -2498 -555 -1263 -998 -1395 -4133 261 1359 -1069 -6746
407 -167 -658 193 -304 247 -339 -74 357 -369 -678 67 55 -963 89 -614 -293 -591 -520 -49 -9 -908 -668 3 115
1923 -1245 -3223 1021 2406 1685 3540 -506 -1319 -372 -1804 1318 -5509 -2226 2527 -3941 -2945 -873 1749 -440 -2315 -3751 -2136 2031 3662
-442 -698 -446 -66 -16 -337 -896 503 600 603 -202 -776 -648 226 -384 -281 -42 -147 -469 124 -450 -829 319 -447 -512
-1200 -960 -480 -868 -945 -1173 -1245 -762 352 -1112 -545 -300 -564 91 -1120 397 -935 -462 -801 -516 -211 -63 -1010 -418 -525
-2562 1795 -488 -1177 9067 -4201 1435 370 -2828 -6159 -3673 4630 223 -3140 -11426 3033 4590 -456 -3250 -6178 4849 5646 1247 5276 -2179
-668 -263 -319 -180 -253 -918 154 -731 -1207 -741 -1002 330 610 -593 -510 -676 338 -502 -1019 -915 20 -38 43 -219 -628
303 4 -213 -87 -718 -178 -349 -777 636 170 639 -938 495 -307 -357 527 337 -181 -936 -285 -590 477 -43 586 269
2380 -1362 1565 -614 -3058 -1222 -840 -2144 2197 -1038 -2944 -4298 3696 2724 1448 1438 1901 1377 2603 -4005 -302 6192 2745 5691 -3244
-850 379 -241 -1226 120 435 -913 202 142 193 -319 -1059 -315 -1234 -173 -280 -469 -458 49 -1170 -1292 58 130 -69 -468
-3008 804 -6564 2522 1723 3245 -2960 -1213 472 1229 -2770 -1931 -721 -277 3642 -3018 -5738 -720 -2174 -336 1929 142 1825 -6546 1285
-558 -763 -242 288 -1278 170 -157 -1114 -407 -638 -75 -91 -815 -284 -227 -28 144 259 232 -933 299 130 -916 -978 -459
-1656 -1623 681 -1134 3339 -4075 -1253 282 4640 5531 -353 -3079 -474 993 -770 4815 4060 828 -52 -359 10760 1139 -814 -5764 2694
-1104 -6125 3392 -6263 -404 -782 -10472 -4 941 1128 2362 -2641 1951 3182 1447 147 4003 1952 -2697 704 -1439 -73 2183 3535 942
92 -1086 154 -631 -942 -1055 -537 -508 -394 -602 -112 405 -132 715 -95 -648 -136 496 -46 -954 -602 -494 -468 330 -413
-883 -1280 -2304 3037 -160 1618 -694 -1765 -1963 -4231 1641 2876 -1427 605 -650 7289 649 -849 2330 34 868 -372 -3555 3450 5869
-6826 -6395 -2143 -1380 -4841 1221 964 -1846 -2028 -4723 3235 2839 3478 4070 -2116 1569 -297 -1238 -345 -8336 5263 1207 -2993 -3415 -6329
-469 -819 -804 81 -752 190 13 -211 -374 -750 27 -293 575 -235 -598 -1002 -379 547 -344 -672 -404 -1110 260 -869 -958
2573 -9905 -11161 -12675 -315 6763 2860 -1705 -707 -2248 -471 -3748 -8431 -1003 728 4746 -2020 -1989 -999 56 3141 5748 5512 459 2070
6854 2024 -41 -6554 -4447 -598 -2235 1249 -2102 867 -3489 -2018 -856 6816 1815 -659 -1428 2621 1670 3804 -1360 2544 1182 73 -1616
-842 200 -736 -606 51 -616 -93 -278 -304 166 80 334 -2 -554 -197 -176 -692 -1131 -782 -211 -202 -570 -29 -496 -465
-426 -1028 -2357 -3518 -1889 501 2218 130 -1386 3560 893 -1738 -5569 434 -1107 -1025 -2009 -3502 4194 -112 7782 1580 3039 9526 6082
3195 -1522 -333 1689 5734 -4917 1299 29 11 4608 -4067 -2407 1383 1740 1462 -2278 88 -2226 1883 6843 -8535 -453 3401 6459 5088
314 9032 4546 -1667 1430 2729 -2301 -2745 3678 -618 -3124 643 1726 -1999 -4004 1070 -348 -563 -4390 -3556 -111 2702 -2441 1966 5153
-5777 -5539 -3293 -775 4183 -5331 803 2995 85 -5664 1638 914 260 -1903 -2228 6269 3027 -3546 -5251 -7555 3360 4697 4278 -6050 -4709
-686 -993 193 -920 -904 -1006 302 -581 -47 65 -974 613 483 203 611 -60 -752 -283 -84 -344 98 -816 -80 -272 -602
-4693 2021 -750 1488 2790 -4903 -1704 519 846 -386 3123 2068 2365 4359 191 4186 805 259 940 1684 -2926 290 -4308 2801 -11833
-930 201 -935 -1226 -1 145 -969 -301 -123 -795 -167 152 -285 351 -765 211 351 -1203 187 -723 361 -1016 -191 -879 -1134
4883 3087 -1867 1081 230 1729 2412 -2418 -2935 1530 -1546 3320 252 1325 543 -3889 -469 -1462 3284 1852 -400 -1248 -3867 721 -2625
439 613 -323 -522 -298 -393 611 -165 -261 440 209 -156 -97 -993 -353 19 -890 -240 -683 -670 -895 147 -386 -399 610
5717 -2898 -356 1199 -906 1172 -3045 2163 -144 -3211 -3558 -1180 600 4805 1032 1057 -217 -461 401 -3333 -2559 -4127 4926 3412 8806
-7349 -4263 2941 2939 54 2882 814 -460 528 1059 -1055 -2622 -4521 1656 -1552 2328 -3073 -2736 -2222 1921 -2761 -4640 754 -523 4683
245 578 165 -176 470 367 -209 149 -892 594 -838 630 593 98 179 87 -543 -353 -17 69 556 353 -825 -738 -600
1827 461 2763 2013 -477 3978 431 3776 2266 -4008 745 -167 4431 2855 -2992 939 -1448 -3484 2010 212 -2026 -5558 -37 -3764 5849
-378 4 -821 -240 260 -773 149 -633 -285 -224 -360 -409 -237 -344 -703 -43 286 -413 294 342 -355 195 -541 -31 -890
2691 2415 166 -3004 -2657 -1951 2036 -1432 -5102 -3003 3790 2280 -662 2637 4629 6541 2393 3559 5427 4945 -2024 869 -281 1229 -1444
960 9440 1549 1505 -2095 5119 2191 2691 -558 -2562 -2258 4585 1990 -1220 205 2649 2113 1314 -2058 -3075 611 3127 -925 1423 -3302
-2611 -345 1217 1340 101 -2079 1038 -585 -875 -1057 161 484 -5264 206 -530 -5435 2081 4022 6213 2336 3496 7894 1182 1755 9230
-861 -563 -656 -515 -83 240 -271 -425 449 -90 -495 306 377 167 -933 549 -322 -770 -743 -1019 -762 419 -1060 595 134
-5764 -5584 -2051 -1349 -9463 -115 -2320 2518 -6216 -4760 -73 -927 -3202 4518 -2122 3827 -4549 -3479 1301 1903 -883 -2142 -1989 -6987 803
-5133 -4035 -6942 -1797 -3554 -6462 -4048 4286 2037 -70 -802 2263 2794 2783 -787 1125 -1030 2356 1260 1486 -3722 -2958 293 -2166 7495
3283 1882 4287 -273 3939 -3286 2534 2742 3945 7983 -2331 -197 2805 2072 1336 -1065 3589 6328 1279 -4671 -2912 1172 -546 972 -860
-4786 1668 2077 4191 -609 -2256 -1313 1989 3633 3431 809 -3183 776 -1138 -830 -1181 -5801 -1938 -5648 -6358 8425 -6468 -3687 -9486 -7528
-674 -1342 2261 -3058 -1721 -1513 -5218 -1400 -148 -1582 -4887 -3020 1 -484 380 -4811 838 4400 110 1586 3880 5359 2233 -3032 -4988
227 -260 -993 -1071 -1232 -700 -1701 -471 -444 -1150 55 -1063 12 -489 -1233 -937 -856 -922 -1604 -1239 -311 -1194 -1289 -921 -636
-496 -337 -17 -351 -200 204 236 -637 43 -1328 -299 520 413 -121 -273 156 308 177 670 -89 -1003 -725 113 -310 -863
-733 -417 -865 -901 -688 -516 -285 729 108 452 -366 642 508 -679 -73 254 -850 571 657 -46 -802 -538 291 -808 -68
-5263 2319 -4104 2242 -952 392 -321 2521 -1911 -1573 7495 1086 1953 -2389 1663 -1668 -4324 1320 -2751 -403 -6463 -599 -5545 -2482 1445
3065 -3864 -1848 -2133 -6119 -4898 -4967 -147 -6898 -4880 -1459 -3362 1049 -5538 -1649 -74 1539 5417 4706 -790 -3655 13109 3664 6887 5234
6818 -1490 1586 8292 4921 8296 2047 1195 5243 3646 -410 -65 -1914 -1091 616 -3909 -1139 -4148 -8374 -1041 -5697 -4391 -4075 -3951 3483
327 -312 -263 -104 -78 -1015 -212 350 -863 393 -36 396 -336 -729 -684 -1016 -315 -220 -119 -432 -934 332 -875 -119 319
-8911 486 6232 -110 -6164 -5971 -43 3912 1563 -1530 82 2772 -333 -995 -1638 -1883 -4005 1 -792 -4969 -601 -5184 4916 7627 -4670
9967 1934 3411 3193 -3042 -4047 -425 3865 3426 10213 -2674 -2516 -1028 1756 2264 -2370 -3428 395 -5146 -1009 -4767 -9283 -9602 -10193 -10709
-7297 2215 1224 25 -2233 2474 779 -531 3420 1864 -1790 -1321 -2432 2628 921 -2866 -97 4065 3140 1468 -4087 -616 780 -4240 -4010
2518 -356 -2210 -1649 -2770 6391 453 2262 68 -2370 3379 2277 -1419 3595 -2233 10123 -135 3451 -6360 532 3761 -9115 -836 1671 -602
2725 196 -8072 -2549 -6947 2407 1302 -3256 -6864 -6608 -1475 6142 273 -8213 -3510 2468 2047 -252 -26 -1398 7007 -415 -2758 -6 -706
-798 -1648 -2266 8174 5920 3729 3134 -602 5242 1972 5491 -1049 1494 -738 -1736 3615 -2100 -2886 1171 -60 4110 -1662 -2 -6351 931
-350 298 -481 -146 -862 78 -814 -152 -1001 238 -13 -361 -1181 -579 332 -511 -466 -1351 -397 -830 -1018 -105 -844 -682 -896
-5422 1194 3850 1146 2211 -4945 3578 -952 -2918 3267 -9108 780 1487 -4608 2721 1143 8444 163 -5921 -5840 -4858 -3634 -89 -2213 -9390
636 3608 3506 1497 3989 -3083 -433 -3115 -2839 7409 -5189 -2481 -1756 3404 -920 4404 2485 6991 6193 45 3269 1056 -1089 -1991 4461
-589 -312 55 -1167 219 122 -543 134 -695 -898 67 -25 -694 -518 -4 -433 -1134 -1202 405 347 -243 -644 -293 -802 -436
-4493 -1533 -4461 1934 4257 1388 -995 865 -721 -1119 -5 -661 -4500 -3346 243 -2096 1160 3857 4773 2549 -1115 832 5147 2494 -2327
141 2259 1882 -1885 -7509 -5952 -4514 -1190 907 377 -4870 -1811 -1785 -1078 3956 2045 959 -1299 3809 -1623 4429 -6754 -675 4103 3980
-967 -4175 4690 2537 2533 3915 -1870 343 231 3302 3342 181 370 -1231 4231 -108 -1678 -5401 89 5611 -2233 2327 5691 4815 -1165
-735 -38 -466 -929 292 -545 -384 -768 12 -893 48 513 124 -587 -792 -26 -308 -391 460 -217 -30 406 482 47 -747
-563 1029 1293 4205 -4506 1585 -1433 -123 -1750 1295 -3305 -22 -2928 -426 -890 -776 3604 -2564 -1549 2299 -2674 609 -3896 -1399 -3847
-3026 -1116 480 -989 -4036 -2162 745 -353 860 -767 2109 -2807 -580 769 146 4000 2522 -102 1218 -115 4551 2172 -74 -1413 -416
328 -1139 -297 -427 -674 -287 -1408 -408 -228 405 -754 -1103 -172 901 -9 -489 -116 -36 -514 1740 -1182 -494 140 182 -28
-187 -333 -477 -781 442 -411 -83 462 -785 19 550 653 -929 73 -130 518 158 445 -173 -112 -597 275 -666 501 492
3036 -3591 -4530 -1048 10202 -3092 -8329 -7237 -2750 -1626 -7728 -3584 -6981 -2190 1200 -2615 -235 -3032 -5965 869 -14323 -4444 -11682 4094 4374
642 5940 1244 -242 4273 -599 737 1033 3695 4435 1768 827 1530 -4728 -1875 4206 1114 -19 4665 -2382 5195 -5183 -684 -2834 -351
-1204 -1482 -1135 -607 -1420 -114 -1166 -1281 -862 -745 -315 -865 283 -248 -998 -265 -974 -886 -1516 -925 -1192 -413 -49 -920 -838
2037 452 1856 -5042 7241 3297 1479 -2238 349 5213 -917 3886 2631 -1531 584 -2204 -5014 2288 -3351 5081 -13844 -4739 2927 -1217 7407
-370 -935 -3002 -7089 -296 -3509 -4175 -1402 2241 -5144 2506 -9848 387 1995 -55 3977 64 -67 -3900 -330 11169 -1776 -3636 -2440 1339
5662 5072 314 -3513 -314 -1495 640 -2020 305 -1363 -4788 -3041 -2446 888 -2308 2836 -1581 1697 4449 -924 6885 -590 -2642 -574 -2096
-626 -706 -331 -273 -514 -767 121 277 -857 -94 381 101 426 -409 -586 -726 -7 334 -639 -1067 603 -545 76 -674 -129
-4434 2702 4174 4226 3739 -1909 -112 680 -297 1931 -4007 -4111 45 -6956 -4924 -2072 114 2221 5041 -426 2224 1963 5339 6932 5912
5627 2732 -852 -16 4573 5944 -557 1715 -2448 3916 -583 -1791 -1255 -1599 185 -2411 140 3820 1557 -3504 5135 3803 4974 1697 2406
-1181 3565 -4436 -4276 -3617 2000 595 -93 3166 -457 2358 4971 3634 1251 -1830 256 676 -130 -509 2609 3404 709 -8824 -4432 3382
-166 -52 -842 -47 -798 -810 -297 -194 61 -959 -434 577 -129 469 117 679 -175 -511 -962 78 -361 -958 387 -788 -500
-4229 -545 -2215 4953 -406 -3156 -1594 -824 5032 -2490 2043 1949 240 1111 1303 -1632 -2125 -1259 -250 374 -1473 2616 3833 -193 2150
66 -936 -932 -255 88 707 116 -424 -559 -1116 -1054 -214 -1292 -1008 202 -550 65 -963 -354 -44 -1285 -624 74 -197 439
-1941 5669 553 2835 1555 5054 425 -1234 -713 -2100 1741 3601 4376 2956 -238 1252 -1821 1348 3887 -779 2839 -2484 1057 -3065 -3318
-3705 -1538 502 -1446 -2993 181 2046 -3427 -278 -4591 2676 2944 4975 125 533 5408 2212 844 -282 -217 -1336 2850 -3049 2405 -3650
590 3510 2281 -1828 -2533 -2237 -832 4742 3816 887 -2028 -563 3684 5071 2416 716 -5281 -4163 3269 -2030 -298 -4602 -7607 1014 943
-2683 1648 883 -1322 953 -2163 -207 2168 1839 3771 1300 -1611 -166 4429 2657 -2121 -838 4784 1665 -4706 -4317 -3052 3864 9974 5369
-6479 2752 3783 -10147 -1282 -4870 -3160 2674 -3536 -1228 -2801 519 1826 545 -3020 1296 -1036 3030 9251 -2852 4829 1263 2979 1826 -774
-7063 -4020 -3550 -175 3195 1320 672 -364 -1008 -2522 -1068 -1717 -1059 -2361 -1188 -4293 1802 1676 4266 -4783 6908 8590 4616 5540 3323
-578 508 -435 -362 -1030 388 163 -233 60 -354 -146 173 156 -566 372 -362 -274 -438 -985 -365 383 -1066 246 -380 -671
261 -100 585 44 -931 -1065 38 224 -420 -353 -64 -860 -181 -642 67 -959 125 -586 -144 -460 -9 -127 -664 118 -452
-254 29 -900 -916 -680 -739 7 -963 -85 -292 451 -651 -705 -132 -621 -265 -1389 -737 505 -1073 -1301 -699 -202 -403 -916
4402 3933 3443 4925 -3190 -1164 2026 597 -4626 -5484 -4015 -225 -2575 -382 -2198 -102 -1256 -1157 -303 1166 2230 2241 -1566 977 2410
447 -344 -1230 -317 -1472 -44 117 -827 -444 -173 -1383 -538 -917 -498 -1541 -681 233 -1290 -365 -1388 -685 -620 40 -625 -738
1563 1932 -767 746 -3989 3103 -3958 4066 1814 2121 2532 3860 8931 628 3063 1470 -2149 -4820 -3128 -4389 -1192 -5153 -1070 -434 8013
1657 -660 1575 1298 3451 545 -498 2667 86 1115 2485 1122 -5372 3902 -10 1625 829 -1397 2893 4568 -5004 -2977 -464 5745 1893
-6078 -3159 -7307 -5898 -5024 -5862 -4381 1445 -1068 770 -825 8 1374 4915 1941 5140 -1549 2597 -740 -1853 -1168 -1674 5886 3222 -1406
-2115 506 -4305 -3014 474 -1263 3307 997 944 501 944 -1229 2639 -7364 1113 -1459 -207 1968 4941 1668 -12343 585 -1009 257 -5420
-1272 5095 -3974 4431 -1569 1537 783 -1185 169 -3557 4909 228 -1649 -2306 -2093 -1789 -635 231 1138 1932 -2955 712 4314 4809 5011
-644 -130 559 -384 446 466 699 154 101 681 50 -784 -361 638 454 373 -403 95 698 638 -756 -254 -792 605 -108
-526 -906 216 -158 -79 -338 -1278 -1139 -1366 -702 -696 -1128 289 -1035 -1186 -821 363 -69 340 -260 -978 -1174 1254 -1466 -1554
-1555 -1058 -1063 314 161 43 -1031 -753 -70 149 -727 -1313 -355 -1207 40 -1405 -470 -1265 -558 -1064 -829 133 -1233 -861 -498
-574 -1407 -1627 -534 -888 -1092 -1729 -1328 -1585 -624 -979 466 -1537 -795 201 -212 -1102 -1032 -644 -1107 -1003 -593 -2162 -138 -521
-184 -1028 -2 -562 -1371 -706 353 -832 9 -384 494 -642 -1188 328 -61 8 -156 -302 90 225 514 201 18 -1121 113
-885 -271 552 142 -69 396 254 -350 47 -78 490 431 -609 638 -421 -848 -702 -955 -347 -662 431 133 711 640 -592
4370 -6723 -3141 6643 -3732 -4167 -364 -2498 -7172 -1200 1521 -2490 -3392 -6614 1185 1075 -2857 -3273 -4006 -5593 3437 2749 6189 8283 -864
6430 -316 -972 -5284 -3093 -1142 -5865 -4629 6361 1163 -78 -275 -7474 874 6674 3173 973 -225 -3095 -435 2687 -2211 -2895 -2736 -650
6866 6528 -518 1776 1409 -6284 -1212 -126 -652 7871 -7665 -2682 -361 2973 4708 -4072 -6360 -3817 -3021 762 -5180 -6448 -986 2457 1166
5855 1909 2239 -640 -925 2541 248 2048 1674 -5863 1973 -2799 -1682 3090 670 -2244 -4049 2621 5186 3429 -4314 -4978 4314 9494 6834
-252 -135 -828 -111 -770 669 -1160 41 -1181 -1208 128 -899 -1158 -530 185 198 -775 -1111 -398 -450 -847 -1186 -167 -181 -394
2953 2367 2730 -3300 -1702 -487 -2797 -4153 606 -472 1495 -273 -272 2348 359 -724 2135 4373 -1433 2335 2912 2407 132 -3170 -108
-312 456 -327 -140 -422 -903 436 141 -607 -184 192 -860 -265 -549 -1187 -611 286 -1030 -301 -588 534 347 -1206 -1144 -615
-3437 477 -5220 308 2918 5435 348 -2972 -743 1041 792 3558 4134 -1737 -3161 -1457 -568 2685 -668 5109 -4892 1523 5219 550 1215
-2641 -1203 732 -387 -1064 3300 -743 -5779 -782 932 3778 -5249 652 -6525 -199 4850 -3109 -3777 -8726 -4125 921 -1570 9303 802 -4120
-1006 -703 -808 -392 279 318 -525 -1094 -5 -1129 -808 -682 260 -1112 -1045 -382 -1274 -74 158 -954 51 -14 -432 293 -152
-1555 4080 997 -2272 -3258 -2925 -186 5477 -3810 5024 -740 3435 6921 321 3190 6829 2168 -2579 -6043 -2648 8051 1113 1734 4319 2465
-13 -857 -213 -129 -188 -282 134 -1231 -1193 -388 523 -520 -159 -1151 -1077 298 40 -664 -1254 -213 443 80 4 -638 461
-381 -826 -88 -910 -735 -907 -552 293 -778 -818 -86 -208 78 -468 591 -449 508 -874 -464 -316 -240 -62 -65 -879 -838
94 -238 -820 271 -1357 -935 650 183 -805 -1259 362 -1028 -703 -379 -378 -892 -1289 -1057 -837 -849 -668 -1019 -1089 -286 124
-889 -647 96 3 -198 372 380 377 239 -164 -625 207 1 -421 -815 521 133 -967 507 364 606 -872 -730 267 7
-1389 -1304 -489 172 -183 -1265 -281 -646 -994 -1150 -511 -1310 -548 -1637 -1263 -224 -1082 -1318 -815 -61 -361 -573 -1468 -1147 -680
1747 -4469 -5631 -813 3802 1338 -4494 -1867 1002 -2010 3691 1930 1615 -4043 -2506 2338 353 2929 -1369 -202 -1150 4411 4708 473 -6691
-877 -489 -802 225 -996 41 -612 132 54 -439 -409 -915 -704 244 -693 -901 -71 -811 -355 -1064 -831 -904 -746 -584 678
257 3113 -3370 -46 902 2472 2884 -1994 -545 2984 -3291 1063 2459 1034 2698 -1332 -2048 2343 3032 457 -3149 -3156 -210 3842 -192
334 -425 607 -517 -593 -710 -561 378 656 -596 -968 -881 -408 -343 -411 277 -376 -465 624 -484 -289 363 45 -370 -969
-1438 -860 -568 -367 -93 -87 43 465 -464 -199 -1339 -691 6 411 -959 -505 -782 -354 -1109 -1109 -337 270 -821 -865 -472
-2536 -1435 -5417 -3547 5727 2691 -3228 -5898 4884 -999 -1941 1061 91 -1568 1086 2288 -518 3475 365 -932 994 1468 6993 -414 2619
73 520 319 -279 231 -66 585 88 26 4 -898 -550 -791 -879 591 266 571 -529 -62 510 -700 -475 -866 155 501
130 -191 609 -509 -470 -456 -735 309 -433 666 -602 -520 -30 -204 -138 -871 570 -668 423 -60 544 -331 -5 85 -628
-3148 382 -2469 2679 -1954 2680 -2949 -3822 4928 -4811 3089 -1878 -3755 2668 1250 1461 1819 -912 -1493 6770 -189 5602 1981 -2790 -2751
-548 -493 -549 -867 -321 -417 -860 -618 -1257 738 -251 -3 -334 -312 -348 264 -221 -1015 -466 -623 -146 -833 -153 -525 -1267
200 3847 -135 4760 1188 3463 3382 896 4054 2889 2179 -1746 -4642 3598 3531 2782 274 -651 2841 -2636 2611 -100 2593 694 -129
-706 661 60 -413 14 -677 -86 244 107 -980 -738 -376 539 -1266 128 -760 -756 598 -53 -304 653 -844 -148 132 -40
-2777 -1043 -761 -1025 -1638 -2834 -2365 -4165 2163 5613 2017 -1993 -1267 1088 77 4495 888 -850 137 -232 3145 -1736 -4461 3293 -6349
1555 -2716 -938 1885 5847 -6359 -4337 1385 7145 8804 -4634 -4305 4637 2935 -3612 -3995 -7765 2737 -2495 3390 -3716 -978 8625 7038 -8640
-1254 175 -540 -706 -374 -542 -831 451 -74 -1023 -1095 45 -680 -80 -847 -131 -97 -423 240 -1119 -329 -165 366 732 -806
-2742 561 -565 1290 -4024 -657 791 -1969 1560 1785 6551 -1138 34 -1755 204 3156 -922 -3561 1289 -1630 -2873 2189 -3806 484 4174
-2447 443 1672 1028 -3745 1388 1247 4145 3208 5525 4558 1040 3601 8742 -11715 2940 3286 4415 6045 3293 2713 -5584 1452 -2201 -2072
-157 169 388 -728 -594 -177 -398 -995 -1104 -659 -525 -1266 337 -911 -535 -1119 -221 -249 -563 -423 -594 -605 -359 -144 -1137
421 -7769 -5533 296 -1592 3970 -10529 -1784 -1697 3042 -100 -3213 -4735 -2658 -2924 8586 501 531 4908 2173 2671 -3058 652 -2103 -3147
1538 -1853 -3665 -3187 -5395 -983 1366 2217 -2695 -2922 -3556 -3733 -639 -2281 -146 -516 -2179 2901 -4165 6533 -1360 -1780 -2707 -2308 2708
86 419 531 -558 316 -604 -856 -579 -532 142 -760 137 -203 -485 -459 -697 -424 280 -659 -487 -472 -794 -1299 -247 -1031
-3707 -3209 -2987 -989 1954 -477 1005 -1157 6010 4200 5041 -1680 -1418 1945 50 -1821 334 833 1796 1540 -1047 -1591 5796 -2835 8896
-6705 -682 5214 209 5204 -2424 -2888 -3045 5275 -3099 -2572 23 2411 -1842 -987 -102 -7850 -2693 186 3786 -2317 -2099 547 893 -2496
4530 1659 1559 3430 -871 2529 1697 1650 4345 1817 -2020 478 2787 -2185 -7996 197 4649 9527 -2670 -4221 5959 8192 4365 -5219 4100
-2859 -2044 -2245 -1136 -564 -463 -2456 1247 2599 3607 3554 1549 2486 -130 -116 3985 2662 -2403 -765 996 4629 2257 2396 -218 4901
-67 288 -138 -63 -491 48 -405 -622 -892 -323 -720 -930 74 560 -574 -780 -550 23 493 -607 645 -376 -969 -815 305
-932 1137 166 2982 -219 1262 -1940 1858 2835 1209 717 1754 1670 -4434 -1571 1275 -1284 236 -7453 4152 928 -4249 -3146 -5296 -6544
222 177 431 326 -372 -902 -956 -580 -847 -745 6 -234 -582 -876 -179 399 -349 320 -331 -5 589 -136 89 228 -68
3654 6266 -1240 -2786 -4298 2528 4947 -931 -8574 -2637 3345 3125 -14778 62 2539 -1871 -6935 -6961 -142 -272 -474 -4610 -3651 -845 -292
-422 -596 287 538 -571 445 246 -85 -564 -487 172 632 -695 -991 667 98 -8 -250 -650 -729 -838 400 -34 -34 -178
4238 555 -837 -3564 -119 -2130 1161 2478 -4213 3918 -559 5030 -2020 2875 -1347 3832 840 -2185 4103 -1113 870 4511 -2644 -88 -3506
-5403 -290 3288 6420 998 -2859 3467 4300 -4226 -434 1330 3244 -977 883 -3881 193 -836 -3001 -136 1219 -2282 -2620 -5151 -1271 -10004
-550 -293 -777 620 -869 -327 -472 593 -901 -308 -932 -739 106 96 -699 609 119 -517 448 -704 -762 -296 17 -35 -520
2364 1733 -1230 86 661 -127 3385 983 -390 -7483 -373 -957 1003 1322 -7270 -1047 -2048 318 3495 5706 1769 -3527 2373 -1794 13551
323 -849 -101 -566 422 -771 399 127 269 -685 255 427 -505 -705 -457 227 408 -494 220 -630 -75 -64 -92 -86 -87
510 -2441 -1616 -184 2207 1178 181 -1902 -1897 4765 2366 2147 -32 -287 5970 -145 1966 6180 565 -145 2021 -5158 -2883 -591 -10492
2700 359 5966 2534 -10606 2374 6687 4514 -10791 -17287 1052 1631 -1383 -1296 -48 -2049 -231 3327 -392 -2351 761 -2894 -4543 127 -6091
557 -642 451 -3435 -2433 3085 2804 -4428 -2185 680 -1631 -1936 -6343 -2225 52 38 -6599 -7024 -2468 -4041 6646 6240 7819 5858 11840
131 126 -47 -124 82 -897 115 -41 -692 587 175 -246 535 -402 -315 -291 536 -102 -769 -316 619 -890 -680 227 -514
-7588 -3788 -738 -8547 -11437 -3806 3010 -962 -704 2271 -3311 -732 -9271 -2011 -1165 -1995 101 -3069 231 2128 -7115 2959 -605 -3981 -3023
-2099 -7573 -3460 10093 8611 -5247 -17 4834 7897 3321 1766 971 6005 1205 -2967 1034 1042 319 -2472 7008 -714 28 -2374 1307 4190
1481 996 1048 -576 -2069 -2217 -642 -487 -1575 -5477 -6757 -2822 -3331 2130 -4474 -457 -2306 -7143 -3227 -658 -351 -4439 -1247 -6443 907
-133 5321 3948 6889 3991 -135 -1007 1920 -8773 621 1160 -2617 -1834 -959 226 -3052 -1613 665 -958 -2185 -7148 -6122 -2614 -5498 -5852
-520 -4546 -585 1261 4393 -788 -1886 2834 656 1543 -6647 -4380 -4191 1888 -2225 -3356 -6653 2644 -215 -864 -5118 -1805 592 -3116 -2745
-372 -647 -1526 -1615 -1166 -301 -936 -278 123 -510 -42 -1545 86 -1689 -1004 -1203 -132 -260 -1311 -280 -1011 -563 -528 -1128 1298
429 -431 -55 -612 -108 -668 -898 -291 574 -826 -854 542 353 -561 169 -548 -846 -868 -399 -1138 -563 -337 175 -1078 -1174
-681 -306 395 616 -832 -384 -842 -574 340 124 -430 -354 692 575 89 382 -307 209 -684 -96 723 647 583 -671 225
4062 3280 -3845 -2710 -1531 2218 -3564 1352 1182 6475 392 1497 -249 -21 3161 -1504 -508 5364 3187 -1112 -3896 -4149 -2693 -2833 -12250
-2141 -3231 -1810 1743 -1931 1287 1175 -1091 2613 -612 -3113 -611 2402 -7140 -2466 -1132 417 2812 -2772 1200 -3528 2083 953 -2562 7014
177 2170 752 494 -4348 640 1797 -1139 -4213 -4550 457 486 -3439 -1263 -3269 -2089 -1225 -1754 2422 2758 4587 4658 705 -3472 -1728
349 -264 -89 -438 414 -370 282 -683 454 -31 -800 91 197 -144 -720 -354 -786 67 314 288 -97 -531 135 -926 -196
-3928 2879 1262 886 2015 -2477 954 3334 5195 -739 463 5133 8284 3421 1019 1941 1375 1347 5149 -1227 -309 3646 2817 6349 14004
3003 -416 1731 687 3182 -1232 109 -2588 -3646 1737 -6528 -6187 -453 5701 7415 -1618 -1795 -8308 1414 -3857 -4129 -2436 -6712 1940 -18187
3508 2140 2164 5322 5791 3013 3357 2815 1052 -3000 -2161 690 1926 1470 -40 -428 -195 -4388 318 5175 1564 3432 182 7528 -4336
-2601 1837 2 1878 -3079 4713 -198 -6968 -5867 -3800 3961 -20 -5120 -795 5698 499 -4000 894 -912 1127 -3374 -6160 -1770 361 -3818
-3034 -1722 973 -1319 5890 140 -295 5856 2606 223 265 634 1427 -6113 4705 -160 2728 -411 -3781 1559 3416 1178 2774 -1232 734
-872 -539 78 149 1198 2857 1475 -329 1454 4934 4281 121 1079 -2521 -5091 2336 -1731 -2442 1163 -1556 3789 -1712 -8138 -5549 -5164
-97 -266 -70 -789 -1079 -254 -547 -939 -200 518 -36 -515 -604 408 479 -78 -366 -1039 -89 -53 -1167 -474 -247 -322 134
-100 491 816 -1862 -2163 -6529 244 431 -4658 -1708 -333 5355 2120 2329 568 2239 4734 4450 6371 3790 -1664 3171 -1602 5296 -1879
1828 165 2222 590 -2446 -1890 1204 -1500 -5418 -4946 -4001 -3097 -1853 2872 -589 -608 1140 3627 -2186 -8950 -795 -1386 -3688 -4007 -7594
-136 82 -1152 136 60 -682 -552 -499 156 -56 -1013 -626 -334 -690 -63 -655 -608 -297 28 687 -1051 -510 253 364 41
-1234 4487 5549 6647 6616 -527 2777 1611 -880 1487 922 1320 -6017 -7346 -3759 -2922 -4196 -858 -528 632 -66 2847 4070 768 -1481
1611 34 3170 -1047 -1328 -4547 -3954 -1064 1457 2074 -193 258 3914 2844 -4559 1401 3441 4614 5620 1571 834 2154 6623 177 1890
-250 -2672 -1458 3460 1496 -1619 -2236 2358 4041 585 105 637 1350 5546 4146 -886 -4129 -1020 880 4970 -4133 3949 358 -3463 -4823
-571 538 676 231 294 197 -616 629 -566 605 -908 623 159 -593 657 -219 -144 -563 -520 -570 147 -574 210 -824 120
4646 4431 -1966 -2548 4899 2197 -1589 1636 -3169 4249 1174 3279 640 1173 1906 3060 1885 -245 4891 3442 -1417 2029 -2711 946 -330
-1021 70 -63 -1469 -3441 -2377 572 -394 -874 1716 -1722 -2393 2345 -600 -5078 -768 2538 3149 -4210 -4912 -3422 6274 -2366 -2544 -12165
-614 106 -1499 -497 275 -121 -165 472 -949 -905 -1507 -959 -417 -1103 -769 -84 533 184 -622 -1367 -529 -200 -1093 225 -1076
-289 386 -328 360 434 -865 33 -448 -443 -135 -412 -490 -712 7 -564 -847 -378 -277 499 -339 -868 247 -142 255 145
778 -168 -1640 -1165 8209 -62 -3877 1812 1343 2567 1277 -166 -4629 -3869 -1898 -5828 1944 -6748 1442 1776 -1944 219 2862 6624 8837
535 837 2945 2972 4802 -375 1784 -1185 -4605 -3534 2361 2062 -676 -4645 -8161 3664 -2281 -4647 -2405 -2978 3543 -2220 7808 1727 10693
-116 -610 -460 -1090 -5 -600 465 486 -1413 -529 272 -173 632 21 97 -97 -295 -911 -126 -1499 -873 -1053 -1231 -594 -66
553 -1335 3821 2001 450 1876 728 2123 834 3081 -2235 -3229 -8064 94 3717 -3196 -1219 -9188 -575 2074 -3639 -3050 -1872 4217 4881
-2668 1338 -2878 -3662 -466 -3905 -7238 -10760 -1737 109 1054 44 -1285 -179 1917 5424 6417 -286 2520 6544 5510 6774 3859 8618 6065
3328 2371 2959 1894 3146 1171 1976 -96 -164 -4633 2858 -1016 -2966 3368 -2013 2842 549 2537 3504 3060 -3538 -7018 -994 -9389 -9821
37 -382 183 -307 345 -211 350 -530 -42 -462 13 -475 -353 -498 124 113 -559 -346 -75 580 -1068 71 -620 -182 -458
2197 1552 1403 -240 440 -1589 -702 -3964 -1711 -3804 -1037 -1027 662 250 -5138 2850 -624 1502 -2780 -1016 887 305 371 6932 5756
-939 -4207 -1826 911 7429 -2064 -1371 -3686 -2678 890 -4013 187 478 -1900 -12123 -2041 -554 -450 -2205 -1955 -3006 2441 7132 -6590 -13243
-3058 667 -5463 2221 1216 2596 -929 2276 3059 2905 1740 -422 938 1077 1416 135 662 1806 1681 3774 5145 -5390 -1713 -2730 505
504 294 -708 -879 -984 -426 -946 -645 422 -867 -314 381 -700 518 -499 -871 -28 393 -238 174 441 443 358 -1047 -513
-3905 -2811 -2971 -1883 -3792 -828 -3183 -814 2055 -883 -563 3985 1903 1703 273 1064 1877 4234 -62 1830 -430 -1289 2176 5484 -701
-469 -389 -397 587 -29 -361 536 198 -1221 -1221 -115 -11 -206 -81 56 -653 -502 -1049 -240 470 -926 -303 -580 -42 -690
538 3596 1696 -2311 -1336 3059 -256 1220 -6388 35 -553 695 3505 -1556 638 555 2537 -2568 -5590 -6 2523 268 -1693 -8494 -6604
5565 782 -1426 -2127 -3122 2098 -1967 -4168 -2354 -4868 1654 4053 705 753 1699 4355 5388 -825 -433 3043 11740 7307 -90 3460 6063
-2915 3348 1896 5791 2637 -5253 1180 3451 -3752 1745 596 861 4933 267 -2208 -541 -3722 -1804 1606 -317 -4660 -2289 -265 -5170 -11015
2360 401 -3437 -1430 802 -1735 -2295 1707 5685 3442 3100 2071 -575 -79 -2230 -211 -37 -6589 -2195 -4279 526 1999 -4260 2400 -1188
-95 1982 -2020 -5080 -3525 -3664 2128 -2585 -1349 -3164 -2825 265 2352 -1363 -2669 1150 -515 229 -2609 -240 518 779 953 173 4564
-3634 -1875 -5261 -2975 591 2829 -3658 -7186 3272 829 1715 -5155 -2973 1044 -808 605 3551 -6576 -3535 -3831 1268 7274 191 2192 -1274
-838 276 -960 188 -868 -934 -952 -568 197 -508 -805 -820 -115 -986 -281 -855 243 -83 386 -265 -166 -876 322 -271 -802
-198 -1057 -330 -339 -180 -1243 -1098 -870 -703 -459 -804 -567 -1062 -838 -627 -1036 -69 -378 -162 814 242 -1108 -240 667 309
-708 -1078 -854 -1154 -102 195 -949 -1659 -1230 572 598 -1109 -337 -241 -794 -924 -581 -301 83 -951 -1294 -120 -608 -570 -539
623 1300 2304 2710 -13824 -1843 -1195 491 -7555 -5471 -3366 -2117 -1240 3270 -2912 -1114 -3821 1529 263 -4226 -2812 3688 -1935 1572 -5974
595 -528 -591 112 428 -756 -1226 -878 -648 857 -420 284 430 -589 -67 -138 -721 -745 -684 -382 622 -1616 -825 -953 -851
-417 -603 -1461 -4361 -5302 -1641 -2422 3288 1823 -2930 651 -1125 -1272 2749 2222 -578 -1949 -11446 -7427 -1221 -6480 -4912 -1930 -2893 -1882
4112 580 -454 -3872 -6801 856 -672 2019 -2894 1518 -2015 1578 2567 728 2473 343 691 -1200 -3615 1400 2422 -1147 -7353 1269 2553
-894 -2095 -4779 -2809 -2646 -2769 -1985 -994 -5156 -2526 1188 -149 222 1870 5341 -15 -3282 2869 -1087 443 -1544 -239 -5978 709 7411
-1671 -237 -288 1703 -1679 3339 -2691 4522 2827 -5106 -2027 -1668 2756 -3283 2455 -3612 242 -3825 -4763 -1361 632 -2816 -36 6307 2628
-1384 214 -1969 -173 2076 1178 2409 -2256 -1245 2608 930 977 -6311 -4156 405 -4118 -4238 -6270 -808 -371 -5178 -5189 1559 -1031 2720
-446 452 -27 -609 -670 -656 -282 -249 -687 -58 -292 -713 -901 -358 99 -409 -679 -37 -47 -486 -159 -787 -546 -489 -766
-377 1 -970 272 12 98 -448 -469 -254 -985 53 -865 -901 -1074 -704 104 -278 146 -1254 -211 -1072 435 -164 -807 -526
-1328 63 -361 158 -1234 -1512 53 32 -785 -1506 -309 -58 -1024 -1111 -697 -122 -621 -247 -601 220 42 -411 351 555 -265
-536 -418 -306 -366 140 -316 -348 547 -669 1010 -52 -2458 -1506 -1783 784 -719 -2107 -402 -1813 -1113 -800 -919 -919 -294 -1051
-230 -957 -979 11 -63 73 -1162 -850 -779 83 435 -412 74 -755 -460 -16 -209 480 -578 382 -471 -37 -381 -1054 -422
-83 362 161 26 -465 -84 426 -809 -239 -106 -574 -464 -373 -297 -547 388 562 -528 -733 -264 -182 312 639 377 -273
700 -1086 8 -9363 5372 377 1393 1194 -3023 -1564 5011 3534 -4535 -1261 -3031 3186 -2214 3970 3188 -6179 2561 -3953 2712 1178 4125
1551 -4435 -2954 1704 -1009 3232 -7400 913 10 -5579 -991 -7878 -4223 -2301 -5172 -1618 -1022 -1042 -1761 2325 -5202 -5356 1123 1501 -39
2258 -36 -3751 -638 -213 -2195 3174 -2407 392 7907 -773 -44 -4452 6571 14575 1344 2940 -2546 3839 7345 -2840 2163 -2275 -3583 3129
-1216 2762 4485 3810 -4157 -2777 25 3148 3818 -3751 -440 -2039 880 -3791 -9668 -712 -1586 1146 -1845 -5066 -2441 -2490 4499 1547 125
226 -551 -394 273 -597 189 -165 259 -360 -105 409 -1083 -473 -104 -207 -585 -592 -739 -652 407 -1029 409 -833 -246 -176
1254 -2228 -1738 -4678 -1884 679 -1878 -2122 -2537 863 -2221 309 -819 -2680 5496 330 -140 3371 139 2234 5918 5213 -1524 -2005 -315
299 -583 -945 -110 -387 531 -239 170 -303 -648 504 -485 -239 -532 -234 248 -1280 -447 -392 -800 -36 223 -337 -46 -76
-1146 -1055 -1384 3089 3500 797 4815 4715 1703 4749 307 -1425 814 -1128 -2098 -1651 1948 2361 -1699 -3256 2952 364 -125 -3778 -4496
1274 -1973 -1025 304 1595 1901 1621 918 2336 5899 5373 3844 6930 -4743 -6562 2325 -277 519 -2656 -3161 628 2215 -3425 378 -4876
-675 -342 -1076 309 -605 -26 261 -692 -354 -1272 -370 -416 -1160 -649 -556 -1125 -71 -228 -349 88 155 -520 -902 -146 -539
243 -4249 -1327 -7927 -921 -3115 -1862 2783 -1415 -3874 -3432 396 5212 -5440 1109 -1325 783 -433 -5275 777 162 -2323 2399 -3753 50
149 316 -1204 -839 510 196 -372 -774 -858 -187 -442 304 -744 -397 -779 486 -173 -500 -887 -174 -208 -180 -285 314 51
-677 215 -89 313 -555 -330 -306 11 286 429 227 -747 246 -625 -397 -129 -717 -344 199 1 -400 -65 -596 574 -439
589 426 -612 -833 160 -259 691 -1341 -1099 -346 268 -144 42 540 -111 -632 -999 -11 -910 -220 -101 -1106 -329 367 400
-541 -918 290 -581 -467 379 -454 -929 -896 477 -259 -655 546 -367 -838 161 507 -159 603 460 -390 30 663 -898 460
91 -1289 107 -305 -516 63 -1106 -1536 -1436 -1005 -228 101 -204 -397 -790 -1331 -520 -666 -1351 -66 -1388 -123 -1666 -84 -582
3176 -3872 -351 2150 -594 2762 -3990 -361 2737 1865 -2805 -3062 -1611 1673 -3174 -953 1110 1032 -1370 -4658 190 -318 3794 4247 -25563
-916 444 -842 -576 -552 -527 -657 -917 -783 -630 -245 -877 -910 514 442 -1101 -336 -354 603 218 -591 -997 -17 649 -73
1523 2982 2270 -614 1131 -143 -168 1219 1010 1474 -2277 -1835 3031 -290 597 -3453 -940 863 1510 -1257 -2780 -3726 -1226 1980 1844
-538 -34 172 -989 504 169 -991 99 208 -502 -821 470 -668 -748 -379 -118 -895 -592 -723 -1042 -356 555 388 -714 -650
-633 165 -1236 181 -50 60 -895 -502 -94 -1151 -765 -299 639 -58 307 -1090 -259 -451 -355 251 -1110 -788 -1175 434 301
-1521 474 342 -2458 -2669 -2319 3601 3886 -723 851 3034 4528 2438 -4791 -2902 2692 4913 2576 -1233 558 3914 2647 2436 3255 8105
-246 -92 -611 -952 202 -339 -522 -719 472 540 -96 556 430 -52 356 23 -607 -565 131 369 -512 642 -93 -761 94
-401 -394 -91 36 614 46 -550 44 -920 -389 -192 -939 -859 36 -837 16 -720 -497 398 -278 -696 -142 -8 -608 -647
-1366 4313 -2266 1228 3531 6668 -809 527 667 4237 -1662 -92 1096 3004 5514 -1418 -4669 3111 -491 -637 2612 2120 1729 -3037 -3549
-303 -56 -1004 -614 -752 31 -390 72 -53 -1093 -240 -449 125 -712 242 44 -313 -620 951 -1146 -693 -1132 405 -446 355
1660 -672 -100 145 36 2059 1189 -274 -326 -48 1457 4034 532 -3534 108 2873 1030 -2634 1523 1136 -490 2729 -1310 883 -198
429 357 39 -205 127 -254 65 -209 394 -366 -34 -733 -1008 390 -365 -59 368 221 248 363 -706 -134 -678 -147 -1178
2317 506 4741 -1404 5565 -6238 -3908 -3297 -2345 735 -1770 -3774 2039 1657 -3452 5984 -953 -562 -1258 2290 3822 584 1078 2079 -3918
-7316 -1284 -1053 4842 1950 -6009 -893 2537 4364 6321 -8341 -359 -5286 1030 4587 -5109 -767 -3576 3365 3979 1800 -998 -294 1119 2997
-409 -139 58 -310 213 -925 -841 -1084 -620 -392 -689 -282 -297 -290 -756 218 -405 -776 169 -85 -1278 -26 -169 -661 -465
3148 -2786 -2839 985 1803 3241 4270 832 1621 -10 2913 1962 1093 2460 5497 3061 -983 316 2406 -2759 4975 -1065 2927 1541 2398
339 -5200 635 474 -1215 -2069 2414 -453 -2452 -3397 -2164 2415 194 2683 -843 -4551 -270 -406 -1047 2494 3647 1369 -1147 -779 -1053
-117 -451 647 -7 -268 -911 -167 -473 -52 369 15 -564 352 564 -386 -370 488 -340 -114 -448 -1099 -88 -59 -772 248
-2398 372 -4720 -3041 2154 -5704 4088 4260 -891 -7375 -1037 -82 394 -901 3502 2345 -2168 -7984 625 4378 1246 -288 -977 -871 233
-901 -1410 1956 -528 -725 -2788 -3911 -5628 -314 5525 -2045 -956 -1288 2716 4904 -1815 1981 2647 2086 2450 -3010 -394 -2536 -3201 3452
178 -1303 3 -395 -484 651 286 -123 -677 -638 -812 -1174 -525 50 131 446 -289 455 -1258 -1352 -1191 -268 -1147 -1186 204
-2320 -1566 -1589 1261 785 -1463 -567 -3690 -4185 1532 -1472 213 -778 -516 82 -5225 1480 -911 57 1106 3524 3862 4668 5637 -361
-10687 -4277 -1317 1977 -2863 706 -4350 -4894 -1981 1322 -9473 -2550 -3006 2048 3148 -3046 -1851 -2996 4616 4839 3411 -368 -982 8467 2691
-920 6436 -241 455 -620 -4685 -2489 -1203 -1090 2838 -6748 115 -749 -4 -8186 -7724 -3359 -3421 -2197 3087 26 2933 4746 472 -1965
5178 -4447 -866 1931 1953 -960 -2128 1227 -541 -592 1906 4630 -701 6058 -1147 1989 -2754 -4153 725 -12107 10829 2509 -3651 -2822 -3990
-319 -238 -96 -300 -341 24 -976 544 84 -371 246 -591 -586 -795 -330 -809 -787 -269 -868 -389 -157 344 509 -919 656
5161 8382 1130 -635 3683 -1741 -1008 591 995 3445 -1162 -1858 2270 4289 1776 5173 -1203 -1604 -3694 -3360 2552 -6625 -12445 -8705 -1255
407 -158 -160 -1062 -1022 -423 -954 237 -418 -124 340 -899 -579 -530 -503 46 224 441 467 138 -912 257 -237 -132 188
3843 5732 7180 5059 2025 -2634 -1411 4038 3635 -5816 5448 2432 1505 -2026 -1118 5542 1993 -843 -1960 -2768 1391 -292 738 -1189 -1492
-967 262 -139 -283 -816 -544 -1200 -776 -396 -219 -207 -504 -405 -345 -616 559 -1218 -705 -291 -868 -254 -657 -312 -858 13
6498 1976 -1830 -1876 -1477 2975 3797 -5545 -1475 44 182 238 942 1154 -63 -177 1858 -1001 -3195 4134 -1326 1042 -3325 784 3467
-10436 -5616 -1344 2815 -1471 -6903 -1331 1578 2774 -5668 -3012 4106 2718 3117 3344 3030 3940 2443 1119 5865 -12015 1905 -239 -2047 5676
-33 -704 -926 395 186 -419 -673 -323 279 550 -447 -986 272 -1025 -881 -933 -447 -639 275 168 193 -972 -291 -1046 -185
9037 -1675 -890 -262 -2571 -1189 -423 -1652 1782 335 -4789 1060 -1926 4520 3859 -474 2477 -3337 -3202 2907 -6723 -103 -2600 -883 -5840
-189 571 515 -468 -270 -210 -397 -705 -455 -702 -402 164 200 143 156 274 373 -351 -229 592 531 -495 -720 620 -114
1614 -5574 -1834 -4347 -2482 4956 4647 2165 -733 -439 9219 1643 7457 -2950 -2934 4589 56 1124 -2186 -312 -719 -4319 -3281 -6919 -4106
-2028 1362 3485 9849 333 -4520 -3583 571 3254 -2158 2374 110 3731 309 1752 3366 -1844 2394 1460 -2367 -3436 -928 1563 5237 -3161
-2991 -3773 1343 1520 -972 1664 -17 3447 2447 159 -174 1676 2973 -4780 -1985 -3093 -1233 -321 -4408 9167 -2133 2863 6765 10822 3472
-197 -694 -991 -711 -1012 -348 109 71 247 -739 -514 -478 447 -265 234 -706 -518 -894 -485 -622 -549 82 -452 239 -926
-8576 -12652 -2991 -821 810 118 -1734 -2293 -7514 -1354 509 3479 -1659 1973 -1797 3125 98 280 2784 -3224 293 215 -1803 -6048 -3518
-15520 -15342 -5119 -4136 826 -13594 -868 -6286 19 2958 -7889 -3901 -4776 -114 1506 -4936 -4920 -181 2346 1915 -10951 7097 4622 -2178 9685
719 -1228 3917 2574 2296 171 95 1928 719 -278 -2833 -2891 -1322 328 -1134 -1462 -1814 1699 -577 -1860 2976 3521 4412 4437 -290
-7657 3817 3876 2958 3092 -8099 -5442 -937 -640 2698 -1267 -1473 -677 -1141 -4007 -1503 -2462 -3412 1995 -3679 -1454 -3567 -1748 -1606 -1978
-8971 280 998 1053 -3041 144 -7121 -4064 -405 487 -1122 3615 913 3498 1322 3326 963 4707 1402 656 4051 2150 5613 2608 -7510
-648 -1122 -1156 -753 2 -545 -915 359 -1367 -420 459 -1164 -1376 54 -10 -445 -319 -39 -1227 343 -720 -590 -800 25 212
-708 -365 124 -617 -1256 222 -920 -552 -900 -780 -875 284 -103 -1016 -41 -185 165 -235 -659 -1049 -1305 -506 -351 -300 -848
-916 4 -365 -692 -464 -272 598 18 560 -438 451 -266 -294 -799 -209 110 -384 242 97 198 -521 -589 332 -740 -1025
3979 3125 554 -4005 -5056 8985 -236 727 -1363 -4437 9437 -267 1386 -280 307 -694 -215 -127 -472 -2898 -8944 -4709 -5098 -5828 2180
2915 -6921 -2393 -644 201 -1805 -3511 -882 1142 2265 6221 5345 4483 712 -2087 1522 573 3040 -2504 -1038 -3489 -1754 5815 -3136 328
-2188 551 3707 -1523 2118 1549 5297 -369 -1281 -1266 -309 -729 168 1723 -413 -1013 -6370 -1430 3666 -1429 -5128 1841 4566 6557 -1234
-940 342 -1090 -368 -895 -990 -857 420 -714 311 -471 237 -86 62 -645 -129 -51 -533 515 -402 490 -235 -999 451 -132
-18482 -739 9271 -1341 -1038 -10747 -4376 1630 -713 122 -19170 -1882 2825 105 2648 -11757 -2254 4275 1106 -2539 -10932 337 963 -3408 -4867
-1529 -1346 2469 4693 4330 -1165 2046 1931 4625 -2756 -6014 -4915 2124 2461 2915 -1362 1462 -2631 53 -7640 -5611 4519 -2774 -2563 -11026
-9991 -3031 -352 4063 -2092 -293 1320 161 128 -459 3674 -889 -1472 1752 -951 768 1478 3063 2676 28 -3966 500 1727 3546 -8241
-7382 -4199 -843 -958 796 665 5144 3680 -11 -4815 5210 196 343 -3026 -2582 8759 -2932 -1542 -3976 -1405 3326 -1819 -6764 -4250 3837
7064 2269 3595 713 -15747 1648 4514 4289 -109 -5139 -1540 -4294 -3665 -1912 -3305 312 1652 2955 2294 -2501 -2246 -1115 -643 -3191 1333
4477 3902 2435 105 3369 531 3438 4494 -1437 29 5926 5443 1466 223 1604 4283 1099 842 -797 1769 -728 1259 -4772 -2224 -2185
247 -782 10 -635 -684 377 -411 -336 21 272 -589 -96 -1152 342 107 -101 132 -918 -601 -142 -58 -286 -1148 238 -412
-5129 -3787 1972 -2289 1381 -6679 -947 -784 -140 2774 -15617 -5607 3224 -389 -4084 -20575 -936 919 2736 1831 -11548 -5602 -27 979 1339
-1673 3366 -1760 981 4019 -4828 2634 -144 3969 3071 -1771 777 3260 3904 563 -67 529 2463 4085 4527 949 -4094 3683 4895 -393
-305 -825 -895 -153 307 169 -932 -466 -826 265 -468 323 -710 196 869 417 -116 328 744 293 -1112 -675 -728 -401 -36
359 2212 -3794 -3458 -2607 -5107 -3276 -1318 1203 1618 376 -1555 3695 -1358 472 684 -2702 1807 -1851 -3803 -255 -5089 3435 74 -5999
-447 1467 -1778 -154 -1066 -8064 366 317 1550 1982 3013 1476 -1155 1464 226 -2793 -3055 -2689 -3653 -4205 2120 3070 -709 2197 4861
-5650 1648 2426 -4549 -13 -5588 2397 670 -3343 815 -5668 226 -683 -6038 -794 -6582 -597 835 271 -301 -3957 -489 -3215 6236 -4326
439 -771 -93 405 -829 756 69 -14 -723 163 -408 -770 226 -838 565 -912 387 688 -170 669 -139 -808 602 264 472
-2684 1712 739 -1445 1689 2646 1291 621 -4739 -1462 226 3862 2611 717 3367 -1889 396 2442 -2891 -5954 2926 325 -6181 -3774 -1153
-3714 -593 257 1694 -2399 2771 -396 2173 2728 501 4996 2369 4171 2273 404 1335 -3997 2185 699 -2023 -4615 -375 4810 389 -620
-522 -511 -390 -1108 -484 -1452 -228 372 -110 -349 220 69 -1270 -463 77 -1146 138 -844 158 27 -93 -616 -484 -536 192
522 -803 127 -804 -515 -819 -68 -985 -51 -540 -538 -695 -186 -333 109 705 -718 140 -398 431 -82 -319 -851 -566 552
-537 5513 -251 -5945 -2685 -29 1546 2909 -5207 -3440 -9380 -2012 -967 3449 1606 -2641 -1104 -4716 -4800 6078 -2498 1091 -3009 -2139 7252
1937 2403 -938 -4238 -2925 -109 6388 8712 858 2904 1110 424 2101 837 1943 5823 -908 -3335 -2069 1782 -2478 1324 -3997 4180 -3546
-1272 -684 -1109 -1021 -1677 260 147 -715 -540 -860 -456 418 132 -533 -1075 46 -771 -770 -1378 -299 -1359 -1217 350 -1483 -1149
-5523 2526 -3538 1585 -2930 3988 -4243 -2416 2388 1336 -2783 -2430 4913 869 -1055 -11695 111 -502 1494 3443 -12973 -1791 1074 3549 4611
-384 -8094 -9958 -455 2040 -8180 -544 -4651 582 -568 -4924 -783 -7931 1476 -1746 168 2059 -5505 -5422 2462 -3680 1226 1608 -3154 102
-3602 -3039 2485 -716 -1563 -1813 3374 -2551 4243 1650 502 -706 -117 5378 -887 -1456 611 -3119 366 -1571 -495 -538 -2771 -1271 1029
-661 410 481 -486 245 -517 -639 -696 -635 222 661 -630 34 -58 206 -531 567 82 -585 -75 -118 377 341 -291 196
7362 2692 1381 -836 -649 7332 1026 -3750 991 -2014 3478 -370 -6585 -5423 -5177 1786 -1249 -6085 -268 5580 3796 2427 2584 4334 2697
6080 3359 -2695 830 1864 3642 2228 -1834 -1143 320 -2378 -3220 -565 -2104 503 -3052 3948 5758 -358 2355 -4757 2936 4159 1680 -1978
-6629 -4428 -4789 -255 666 -4540 -4733 -2563 1204 2437 -297 978 -2002 1908 583 8446 3096 -607 -1595 -442 -638 2919 2157 -247 -3037
-89 -665 -105 349 340 394 -942 546 549 -825 -302 257 252 -847 -977 -222 -303 -162 252 -181 -588 -187 -565 -678 -624
-4950 5625 860 1660 -2174 4000 -3960 2572 3379 -755 938 1114 1944 1241 -1504 -1777 3052 1231 741 -4951 5540 -1055 -2495 -1209 -4581
378 -271 -463 224 341 258 303 -713 -1152 -1358 -664 -69 -1230 -973 -982 -619 132 -129 -250 166 -444 207 -353 -170 943
-3978 1580 -2560 -2823 3487 -1816 1920 4187 -1717 -293 431 -708 3634 5857 -2551 -3063 -450 -468 -1725 -7028 -2728 1275 394 373 1251
7306 795 3398 4046 -13554 5245 1326 1483 -6585 -8322 5890 1313 2150 -2058 -55 3048 2287 -1710 -3355 -4291 2494 -2520 -3539 -4432 290
-233 -947 250 4288 4238 -1637 -481 -650 -127 2138 2187 -3876 322 4380 745 4375 1132 -4091 -2360 3952 -1807 -2503 -3760 -4212 3340
-2033 -2485 -698 -1671 -3920 -7298 206 -3509 4239 3021 -5455 730 -3722 1442 -3352 -4860 -37 -4399 -1736 4249 7489 9891 517 973 -1403
-1498 -1825 1212 -855 -2256 2030 1440 565 -2202 837 3957 -2416 987 128 1493 -158 -336 3626 5472 1721 1213 1955 1301 4113 3027
-7139 -1446 -1594 -1411 1619 -3094 -269 3827 -585 1314 -1101 1145 137 -2700 1560 1530 -5277 1018 262 4556 2178 1879 3491 7840 453
-1072 -193 -822 244 8 181 -114 281 -71 396 -244 -421 268 -644 -502 -546 321 -651 -828 113 451 -844 458 150 -532
-595 -1025 -399 -337 -365 -225 -375 -427 439 -468 -994 -448 379 -584 -81 -997 340 263 -534 -557 -736 -465 -575 36 -916
552 -190 -17 -364 -140 175 229 -562 -859 -273 -769 -765 -76 -251 424 -11 -1054 730 -502 6 -869 -1314 -76 -454 -660
-4627 104 -358 -212 5205 -2409 1810 -1254 2077 1868 2440 674 2537 -1071 -777 -249 2956 5181 873 -3959 -5968 -1709 -1151 -950 -1807
-963 -828 -864 -997 -1714 -1199 -45 -301 -1106 -1406 -1101 -720 -238 374 -1088 -1580 -562 -556 793 207 -691 -521 -1506 -226 -495
4530 821 -729 1508 21 4125 4418 3738 5288 1705 5571 1411 2346 -2295 -1858 5163 -4035 -1975 3681 3297 1674 2197 3591 2315 -3928
6686 511 -1170 1969 -3526 241 -1424 1064 3222 -415 2467 3781 2611 182 -371 2470 -815 1913 1477 -2206 56 1070 -1021 -886 125
3462 -3618 1356 -1642 -5522 1991 608 2792 2866 887 3755 3466 6177 1447 2961 1178 -1919 -1892 2631 -634 2392 2222 2915 1148 1222
-1012 1904 -1888 144 4540 -199 -440 -2937 -1511 2522 -7225 1377 -465 -99 -3833 -4137 2968 1155 2814 -115 -3197 3303 -2806 -393 -644
-589 6642 -3849 2266 910 -1677 -4111 1081 -450 -75 1347 -5126 872 -296 -99 1439 355 4154 1445 1178 -1567 -2324 934 3220 -1106
-718 -654 -333 128 696 618 71 -807 -321 -713 -451 685 -164 -355 -644 -587 665 -414 288 802 612 -902 -575 -826 -142
-1250 213 -1269 -804 -996 -1381 -788 -1422 -708 -571 -1315 -221 -965 -686 -355 -1255 18 -698 845 -986 619 -1313 -1257 -787 -749
-857 -713 499 -699 634 24 -1052 -923 -967 -187 -413 -717 -296 444 -679 -456 -1252 -1250 -912 -119 175 -233 241 86 174
-652 -1029 -1225 -615 -790 970 -785 269 -395 -1497 -433 -984 -22 -863 -1223 -615 -1728 218 -1109 -961 -1422 -928 -952 -791 -1355
-668 -745 -259 -286 -138 693 453 93 37 -383 709 424 -909 628 -237 -39 -494 -688 459 -747 491 -156 265 -321 -690
122 215 -874 344 -505 -186 92 194 167 -96 -633 -232 -150 274 -142 126 -778 -240 2 -366 230 101 -345 338 278
10259 5443 -1561 1299 -5496 3276 372 -3267 1870 -3177 526 4079 -4871 -6492 -8875 5410 1715 -2537 -11053 3904 3210 3117 2194 -7779 3254
3225 -5000 -12397 201 1499 4514 3888 -4725 -3044 3617 3440 2702 -9961 7409 -962 5884 2241 -4799 483 -6814 -801 4292 -4600 -1291 3717
-2792 8965 6150 197 2635 -2028 -271 -841 -1124 4991 -3926 2145 -2019 -2931 2048 -1147 2542 -1551 -7416 -3039 1148 974 -9783 1864 412
2221 -2201 -1005 231 -581 -9539 -2856 638 -1819 -7396 -7565 -3523 -2895 1546 -4070 1726 -3963 -4301 -841 4334 2234 3468 781 9146 4081
-600 265 195 -413 -1004 660 108 252 -180 -521 38 416 -936 -535 -882 179 -843 379 -135 -94 -58 -259 42 -440 70
-627 -2460 -6296 -246 72 370 162 -6907 -5578 -3675 3718 4278 -2423 4105 1642 3288 2733 2040 -1488 -339 -4786 1927 -1023 -2907 -408
-44 74 -55 439 -838 -546 346 463 21 -427 233 580 -350 -817 -529 624 -267 222 -508 190 226 -764 -308 -1224 -750
-2348 920 -1355 -4190 -4449 -897 213 -156 -3281 -237 -4867 -3878 2253 -2117 -1647 -1685 -983 272 -2298 594 3250 -7050 5759 3385 -2677
6578 698 -1935 -1749 1203 2223 -1482 -1769 5685 -3596 3956 162 -1505 -2852 -6915 2889 4142 -3822 -2710 -8259 2173 5425 -1619 -6827 -5081
-602 498 -601 -880 367 -30 -375 22 2 -231 401 -1026 113 292 -340 152 -747 65 -664 46 -287 -57 337 -474 -267
-180 -1284 2380 84 -2228 2352 5043 4303 1069 -2017 3036 -2072 -406 -4528 1316 2886 -2732 1614 4232 3437 -2672 4575 6135 -231 4849
-8 -290 -449 -105 614 -101 -647 -72 -429 -436 -822 -529 -1072 -684 590 38 -1143 -696 101 -429 -470 -776 -264 -127 -1047
-569 -141 -396 508 389 264 -117 342 -159 -724 -874 -1024 127 156 442 565 -888 -901 391 -437 289 -6 -563 124 173
429 -376 157 94 -1428 437 -518 623 -539 -773 -475 -351 484 -676 386 -1022 -1210 -20 114 465 5 -214 -786 -766 6
-792 -54 -239 -436 -369 -567 -253 206 -793 340 -616 -1087 -752 -450 -546 48 -1019 109 -124 -1027 -724 10 -1154 354 -450
119 -798 -700 -588 267 -598 -408 -107 129 197 57 305 -335 -51 171 268 -435 -1113 -863 100 -178 -397 -132 -770 369
7855 2977 -691 343 1744 6230 2545 -1793 2156 -3920 5735 2035 2363 3265 -1961 387 860 912 2146 -1854 -3448 -1681 -2496 -5298 -9673
-24 -212 -363 138 -519 -248 -520 -117 -225 -767 526 92 -944 -585 -686 -444 299 -1052 -1175 -343 -790 -1174 227 -634 -487
-943 839 -3153 -2838 -2994 1172 -2244 70 716 -2592 -3446 2124 3523 -1607 935 -1651 -1869 -1739 1046 -86 -2649 -4005 -4123 -3817 -1423
870 569 -489 -70 -813 522 102 229 -388 219 179 -654 257 -327 -372 -540 -373 408 -320 -369 -1020 113 189 -131 -786
-328 -1167 -385 -852 -218 -861 -531 -292 -1067 301 -1127 -298 290 997 -438 -1097 -850 -670 419 584 365 310 -625 194 -254
5651 1560 1436 2059 -232 -2634 3119 2146 2419 -746 -5200 197 4131 -1076 -1589 -1664 693 -104 3447 2720 -6157 6703 2485 6496 3568
-739 -187 -1218 -933 -12 333 -967 -687 -632 259 -1229 -551 -341 -98 -750 685 -770 -1065 -872 -1255 5 -1224 -259 -1152 -712
-85 -349 89 -891 -552 -862 -611 506 182 523 379 -851 -470 -288 470 -256 -22 -132 653 -76 -550 357 662 -776 -242
-12 237 -477 -1039 1595 -1012 -1087 375 -102 90 -81 10 1998 2327 -828 -231 -101 -813 -388 -483 1477 -179 575 -245 -1335
-669 212 178 159 590 -153 722 42 -366 -180 427 525 -783 -578 189 330 616 58 418 303 615 175 -655 452 -173
-1121 55 1327 -476 338 1628 20 1864 720 847 231 834 847 675 -904 667 106 970 1362 -638 657 -653 -980 408 139
-712 -648 -97 479 142 -360 152 -135 -622 -89 -617 351 658 -654 659 146 349 512 -444 -148 563 -546 306 388 -644
132 -59 -873 829 214 915 1300 -1806 -1568 1580 -573 -1600 -581 1003 148 1171 -334 -597 120 989 -716 1312 1063 -896 465
20 -498 56 -886 -196 104 211 1541 -254 822 -990 177 19 -499 1555 -207 1700 756 -33 309 139 1486 28 1271 768
510 -75 496 745 -100 -517 -482 480 -453 634 541 300 132 -462 529 -69 -234 -205 357 344 -425 -565 533 -273 512
-1054 -429 -349 102 -604 -396 -750 -929 187 -2026 -248 275 1061 -354 278 -1739 811 268 2153 225 -631 -292 -1002 280 958
-1011 903 874 -537 -1562 401 -892 635 -433 -917 -187 460 1173 -118 -687 -315 -298 810 -109 182 -214 -367 -314 -981 216
213 -569 317 -348 -561 120 -721 -361 585 431 -48 -443 -25 15 153 309 31 -435 627 462 -208 -556 -794 318 179
-377 -54 111 -360 638 294 760 -386 -559 303 -654 541 -66 -331 -376 -29 -614 193 -526 400 -583 621 87 495 -613
-507 -995 -306 -1046 -1089 -679 -552 -737 21 -361 -859 199 8 -1336 -1194 -80 -215 -157 -1062 -1854 -146 -452 60 -2150 -1279
311 -181 157 -512 -770 421 -166 337 335 585 530 264 468 -365 28 399 -503 -38 -314 -214 -680 -769 424 -691 89
71 -431 -1253 1046 -592 -593 -423 514 1506 776 50 798 795 -581 -38 -1167 -226 -193 -111 257 -2239 -936 -516 497 776
953 83 1260 374 654 -275 -76 904 321 -329 935 127 1173 -711 -47 73 -600 -662 -609 -91 -797 -536 1109 195 -322
433 -84 -634 -742 950 -43 -6 719 383 480 347 -772 588 -108 -745 -73 1318 972 -596 -778 -101 275 -536 -699 355
-594 804 1039 911 -593 355 -744 310 134 -1122 240 -59 1111 -879 486 212 796 -98 -1205 -953 236 235 -1063 751 -1019
-725 -125 -315 349 18 526 -616 683 814 -772 789 273 744 638 -379 -376 -230 -379 278 582 -54 260 177 -35 -124
-1076 8 -822 -340 1337 -944 474 788 160 38 425 -763 -200 -758 1147 504 360 -405 1492 33 568 772 1218 238 -232
213 -262 -33 465 391 283 95 -646 -661 -195 476 390 -747 -593 150 289 -706 -65 295 11 -690 -759 177 -350 -371
303 254 538 -285 -51 -830 -561 -1191 30 -652 -1272 -102 -54 -1346 518 -609 -1526 -443 -478 1179 -826 -422 -629 1332 329
-714 -240 -314 -103 -379 329 -558 -523 -364 399 -352 -898 -825 -102 689 520 -539 221 -455 -431 -148 54 -504 631 -592
775 660 785 174 -1683 -433 316 -710 -582 2013 910 -200 -335 1161 -1106 730 101 294 -644 -587 534 327 -2380 -1355 -253
-1022 -1320 -125 244 -762 204 162 -24 319 -1026 609 597 458 851 97 180 356 -801 600 249 -562 -643 93 -205 -959
269 800 -154 484 -573 128 -206 127 143 73 361 -399 360 -694 -735 -528 -21 -751 -612 97 107 317 679 56 -320
-963 -299 -660 -1142 -1209 -1105 -952 1121 472 -1031 914 -185 637 -18 -559 -317 -178 -65 -83 -539 -1235 1027 -406 343 -652
-723 -848 281 374 -347 -205 535 -136 -482 571 806 -608 140 -216 204 649 -302 63 -176 98 681 660 295 702 402
-265 -772 -661 -401 597 1020 -56 710 -120 -608 319 193 -1159 710 455 237 249 -278 1022 653 -32 594 106 763 250
-17 -284 53 -727 1148 -1026 151 -512 722 -660 -5 159 -536 -83 1561 -1073 -743 -661 776 490 -1028 -347 1185 502 737
-408 -185 -33 -949 819 39 353 1020 908 859 638 -1688 1784 1126 -1131 -539 885 718 -1459 582 -981 -65 -466 97 -206
94 137 -636 169 -112 -803 413 340 607 82 649 -455 224 -232 -222 249 -892 -114 634 668 -453 387 -597 191 -157
-481 -315 -482 654 721 -330 817 248 171 170 649 -264 282 612 -136 817 754 -491 230 1129 301 973 224 89 -183
172 -55 -35 104 24 -300 -699 -66 946 1576 188 -208 -517 -113 -781 205 359 123 459 -1621 -500 -280 921 -1083 -1286
-90 386 286 1016 802 457 861 -283 -145 2089 741 197 514 549 493 1179 811 -489 -664 -30 -2 390 471 -1350 -333
424 -280 -570 709 -973 822 911 -1486 -315 543 716 -265 -193 -911 1707 -461 -936 549 661 -442 -1014 -347 1441 893 1295
484 1034 886 158 -1803 572 -538 -1170 -517 -846 888 758 389 -1161 -450 -302 -941 -672 -460 -202 498 146 -245 -73 1081
339 -250 -104 -393 160 709 703 237 631 -482 -173 -351 -618 -426 -169 -563 -529 35 439 9 471 417 -677 -365 -653
201 328 594 -118 535 -764 558 -62 -651 -667 33 163 -172 -365 94 -489 -602 173 739 -154 -240 -757 42 423 -68
797 -562 402 581 333 -376 508 223 -247 707 568 600 155 -625 198 334 -617 -814 790 -139 15 382 -25 -747 623
656 -183 1421 498 -204 -415 -596 2278 -1024 -798 640 2177 -1316 -845 495 821 194 621 1805 999 2410 -122 -445 370 -792
43 -440 -600 88 -1238 179 -65 -440 1416 -954 -97 230 705 389 49 -256 -612 -1174 681 -48 -71 -983 473 477 -368
529 -75 -543 544 584 435 455 -1521 -265 1223 199 58 1785 1013 202 1637 865 1493 332 -132 -5 276 -537 -438 330
191 -743 589 -205 306 343 -652 693 198 73 807 358 336 -72 269 205 842 -586 220 295 -284 156 -591 -327 -43
-295 87 62 107 2167 1087 1135 548 1535 982 678 228 133 -544 2287 -175 407 544 1195 1161 355 1179 1913 1630 1255
664 -223 -148 721 -705 -159 -144 291 435 494 -806 598 -65 1464 129 910 128 794 1556 761 345 -1510 -383 -194 -1848
-1112 -990 454 15 516 -87 31 -278 -104 -505 173 1056 63 -1277 186 -1396 -1104 -485 -756 971 -989 -656 714 -85 -710
-543 -645 202 -1052 -902 -593 260 84 95 -689 -1062 266 -982 -1019 -203 188 -604 175 1249 -149 -379 199 549 266 -142
-715 924 -158 -972 -940 -650 -424 -90 1089 134 -141 -372 729 -1262 -1206 -347 466 -414 -1041 82 179 67 -685 -2 -1210
725 -691 129 147 1153 187 1298 -882 1060 603 -706 -389 -1477 -933 1258 -127 -838 414 919 -185 -1755 -472 279 1174 995
-47 -444 519 -733 -735 -112 -376 -379 -592 167 671 -538 -295 -620 -764 -300 766 614 -319 345 108 -586 114 -370 646
-235 1017 -395 425 2055 -126 -1276 -243 -632 -119 305 56 2214 -592 -1535 123 786 462 -628 376 41 1132 130 -362 -902
804 -595 633 698 559 514 318 926 -459 1317 443 200 1014 1768 370 1420 492 871 104 -134 621 827 641 -1573 -48
539 506 305 66 -190 229 -477 363 -699 -505 270 -818 -74 465 476 84 366 531 187 -97 -679 37 -633 -105 -627
288 -316 -716 1108 1458 -209 431 -469 -1400 737 -491 -436 290 893 966 181 76 -286 -1639 98 -1097 80 968 -963 50
-709 919 407 -173 1161 -624 -1163 64 -488 -548 -649 -142 608 -1118 -2110 28 277 -263 -552 -576 176 -217 18 959 -351
701 -107 170 -352 232 -1502 -1074 -115 -167 161 -220 -1136 73 -893 106 -82 -409 -101 244 1278 67 -158 1710 126 -1455
721 -242 -456 -274 -499 279 724 -755 720 -702 -695 243 -589 777 801 791 -533 -741 -2 370 -239 -404 173 -280 572
-882 57 1568 -120 156 313 -1918 285 28 -1385 -251 -659 -635 -1057 -1746 -174 -409 -885 -337 19 -868 -893 552 -392 545
529 643 794 791 -470 1074 -1332 781 -1540 -55 36 403 1345 1190 -402 569 -1039 -577 2843 134 1088 81 -523 275 1230
47 -662 -279 -580 -516 -31 42 636 96 -561 356 125 559 -346 510 -596 474 -335 440 -582 678 -317 -473 -594 734
-618 -277 -675 -198 -496 310 826 -132 -320 -554 -251 21 -378 413 655 -501 245 402 -245 -74 283 144 358 902 -827
-417 -406 -677 -638 116 48 736 258 332 495 -496 -346 -217 -547 296 -428 -315 102 166 -735 -120 -254 494 184 77
1132 -967 -380 -549 1080 292 348 -670 828 -297 225 -1590 1633 660 1247 -469 771 849 51 798 -1958 468 -920 1549 -200
-425 616 -684 -70 -290 -274 107 220 -609 813 -211 788 -24 -319 -252 471 418 351 -48 317 -540 110 677 -593 287
-522 -443 344 -660 108 -773 -393 -500 -474 159 -483 -320 164 -514 563 -400 -960 164 686 -1575 -81 173 434 -1003 -1493
-275 566 347 -488 434 670 -785 -610 797 467 57 -76 -400 -404 -671 -617 588 538 145 347 -172 -529 204 -321 111
-449 197 -1163 867 -636 -16 542 -528 1026 -607 -1051 -226 -1252 -350 -1283 8 -579 -712 -2102 179 -109 -736 -249 -1298 -778
-338 718 152 -724 525 -684 -479 -517 804 -779 -190 -397 793 295 244 748 -257 -2 584 -496 169 -706 -137 -118 -466
383 613 -448 221 -285 648 427 548 781 1714 923 -233 1962 1489 -972 -269 146 770 -1617 1082 -881 -433 -2228 295 159
1212 190 67 -379 788 894 -1012 -373 -389 1415 -476 556 1208 1768 -698 453 -348 -101 -21 -435 1185 160 371 249 -90
-52 -105 1106 828 4 395 267 213 495 294 -465 447 9 1153 131 -123 -12 1058 1171 853 659 -288 1038 1676 -1320
-21 280 574 763 14 -632 663 244 -786 239 -513 372 -792 694 100 -424 782 359 -248 337 -705 646 -400 288 -663
-305 520 -74 1434 701 -467 200 -963 -344 435 128 -963 -1107 -259 -590 -404 -417 -14 337 -461 1147 1289 1387 -28 -201
-149 378 -747 -310 -341 643 217 -14 538 -137 -302 14 418 -585 194 806 530 -552 -670 -760 -30 -250 125 750 -516
738 1218 1354 467 164 -288 983 -400 38 733 273 -397 828 869 -30 941 849 417 136 259 -12 898 687 -954 -1237
1467 275 568 963 876 479 -1629 999 20 -1065 568 -1594 62 -837 483 531 978 557 -1261 -1325 -108 -526 -651 -288 -18
-3 -1475 -649 49 -137 -952 55 134 1396 -400 67 -719 -1005 93 -486 -961 -593 274 475 -1010 307 -460 -850 478 -918
-323 -154 -616 758 -72 -400 2125 -594 -745 -389 308 -11 -1159 -699 -965 -413 237 64 -206 143 -443 163 -1811 -1499 1028
-1063 470 -1228 -1450 -719 -1434 -1229 -780 -811 -1256 -491 822 255 -588 189 -306 757 545 70 115 -109 527 -579 -1178 357
958 64 -712 -777 -343 -664 767 -82 -1454 -400 408 -482 75 616 -307 90 -1477 -22 -1663 979 197 -382 -849 -628 1150
-276 -108 538 502 -654 -79 810 -588 226 -360 532 -122 -674 -272 -306 193 740 -333 689 -249 764 453 303 646 -676
802 115 252 -304 54 198 58 -693 156 659 -25 42 390 516 -116 159 -594 341 -348 70 -430 -171 -450 71 378
642 -50 -559 -706 658 165 976 -366 1128 -14 -806 322 775 -358 -426 -194 -273 468 63 -1167 -746 126 346 -556 -735
-1167 -518 -42 -1355 -424 -1149 -1881 -1127 1261 -477 -201 872 650 224 -1637 -614 -1195 -22 541 -289 -285 -1173 -108 -1643 -1784
572 -223 -390 -355 -271 -413 -136 -284 497 513 -542 -87 -123 -11 52 423 212 615 108 138 -562 285 -389 -186 112
-716 -450 -819 -448 -1807 73 246 -451 -912 -558 -661 1325 200 79 1278 -937 548 143 933 -403 497 -1104 -2153 -1084 28
484 -872 1086 242 -525 -714 -252 384 -829 -1264 -372 378 84 -736 863 509 -872 -874 2028 855 1219 230 -15 -101 -203
-187 -448 -948 -535 -838 -629 -1010 570 -1467 -1100 -306 590 377 -339 336 -458 -1022 903 1364 -415 -473 1891 -1055 -171 -591
-19 -442 -1123 836 204 -821 142 223 1899 1055 1366 -508 -1535 -937 1994 1420 -775 406 -237 283 366 475 -91 1017 -1114
-445 -702 -412 -1200 -1464 -1081 520 -281 -193 -930 -129 619 -570 102 265 279 -1258 3 940 -458 -1234 -3126 -2098 -36 274
-387 -155 -462 421 129 -622 -699 710 -333 196 763 680 -520 194 -209 -147 -542 445 -693 482 62 668 756 -566 -811
312 -601 -755 422 -272 -484 -191 284 -347 -382 -516 492 315 -662 533 -59 -4 -468 -593 -662 -48 -256 -48 344 -41
-375 312 548 -30 -235 -393 250 -317 -256 -219 -591 342 -503 691 570 -167 842 684 677 103 -717 -817 -185 -698 488
106 587 250 -392 -540 21 414 -70 518 493 186 624 207 -603 59 181 210 482 -157 -75 690 -187 359 -902 -150
333 293 238 294 -120 -171 -512 -254 461 -806 -365 -115 448 -150 203 -789 593 475 138 881 -82 218 -723 -63 183
-328 654 10 69 -13 664 39 259 311 313 515 731 31 581 226 -315 602 755 626 -310 665 427 798 -709 -653
-529 -135 764 935 -59 -16 -637 386 278 43 -665 -524 -123 544 -355 53 -234 -526 -118 -112 169 -586 -877 624 1130
166 556 185 -835 -189 -34 -90 176 -301 -519 -473 -352 180 129 694 272 -295 717 -555 247 -153 -663 -291 603 -196
-286 270 -954 592 -181 24 1828 -512 620 2078 381 937 -399 -947 1034 333 422 -608 1738 -204 236 626 454 -142 -267
-90 152 -553 488 167 -531 -323 296 693 -587 233 371 385 -677 -562 -40 1142 210 -1066 -793 -701 -1504 -28 430 -522
-377 -251 241 -686 -805 -707 512 -422 540 -60 308 120 40 -587 -228 698 412 592 622 -530 -612 759 613 -91 -305
1045 693 1275 859 1104 131 1597 8 -431 98 109 124 195 -23 26 1216 -82 -89 1171 826 98 636 767 963 663
-637 -241 -435 161 142 565 -123 327 -362 -423 -364 644 -404 281 721 -432 -67 -490 -5 168 614 -590 133 338 355
-1024 1044 731 -1344 -532 633 -208 -817 342 314 -337 -661 -113 -177 163 -66 123 685 -911 1188 -866 -968 -84 1152 238
371 -288 -1410 526 -588 1330 372 985 989 244 622 329 1211 -63 -462 -210 -80 1777 27 670 1549 -723 1857 1858 472
-131 -59 -792 -562 567 261 -586 -858 474 -707 -229 -435 661 719 -456 -227 -460 -726 43 -25 -36 -682 -517 383 520
-394 -1047 -387 -1283 -2015 -848 -362 498 -2104 -792 -942 566 -192 325 384 -70 159 -626 201 -384 695 474 -813 -1090 -459
-306 -342 143 408 176 -260 46 -445 315 456 559 421 -78 -10 -151 -707 -361 -15 710 544 -814 -451 411 -543 -54
-401 -400 308 525 -751 -340 631 -580 -133 788 -264 35 443 115 -470 -317 -627 -483 -58 -738 -21 -528 -336 -342 -505
770 -561 -527 -569 249 265 -687 2 -452 476 -419 -446 -559 -722 -402 566 -467 191 558 88 464 737 418 -234 28
-731 121 -428 361 594 -406 -112 578 503 -83 215 209 567 -149 -493 -9 298 -188 -700 -571 -342 508 575 -349 471
105 -54 681 298 273 -503 -731 45 769 -596 -464 23 -342 649 -310 -857 306 619 142 32 -241 317 -547 114 -493
834 244 479 576 1245 -50 1117 -189 612 1163 895 -573 -1455 2502 1142 1389 49 -192 1001 30 1442 720 1011 507 266
-785 -77 -584 -461 -625 187 -444 45 -248 108 450 -747 -111 513 305 -331 -28 -404 224 -499 -92 -121 -555 -651 689
626 -303 -810 -661 469 192 481 126 813 71 182 -44 -199 -272 -206 521 672 221 785 566 232 221 -8 -715 420
-9 110 281 -3 -194 -37 646 -17 700 36 267 -571 145 -243 -245 -741 -660 775 -401 536 -333 -286 -705 268 -711
-414 351 -759 -150 -323 171 -662 378 138 -296 -543 -349 -81 12 -572 233 -333 740 -617 -789 -637 34 270 446 -583
-738 381 -744 -637 -1209 -1462 706 950 240 -838 -741 -789 -58 738 1301 -432 -236 -534 -11 285 -461 -299 -1940 -1939 -560
72 -524 -831 -597 598 -419 -626 227 112 -882 -775 34 -728 404 -602 149 -416 308 573 -572 -244 104 619 -892 7
762 -404 685 433 585 -418 130 618 98 678 434 573 742 -512 -614 441 620 87 41 -573 -724 -809 208 -558 -616
-285 3745 -1313 -2635 -1658 2167 1447 186 606 -7001 -2041 1708 -380 -2376 -1024 3471 -3120 -270 -7875 -9980 -1846 4637 1818 23 -8393
-786 -23 -999 -600 -158 -711 103 118 864 -215 179 -566 -309 -1128 103 -162 -238 -307 62 -431 -703 -326 -602 -424 -956
2084 -168 -139 5430 -2265 1096 -7040 2425 -956 -19 -1332 -2631 -3417 -4176 555 559 -1534 -3767 862 1080 2531 -833 -5199 -1027 -8021
-773 -595 -532 -810 -133 27 -1237 -800 -812 -713 333 -377 303 -396 19 266 -133 280 -111 -618 -1206 -642 -470 -152 90
-1317 -2822 191 485 4817 -1502 -1591 -4714 -1912 6559 -429 -4268 -1714 2288 2272 1608 2322 9015 -422 -1785 -1150 -3922 -1960 -6155 -5040
1595 -209 4880 5991 817 -2180 -9527 3315 -4038 -1309 -2478 -68 5821 1778 4372 -3703 607 -3096 1224 6336 2289 1012 8406 -613 1430
201 -237 147 -581 -825 24 -176 -679 -629 -656 -228 -324 614 -668 -1048 456 -459 -1143 52 -1349 -103 111 -511 -84 -875
168 -1164 985 3338 167 1037 -1195 -979 673 5221 3998 1512 1155 -166 758 3438 3068 2930 2192 3721 -828 -567 -2349 -791 -4023
-2218 180 777 6360 2439 -1252 740 -1403 4826 -7367 2848 2263 1347 2318 -6352 1285 -526 3085 -6095 339 438 -5578 2916 -698 -4926
-164 -1134 455 -924 -754 -24 305 -649 -835 -117 -80 783 -227 209 -292 103 -40 -640 -106 -377 -997 -813 -904 -655 -399
-2050 -2285 -5385 -6932 2468 -931 1006 -92 -2273 -3963 -4245 1138 -6313 -2518 -2438 2203 -5524 -3115 -4300 -2299 1856 -325 -3885 -10124 1715
686 -3629 2508 -1578 -8400 1440 2507 3656 -4583 3858 1290 1516 3912 18 5574 -1149 2156 7521 6311 6055 2199 3852 5737 645 3806
-1018 -184 59 -1089 -618 -705 -708 288 -403 -592 -1199 -650 -160 -49 -799 -446 159 -1461 -111 -1265 -331 -979 149 92 -737
1321 -2741 1042 -127 3143 3158 1592 470 3884 3028 -997 2500 -374 2278 3749 -381 -523 -3836 -2166 -850 -3820 -10397 -3141 -3177 4612
2772 -1117 2060 4747 1529 -3585 -165 -4746 -3212 -3557 -817 -4811 -3625 -376 1215 4357 -439 689 2920 1535 -3964 -749 3131 -4762 -4051
3234 -3359 -8517 -9188 -9132 43 -2756 544 -7690 -7887 -5559 -87 -5776 -9546 40 -1027 -532 -3399 -3395 -1208 684 -419 -1740 756 -3516
-3367 3736 332 2763 -4736 4282 6003 1028 2105 2244 3219 4498 1467 -5364 679 -1139 2069 1024 -3008 -30 -5900 -4675 -1551 2764 65
163 -108 -372 20 523 20 -962 -690 -267 -842 -616 351 478 -856 -27 -495 -423 -828 355 181 -154 152 -294 -929 -408
3186 603 -4115 -2998 3056 3421 -1095 4665 1 -932 2988 -4060 117 3137 1803 753 20 3973 6058 10174 -1930 3482 548 1854 3542
-792 -659 369 -784 -396 -292 -77 -168 245 102 -871 330 -1013 -449 -763 -343 170 -83 -88 -494 -951 -117 -525 754 -24
5148 647 -10003 2347 -2561 -3620 -964 -11376 -1312 -2260 300 1959 -1803 2606 -1317 3344 -451 -3810 -1466 3856 4196 2596 -3334 -240 5639
155 680 399 159 49 98 -669 432 -275 395 -289 -81 229 -158 192 206 80 114 -731 -1029 -915 508 -22 20 6
-835 5694 90 3258 -1606 -341 4712 24 357 2554 1885 2468 1427 2647 -2474 -380 499 1243 2421 -422 2675 6216 3833 4244 2137
-3241 2956 4190 -754 -1467 -20 4191 -168 -737 3560 -884 77 6339 2839 -2136 2282 3932 3776 -218 982 2483 4304 2149 -504 2584
507 -491 -283 -395 -7 430 -132 373 -160 -680 -573 -222 -747 -855 -97 -791 -630 -787 511 -122 -771 141 -764 323 306
-4132 -3779 5666 -2419 -121 -635 1976 2272 -1674 -3004 -3274 -4288 3819 -1607 -9215 -2818 -4118 -3566 989 2292 239 -8909 -12381 -8536 -3392
-1001 591 351 27 -474 -903 -440 -382 -333 412 -258 -583 461 503 -266 489 -437 120 202 -614 471 -955 -208 -1064 -289
-2631 -417 -1231 1181 5990 5093 5309 2819 1471 7244 -1216 -2568 2769 2181 1062 -895 -1082 -541 2704 4078 3541 4749 978 1051 4113
-2497 -2777 1684 -9691 -6333 1568 2459 -4842 -3865 -3544 1119 1265 -4712 -2896 -273 2711 2822 -498 5560 5377 975 -3897 -2120 -627 899
-2853 -6676 -2751 -6696 -3751 -4430 -2339 -2361 4214 1479 -1249 -54 2232 4557 -6658 -1280 4710 3027 -2473 -1501 1085 2226 -3859 -2383 -266
-123 -763 -914 -146 -483 -618 354 648 -752 -668 -1015 -851 -67 -218 498 -734 140 161 -964 435 -661 -649 -524 503 -625
-3501 -5831 -1445 -6082 -8344 4049 -2764 -2585 -934 -5239 2469 5280 3766 3384 4578 5892 1634 5035 -3273 -1091 5297 668 -25 -4759 -387
-880 -5476 -612 -4160 -7715 2633 -7525 -2958 -5914 -6735 1350 -2173 -171 -1814 1050 -2659 735 -261 1831 4163 1286 274 2116 5424 3999
2435 8109 2664 5545 727 1801 -756 340 3635 867 -1577 -4402 -4686 -3211 168 -1454 -1063 -945 1387 1864 3630 4231 1298 -407 -1607
1519 -237 1783 -2966 4970 3064 -2320 -4338 2252 -818 -2664 -3989 -3633 414 2059 658 809 1927 -967 -2014 -2513 -934 -3664 -508 -1319
1859 -1750 2543 1543 -3935 1415 2105 1459 2569 1418 6480 6418 2307 5439 5631 846 1907 -3060 474 2161 -1860 2431 -960 267 185
-222 -69 -1200 -848 -1722 -1513 -1681 -813 -1213 -1230 -1129 -220 128 -216 -1120 -1448 -1334 -658 -832 -4 -312 -646 -306 -742 -369
-957 85 -339 -443 -312 -281 -111 -732 -184 48 -517 -289 -205 -1011 -756 -816 -347 -218 -165 154 -365 579 476 -817 -1035
426 -631 -702 166 -736 259 -189 -605 159 -385 -300 246 -142 -432 481 -790 -423 -762 174 365 -293 -827 -193 -805 -138
3785 1394 1483 4370 3138 4569 5551 1667 960 2038 2868 3555 4945 6345 4485 -1118 -1324 5283 2067 -119 3429 -917 1462 4047 -1482
652 1433 6462 3305 4868 2375 5196 5914 3060 6980 3712 4480 4233 1069 4150 -42 -301 -1492 -1223 2255 3708 863 -828 5907 7664
-4477 -2702 1642 2803 -6050 -2359 -3355 -1366 -3609 -905 2040 -4684 -9925 -6980 288 3730 -301 -3755 -3267 -4878 5051 1856 8535 -1823 -2769
404 169 -55 -151 -950 -407 -551 -638 -640 -402 -632 -812 -1189 -246 -497 363 -410 -959 -65 -132 -790 -634 -52 200 -782
186 1870 -1028 2734 -442 4244 -2691 1366 2599 1104 -2413 -3311 503 3546 1573 1043 3067 2906 -7084 -3648 2398 4446 335 -7805 -7352
4203 -1704 1552 3936 6224 -2012 4960 531 2298 1294 -6404 -2833 3760 -5466 2236 3134 4712 -619 -2936 -1770 -2142 -2492 1158 584 -5928
4 -4721 3353 -551 -2862 434 754 452 -10760 -2682 -2207 -1461 781 -2572 2121 -2758 666 -5779 1698 -1165 -993 -4918 -3270 -7680 -2484
-5620 839 -1745 -5475 1355 -1922 -149 -1282 -2095 3718 735 4992 5894 647 674 -1604 1819 506 472 1581 -5034 184 -104 -841 144
3355 3631 4583 4815 2537 2972 2455 2578 -516 -8436 -2106 3765 -4358 -4779 -2228 -3141 -255 591 6039 2396 -797 -1092 -2536 1457 3169
3884 -4157 -3 8703 4570 -150 -1307 -1181 2148 4030 -1520 -2477 -3424 5598 -3040 1890 1713 925 -1434 3279 4671 2861 -1435 2846 4017
-897 -407 -865 -1156 -917 -312 -797 -1572 185 -485 -384 -1296 -102 -335 965 -382 -1205 115 -598 90 -1603 -145 -973 -598 -1230
-720 -1906 1100 -1685 503 909 -4484 -222 -2945 -1450 -1880 2416 -3578 -699 -3215 675 -2046 146 1514 842 3885 605 3376 -1488 -4975
6160 -4056 -2123 615 3535 -170 1001 -1241 -9 5841 -1693 -1454 -5888 -2553 431 -2044 -855 1349 -2944 4240 870 1865 19 990 -2252
-755 -1011 -595 228 -904 -3 -773 1189 -705 -979 -1144 148 -859 -1128 -54 183 -313 -119 -142 -533 -95 100 -991 -1030 219
2982 958 3274 2058 2252 2808 -322 -2268 719 2116 -3987 -10108 -11123 4067 -1081 -1574 -7594 -6479 -4460 -2280 1017 -2673 -6102 -7807 -3237
-1867 1963 -498 2736 1610 -3460 -1214 2288 1718 3508 -4212 -2445 -1108 1082 -2799 -1640 694 -804 -7841 -5977 -5984 -596 -5113 -6116 -7854
-2462 -1732 -1177 -1863 -719 -2332 1633 5189 3900 687 -3364 -3634 -2739 -4378 2486 -4559 -4042 -1929 -5168 -342 -3897 -1566 -1907 75 -7241
18 100 595 -818 -357 202 386 -269 673 -670 -936 -859 476 438 -118 -678 391 124 -473 579 -646 -342 -791 446 -897
1472 -4548 -10821 -4193 -1826 1086 2872 2792 1897 -2317 3386 -353 1555 208 -4462 -1211 -5215 -163 -2907 -238 -1128 -2418 3900 -6812 2893
921 3558 -1140 -904 -825 448 7141 4386 -497 4732 1338 2604 -2272 -2272 -386 -1578 -2670 -6704 -1073 -5434 -7275 1035 -4299 -2536 -5655
-922 -166 -1162 -1758 -748 187 -554 -247 -1332 -334 -413 -513 365 -171 -66 -67 -787 -630 -92 30 -887 -498 -825 -459 54
477 259 -476 517 591 145 434 -56 -41 -159 -831 -83 509 149 221 218 257 519 402 -509 -577 27 27 41 -497
3464 480 1882 1737 5652 1278 -7448 4827 3017 5891 -3393 -10112 -3757 2429 601 -9145 -6017 -13808 4050 1926 510 -7808 -2523 148 1018
-614 372 4886 114 -1674 -606 31 -1155 159 -3171 -3011 -1393 -2614 -1551 -3514 -542 -3341 -1229 -3043 -5016 -1574 -765 -3720 -5537 -1653
152 -1230 499 -883 450 -753 195 -664 -1155 250 -914 -510 -905 -1330 -214 291 -154 -1590 -862 -675 -893 7 -1772 -1131 -1543
545 -2577 -2456 -759 909 -1310 -4050 155 3407 1277 -2426 2083 2782 683 5080 -1333 -6178 -1070 244 3414 -3254 -9691 -5227 -5520 -3678
-1454 5166 -4393 -1193 2131 -5528 -6089 -7221 -554 1403 -5403 -12644 -3741 1729 -3268 -4790 -13895 -4573 981 1677 -1956 -2363 2159 1742 -2063
4734 2278 625 -450 -1653 1591 1820 2709 2220 -5432 -1805 -76 -542 -289 -6260 -840 -4305 894 1011 340 504 4500 6849 3931 -1425
583 -654 -658 -970 -194 606 519 -661 -1179 -221 -635 -248 -800 -1241 -156 218 -521 -246 30 -433 -741 -963 -417 367 -41
759 905 -773 -1442 547 2685 -1187 560 2142 -371 -1091 31 1278 -4125 -9432 3478 4099 -664 746 -2695 964 1629 -583 2529 4560
936 7022 5173 955 1688 -1329 4311 -1560 1125 -10 -2809 1280 -2035 345 1783 -1304 -58 3997 808 -1087 -1698 -12 1289 -1359 -683
1324 1996 -10178 7011 -1650 19 -2097 -7319 -281 -8164 -241 -1646 -2483 -3819 -2618 1102 -7902 -3640 932 -7357 -3237 -11547 1844 2276 -4809
-980 -289 -706 139 55 362 -833 -199 -864 437 -808 -500 -857 271 -548 -850 404 321 -200 -549 -530 -107 500 -1 -1040
2585 1399 1567 1603 -4040 3017 5998 2150 1029 2466 1591 342 -874 3592 -1326 3108 1996 4118 7122 1462 -2808 1996 -4773 -2619 2608
-53 -1141 131 -456 -720 -373 -507 -618 -518 -1105 -199 -434 -780 -199 -159 -352 -138 -809 -523 -569 -551 287 -686 -305 -9
4026 4468 2709 -5990 -2050 1830 2025 -3699 -6376 -8180 1799 3837 -1269 -3077 -3266 4239 3614 3955 3341 4097 3362 -1799 -2936 -5998 817
2866 -1054 2799 -5760 -1925 2303 3387 1690 -7842 -2715 2067 3732 -500 -2941 -6682 977 560 -1046 2112 -8 971 -7406 -5474 -5098 -3164
2119 -940 -6403 -794 -5416 1323 -1099 -3009 -1300 345 1338 1533 -301 597 -1492 598 -33 304 7966 2991 1254 2323 2190 3868 7789
5412 4300 -970 1757 398 408 2190 1771 7660 4819 -1015 1414 3424 -2669 3982 -751 86 2013 -1925 715 -3794 1246 3648 2176 3012
2418 -2260 -4579 -1946 -5046 -2605 -2828 -1608 -3870 -3103 1582 3264 -661 1507 -461 371 9763 999 5270 2668 670 -2440 -5083 5910 1795
17 1894 -2114 568 1949 899 2179 6677 5340 5477 1869 5104 6443 4119 -3895 3211 5326 -1167 -1868 -10827 -236 170 -1195 -4291 -3170
147 358 178 -732 139 -251 -349 375 -272 293 -131 -620 432 -791 -719 -384 471 -256 -1032 990 -662 -337 -865 2 172
-1092 -1038 129 -647 -701 -565 165 -1215 -770 221 -388 -335 74 -102 -600 157 2 -250 295 -284 -778 -448 -179 -715 -1127
597 -105 -482 -495 -553 -1221 86 172 -405 -461 -592 15 -412 124 396 -1978 136 965 -1196 -831 -475 -77 -701 -1212 -186
1833 543 612 -561 -9899 2676 5866 1982 7259 4311 1761 2529 2470 3092 6879 -2204 -1601 4385 2462 -6005 1412 -2489 1542 1808 -3568
-416 122 -236 -1350 42 194 -386 373 -736 -1270 -786 -251 -163 -1004 -1118 -963 -963 378 -484 -1282 -236 -567 45 -140 -360
619 5709 3687 245 -3433 -331 401 124 -1430 3340 -1082 3323 -3779 -1504 5024 574 -218 681 1368 3348 -1534 3741 322 5251 2646
-3273 -2972 -3834 -4322 8002 -1577 1018 3610 -2183 12801 1569 3069 925 -1269 -1618 1148 1808 5375 1230 1622 -488 -119 -2741 -1937 5104
-2034 -799 1780 4074 438 315 2571 1255 4435 -1736 -3486 1497 1981 4265 -495 -1948 3072 -389 1919 3428 2103 -1975 280 -913 2105
-2188 -1847 -3474 4347 -4644 3496 -2033 -3405 314 6687 -5323 -1102 -749 -1988 5616 -202 -697 3246 2695 3534 881 -4811 3785 3122 8945
8532 457 -149 4000 1937 384 1089 -1216 2763 2189 849 2600 -1226 1923 3208 3579 3131 52 -1019 4136 6573 -1525 101 4172 3055
-418 -131 -226 -274 -220 239 10 365 -721 538 -725 -625 93 226 386 -825 -906 -125 456 35 -862 -242 338 -537 28
-12 -807 327 -749 -549 -23 -608 -138 -330 -366 -752 244 103 -1336 344 260 1474 671 -500 184 -518 268 -123 -375 -1720
-1206 -7 -976 32 -1188 -780 -493 -1270 -969 -1457 -1178 -350 -210 -859 -79 -1153 -316 -1198 -1079 -1176 -762 -338 -368 -892 -493
171 -1298 -2013 -747 373 -497 -560 -317 -1454 -185 -698 -1077 342 552 -575 -102 -1430 312 98 -427 -1353 211 -372 -1817 479
-1192 -252 319 -406 -555 -512 -1114 -594 244 340 -410 -1350 579 279 -119 -151 -830 -722 80 -697 -238 417 -108 -555 -643
-594 153 265 542 -974 567 320 -240 577 -475 268 -543 -333 646 -483 -700 -180 -558 312 471 -68 650 573 180 623
-392 -4087 1651 -8465 939 2168 628 6753 -8494 -1428 414 1859 4887 -5252 -4061 -5087 1101 -1490 -4633 -8526 -2581 -121 -395 -4920 -3215
334 -2105 1267 153 -2975 1133 -3344 -498 -2788 3552 -2831 -5041 3518 2317 1898 1023 -6691 -3644 980 -7955 4285 -6920 2409 -4190 -6206
1990 1288 809 6343 6538 629 -1777 1350 35 8358 -802 -1352 -144 -1276 -138 813 557 -3988 1165 -1053 -2049 -3347 2879 4458 4878
-792 -2750 359 -7165 -8872 -901 -738 3331 -2550 -9507 -945 4497 2252 -632 -2909 2082 950 1336 -867 -260 218 4485 46 203 6001
74 -779 -53 -701 -30 324 47 -323 -634 -230 -874 405 -998 -777 -1087 -794 -491 137 -1022 -709 380 -797 -1044 -1091 -682
-3983 -438 584 -7963 -1949 1934 -835 -570 424 4775 131 -2306 1061 2252 6321 4995 4662 1109 -2933 5789 3792 1687 151 -3217 -594
167 -336 -475 -268 -1167 -1099 -257 249 141 -428 -453 371 -607 151 347 -167 422 -834 452 -570 -927 162 220 -384 -183
717 -9282 -2797 2795 2771 -262 -2067 -5546 3657 1488 -1740 2670 -5673 1336 616 -2693 2073 -7735 -3305 3377 4235 -3646 -7645 -2437 4339
-662 -5795 4301 -589 1543 -2059 -4289 4140 3103 3753 -1937 -4196 685 -1204 -5738 2161 -7132 -3089 -6802 -6019 7196 -762 -4846 -4032 -4089
-1106 -250 649 -160 -454 -869 293 -1007 -1136 491 -195 -352 341 -156 265 215 206 -162 -1018 42 257 -35 -434 -643 -488
2331 5928 8148 -366 1821 3370 6200 5345 -83 2627 -1633 5583 1002 1254 5500 -2950 -315 4592 3023 6137 2498 1862 4317 6618 3449
198 -1293 -941 718 -1314 -953 -829 -457 -550 -1082 -833 -385 -825 -620 -909 -1368 -1312 -1431 -375 43 -359 147 39 -781 -411
-131 -627 310 -131 340 813 -366 -474 -987 -829 575 -44 -519 -441 -152 35 465 -657 -708 43 -285 -281 -758 -890 -769
-609 505 -547 -259 -142 -77 189 -562 8 -1390 -774 -428 -869 -626 156 486 -1067 -329 -924 -1199 -809 -375 -101 -118 252
-226 431 661 -658 280 19 -347 -221 -804 71 486 335 -806 -686 74 362 -431 -765 -429 -168 93 -716 338 -271 -284
-316 98 -577 -1053 12 -315 -674 -660 308 -1160 -512 -598 -561 -793 -657 -767 -453 -1412 -11 -434 -200 -830 -841 118 -96
-660 3385 2888 -1557 2115 228 3352 -231 -1312 2839 2221 -20 1807 2420 2893 4694 -1671 3031 1299 -1969 120 -1205 -1840 -7107 -299
-430 -518 -1010 -364 -626 -868 -459 -142 -1341 -281 -514 -573 326 -1376 -933 -702 -911 -40 -985 211 150 -1297 -573 -1186 -412
398 -956 -1901 -3643 -3329 1892 -1194 -637 -2796 -2892 -566 3017 -2963 -2584 -2259 -1200 -247 -1283 -4509 -31 -1507 -4797 -1079 -6436 2203
-302 402 -633 -170 -797 -632 510 -406 -437 -965 -201 -92 -474 161 -49 36 -527 235 -2 35 556 284 -7 -51 -457
-508 -397 -5 -954 -690 92 -797 -4 84 -60 -349 -177 -396 -804 -1377 -759 281 151 864 217 -639 -708 -292 182 -252
515 -6057 1561 254 -3131 1051 3609 2821 -1398 4654 1552 4618 -2190 391 2183 4753 879 -410 -126 -121 2565 3081 -4373 3435 2118
-773 320 -32 526 -938 547 -272 -123 -242 -194 -560 -804 -660 427 -264 272 -831 -76 -571 -990 268 478 499 490 -515
-149 -817 -875 -1 429 281 -453 -83 310 665 -542 -492 529 -313 -820 -208 125 -860 -528 -787 -923 -483 63 -71 -473
3334 -1178 871 -1194 -2127 372 1314 3894 2540 340 1557 -553 -54 2400 -3745 1064 1368 531 447 -4743 1300 -4462 102 792 5029
-1298 -432 -318 428 -401 -783 -144 -785 -595 -235 365 167 619 910 42 652 207 -422 -1207 -293 -1074 -490 -23 -936 -1206
-5751 -5375 -1818 -1572 3057 2576 -1791 -2711 -1620 276 4333 4944 -3050 -9743 -4018 4822 9991 2550 -2954 -3553 1710 3426 -1198 -1855 9142
-171 -571 -1189 227 -819 -705 -533 -740 -112 -452 -621 231 88 -1053 -198 -326 -136 -673 -834 -154 214 -254 -717 -1221 -61
-2158 618 826 80 2275 2998 550 3816 -1511 1911 -233 6974 3032 -1433 -1481 2004 -1160 3823 2614 -6087 3882 7196 2121 -5183 -11179
274 -1737 -5451 3252 -2590 -1178 2161 3051 1387 -1113 111 3953 1266 -2538 -127 1353 1393 236 221 -434 4409 7606 854 1965 -434
-874 339 -888 156 -706 -82 75 -793 -120 60 279 -513 -233 -286 -240 -1293 -84 -191 -121 -179 -826 710 -389 31 556
-3157 -3448 -2878 1626 2894 -191 149 -1599 600 -5377 -11895 -6846 709 -3364 -8574 -16263 277 -1853 -5234 -1624 2036 2151 1210 -5113 -1731
670 457 -1483 -4895 -15415 3122 1952 3183 3695 -1594 1222 -821 -631 -1069 4706 -3873 1052 -4619 -4009 3072 2507 -2468 -3439 880 938
-170 -874 136 -648 -655 506 -239 764 195 -320 -916 -1025 -690 206 369 307 -1151 202 187 -166 -702 -98 -721 -439 289
2870 3132 1616 -1089 -7133 -3082 -1012 3038 3001 -1527 -5779 -8715 2300 3990 5410 -9404 -4533 -1229 -423 4496 -5738 -4794 -2132 -3028 2702
2690 324 2002 -356 1792 2190 3334 -454 77 3611 461 -2744 -1292 1468 4177 637 -4470 -91 5613 -3062 -2532 -518 -3478 -1905 -6223
451 -318 596 -502 276 -556 24 -552 -785 131 -614 -519 136 -35 98 -274 -727 -986 172 -312 302 615 79 59 -678
-1185 -2014 -4879 -4632 -2965 -2685 -1145 2380 1240 -2053 -9576 -7331 -5913 -3080 182 -4995 330 10 2918 2780 427 1470 3155 3083 3124
-1212 -912 -4552 -1931 -1855 -1141 1420 -510 1505 -1682 7540 -192 1001 2775 3426 -5423 -1441 1198 3873 -1113 -1800 1167 -111 1264 3975
-864 445 918 -2501 -1639 -596 1177 4792 445 3792 3746 -227 -1470 1213 3115 4039 3 1029 5391 3229 -3314 -1650 1941 5532 3086
5618 3620 3856 610 -761 -1928 -4077 -2233 -477 659 -1991 -7199 -3218 -5377 -9327 -1065 -9826 -3994 2348 4437 2672 -2455 -13487 -5690 -1026
579 -715 -431 -326 -341 339 588 -495 -329 -971 -583 -181 85 -136 -737 -449 -632 -60 -129 -105 -497 89 87 -290 -124
3567 2928 -1422 268 -3055 -587 1232 -1863 1068 -5881 -2958 -972 4033 -724 -5145 -8994 -513 2989 -783 -3352 -895 -4633 -10977 -2851 -1804
-853 -92 -112 -439 480 -243 -585 -978 357 193 339 -808 -373 -868 -693 -525 248 -843 156 292 -641 115 -1062 -650 -394
793 5153 6613 3105 -2970 -6486 3130 4717 2428 -1501 -8606 5972 6009 1858 1101 3056 1243 3471 -2630 -1157 2750 2347 167 -4310 1419
348 630 -793 -150 -601 494 476 -885 -830 -838 127 504 -518 -398 401 318 -888 -279 -242 -768 276 646 -484 -311 271
4287 1886 2210 -1711 -8088 1896 3008 719 750 -438 -1098 -3880 -2205 -6901 4047 -2050 -6259 -2696 -13540 1917 -10 96 -2428 -1834 3283
-10786 -11401 -9891 3931 4264 807 -94 -9346 86 -2486 5295 -1506 -173 -1658 4828 1287 3121 -491 73 -447 1773 6157 310 -2534 -44
283 -192 118 -172 -644 -292 354 -169 448 32 -481 -370 546 -766 -766 -152 266 536 -915 568 -987 -960 -134 320 -817
1647 1118 946 -677 327 -4463 -4003 2579 -887 -172 2401 -2308 330 2336 8141 -1812 4196 -863 -4871 2848 -913 -265 3947 821 -5091
-934 424 327 386 -321 491 -714 -298 -842 -214 -872 -645 172 -308 -791 552 -652 -939 70 -63 -656 -445 149 -63 -418
-3012 697 -4234 -2693 -4588 -42 -814 -1408 -4474 -3070 -503 629 343 1830 2817 4316 -3506 1310 1205 1659 -428 1398 1151 220 1223
-9390 -3738 3704 8403 6083 1613 -3076 5315 6202 2877 1962 -4358 466 396 -5136 781 2569 1209 -470 -2473 -4180 -2433 -1121 -393 -2189
-1617 627 2277 1513 1875 3108 2268 -1776 1460 1610 428 3673 835 -2950 4801 -445 -1058 1257 -577 7020 -3583 -4496 -1902 1875 -2283
-712 -213 -703 -703 -87 -429 -43 -285 456 415 -591 513 -22 -399 -418 -662 -1079 -910 427 -222 -910 -734 -650 359 -693
773 -1840 -4722 -1458 4126 4666 76 -1552 1941 5139 5125 -4838 4578 6184 5994 2577 2077 -2315 331 6264 1003 2747 -2567 -1819 -1576
3894 -4267 -9268 -6386 1700 -2153 -4448 -785 -7251 -17 -2693 2042 11 -3148 1713 -1529 -1156 -1767 1606 -2702 -5188 -1444 1575 719 2573
-882 -470 3214 -758 -1132 1443 1526 963 791 2715 7946 2884 -1757 5896 5178 -573 1917 3063 460 -4187 746 3176 5436 1654 -1201
-5557 -1604 900 724 1061 -6558 4162 7865 952 1017 -3140 2784 5329 987 -3973 -4549 -584 -1187 -5243 -4740 6590 1613 2839 -111 -1772
-464 2908 4128 1973 -1395 3626 -2441 -460 2097 1387 6191 -4502 -943 -2377 -834 7864 -780 -2767 3894 1848 4707 -3109 -5586 -580 169
-1303 -42 -1031 -667 -458 -1931 -1010 -622 -741 -250 -1674 -1169 -1119 -535 601 1079 -541 -914 -216 773 -22 -233 -978 91 -1256
-815 -66 -238 -467 -200 351 -447 -254 559 -213 -504 583 662 312 104 -808 329 -101 310 181 -465 -724 -152 212 -406
-872 171 -486 355 341 209 -495 453 -414 -218 -269 -261 -53 483 -556 378 -202 -872 -8 -633 49 93 -694 -527 67
3017 -2742 -283 893 2786 -59 -5244 -1238 -313 -4094 -1850 -1124 -6341 -13192 -8434 1622 485 -8292 -2554 -5548 -7502 -6949 -2097 -3726 -1757
-5846 -4978 -4792 -1889 2439 2070 -4677 -1144 -3561 -404 -4226 -920 1552 1286 -4360 6712 -3019 -1835 2918 6510 4332 -279 495 2915 5416
1684 2694 6449 -95 289 2383 -86 -760 -1186 -2937 1561 3326 1767 809 2561 -9966 -1160 2903 7234 4154 -1353 -3028 5071 -1703 853
-390 -1052 98 -449 -842 45 -798 39 -317 -855 -539 -102 -198 -30 -426 -189 -414 -784 -226 517 -350 -603 -932 12 -57
-1903 -133 2196 -514 -3143 1244 -772 2580 1811 -4677 -1067 -4050 6222 1368 -1421 -116 831 -984 129 1265 -1489 4665 -2689 2719 -176
-972 148 -1645 2403 857 1039 2536 2179 1711 1142 2409 1520 809 -2214 -5200 -1477 -910 -2380 -1536 -6079 2886 2148 -3645 209 -2996
-4532 4130 -1878 -1975 1817 -1382 -5369 -300 7418 5191 2101 -3432 -3786 -1970 4888 1329 1985 5614 -281 -9869 3015 -2120 -2719 1950 -2696
-4518 4207 -577 3592 3085 -178 3729 284 1382 -575 -6822 -87 273 -4814 -4166 4032 660 1699 108 -4335 413 2834 4775 3285 1106
3152 -3652 -14024 -5292 -3504 4081 -1463 -2244 -2046 1699 -7429 221 619 -2892 -3198 1950 -5835 -1438 3713 662 2213 -3338 1636 1145 1291
-1324 3919 1341 755 2566 1457 4152 4570 -2703 -2529 318 1871 2748 1014 712 3069 5426 2948 738 1987 3853 2934 -720 1442 -1446
303 -278 219 -844 748 -685 -158 -1523 -449 422 -346 113 -1274 -622 157 173 -377 -565 -1038 -1271 -638 -466 -65 -569 -614
-2275 -321 1826 -613 3121 2567 999 -1020 914 3826 2840 -2224 -1010 -2635 3298 -4314 -3763 920 1713 -496 -2030 -2127 3535 3171 3646
-4842 -4289 -2549 -2654 3712 -484 598 507 -745 428 -203 -4726 -143 7319 4328 388 -2191 -3082 65 7023 3254 4512 768 1443 1144
13 -65 162 -610 -1289 -751 -967 -695 545 116 -598 -265 115 -1061 202 38 -1172 -1199 212 -577 -1203 -1042 -479 118 -608
-1541 -5624 -588 1407 -2938 -3778 -6124 -3206 1889 1739 2138 -1266 1361 5583 2483 1101 5745 7797 4408 -451 2589 -1919 -2517 -2772 -5613
1790 1389 5709 2327 2877 -1076 -1728 -5113 4594 2131 -1142 -7944 -8628 -4429 -4821 -6193 -2157 -206 -3574 -4493 3524 268 -1849 647 5407
545 1559 -4440 3298 7580 -8129 3711 -8225 -2324 2267 4142 -4990 -2509 2605 -1072 3848 3985 -2104 -1058 851 3993 -3908 -10165 371 -6585
-840 -391 -610 456 578 -274 -509 -8 374 -6 667 -242 410 -218 -100 97 479 -235 293 -608 -309 110 -367 178 78
2293 6823 3545 -1120 -515 5910 3478 535 -153 2898 2595 -9177 -7867 -4527 -326 -1510 -1415 -3497 -1123 3150 1689 244 1487 -951 -2461
3467 -3139 1842 -873 3828 -2239 -5285 -4518 2384 4046 -4962 -4554 -2102 4033 287 -4745 -3957 1085 4404 -1581 -187 -2103 2138 4533 1935
-1227 -790 -394 -730 -140 -614 -608 -818 -49 -1402 91 -734 -1674 275 -752 -474 -708 -1127 111 -986 -398 261 -605 -190 -570
-232 108 -222 715 182 328 -1003 -980 -886 611 -19 642 -542 -341 -765 -261 -232 34 -1011 -561 -358 -668 516 181 -161
2367 132 -1366 -4002 489 3821 -27 4689 -84 -1135 1429 1191 -505 -15 539 -3358 955 105 2254 4609 -593 1082 1390 1319 -5532
-3944 -3707 77 1401 3338 -7048 -3932 -3780 -616 901 591 4306 5162 4003 6848 -3913 3283 3270 1621 -1237 -1901 14 -414 2512 -1344
-365 -1194 -1341 -2199 -1277 -71 -1304 -1296 -472 -1763 663 -422 -574 923 -657 -282 -254 -806 553 291 -1324 -61 -859 -165 -135
730 -933 -495 2383 2789 -540 -306 2208 -3296 -1773 -634 2052 -492 -2416 1803 5054 3424 388 1159 2840 -1729 6884 2185 -1698 -5499
-888 -3974 1655 4606 176 2139 -639 5661 1446 -1880 -1123 1826 -3650 -4843 96 -6325 4033 1515 -3591 -393 3966 -74 3312 1309 10253
-2861 2745 515 719 -5806 -2300 -4876 -2476 -5299 -4908 -1200 -3951 -3499 -4408 4924 966 1990 5628 2821 6966 2591 1973 3131 -710 -723
393 -660 -726 -96 -8 358 -856 307 -221 -756 -704 -640 -610 -466 -916 -365 211 579 -298 515 -546 -265 -560 627 -854
1148 988 192 -677 -2749 4884 2905 -29 -505 -2423 -288 1306 459 518 3130 -646 -563 -1366 1599 2620 -1232 283 -18 -1597 1507
5194 2342 -3288 -4356 -2369 -1450 -2668 1617 -2370 166 2796 -753 -3204 2774 8615 623 84 -426 4781 6219 1019 -340 -465 1085 283
-508 1490 313 950 -310 -2250 -3522 -1357 351 -795 -480 -406 -1926 -3916 -1778 2799 -2441 -1630 -2598 -2319 4234 -4357 -5559 -3640 620
415 -422 -757 -445 -636 -775 -909 38 125 -759 -596 -828 -411 114 465 -87 524 -273 136 -486 292 -744 -334 -625 -74
1085 1926 4735 1590 -1697 1929 -3668 1564 1444 -2650 1807 -1516 -5994 -18414 -716 1502 -4597 -8387 -13576 -2145 -565 -226 -4390 -12080 -7558
175 376 -708 -899 514 -581 246 -1295 -541 -79 -480 -619 -641 192 -515 -87 -492 -604 -729 389 -286 -408 -467 217 262
4613 3674 -3217 -3914 -5778 2349 1928 -1120 -1366 -494 2595 764 2654 2813 8007 -271 2250 -1344 -2152 737 3208 3034 -6320 -469 1966
1062 519 -500 -974 -2666 -1814 6751 47 -524 2376 -2416 -2784 835 -1119 -1299 -2085 454 2937 -3942 -2654 -3224 485 2189 -1938 -3174
-2311 3130 -3750 3612 -2104 2621 2400 -1387 -2004 -850 528 -2292 -16 1785 3599 -2649 4385 3310 2832 5635 -3039 -2106 -5181 -7522 118
5640 3390 2860 -1413 -5155 1928 1744 -8639 2048 1289 -3681 65 -635 1929 7690 4406 -287 -1161 1016 1313 416 740 -4326 -8826 -1073
1892 1981 5311 394 797 -1495 509 1638 4844 4080 -5034 2005 4557 3892 -1176 -2586 -2027 507 133 1924 4569 1441 270 1318 -317
1268 87 -1423 1915 1811 -1107 92 140 506 4640 -2782 -1459 -1936 531 2039 948 -2531 -1917 3405 1941 6297 1224 1701 600 -3187
373 -937 -588 -669 -68 465 518 -675 200 -811 -910 -970 478 -210 -929 -1002 -862 -1058 265 70 -346 129 -89 -137 -590
-640 -984 308 159 -435 -1730 -1125 -904 -261 -1346 281 -49 -172 -714 -1052 -136 -1096 -682 35 406 -171 275 -488 -843 -382
-233 -48 712 -397 159 -657 -383 -421 583 -741 412 -294 -750 -366 -827 -619 -799 -128 -878 -1348 701 -555 -607 21 -87
1450 3809 5209 5672 6858 -3761 411 -5737 -1228 -1066 3356 -4734 -2040 2390 1113 4164 -3006 -4921 0 -1150 -201 -25 -1570 665 3659
51 805 487 -321 -1128 -1758 -47 -387 507 -915 -1163 -1188 -302 -625 -144 -15 -145 653 -806 -655 -262 -610 -1136 6 -530
-1000 -1255 344 -87 1881 431 -1044 -566 1423 256 -693 -1840 -4113 -2456 -4351 -826 3546 -726 -1071 -358 2329 799 3158 -1308 2727
2718 -857 177 3709 2675 5769 -943 -978 4388 -769 -906 -3293 436 1184 -267 -11568 -8653 1815 -679 553 -1531 1820 -2638 -3444 -2745
1684 379 1625 -162 -779 335 37 4629 2367 3475 -2263 -1596 -2678 -2824 -3065 4897 -2933 -3295 -4047 -207 -1448 5118 -2132 1000 3453
1508 2479 -3756 -703 812 -284 4688 1613 3005 347 -1987 3606 -1542 -1564 -5085 4225 2906 1345 2433 -811 1053 556 -3041 -10857 -11260
-3714 -3039 -2596 -2608 153 -9037 -7707 -5664 -94 -1178 -4849 -1988 2087 5794 2350 -94 6354 5039 4382 -2008 1826 -1494 473 -15 2070
-761 256 -684 -387 78 -858 -498 -344 383 -609 -192 244 483 18 -245 -815 -824 61 -677 -119 -642 -662 -191 -819 -36
-642 -209 -1681 -1179 -149 -720 -1615 -1139 -1149 -1064 -1172 72 867 -592 346 -1407 -1128 522 -578 265 -992 -590 -679 -4 -710
203 177 -834 68 337 -243 20 -665 -485 -200 -423 -1197 -132 591 -155 -228 -536 -1278 -349 -213 -1150 -948 -1855 -1667 -1366
-1639 -385 -1139 -1180 -348 -251 -239 335 10 -654 45 -901 -552 110 -662 -1375 -537 -749 -837 -323 -920 -1149 -822 -772 -1358
-683 271 -119 -122 -1514 -754 -61 -929 -737 -381 197 -642 -656 -245 -966 367 -558 168 -473 397 -610 -427 -835 -475 -145
-312 -341 -680 -779 -857 -260 220 -335 345 -484 462 -573 205 25 497 -525 -468 -799 -41 267 -249 -781 -64 -289 242
5217 -1100 -5041 -53 6255 -1861 -6296 408 -9092 3370 -3068 -5548 -21587 -5193 -4048 -225 734 -3107 -183 6177 1485 1229 231 2588 1163
6323 -2995 -4390 675 1173 2779 -2942 -6629 -4680 -2708 1278 4827 864 841 2669 3565 -4185 -5001 -152 -2403 -89 2397 -1588 -696 2471
-5068 1654 2454 -352 -3225 -385 -247 3421 -526 279 2175 -3792 -2765 -5840 -9004 -1678 -242 -3998 -6474 1251 -3644 4 -1855 -1492 -693
-1957 985 1732 3173 1574 -5054 -5595 -1378 -1653 -100 -6979 -2130 1243 4169 7955 18 605 1007 3549 4750 -1393 1352 -1420 3010 -4347
327 -692 -878 -490 -1151 -564 -174 -795 418 -986 -23 98 -904 384 -876 -570 -638 -165 175 -492 371 39 -725 -365 -235
2208 2589 -495 17 -4030 6364 1761 -158 -259 -1987 1792 657 2871 1988 -1411 -3092 -41 1216 5642 -3829 469 -1342 3448 3762 -719
424 -362 -657 35 23 -620 -649 138 -450 -693 -1046 -1152 247 3 -39 -205 213 -1034 299 -1316 159 -407 -638 -1120 -95
5331 3934 -2558 -2792 -2930 2877 2032 3297 -2249 1480 1009 -451 1303 713 -1147 834 1845 3096 -647 -1871 1116 -3414 3196 2309 2471
2252 -2977 2776 -753 148 1725 734 -2710 -217 -439 -3862 -547 -7221 -3754 -3498 4983 3351 -2586 157 -527 -2547 3798 3078 -1789 2710
-1131 -631 -695 -70 1 -528 30 -64 -467 -760 -491 13 -1206 224 -1063 -487 131 -1372 383 -970 -1248 297 -440 -827 -717
2131 353 -2243 -1119 472 -2591 -1975 696 56 -2994 80 960 -3646 978 -3803 -155 -577 107 4679 4889 717 -1058 1812 2739 3571
-131 -358 -425 -621 -164 -456 514 -208 -1142 726 -184 157 -570 -673 -816 -534 -978 -781 -1258 -356 -248 264 587 -144 405
183 -190 -494 -677 -43 13 -329 -933 -142 -558 -626 -952 348 -610 407 528 486 -119 -102 -820 -170 -683 -765 -631 -535
-297 193 -1226 -668 -101 -248 -399 161 -302 -529 -321 -174 266 322 -331 -900 -472 366 -513 541 145 -80 -677 -497 -714
654 -839 -873 -7 83 -811 -91 -854 -349 -762 -657 -240 -56 -595 -93 188 -255 -512 20 280 -628 -870 523 -455 67
-546 -1300 -480 205 -362 -465 -108 -873 -1206 -350 -182 54 -932 -1159 -1748 -1132 -349 -1002 -1149 20 -883 -492 -747 -183 95
690 1679 4306 598 613 -847 -2820 -1421 -1924 -1167 -1166 2216 483 2049 2679 5688 -2803 -1957 -2987 -10025 1477 -3785 -1813 -1608 -11577
-320 107 -691 287 -1244 -1218 458 -200 -849 -853 -493 -415 -826 -915 268 143 -874 159 84 -603 163 -432 -790 -597 -132
1672 -1459 2028 1007 -1118 3585 1486 -1217 -1643 2120 -1329 -2630 1632 -594 -2332 -3125 -2670 -2373 -955 -5601 -3079 -5270 -1662 -661 -2223
-506 -255 -486 529 -713 -831 -139 -323 -621 -893 -434 562 -975 50 760 -902 460 6 580 -985 -313 136 161 -377 -122
-507 -921 218 242 259 362 -234 -262 -272 -692 -654 368 887 1241 -538 -458 -543 -483 764 470 114 -966 -1336 -920 793
165 -4113 -620 -200 1981 -491 1729 1598 -2555 -3685 -11452 -1909 4578 3077 -3989 -7190 -2872 3608 4467 4509 -53 1343 2013 -1150 -4255
-862 -845 -383 -613 -42 -851 -914 -641 -74 36 -223 -912 318 -177 103 -666 -95 589 152 277 -196 -769 -904 207 -392
-528 -461 -784 -567 -398 -624 -610 512 -374 50 -141 -751 592 189 -829 527 239 195 -677 66 -693 -530 536 -747 133
-2555 -8297 -582 1180 7304 -1031 -3605 1965 1951 6312 -355 -2136 564 -819 -6005 706 -387 4882 -3762 -15344 -587 5244 6575 3855 8553
-1329 35 286 115 -438 398 407 -343 684 -39 -267 -969 575 727 -751 -273 -759 228 -188 -325 319 79 -433 170 76
-5313 -4 3755 -3151 1015 1587 6441 2398 749 -894 5903 5971 -1910 -1695 2251 3490 3690 -104 -2395 -9510 -939 -4630 1891 1869 5876
-752 -568 364 -322 -511 -545 -732 -954 -893 -469 335 475 537 192 -12 -377 -520 283 50 -1010 -138 -309 334 36 109
819 1502 -3220 -5771 444 815 -301 4617 -4276 1563 -3747 -526 8025 -2644 -2887 -2422 347 1318 -1427 -8306 -3323 674 -5174 -4885 -15275
2612 -2559 4422 3297 3569 -15 626 1011 -330 -610 -1854 -2017 1380 4723 563 -3971 -5231 488 2931 4164 -3027 -7086 1444 -6756 31
-141 230 346 -785 588 -763 -156 -579 -178 -499 -896 -388 427 283 296 -5 490 -942 -791 307 -446 630 156 359 70
1799 -3867 -2330 711 3219 462 1598 -650 -1631 -2941 -379 -2286 1742 -6254 -427 370 670 2064 -5689 -2238 3402 2705 6447 -3482 3847
-6737 -3473 -3669 -11670 -12764 -5710 -2335 4213 78 -1396 1171 636 1902 2114 6846 1702 -3964 2104 364 -2553 3682 11610 6322 3397 -6188
110 330 398 -949 -1037 363 -758 713 -890 -1178 265 -1165 594 -250 -1227 -195 -99 -24 -100 -290 -1152 -844 -146 -888 91
346 -454 587 4636 927 -374 1449 1544 5046 359 -1083 -1071 -192 -322 -5884 -1309 -3524 -1986 -1588 4215 2550 -279 5320 6253 7220
1091 6138 1443 908 710 1945 -5414 -1510 -1107 4852 -3137 -905 -5251 -1493 5918 -4659 -3918 -4538 1670 5908 -1561 671 -3422 -1640 -6247
99 -579 -358 15 -336 642 -554 273 22 -912 -711 -664 -423 -757 -361 -4 -569 -67 -349 291 421 -437 -1102 -886 457
-2225 2794 5651 2822 2112 3736 -1232 942 -2494 -2137 1045 -61 -495 -423 4876 4209 1115 832 516 7643 1609 4031 4198 4567 7197
1713 4148 2950 3639 6813 -5209 4174 3883 2801 1738 -3931 2725 3938 1944 5153 195 -2909 2836 -328 1063 -1452 -2492 3183 4651 -2742
-3840 1526 -2489 -11944 1601 1441 852 2632 4331 9160 2566 2332 4571 3075 594 507 3246 3783 -468 -8355 -5230 4936 6121 4067 -533
-1949 2680 5584 -2890 -2846 -1798 1819 1636 2549 -1016 -1819 1718 -1428 -1453 -2867 200 -8817 -894 -4329 517 5707 -8317 -4392 2699 7
535 -696 -781 -568 -618 62 -471 47 -241 -58 471 -858 -234 -148 -388 -539 593 -832 302 53 -625 -671 -205 -33 -858
2551 -603 -1217 4029 4171 -53 -1214 3264 4484 2110 -558 613 -807 614 -1278 3527 130 -4197 -1745 4649 1944 -298 1704 -3098 -3391
263 -321 -830 -385 420 -491 483 -529 -32 -904 -399 -568 -965 -625 -556 -552 352 -879 -219 -487 -605 555 475 -145 560
1181 7509 -4432 97 -3362 1340 3698 -90 -2901 -5590 4971 7062 2521 2994 1839 921 1286 3018 3158 300 2247 -757 3186 2924 6091
-593 -53 -742 582 -270 -683 -301 -95 504 -836 -366 -546 -759 -20 701 -11 -875 529 592 -883 713 -404 -487 -86 250
-208 1445 -433 -10164 -6339 1407 2749 2010 2948 -22 1126 -791 1134 5188 6084 410 -488 -3232 -62 4424 -460 -5775 -325 1821 3721
-4726 2279 -6453 -269 4841 810 2660 -113 2092 -1324 2044 5393 1551 -1061 -2618 -822 2360 861 118 1951 -2272 -1432 -2140 -1239 3091
-925 334 -156 169 -511 -468 -743 -399 -198 -837 448 -72 561 -514 24 264 -153 -135 -956 -608 134 -215 -703 232 420
-4128 -3311 1574 -3701 -2533 1368 -2571 -1240 2743 375 819 -3292 1319 4168 4137 -958 3635 -8587 -3306 4772 -458 3870 2883 -9443 -13328
286 274 -243 65 -835 -310 -968 -906 59 -796 488 613 172 264 -472 -669 -966 -765 -122 -128 -15 304 -69 435 465
249 -3324 1973 3274 -427 -2430 206 703 -2950 -1093 -97 694 3160 -733 -1895 4194 4272 3418 3562 4730 2061 4694 3228 1998 3895
260 -2759 4616 3952 -2494 778 283 2312 6745 -1819 319 1985 -657 -1012 207 -2362 3200 -359 -987 -860 -1526 3487 2064 -321 1465
-1562 8931 7445 -4218 1898 487 -200 -4950 -356 -1266 3153 2129 -1449 -3759 -2934 -4627 -2634 -3109 15 2813 -2608 -3977 -6715 -5405 -4068
-446 -536 -76 -800 -157 -858 -576 132 238 415 50 -286 -454 -695 286 454 367 -339 -514 -275 558 270 -297 -287 -258
-12003 -7334 -862 198 4139 -312 4834 4244 -1329 -4695 2151 5050 5444 -1487 4336 -1263 -376 291 -2750 557 -4800 -6541 -4786 -4893 -2821
-4559 -446 -9836 -5719 6308 1492 -4249 -556 5610 6728 -458 1615 4230 -223 678 2366 1430 1575 797 2192 3657 1251 -2562 -2820 298
704 5156 -979 1998 -3969 4019 662 -5092 -5408 7129 -1418 913 -3902 3775 4675 -3901 -3596 -3900 1498 -2627 -4244 277 235 -5275 -3616
-3067 -2153 -2578 -5000 159 208 -1888 3940 4253 -1495 -4515 -7093 -781 4296 5715 3647 -1457 -2552 1447 -615 3829 3533 -2077 6124 -2701
4124 6548 -4556 -4478 4059 -1841 -2944 -312 5717 7312 -3300 -1368 -5372 -1458 3992 -6185 -3144 -2008 -1672 9021 -2488 2426 -2222 4339 -2030
-267 -1990 -1256 -754 266 -1425 -1250 -1308 -1036 -209 -485 -2490 -1252 -115 -434 170 -1248 -1665 678 1876 130 -162 -1305 211 808
-192 -485 -565 -612 163 235 -526 243 -895 -276 612 -841 -272 -155 -730 -164 517 600 -27 -523 -40 -907 -47 -298 -1196
-255 -347 27 -84 96 254 -432 503 474 644 -707 433 -354 -914 -650 -394 -868 -119 -245 596 700 629 -146 -228 -319
404 -2300 -1307 -1586 218 29 1930 390 -3843 2129 -5597 -347 4484 -469 2599 282 2499 4011 634 -1209 992 69 156 3165 2159
5963 6454 -3060 3067 3774 3296 -4914 -1344 694 1999 -3150 -9083 -2257 -64 -2494 -2599 -4145 -707 1208 -3609 -2857 5413 8207 3727 1639
-3799 -612 2362 393 -4438 3261 3101 2221 2887 4940 1954 1593 -1994 -1518 9956 1064 -187 -420 3540 -593 -348 -2274 -3789 956 -1160
-438 311 -716 317 135 -43 522 -897 -203 -748 566 -883 510 420 -663 573 188 231 610 -321 182 -68 59 204 648
-2158 -1166 -1922 -1315 7309 -194 1175 3860 -8592 1665 -2597 7600 2523 -5237 -3060 -1498 -1895 612 -8027 -14282 -4429 1409 3507 -3864 -16227
-3526 -3410 2665 -3448 -3246 865 963 1392 557 -1692 -2895 2489 206 -2349 1633 -1149 1055 -1293 849 1255 -908 -5330 -5573 106 -3090
-6674 -1495 -892 -3112 1687 265 2156 -1728 463 2861 1694 1390 792 -467 1804 -1772 -1312 -1859 -9862 -2654 -952 3546 2671 -9711 -521
-3689 -5837 -2979 1043 -3707 -2305 1127 77 977 -1385 541 704 -1884 -3137 -1070 239 4719 -2479 -398 4280 1160 1108 -3094 155 1523
6775 4704 192 -13599 -17521 -32 218 2541 -4808 -6037 208 3423 8320 4011 -9758 546 -653 -1644 -1861 101 -130 1987 2743 4778 10306
1823 -4747 1600 1816 -1150 156 1573 221 -3342 279 2507 2144 3502 1637 2611 3529 2880 -935 -2349 772 1382 -1365 -526 -1954 -7612
-1014 -650 -162 -549 -1203 333 -853 -1160 -907 -468 -541 -488 -1226 -394 189 79 -434 88 -673 -1424 -204 393 -838 -674 -772
-3472 2481 3177 -1185 982 -1629 1939 1719 -789 -932 -5396 4756 -124 3819 -7238 -584 3638 694 10104 6702 -636 3995 4097 5750 4334
4997 -130 1762 2346 6383 31 -2098 -2620 -4529 1903 -536 3146 -2617 -886 -1127 708 -1886 -1446 760 -3627 -2659 -636 2378 4584 9608
-1125 -705 -140 -235 -1071 123 -722 -219 -168 -329 -124 -1037 -721 -708 -12 155 -110 274 -50 143 -376 19 -147 76 -717
-4690 -279 7718 -1363 2484 5827 -1553 -2943 -6815 4004 1310 -3114 1139 -3513 1916 1427 -1695 -210 4784 -357 -899 -243 1673 -1661 -4741
68 -4205 2043 1878 8679 -3202 -1467 1241 5757 4401 -3407 -855 523 3589 -1447 -1058 5604 65 443 -967 -2897 2182 3799 968 1568
509 5294 -4568 -1455 7135 436 1965 -5736 879 416 -2225 4996 -4401 -372 -4460 1331 -1395 1621 -3551 -1255 -4939 -7664 -3985 163 3282
-931 -112 486 -680 -850 -476 -741 -521 -176 123 -571 -878 332 -398 -403 -843 -929 -239 -622 99 -373 -460 132 178 114
946 8591 5230 4724 862 4690 5457 2959 5307 2146 -557 1429 -4917 -1725 1798 258 -467 4701 10 960 1663 -1085 -794 199 8335
2743 -1185 -1185 850 5425 -2000 -419 -4712 -4641 -1361 -2994 -2453 -3863 -807 -3068 1491 5515 7567 2652 -4661 213 7106 1533 797 -1487
-83 -273 25 -445 -542 -578 -446 -611 -1156 618 -726 -339 1365 350 568 88 -439 102 -283 -647 -892 -394 -744 -204 -685
69 540 436 -99 -832 551 258 -513 615 460 321 -794 -917 -230 -845 -521 -80 562 -726 445 545 349 -763 -116 -106
5573 -2205 3433 1467 10050 -330 -651 -9288 1427 1466 -4802 -5259 -2926 -2010 2198 -3063 -2 -5330 1813 1082 -6259 -11232 1445 1948 -4496
358 -470 -188 1236 -5865 1024 1587 -955 -1545 -3980 1613 -3074 3868 209 -6504 2353 -622 -1648 -3972 -1649 -540 1460 -1248 -1757 -4145
-573 -150 -2119 -710 1201 -49 -996 -1007 -1434 -417 -266 -570 -896 -685 -790 257 324 -947 -22 929 -311 -588 -1206 -150 -888
1271 -2670 -1564 -1335 6281 1316 4529 -154 -121 1716 931 4873 1522 902 1540 -2691 3509 4398 -441 -5259 -1220 4999 2233 6697 -2951
-7532 -5674 1557 3752 1495 -893 -8802 -1456 4406 2989 -5067 -10524 -3281 647 2539 781 -881 -6423 2814 1369 3044 1177 -3208 1875 -8586
-1546 -1704 2534 -2857 -3816 2536 895 2169 696 -538 -1475 -4856 -1262 848 -4535 2962 -788 1927 1661 -1449 1172 3004 6128 8305 907
-564 659 122 150 -629 5 -815 -560 -354 -533 -491 -679 -250 -300 639 173 -865 -1095 -503 78 -222 -282 124 -5 -508
6465 199 694 -2858 -10783 5376 2889 -523 -624 -7147 571 -2368 927 -2344 -11229 777 -832 -4321 -1594 1343 -1218 -1177 1133 -939 1404
1688 2083 2753 -4501 -3305 458 -5413 -7655 -779 8970 -219 -2956 -3133 3207 4837 -993 2291 5252 2163 1120 -6731 -4790 313 964 6168
-8331 -6193 -17401 -4303 1480 -1395 1882 1592 -756 -1100 5118 1079 2187 -704 -1105 5063 -3541 573 3000 2766 4813 180 4374 3052 1316
-968 276 -323 29 -646 180 -622 -502 -5 124 -177 -605 -749 -848 -611 214 -262 -83 -792 280 511 522 -927 -326 -797
856 -2386 889 -887 -699 -127 326 -2289 2574 -1804 -191 1484 -3825 139 104 2207 1528 -4758 -5440 4379 5952 6355 -3950 -5899 427
104 -738 492 -786 -315 679 -416 50 -535 -471 -861 -265 -573 -269 -961 -342 -663 -308 -568 -839 -389 -585 19 -482 -41
3098 2730 983 3187 -9952 766 -35 1974 -2379 -6037 -1150 2356 4900 1985 -9027 646 4052 1461 -3384 -5956 -595 4357 -4150 -2372 -1270
3218 -4837 1440 -2110 -117 3941 2454 -2178 -2877 -2659 423 37 -6001 3834 -4704 22 -2534 -10136 -8929 -2106 2683 1152 -838 2872 3671
-3995 992 3080 -4251 -781 -1280 159 -674 5319 1817 -3249 -2955 -6422 4627 6675 2356 1380 1873 3519 7949 484 -4277 -7 5160 4438
1799 6138 3007 4572 1651 -414 1809 -5115 -983 -1603 550 -3027 -2049 1024 7676 625 -472 595 3726 -4643 55 2004 -672 -366 -6255
1480 -614 -7291 -3095 1535 -1632 -2576 -629 102 7371 145 -4642 -679 -3553 6402 -1044 -3216 -7940 -2996 3207 -1139 -5016 -2061 -6279 -8579
-2111 2443 -445 2538 -3740 -824 -1028 -1486 -2400 -6420 3811 -3201 1417 -1669 -6633 195 917 -326 -3834 -2375 -2182 -4969 -1415 -2968 -3075
172 -614 -1088 -418 -127 62 0 -136 -53 211 -270 -910 34 -1009 -117 -435 -758 -236 -982 543 495 5 -77 555 -491
-473 -602 195 -580 -1010 -987 -1047 -153 -602 576 100 -495 -873 179 -1128 -275 -887 -680 -244 514 342 -775 -1284 -164 982
-696 -528 -1135 -428 251 -236 -250 -1127 348 232 -121 -151 604 254 -696 -1384 -156 136 -235 -674 -1542 -220 568 32 -833
4922 1237 -5481 2252 11491 1544 -1680 131 783 558 4 925 392 -626 -1442 208 338 2252 346 -6168 -1930 -762 -282 5656 -2503
489 -1424 -618 -1529 -115 -502 -495 53 -1710 324 -1450 -866 -502 327 385 -850 -1555 -951 -185 289 -165 -1786 1057 96 -305
-2611 -1740 -411 -2264 2806 -839 383 -2658 -4825 -4499 4244 1402 500 -7441 -5187 3636 -750 -3706 -4057 -2124 -1242 -2937 210 521 4894
3032 -1450 1810 -3082 2001 1227 -960 -2890 -5292 -6757 4538 999 166 -3713 -5132 2254 -1143 5967 -1456 -2146 2812 3196 890 -407 1581
-1338 -2786 -1217 -1868 -438 58 -489 -346 -353 -1544 -1188 -2559 -3592 -7632 -2258 2887 -763 1183 -10579 -1029 4291 4453 3650 -879 2146
1904 3736 -3874 3240 1462 4284 4560 637 2080 4538 3829 5253 984 -400 587 2195 4305 1015 -2451 5226 1942 -735 -5225 -4086 2351
-1399 -4277 -234 4029 -5439 -6646 -6327 -2294 224 -478 2575 -1979 -3944 -4214 4237 5908 1160 -695 3689 5164 3587 2244 5510 3580 2469
429 -726 -394 465 153 -480 26 19 -460 -376 481 -715 28 255 -304 -446 265 437 68 450 405 -92 651 -37 -883
-20 -99 -899 -502 -920 -476 -250 -1095 -792 -810 277 -364 140 -1451 -919 276 -559 -962 -122 -108 -146 854 -446 -486 -522
-1285 -37 -1664 527 -589 -1076 -703 -257 117 -1153 -168 -603 -305 -172 -421 -1302 -1411 -852 622 474 -389 -1463 -1266 -512 -1400
-703 -1074 -604 -1373 909 -175 -318 -969 -656 1394 -250 -312 62 -101 778 -110 -781 -862 562 -5 -926 -294 -956 -1007 -1196
-995 143 71 -1187 -1264 -17 -1038 -208 -828 -165 -903 -876 -862 -963 272 351 426 -265 -33 -708 -320 -38 -27 -401 -301
137 -257 672 11 586 473 3 46 115 -565 463 -30 2 -854 -562 45 -585 256 -575 -240 119 118 240 535 -857
7644 7041 5507 3564 4282 -2022 1087 4115 -3908 -313 1397 -2805 724 -3193 -3532 1802 4492 -4926 -1665 1403 2712 -182 -854 612 -4663
208 1869 2311 10120 469 2610 -2125 662 3585 5859 2710 -1900 5095 1267 -535 3563 -1244 2803 1661 -5963 3286 1328 -4029 1327 4201
3150 943 2458 -371 2754 2556 -593 -232 -4277 -3424 1336 1665 -3410 -4306 332 -2890 1701 -3071 2241 -234 -3064 -503 3590 6385 3355
-3791 975 5210 5986 -4277 1348 -1376 1556 1932 354 1774 -3266 3476 -3650 -45 1557 -1362 524 710 5958 2272 -4501 -3325 -2258 -7939
-294 -660 361 -302 533 515 539 -1209 -206 -452 105 -748 -840 -565 -679 392 -100 -660 -553 -715 -440 -581 -860 -158 472
-1813 -3370 -552 7670 -1811 2659 2327 2661 3134 5297 -190 4168 600 1207 5950 827 1970 -765 1365 -1925 3097 178 -1994 -4192 -9646
353 -1005 361 -894 -19 -704 69 -347 471 290 -249 -787 35 458 -681 -870 246 489 350 -1232 -13 -982 227 -217 108
203 2297 -10251 -1509 -2779 -876 4408 4619 1279 3939 3259 9656 6614 -1798 4696 -933 6863 771 5024 4068 -722 3884 1391 5161 3825
-2118 -4668 8393 -260 6457 967 -260 282 1233 1149 2116 4264 -4584 472 -668 4684 3956 -3129 1880 3134 6730 2865 -6721 2817 3527
-317 -1164 -65 -605 231 -832 -8 -446 -261 110 271 71 59 43 -648 -808 -986 -101 -562 -373 -788 -547 -1008 -977 -284
2869 1741 -1487 317 -6559 -2028 -2194 -1216 -2148 -4655 -4440 -1776 -1210 2866 -1789 606 -74 2866 5114 1458 573 -574 -521 4761 6363
-364 -280 87 88 -613 -737 -809 -193 -682 -893 -643 -328 -409 -12 -556 514 -981 -428 -91 -828 -283 -170 -460 626 150
-568 -779 -173 86 -322 284 -232 -246 -241 -697 259 -626 -742 56 -224 465 -760 28 20 -659 570 -119 -605 -20 -522
156 -151 -215 -812 -470 -323 -910 -1024 -1294 -163 -555 -738 -813 126 186 -91 -492 -701 -164 674 -510 499 -451 186 243
-613 -762 180 -108 -347 -303 78 -616 -361 -557 -312 -295 95 370 -119 -73 -368 330 246 274 -370 -285 657 519 339
-654 -698 -712 316 15 -513 -676 -218 -499 -1013 -1164 -381 -332 -390 -1174 -21 -442 -310 -1127 351 -50 -1693 -55 138 370
-1095 2632 33 -2690 635 467 -1606 1150 -3100 -2534 2706 4666 4314 2203 -7785 2571 6025 2681 1505 -16309 648 -459 -6548 -5390 -15559
201 576 -265 -475 -1216 -328 -461 -62 -923 307 230 -135 -987 -617 332 208 291 -729 200 525 -72 -487 249 407 140
1224 1675 3936 -3700 -71 2116 259 585 -484 -1163 -1689 2518 -229 3139 14 -2258 2368 2386 1410 -2095 -4676 58 4658 -322 -9657
-226 -214 -790 -670 101 457 528 -757 302 -493 -304 -825 42 -305 -87 -156 153 153 -838 -961 82 275 132 -393 -785
-645 -417 -1172 -1338 -1331 -1291 -183 -1120 -1046 -1408 -1394 345 -661 -535 -1392 126 240 476 863 -157 -925 143 -845 -515 -365
1449 375 2118 764 2012 806 502 2253 -1607 -1708 -143 1438 297 -394 1041 -817 2859 2872 4637 1705 400 3524 838 -645 -1884
-334 26 -825 -449 275 590 -280 -708 65 -172 67 -425 -227 548 383 -879 -712 -365 -433 304 452 -255 595 -466 634
271 -591 -443 -107 -599 -241 430 -893 -952 -173 -912 -506 257 -452 -265 225 -663 -251 132 -37 57 530 346 -451 199
-2398 -60 257 512 245 1007 -113 3202 3124 614 -1031 -423 421 -74 -11175 -405 -3503 381 -6324 -9505 561 -667 -978 438 2109
-1230 -1014 -1228 -1261 -1367 -971 -487 -1041 77 126 -283 -69 -981 -107 -1117 -784 690 -1232 681 -831 -360 -1176 -847 191 -1120
-3841 2193 -2013 191 -142 4245 2087 5208 3460 -3218 5536 8027 4174 -1261 -5227 5154 1392 359 6834 4568 -2428 -2090 -2370 -990 4298
-964 -786 314 46 20 364 -891 -300 -848 33 743 613 -534 -476 -170 -156 542 201 -929 32 451 -291 -871 -143 -881
1017 3121 -2681 913 3563 -769 2530 1716 -1852 2338 -5190 -5277 3238 3404 -491 3933 44 2129 3321 3843 1440 10262 4518 -3804 -2416
-2888 439 2613 -923 3844 -2514 2097 3114 2130 2412 -4483 -3169 -960 -260 5463 -1819 1591 653 1553 -930 -5349 -3373 -936 -91 -4008
-410 -697 190 -633 368 -826 154 -344 -558 -398 -794 -457 -785 719 -1068 -877 -813 -586 404 -964 -541 228 -625 -107 -641
135 -1779 -4045 -1194 3553 2597 453 1352 4663 -1741 -5462 -2776 -4559 -3352 2094 -1256 2926 2384 -1855 1257 8154 423 3930 5400 3639
-2694 2454 543 -2673 -3105 -6913 893 -4205 613 25 -128 -638 -1581 -1334 -1993 -560 -1602 -2377 2186 1698 -1296 2695 2772 1787 6288
204 -826 84 -544 -1019 544 -890 544 482 -157 -670 -259 -367 -610 6 -763 -304 139 -162 -707 -334 -1047 -1073 -687 -75
-5261 2679 6042 144 -7287 -340 70 5666 7102 2267 -3935 297 -2567 3211 1497 -5647 -4696 -6216 5683 3222 -3017 -4754 -3447 -1105 4151
5375 -3882 4234 2589 1020 3148 -3808 -4022 4202 3614 267 -4999 -4931 3891 3150 -6172 -2097 -3318 -194 594 -4997 -896 1302 813 1228
-562 -381 -348 -470 -1045 -305 163 353 -509 630 517 -5 -1006 -838 518 596 -661 -505 -1161 289 59 -817 39 -716 -422
4440 1216 692 4836 4998 524 -5564 -3304 -3647 2746 -5977 -3680 -7825 -1077 -202 -100 2357 -2435 1289 1976 3742 1210 516 994 1655
-2350 1058 865 202 -1840 582 -1670 2211 3433 5668 -536 -3755 -3412 2513 3088 -2500 -5933 -2340 4913 3123 1842 -801 6155 6780 1527
-4478 0 -1121 -428 -1784 -1766 -509 190 -797 -651 14 670 826 376 -14604 -5106 -2977 2241 3592 -769 -4043 -3074 -1289 -902 3865
3939 316 934 178 -2542 1395 2195 -5668 3730 681 4989 -1367 125 2804 199 2922 -2237 660 3169 -3344 5020 -4969 -9870 -3246 -4841
-400 362 -627 -64 94 -500 -130 615 -97 277 -381 -693 586 -266 -8 -418 491 231 -213 236 399 -998 -534 -865 -58
3712 -2543 1525 4075 1767 -845 -1941 3868 6089 5464 4528 2645 48 -5409 -1280 -3198 721 -6359 -7437 -1238 -261 -8795 -6495 -4379 -138
-746 -229 -422 -566 -578 -204 -368 -847 -874 673 -902 -374 -430 431 -45 -189 -82 -863 -1023 -826 -911 -720 -883 433 174
-1680 419 673 2331 -62 -3269 2698 2784 -1963 -5245 1439 4855 3626 2429 1769 5122 4098 -1534 -1199 745 -1700 -2762 -656 -2980 -1544
381 -936 -595 -288 -767 -863 517 -360 232 114 -836 564 -99 -882 190 -531 -598 465 -232 452 -699 249 -902 -264 407
4323 2519 -909 -2346 -5214 4583 4131 2573 -209 -1137 -4012 -158 338 -647 6015 -2913 -4064 -240 6597 8671 -3261 -2215 2288 4267 4049
-11037 -97 -1196 766 1988 -6094 -3482 2898 2349 -7006 -2842 918 2697 211 3161 -2499 1240 -995 1526 1306 -2470 -228 -544 -9348 -1155
-537 -466 -630 -88 183 290 -79 487 -213 247 -612 9 -648 -556 -564 -339 499 216 560 139 -858 525 246 -143 -891
2784 1216 -2593 2289 1224 -1570 3718 2121 3871 2150 -298 2016 2047 5629 5197 1419 -175 -3146 -3286 1993 -2973 203 -2747 -6977 -12670
-1103 -466 260 15 -842 466 -15 321 -418 376 31 431 318 -609 -718 -83 -1045 -342 137 -664 -20 -664 510 -206 32
-1118 -2483 690 -3039 -2948 5441 -2909 46 -6227 -1544 3704 3781 -1801 -1964 3916 3795 3704 723 -3241 1164 853 2323 5954 7 -5235
-4404 -4535 2299 2698 2751 -6925 -4009 4780 7024 634 -3401 -1386 -1799 -1824 -203 -3732 2162 -150 -2156 1676 -1107 -3657 -3470 321 2162
5578 -358 -1179 1282 801 -3005 -3422 -1308 -1680 -4347 1191 -1141 1960 893 3062 -2642 -4423 -1782 3773 3791 -1929 1605 1433 -1398 3459
88 393 -758 -869 -277 -948 553 -853 -922 -256 -96 -296 -530 566 112 28 -317 326 -764 -58 -751 224 57 572 -857
-1907 2879 -3593 -700 2222 -1821 4653 -4131 -3163 2955 1533 5398 5671 7915 2316 -3421 6049 2689 2241 -2314 -2936 -2778 -4425 -3096 -6049
-10881 -9578 -1957 -3860 5457 -4462 -6414 -3974 2984 5328 -8493 -3327 116 4868 -66 -3548 -545 1768 2222 -1515 -3082 -734 1503 -2356 3165
3467 1168 2148 2492 -1623 3841 316 -403 2944 1964 4153 -845 -3975 2388 -1217 -1342 -3844 -4264 -1683 -682 -4968 -2273 3193 -6868 -1397
-1124 1555 -108 1638 2406 -9729 -556 8586 6642 -1022 -936 -5553 -446 2650 -259 1976 1363 -2188 -3369 -7121 5131 3561 2766 2615 -8891
-4205 -4921 -385 694 -2624 -7095 -1103 -3978 -3573 -2776 -1757 -954 1367 792 -5080 -1136 -622 6111 3770 861 5541 -4593 1209 -838 -1858
-609 56 -737 -1464 -68 -2125 -1555 -745 -912 -968 -1271 -1012 -1319 -587 860 -306 240 214 -860 -334 432 -799 38 -311 -744
-360 592 -103 -181 -213 -957 -899 410 30 -156 26 -840 -314 426 -1244 478 -427 64 -397 -1279 -715 -444 -455 99 -669
-511 -687 118 -208 300 632 -480 -183 -167 -584 264 588 -802 619 661 -458 -431 71 383 143 -663 -213 588 701 -163
2679 2285 222 -1955 -484 940 1245 2834 -614 -6086 85 -1260 7470 -1993 -1406 -1465 698 3035 3906 5292 -8263 -4398 681 -1523 1575
-164 -5709 -4000 2119 3946 2891 -734 -3655 -4000 1748 -1020 3039 -487 -5365 -6254 899 1245 4835 -256 21 -548 2732 5783 4115 2389
2521 3903 2300 3147 -2498 1777 2770 1740 2083 3063 53 -1965 5470 5722 194 -4750 -3209 -317 2108 3331 -7722 -5334 3888 -1539 -994
-177 -211 -343 -491 336 -744 284 40 -263 -36 -132 -276 -93 -992 -816 528 -285 41 31 284 203 -302 -85 180 52
-1528 6085 2729 -3623 -1048 -5976 897 -543 261 1515 -10089 -638 3863 3533 -1838 276 661 4076 -1055 -150 -2658 -6879 2073 -5115 -713
767 374 432 3381 -1544 3006 2820 6235 5264 2240 -2910 -1587 1774 174 -2545 -4367 -4124 -635 -951 291 -152 996 -2381 3780 -2873
-1880 1992 -917 -1331 -2577 -2577 1929 -2457 4095 5317 2404 2072 5628 482 -5065 -2300 -1895 -113 -1208 -5597 -1183 3938 -3321 -6338 -3011
-5275 -345 3869 967 1181 -5171 2843 1350 1152 -4990 4195 4864 -1630 -2305 47 4518 3043 -1689 -2747 705 3073 -1211 -4179 -2110 1785
3649 -158 112 -12402 -8394 1398 1321 -984 -2512 -3945 944 -631 1192 -197 3346 3174 2469 1499 329 -394 -2075 205 -616 -507 1716
2052 4559 4745 -2338 206 645 5563 4582 -382 -2859 1404 4591 1565 1642 1911 4925 1467 -4591 -190 2373 2212 -1988 1652 -2952 -4457
365 -184 -1294 -632 986 -141 -904 -1229 -764 868 -116 63 -738 -1314 -332 -1141 -128 -388 -361 -1066 -523 -647 18 -677 328
-6055 2244 4450 725 2147 -6105 -575 -966 1904 2522 -7321 -2196 545 -2461 -1604 -10253 -1155 -1326 1572 4694 -9550 -3242 1480 1709 -84
-6051 1697 -2031 1703 4449 -2012 -1677 456 1345 2720 -2141 -2750 -2062 4091 4015 -1053 -632 843 6686 4674 -2348 2016 2739 3847 6234
-199 86 -579 -1285 -615 -182 -1231 -536 -975 23 -905 -894 -345 -1006 -168 -1066 151 272 -388 -756 72 -926 72 165 134
-4269 -11062 -5677 -315 1115 -673 -1671 3964 -203 2763 627 1606 8462 2359 -4388 -968 4340 1668 3644 -2556 6224 -5364 -3757 3441 -1355
594 1784 -889 6926 5934 -3616 -1953 784 6324 2055 -8110 -2183 -2640 2554 -2527 -419 -1641 -1442 -3500 -5404 1282 3225 -602 -1304 834
-475 -3281 -3473 -6983 2526 -4252 888 -4296 -5633 2523 -2359 -2395 -583 -2503 389 -521 1764 1736 535 -4811 -1035 -10489 -16493 -865 -3717
-390 197 -203 -282 -387 -621 498 -932 677 81 217 393 518 -128 -536 -62 -33 565 367 -122 -392 -808 332 180 292
515 798 3583 -2529 -1006 538 1106 2039 -4052 1681 -1292 2056 2178 -5642 190 -6675 -4580 -454 1491 -1186 -5040 -2652 -2988 2059 551
-2826 -299 1411 1326 1065 3585 -1206 -5503 2429 4604 2809 -4003 3345 59 -1849 1748 1791 261 1776 -2642 -2674 5568 -1074 4668 -159
-496 -842 -166 84 -471 -564 145 278 540 -436 -471 -855 -546 464 588 -1240 235 -93 142 -381 -1521 -354 229 -554 -115
-246 -410 -366 524 744 -301 -47 -327 147 -346 523 -419 -174 -704 -656 -177 570 -578 -250 481 -700 -682 173 -478 -39
-385 2700 -2199 -2992 3750 -336 769 -3353 -4622 1712 -2317 -4046 1289 -2760 6547 -249 -3979 -3943 -7220 5061 -2540 -2721 -733 2146 -10060
4756 -170 -4106 -1895 2280 1067 -222 939 -3656 271 257 -348 581 3425 3348 -924 -1047 -6370 -1602 1736 -223 2049 -6252 -5800 -3344
-433 -30 -1668 -1408 -639 -648 -367 -785 -1654 -1053 1061 -100 -575 -1199 -627 -137 -490 -455 -627 694 -1404 202 712 -448 -1688
-2455 -3006 -1873 4715 -1018 318 2896 236 2336 -1249 6491 5809 1833 901 -1003 -2655 -347 2198 1867 3737 -4513 8502 8105 844 -3488
-1451 -9449 -1238 4069 -985 -4096 -13230 -4275 133 3123 -2163 -682 -4153 9 1364 -1505 -1538 -3502 1372 -856 -1729 2360 -1118 962 -954
2504 -1012 2850 5372 -2171 -574 -4890 -4686 2517 -2297 -867 -1467 -4180 1828 -2132 4476 -549 -5896 4537 1235 3000 -1892 -691 2074 4809
-654 -825 557 -178 112 39 503 286 -173 216 280 -794 -610 -166 -898 -215 155 -825 -116 -70 -147 -991 -542 -396 -211
4639 4917 2620 -895 -5763 5610 3983 -2398 -8595 -14610 -217 -1130 -234 -2274 -1460 -672 -3568 -5616 2630 -1787 1398 -2181 1006 -3253 1891
1459 1560 342 -2325 -369 1609 -4248 -3469 -3387 -1458 1649 -951 1268 140 536 -416 925 270 -480 -3080 -3046 227 -228 3793 -31
-6917 -5563 -1352 1987 2702 -7005 1691 -4555 2361 1988 2508 -438 687 -628 -1589 3485 196 2595 1962 907 2993 -4099 -12205 -6780 2873
-895 -290 619 -528 -534 450 -465 -997 -29 -1055 635 -166 120 -586 274 -153 -6 -118 -290 192 -736 297 492 -925 -456
-2143 192 1879 -561 408 1131 -3596 -595 474 2256 -749 -2521 854 -9034 -1587 -3821 1803 -2403 -9705 -4664 3447 3953 -958 -4990 1608
-676 440 -132 -630 336 177 615 -580 -260 -651 802 -371 -394 -652 -753 -1164 -1203 142 -1104 221 -895 -129 -212 416 -893
-326 1706 -744 -5473 -3529 -720 406 1095 -999 -7986 -4 -1258 1340 343 -5096 1282 1370 1365 1431 -6141 1226 -1610 2042 -2799 -415
5612 3182 -1557 -2248 -6631 5751 -969 -787 -5933 -2726 1756 -65 -4878 -4655 -6635 -5091 0 -6149 -4944 -7072 -3928 3548 -2112 1758 4851
-1907 -583 -281 -299 3245 411 2656 -3125 -1163 -3126 -4336 -374 -890 218 5867 1564 2815 4283 776 6568 5396 -1815 -6664 -3483 2067
-1262 7103 2495 796 -7008 -5389 -461 -3024 -2510 865 -741 -1428 -2064 -57 2049 -2326 3328 -9811 7684 -1585 3132 1617 287 -3251 -2403
4324 -2172 589 -3267 750 696 -1713 1329 673 3239 -3143 -2603 2463 5926 -1593 2424 -136 773 2681 1905 -1145 3741 801 -2438 4385
2004 -804 2781 -2017 -1393 -5611 -2550 -2475 -5240 -2083 -4178 -1445 -523 1561 -1961 634 -1028 4198 355 -1830 2990 2343 923 2094 1348
398 409 511 -818 370 -260 -739 -809 -45 89 437 518 118 -982 -725 268 -623 -867 -574 495 -22 327 -634 535 -835
-754 -1149 -914 -347 -713 49 -301 -96 -71 -1266 -771 -634 -1238 -683 -176 -66 -88 -373 -735 -448 -732 -998 -464 17 -767
-1305 -22 -608 -169 -823 181 -753 -24 -997 606 -1151 -1069 84 -1358 -294 -783 -1840 -967 -1010 -1376 -828 -1153 310 -585 -1012
-3060 -4054 -57 2486 2308 6 1533 -1487 -1362 -5485 -439 3430 -274 3345 852 -5370 -1717 1701 -518 -81 -8115 -3262 -1880 -3177 795
-96 1055 809 -354 -439 -930 216 -199 277 -1080 -341 234 -327 690 -261 -1125 -282 777 286 33 472 -1013 266 1113 -468
-929 1453 4612 2739 1920 3206 -1620 2935 5802 2820 6335 460 -30 4799 4470 2122 1463 3020 5497 3030 691 -3844 -5446 -3188 1105
3733 -433 635 250 3136 1760 -4768 -2098 104 -434 4705 -2286 2265 4768 7398 -398 -1340 1755 1271 876 -4162 2435 2053 11 3874
638 -991 394 -2467 2511 1906 1761 1961 1078 2421 2537 2798 -620 -1399 -23 2473 3250 1721 1439 2137 -1785 11094 4386 6516 2726
2178 5540 1446 1859 1373 691 3572 2745 3822 1188 2249 4394 1204 2695 692 1 1802 -649 -2158 5214 -934 -500 -4995 -14356 -4515
-4769 -5864 -986 490 339 -10705 -11726 -6531 -3121 -1339 -1978 384 3825 2925 2123 1102 2328 3461 4138 3766 3176 143 3876 5336 4769
-449 -486 -268 -554 669 388 -555 -396 -361 -661 12 -363 397 -453 -815 -674 -127 40 -252 -303 -421 -363 577 460 456
-757 -526 -894 -1186 -1044 -28 421 469 -505 -724 -561 25 -423 -897 -673 -57 -98 95 -620 -1784 -441 5 -1338 -990 -1570
-379 3 -681 -334 -1161 -1116 -1774 113 483 -136 -262 -801 -1022 -614 86 -1155 -1717 -975 -654 301 -1053 -615 -1165 -354 87
4 -234 18 -457 -439 -679 269 90 -136 -613 -789 -114 876 337 -890 -686 40 109 -401 -1241 -690 -1483 -814 -850 -189
69 -493 -351 -174 -931 693 -544 -218 -434 -348 -230 -388 -291 -313 385 -604 -874 -159 -209 -946 -94 -1150 -388 -36 -38
266 419 210 -797 361 -694 -153 -604 -418 178 688 103 -83 316 502 649 -445 -6 400 445 -821 8 -305 -1051 520
9946 -85 -3717 -3446 3154 1466 -3989 -17155 -14619 -5660 -2879 3398 -14533 3040 -3122 1048 -1301 -3256 5285 1078 4361 -972 -3653 2085 1044
3694 3784 -4807 3266 4760 1269 8107 -9871 4202 3579 -60 2576 -7232 -2524 -2956 1034 3183 -6309 2395 308 -820 4540 -3679 -2278 980
-2421 3767 3996 7382 5368 -205 229 2644 -1011 932 77 1581 -4233 -6718 2981 -2404 -5504 -3636 -5964 1188 -2333 -4401 -4288 2209 2457
-5397 -5530 -124 1481 -1698 -3860 -7375 -1583 -692 -1968 -1000 -2091 -3420 1131 -2706 -3970 1677 2845 2153 748 6039 6049 -1916 -5655 568
-297 -1133 -464 -357 -391 -471 -970 -611 33 -1058 -5 -766 22 -100 100 -732 418 -1160 -221 -646 -71 -531 -595 -170 -386
4690 -1373 258 -800 -1939 5015 7268 2617 3880 347 2820 1396 4484 2318 192 -926 2673 3344 56 1932 421 -2156 3060 -2148 -1523
-402 -1135 -1036 -10 -16 -65 -394 46 -327 -559 325 6 -374 -774 -191 -15 223 -499 56 -899 -6 -1032 -1129 -449 -242
1415 72 -3780 -7627 1364 2416 785 3591 1398 2625 3009 4892 6378 2006 -597 1994 830 2759 423 2093 -1548 6773 5234 2235 820
3363 1715 -473 3292 1401 5941 4165 -2796 -2465 2078 2343 5729 -7379 -9133 -602 3534 4514 -5063 -3252 -5579 4236 4699 6455 -680 -2080
-162 21 -280 -670 27 -624 -539 -1024 -671 16 -813 -500 -293 -3 178 -280 156 -1137 200 -256 -1112 -146 -204 -265 44
3808 637 4427 -1046 -241 5402 2220 -373 -263 -5022 2070 -775 -2507 7736 1119 1559 1979 1629 914 3840 1738 2585 1218 3772 2501
-128 -33 65 181 -121 26 -664 -972 -940 108 -699 -516 -564 142 -216 -107 -368 229 -576 -534 -257 706 -70 -969 -824
57 -454 253 -776 686 29 282 -341 -520 92 8 -517 -530 -169 -473 549 329 309 -23 361 -316 561 -96 -931 396
-528 102 -369 -606 -445 -658 -351 -448 -857 -202 576 -547 -11 680 108 222 -993 -438 483 -527 -1021 173 -625 -274 658
529 -743 -136 357 510 495 -554 -47 -261 389 21 648 -593 -856 -338 -770 25 -706 -308 -81 53 -867 -302 -635 401
-1327 -1018 44 -45 -118 -814 -136 -1116 -685 -914 -234 -34 -1342 -233 -411 -527 -889 110 47 -711 -138 -79 -235 -1283 79
1488 -980 657 -260 -5014 1884 1045 -1464 1984 -1379 6596 4772 139 3556 -2655 931 3285 316 -3623 -11425 3520 -1453 -1194 980 -16515
284 -546 -294 3 -218 227 -614 491 495 -531 -708 -205 -1052 -643 -424 468 -881 261 584 589 536 -67 263 -543 -214
2326 84 228 1816 -696 -915 806 1865 -3266 1536 -2335 -2692 368 1689 659 -4064 -2240 1679 1502 -4023 -5381 -4766 2851 2556 -1601
-218 77 609 562 -841 -196 -1043 -522 -628 -186 332 394 46 733 -356 411 283 -719 581 -129 -115 -255 385 59 -27
-1423 -654 -667 -480 -455 -1367 331 450 -987 -1275 -25 -100 100 497 76 262 379 -257 30 413 -1148 -267 119 99 570
2524 -3655 312 2217 1504 -381 -2105 -1343 1764 -3879 -5492 -1029 2198 2106 -1616 -3834 510 4621 5108 1448 873 5380 6347 897 -4233
-695 365 -322 -82 -798 377 508 -308 -804 -1034 -552 575 97 -635 -156 -652 -596 -166 13 127 346 -398 -413 -902 495
-176 114 417 74 -101 603 379 -286 619 -951 27 -346 400 -841 -729 -947 436 331 249 -191 -406 -657 -372 -589 -795
-61 1888 -543 -442 -4938 1271 5748 5723 1617 -8631 -470 1088 6529 777 494 -3657 2353 3237 5037 4765 3396 1645 -863 2930 3351
401 186 -394 -303 -495 167 -708 -1180 -177 310 -961 -69 -1202 -258 -940 -1289 -762 -739 -719 -39 -910 -934 184 165 308
-5485 1757 785 476 4070 1322 1235 -5175 355 3418 -4221 -2629 -4444 -3412 -11698 2280 -1250 -2040 -1045 162 3802 187 -3012 1671 4605
-485 -1182 321 -847 -842 -943 -925 -933 -546 -608 -142 -796 -824 240 -715 185 -433 -597 -840 -493 -342 -1150 113 -538 271
2436 -1361 645 -799 1501 -3757 -4643 -410 3855 -2865 12545 -81 -4742 -4866 205 8137 867 -4143 -5926 -5692 3108 -3894 -2104 -4891 -10966
-1105 -2670 -4404 -1971 810 -2189 -3356 -1721 2876 2457 4439 2411 -3165 -159 -930 5671 1034 -6595 -442 4109 5948 1608 -556 2358 1860
-453 -67 357 -508 82 -1154 112 70 581 -742 -863 378 -1064 -393 -903 -666 -857 481 39 -785 275 -817 141 749 -614
-4083 1303 -305 184 -3004 850 1920 -1422 480 -915 -6948 -8245 2 2941 2594 -11990 -4382 -3404 2448 599 1763 6166 3353 9931 11889
-2498 -2770 -1899 79 -1918 4248 3675 2274 209 5918 -646 2819 -1012 -1875 396 -2283 3878 1834 -1209 -1517 5730 2270 -4880 -5720 630
-445 -38 -274 660 251 222 -208 -791 -788 -266 -894 -790 -965 474 389 -758 -1008 -160 471 -331 -100 505 -260 454 -589
-2692 213 1397 2219 -3024 -5664 -2817 -1169 767 2556 -2379 -1036 -1474 -2740 2151 1518 2693 452 -3669 1200 -5759 -3123 -1075 -4664 -4460
472 -319 -345 1131 176 -564 -448 1426 1307 5034 769 1516 1560 1045 -942 437 1885 3341 -933 -2686 -3678 -5437 -1224 -968 -7970
-383 -194 338 -394 -881 665 -114 173 -543 249 727 -185 -152 103 -724 417 -762 -635 52 -1081 -1284 -893 -1051 -777 -621
2631 520 -1381 -6067 -6391 -2921 4830 3946 110 1981 397 -1722 -2623 -3569 1375 -7585 1042 3309 4617 2245 448 2078 1528 3670 893
-2687 -4210 -1744 -642 703 897 3359 2799 -4432 -2692 7309 3190 4465 4514 1777 -4660 -24 3589 528 -3525 -1887 4269 8977 -1903 -6673
-1794 1791 1924 2740 4108 -522 -3678 653 4122 1352 -1740 -1755 -669 3461 -720 1845 5595 3298 -693 2304 4035 -1023 -838 1380 -1139
-684 626 592 631 255 1021 -603 -814 -3020 -4474 1183 1556 -3504 -2762 -322 -3126 2116 -2609 -3913 1161 4483 6431 4055 -851 -1744
-985 560 84 -863 431 -774 429 -573 -882 -945 -281 -26 -24 90 228 -86 141 356 -797 -758 -542 -304 -517 -112 -758
638 682 -550 -67 -338 -186 2700 4699 -573 -940 891 6788 7529 1400 1012 -4307 -2078 -1322 -4824 -5351 -3635 -6129 -10445 -6781 -769
235 -1098 209 -373 -39 -596 -814 -177 -278 55 -784 482 443 -1091 -943 -936 -975 -1106 -734 188 -985 -636 483 -81 96
-3188 1201 -592 -2044 -4907 -2923 1298 372 3098 1628 -6099 -1251 1670 1323 2460 3269 152 542 570 401 1606 892 676 -1925 -2538
204 -1145 -234 -188 -324 260 -590 -1017 -764 -704 249 275 -948 -475 -1002 -90 -735 271 -1075 -650 -609 -566 107 -1070 -345
1008 -247 -1119 419 4502 1719 3081 594 -1739 2565 -5281 -3918 -8338 -6293 -10044 3213 -2125 -245 -5735 -4990 -1694 2801 2022 -1826 -232
-8972 -2997 1820 1568 2225 -748 1083 -773 1482 -990 5849 -3011 -3380 2019 10 2681 -2799 -862 1187 5485 -926 3537 721 -1433 -6211
-582 -219 -37 -778 263 -306 -942 -128 41 -303 273 -434 -316 156 -517 -1047 -1100 -1040 -327 -443 -1286 264 -280 -80 -498
2976 2879 1431 -483 488 483 -530 -656 -318 946 2150 -2902 -5084 -2986 2303 -1412 3867 3482 -2984 -2005 -2637 -308 2893 3061 1249
-165 -90 146 -982 -185 526 160 -850 573 711 7 -240 -913 -483 -333 558 -229 152 -454 -624 -826 -501 -1014 -675 -536
2967 -2428 -1018 -1923 1505 5729 -463 509 -2305 3159 -2369 -3668 3669 5591 5094 -1693 -2774 -2210 379 600 2331 -6053 -3414 -1426 981
-5298 362 1811 3043 -693 -407 2670 -1323 -1030 1856 181 -7734 -3 3089 -153 -2129 -3215 85 1714 722 -2511 -4671 -4694 415 -1277
1213 1109 -1084 -1200 454 -1655 1141 620 -2557 -2551 -3344 -3269 -2623 -472 -1036 6123 -723 -348 1305 3619 8839 4681 8190 8371 4552
431 89 502 -39 -897 -915 164 -111 -657 -474 -19 -658 -959 -249 -388 -816 3 -344 -457 383 -189 -632 -55 -897 -840
2197 682 -1156 -4200 -6156 1286 1003 2957 924 3809 -40 -2004 570 1118 1438 2593 -3600 1219 4509 5973 -1951 -1795 -981 401 5055
-4390 -8893 -4347 3340 4036 -2480 1154 6483 2752 -2502 1029 3003 564 1376 1572 653 -2377 -456 188 353 -6783 -1652 2279 3654 1742
-2179 -954 -746 -1187 559 -284 -1217 2428 774 -2952 3270 3385 3598 5574 -2031 7398 921 1952 -2595 -2139 -4320 -2595 1007 1937 2246
-1226 897 978 520 -4031 -2436 -1989 -917 1558 -2962 1089 -2896 -5949 -6663 -5309 -3936 649 1726 -7741 291 -843 -1314 2415 92 -2218
3189 -1943 -1227 4 1240 4812 129 1236 -997 -4402 2750 -101 -2748 -271 -5766 7180 507 -1997 -256 -3584 8583 2055 -4168 -4256 -9235
-409 -512 -637 -1367 -2066 15 -1901 213 1424 306 316 -1136 -108 -1009 79 1036 -172 -805 -1433 124 -837 -310 -715 -374 -530
99 -2 378 -141 83 -90 -683 -1004 -37 -121 -601 -1087 -977 -1076 -645 -159 61 246 -95 -114 -1037 105 -751 -1559 -172
-1381 25 -692 275 -724 -724 -86 -5 -891 -873 -25 -485 -410 -410 -270 -397 -635 -948 -477 362 169 59 -470 -1124 79
-543 1616 714 1641 -1581 -1039 27 1432 175 -579 1425 1135 -4787 -5778 -5740 4260 -747 -5660 1799 -1460 -3165 -10261 -4404 -700 -4588
-1738 -8603 -7502 -3310 -4493 1196 -3006 -1376 -4847 1787 1147 1900 950 761 897 2203 2786 2726 5041 1158 5189 1252 -224 419 1926
-158 5094 3222 -616 2538 3099 4676 -870 -5126 -305 435 -175 329 549 -1901 -401 -663 -2077 1291 -305 -3403 -7854 -397 -976 -298
-498 155 -157 497 -121 195 -449 -87 -194 -542 -871 -415 -518 -66 -498 9 415 -734 743 -576 -1013 -77 464 -381 769
-3314 -4941 -2254 -3046 -3901 -5661 80 4918 -1939 -6014 3491 946 -416 -2935 -7729 7011 -374 4537 3603 -5151 -2760 -3261 1266 -2166 -2762
187 581 -1210 997 3626 -4988 545 2229 2782 625 644 -1247 -757 3065 -1036 -2517 -2730 -3008 100 1286 -2266 -2964 -8839 -9266 -12556
-1990 -804 -902 1131 4153 829 -1891 309 3726 2987 -4181 -1892 4516 1396 -4450 2180 1889 1964 776 -1647 1690 956 2100 3652 -388
-398 3170 3481 788 -951 7249 5912 2592 817 1139 -3095 410 2234 -543 2862 1738 -6259 -3797 -4148 -1781 -407 173 401 -2091 221
-303 -2404 367 793 3491 -1047 -2713 1205 1689 7420 -3492 -6923 -4617 -4426 3091 2315 -3361 -2845 1488 -2265 1560 2065 492 -23 -3330
2063 334 -359 -3135 1496 255 2362 2379 1200 -1129 -909 857 2496 -4415 -4330 -78 701 2705 -3833 -4464 5448 1593 -166 -6558 -6642
42 -1108 -526 -1078 -58 -883 357 -955 -1022 -628 245 467 -534 -574 -1262 -726 -1354 -328 386 -1217 -1055 -171 85 100 -316
-3243 -527 -3029 -2848 -2232 1085 2604 -517 -3023 -1847 7604 5984 1578 568 1497 3471 -3532 1784 780 2719 -4034 -5554 -2093 1674 1911
-2088 84 922 600 2603 -2574 250 2504 660 -2439 -3509 113 2802 6150 4323 91 -3721 -2621 -1925 -951 -924 -2039 -1084 -2185 -5166
-553 424 81 -1024 -583 -715 -722 424 -858 -322 -291 77 -291 -892 -281 177 -173 -688 -47 44 -59 80 -169 -148 -106
-1356 -1597 1536 -66 147 -6130 -3399 2234 -552 -1478 1282 334 4741 2536 -2948 4356 1073 524 -5142 -8468 6028 4261 -4486 -2358 -4163
-3790 3551 2171 1007 580 -2177 512 -2315 -634 -2057 6196 1652 -2658 -5624 -39 387 -3978 -6596 -3992 114 2508 3435 4810 6487 11157
1682 1614 3576 4037 2975 -3758 -430 -604 -731 -7125 2312 4403 2235 3226 -1813 1137 -1096 2681 3536 -3611 606 -1414 -5166 -10919 -15299
-529 -843 -471 492 -872 177 275 416 -463 527 -928 -880 -703 -551 -917 -604 61 631 43 662 3 -51 297 322 -849
5336 6223 3026 4040 4839 2593 -2710 -2266 -1560 -981 -4267 -8983 -1463 -421 -2571 1709 378 -2405 -223 813 -2133 -1512 -1395 -720 3762
1612 341 2952 4145 2943 2700 -3320 1948 2592 5763 -2017 -2578 1361 3152 2046 -11837 -4204 -234 -252 3267 -7187 -9984 -3489 -2629 -2525
-1364 -77 -581 -806 -676 -576 -1421 -1072 142 -684 25 -574 -611 -1013 -343 -457 -18 -160 6 -1424 -607 -1364 -674 -1385 -395
-608 287 284 -1054 -580 58 53 -185 -254 -912 293 178 -289 334 -894 -396 -408 401 185 6 -444 -57 26 409 615
335 -395 -1516 -1526 2712 -347 2383 2740 3336 -658 7612 5813 -159 3064 -42 482 -2396 299 -2302 -1058 3130 541 4744 5089 3046
-3365 -2087 23 2441 4270 -3287 1685 1774 3844 -38 371 5177 6211 2689 -1311 918 1335 2620 -4004 -300 -1567 5027 4395 2449 4287
-841 -1459 -1781 -1711 -1537 432 570 -539 -456 -312 964 -145 355 -254 -322 -274 -154 -154 -1882 27 84 195 319 848 -901
784 235 1192 1226 1902 -5351 86 -1761 738 2824 -6550 -3320 -1604 720 311 3946 166 852 -1873 -1021 3809 1484 2936 1672 -8557
-1463 -247 -2005 -2474 -2753 -1768 -5590 -4324 5303 -141 10655 9281 4786 -4962 -4492 5935 2382 172 -2506 -122 -1192 -473 4942 3127 7566
1512 1897 651 -1343 -3526 -4548 -2942 -517 -1343 1407 559 1416 702 2833 6423 2287 5110 4361 1620 1773 -1896 -3094 -2945 -4287 -7406
490 39 329 -19 -742 -839 514 -881 609 -883 290 -80 -1142 623 -240 -750 -805 -546 -705 -522 64 -281 -666 -986 434
488 -720 955 1774 2142 -5098 -107 -2332 -1697 -1332 668 839 518 3661 5107 -29 589 1694 2998 4265 -1040 2432 5370 4635 1941
-115 2059 2015 -1265 -141 -3089 1173 4605 3420 2601 -2503 -1045 2024 2177 -606 1491 -998 2281 219 1064 -3347 -1072 -45 2075 -7000
-3151 -220 234 1996 -323 2404 -69 -661 1183 -2296 -1689 -2344 -4318 -762 2008 1100 6844 5407 3414 397 303 3723 -353 -2388 209
-788 53 -214 64 -857 -600 459 125 -152 169 -332 -572 -771 -472 -336 -113 -323 57 579 -600 -638 -920 517 377 -1032
-2563 1141 -1558 291 494 -2011 1103 19 -4479 -6230 -318 -74 -1373 -437 2888 -5745 7594 1933 -151 494 -5826 -2894 -2778 -4487 -4098
-73 -79 -415 384 -1090 -355 -523 -752 124 -253 -321 -848 -1381 -518 563 421 -450 -1376 -423 -300 -528 -343 -214 642 51
2160 -777 -2389 -3423 -1617 1655 2185 3932 4424 6742 324 1110 2006 3973 6183 -1962 -3610 -3204 -4987 587 1694 1865 1862 -630 -176
195 -116 -633 368 -3315 -791 1973 2525 383 865 -560 1671 1372 282 1262 -4532 1774 3398 448 432 144 3779 2863 3469 -1593
737 1654 -910 1466 2230 1706 1649 -634 193 2750 -3424 -61 1305 -1584 -652 -121 -4046 -875 -2002 2902 1780 -934 -3811 -6959 -10031
3262 -352 -1937 -993 -4111 1584 275 -2200 -1548 -812 1870 2886 -2691 733 -1180 -1414 -1662 -1563 -6886 -5199 1550 5593 7261 -70 -2395
-2075 298 -2395 -1929 -1947 -2655 1626 3179 3703 257 -4797 2549 6419 3962 -2262 1493 2892 694 -4799 -3317 4657 1939 1556 2600 5486
4646 2502 -1836 -3978 -1252 4416 3140 410 -1612 2908 -2385 -5117 -2103 1647 1462 2250 691 -14 5337 -28 5824 3939 4088 3652 -2886
-904 94 -550 291 -435 -543 -119 269 -766 -328 -100 -808 502 -1069 486 -326 -579 -489 258 -405 -999 -308 -1099 -368 -722
207 -848 194 540 255 -901 -50 -253 -1539 -724 571 76 -259 -773 169 -556 -677 -557 -604 286 178 -914 -147 302 422
-147 733 -1035 -194 604 -333 211 -684 -98 485 -96 -290 -570 492 -1436 -1197 -795 -675 578 -618 275 289 -146 710 168
-1342 -999 -1336 -2691 3113 -3930 -3063 -2897 -2445 1145 2673 -1329 1250 -528 -1660 3150 -1008 -435 216 3111 -2137 -6787 -3325 -1487 -3269
-772 -930 -1280 -339 -1392 -247 -981 -22 -856 131 -1221 -164 508 -475 777 -677 -229 -750 -255 -584 -392 45 -745 -947 514
-16 1757 1200 1547 -726 3461 -2339 -2200 2945 -3112 -5631 -666 55 403 -2115 -2493 -4312 550 -1392 -2151 -4099 559 883 -171 5749
1181 -47 -251 2123 -1119 4530 -880 875 1865 2142 -5582 -2686 -3510 1002 -2518 -13660 -8296 -4014 -1415 2144 -6611 238 -1649 -4961 -3493
-1818 -1282 -216 -1515 -515 1681 1202 2774 380 3951 3412 3378 3509 -858 -5553 -4267 -1824 -1088 -994 1347 -473 221 -2084 -292 5004
-4453 1044 -3335 -3056 -439 -3243 1864 527 -3720 -2233 -5446 -3898 -63 -404 -577 -5702 1824 767 -2498 -3436 -3850 2891 5065 2793 -8048
-706 -421 -2449 -2056 1333 636 63 178 1108 3864 -1002 -2115 5525 1974 306 794 -2200 -227 -244 -1474 -438 -2376 -2661 -1422 -1299
420 -762 332 -486 416 -833 788 37 -34 549 245 -628 -556 -798 652 173 -756 -366 536 -191 -663 -757 438 -157 -930
-1954 -1673 -1057 -1726 -521 170 -557 105 366 -856 -13 -984 -960 -81 -21 -127 -849 -636 1169 -700 -1176 0 -603 -321 -1508
-208 -273 -386 -169 -1012 -634 -924 -51 72 -881 125 -617 -1368 -608 334 -346 -393 -893 -1126 -741 441 305 395 -45 -884
-767 -811 -901 -511 -1525 -219 -334 -702 -1591 -403 127 -1024 -1438 21 -1320 -739 -1294 -2116 -1887 -1144 -862 -593 -1975 -1145 -1031
-318 -668 -453 202 -975 -249 99 -564 -332 175 54 -246 -190 507 -785 340 78 229 1 -881 -519 423 -936 -485 418
-575 90 -1121 -357 -939 -1087 -406 -729 267 -57 316 574 -1227 -810 -35 100 -9 -713 -945 -939 -800 -38 -674 -476 -245
2808 1634 -914 -4224 -2062 -2772 -4609 -5964 -14063 -8284 685 -4159 -3833 -2742 -319 1667 1408 1402 157 808 3062 -1104 -165 452 1992
2379 869 -4802 -2081 -1353 5262 6260 5071 585 1984 -4448 -1662 -1811 -2468 -3721 -2982 -1308 -1656 -2653 2237 -1293 418 3297 797 5253
-5318 367 3285 1355 2218 -772 3071 4069 1633 -934 -948 -1742 -2045 2407 -3699 -132 -674 -22 98 2094 189 1391 899 4062 3828
-2340 -1826 2468 1889 -1077 -8598 -3156 -940 933 1842 -3782 -4666 -400 2828 4652 2563 -1549 -1205 1221 3572 3309 3261 1874 1504 282
-808 -360 146 -613 299 -263 -1120 -1097 53 -495 188 -99 -701 -956 -397 -1106 20 -961 279 237 -416 -554 -440 -274 -464
315 -2828 -805 -1998 -2147 2565 -1557 -1087 -112 -473 2548 1847 -867 -1818 1464 1147 3805 -2793 -1723 2506 1659 -8649 -2755 323 2376
-129 422 -65 -60 286 769 -483 161 -415 -12 68 -938 262 -557 -160 219 389 45 -195 -648 380 323 -856 -360 87
1468 682 247 -958 4028 3616 3017 4445 -4101 4385 -4941 -6172 -1934 -2159 -1885 777 -3834 -2338 -3233 -4174 7916 -90 1468 314 -1719
1819 286 -825 -1372 -172 -2735 1956 644 -2282 -2097 4684 -1328 -3451 -2067 -385 -1206 -17 -274 1178 5067 -7195 -622 -553 -1019 -4947
-258 302 235 -748 -594 186 -915 456 -886 -864 -659 -344 4 -667 -579 -841 -393 -405 -517 -847 -780 -591 -816 -16 -787
3018 -1078 145 -2228 -3834 6093 -1082 86 1135 -1336 -476 -3510 -1794 -2255 2687 -155 -2345 -1339 -262 3715 -2004 -3325 -1599 1387 5411
360 603 -420 -459 -809 897 152 -1190 -523 -1089 -597 -130 -440 28 -922 -623 -897 132 -419 5 -8 -757 -509 -575 -491
-175 -593 -545 500 30 432 -840 -173 -444 324 -927 -332 1 -67 -650 -927 -526 479 -625 83 456 237 567 -941 178
262 59 -689 -185 -254 -494 -659 -717 -418 -844 -68 -228 74 -739 204 -1424 4 -562 -676 -235 -691 -540 104 -1302 -92
-539 -65 487 -647 448 -530 -197 102 410 -633 51 -296 36 360 -304 166 -974 -365 -786 -430 -51 158 -1235 -558 301
-742 400 -278 -809 -416 -577 -1189 -901 -1182 -1241 -311 -1078 -855 -651 -1264 -415 221 -959 -767 -6 -347 -446 -1039 -531 -431
3876 -1726 1225 839 2002 852 251 2882 4138 1352 -2924 1239 462 -710 -3689 -2487 -3389 -1856 -2779 -8283 -1633 -6773 -8086 -20850 -22772
-26 -721 -1296 -624 -1254 -636 226 -800 -18 -125 470 -646 -228 -278 233 -701 54 -1170 -1320 -850 -1161 -1157 521 -611 -791
-395 -2588 -1484 -335 2839 -4094 -950 -311 -105 1056 -2304 -6248 -7263 44 2583 -3315 -5651 -5004 -2483 409 -2914 -4180 -2410 -403 -1189
-145 -458 -960 345 -251 474 -68 348 -354 -456 -686 226 -807 -490 516 179 -859 -645 -249 8 -429 66 -411 -460 -256
-1220 -40 21 -346 14 -1086 -1096 -145 -833 -934 -760 -244 -95 130 -555 15 -582 -460 -392 -217 -451 -384 -411 -1172 698
1636 2109 387 -1663 -4599 -7607 -1569 -3521 -6868 -7351 1418 -3402 -7705 -4477 -1017 4263 1966 -2605 -1651 -879 1106 3375 6461 2088 -2538
-698 -891 -500 -277 -613 781 -622 443 -762 -11 219 -110 -485 -411 -1189 -547 -548 -1253 -213 -881 -721 -621 -386 -360 -102
-18 -549 580 43 632 647 542 -877 -901 -646 -874 433 -844 -493 -287 236 216 481 -534 -893 427 455 487 -532 315
955 8989 1642 3851 -592 2029 1964 2709 588 -7641 -2219 1032 1624 -1438 -1091 1130 -1526 863 221 1059 1748 -774 -4010 7 4491
-359 -1252 1010 -567 -1129 147 942 260 342 18 -627 -586 -836 -127 -409 1278 -802 -869 -179 -91 105 523 -1091 -1094 -312
1191 6798 2805 -2109 -812 -5849 2295 -721 5118 -2495 -6712 671 -2541 -1499 3918 6262 929 1738 -3059 -5884 6787 2869 -1336 1504 1505
-200 -1243 -231 -284 -587 -1174 37 267 -461 612 -822 -104 -374 -550 -86 -1281 -711 -819 -661 -281 -305 -226 242 265 -1063
667 1686 2100 -3476 -817 3601 -1270 2361 2294 -488 4009 -2233 -1531 2400 3463 4167 -4589 -471 -7641 -9062 4852 3460 2213 419 -4897
-137 -3300 3230 -499 -8812 2017 -1453 -3742 -8060 -1318 5713 4865 7397 -3335 -1627 610 837 1181 1050 -1509 1491 3540 -1298 -1355 1895
-199 128 569 -355 -689 384 -708 324 -417 390 141 273 105 -819 -37 449 -864 -899 608 -1228 -550 -394 -22 -217 -528
-4348 -2611 1990 2259 -2363 -4940 -6889 -370 4862 -980 -11398 -951 -1914 65 -41 -10865 -7792 -2402 43 -624 -4184 -4134 -5098 -4744 2889
-6738 -5813 -9774 -6143 -10234 -333 -1794 -388 -2815 -1528 -1670 5103 5590 -275 4305 3226 3001 -1711 570 2221 -1340 532 -414 -3349 -1117
-683 170 490 397 53 452 185 -726 -927 19 213 332 586 -839 -614 -1076 -701 -744 -159 142 -258 -912 312 -784 -1239
5742 8919 -994 -3828 -2429 -1741 -2410 -219 -144 -6778 -9229 -2511 1952 3514 -1294 -6425 -2831 1913 3369 2208 -1086 -1955 -5307 -2392 2183
-1344 -5711 -1051 980 -2854 -2022 967 2729 1037 -2626 3943 -5147 -3618 4316 -3819 865 1324 -836 2847 95 252 -1477 -1351 2935 -1685
-1223 -522 -1259 -911 308 -540 449 -612 161 90 -887 -401 -275 -554 -1225 -508 -1196 228 534 -170 -756 -291 234 521 -1140
4910 -960 -7821 -1726 -7230 6391 -1692 -3592 388 -2037 -3880 -2229 3105 2513 -1429 -4991 1942 -1601 7114 3833 24 4900 375 4231 1099
685 4639 2966 -3673 -3097 2638 2991 5209 1621 -5447 2353 3589 2256 417 -9741 4485 2750 5086 -3509 -7176 -5025 3762 1737 -1496 -2974
1894 4945 2106 2009 -3279 -2218 3645 -1003 239 1902 2722 -1211 -270 -1015 5115 6488 1079 6148 3751 -1124 2924 4359 3405 3025 -3161
6499 993 1443 1810 6975 6276 -2661 -3317 -2328 1999 2240 -4828 -724 -2931 -1592 -5251 -344 6727 1675 975 -42 -2583 -4218 2490 1254
-901 483 587 -455 -589 -479 138 354 -415 37 302 -95 -123 -248 575 -316 -73 311 360 -289 -622 -1004 457 483 -624
-9398 -2891 -4548 290 -4881 1122 -1111 -1465 -3575 -4756 -4484 1066 2391 -660 -5473 -9976 1910 2360 1083 -3435 -1019 -3904 -3261 -766 1255
-22 472 134 162 -539 -677 278 32 -288 424 74 377 -322 -328 -191 -367 -662 -406 -642 -878 -997 191 -765 437 -685
-4873 2813 7599 969 -6109 -7365 6495 3009 962 -4221 -4868 1521 -1610 2262 -890 -4517 3122 743 4868 -861 -799 -2644 670 -346 1004
480 520 -614 -366 398 1 495 -113 -355 -767 -166 -762 397 -123 -574 -591 -349 -369 -646 -890 354 11 -235 -20 -722
4683 1106 561 -4831 -6324 1572 528 4690 -1444 -2876 6871 1179 615 -3114 -1629 1406 2114 -3935 -10420 -1219 6400 5439 -93 -4620 -3050
-16916 -24279 -2097 8066 3421 -2236 -3884 -5640 -1869 880 -4488 -1892 1730 3447 6454 -592 608 2484 1460 1781 222 3658 2731 -140 1031
-471 -659 -51 390 -873 312 394 180 -347 -507 136 581 312 -239 -261 611 -538 -774 464 -973 -774 543 -889 -249 -697
3495 3362 -2488 -4399 1570 5991 1581 -4902 -8752 -2341 -2753 390 1378 -72 -4681 -792 4083 3644 2985 4034 3143 1425 3640 3294 2247
-539 294 214 -336 561 -650 -689 -696 -216 -726 216 -646 164 229 -951 -779 -433 -306 16 -632 -29 479 -175 -214 354
3258 -3916 2285 -1423 -964 384 1740 -2416 2682 10836 -748 -6164 -5528 -1332 4531 1644 -5207 -1691 3604 750 -894 -1864 2735 1252 3072
-4302 1445 1358 8188 6260 -1818 -3483 636 5777 -1132 -2997 810 1998 3639 2116 88 -2700 -1476 2439 -3540 -553 -84 1245 -2495 -309
1071 -1504 2354 -325 2943 -395 4450 2361 350 -2114 4445 1009 -223 1470 5075 2533 2694 846 1567 2463 -3406 -4664 2710 2641 -2084
321 346 -13 -603 -504 -826 346 580 -433 -369 -1009 96 97 -1017 348 -944 -499 96 88 535 -447 506 -150 228 -795
-426 -1120 -5933 -2627 -491 2062 -1164 2467 1785 5427 -1180 -2308 -486 -178 7096 5169 168 6268 5892 4261 3015 2113 2759 4517 3117
3418 -6120 -21900 -967 5473 11302 -4624 -2814 -4285 1923 1008 -4329 -1013 -3425 -5639 552 -6684 2429 1589 -2885 -540 1256 -202 1131 3044
-106 933 585 -3063 -4972 -4757 1562 1117 32 -1389 12517 6830 6609 3100 766 7457 6733 4374 -3776 -6663 1467 -1109 -870 4327 -3361
1397 -306 -357 3626 -21 6343 690 -427 -2163 -1475 4093 2835 8767 5734 -2403 -7834 -6046 3521 6512 5758 4533 2141 -3084 -3726 -1505
-323 3489 4954 800 1785 3320 2361 1685 -306 2196 11293 845 -3622 -3398 -6010 6593 -5255 -2121 -4189 -2411 3717 6716 266 -760 3860
-357 -860 -782 -213 -1372 -2110 -677 196 -547 -618 -180 -398 362 406 542 -448 -911 -1469 -1010 286 32 69 -1238 -422 -421
-458 -552 -848 -512 -85 -1123 -178 -236 -411 -941 -165 -1424 -1166 -86 -227 -1083 -1370 -356 -194 -552 -1228 -1407 -1266 -914 -1281
342 48 630 -996 -923 -620 -674 273 -299 -998 462 874 650 -299 455 -379 330 -257 255 -651 436 152 -431 -883 -795
2967 2214 -359 2510 349 -1328 1265 -6689 -154 1807 1609 -3121 -10330 -13033 -3728 7105 -956 1238 -1647 -5890 6562 6161 5057 1700 -4131
3456 -5945 -4305 -4258 -7492 410 -13847 -2701 3261 1741 1062 -2138 1827 -522 6212 6670 1466 -4159 3582 -839 9080 3924 368 -340 4138
-3488 4805 4457 1043 3902 -3475 -582 -796 -1278 -6487 2562 9973 4164 -889 2995 6278 2141 5895 4534 -1402 2741 -8179 -6559 -1145 655
-236 -562 339 39 -435 -633 -152 398 -755 -763 -1060 -483 -1097 -64 235 -913 11 -294 -554 -912 -259 -1131 -987 -761 -116
-2979 -4779 591 2403 4618 6214 4943 -5706 -2745 -2165 -3961 -2257 -913 -2980 -485 1672 970 -1256 -2444 205 558 4802 3113 2084 -1364
6975 3244 3322 -1235 1633 291 1058 3083 3730 4164 2453 1387 1006 8932 5022 74 161 5729 11456 7751 -8817 -10477 -4172 -4190 -11641
-959 -1685 -3769 41 6015 -4713 -6619 -1194 2228 6652 -757 -6082 -3651 3352 54 -4391 -1571 1573 991 5643 4123 1392 2963 4164 1562
-4623 1875 4397 2537 -1178 -4055 -681 -839 566 3934 -5968 6330 3012 3236 2084 166 3833 215 704 -429 -593 3098 893 -3684 -1766
2239 -5298 -1949 -3567 -3407 -451 540 4610 3544 7356 2045 1644 2913 -1537 232 -4881 1542 4022 -4039 -2613 1303 -3784 883 2595 1181
-489 3083 -3343 1449 6009 -2475 -912 -5272 -837 5798 -10879 1389 5323 -233 -242 -2940 1812 -630 -2690 -3718 -1292 932 811 -2010 -1773
132 -269 -964 -1125 -952 -293 -145 301 -6 113 106 -434 -1500 -295 592 -601 194 -1561 -407 -365 -642 -1006 -240 -580 -1094
6187 5512 4517 7295 1848 3660 3560 -6491 -4226 -1077 10254 2631 -1657 -4325 3889 2922 1788 2803 3287 453 2453 -134 -3524 -6300 -3055
-6311 1686 -90 -475 2488 -4686 1589 -1047 839 2551 276 723 6727 -133 1580 -976 1787 1417 -1385 -1573 -2678 281 -712 -1703 -1839
-286 536 -1112 -218 10 -214 -611 -962 -1111 -798 -1129 -1035 -906 -134 72 -90 -517 -826 -435 -953 -552 141 -158 -1099 171
-13392 -3579 -1697 -3217 -169 775 -3879 2631 3849 5295 4982 1609 3736 1633 2962 3897 4977 411 5123 1377 2065 550 -2467 -698 -4926
-2164 2524 685 1972 817 -2563 191 6085 7287 1830 129 -3624 -297 -468 -986 -2098 252 1151 4028 8263 4367 2692 -6231 -1156 673
-4067 4134 1345 3406 3986 84 -5693 -1540 -169 -5120 1204 -5554 -3735 1441 -3405 -1883 1293 4323 5484 4204 2809 982 -1197 -3699 -3188
360 -76 662 -509 -768 652 496 137 -767 -403 271 -826 -708 -423 -93 -890 -666 -693 -184 -659 -690 -876 -148 -525 539
5365 2249 1110 4640 5912 818 2288 -79 1573 6045 2023 -6955 -5253 -4988 -1855 -1759 -5518 -5494 -4189 -1988 2993 389 2768 1674 2664
3806 1554 -801 235 2308 -3493 -3473 1242 2111 3869 -7421 -5674 191 2219 8221 -5410 -477 3735 4318 9434 -4731 -2306 2411 2536 1346
-1281 -845 -902 810 1270 -1219 -1492 -788 -1036 -978 -17 -1592 -1195 -1078 -1240 -569 -138 -559 -836 -1588 114 -206 -710 85 10
51 -732 193 -837 -790 -352 611 -38 -301 -924 205 -517 197 439 -503 433 -777 -239 -313 532 -557 -435 -173 -851 -786
-2468 -2819 -4047 -1978 -550 6826 331 -3848 -901 -723 6372 7840 2946 -2320 3788 -2092 437 3262 -260 -2310 -3340 -1981 4847 3250 693
-5460 -2539 4418 222 3341 -3935 -6383 -221 2829 7116 -1626 -3785 -497 1307 3042 -2543 2182 1019 -244 -2143 2733 2780 4446 -311 -2286
-249 -510 -959 -2197 -731 -800 -1522 -502 283 1045 -44 -507 834 -474 -1104 1541 679 286 923 734 -417 -530 -919 -1275 -1380
4182 -1143 795 -1787 -4574 4690 -1595 -2753 -2592 2795 -582 1011 -2262 -1649 -2304 5821 2995 1402 -1743 -1210 3478 4701 5207 833 -3232
-1244 3777 187 7148 -32 1106 1341 1051 -1185 576 -410 4594 1004 -1350 872 -8607 5981 -3805 -3786 -939 -948 3240 1435 6209 2409
-7349 2043 1061 -4842 -891 -84 -1646 974 2071 -1953 1246 -1632 -6172 -1784 1909 5622 -170 1911 2343 3622 1142 3502 -1196 -3436 -1532
443 678 -607 -812 -258 79 -715 509 419 492 -334 614 -893 149 -705 -384 12 -300 -357 669 -92 550 -212 -901 144
6734 5387 3645 -2980 882 775 4237 4468 2146 5530 5458 322 3056 1680 3353 -1007 -1754 4491 4420 1152 704 2531 5463 4214 4892
4857 2663 9111 437 1486 -2714 -1431 5375 -38 1407 -635 -4612 -92 3049 7004 960 -2217 1267 1380 2904 -1545 -1245 -89 -1413 1050
-13406 -8124 -448 -1486 -8806 5341 -6942 -4347 -3076 -2874 -669 1002 265 1751 2839 1366 -1374 -3924 -3748 -3336 4629 1327 -5753 -803 -397
395 -242 -377 -972 -350 -558 589 118 89 73 297 524 71 628 -169 -96 164 -806 621 632 328 562 -88 -163 29
-3605 -1497 5506 2788 -223 964 3132 3391 -240 2309 2088 1716 -3036 -4952 -1216 -9594 -9936 -8868 -6976 3441 -375 184 -2562 -4204 -1868
-390 153 -441 -748 -639 -597 9 -110 -899 -72 -810 -874 -496 -471 -506 15 -1370 -1008 -209 -401 57 -607 -1074 -653 -1223
2635 -2950 -769 -1902 2048 -2748 -2345 -1985 648 9279 -3317 -3972 -2746 -6233 -1534 726 2131 2863 -557 -1176 119 -1106 -244 -3939 -5039
1927 -1713 2503 -4461 -7376 -4904 -1033 1274 -1590 3070 4264 356 7416 2651 1464 515 3219 2707 682 -2942 -2167 194 4820 1069 -61
2835 3937 4796 -1907 -3272 3702 -3942 357 -37 -315 -1256 -470 -133 807 805 -6578 -2539 1865 1853 1678 -4040 -1076 -782 -3114 -683
5075 3641 -1521 -1396 -5150 6119 -269 -2799 -9396 -5718 -8181 -2595 -903 -1612 -4624 -1362 -645 1101 255 782 776 6716 -1225 810 -5319
-6892 367 2470 556 5320 -7040 356 3403 966 103 306 -21 -580 -5606 -7803 -4662 -566 -3428 -6467 -4955 7666 2734 2221 -1087 -661
4811 4822 -3189 -981 -2639 2596 3181 399 3178 3472 -1153 -290 736 774 3547 -2116 -4845 -2573 -925 7820 565 1528 884 3653 -213
-730 -733 -10 -447 213 288 415 134 -586 813 169 -271 256 483 -708 -235 -446 530 -763 442 -650 251 -693 -755 102
-208 -1102 298 -681 -772 -336 -297 -634 -226 176 -878 -385 -362 -475 -873 -177 -183 -933 -933 76 -828 -369 -799 -759 190
297 195 -216 388 -210 133 541 526 -1094 -840 -570 -628 475 -984 245 89 -61 -537 -963 -547 31 -374 0 -647 -1201
-4018 4115 2548 6312 8669 -419 -5168 -3662 -779 -1089 -6802 -6063 -6322 -169 464 -599 -1093 1043 601 2631 2101 3201 -1657 -1874 2027
293 61 11 -102 -345 -560 535 -70 -1037 -503 -577 -804 -204 121 -354 -1912 529 334 -218 432 -833 -858 -480 -178 -623
-1416 891 -1089 -1761 -6455 -4244 -2566 -2299 -1113 -5392 -13097 -1906 794 -719 -2006 -5753 1523 3645 2124 -2711 4419 4475 2278 -655 54
2317 -512 -1562 1990 -8872 3962 2538 -119 -1843 -2854 -1642 -586 -1036 1571 289 -8703 -1430 -2429 -5516 -1980 -8241 -1459 1013 -55 523
-2223 -3887 -2511 1923 -5887 -2633 -1807 -2197 -2915 -3779 -5676 -1098 -2152 -3857 -1601 -6152 -2247 -2240 -973 -548 4995 452 -732 387 2020
3926 -3892 -2983 587 4275 -4920 -481 -2022 -2150 -3413 -6312 -2613 -3810 -411 -7006 4358 8706 -332 -6253 -4294 -2155 -2352 -420 -3616 -3907
-3807 1125 -242 -3065 166 1329 -2507 -541 1193 -301 -13391 -1984 4482 4006 1188 -1448 -137 -3056 -2524 -3161 -742 2668 -1252 -4049 -1065
-122 183 -549 -684 -574 -250 367 396 424 -926 401 -297 -745 -168 -591 -627 -113 -829 87 -910 454 -735 56 13 107
-117 -428 -832 -1201 -1129 -730 -533 550 -1099 49 46 34 -93 -468 -245 515 30 -1168 185 -708 -304 -50 487 497 -1040
-628 -1363 -1380 181 14 -919 -305 -785 41 141 -535 -348 -231 -473 -1272 264 -563 -1131 -333 -94 33 -1747 -1503 -1386 -522
-1611 564 -350 -302 174 -447 -519 287 -193 -1205 -770 -7 184 -1142 -408 -1807 49 -335 -839 -1017 -67 -574 166 -883 -985
-1139 867 570 458 652 -702 -510 -635 -798 -763 -887 -80 -884 -641 -1013 -752 -186 315 -268 -629 449 323 -64 60 -826
766 -152 -479 -189 -891 -506 -621 128 -91 -431 -56 -90 321 -828 -421 -902 467 -748 -416 -364 -151 245 -279 -253 -154
6548 -6154 -3480 642 3289 1379 -4436 -3184 1865 3720 5922 -5373 -8636 -2456 -5371 2168 -4926 -9089 4994 4823 1900 1873 1451 -2400 141
5480 -3069 -84 4185 -677 7433 1237 -1791 -1441 -2176 -2360 639 -646 2245 2079 -582 -14512 -4286 -1666 1683 5776 -1740 -8181 -5280 1824
-6214 6018 2555 -1094 -5150 -1735 4415 2593 618 -4528 1613 3937 -687 856 -1600 -3435 2107 2041 1812 4202 -3458 859 -424 -1728 -2241
-1487 2169 783 5187 5887 -1149 -2745 -5635 -2123 4255 2900 3496 222 2790 4979 -5926 -1787 5394 2337 4136 -3723 -985 1224 84 -4384
-1063 -573 -1116 35 -451 -983 -402 -950 -603 -233 -694 -741 486 -156 314 -1174 -292 -77 -592 106 -359 74 -715 408 -613
3719 259 437 6867 3813 1665 -1066 2148 -1848 -7063 -2 -9078 -7139 -1598 -8227 -119 -1535 -311 3759 1203 -2351 -3997 615 4682 3960
-695 -180 -64 -407 69 173 -85 -495 -150 -1225 -756 -101 381 102 -92 -765 -4 -378 -73 -968 -71 -606 -463 -854 -101
6036 2127 -2013 -139 -42 57 2463 -3109 561 5794 4645 -3466 790 1994 -2119 4314 -2140 -4348 -5981 -10204 -976 -3514 -1293 1244 -2703
-2715 -8806 -5250 -65 4558 -13361 -2603 -2175 2912 1875 -12070 -2312 -466 4008 6111 597 -69 204 5048 6488 -4706 -2197 2582 612 -2080
-367 -683 -1170 -646 -185 -1207 -162 447 -369 -185 55 66 -165 -1079 -185 -1191 -775 -460 -576 207 161 -205 81 -628 161
4118 -1341 -174 -165 -3803 2342 -685 -1201 -2575 -8301 -1343 -1962 502 -4048 -5179 -5884 -1497 -944 -1696 -4529 -1877 -3878 1171 1221 6130
-1132 -376 119 371 -775 284 -64 -336 -800 -899 -552 173 208 -746 -486 -682 90 219 -403 477 -437 168 -981 -1195 -40
-1003 561 266 245 -694 -690 -187 372 -770 -868 -546 -709 -418 -268 -694 -385 471 -777 -692 -503 130 -879 -329 270 602
-1105 -787 -779 -236 -185 -534 -203 48 -1292 -514 -776 -1153 -930 -1431 -429 -928 506 -465 -271 -572 -861 -8 -496 287 -698
-283 422 -378 -447 -423 151 -449 137 -579 -657 -698 -26 -417 -666 121 -79 -628 619 -421 -735 635 45 -221 -922 88
-779 -396 -234 254 -1216 -616 630 -738 -487 -39 9 -997 -448 -154 -598 -934 -284 -1573 -826 -1413 -723 -1007 349 -1226 -33
1911 2331 3548 -4236 7386 829 530 7219 5149 3865 5133 351 -1759 -2193 -2734 -651 -4216 -1370 -4456 -4239 -2358 -309 2984 1340 -4198
-616 -252 -993 -578 -507 -144 -1068 -723 456 -195 -1243 44 665 -821 111 448 -280 490 -59 83 -881 -276 -1179 -470 149
-1362 -5522 -332 -2962 -4136 2905 2372 -43 -1721 247 1425 1303 -3055 -4420 1531 -2426 -2537 -3145 -7470 -2108 -2638 1478 2682 -2738 -8110
377 -77 -428 70 -187 -275 -916 -507 -60 -957 -773 -453 29 -763 -641 -689 -447 -244 -316 -498 -92 -356 -927 -966 -558
668 -1074 -522 -1012 -673 520 -9 15 -548 406 -888 -560 -966 -1605 -739 -828 -838 643 -313 404 125 -989 -930 -132 -415
-5692 -10428 -2332 -1608 -2269 562 1999 -3101 -6218 -1766 -1130 -3663 -1574 -2143 -4431 -132 -6276 -2472 -3781 -2534 405 -536 -4961 620 -471
-297 59 -274 46 -333 -701 -462 -1063 -947 -374 311 -269 88 -341 -79 -418 374 -153 -388 -733 525 297 -159 -640 503
586 -423 -372 -793 -362 -737 -573 -888 -264 325 -454 -733 -784 -326 -408 320 -848 -631 -344 -884 -418 -23 561 -366 -410
4382 -712 3345 4370 1346 82 337 3459 487 -2585 -237 1602 1610 713 1273 -551 2359 1022 6803 1406 4010 62 -1936 818 -1055
-37 -380 -513 -380 -1087 -632 -758 -1038 -1045 279 270 134 -1181 -1284 830 -706 -1118 634 -374 -997 -1251 217 -374 -1164 -606
-2152 -3087 -3113 -1461 3658 -4803 -2865 -408 441 1359 -1908 -1510 -3698 -2576 -9054 -3146 -964 -2435 -4052 -10456 3594 -1188 -2863 1142 9266
-88 -336 87 -841 -494 634 11 -307 239 -41 -352 96 -472 -1191 -943 -564 -895 -173 -1244 -1018 651 -844 15 -1228 96
-3396 -302 -696 402 3029 -2125 -1562 1508 1894 4326 -5895 -8981 -4195 3309 -318 13507 1503 -7156 -2201 -6283 -881 -500 963 -5095 -4565
1457 -219 2154 -3196 2157 278 -2826 171 -3541 -1052 539 4726 1521 -2909 -3263 -79 2393 -2976 1258 3904 -1844 -1148 -1845 814 2100
-34 -1178 -1016 643 -118 -320 291 -104 496 -447 -400 -747 -752 -841 343 -951 -450 153 -613 427 205 507 -14 411 174
-8282 -1854 2651 -576 -1543 -1720 -4499 -473 -167 1508 -6968 -11725 -5012 -98 103 -5440 -3193 -7011 -3313 -3039 4659 1952 2086 6509 3587
-1264 -2894 -5951 -6222 -13502 726 2600 3184 1914 9367 7079 3293 -316 -151 1308 -3358 257 728 -1244 3434 174 -1678 1219 81 -1280
-66 -504 534 -858 -1113 -546 391 323 -509 -330 -995 -1200 -845 -563 -38 -1177 -1075 -682 -694 -339 -1086 -530 -829 -404 -281
1631 -3733 -118 -5839 -6157 -5511 -648 4548 2016 336 190 -2622 534 4079 3166 -3170 1159 -4652 -12597 -3583 -1548 -1528 544 -1932 -3330
808 2386 -685 834 2169 1183 111 866 3237 4266 3529 1341 -3276 2716 8025 5514 -1463 3542 675 312 -2328 -847 -3149 1781 -2519
-55 235 293 -466 -948 -272 -696 111 114 591 -792 -812 -249 -1102 -1152 -537 -255 -93 -465 -809 -782 -133 -285 263 -55
-3153 -3952 -3816 -2797 -4538 -1936 431 4971 1151 -5577 -1307 -1967 1527 -196 1428 -568 2590 1797 3174 -474 -1590 -965 3860 -787 -2387
-660 -1931 -368 -1912 -377 -6852 1093 243 -3528 -5377 4555 3621 -2267 2787 2403 2362 1782 2827 -3976 -474 -4996 846 822 1620 -4908
-897 -779 942 230 -3525 2317 -31 5318 -1039 1460 764 -2130 1369 -1612 -1881 4278 2182 138 -665 -1622 3298 7157 1134 -2978 -1875
-1695 5107 230 -154 1938 -1298 1957 -3453 517 393 -997 -3919 -2102 -1222 3415 -5078 4301 -5482 -3872 971 5093 3452 -979 -5443 -5672
-137 -397 574 496 501 -820 -926 -448 -272 -128 -101 53 404 46 382 -14 99 479 468 -889 671 -129 -757 -710 -798
-2133 -870 -247 139 -714 -2766 2802 1425 31 -1567 -463 3102 6225 854 4140 -3495 430 -85 3208 -190 1332 -4163 -6106 -4628 979
-267 -700 -995 327 143 -403 -368 -856 28 -333 321 -1005 44 -151 187 429 -454 338 -642 791 45 224 -991 11 452
-453 3115 4840 -2858 -12521 -123 2818 -2404 -2089 -2788 -4550 3898 2675 529 -109 -2929 1268 -904 4884 167 6177 -1316 -1776 235 3091
318 236 -271 260 447 -495 -550 -590 -902 58 207 355 -985 366 -616 454 -822 79 -330 -791 412 -83 -232 87 -392
6151 2955 3222 -1193 -1037 4783 3631 1903 -1459 1435 867 -1627 -346 -2262 -5125 2256 -3906 3802 -5669 -5884 532 2156 2631 -1715 1813
-9102 -6419 1873 2821 -572 -1232 1540 -76 -3999 -2017 3668 -538 -4979 -230 -154 -396 -3369 -1087 636 2629 -2898 279 700 1015 1715
-281 -214 477 499 -857 -497 168 277 565 -203 -707 551 -887 -587 -835 -44 -556 -194 165 310 -724 256 42 345 -832
-495 -277 2879 1221 -2981 4093 3858 1119 -2696 -2451 6535 362 -901 1676 -4177 -2343 2279 -196 -2257 4898 -7976 986 4784 2205 680
179 382 346 -346 471 -516 455 -1003 -292 -73 0 420 -58 630 608 -131 -324 -972 2 121 358 -405 -354 482 -243
1073 -2569 -4585 -4996 -2365 2413 -663 -3379 -1374 663 974 -1209 -1046 1602 1779 -3113 -2552 514 3378 3984 2768 -1612 -1959 1381 509
-1667 3323 3288 5745 -1446 3276 5313 2988 2403 2080 -944 -2034 1323 2843 2393 -1310 -652 2929 1458 -4721 -555 -1870 -271 -1239 -2245
-547 6126 -1465 539 1289 961 4361 2299 -1677 -1505 -1975 939 408 2847 -1163 943 2088 1549 2416 -2479 2327 2824 7297 1696 -1902
-998 -32 357 -47 -46 -355 -876 399 -482 348 -508 279 143 438 -529 -589 -1073 -669 -143 -622 254 -915 -873 257 -394
6768 -1285 -5185 -1207 -264 -920 -2132 -1031 -1378 -1051 -2739 -2248 190 4333 3774 241 -2950 1482 -460 3667 1772 1249 -1946 -2638 2178
4828 -2304 -6475 4601 6666 -5778 3317 3843 1860 2804 -3596 -1285 -733 2279 886 -1901 -2954 -1293 2257 1037 -1517 1766 3987 -3590 5280
-4936 -4162 -788 1840 -4093 -6857 -5349 279 -409 -3421 596 4696 5525 1843 -2338 5836 4036 1348 30 -4002 -1349 -1670 567 2085 1005
-4593 1075 1377 -826 3104 -929 764 466 5420 739 -246 -5169 -265 -1500 -347 -5140 5642 -3139 -7031 1105 -2509 -1178 -774 -844 -1871
510 277 1788 1405 3498 4464 2068 776 1065 6263 204 -1272 -3472 -3860 -8253 3348 4663 6213 -2664 -2300 5024 5658 2237 1699 111
-773 -1633 -1159 -1410 -526 -1198 -1866 -591 -1040 -541 -739 -895 -1332 369 33 -574 -860 -503 -532 -400 -46 -563 -308 -1358 -218
125 -845 -228 172 -357 361 517 163 -875 -250 -593 -662 -219 471 -577 -912 -520 212 55 121 -585 -561 -691 -931 -1402
-885 -397 544 -240 -500 -491 -20 346 630 -517 42 -490 -442 -421 501 -466 -700 121 539 -387 670 318 -530 -718 -149
2738 3838 -1279 378 969 -2382 -1649 1546 1745 107 726 1644 -495 -9926 457 9035 -2784 -3483 -2849 -2929 -4134 -8495 -1795 7567 3820
-4017 -10411 -3975 -5097 -2429 65 -4717 -3338 -10892 -4185 -3852 -326 -3430 -1161 991 8532 5579 -2431 -284 -2254 6485 3916 1024 -817 634
3686 2796 5231 2741 155 3394 4117 1810 -9 -319 406 5779 1814 2096 -3013 -3686 -6267 -4407 56 1157 2378 -2529 -1392 -76 -2482
-271 -29 -496 -340 -384 -358 -754 -384 -699 -246 -373 261 -597 -482 647 350 -72 -620 -923 519 -649 141 -793 -693 -103
682 -3900 -4794 -1319 -6782 -4884 -5462 -916 -452 -6538 -5967 613 -3623 -8009 1761 3130 -6915 3171 996 -1314 -1442 -2068 1083 701 -6948
4435 3190 3203 -329 4511 -181 3156 1573 4533 7665 878 -4547 3355 6483 5035 -2756 -6875 -404 2110 2074 1109 -2266 -5576 -5934 -7087
-676 -939 -1335 1660 1736 3351 -2915 411 842 3009 -3232 -689 1786 701 -2598 156 -869 4957 3891 1087 3392 2355 285 1595 4902
-5115 1446 5090 1822 -1739 4914 4473 2887 1388 4510 2152 2706 1783 715 1401 -4485 -699 -1046 945 -639 -4579 -4649 -3137 833 1210
-1575 -5349 -9239 -3225 -3135 619 2794 1213 3374 3868 1392 2017 2482 1501 -478 1387 -4867 -1406 -288 1492 4207 2156 2757 2077 -4034
93 432 1064 -3996 1276 2884 1745 -6620 -3599 -3965 -547 3475 -562 -9352 -4227 510 1990 2486 3512 3984 -1908 -919 2295 -1750 -3821
-238 127 288 -374 592 60 -1260 -1101 -1079 -1053 64 -1048 -491 -1071 -230 -1261 -4 -595 -207 -894 -339 -1209 103 -30 -651
224 -2441 -169 1825 4820 1294 5232 4087 -2734 -1626 6691 7608 579 1103 1066 -462 1461 2016 189 -4673 488 179 -631 1286 4150
-1570 -579 967 1046 1626 -994 2123 3454 -2 -840 -1614 219 -1501 2780 544 5549 -685 -461 -3453 -8258 606 -999 -738 3286 1877
-91 -525 -503 -575 223 -636 -989 -912 -1309 61 -1170 -935 -456 -259 -945 -775 -737 -1324 -133 -505 -692 -975 -519 26 -508
-2715 -9253 -1314 -1425 -8 -150 -4231 -5811 2063 -3116 -36 1295 4162 687 -2788 1008 845 1511 -184 -2837 5510 2588 491 -363 -2725
1428 861 2754 5316 4332 -6455 -1450 1670 -4842 -4112 1054 2118 -8694 -9130 143 -5114 314 -5925 -4908 -3739 3931 -1526 -480 1428 620
380 -2412 3144 2813 5824 1611 1666 1051 5163 3328 1322 870 3919 2095 2524 2143 770 1453 -2139 1592 2339 -133 -1205 124 944
-459 -90 -484 -931 227 -922 -75 248 158 -904 201 -27 -508 3 447 -272 -308 269 558 73 282 306 -811 -76 -450
3201 6880 2883 2466 3488 6191 7310 3176 663 2793 255 -13406 -15710 -8183 -5916 10936 1657 828 4417 2694 1528 -2022 210 -140 293
2894 3461 3434 -802 3291 3032 54 1453 4186 4829 142 3327 4497 2907 1667 -5090 -1045 988 1385 685 -5524 -9387 -4280 3993 300
-1329 -1163 -926 -225 -696 -1061 -993 -435 -1247 -188 120 -1377 -699 -471 -1562 135 -172 -1243 -1040 -394 -1188 -1497 -1 -969 -987
-683 -538 -26 -479 -45 -62 -366 -369 -271 254 619 345 -220 337 -247 -901 103 -382 -441 -829 -680 -587 -836 -452 -140
-243 -28 -5689 -4232 -893 -2489 2907 1363 -193 1026 1551 1994 -899 -3047 -1509 -599 824 -1431 2208 3711 -2447 -2678 2301 -189 -2149
-3432 1576 1920 4389 3860 -2847 -3025 -6521 703 805 969 1173 10553 4258 -4293 -987 342 3125 454 -2199 157 476 3029 -614 1381
22 -819 -754 -1306 -1657 -500 -1412 -1217 -1371 -1479 320 -306 -788 634 1095 117 324 -217 -23 -618 -49 -553 -983 -635 -1247
4872 1242 476 -1000 1067 -3363 2078 -824 -3776 -2083 -6847 -1384 515 1147 -2598 1512 4797 4059 -649 134 -9677 4329 2862 1105 -2049
-2437 853 -482 1511 1636 -3765 -6419 6160 4444 3494 3433 5655 -1925 -523 799 4880 5188 -1977 -627 -5779 2957 -1126 -1032 3079 1687
-2490 615 4214 414 -1511 -4249 -1998 -4985 -3542 -457 -1522 -2232 -2545 2848 3382 3012 2778 4542 233 4740 -4382 -1340 411 -3628 -4847
-902 565 30 -439 513 -925 -817 367 -711 296 -322 -684 -891 -720 385 -812 -200 275 290 -663 649 -670 143 -522 -1083
-689 -1298 -267 601 2421 555 2930 2276 -586 1318 -22 -4949 2358 3574 890 -413 -559 -527 1926 5271 -482 2367 3485 344 605
1943 -400 4267 1584 3915 -5429 -782 6837 3758 4572 5251 4673 -1394 -983 -3674 -1766 1579 1974 2021 147 845 -932 -887 -729 -7226
-7054 -2708 -1642 467 -79 552 -3205 -2441 4224 -707 8601 3673 273 4052 1060 -5568 6797 747 351 -743 5262 6827 -743 451 3671
-228 -526 -950 -574 274 -600 -422 67 132 -113 -160 531 -89 -155 405 -570 -159 55 -225 65 -4 -164 -856 -977 120
-4150 -771 -3779 646 2380 59 2773 2520 413 271 2831 -1896 -341 -356 767 815 -729 434 4176 2638 6627 4528 -117 -855 99
45 -826 -836 -554 -274 113 -841 -74 -301 -464 -264 -27 -1152 -417 -657 -391 -479 -861 -116 -169 -720 -251 -324 -642 -727
5546 2571 -1841 -1283 -3048 -1643 -111 1302 -489 8916 3517 2825 4234 892 2253 1776 3463 -1161 1461 2888 -490 -334 540 1660 -1026
1903 3105 -2233 -191 -1007 2712 2100 4781 -2409 -2094 3829 2014 1667 -210 -295 773 2066 5190 1258 220 1929 4738 3397 640 -942
596 2285 7622 3332 2372 2693 2448 40 5364 5090 2639 3266 955 1416 -15 269 2406 1418 -1815 1760 -6643 -8416 -6468 -2463 -5103
3442 1677 -3021 -3467 -13965 5572 1907 -3379 -8371 -7307 -3743 1122 3505 3300 -459 -6400 -423 -1650 -1117 -2061 -1117 1998 1786 -3190 -2545
-6357 2134 -474 -1012 1177 617 -418 2159 1657 1559 -9658 329 -70 -1123 -3518 1238 -310 -3204 -1725 -3370 7087 2028 4390 3075 -2559
3006 3189 -1133 90 -231 4839 1073 2869 -324 -3145 3108 668 612 743 6543 -2364 -2484 -1680 3985 3024 5550 2904 2660 522 -9009
-810 140 -874 -1027 -850 -1062 302 -123 356 -767 314 255 -924 406 -950 286 363 86 -764 -360 -534 -456 -1018 -789 133
-1152 350 -808 -680 -967 -1008 211 90 -394 -721 -215 -958 63 -739 -153 -115 -763 -884 133 -1047 -951 -452 335 344 -781
-330 -371 10 -717 -20 -420 -905 137 -1075 -217 -341 418 -1030 -373 -1384 -1129 -634 -420 -471 -1197 -976 -728 -390 145 -43
1212 6635 6026 5294 6935 2398 1556 -12964 -1318 2264 634 -790 1101 3242 -1609 -792 402 2344 -2906 -2038 1729 1227 -904 1410 1163
187 200 19 -1404 -1229 -473 -1116 -1087 299 -915 -1169 -321 -965 -106 -530 234 -1033 -992 -1030 458 376 101 -399 256 579
518 2264 3038 1715 -822 1628 -1031 2362 6751 -4370 -10289 -3038 913 1231 1751 -7032 1739 -1468 -518 -2789 687 612 -542 -1542 209
5073 5182 5077 307 -4625 6694 4744 6417 4723 -2135 764 -1815 -50 4344 3694 -9715 -2405 -6259 -1161 -18 -1002 -583 616 2725 -1902
-1732 602 71 -684 -2372 4185 -701 -3148 -264 -1585 2600 1887 -2401 -603 825 1842 -3719 -867 1217 2524 1792 -902 -1332 991 4419
-3617 -1121 -6573 -1179 -634 -2078 3007 1208 -3579 -590 -6380 -2212 -1442 -3967 -3394 -2361 -390 836 96 2811 -6456 2031 2016 1205 -5702
-3208 -23 133 -1402 -611 2627 -2043 -1728 3035 1447 2456 2308 3888 4941 119 -4913 -838 1110 282 -1233 -1491 -1568 -314 184 1161
432 -698 -78 241 -282 -400 441 -512 -302 -378 640 -332 -806 166 342 204 45 511 423 320 210 94 -672 377 395
29 -1176 -348 -917 -229 -650 -962 -207 -208 -1390 -577 -518 165 -724 129 -509 -1197 -959 974 834 -1174 32 -93 -1070 -438
-929 140 -1210 -477 -119 249 -916 253 539 -1196 -823 -846 -385 -36 439 -298 -795 -463 -494 -677 -677 -310 -1152 -1220 -617
55 -1073 -1477 -589 -1669 69 -145 383 -686 -604 -45 -219 22 -368 -180 -373 297 74 248 584 -1044 -1393 -1206 -765 -1403
78 214 -1057 -543 -667 442 -564 -1251 -1135 -553 689 420 -717 585 297 -205 -275 -1003 202 262 409 -961 148 -419 11
-200 -776 -900 -827 600 383 -433 -944 -571 173 -839 612 -45 -78 608 -181 -85 -587 -172 -1017 -254 375 49 436 -712
1539 -2685 -899 -499 619 -5919 -3266 -8501 -6415 -925 -11176 -13491 -13299 -13790 -7812 7264 1147 2594 -1865 -621 2778 3294 5364 548 3846
-2330 -2036 -3330 -349 605 -2823 -4806 -3971 -906 339 -1942 3002 207 -45 -1046 -2410 -2900 -7426 1169 1440 2137 4071 -411 1077 3071
-2301 372 -486 -3431 -5537 -374 2865 -2832 -445 -3462 2918 -4589 -2431 4249 -503 1182 378 5239 1348 5702 -2143 2921 2074 -321 4877
-665 4262 3085 5567 2455 -2816 -3233 -1063 2968 -90 -1869 1472 4146 2369 -387 3761 -227 -909 4789 2831 -8107 618 2775 -1106 -1555
130 -1037 -200 -609 -238 -396 -290 -792 -282 -966 -919 -580 -885 -604 -848 -846 -852 -1054 -794 457 -1124 -502 -517 263 557
3876 -3227 -4582 -1839 -182 -1474 -7483 -2108 -4572 1178 -2204 723 -1935 -3804 771 6686 -3634 -1626 3194 4334 428 -1469 725 -1902 1248
282 -108 -244 -577 13 115 356 -670 -50 -52 51 17 -1096 -603 -686 -632 -382 -907 -1288 315 51 -105 -442 -1130 -90
-1118 4269 -1389 -2145 3726 2565 3185 2193 1971 938 4000 -3994 -4668 -6396 -5562 -510 -2015 -6153 -6841 -6485 -2598 -4726 -614 -2865 1699
2514 -1411 -58 -374 2490 -3844 -676 67 4499 -2669 4654 3525 -1672 -1473 -2450 2914 -110 3196 -2027 2153 -6563 -1068 -2512 78 277
192 -1188 235 235 363 -986 392 -671 -1257 -920 -1092 -937 -74 -148 -515 -748 -296 -769 364 82 135 -573 -1223 -28 -313
2969 -2470 2742 1394 -1685 418 -3691 3719 463 -3916 375 -2236 -198 592 -1778 2461 -2263 1739 2998 8166 5193 -250 1276 798 67
-586 255 -624 -616 228 -99 698 -128 -374 -411 225 -604 -743 -293 -14 312 -36 -773 -80 -856 -401 65 -274 -1296 -526
517 -226 -155 -822 639 -701 -345 -697 -179 -3 -1012 -96 347 -791 -900 -1001 517 347 239 -579 -186 51 -834 2 -966
-506 -361 -417 -207 102 -440 -603 -1249 254 -640 -816 -432 -1270 -299 -663 -120 -343 87 -107 -637 -1063 -1079 152 -551 140
-868 608 734 -399 -116 626 474 -90 261 -393 452 -898 -856 -325 480 -912 454 465 -480 433 -955 657 549 113 646
-1325 -98 -1225 -130 -132 332 -465 -54 -1075 -461 -307 -150 -1196 -1079 -1666 -1325 -1053 317 -845 -826 -145 -1528 -1089 -1292 161
-1334 -107 2575 2689 2344 4834 -1558 -1681 584 -4857 753 1470 -675 -4545 -2551 219 1035 -446 358 -3933 -3950 4114 -2562 -354 -8209
8 -595 -647 -815 193 -1351 -662 181 -828 368 -318 -1241 72 -148 -947 -822 31 -115 -88 -382 -580 -350 -789 -355 240
1838 2902 2620 -328 -2512 2029 2735 -1714 1758 2917 292 -3236 -1967 -5331 646 -3381 -4189 -2143 -4977 -1397 -645 -1541 -4021 3373 3120
747 -653 402 -963 -59 -380 -42 539 669 -801 -391 -519 -321 490 859 -726 -558 -773 22 -67 -283 -421 268 -44 -123
-1413 101 292 -172 -30 -940 -623 202 -917 -873 -321 -710 804 -176 -821 106 144 -241 -791 463 -806 -1041 -688 -339 -636
-464 847 -4863 431 -443 837 -1164 -1530 -490 -8503 -6003 -6250 -1874 -8267 -1585 -3697 -2932 -7233 -1617 807 8070 -3186 292 23 899
-31 189 -134 -27 -687 135 574 -64 -555 129 -320 -148 471 226 -807 73 -88 174 -256 -665 -215 -633 -316 -971 -458
-884 285 -107 -769 162 -276 338 411 385 -787 461 -711 377 -122 -564 309 -686 -358 -223 -87 -505 -923 496 -682 -537
-884 -1339 4436 2686 -1697 -2182 -2902 1744 597 -2708 851 3236 -341 -1312 1269 1 2979 315 13 -432 -2751 -350 1170 -6606 -5867
-896 266 -548 -1174 156 754 -172 -677 -1140 841 -588 -1196 -470 563 -365 -383 319 -797 -541 -1223 -284 -912 -679 -162 -1108
4215 -321 -2815 2294 1203 8247 -2039 -2917 -236 2965 -1917 -5076 375 5478 3289 -2305 -212 -562 -1921 -3025 2837 -531 -3080 1085 1182
343 -816 -762 -1123 229 -598 518 121 -813 -356 -323 746 -1143 -897 218 143 -107 -876 182 -837 242 181 741 -602 -391
-626 2639 -4924 -1650 -1144 -4502 -5346 -2120 -1746 6195 2046 -110 -896 -2056 4436 4131 2537 -863 -2682 1765 5396 941 -2064 3219 3052
686 994 -3983 211 2654 -6099 -6318 -1745 3198 8108 -4472 -6081 362 2808 557 -2830 -4639 2495 -1592 47 -140 190 7692 1489 1719
-320 -729 -67 576 -211 -25 -888 -109 -490 249 -40 -935 426 -360 -355 -1336 -703 288 511 110 -375 -495 -821 -226 -936
-1963 -971 -1002 -465 3945 -3336 2434 674 1052 11 2816 4831 -244 1314 510 5526 -1058 16 1735 3232 1211 -1948 517 -1035 2691
-5961 100 1439 1114 2095 1635 1151 1217 945 3352 2017 755 1909 1714 -989 -1372 -4702 -2763 -3501 -1241 -1253 -4494 -6765 -66 -5683
-805 -709 176 7 -424 331 -160 -32 158 -602 220 -145 629 -836 373 355 -442 -279 -574 -715 267 -196 526 -742 -940
4713 -6840 -11264 -3805 -1376 3374 -9173 -9085 -5627 5005 1274 -2419 -2919 3073 4050 4858 3015 -214 2340 336 4584 853 -1223 -500 -118
202 -1413 833 -575 -4790 1016 -689 -3038 -1115 -3802 -2334 -2350 -761 1904 1000 1862 1767 2070 3094 8348 7061 2714 576 617 9265
379 -372 319 -638 -5 174 -588 -356 -768 -714 49 1 -613 -324 -168 -212 -953 -969 -415 -144 -30 -570 81 103 -565
892 -3212 -3348 -394 3142 2350 1449 292 1285 139 2004 2410 274 1592 580 -2432 -2840 -5255 -3277 -1577 -6126 -2866 -1386 2244 3801
-293 -683 2941 1046 7251 -4134 -942 -1906 -8712 -6927 -1925 -657 -3049 -5374 -1650 2381 -1265 4181 4671 2437 -939 -4343 2789 996 -1506
-10288 1144 -4343 -6588 -5845 -6361 -1941 -2036 -2131 -4257 -3158 -1847 1826 -931 -4574 -1703 4620 -1837 -2681 -5701 3834 -762 -4639 -1823 4245
3292 -1839 -3472 2177 452 -1435 441 2152 52 895 3815 -1534 5977 -764 3197 732 -499 -251 -756 -2138 -890 3710 7064 -816 4913
596 -911 -36 151 -820 -88 427 -331 -778 185 31 -573 -132 -276 492 -436 -151 381 340 -213 211 -550 -209 -785 -23
-3523 402 -1891 873 -2620 -4068 1464 -2756 -388 -5175 2748 1227 2374 -383 -3263 4435 2576 2153 2541 3057 2909 5580 -324 1263 -672
-902 313 -413 473 -565 335 39 -187 -510 -288 -788 -170 -389 -477 -154 261 -292 -1100 -833 -837 -699 -499 88 239 -459
495 8095 -4795 -5495 3133 5349 -145 -6504 -5386 -5268 2558 -143 -6025 -3883 -4615 -366 -3296 -1453 -778 255 1257 -1701 -223 -3096 -3747
-802 -878 635 -748 240 -1032 -1348 -662 262 -523 -1116 -988 356 55 261 -870 -1137 -730 -1172 169 -497 -519 -460 -54 -309
-108 966 1882 1118 -4323 4253 -118 1556 699 1768 -4330 766 -1492 2577 784 2707 1616 -249 2282 -2591 2407 -2461 4130 1776 -407
-15919 1778 4361 1176 -3959 -5511 -2603 2985 -1844 1135 932 -169 -3612 802 -3454 335 -2654 -3730 -4730 -908 6491 -783 -555 4397 -1040
68 -199 -777 -624 263 -626 5 94 397 469 11 -423 -595 -1028 -956 -506 124 -614 -13 12 31 206 -727 -968 446
-2433 -661 -740 -5653 1781 -2550 1874 1860 3885 -822 -723 3391 1832 4752 -211 1491 -8110 599 5363 2592 -7071 -3533 -3171 2187 7403
231 -763 -629 252 -808 -650 192 435 -337 -218 -988 -983 -691 730 619 -937 272 -449 123 49 -383 367 -175 791 -469
-863 470 -2166 1034 1944 3934 1637 -3329 -153 289 1493 -2643 -3881 -538 1653 3058 3691 -652 1113 4234 6820 690 -2951 -2480 2159
4619 1556 1446 -1028 -8533 2130 4397 1818 -3683 -7875 3212 3606 -2450 -2011 -3485 -222 -2744 999 658 -145 -1014 -663 -3421 1781 -1927
706 -529 2239 -851 1778 -2050 -3410 605 -6106 2959 -6361 -3332 -1722 -737 -3113 2197 -2934 -1914 -4156 -1531 5582 -75 2273 3962 13684
-873 512 -906 170 -630 476 -2 258 -1044 -793 -775 -184 -78 311 -983 91 71 -383 562 -38 -681 -133 -508 -621 -618
-9601 -3610 -6415 -5417 -12668 -261 3621 -908 -6382 -9252 -2044 846 -689 2390 3679 -741 -897 -2696 592 1390 -2815 1864 1272 -3370 -156
4409 -4540 -8441 4199 -1900 -9889 -3490 614 1550 1796 878 2865 2600 1756 1529 15 1094 1028 -143 841 -106 -121 -2149 3342 1919
-2931 3491 4931 547 3185 -3262 -444 243 2257 1218 -5622 -949 -197 -605 -2250 393 -1137 2614 4512 -2572 4326 5139 -1200 -1697 -3972
6294 -2167 -485 4991 2266 3173 5026 2672 -1200 -207 3558 1590 519 772 -2200 -4882 -7496 -2782 -566 -5244 -16297 -4435 2517 -1224 -4752
-5175 -809 535 1657 -2014 -4442 -1366 1248 4737 -1621 -4441 -235 -1237 -466 -2831 -2824 -219 1443 661 1481 -1647 -2629 4897 -250 -1526
622 -224 -1127 -1512 -88 -329 -442 -308 -984 -568 -1495 -1289 1100 -900 -1790 -890 -44 58 -989 206 -493 -701 -616 -338 1108
429 -805 -327 -505 -1187 -542 -412 280 347 -1638 -693 -610 151 357 -814 49 -863 32 -1057 -487 433 -1593 -571 -740 -99
-1342 -87 636 -615 -555 -521 251 483 341 -1400 -629 -9 -652 250 -1410 -653 40 -620 -440 176 489 490 54 -782 -452
4645 2966 -457 3501 1085 4678 5957 -1797 -1244 55 532 5521 1959 504 2929 81 1719 723 1512 3049 -1814 -3565 -9555 -2992 -6034
-8987 154 128 3539 -1546 -229 38 2316 664 -417 1109 3661 -1517 -4250 -3244 -2551 1229 -298 -4121 681 -109 3152 2248 -2784 -3355
3007 -981 1524 -4108 1471 -745 -1312 -2153 6465 -1734 -1139 961 1456 1842 584 1219 -15 -2648 896 -1575 3828 5878 -6107 1637 -2982
-679 -940 94 -490 -100 -704 -131 -1126 -909 44 -874 -134 -946 -634 -794 -184 -1039 -156 415 318 -281 -245 89 650 695
-5027 6611 4199 708 625 -12234 -3235 2387 7508 3151 1552 2204 737 1561 -841 287 -2969 81 1202 1055 1506 -1145 501 -3555 -2438
7838 -2006 2611 1458 4009 -2026 -2138 -769 -1098 2846 -2653 1817 634 711 6538 -4476 -3879 -420 -1675 891 408 -1348 1401 -698 -7318
-3933 1218 -1186 2451 3735 -94 2665 1087 -1865 -9160 -1802 -17 -3543 -2944 268 -4080 -1536 1581 1865 1499 -5192 -3371 -1536 4107 457
1313 579 770 -2552 -3795 4057 1137 -4583 -966 -326 5492 -1252 1906 4436 -2736 3438 -1410 -159 1197 665 -4045 -2683 -804 2517 -894
-7647 2082 3712 5556 5320 1859 2718 3883 2274 -3178 -3910 -2498 645 -3973 -8840 -876 -755 -318 -5383 5662 668 862 609 -94 1950
-3502 843 -2947 474 2179 3322 -391 -1523 -3247 -3145 6233 274 -3141 -5181 -4380 5352 -2206 -5589 479 -2780 4043 2403 -1404 -170 -5328
-1099 81 -305 -559 254 -467 -1093 -1416 -60 513 -685 -206 -934 -319 441 -641 -171 -1431 43 -133 -549 -1158 104 -524 234
5205 -552 1320 -1175 -805 -6050 -4026 -828 1591 5535 -4792 -2072 1105 -777 -1251 1479 3056 927 -2756 -3532 -1170 1627 5058 1445 1866
7164 3465 -516 4074 4939 743 -1537 -4466 -835 6444 -4739 -209 -1162 4656 4907 -1330 794 3957 3413 4369 1631 381 -3254 -2095 -2406
-294 371 -905 -792 -604 -152 -858 -263 -436 782 -927 102 -994 339 -700 -965 -861 -873 -979 144 -544 346 -792 480 201
1050 5814 1450 -787 6591 -1698 1332 924 -3966 -1921 -4041 -2540 -5710 -7866 138 231 -1166 1794 -1361 -17 661 3770 2654 -36 1063
5400 -2492 1515 954 -1144 -4054 789 1402 1931 -1649 -2970 -658 -1114 375 -204 4336 517 -2757 -4921 -7670 -1193 333 2812 2009 1682
306 3950 -578 440 3320 -4440 -2281 -2329 1789 4347 -4184 -724 -1828 -1524 4584 -4442 -1666 -1452 2442 5015 -3040 4167 8127 2878 -635
-37 -748 -337 -431 672 -581 -454 245 -200 -69 -888 1 -583 514 -611 -394 -281 540 -915 -149 -704 437 648 -783 553
-856 -2607 -4820 -5652 1244 -1825 -3082 -5112 341 -517 1076 -1232 3695 2165 528 4346 -166 -1258 -117 625 3644 -3922 -3000 -938 -4170
1402 2027 820 2958 431 2360 6578 -3803 3483 5125 -641 -3279 -5017 2384 7252 -2493 -404 -761 -4371 -6571 -687 -2075 -4834 -4361 -2663
211 -1074 -830 285 -254 -1293 -196 -178 -227 -1529 -377 -399 -320 -668 -592 -860 -933 -902 -671 295 -1 -1188 -862 -449 -302
486 37 315 -156 362 -1102 140 -423 333 690 -682 -121 668 -930 -537 -193 603 190 427 12 -708 -554 -121 41 -264
-334 2944 1138 -2030 415 -3684 3094 -625 -1961 4132 -4364 -7393 -4118 -5608 4280 1832 -653 -349 2356 3212 -4815 -5733 -8080 2894 7324
-1768 1464 1836 2593 5173 2048 3 -2774 -1254 1559 1648 3345 -2566 -2798 -5198 1930 609 -2258 20 -3768 725 -1376 6390 5313 980
-719 -1305 -1575 8 -658 -1041 -1346 -193 -195 532 -1036 -490 -95 -1236 -1255 -617 -796 -12 -1019 -1370 -1102 -157 -1357 -846 -985
-3125 -1467 -2050 909 -3162 2132 -151 3655 -3705 1565 -5161 -4001 -862 -387 291 -9538 -2935 -3089 229 -3685 -17489 -16651 -1509 5177 718
-4579 -402 2878 -4827 -5955 -2699 -3043 -3427 -7809 -2137 -3033 -3649 -8584 3530 3301 3859 -1941 -1794 1292 3314 3514 5765 1189 1842 2494
7000 4571 1063 -384 -1649 5228 2648 5320 2591 -3615 1914 3184 -1888 -2575 -6908 2878 1805 -2562 3671 -2944 393 1434 3753 1522 -3729
-776 116 -417 -839 -1248 -834 -140 594 -908 -938 327 -770 -855 -664 -895 -249 -900 -380 -1193 -123 -380 -416 -1190 95 180
4046 -892 -245 4478 2149 -3880 -5106 -2313 -1452 -879 -2145 -1882 1785 7039 -6248 1360 -1598 -724 714 -2634 -1383 979 4502 5156 6086
6083 115 3500 2381 4358 5101 2927 1088 763 1248 -4059 -336 -1189 -2141 -5679 -3356 593 540 -2345 -1865 -768 2763 559 -872 -5289
-583 -5903 -6695 -3739 -182 1421 855 1611 1945 1201 -2593 3858 953 953 993 -8080 -780 4872 -305 -1016 -12384 317 1586 -1931 1379
77 352 -125 8 50 -512 -491 -444 -522 -438 355 -880 302 322 208 -317 599 -474 -514 -464 694 -777 306 436 -991
-1041 -5505 45 -853 -1948 -5370 -346 -3129 2787 1359 -280 -1986 123 1146 3978 -1432 587 1416 3280 3303 -7857 -2261 -49 3530 268
-118 -69 -698 274 241 -642 207 667 -468 -126 104 -382 -591 -370 -509 -808 -23 -61 249 -602 305 65 -100 305 -212
3162 6292 1664 2058 -2014 1381 157 764 -6762 -9700 2943 3513 3143 -2061 -2611 3776 1873 -79 -5301 -7607 -1682 -4226 432 -4108 -4747
7484 4422 -2642 1774 -1114 -2787 -1803 -782 -452 -2933 -3468 -631 1042 3296 -2266 1696 2538 1705 -2699 -2891 7973 -1031 -5780 2033 4453
-881 -1400 118 2592 -4330 1621 5272 1570 578 129 4121 2854 -3806 -180 -2342 2303 -3771 -1220 1987 224 -1126 -1920 5012 1509 -4843
-2177 1748 -2865 -226 1032 904 -1863 3415 3630 1723 1901 2362 -915 1150 695 1843 -1128 -1602 -499 602 -5786 -3612 -1336 4362 1845
-164 -2507 -2898 132 -972 -193 523 3863 -2893 -8315 1784 2099 4332 292 -2419 -3669 -1972 7499 -41 -437 -2093 643 5537 3985 4585
-346 -2500 928 -2628 2813 301 -2557 3379 -3075 5684 3563 770 472 -356 5681 -3245 1451 -2225 -3024 -786 -400 -736 727 1377 3095
413 274 107 250 -345 -752 -479 -150 -524 -729 -113 -985 -646 -186 -753 -778 60 -860 30 254 -765 187 291 -1004 533
167 187 -244 377 -1183 -537 -353 -739 141 -682 -400 39 -635 -746 -719 -18 -1096 -1246 -373 65 -885 -89 421 -558 861
-384 171 -801 -815 142 -584 -610 -591 -82 -427 144 -736 -597 369 606 -300 -1226 -1117 -262 -483 -974 -252 39 -803 -517
-455 2918 4549 3976 -2924 -1747 1388 3077 3165 2235 -5216 796 -3670 2952 2750 -4137 -1637 -2474 -511 3099 -2335 -5298 -8050 -2875 -3750
348 -819 -449 -391 -141 -636 -1167 -1141 -696 459 -451 134 -175 -499 -1014 -347 19 -935 -1898 -1088 454 -1289 145 -738 -304
-2074 -1826 -553 -949 -4039 7492 -844 929 2665 5977 -522 4393 733 4527 10608 888 496 -2410 3670 646 -4538 -1264 -605 732 -1838
-4897 1431 -3361 -490 -1667 -804 548 2023 7595 8470 -6822 -2482 3547 3482 8435 -1884 -555 -615 1985 7269 1298 -4851 -4529 -5513 2636
-3408 -600 -965 -319 -2624 3765 -3180 -2270 -780 -2526 1545 2614 -1035 6656 7094 -13 -412 -5298 -574 6851 4346 -5265 207 -1343 5896
-3459 -5063 -685 1990 -7445 -426 2102 1366 6674 -555 -1862 -3646 1309 -1014 2835 -5826 -2179 -824 -2655 -779 -7279 -671 8189 8907 4079
5551 2019 -1465 -687 7792 5465 2358 3102 561 2144 3780 1297 192 -1773 -250 -2610 -10 508 408 2924 -5353 -646 1725 3125 446
189 543 8 -547 32 -620 -886 45 -356 367 550 -671 -513 -662 387 578 254 -540 -641 -622 -279 -50 -628 519 -692
-194 -780 -210 137 -1068 -430 389 -1073 -550 -1570 401 163 229 46 -1343 -418 -237 -403 -584 -1090 -1235 -912 1268 -1410 -590
-769 -699 -103 -179 -456 -1276 270 267 -70 -106 -264 -1201 -1029 -514 -1050 -993 -87 -1569 501 -1033 95 -856 -142 -518 578
-1139 -280 -878 133 -1306 -687 -88 -118 -605 616 -215 -266 -188 -1565 1392 -139 -1547 243 -197 -448 -599 -198 -187 -1054 -550
-489 -906 -377 112 -349 -206 -660 415 3 533 476 -281 -1150 354 -198 868 423 112 -114 -460 -281 -186 -793 -671 89
-784 -491 -657 538 306 -823 -168 -454 -640 -837 256 618 -27 -592 -918 -676 -490 -681 189 -642 -137 891 -635 -531 304
-4545 -3897 -1166 -1593 -1185 1726 3046 893 -7299 367 4620 4900 -5110 -12094 -1115 -1268 290 -422 -5640 -1859 -3771 -191 -3381 -280 -1569
1050 -2623 -7512 -7943 -4490 1139 -8302 -8164 3035 -7565 -834 -4140 -2094 -1183 1641 -9049 -2514 -2855 -1203 -2506 -7590 -1862 -507 5640 -1215
-2265 3750 -1303 -383 -676 2010 529 2661 3671 10085 -2241 -733 779 1887 8239 2018 -2637 661 1784 4745 -296 -546 -3628 3448 2252
550 1834 -1445 -2370 -6557 -266 1087 3915 -847 -8063 -2428 -472 3912 1919 -10694 -3262 -3210 -2614 2737 -2076 -3039 -1623 5986 5749 3406
271 -148 -1039 -617 81 377 -891 -546 -1208 -64 -513 -166 -874 390 85 -1123 79 -364 164 -152 11 406 -489 -514 -31
74 -1985 5359 -3814 -822 -340 -4755 -2716 -5769 -3849 1249 -116 -11 3440 4808 -493 3436 -949 221 3870 7985 6567 -9439 -1822 1671
303 585 -183 -256 -623 729 -609 -264 -789 -702 635 159 -630 -487 179 -136 -321 343 -1140 -1376 -191 450 555 -810 -1016
1994 282 -6034 2146 5326 1131 4530 2435 332 -2401 -205 -2796 -6395 -7210 -3927 2036 -941 -5474 1521 -3810 -1286 -1704 1521 -256 -474
-833 848 -3255 1740 -918 -1314 2669 1667 903 3059 4026 -929 1864 -4109 -2231 5128 -337 -1932 -4017 -4594 4428 -915 -10194 -6414 -4260
350 578 -335 -247 164 427 -372 -647 -498 -326 -312 409 353 -709 254 -572 -232 -1063 232 174 -371 -271 -664 -445 -483
5749 2131 6353 -6007 -2915 4454 1900 2730 1347 2313 18 618 2083 429 515 -388 1269 -2891 65 1889 3607 -955 1646 -2433 3097
-502 -30 -741 -744 -13 -533 623 -1049 -263 -693 -903 -902 -607 201 -96 39 328 -945 -1011 -1183 549 -712 -1301 -884 -630
-280 190 -524 10 -324 -567 -660 -617 304 -462 -417 -326 544 -481 -280 165 -171 -463 -509 -387 17 -627 264 -712 -979
286 392 -783 -565 80 -801 -587 -1095 -132 168 -840 -470 -1172 -583 -62 380 -209 -467 -820 419 -928 81 100 684 -555
-546 -209 -294 -198 21 -355 -41 -586 172 333 270 572 653 -277 -434 -198 550 -438 345 -970 -748 -478 -552 -227 -542
-1048 -559 -557 -725 -895 -1345 -109 -575 81 55 -22 -963 -307 -1042 -260 -883 -396 -886 -1063 356 -212 354 13 -697 -429
5721 259 -933 4897 -88 -1262 -142 49 1735 1577 -2977 -2130 -3338 1277 2452 -426 1341 2193 2576 -2625 -2810 1857 3244 -569 -8974
200 560 -867 -766 83 -790 11 49 -633 -11 -465 -389 -723 -367 67 -196 -357 -830 -679 -821 475 -1172 -1149 -291 -901
3174 4065 -1392 -339 -3089 3035 4219 -413 -1308 -501 59 -1456 -3102 -2624 1286 -1910 -3107 -3379 -2 722 428 -3252 -4630 2048 1738
712 614 -397 -266 -479 809 -149 -262 445 -471 -70 -218 -501 -712 91 -1016 111 579 141 -874 -303 -983 -34 621 14
-29 -991 -91 -257 41 -517 -321 -641 484 -690 -964 -612 -496 604 -354 423 410 419 -727 132 31 -1043 -214 96 145
-226 6927 -960 -4122 5410 -2320 1708 -1698 -4666 -301 -717 902 -2375 -5353 975 2168 1877 -6612 -2377 -2407 7562 -795 2416 6292 7455
-347 34 -1121 -673 -789 -1385 -1289 64 14 -1100 -873 182 -284 29 -759 37 897 -446 -1144 -1153 120 -150 138 273 -84
-556 660 440 92 -403 -458 92 -898 -469 648 -594 -764 -715 453 -553 -796 552 -797 -529 -560 107 451 563 266 274
-6726 -893 -2323 1561 -4523 -2400 560 2071 915 -4031 1425 -1109 2139 2332 3646 3098 1716 -650 -42 -30 2059 1219 -3957 -2393 -3927
-84 83 394 116 -421 -981 409 -1290 348 -1064 152 -447 -556 -349 -280 -1195 456 -492 240 -502 -1157 -980 -861 -495 -682
1992 -3380 2469 -7632 -1005 3376 2078 -604 3165 4255 1325 -6592 -6726 1778 2971 -7136 -8330 -5750 1946 -2687 2164 -5667 -1386 -2230 -4224
361 380 432 -1278 -548 -751 -521 -1281 -893 -474 570 453 -485 -508 -283 -174 -397 -429 -460 266 610 903 -512 -1177 187
-5087 5995 -8133 -1434 -411 -9143 -4976 -4725 -5423 3261 -8016 -1501 550 -648 4261 7016 3351 816 -2428 413 8209 4910 295 -117 562
-5604 542 -762 -6964 3752 -4248 -7379 -11493 3329 3003 -11852 -1054 2648 5947 2431 -6325 -6058 -231 -590 91 -4977 -1689 2627 2503 3200
-310 -826 -600 -533 -631 46 -971 -220 280 -762 185 339 -737 -410 -251 -917 -11 -625 344 523 -1035 -1186 -791 85 81
-2080 6081 3997 -1253 837 -265 2857 -2746 622 1899 3353 1219 -101 1322 1572 4550 1032 -2682 3773 3286 -2639 1908 -2631 -387 -205
-1796 -7396 -7765 -1646 -2580 600 -2618 2913 2683 2268 7615 3815 4150 1159 74 -2450 -1102 316 1723 -3869 -2999 1087 117 -1822 -1073
-37 64 -824 -383 -1300 968 -54 15 104 -172 -560 140 -868 47 103 250 -1137 -844 600 -1087 -69 489 -219 -471 197
3869 -469 -7374 -4931 -6775 2315 -440 -12026 -11081 688 -359 -1960 -3001 -2625 759 6146 3023 -1415 -1034 -3345 8495 4009 -340 991 -925
-978 3058 558 -6276 -14125 1340 5503 -1899 -3912 -9611 -4668 2883 2480 -2646 -5318 1668 1203 2237 1157 2661 6456 3457 299 950 7665
-398 47 232 -769 -896 412 -800 -752 -687 -617 282 -552 78 -555 -532 -621 -708 -1034 -713 -954 44 -426 -253 -315 135
5011 -1353 -742 995 1627 7259 2800 6249 507 1620 4450 4632 3920 -4619 71 1046 1246 -688 -2625 -644 -4904 -1616 778 -1460 -143
-4323 -4281 3854 1891 4349 300 -2562 -1752 -4319 -2733 -1888 -1043 -1054 -6103 -4163 -2451 -1588 -1048 979 520 -1732 -3378 -5398 613 1163
-2654 -3416 -3384 -8563 -3214 -5941 89 1986 1846 -3807 -12367 -1131 -282 -5096 -3375 -7944 562 -1737 -2351 58 4554 1337 -285 1975 567
-8129 -1529 2762 318 -789 4499 -913 1542 222 -49 6155 454 1199 838 -8 -706 5334 1423 -18 949 3881 6055 4632 -74 -2914
-378 489 -262 450 -273 -180 -593 409 405 -925 527 -370 -666 -735 117 -735 -718 -21 472 431 405 235 -706 -558 138
2507 -1762 -3279 130 -3421 720 -1550 1036 -3175 -1484 -3941 -1276 2103 -2864 591 738 4460 5156 803 3999 5164 3979 788 497 1491
-633 324 -947 -131 -347 -542 -230 -922 -641 -117 -502 373 517 -269 562 -146 245 -138 -301 32 -558 -328 -658 -209 -901
-652 9037 2083 -7569 -1206 2177 3051 -7000 -1594 -3058 5768 -5357 -4121 -3235 -1506 -3172 -4324 1818 -1393 1425 -3117 -935 -3024 4238 1037
317 -280 -254 -514 -1178 -801 -863 149 -125 -340 -182 -48 330 -1146 -99 -451 -834 -502 291 -927 432 -586 -396 -1143 -562
-40 -961 -225 -149 -4179 2602 1323 2814 -596 1582 -352 2901 -2310 1998 1264 -2864 -1896 -7828 1761 -3290 4347 -971 2194 681 212
-24991 -1037 3941 3026 -414 -23274 -1830 1171 -1682 1629 -4754 460 -4852 -4890 -1160 2017 -1138 -6743 -740 -3751 -1603 5642 -652 2414 3294
139 -258 -1084 -306 -99 -164 -161 -860 440 230 -163 -811 -324 -560 591 -116 314 -89 -1010 -877 -1135 -584 -943 -820 -342
3369 1935 -8189 2944 -2555 3302 -1309 926 -718 1141 -1908 3294 -1382 -1301 -6087 2016 -2579 -2680 36 3000 -973 -6554 -1844 3076 5635
511 -157 657 -1008 77 -998 -412 -408 -814 -185 -382 -527 293 480 655 48 -892 292 -355 -1012 -354 -40 -314 -711 325
950 -2090 -2933 -3266 2663 6547 -2425 -1578 -2669 1625 1302 -4714 -2649 -1167 1364 2360 -2387 -586 3508 -991 3706 -1017 -2578 1905 2701
-165 1155 -3120 -946 -2059 -3738 4076 -110 700 -805 299 1772 -1655 -2209 -4319 1423 208 1391 3140 -155 -693 1083 -789 2901 -1626
6024 2164 3628 4880 -2075 -2488 -471 -1070 -6161 2057 -8676 -2209 -2276 -7035 -72 -3951 -1293 -662 489 -2362 4063 -3168 -2251 -114 5322
-664 263 -1 136 59 462 -1055 -1026 -799 -807 305 -984 -373 704 -780 -835 -142 -735 -604 748 -247 -559 -263 274 -420
-10197 -8208 -6519 -10377 -4358 -1783 2786 -353 -4585 -4998 4830 1239 -1557 -760 -1156 1478 1192 3331 661 -2522 -660 2771 -1844 -6121 -1608
9768 -5562 -12750 3958 2523 -3164 -2793 1187 1316 -1043 -2360 -579 -2791 -2972 -1099 2922 1304 -100 1532 -731 -3359 1405 -636 2012 -1039
-9764 -1730 3795 -1322 3023 -9271 -3653 281 1171 -723 -10383 -2640 2752 -708 -1018 -1720 -1237 990 912 -536 3623 -1748 730 4030 -778
-5313 1884 3237 6021 -1691 2716 265 1345 -616 -2586 7004 3223 -1481 2231 2454 -3038 -1651 -225 -1494 -3020 -6835 -5174 -469 210 -918
-7044 335 1451 -4359 -2585 1840 1918 3774 4503 1557 -1834 -3044 3655 -27 -4992 -7237 -4450 -851 -1144 -1854 2053 2680 1569 2894 228
818 263 -161 -94 -1065 839 -249 -793 -910 -686 467 -2239 -125 78 -661 -974 -464 158 -458 -1967 -480 -150 -1071 -1268 71
549 149 26 518 -691 -144 -874 -133 -202 -919 -865 226 375 328 242 -53 -355 -22 123 -853 19 229 -862 -572 -1063
77 -568 564 279 -898 69 -875 -791 -907 -816 -541 -468 -539 -298 -722 448 407 227 191 20 -538 -78 481 550 15
8502 1770 1144 3847 1055 5343 2162 561 4250 -317 3760 5320 1253 2349 1263 -296 1109 -1148 -1258 1859 -130 -2314 -5285 -4877 805
2254 4951 -1080 -4119 -910 -5074 3006 953 533 -3643 92 -174 2743 -3887 -471 -855 7 6276 -2150 -1667 -3600 386 2735 -1248 -494
3244 -3916 -2369 1493 5249 2983 -1725 -2737 1621 3343 -4562 3079 113 2963 -2686 5033 1297 -7407 -4727 -897 5502 1932 1238 2294 -848
-5 -402 -615 -244 17 -32 -185 -641 -28 650 472 72 -467 -17 182 -488 -873 -564 -153 -356 -436 -627 -350 -481 -373
-1359 -5860 3694 5998 -3630 -4575 -4114 842 4020 3191 -3496 1351 5929 2846 -732 3515 472 1618 441 -4515 -55 2186 2335 -2533 -2565
2062 3559 2164 329 92 3553 -2537 -521 1231 1690 -6531 -3033 -39 2047 2448 -1500 -664 1740 1572 1337 -696 191 219 -4220 897
-3651 -1007 369 1068 -2987 -3302 2722 -126 -2867 -3177 -1022 -425 -5035 -4834 -2677 -3863 -316 -13 3942 630 -4158 -987 76 254 2320
-13863 -1769 2549 177 -3175 9419 -1810 130 -349 -1131 8084 -1519 1473 3720 821 3342 10 2769 -4370 848 1351 -4758 582 1987 3607
7388 -2794 6782 3528 -2710 202 6484 7540 4032 -1056 -104 2239 1037 1239 -2599 -2463 1150 -1889 -3213 3891 -1344 1964 360 43 5706
-11080 -4885 -8186 -1631 4812 557 -2999 -2845 -2517 4190 5284 -5126 -3451 -5097 -2497 2809 -6020 -5347 -1850 -4462 6152 -207 3777 1713 -2547
-458 -746 -190 -344 -1231 -894 -260 -392 -1391 -307 -755 117 -180 -584 -103 -149 -1489 50 147 -494 509 -414 -76 176 -589
4176 1818 4104 1879 -1809 -4592 -3255 -2809 986 1012 -7119 -956 3412 2075 104 -3882 3987 2449 -155 -3749 1157 4518 2792 3398 -1571
8758 5953 125 -2007 1915 -3228 -982 -2076 -2552 1057 -7264 376 -3197 -4325 5085 -648 1779 669 1842 -2703 1967 -945 776 374 -1855
-458 -891 -830 -497 137 -798 -830 -190 -687 -359 -1308 -1081 -740 951 122 -175 -1162 -51 -70 108 305 -180 270 -705 -1233
8234 7678 6699 646 -798 -2306 4041 1412 -4098 -1012 -8264 -4747 -3200 -9029 -1581 -4320 -4487 -814 5028 2972 3133 6153 2565 2029 -705
-5072 -2853 7729 5776 2961 661 1604 3254 2395 -228 -1262 -1183 -1128 311 2 -1492 5523 394 -522 -366 -3486 -1920 625 -1779 -4350
-8597 191 718 986 -4750 -1079 -307 3492 940 1272 -2036 1002 2458 2126 -104 -6134 -63 899 3655 1648 904 3257 2751 1548 111
-839 -728 -833 -263 -134 -822 -555 166 61 -874 -633 -86 -778 -370 484 255 -609 -606 644 -439 123 -209 -87 -153 -458
2689 1368 2432 -6654 -1756 1049 3775 -924 1498 3190 -2561 -1062 -1258 523 -4136 3335 579 2889 2058 1380 19 -2214 -1657 456 -2807
7972 915 -197 -4588 1705 717 -2348 1868 669 3623 895 387 -837 2401 5302 2706 -80 273 2062 -251 189 -1119 2202 -8754 -6042
-465 -834 -935 -795 -189 291 -595 -71 -1057 -1206 -1421 -1351 283 513 -371 -269 -753 -584 327 -627 -128 -1183 -177 -811 -606
650 -843 251 -509 -678 -178 -105 -288 -552 -88 -363 47 -14 -1024 -438 -626 36 -118 -546 201 10 -350 446 -25 -985
-4002 2101 6498 631 1629 -2140 1455 -1151 -3427 5040 -2841 -4412 -7793 -5754 1445 -543 -8558 3225 -5238 6638 -4346 -3339 1901 74 3859
4348 6605 1165 402 740 -10957 -3262 -2679 -3826 3710 -2641 -2098 -6233 -1608 1687 254 4447 -2878 -2635 -1668 -1187 57 1613 5921 -361
-438 297 -1180 22 -590 765 217 -421 -798 -92 -670 158 158 -750 -1222 17 458 616 -680 -1134 18 127 -455 -846 -761
5102 -736 1065 564 -1833 4040 -2459 556 414 3979 -1584 -6269 -779 -177 1187 -15426 -7821 -35 -426 -1937 -15734 -18243 -3462 3137 145
-11412 605 4827 2816 1821 -7814 -3026 -3557 -10970 4157 -6862 -1359 -2949 3229 2027 2707 -2459 2037 149 3120 3423 3673 2216 1771 -191
-913 4777 -773 -959 -1550 5171 6234 4809 -913 713 675 1889 -2018 4274 -1119 -2167 2692 731 3731 -1723 3036 2721 819 2259 -1144
554 -418 163 -459 -1108 264 -819 377 377 -749 -938 -215 -80 238 100 -769 -944 -769 207 123 14 -939 42 -374 -68
14206 3953 -3102 6099 2722 -5117 149 -1890 4004 2737 -4000 -1530 -4706 4470 -1539 2649 -1137 1267 1032 382 -497 -4277 -1187 2670 3520
1394 1188 2710 4326 2473 -2809 5596 2270 -588 1105 -4060 4335 5480 -1153 -2760 -333 737 2386 988 -512 -532 -2056 1777 -2150 -2548
-607 -7178 -8821 -5794 1676 517 -3226 -213 -1050 2099 7754 2996 2910 3811 640 -5863 4445 3596 -16 -908 -7050 -1712 4162 1669 -801
-104 374 -559 274 -906 53 -723 43 595 -564 -983 417 205 116 598 257 -166 -330 -437 -501 -421 560 381 -783 537
-4905 -2150 2467 2983 -6384 -907 -1674 488 -2202 -1531 2123 748 -1389 2747 3481 -4493 2518 -956 2101 5019 -2388 5180 3202 4024 -1086
-834 510 418 -49 -787 -513 88 347 -28 -174 -160 -288 -745 -286 -359 344 146 -206 185 -121 -404 -1290 -140 -505 -86
-3814 -4169 2687 4610 714 -1869 2681 -1761 -4637 -4158 -1307 2424 2720 -3852 -6119 -1477 7661 5231 951 3748 -955 -2083 -4750 662 -1708
12987 8108 3904 -2451 2214 2127 -1887 -1298 -3378 -2222 -2614 2322 2964 1252 -2412 732 5674 2365 2815 1380 840 2855 -4469 -628 515
-4628 -1053 -3683 744 2068 -3660 1907 689 3968 -2366 -1380 4500 1339 -2546 -4102 3935 -1803 -1808 -2715 -355 3813 -1855 3611 2669 -806
-3471 -2108 -4086 -1359 -3009 -3950 350 -1878 1471 2491 43 -700 -3570 -356 3294 3958 -1283 -1226 -699 2984 -3120 -3981 567 3963 111
-5250 3956 1485 5473 -6750 -83 919 -464 -225 -6937 -2167 -2899 -213 -3875 -3516 -718 -642 4310 1545 926 -4990 -3503 937 1917 4038
479 2218 1457 -3333 -2192 -172 1965 2715 2703 1891 6760 2401 130 1027 4096 1434 -3327 -1963 -735 -413 -468 819 -2860 -1158 -1737
-752 -739 201 -573 -940 261 -145 55 69 -84 288 -933 39 -778 -1078 243 -962 182 -787 -61 -416 -99 -423 -34 -378
837 40 55 -557 103 715 63 -109 701 -1306 516 -1106 -1161 -856 190 -269 -1068 -1170 -167 -1345 -638 85 -108 -361 -604
-511 -160 216 111 -338 883 -20 -1197 61 60 837 -486 -1055 -715 -239 -392 -990 -480 523 -618 -1275 -727 -394 64 -732
-1608 3892 6931 1864 -1163 -2003 5864 808 2279 2111 -5344 -236 -117 2808 1717 -6175 -839 -2092 1115 1049 -2343 -703 -7030 -2786 -1524
-494 -212 -828 -197 -1718 301 -554 -22 -981 -339 -696 -292 -757 -813 -1316 -1404 -809 -86 -1069 -568 -852 -947 382 -1015 -1254
-2977 -3283 -241 -4946 -1691 3011 -1528 -585 2091 145 7629 792 342 5122 7232 2903 -1348 -5563 1974 1537 -2604 -4125 721 1189 -2562
2798 4961 -864 -7933 -623 -1434 -1778 -1102 5104 524 2325 -633 1335 209 1994 1160 193 218 -357 5130 -3701 -3088 -315 2940 1680
-1643 254 1404 -5453 1392 -1300 169 -556 -3820 -1349 -1258 -836 -412 -131 4141 635 -1372 -6431 1670 1472 1830 -5100 -3170 -2076 -718
-4577 973 -1227 1236 -2114 3144 1746 1216 1159 -2614 1725 -299 1750 1957 -4002 -4156 159 -2392 -438 -55 -8282 -5635 1377 6732 3417
-2909 2511 -747 -594 4918 6887 131 3194 1811 5304 8490 1993 258 -1451 954 5329 -3730 -3086 -1077 1796 -2243 -943 1008 3687 1504
380 421 424 -526 340 96 -647 -520 209 -834 -518 92 -465 481 -60 -1 -720 388 459 343 -177 -793 -563 264 149
-1053 588 -291 448 28 -380 409 -625 -587 -87 -1496 -83 -544 95 -836 1132 -265 -643 496 -982 -462 -439 1688 -83 -999
-716 -636 0 -742 -511 -1313 -1355 -270 -784 532 579 -827 58 -723 -7 -938 -971 -1587 -295 -291 -1634 -1102 -353 -564 311
-653 -248 -344 -1323 -1423 735 -50 -1618 -489 -506 -750 -231 -1220 -206 -1074 446 -881 -490 -1193 -244 865 -36 -731 255 -485
-337 450 -139 -257 -661 -548 -383 10 -1197 -91 609 34 -497 666 -392 -401 -128 379 500 620 295 779 195 -796 -130
395 -783 287 -790 201 145 -140 -859 376 -578 -424 120 683 267 -819 -318 -499 -418 -683 -393 -908 150 601 77 -427
9143 2985 -5889 -730 -2881 560 5524 -4466 -1813 211 3076 3795 -2891 -14966 -5247 4854 309 -1585 69 -5054 4712 -3565 -1082 1764 -2490
946 6307 -1757 2232 379 6048 605 -12036 -11400 -4417 3762 -519 -5122 4822 1797 -1188 1268 -5282 -4251 -1021 -11385 392 1814 -324 -1104
-3766 523 2212 -619 579 -7 -576 -1074 81 4047 4027 747 1561 5051 3211 3999 -647 -228 -8 1431 3699 -2354 -3417 -2905 2416
899 1899 3266 4504 -746 -7038 908 -313 -1198 1308 -5596 -611 -1073 1753 -4067 -2462 -2848 -339 234 489 -3909 -1512 -1302 4828 735
624 -826 179 42 226 59 -836 -855 -572 -522 166 -805 188 287 -106 242 -690 -924 292 113 123 173 -1194 -325 -182
-7781 -2697 -2697 -2989 740 4012 -3241 -245 -5283 -2535 -4184 -4352 -5216 -2423 2049 4537 390 -1064 -873 4404 9667 3629 -4921 -6351 3853
-570 -351 -388 -401 -184 864 -1156 382 -819 55 -178 -21 -628 804 91 88 -692 -268 -1184 353 -342 -3 -162 -1182 -485
-5014 -3769 1671 -728 2358 3905 6945 932 462 2070 -2840 -889 -1836 -4563 -2355 439 -7847 -7526 -4587 -6300 -1471 -3554 -3408 1411 -1143
-8721 -3392 3387 -531 4531 3926 1390 3336 1914 3383 7373 4137 4110 346 -1445 6023 -62 -3051 -3044 -1823 2368 889 -5123 -4712 -6163
-511 -305 189 -473 284 -271 35 -350 -711 -736 -520 -451 -474 38 -686 342 414 -629 85 137 242 107 -987 -194 405
2661 -668 439 -3361 437 2328 -36 2428 604 544 17 1009 4567 3155 -253 2580 -1736 355 -71 -173 4042 1983 683 -901 -401
-892 477 155 -785 -369 449 -306 -902 117 482 166 -608 -1075 321 -113 -333 -319 -155 -708 407 -194 -806 -480 -425 -640
261 -18 -53 -886 416 82 -493 -917 6 -799 -732 -636 -626 -682 -487 -229 -868 384 -775 -522 506 -995 -267 450 117
51 635 647 -293 -467 451 416 0 48 -5 -462 454 -611 -88 -130 -12 -904 -768 -1237 691 45 -462 56 -1165 238
174 263 -618 94 256 -1090 -469 -404 209 -180 159 -875 -363 -207 675 -276 466 -592 -147 469 -2 343 -427 -483 -715
-148 67 -762 -338 400 -251 42 -1064 -1409 -975 -825 -65 77 -1249 -568 -1674 -341 -389 -1305 -110 -454 263 -447 -407 -167
4717 -412 -7737 2771 1951 11097 -219 1336 3966 1017 -2302 -2501 2025 2872 3191 -1036 418 920 2693 -1204 5361 2295 3071 993 -2496
-776 -127 575 -371 -540 -1146 413 185 -139 286 605 -730 -582 285 -966 -105 -609 -483 -85 -627 880 560 -565 103 -272
-938 220 3520 1342 -3587 3699 4581 233 -856 -766 3931 1653 -1059 -4822 -269 -666 -3132 -5089 -2312 574 -1902 -2063 -4709 889 2399
-458 212 -139 -411 -563 211 -562 136 -135 -158 182 190 7 784 220 -79 447 -513 529 -418 -854 -347 617 -808 493
-886 -1719 -162 -480 346 -1200 -556 -355 609 -151 -911 -104 -597 218 -554 84 -1055 736 659 473 214 125 -45 -459 -618
2978 4426 1485 -1119 2639 4097 5136 -1824 -5813 1034 -6226 763 214 -6078 -1561 1160 2508 -8104 -2778 838 2228 -2216 -3653 1386 2166
139 -1145 -372 -38 -40 -286 -396 -64 -99 -1299 -1234 223 -4 -52 220 246 -250 -421 -118 -216 -323 -490 300 -504 -133
439 -575 -748 -592 -386 -697 -297 -964 -795 -789 320 505 -102 531 -449 -316 484 494 -885 242 -174 -206 -921 -330 626
1034
0
387
0
0
4633
0
1252
1272
0
0
0
0
0
0
0
1188
0
2428
0
0
0
0
0
0
0
0
1023
0
0
0
0
1666
279
0
1149
0
0
0
66
1970
0
0
3466
1118
0
0
0
0
0
1832
1463
0
0
2332
260
0
0
1057
0
0
0
0
0
0
0
1246
0
986
0
235
0
2746
0
0
0
0
1492
0
270
0
0
0
0
0
0
925
0
1475
0
0
0
0
0
0
0
0
0
946
487
0
0
0
0
0
0
744
0
0
0
0
0
2865
0
0
0
0
0
0
0
