0002f841fc4400f7fae90024fc40fc2a05210093feccf7bb00d8fc8dfc78028204550e85fca109d4
fb5105b902c200df005b025c028dffd3fdb2fcc4006711cf027eff0cfdd9ff52ee721501fd57055e
00200957fcf31032017bef460270fd0b16bdffc7fe5e007affdd00b8ef6dfc53ec9c06acfdb70e44
020b1f40fc1b1ff8e6670bc6005900480cdcff0eff741b1ffe3afe28ef39fd1ff91a00fefceb071c
fbcbf308fd021e61e1e9fffc00df00240973fc81fb2700df003701a9f826ff37f465c9acff8ffd5b
ff760702fe690444042301b5fd9dfc05f8350120fd0cfdd80099fdd8f6ebfbadf861feadfde304ec
00a7f9e9fd9efd5afe340673fca2fdd2f1a400fcfd1801fffdaffc75f4dbfc4eec020121fc590564
ff26117efe8b16b9f9f2e5fd0134fe8309130118ff61f66c0006fff9f3e1ff04f68300dafcfa000e
fbb90f0ff98704690047ee6d003a01ab1926000d002505a3ff7201e8f9e40044faaa061902490d3f
fe50079cfb4806d2077deacf007efd6529b5fd2b0002eb3d002f02df0440fb6df885f061fede0077
ff91fd51fc06fbce0c450884fef3011cee64001dfc9b02850214fd47f24cfc9f03a4ee6c01610d5b
fc4e0ec50004f9eff8ff0b490040fe74ed820074ff51f97201b0fcc6efffff60fc0df6f7fee5ff37
ff64faf502720d5fe7f6ee6e027b02600054fd64fa6f0010fc36fd2deec4005aff12f835fb37f029
fbeafcadfd7c01ef076aefa6fffdffc11158ff330095fbbf01e200ff03effd94f0200846005bf918
001ef600fd9efd7717e7e8ec015501b10c64fd4cfe85e40bffaffe58fb4d025a0a50dc6300cc0cb3
fe650290fbee05c2fe0c0818fe6bfce5043e00de0161fafdfdb3f919f03bfd7007f8021cffdc0839
00520334fa7c0de2ea470124fe630044fa5f023dffccf9b0fdaefc49f295fd0f1159f387fc9f06ac
010ef43bfce90d17f211e4e6ff1dfd3ff82e00840056fe0dfd21008df0580093ff130910fe31fdbb
ff4def65fdb31ef0170a08f4ffc2fed0f4daffd6faeaef500039feb6f81200e8025b112dfdcaf5e6
fe03f136fb48f3ce15141fa7019801f3fb4f012f0099f27e00fc001bf3d3fda6f90edebf02a0f420
fae2036200290345f9250c2900c6fdfe04e3fecefcdf097a0008fa4801d3fd25ff87098effe50f8e
01ed078cfa77fd25ff95f0e60096ffa90df6fdb8fceb08c3ff2bf913f209fe3d1f06fb6afceefe95
02060829000904f61502f39ffe38fe16042aff79fe83fc6afecffc91ff0600c50fb60cf50168f2c1
fa44dcfb01f30226098507ab00fafeaa0f0d01e3fe3fe640ff650298efbcfe851c732959fc5bf9b2
fb60f414fc0dfea70e611624fc85013e00f1fd8dfd0ee6fa027e01c7f901ffcb1b8708f1fe59ebfd
ffee01a10143fdfcfe840305ff8902970334fe4602ad01bfffceff0efd16019700eb016d011d0470
fefb02d502a80064015c02d0feb4fda3fe3c01a900c6fed2fe1bfd79fe22003000e70255ff67ff7b
fdf90097fea20319fff103460175009902d90007010c0621017900f5009dfe57ff60012d002c0159
0321fea6018affb3008a0462fd0c008cfe2c00abfcd5fe0dfef3fd48ff92024bfd59ffefff2cfdc3
00fa0116fe45fcc20097fe2100d20304ff850151fe71024efea9fe2202ec016ffdac008dfd95fe18
fce50297fce1fc25fbd3fa77ff880109043dfe8cfd7efd45ff13021bfd7d022d0791fc20ff20fc76
fcd2fa12ff8c03f4fcbe045afe6100e4feb7fded01cffef70003fd49026cfd660239fc620206fe24
fe88ff55fe97fe560092fd35009402f6ffc5020300a0fd73ff35021c02e10065ff26fd25ffcafcba
fe72fd8fffa201e7fd9dfe92012402f2016200a500bcfe82fe79fd3afed001b401ea02f5fdc3ff03
fcda03d2019c03e80279fb160320fe5ffde4ff36024ffe6200e9021101d0fe80fdb0fdbcfdd20047
01d9fef50181fe8f0411fd74fe88fd7c02e300ec003403a10058024f01c5002202cbfe55fd790380
ffdf036ffea503c80087fba5ff05ff1006ff006800ccfc0f01d001c3ffe5fd3d02a10181ffbdff21
fce30093fe3500e30362022d00c5fe9efe9dfd4801670289fef3fd57012302cd00a1fe79fdba04a2
ffe20065ff96fdb7016500c1ff90fe2c00d7fedffef5044302c600b901de008901460122006d024d
032000a4fe2b0253fff6fccc005e0072004affd2009e0306fe0effacfcd700d50018007c01b5fc7b
fdddfdbffe2003f5fe00fa8eff000325fb1400efff8efe46fd310289fdc30267ff54fb2dfff9fee3
fea0fe4001a60054ffe8ff19fe1b021d0000fd15ff3f042701980168fd6dfcefff2802e802e8002a
fe3d03b7fe0700d8fee203bbfd54ff88ff03fe010252ffacffd8ff8d0298fdcdfeb3fe3902adfdd5
fd16fe48fde400f9fe6c00a300cb015302cc0119fd2bfdf5febb009400faff1e02abfd7efe04fa08
ff01015000ee015601ac009f0183fe12ff3e00d3fefcff920266024a00ebfd5afe38ff840048fff2
fec001d50259fc1801f8fe2b01dd00e102a40035ff2802d3007b005efdc2fff402a301cb0297fde2
009c017efe20ff8dfcb6ff900218fe48fe830049fd5a03cffde2011e00dcfd29ffd8ff66ff1c036a
fed804ca0230001c031d01ec00fc021a0398fd3efcdd025b00c9030502dd01f2ffcb00b3fdf6fb12
0076fbe7002a0181fe4a018f0320022000a0007501e804c9fef7fefbfdf4025d0135fe7efcf90042
02d0018d00ffff9705b9ff2ffe480090023cffbd0272fc00007300c9018d021803550463ffe7ff36
006af3c4ff1c042de9b6ff6a02800045f7b8fe5efcba158cfc98fa06039bfe0d122707d4fceaf62f
fc92ec52fcd402f9fd2e0758001cfecff4c6fe09ffd20368fe40fd610c97fd971ca6ddf5004cf758
fcafe8cdfe9cecb1faf9fd30fdc7fbf4ebf2fe64fe0012d5fdaefef90410fb5a132b0d66fcba138a
fcf2d455fd73e508048b09dbfd25fdbde4f4fbecffc8061e00a40008f553fc410690f515ff96013a
fee0d2acfa4503c4034d0716ffe600f4eea1ff90fc01f742fd51fd0afe1cfbf41328ea78fbcdee4d
fed90516fe8ff5e9f52bfb9ffea4fddfe3e9fc4cfd4f0a47ff0600c4f85cfd011612f5f9ff3afd8d
fee1f9b0fdadf87dfe4208e2fe83fc14f562fb96fef7050001bdfd210282fd060e79fbeafe1f06a3
01cdf477ff48f3cffc780ea402b2fb93fb9ffb0dffa307e7fdea01dae7b0fe461186f37f00f50c9c
0211f8c5fb35f6d505a6078eff100114f577fbaeff1dfbfe0007fb6cf945fd7315d3f3eefb0ffa33
0100eaf7feafee43065303d7fafffe9fef5cffd0fe30d355fc18fd7ff4e6fde00b78e0c4fc4dfa90
fdd6f90a0067fc9703d0f8ebfc93019cdd7601daffda12a7fe5afc22fd39ffd30ed4fcab01eeff7b
fc4105e3fb26f40ef7d3096000e6fb25fa99fbdeff570f6b02affb2bff5ffd4d0cf407a4fc00fc53
fced0b8cfd47f63bfa980e010047003b0bc10007fc1e07a8fe89fa07fb8dfe7c0763ffe4fc6006e4
01d206b4f99df7a101310306faf6fa880587fafefd29ee4bfb5affd7fc20ff420d11ef06003e06d3
fbd105e8fbb1f659019bfd19fd28fea60846fea5fc88e718fc8fff43ff4700d905cdee3bff1a07e4
ff37025ffb662137eaf8f9ccfd1900d70180000100fb0afdfe52fedafd95029d0d25fcbc035afc17
ff26fee8fb4e0768ee18f8dbfa6d003f0658ffaa018c021d0228fdcf0220fc690d82f98cfb9c0411
0123f2a3fa8cf767f336041dff5cfdbd09bcfec9019bffb3fd4cfdaafbeafbeefcdf02eb002603bd
ffd70560fb1ffdd9f06907e4fe6dfffffb13ffd4fe8ffc51002efc34f95dfe8ef0c203d9fbee0a96
00690bf5fc1bf469fa930e02fb18ffda0a26fef3fe68fcdffc17fec80387009fff24f219ffe5052c
ff3602bbfb2f1793f32a0529feeffc9d0341ffae01be189701bcfff3096d01fa08f7f3e1feb6fd31
fd84f36afba50790f0e90805009bff3d0a4d01dafeb50b00fc8dfe0208d7fbf3f078fcddfdbc03cc
fbaf1ac6fa51216bed1c1ee8fea1ff200cd7fb80fc950daa00f6faf605d8fda6e182f8c4007b08bd
00cf18e9fc0d2082fd301b81fb7f007d01bffe07003ff8790170ff1cf7f5ffffe60ff31dfcc80d8d
fe410f45fb6cf7caf3771854fdf2fa5c02f1ff4bff8d040bfdc0fe8bf6f5fdfbecc6fc4fffb1faaa
faa0fcc8fbb4057df67d3d43ff97fcebe5ba0134fe421b0d0066feb8051dfd1cf67c0165fdba29a4
ff3afc3dfb35f43108daeb8c0025fed70895fd98fd770558fc81fed9fec4ff7209211017012c0c0e
fbd9fa5dfc87f4b00b98f4dbfd33fbe6094f01b2fcc80094fcaa04a007f701f705ca0540ffda04d4
fc340385f9d7f2dcfd1df59dfe26fd91046efc1dfedfe6940166fb97f2cafec7fcdd02b7fb980bc2
003df3f4fb2bdf53eb38feccfbef003a048bfd5afed0d9680084fb95f6e00255021304c5026208fa
fd98f5d8fc4af72bfedc05660029fd82f6bbff5f010710940238f9c50638fcd906fc18940174fd2c
fa9c0f5dfef1f9d7048e0362002bfdb4ec5afd0d012f1a04fc86fed40288fccffda3feb1fde9f96b
ff5bfb9ff9e6f4ce036c112ffedafcccfddb00d4ffba0266fe21fcb6f193fe2d07b401670188096b
004a1240fc96fd2aea550420fcc6feae01c10169ff6ed5adfeeffcc0f259fd30ffb801310147fdec
fcb404c1fe90f674dfcf1f6b007000a4ee8dfd6ffc57dea5fdf1fe5fff9601d20be404d2026c0207
fe910f8df96003a2f029fb58004600340bc1fdae0193fc36ff47fff3f951fde8019c0638004c0897
ffb116aa0075fcdf05a0f62bfedfffbf0a2cff3a004312c4fcecff5eff51fc1e00dd1279fd4dfa8a
ff1a1357fd8af1f90972fd5aff62ff0feea8fe7802b5f9eefca1fcc3ff97fef902990d50fed4f479
010d166ffe4aff9ff80b0eb5fd81ff45ff1effeeffc8f39c0155021e04230081fff319e5fcd7fb02
fb780dce00d908deeb94fb16005a004c224d001dfcdef5c4ff87030aff12000f29e8f0bfff53f07a
fe13ff75fde00babe6b501c2fe56ff2e08fcfddafd8f00b00098ff15ff95febb0015f34d00b6fa31
004ff8effc1102410706fe95008dfcd01201febbffb315190061fbe5037dfd1bff1ee4cbfee1f3b1
fbab0783fc3af8f3f8f103c100affacaf8e2fc3c02a4fee8ff8afef6f844fcb8ef81107bfb4a0972
ff4f005bfdb6f8bb158908880017fcbc0cf8fdd5ff8a0053ff72fdae07670244ff820613016608fe
fa120ecffd990a3615ad0e520008ff1f0c5dfee0fc8ffd7b01b5ffe0f246018f0fa0c67ffc920ab6
ff15067eff230aacea170a640082ff2d1131fd99ffd2018602bbfe9eef460202fff4074dfcd0f1eb
fb7b0855fb8303cef239eeea0036fd6a084f01edfc990dfbfc47f944042cfd76f4cbeb2100d304da
ff8d0664fcf80360101306e5fc3bff92fed2005e01dc09cbfcc9fc22fe35fa78e2f702a200db1c29
fb99f2f3fdd402601502252cfbb9fdeb0a44ff0afd82fd02ff8bfdfc03850065e5d1e6f101501086
fa54feeafbbf09911098f55dfe15ffa8fe86fe13fb46f1c1ff9f0178ff82fe4ee401d354ffd004a4
fee7de5a0019049813f30b2cffa0ff1befb60045ffa82123ff8cf89afde0ffa103e7f5a2fea5fcf9
fe9ef89c01b9eedb059efafb017dffb0fa670184013613ccff8d04cf02f7fcf20e840b5efd08ff42
017ff4b2fbe0de112073058cfd6e0205ee3d0229ff6602f8fd2dff37f7eafd7001f0008dfe4f0e96
0235fbfffdc0ef350a3cede8fe71fdd30a330038fdd2e7e1ffcbfbd1f9d7fb2800631357fd9cff3f
ff1ae93ffbfaeef50511de44fd7d0141035aff54fd580859fc4ffe280301fb72ec4b0e4300a50fa8
f9fded57ff90f8370309eecbfe6bfd95fe65ff75ffd10ae50009ff6af7170118fcd512a6fe170121
fb7bece5fc29f31b09f6ff3000e8fabaed2eff99ff990ef7fd51ffcff9cefcba07ad08a6fe3e16a9
fd8c0e9cf993e55b1489f6f1fc51fbcdfbe3fe1efa7ae931ff0d006000da00420b770f2bfdc71080
fd4f0901f955eef90f2be665ff78fde3f999ffc3fce5cc7d025bfdb7066f00730790f042fcdc008e
fc5ee986fdf7fe22f692fa430109008ff03001bbfc8fe7d00297fc3101070195f831088b01870a3c
febff79dfa0c10cbdfc30178ff88fcfb0de90199ff82148f0262fcbffbb1ff3c06171c4300bcf93f
fdecf634faf00851fdbb0152fd4bff14f83800a9fc71fe91002cfed7fc39002a0b340e5800cb02ac
fdbd09ebfd8e067701fa025ffe36ff46130bfce40194d3d0fedefb9407a1025cfe7e0d16fea302f5
fb5218fcffbc03acfb98033bfff9fd76f2050033fb8ddf590092fee911d60227f6d1eff4fddefb8a
fc7efdb0fe300a6ac6b7ff73012bfeb7e3e9ff07fd28fe42fe4efe73048cffdc0d70018bff50f19c
ff34f7d2fa33033be21e16fffe3ffd300ca10212fd1c0bb700a3010bfc8b0175e98f076502d8f48f
fdcaf4cafad303e1f959fbcefe64fdc508bdfd950029f694fe45fbaa05f9fec3f078005fff49fe35
00d31120fe400c2e1233f23aff5f006b10c20081ff89f03bfe6ffc1cfe600233e53101bbfc15f606
fca20af0008c047311a4fd97feccfcf8fc1f0018fcd3fd2701ba00c808ddfc4bfba5fdf9ff3df447
fd3ef739fca51066f181fa58fe0dfc27fc5c001efda7f502fdc8fd0dfa7e008a102ef5f0fe7a027a
0030f0cb007d06b7f2aa12f5fd1ffdfb133f009fff08f7b6fcc6fc2afada0190fd1efc64013cf252
fec9f8c1fcf5034f17c0f36ffd5afc8ffb3ffcbffe8008250189fe91fa8d0059f8eceeb9fce3072d
0042f4b2fc8c128d08f2088dff9bfac5f77300d7ff5bf935004600af025bfe6be3bb017eff8b1173
ffd40caefcb117c8eae30e9ffd2bffcc041b0062fe4b06aaffbe03e7ffb702a3e913ce8ffe1ff983
febe0e750073101df2f1f9b70265fb1ef183003bfa81fd9afdd1002101a4febbf39ff72dfbaffc49
02d1fda6ff7d0162fe21fd1d00d5017e016cffd5ffca01e7fded0031fda30162032c030e0002ffb0
009c02fdffce013f0280ff3ffe3cfd52fde5fd13ff1ffe3302d60128ffeafd1a02e4ffac00dd01e9
009bfdc7005dffc5fdabff26fd1b0261ff46ff8e0295fe700320018302cd024d01a9fdccfdb1fe32
fd14fd11ff91005dfd370309feb50110fd3401150099fd92ffc9ff58fd58ff1100b5fd01ff9800b0
fd39030cff68007e00cbff48fea000b300f202c7009afd01fe5901a7ffafff4902010299ff0eff5f
ff92033100d502b501b9ff37017902af01c7fda1fcd301c9ffaefdf5ffd901b5005f02d000a9fe6a
fd7fff74fcecff3b024affecfdeb01e9fd770237008301d901b0fe54fce0fe5601b401e0ffef0211
0227021602dcfeb70069fd6001990008feba00abfe9e01ccffabfd14024dff8500b002ac01ddfe78
ff98fdf501100085030300470173fdac0062ffc90085009f0037fddd0152fe83030cfe4b01c9fceb
00bb0257ff4900130285fe9dfd91fe44ff4cfd5102d401b7014dff9f016b02f70013fd1afdb9fe78
028c00de00f6020efdb7fdfb011dfd28018cfce4016101a402cfff0f010bfebcffdefdca0067ff59
fdb7fdd1fe6dfccd0183ffd2fceafe07017aff5aff2301cdfe7dfff90190fcecfd230070ff8c01b0
ff4dfe68fe73fe18fda8ffb8015bff3700900040020dfcd90041ffe202d30080fd8f018e02d8fd2d
ff28fe3efda202d3fd770064feb801fa0009012802a0000dfef8ff3000e3ffaf03080312ff360244
ff3501e8ff7300fc01b0fe4ffd100109fdb90240ffe7ff7401c4fe75fd86006b001400af02ee01eb
0167fd61fcd7ffde0115febc001c021202cf026cffe3feccfe850300006ffdc7ffc501ed0177fe60
021aff9bfda900dcff05027dfd060135006a014f0325017b032dff4f022bffe00170ff6afff300e4
02f30200ffaf0058fffdfd46fd8a02f2fcfffed7ff55fec40026fddafce7000e0245032dff300067
030602aafd58fff1fd8afcf8ff1afd59fffbfe1d004cffefff21011afd5ffe22027afe6901befdb4
01aefd2fff37fd46006cfe2f00b6fd11fea5018cff6aff5bfdd200baff3b012602ed030bfd84fe90
fdaa0105ff630138fb97fee301e4fd60fdf80308fcedfee5013dfcf800e0fcf3fe30fc17fee301ac
023c01e9021401c5feecfd9800f7016bfe25018500bdfff0024b0049000a01b2ff7a0146fd0d0277
004dffed02b9fdaafe5e009d0289fd7f02cdfee00096fe0f01d4ffa0ff0f0332fd5a016e030f01a1
00b6fd38fd2500a8fda702e50125fd9afe30fdebfdd202f40283fd94fdb202dd00ef0240ffc801c7
01f6fd250290fd46020e025000d002ee007b006301dc008f00ecfeb300fbfe03fce8023f02f7026e
ffbe1babfb9efe33ff72f586008bfec51984fcb9005cfccefeff0159fcaefaa6ee1c0af3fa86f4b0
ff7b0a11fff3047ffd5df59cfc0efced07acfdf8fb1a170effb3fcf8fa27fefaf6f200f3feaaf4e7
fed9f7b800f524a9f7d4f2cdfd02fe2afe1300fc013d17b4ff51fc78fdfefe310239f766fe0b0654
ff6aee0d099e1521fdf4e5c3ffbefb8cf878ff58fea416430178034c0d6f007cfb6aebea0091f9b9
ff6cfd9703621e8d08fef6560160fa8cf05c014ffb501477fd5f01760a2ffd2cf30004d8ff4df160
ff760b5200ec1afc0ac1ef77fe08ff332482ff17fe700144fd95fa5300ba000eee840ba5fcd8ebfd
ff4814bafd44178e0087f150fb2efdcf0b360192fb28fba8fed9fdaf09b3fdd9f7e6fdb40036f0fa
fb89f260004e085c0951f036fe07ff3bf7f0fcd7fc8ff219fe63046605cefabce52cfaa2ff55fa55
fbfee2fb02c3f5820b12fa220121fedd02e9fc6f0249eba2ff78fe780712fb320026d907fc8bfb0f
fcf6f7bffaaa13c70475fd9b01f3ffd8f22200950100fc49fb9f01ebfbb4fe3eeabb059afd7c0ba7
00fa0a2f00fd12bd20680372fd11ffa60bd3fad4fce1f686013dfffffe5efc77ddae093fff51e51a
009a09e000d4dc0a27f0fc50fdfa00901b65ffeffb2204e1fe9c00d609defc1a03180bb6ff48ff28
fdf71b430366eefb0c000fd0000a015f08c6fe28fd3bf2cc01a60154fd7bff51fff8fb4dfb7518a3
ff3bf07801e6fa5d0199ffeafef0fc20f4d2ff28fe080c1f007afb61fa07fea302cbe93dfb2611e6
01a8ffa3fc54ebe517a5f66d01dffdadd98afe7b003509edfeeffff0fe23fb00ee22fdebfe61003c
008bf843fd45f2011a34fa8efb02ff21e549fea7feb51748fca3fe1dff60fefadeb01849ff00edff
faeffcbbfd2ee3b115ceff9eff93fbad04d1fc20fd9f08de0139ffa9ff99ff7aff091786ffec13a3
fd4f04470030e35aff4402abfecbffda1b18ff4bfc470668ff53ffcffd8d003708af0a1bff531044
01810729ffb1e7970615ed5e022ffc671400fc60ffdd07f301bfff4cfbcbfec106daefd0ffbcff9f
fff911a8ffc1fe88f3fde98efc35fcbef3c000de00ef0e5dfca1fd7a08b1ff3dfa25f11dff150115
fcedf737fc1c08731175f502fc66fae6ec91fb93fcb1fa2e00d6fbae010afb8afe7e0040009df5fb
fceefbe9fde0fbaa078efd94ffc6faf2e6a3017bfb4af94801f7fbf10719fecfe7f6ffef00580491
fdca10760535fee1fbf507bffce4012ff20cfe43fadf0beb011fff350075fd31ef34ffeffb72f264
fd0d0680008c0937f31ff7b0fe18fcd8009302acfed600820147fc94017cfa8b091905c0ffe2fb73
fd240e91fd9a012eeacdee6ffd54fde8ff53fe090030f8ea0162fe07041afb8208751113fd0be5ee
fb23eddd003ff72ffc000929fcc7fbc3f3dbfe10fec4f7fefd9e0072f884fc5dfa050962fcb6100e
fdab0199fdacf4d4017b04defd66fe80f2f4016ffab2f866feec010d06340183f2aaf9caffa70d16
01c3fb87fb3dfdf30bc0100ffbc3ff3af21400d10089db20ffd7fd28f4d1002df5ea0929fb510ea6
fc550e2ffd0908dcf97af8670010fb6efd61ff4bfd9fe3c6015afa73fde7ffaff62f1324ff440f1a
fdfb12de00550f23e9c2020dffd5fcfe00dd00a5fbde0056ff26fa17fbd7fe6fed9d02b0fd8c164b
fe810124fec1017afb1cfec8017afd27fd61fe8cfee1ff4ffe79032bedddfe1403950110fcb60643
ff5cf4bdfdb00136fbe71b18fca8fc58f4d7fdfbff57fc30febcfe6df90cff3f018cfa7d00ab0c16
0043ffd4fbd7114e060d0301fc3000b8fce40015fb57cdbffccdfd9afd0c00b7fa77fc4000001382
ff4d1247fba404ec0921ff1f00cdfe3ff028fd16fbffddccfdd5fdb5ffbeff64f3fa0b55ff8714ef
ff91fc71fa71f834f7a8eeb2ff80fcf40908fc59fd1cfd18fda6fc65f8effc980081f611fee4fd2a
fbdef8f3fbb30697f4d50039fc5cfb5bfaa8007afe8b08ba0256009aee96fd200836fca0007c09eb
005bf5b801ac00b7d7acfe38fe17fc7701bfff2701c6f7d1fdeffecefe8ffba3fd9c010cfdbf02b9
fa80fe7f01160358e76f0887013effa1e17afd01fca7e460fd9b0153fa04fcd1f56f0659fe4efa8a
fc9ffa19fc20093dfb04e9f3fdcfffbe0164fc40fff9eedb0109f855f8acff99fcd700ccfb6a0611
fcd4eb79fd5618aefb9ddaac00affc23f029fdeafdad0627ff56fbae03a4007a04d1ec80ffaeea2f
fcbaf8ddfd1a0476fdd20ac2fe55fe0a03aefe210190f7d3fdbcff550219fddd06d50acafef403f9
01bf030cfd9a0fd9fb1806e8fefa002cfc6dfb6300f4febcfdeefcecff8bfdf40685fd78ff27f9a0
fcc908d1fda5159debda1308014afadafe58fe57fe75f7a9000bfbddfc0f008c0f5af16b002af569
fee4f840fff11256fc550464ff92ff63ee5e0015feb30313ff79feadfa3efc3bfc0c0b38000aefc4
fd6afc30ffec05e2f58ffcbafd72fadaf2280028fef4eb240222f9b5ffa3febe0ad6f488fd4bf006
fc75f5effd41fa57f56704d9fcfffe5218b1fc15fd0f0867ff68fc9afb46ff980cf0075bfbf7fe61
00b6fcd0ff60f7a70b9ff911fc5bfb4d08a8ff05fdd2fefffc7dfcbefe64ff3e22441a57fe7a06ac
fd1ae65cff35f82f1c2808c8fe7c02591244fec4fcd8f13dff00fcd2091afc0d24ea1cb3fc43175e
0167d829fa5cf4a20d9f220dfdd1fe560698000ffc4ce9e6fd9e0148f613fad811dc0a51fdf0080c
ff67f3d3fde6e93bed5d1e080089fcce01c5fc23ff8df890fe9efa47f922fd5bfc63ee67fc710c09
faa0f9f10202fc4ae80effa1fe8e01c1122fffb6fdc3038e00bcfb8afbcdfbf40c0dee62fcbefe2f
feaefb62fe3303b602f10c170209fcaf0ae5fd17fddc11ccfc2300d5fe69fe450860f8aefe2cf6d6
fec3f408fdb5f9d4015c0b71fd8a003a0c24009ffe861e4bfd9d005ff0f8fc470c23f88efb7e024a
ff13d71dfc13ec350671f9cffd08fc29f1b7fba9fc250848fc8c0174f8ee00700d31f5aefec0fc26
015cd4a3fddff25407ce02c4fdb900fef544ffecfc10e5a1fcd7fe64f644fafe13f7e0bf0070f427
fddbff36ffdc10aff46af926fed9fdc4f25900040030ecae0055ff82f7980018f8610638fde6ec36
fd4905e7029bfad20776f960fe20fe100acdffddffd7196b0188fe65f13ffca7fb5e13e9015cdca9
fc6e00fa00ddf4c5fd65fb7cfe13fba7059efc6f00c10ef201c2fb98fdf9fdd40ab00114fcd5ea0d
0239ee41fd86fa4efc2d0392fd92fd05fdecfefbff75fcf7ff170202febcfe5817260726fca0f776
0163f928fad6f8270712077dfc3b008bfdcffdd9fdc3f772018700cfff15fe3904a1f45cfd450365
ff2a071ffbf5085b13d60b4dfe57fd7d0cae017cfdcdf448fd330213ff0e00ac0995c90d023bf4a1
fc060feafea6f21bf30b0188fe28fbcb043bfc85fd46fcb100adffc90026024012cfe989fc89fd3a
fd7b0a5b0202f5eef6faf3c4fc16fe0511400193fe230358fc9cfea2fd71ffd80708e30001030512
fbbd0a11ffdef4c90725faa6013bffb212de0104feeb026a019cfea8f576fd3ffc9feffa01d801f3
fce5160dfc26065a195302e3ff0d00580196ff6f00ac0ed7fcfb0232ee66fc7ddc7ffd8afe5a1ca4
fc2a106bfda700ccffa20054fdadfec3fb98fc69026b0876006bf9c5f5f5017e0e43f710fff5f8d9
005e0ce0fa49e761fb29f7a0fe19fc3109830041fca0ff04013bfc5cfee1fba7fc09035bfdad07f2
fbf50836fef5fc220419f591fcf6fb9705a8000c01a1084bff92fd7ef07bff98f93efc57febe0e54
ff4d035600580331113ffbfcfbefff5514d1fe6601570846fe3200d4efe8017bfb6304effcad008f
fe4403dbfe5ff74f1c2718eafff9feba07d1fd8afe7d05c7ff6bfed7f29d0059fe980ed000c10dcd
fca1004e007c15d202690a32ff6f010e0837ff3bfe0600240023fe59081402370461f84afdc2ffb6
ff4bfc23fe0d01b7f9cc05d90144004f0f7cfde5007df7dffe50fe8afc8bfedc0dd0fdb5fde7f49a
fbcaf922fc71fdfafb30f80001d0ffe5f498fd78fdedf400fdfcf7c1f7c1fc120c6f0244feb3ea4c
fd330c50feb90657f38af2f7008dffe8f760fc9efee0fe4fff85fe8af986fdcf04ee05d3fc33eff1
fe0004de004e015b0189f76efed8fd40fa98fb110237051bff9a053efc1efcdf113afc59fd2bf0e6
feb6f8a3054ef817213514b2fc3b004f318ffe74021c306cfe99ff440cc90172158d10fdfcaa0d5d
fd02de6f0100eba50fe8faf2ffadfcea1d5dfeaa02a5155502470389073efc5009360e790020013e
fb13f44df8f013bc06c70290fd1ffca0062efc350203facbfeb503130a50003519b5100c00811d80
fe4eed60fc9e10ceed58fb1bfd38fff5ee690150fd7d0a2ffd63fe45fcf9006efb04ef0c00661034
0113f118fda208edef4814810088fe772389ffd2fd390316fc7803cfff9fff40e7cefab4fe43e97e
fb4bff9e0056f9a2e4b1fe5300d2026afb170171ffe21354ffbafaeb0d33ff1305980da60277fdbd
ffa7f8c5fe590567ed8cf272fd7afc33067d0267fde405a60160fdc801eb0198fac508e8018a02d1
fd2df0bafdb6fc7cfebdebf6fcfaff8ff699fc94005f0982fe4efd220b1200d008b70877fdd5f3ae
003cf9bcfc55013e109f0c03001100020ae0fc6cfbc1fbaefc4c0008fd65023be943037a01e50538
fcd4ee4afd75fe871c65f309ff1efc5b09c2fcdefc6bf9ff01f4ffed05c5fea3ea03f96fffd80315
fcac0d8a0032046af7f1f4c8fd12fd1bf607ff75026bfebdfe93fb130cf9001cfe3403590018feea
fcf118c8faa9fbc6f0e3fa2b020cfb6b0ec701f0fcaaf824fd74fc79f2fafe8e04fcf7f8fc7a01fe
fbe705befc1300cdfddffa1b0096fc0406300169009f1390fc6bfff0f57ffd5e0dfe05f30231fa58
fdfa0a04fd3207a8040f1697fddbfcd30621ff85fdaf02edfe0201ed01a4011fe90608af02a3fc30
fde40a4ffc9600311d411513feedfe7aff91fd3afaaef97a010f02f10e98fcd8f0040334fcbff989
fce9152ffbf11470f8ad02afff17ffcfffe3013600d1eb8701bc00d90dc0fc880f3f074600191164
0098fc23007b070b039ef8ed00d8fed5055600b700bf05f9003fffc5fe2200950055f757fee50512
fc62fe92fbca0656f703fcc301f8013ffd9bffb60099055cffeffa07014cfa77fcef0485ffec0511
fdd9fee200c6fb9a0d850fd4fc62fe701207fc71fe84f8c50164fac10abcfe85f427154600f90a4d
fb160c57ff2ef76a1fdd0ae300ed01052925fc72fea30929feab019d0cb20035ead8f8e00087ff77
fb61fb86fc3114d9007eede7ffd90174f3bd0114fcaa0692ff5ffe010b8bfc54fbd30b3302b4fbc0
010f069bfb270b340d33e3a501dffdc905dbfd10fdbbfcffff55fe4ffc3afb4e0d81ffaefffdeba9
01470b61fca5fe3af333ffa3fd16fb60eecf01c7003a0b7dffd3fd35fccafc9e0d9417ebff03fb00
fe0af788ff3aebc70aaafe61fdd3fc5700e6fe77fd71ffbf00f7fee1fed1020ef73b0b24020b0979
ff980924fad2f9de00f4fb8cff6501aa129efc3cff93fb39febb012e07b5023ef7afd5e60236fd40
fab60fd8fcf60a4ee970fe9a01e2fde00af5021bff62eb7cfd01fe3d00970092fb7a1402fc7a08dd
fdd5177b00b60bcbe9a8ff1bffa3fca2172afd47fdfbf4b4fdb9fc0bf4d7fc930dd20d78fdd2ee1d
fe2412ecfd5bf46efb8d0a1201b6fead1c030147fdba0b76005d051bff27fc8918590214fcfbed4f
fdd9f7b3fc98f283ff7df9d7ff6bfe4210dafc86fcc70fa301c0fdf0f9a400eb15be0254fbd1f7a3
fd2df4f4fcc5e800006b07c9fdb8fc86fe41fe48fd29e08ffec1037ffaddff410f4801a6fcb0fa1b
fd39f71afc8f163402240a980016fed0df0c00f9009ef1feffb5fabafc0ffe1e0593f3b5fd1afb5e
fd5f088cfedd0d47fac002e6fc69feb9f79ffcaafd87fbbbff88fce5f808022beed809b0ffa7fd29
fca8110d048ffdcef8baf110ff1aff30109efd54024011e2fe62fc59eb9ffcd6071001fdfdb2f8b2
fd2d067dff0bfbb9065cf5f301bdfe171de8ffd10098f34efe98fd9cefc2fe28123f130efebbf8fe
0249150eff790021fd69f98a011d02851ebbfdfdfeb7e4930014ffc0f85cfe5103dbec880242f413
fa2ef535fe5503930148050efe9201efea5dfdb2fead08fffd3dfbfb03d9002006b6f0210053076a
fdb80a07fb99fa3a07fc0507ff4dff8bec3400110040fb62022bfc4ef383fda0f6b2f88afdf7fbe7
fdf9001502f90941f791e9cfff75fb3e0a78fd23ff5006a6fd17fa61f924fe6b02ff0855fdeaf455
01c4fb740028f95d112110aefffdfc8f13acffcbfc02fd60fea50208f331ffc2069b1466015f012f
ff880175fe53eddc02200136fc990202062dffafff64f7ccfd15fe01f186fd650afe033afdad072e
fcd9f75ffc240307f10ef562ff1f0230febdfdcefe6efcbf0137fcfff54afe311718fda4fe7504ca
ff160798003b0a13fcf7eedaff76fcb0111bff740002f9da0012f8b1ef51fb71038003ee029cffab
fcfafa29ff6a1583f4d2e8c8fefbfd4eff51fc7101430a35ffbafbc6fd0cfdb00f2d04d3fc70f125
fb04ea940028106c13d9074a01d8fb220306ff0b001a061601d101eeeb15fc94fe2911df0190fc14
fa1703a0fede077d125e17dafee10189fcb1fe4afc3e022900b100d7fbedfcdd056b0208feb2f9a5
fac9fc86010d0f87f3cc0dcafd70008808b3020cffd4f73602a5ff810078fe9501dcffc800860092
fce10d25f9b31582f035fb10feadfc1109c8fd85fcf00932fce7fc9fff8affd10510ed21fb90f5b5
fcd3f885fa431562f63bf3dffbb7ffc8f2bc0144fca0fbc80097f90f062eff940c091212fcdeeb1a
0150f00dfce216870526006700f2fcf7f8abfb38fe15fbc302cbfd9cf2b7fc6f098b198b0236f93f
ff2f065efd930705057c1957fe01fe57fbfdfc1ffeddfaa201d6012bf7c0ffd70808e7acfda404d6
fe76d7b0fca30e0ffb82066c0042fcc9f9dbfe24faebfe2d012cfc94f8aa00bafbc9f571007bf829
fa52ea66022a0cb6fac30b08fc1efdde0710ff6afd1c1185fde2fe80f7e9fc4bf6ecfeda008afccf
009dee4aff6b04f3039b061f003affdbfa20fff4fba30413fe2801c3f262ff7704b707d4fdad0009
ff7ef49ff8f8fa9e0a49fc6efbc1fe3fed5afe65ffb5f6fffdaefee0f5ecfe7b0172f7d5fe85fae7
00c8e9f9fdf70b2c02340369fadffbf5e5ebfdc50040ef51fb2e00a208d8fdb4fed1efcffdb0ffbe
fd4ef73bfb271a35e616f113fbe701fd0a49fe35ffc00b8cfffaff4cf9edfe5a08c5028d011ff0bb
fdff054c022dfa78f7ba10bfff00fdbf0acb0094feac0f0b001e012df9d9fe640a8408f5fccafce6
0048fe74ffa2eaf4042d0597fbeefe7efa7f0209fc4c09ccfde2fe73f8d4fea1033c0a08fb06004a
ffa206f3fe41f3f4063b04bf00b3fbcbeeebfc84f9fd0ca2fabf00a8063400180a41f904ff4901c5
0058192efc2809f614ca0bf6fb11006ff32efd55fd430e3efd24fd3e09fffe78f8b2f58bff380c8f
fcee0b87fc571af7fdf60a7afeab02361b5bfd26fe0d07d2020bfe2e07cffdbdf6620299fde2e89b
019b00d4febf08bf0a66078affe6ff3e1380fc16fe79f02bfc790225012bfb60f99505e2ff3d137e
01790757fcca04ac0caafaabfc3efe680c9c00fbfd22fe5cffa5fca905e3fc01f9e4f48afacd1392
faeb0aacff8af531f6ca069dfe9cffda0824ffd100de08600088ff58058000e6060af807feee164c
fac61273ff74f46e089aed76fdfffdd4fa9bff70ff4e0ed7fde0fcf1ff93ffb1f489f9bdfe511129
fbfa033cfdb9f5fa0d090e99fcb500f8e6d2ff0bfe330bf3fdfffc860bc6fb29e729faaffcf5f5be
fbc40693fe6904a80fc30d1afbeefc7709c2ff28fd2bf9ef02abf8a508cbfea0e0460187fb79ffab
fb04fe32fd8df7c00383067e0121fce30d74ff09000d055cfdf8fdd5049bfb13ee60ffdffb92f7d8
fd590d31fac6f528f8aaf873fc8efffd103f005a025601defe4d00570521fedcf996eefdfc9efb31
016d0df7fc4ff4d9f847062e01ecfb8c01a400acff97fa70fb8ffd6b0761ff7d01290c2c0182ff1a
fc87f3ecfcb511d708350d94ffaffc480392fd8500980976ff97039d1264fe4ac6b3e665fc701b2f
fc3bf25fff3315a6020e1b2100cbfc65f3f2fcab02bdfb5300d2fc1d0096fae3ed7dfc6cfbdc0cc6
018e1084fafd0bcadac60165fddbfbc60c760000ffac038f00ceff0ef8e8fd48fcacefdd002ff7fe
00210c21fd580890dfc4ec5eff59fc95f88b0040ff720c8ffecf0231fe5b019bfaa402caffdaff82
00cd15b9fca4ff53f7aee16c0075fd4eeabeffc7fdcd00e7fe0ffb490360fc9009c5231700aeff88
fe3b102dfbef0762f4011165fefdfb1c0d5cfd93ff31e508ffecfccffefa00800a0feafbffbc0897
002bfa2806ed0461f684feecfe3cfd5afe22ffea014c1bb7fd2d00cffdb8fcae1405f328fc860896
0099fa3d071a03940b0f0485fcd4fa9df04bfdfcffe226ae02200297eec4fe1d0712e3d000a609da
010aee6b02760a0304b60d89fee6fc1dff7800db01620baa007aff66ec1eff4502b8e67afc5dfd64
fdd5ce560232091afdf21200fb1301d307a1fdb7fdb90cc2fe6dfce2fa21faba0297ea1ffd7f0ff6
fc69dc7dfde319bc07cdfc16fe39fd9620bb00e2ff08f690fcfd0048f7980003f4a2f4fd024aff90
ff42df97019d07c205f50268fd8f008c03b6fddcfd7219ccfc54fcf0faf9fe420966ed6b01def016
ff39f2230050feec0450f67efceefeadfc7f0129fa880d8b000d0357fa77fa65067bf37efc4bff60
feeae711fb1a013c0c84fc75006e0073ef36fd5bfb640bb902a9ffd9fc6a0021ff89dc47018901fb
0154db88fcc8031b12eb0745fc8a0114c70100cafee0f83801280394f035fffe02c2f4b4001f05d0
ff5405e500b211371d5d114200effc92f879fc6700b91171014c00d6f931fcace839df6cfe7bfbe9
ffe50f79ff40e6ba0bcc0ab7ff3cfd8eff93ff8d009016bafe6d01cdfdf7fdbb00200c05fda101b7
ffaafffa028dd6c6fa000117018dff36fde3008cff6d070aff66feeaefc9fdd902daf60ffcaa1549
0081fbcffc11dd50019fffb7021ffe20fbe1fd01fb84fee20237fa1ff338ff200392e865ffa20d00
005b08e30100ec421c50f9390105fbeefa350167fe750e970058fe7cf492fca5f684e116ffae16cb
fd770171fbb6ef7b1ff91658feadfe3eef40fe3efd2a0114012900f8fc5501b6e8ae04200263f794
fcea01a8fc55d4a40cf909f600b9faf9f635fd85fee90dcffec1fc6003bdfe4500e70184fc980cec
fde6080e0071d685f7aa0b25fdd00238046900acfe4dfb570247fed1fa0700ca01cbffc8fc66140f
fcb2082bffb5e82b0512e9b4020f028f124dfde9fda5fa93fd4701c8f7fefeac02c5ff32fe5407f7
fb550057fd50eae807b5fa36fed6ffa000ea0046ff7004ac00ecfa97f9b1fe98e8b4f5d400fa146e
fa93fa60facdffee133ef62dfe2bfd71ee2dfed60007077eff65f9cf0efefbf8f91c162001fb1474
004e03ebf762fd3301720f6c006cfc3a0221fe20fd7f0a9dfce9f9d0042bfc85f90e0eb8fdfa01e5
fcdc0b73ffc7f08befef11de0098ffc0fc50fd7e01a3022efcf0fe52f89f00c2f525fca3fde4f6a7
ffb90ff3034403edef71ef6fffb0ffeaf9d0fd3bfd28f889fbe90067f519fce50c330c87fd6feaca
fc7f0759008e0dd3eb0fee39ff68fd2ef4470185fa7bfab0fd92ff1d0069fd030d6808c6ff6feecf
fcf2e959fe0e06c6fa340ac7fda8fdecfadfff9afd6e0288ffacfe38f5b9ffce08e90278004f0194
fc2fedd9fec8f79705280b80ff69feeeefb7fe95fc891ae6fd7efa6df6f2ff53116beeb2ff32f7bf
fbfff22700aaf2730b9a04f000c7ff1be927fe6effd90910ff92fce8f4eafb3711c1ff02fd890593
021fe9a60185f9080b5c0cd0ff4bfc56e443001efb09f6ca01cc0365f0bdfea80b57f918fe45f8a9
00bcd0e3011d030501780413fb29fcf4ee0dffc2fafaebc7fd4f00c00283fffe0241f1c7fbfef7ec
fd08f276fbf91af0f0d2f015fefcfeea1472ff78fc250aeaff9cff3e0301fc6b0be9fa76fe92fd68
ff0106fafb711117f550094d0115fb58011901110256009300e50136f8580003183f007afde8fc74
fcbbf488fc29fd16f7c4033901c5fe5afb4200f8ffa6fe6501bdfe5bef28fd5a0d0b002bfbcd0622
010df3e1fecef133fca20929ffa7ff0ef8b4feabfc5efed7ffd8015cfcfe00620c6404cffc1a03bb
fdadef37ff120d5c04321875fc69025eecfcfc99fdd602db0042fea2fb67fec1fb1bf6c5fef609c8
0012fc6bfcd50982f71b0ef7006ffcd9f86d01a2fda50554021dff99f5a2fced0c0e019702a1f20c
fb850497fcd30545f9ac0970fe1cfc9bf52601f8fcaefd27ffa3fc2508bffb940c280bcdff540040
ffce0c99ff3cfa46fd5c13900158fe3a0440fea0fd62fdaeffa9fc38ff4dfcfb145709effb5f16a8
fedb0af70015f0e605bf17dcfbcafb5f086900f0fc4007f1ffcdfb5af569006701b4f94dfb3312f4
fee101a20020f31aff3c0343ffccfd25fc660078fee000c0fe140138f359fde3f159f6130137065b
0006fa93fc9b13af07c50cfdfcebfdc9046dfdb6fcba0956fe01fbb40744fc93f579fb88fedee108
fd6a011cfbf803ff06df001cfd50fe7c0326ff3efcdf1a76fffdf9fffe8dffbef782fa42fb3cfd09
0100fc60ff2df295ff041594fe4aff131354fca9fe040355fff3fd5bfdc1fdf80650f72a011f0a8e
fba0093e0001ebc9f947ff8afd4ffdf00f03ff9bfc2004affe0dfd08050400930449f9dbff02151f
001af8eafbc1edaff70209e3ffbdfc9d026c0018fd9ffcd3ff31ffcb0a50ff98f86e077bfe25fb73
ff5206f301c716fdeba116eefe1cfe2ffa5500edfcbe19f6fe7101700b8b002700aef1a2fc8ff888
0049051afdf506e5f18911e8fde2ff241771fff8fec7022601cdffd00a5afc96f735f06f00860f85
fbbafab0faeef8fafb3219f2fc9afea419fcfef7fd7afed50125fcf4f68affeef4d2f800fe07140a
ff82f7cffa29f329f996ffc0007700b6037efcaefd0a0175000900e9fcfdfe93f3d6fa28fb30161a
01c50133fce70473fab60c8effb3ff75101afcb3ffdaefdcfdb8016500fb007f022e0996fd41121f
fdb4035c0311028d010103f0ffa00213027ffeaafd1a03090099009cfe11ff1401f8fec5fdf201f6
0273fd3bfd2dfff0fe6d035e027a001aff9a0202fe5000130053fef5003300fbfde1fc34ff760071
ff9d02d7009802acfb5c0185032601c8ff63fe5600c60410fe4601090037fe86fbfffd99fd6dfca2
0313ff870153fda7fe7c00abfea6fdfb01d0ff2b007d0103fe5f02c20181fecbfcfd0192fd68052e
fe40fef9fd89feaf03560000ff45009dfd7500380031fe4e006dfff3ffa001e503e102280298039d
0242041a00640275ff0efd7b00270112fdce030f01800274ff1b0187fcd3ff7effc502190246fb01
015f027702680420fd69fca0fd05fe48fcca01d80083fef3ff96fdf7fd97ffce00ea012700b30426
00dafd2cff72fdcb00c70207017eff10fc78ffe600ed01daff070049fffd00ec0202fd75ffb9fd50
ff3cfda4fdb20018fe6401bffea1fd49fea4fd9901df00390320febf00350059007c002cfde6ff78
ffffffd5017603390001fe3e00f3fdb4ffb802f9ff10fec7fe1b01d2febd003a00b6017b018cfefa
fe2102fe001f068ffe84fbc8feec0095fd430187025800a4feed016efe1402d8fc23fe7eff500352
0090fe58fe8002f6ffc6ff6afcb300a203c8fd5000dc007a010ffd74fffb007302f2023dfc9bff20
ffb5ff4c003901a802e902dd009ffeeafeda002002cd01d400740237ffe4024cfc83fc2c0029035a
fefe042fffa8ffd40015ff5e01dc009501ef0297fd82000efe48fefdfd3901d100c3ff7a0096fdca
ffeeff3d02a902a0fdf7ffe301c2fff7fe2dfefd02a0ff2502c9ffff011e01f102d5fdbd007f00b6
023ffff3fe4cfb680118021301e5ff860068fdb602d70420ff65fd0200d90060feebffe800100332
0016fe0d0025fe1f02befc5efdbdfe3801dafcadff7900e9015bfe4ffed101690036ff1802d6ff3b
fcee006e0239fd2303d8ffe4feccfdd5fe84fffeff3dfe52ff1301e4fd2bff6efd85fd61fe9501dc
fdddfd820211007501d0022000f20083fffb0032ff4efe8c00890257fda5fe12010a0220ff7cfdf6
fcdbfe7effe701a7fc51fcdb0332ffdfff38023ffe870184ffe601bb00cc0299fdd90388fd92ffc9
fed7ffd300d3fc3dfd78052dfd990025fec1011a0278fd27fdc1004bfcdf00fe01d0005100c8fec2
feec012dfe96fd05fd7102bd0066fff8ffe1fcd0001d028600f6fed602d1027cfeba003efd26fe73
01e9fcd6ffecff36028afebb0020029600bcfe0302e000140046fd2502f1fcc101a8fdfdff3e045a
0229021afdabfda7fe43fca7fcb40284fe32ff01fe6400a1fdbdff31fea100dcfe87fcd3000ffd1b
ff29fd60ffe9028c01c5007e0364ffa8fd980254fd68fb44fd87fd0cfeb1fdbb01710611fcdefa3f
fbb0c00efc2df5e103fe0082fd14004c0872ff30feb5f57efe06fe8b035d006a085706b501511d15
0025dbad011fec5cf7380115fdcf000bd978fd53ff681dabfe77fc4af9fefceff35dfe1a01d1116e
fab0f5c40263eefc18e0f41600cc008fef67ffbefcc60402fd5aff5eff93ff9afdc8f05ffee40ef4
005af70601edf6330e10027b00f3fd35f601ff70fba3f5810166fe4bf300fda6ebf7fb4200fb0a71
ffe8f4c5fc5101c30516f06ffcecfd040374007cfce1e5b6011efcc3f1290039e128f7f0fd5814cc
fd24d3f301dcfba7ff1df601ff67000eef05016900aceb520258ff360994fa6c033605e5fdab0c80
fd65ed71fd94f870f91bff57fca4fd7103ecfb64ff2bff7b0292002df8f5ff16fe360275017b0bda
fc09f8beff26e9cb1106f76d0199fb35f2c6fe58fdf2f12cfd5a0186ffcafe97fe97125cfada068b
fd2902aefeb9ef91097ef831fd16fc83ffb8fd6bffabe798fb9cffccf89efc1efd0bff1a00870524
00f4f227f91e0913fa1efad5fe76fddbe5e5fda7004af034fcdafc74072dfc1bfab2fb4cfc1b063b
fe86d6f7017bf520ca3bf0d0fe0c0109fefdfcc4fde80395fc8c028a048efdab1af21cedfde91860
fff8fd03fd940794f73e07dafe6dfe110963fe5100e7f1d700f302f8f12afead0e960773fef01081
015e08cbfb86fbc501f402fafcfffd8dff63fd94facdfbcd01b5f9a0f901001a00cf07e1fd400561
00290626facdfdfbf3c30714fc99fd36e51dfdbdffc4f2d2011afd57030500ff07d6fe09fe720432
014b0ac3fe690341e6da02afff26ff94d4e4fcbcfedeebddffcbfe990fadff5d0aa3f4fcfccc0059
0071eb44f94f14d0f1aef054fecafd830124031402bdf573fd960098020bfd870aad1e4cfd19e426
ff6d03c3fbdb175809c0fab90166fd2f0f840156fd100001fe9c000a01baff7706c401e203140254
ff041172fca203860578f3bdff6bfca9fd6fffdafccf06c5fe6bfad208b3faf1f33d05e9fcb20160
fe790317ff6f019efe7b0ac3000dfcd8f84b00e9ffa603d4006afed705d7fe54f79000e100540b06
fd03f3cf0037ffdafc2bee16fd1afbecf861fba4fc2ef21000ca01a103c5fe9006eef8ee00060762
fdaa0ae0fe781405032ef80afda5ffee147101f301320aedfcebfd6e0176ff970e11fde4fe4ae7a6
fd86ff0400ac07f81d24f29aff5afdfc01fefc5f0262119301a4f8c0055b00b814d409bdfdc9f5b3
fdd2fa08fc80f8300fbff38ffc96feaaf873fdee000605d1fe08fabbf87effde053c08ebfc200551
fe42fba3fab500540b570c52ffdefe940cedfaa3fdfc0d3bfde3fdb8fbc1fe0ff9c4f5acfd88ff2b
fae3ea37fe85feaf03b0fc0cfeeb005801b7005aff9ffd5302d20141f19afe6b012e01c1fc5ffcbb
f809ffd0fed3002a00f30346feaae2c4ffe000e2fe5cf3b1fb2efcb20102ff4efafbf56afd100039
0258fb51fca1fc8ff745f7a1fbcbf136fe74fdab09860131029bfc18fd3e0138fda11e15fdf009b9
14cdf9dafa52fc19f9960127014ee27fff13fdb1f8351067ffffff2a0029001201232009fdd90f95
f000fc97fc96fc8518fbffdefcb5dcc0ff0301d1f1bb271b0e15fd89020afc12fe5008640171145c
db1c0415027e029b1e19eed60094f141ff18fea1065e12d5175500bd01f5ff96039ae053014a1efe
0586fbfdff88ffc2ff31fab60086e1f7025c022e020b0a40f182fe45ff23ffe8fc310020fee506e0
02a6fc9bfd37fcaae800edc3fc0aea00fe06ff010aba009aeccbfe6affc702ec00810605fd050bfb
0401fa1bfe770052f1cfef8300b0f54effb2fd5500f7edfff5e80061fa90fbfffd4f0a14fea10ba4
f75d0154fccbffbd002cf4ecffa6edfe01d3fc9f0821f7a6fd37fe19fd84fc78fb92fb3e003a233b
c061fe610083fece0ecefe160019fd630199fe90e9acf6041f0bff590046feec014df984fc8006bc
f987fdbbfe22028f0088fa32fadaf24bfce9017506fe01ebf3ad0151fe5bfb2fff8a067700b60b7f
f70efe87fe1efcbcf459f634016cfa70020dfe6d04b2fc65eda2fccbfddc0050021ffd93fe9f1997
0390fd86fb4600350426f514fd48ec31fd01fd6707fbfc1beb11009c005cfcb6fd940960fde10b28
045ffef2fb0100c60bc0eb0affff07b5fcb5fecd0de0f8e0fda4fe33fc51fc80fae2006cff6f1760
0575040affbcfebb0294ed8901360345fdd9fa53f9f704c024f6fcaa023efdebfc4e0deb008208da
ff61fec6ff3dfe5df5caecd3fb02ff6b0205fe6e050afef8fc750146ff6dffea005cff35fad513c5
f640fda1fb810277e53808c700b602a5fdc7026f03c0f6e8007efd82fffe00fbfecaf510feb6132e
01d6fb5f00f7faec016f08dbff4bff26fc23ffba08b00d98f45e0106fe5d01ceffb3069e042a0d32
f559fcd2fcd4012a066ffbf6015f009801d6008cff5711c60ebcffe7ff5efc06fd29052efbad1130
1c8bff2a0199fe6b05c30920012d024d0167fe8b09e209e80f15fdf4ff96fcfaf9162c37fffd0909
07effc9efde8fe99fbaafc6eff71009efcf3fc8af961ffcbfc98fc7dfd53fc26001dfebffef9086f
f336fe55fc53ffabf5a3172c0218003ffeb4ff200b21029c02a0fcb00124fea1fc7bf255ff4b03d8
fe57ff00fc3bfeee1069fff7fc3ef190fc92ff590c39095f0ef9fc9f004b001c038afa3f02ebf935
0ab10236fd6cfe3d02f90b6ffe370024fe6dfdbcf8e6089504c1009a006bfcccfa5b0adff9830850
178ffae8fc18ff1f1bed12bcffdcf625ff1dff400a36ff6307a0fed9fec7007affb2163a00430a6f
fcdaffc3fdd3fed7fcf1fed2ff0aff0b02f5002401ae059b0383fec6ff24030dfde5fdd1000cfe36
ff5ffe690179028e013300bffd81ff43fd0802ef00cafd5e01ddfeb8ff5cfe3a01f200270148012a
fefeff1c00b3ff58023bfd2a0016ff18fd11ff58ff5effc2002b0029ff3f009900cbfef8fdd1fe35
02d80007ff6c0182023801d702e0fe71ffb302bafd4c0278ffe80232fe48ff540189ff1d0218ffe4
fe29012e027ffe72ffc30383fdd0fe1a0075ffaefd44fe15025f01920036029000ad0350005ffe2e
025cfda402590116004a0382fd73ffb3fec7feaefb1c05b4015bfdca022300a9007905abff940391
0181feb6fd7afd680262fe31fd3d02150065fe90ffc001c3fad3019401effe2bfeedfc3602aaffa0
00b000af02df0192ff89021bfd90006402e702760162fbd3005efe3a010700d0fe8903c50159fd6a
fceafef0ff4fff11fd8ffb4600cf0460fe52fd91ffb001a4ffe501a7fe6cfdc201f0fdf7ff8afb86
fc7b013d01fd00ec018cff32013b016effd0014c00d50125017002fbff5f007c0155ff87ff16fd87
02c7fe53fe33fd04000a0738ffc6fc42ffaefdd5fc900527070eff9202b802b60055ff9800beffe1
02c5017c0215fddb028a03d1005300b2fdbeff7ffa82fd0afcfe00e6fdcc0286ff6efd72fe6e0196
0081030ffe74fec2fe80ffacfdbf0394011b02d9043ffe44fab3ff27fea20257fdc80028fd8ffbf5
005f03330207ff6c00bf026f02fc000f02c702a9030b00e40026021600b1005cfd500335001201dd
016b021e0325fffb0011fe9501fbfe670181fdb9fec4047000e9ff7d010d018702fefd0afdb000fe
ff06031c0145ff7a00f3faf0fd77002a030bffc7fc87012afe2bfd7e006cfd160138ff3e0238055a
fb31005e02a700a0fd45047601ed0056fdc700a2fe200245ffaa027501df009afcfa009d01e9017f
fe37fdebfee1009dfe51fd14fe30ffe1fe2afe7c03cf02dafb4cff4f01dc01aafd4500850179fdc1
0052ff5a00b4fe09fce4fdebffd30191015f00e1021d04befcbb01e3fd440197fce402fd0152017b
02d8025dfda1fd710147fd32fd40017dfdaffed9fd6efe67001c0064feacff1f0320fda2fe2d0284
028cff7000df01d8000a069e02230189004f0316021b032203d2feb400c601cf02b501dd017c04cf
fa2f015b01d8fef40197fd8e01c7fc1d019200bd030c01bafb2bfd7c00bc00b2fddbfdd2ff0601f0
02aefe9efd63ffe801360442fdd1fc3d0078fd2afe30ff92fba3fe19ff4ffd83fe400250feb00114
ffcafd390200ffa1ffb80212ff6cfe8bff14ff0affc503a6ff36fe02ff57fd2fffd8fed0021a030a
02dafee002c8fd620098ff0900dafe06fde1ff6100ab061701dbfda6002dfd890196fd78019d045c
e0a4fb28fcb1fddbf3391a31fd80fd1c019100751c0cf524e833000efc9efcf100c30eae0043e6c2
1680fe760200fc2cfdb7ff6efef8cb60fe14fc1aff05fa89fdc0fdc8fc1f01a1014604c1fb22e7ae
1c3cfd03fe450003f2b4085c017cfa1f00e5ff5afc710720f328fd1efda00119f9bf014dfc0ff84c
fc1affc9ff25ff0cee7917bd01e7df1e012bffc9f5ee0796f79effe0faf800d001b40615fc630329
130bfb2ffb40fdbaf6f112b70264e7fcfee5fcca105909caeb960175fb8e00a1031013d1fe100c1d
0269ffaafe33fb8cd36c09b4fbf2db25fc53faf40503fc00ff3afe18fc8bfec2f99bfa39fd07f713
0263fa27004a00a4065dfb2dfcd602e8ff3f006ff9f9f823f2b2fec3fe3400d000390125fe60f950
12f1fcf8fc00fc1bf6cd0d52fe19e7e0fc56ffa8f25cf998f4dc023efe49fcf3fc4b05f0fd53f2ba
04fcfe49fe37feea047814760044fc8e01b0fbdef2f5f83b0012fd06fc66fd61fde4023300dbf3ac
f754fccefc26fe640a9d1c1002760f35fe26ff6a0233f24aed8bfc60fc1dfcf1ffc0e1caffc0e8e0
f3a5ff110022fb42fba3122cfff50253fee2fdec077502e01daffe1b00c0feaffdb2027c0287f496
12c3fba3fa44fd74f512fc74ffcafd2bfcddff17ef5405ac0f85fd35fe0701a5fe690c620034fbfb
0969fd53feeaff08f66908de00b80009008dfdccf332ff1d0bf6fde00038fea800bc021d02cd04bc
f8020080fd38fc6f00b600b6fddf147100b6fed5ecafed1108e40091fafbfdaaffb80148fbe1f5b2
03e0fec6fb3bfeb30fd7126cfde203cbfcd7ff08e5b3053706dc0274fc2000f901d01e66005e0da8
fd4efd60fda6022fe6aafa92fa390614fd330193f7a4f96b1db2014f002afd32fbdd04e801eafcc8
0eedfb7efc61fbf1c9b2f363fdb5089700a5fd57f6c9f3320a73fe35ffb5fdae001f05310343f366
feadf94cfc25fccef262eaa4fc6208affdb3fc3aecc0f384083600a50005fc2ffcaa04fdfeaef13c
ffacfc7a0061fc95fffe01bc012af79cfc48fb9e09d9f5b3fe6efe71fde6017f00230216fd6df610
0e7ffddffe57fef41348e3d5fef4fda9022b005e084dfac8000cfd6dfd88fc32019f130d01470a24
f7c0fb3cfce70295f2821ad8fdf6feb5fd4afd8d11eff1e60cc2029dfb1ffc73fdd3115afe2e057f
fc14fbdbfd89fbdbdb8604e7ffee034bfc49ff1d18dafa8c1d540232fbc10097ff7ef9c3fcf009d3
ffdbfe42fe52fdb8f4f6fd19fe95067efea9fce616c6f8c6033e016dfc8f01f7fd45035dfcececda
ecedfeaeff4afba910e1ede100ed04a600d2ff7e12cc068a02eefeb8fc65fd7fff870a20019400e9
f184fb9d0039fcc108990c8800e80513004eff2f085d0c2a0a6f0060ff90fb00013a0b4efba3e6ea
f391fb88fdc10085d42e0f3602f5cbaaffbbfd60107ccb64053bfe92fddf0002f9a5eb19005de9ec
fc0e0045fe82ff55e12d1306fff1c260fe66fe72f0ae17c6e7af0026fc9501e6ff8803d5fe5ff0ca
f60ffab7ffe9fe86db510c74fc2cec74fd6ffdfd191619840536fcc7ffd500cdfec306ccfcbf034b
03a1fbaffe88ff40ef5320d600b805f6fecafe4afa11231ee060fef5fdd6fe9cfb2a16c1fce9d9f4
1725001d011aff25f2ef18cd009e079f00d5004dda35292df5f100c1007701c0fc6112dbfe36ec96
fc0b00860090fd40c44af968fc7aecd401a20156005bed4df6fefc7cfb7dffd2ff510610fbc00547
f447fe3800bbfc1ee8cc1707fc82fa55fd36ff750be6fd68fa2f0065fda5fe99fe30000600e20441
fdf6003ffb830036fe631853fefb03df00b7fecff483fa1af531fd4cffe300d1ff70fc82fe45f1ae
1a2dff34fff3fe6109f712e8ff6304cffe2c01e3f05df906ef1afe85fe09fb81ff5705a2fe3edd66
0b390215fc83fcd1f374ffabfcd6041800e20016f457fa0e02c7fe87fdb40276fdfe0f1200acfb43
f087fc45fe7b022ac8e2009ffd1af593fd8cfe47ea170880f936fe4cfc48fadffb59f4ffffc310b0
fcd6015dffb1ff44cea90a37fe0b08a7fd8b01d7f4d70879fd46fe36fd3e01a4fc5a0294fe880363
0b300484ff5affb6e5f5fc3a005106b0fd4501f5f793020605d8feddfe2e01e102b806a1ffb8e6d8
ff8efadeff47fe66fe2405e7fe08026cfc91ffcce746f32e0ce0fe90ff56fe59fd3d06d8fa9ee99c
e61bff020072fd2121bf09b3fee2fecf01c2fc5aef61f76bff1cfcf9fd3fff9efdfd07b7fd42f21d
eaf3feadfe46ff20c6fbfd80000010f6007a026c0945069df4fdffb3fe60fe45fdccf493fecf096f
fa94fc34ff25fdefdc960614fe8d02230164ff61049b024e00ab00f4fbf8fceefcf2f5c6fb700396
0c8204150097fbf30feefa3700d6f4fafe40fd6d06faf70a19ebfe1bfa24fe12fc8dfe98fee5dd65
f10e01780238fb7c1efdfca5fc5a04a6fca6fc810b94e8c921b500faff8dfdc8fe93febdfc2ded6a
fdecfffe0106fcdc10d9e517fb56fe13021cfab608dbffb00c4b01370042fe420176f69bfc30ecf9
03c2fae5faf8020cfb56fd3efccbfe51024ffd4d137506c105a6fe75fd2f003e0350f50bfa3a1035
0bb6ffd8fd2cfe66dab8f315fc2df604fcf0023c1c99f9b9e8ef0069fd8b0093fccbe92afe7b0ee7
f66600db0204fd0c1a22f547fdba043bff4bfc77086bfe3912eafdb3ff3ffc87fca9f743fd3aefd3
f76cfb090036fe18fd59fccafce1081e004e02a6fc4409e411baffc0fbf3fbd9fef4020dfdb1efab
0004ff6dfe1bfc231e52f78efb9303b4ff5000f4fde911ec0a18fc69ff93fbc30135ffd300a7fe59
0f26fb0c0180fcd7dbdaeb6a02a6f61dfe09ff3afea8e41403f6021afec0fd01fb9ef845fc0d0873
1d95fbeefe95ff89fd6b0020fe36f3870000ff200403f47afc21fd7800f0fe57fb710043fa5ff8e5
fa8eff0bfdf1fe09fdaa0d1dfbe9f74900e5ffe5038c0347f479ff8000defcb1fb19f6feff60f3ac
fce701d1fb88fe2dfa6708effcee188bff02ffb600be04b4fd8cfd93fc30017dfd8b024e0176f430
ec75fe87ff790056ff34f496fd4a09cefd9dfef0ed91fb1a0dc0014dfeeefc820186136efd37ea86
ff590184fd270172e1edefb4fadb06b20113fcd7f41204a61a74fc82fd77fcbbfa900555fe3ef915
f656facffc6cff60fea2f940fc04f865ff1b00d5f68a0df8160a0138fd13fd77fe9af9500026fe98
fd6dfb85fcc4ffc705970830fd410dd90234fe6bdbd801b5f67b0025fc2301e30073f448fee1f074
fba801e40203005403eb083aff911cf2fc52fd54eef507cced8100b8fca6fb5cfa7afa0bfcfb05af
2618018cfe64ff40f4a401f4fcd1f245ff9c02a1fc7afea20043fcbefe9ffe0ffe402cd3fd12f708
0881fc20fc4d01cee9340231fac4029cff4d00fff821001a1ff400bafad1fa60f9a7029b000105c4
0416fcf4ffdafdaf09570691fd2a07abfcdfff8ffdbefc650b90016afdddfc54fd16f22401aa0633
fb1dffc0ff2301930be9fe21fe500daefc3e009bf35d1079f983fde0fb18ff1afe48ff7efd2aec82
f9900115fd69febffd60eb7e00ff013b023cfe5aea6c0d640295fd4bfc20fe96ff681aaafab9e956
13fbff1a0220ffc9176df293fd78fa2e0103fd3ce545dfc40619fe370105fbdbfc511cb800a9f261
fdcaff4afbddfe60f84c11c2fca5012500f1ff0d12d2fbf8005a00ad002b0081fb8d0602ff66088a
0a97ffa5fabb006eea2efa4ffbcd03fdfe7802a60a50077206e0015efbe3ffb4008df4d9ff8f030e
f7dafe40fc89fee008acf1d2fca208a40287fdf212c8135f0507fdc6fe9efcd9f903fcf5fd84ebcf
fa94fe6efdf5fef2f8dee88afb4cf42dffd1fbd2037bf2c60a5f00dcfe9a006a0071f6f3fd2ef4ad
04ca03e7fd11ffcdec56ec4afde804fbfdb1fd17fb0901da0b9ffd8aff83fb7c00f9fc70fc96053b
0f0a01e5fbf2ff2dfff5fc97011d1751006e02a22653f1e8ece1ff78fe47fb5bfec310ecfa5e12b5
061a0227febe00f9de5cf86efe5007e50100fd181a70fb7ffbd9ff5401defea1fd57f782ff90ff8b
f623ff430232ffbf0a60f837feca0b31fc9cfdab083009dffb95ffa4fe1fffa3fce1087cfe3ee1ad
020dfd42fd41fc5c09cc0904fb72ffc1fd070130fb6c004ff25bffaafc10fea4fb580b6aff3afa2b
f559febafd0702660b610cec00a51af40039fe620d8a20e0fbf1ffa90072fc22f903f8cbfd24f43c
0243fd7ffe68fefb01c9fefcfd78fd4afe82000b01c100c9fd65002400ea0229fe27fee1fe23fe06
ffb30004ffbffe1dff40011600de02beffa1fe1500c8fd85031d031d012efe2cfe8202a302eafedb
018aff1f01a8fe75ffc7fce1006702a801cafcf1ff7602a0fe8902e502eefd4e007d00beff750141
fe4bfdd8febf0101fdeffff9fe1402ff0035fdf5fe2b00cbffb1ff0e016b027700630075007f005e
fdcc0025fe2f02b0ff6f003c013a00480071fd2aff550096fdf1ffd3fdb501a6fd7c000cfebe0128
fd6bfef0021f008c029efdd5013d023dfee6ff61ff5e015a02230010012f00bfff24ff41ffcd018f
02ff0256fda90039fd38ff35fe77ffccfd8e0112ff1dff6601a5ff55fce4fe4b02a7ffccfd410157
fe63009eff1a0301fdbffe59fd65015dfd1e00fffd34fccd0254fe21ff25ffa90282fd99feb1ffc4
00b902bcfdbefd13fda8fd39fe0d027efffb01a00304fdcefd00ff1b00940203001801510011010b
fd2c00c7003b004201ba0108ff63ff27fe37fe120058fd5afe75fe23023e0312fffffe390112fe9f
feb201c3fdd502d30266fe26fd13fd1eff95ff050292fdf50222ff4fff1a00d602b5020600f10231
01bcfef6025dff5c02a802aafff2019e020ffef900750222ff080185fdc7fd0c01e9ffb7fff900a2
0258ff6500dbfd44031802aeff0ffd12fe0302db013ffcb9026a01aaff5301a7003000630058feb4
fde4fd6dfd4902ae029e0032fe3c02d10248ffa302bb02440060016f02ccfceb0189032f008ffec2
fe8201a7031d0029fcfefe16fd84fecffe6b018cffb20314ff59009cfec8fdd701cdfe28ff80fef8
029e006eff47ff4afdc000b40028020bff6bfe61fd17008ffe1401f302b8fe7bfed70160022f0240
feabff0701ddff99ffc2fff1fd1cfde10254ff0402d6000dfd3a0257ff4afeef027a0147fd260170
fdea013b005700affeb90236fd5b00ca01f6fd59fe77fea202deff83ff08ff67fe080017ff2e0068
031600edfeacfebf02caff7000bbfdedff70fed001cc0134fe1cff6afea00256023f02ba00cefe1b
ff42032dfdea0148014100b3fe1dfff2009efe33028d01a1009a025000050194ff490222fe80fe6a
fe8bfe82fce9fe48000d009c018f02f402a2fefefe93fd42ff7d02f5022f02e7fd52037aff0201a5
fe2cfe3f0104fea2013902160297010e00740175024efe59010ffef30080fe0fff66fd05fd6fff90
029201d701e5fdadff2dfe5701e3002ffd68ff22ff240136ff12fe0f0267ffc602ef029e00a6027f
0144fe470217019200c6001fffeafdc3fea0019cff2203080080026c0154fcd6fe4b02c8fe960216
ff44fe66feb1009500e3ffb501d900910304fd0d01cefd7b0034ff8e03060033fd9501d4016dfdcb
fbb3013ffde6fe1b0b3c0876fa69049afd4d0047f6f30ec40836fcc4fc56015efbc702d4fb311f14
eca4fabcfe35fbc61226fa70fde808eefdf3ffadf61c0c77fcdefc1afeb701c0fe05e5ebfe731f63
f127ff84017dff0c1721ebb8fd530c65fd4bfd5a02310c28fccd00c70157fea3ffdceacafd000eaa
f50bff9bfe96fd8911def72e00170df201bc009af0daf49605d60064fcdb01360208ff1cfdba06db
eb69fe820194fed019bdfcabfe78ffc501fffd4a08e4fe56f97cfd95fb74fdc4fd20f4f0fce207a0
f174fc9ff9f80206077f088801142ef1fde3fa73fc41fb40fddafe82fd5202fd006de10900230166
07ecffd5ff4d01660b0ef3e801173564025ffe9f02fbf98c13a00167fadffee50129fab8fc7702e6
f100ff19ff2400c7f870e565ffff08290026ff481b8e141b0f83fec701fbffb4fd7afeb1fc8710a6
e0adfcd5fc5101dff5fbe10c03510c55ffd9003523d61c25029dfd1000c90182fda4ef03fdcb16e8
eaeafe40fb0bfacb1412ec3d01f7eb5effd8fd541c0109dc0737018afc0c0092fcddf21a03180dd1
0698ff9afd33fbf70e31fb27024d272fffc3ffc218c4fa6ae821027501b5045a0077fb3efe58ec04
f733003dffc0fc650c270261013b169efe26fcda0f1108ba178bfceffea1feef0063fcd0faac1128
dcdcfcaafc36fc290a491972fea4f49e0047fed2007ff947ee64ffdcfeecffa0f90e094dfa011cb8
f32cfccbfb7cfc1beef60632ffbefcda0192ff09174e056afe03fed90346ff20ff87f7c800481750
095bfce4fdf8fddde67fff4c021cf39cfea5fc3104d20a3ff7dd001cff5efeba029beb630432f949
0411fe65fbeafbfa17ddfc43fed4fcd70090feee05420074ef2b01d80003fe980008124201c6f456
f010fa7efd3dfbe9269fff49fd4ff51c015cfa80f09ef446f0e6fe41007fff31fd76192cffa100d2
0e7ef99dfe1afe39f94f022afc83faadfd43fcc7ea19f1d1e9abfee9fe25f9a7ff1e0cfbfdadf580
16b1fff90093ffbfe19ff28bfd2404f0fe0d022c016eeaa1ece7fea0023bfb97fe5c07f3fd240ab2
06a0fd2cfcbefd3afacefff500ad106801d2017bf4db0326ed8affb0fbddfe8dfe450340fae70ee6
ff48fd79fef3ffe6ffe9fb8efa0df570fd7bfb6df2290a6ff81701f8fd0bfe94fcfef899010708e1
fe7e008dfa94ff6c03b0eae7fbc70ba0ff84feb8ee9d075801760205fc6f001bfdc307c60145f95c
04dffe03fd9bfac7f1d2ec3ffec4ffebfdedfb88d748f55bf1340076fb64ffc2fbf4158efe440205
ff4efbdbffacfc3cf7f40277fcf003a4fcd8fdaced4df912f89e02cb0024fdb7fd81fb75010c0c0c
0d25ffa9fccefaa7ea9af4fafbe2061bfc86fd43dec9ff96fc8800d2fd22fd2eff00f045fe3f003d
07610083fbcdfd76021c036afcf40aa90091fdf4fc6c00a30a11fbc8fc8300a1fdc2fdcefd630051
0485fbe8ffbf0044f19f0c5c0011e78f00e3fcd40893fb2efcff0200fe14fe4efb9600c20186030e
e125fa76fe2bfd9feeeb0778fc65f3ba01e6faf9feec0787031f00d0fe26fedd019b12cc02b20c94
f369026dffe6ff230b6e063b0075f5ea0144fdd7fa1220cc1710000c0033fcfffe310fd9ff79019e
0477002e004cfa9603fcf549fce3fc11ff6cfc63f61ffc671ae1fe5bfe07fee2f9b72b4ffe550c9f
03a5ff6ffe2efd5d01d1004fffebebdcfc39fc0efcc4f8c20c5ffc3f025c007cff2eff3afe50f3c7
e2e0fd8dfefcfc2df67dfca5fedbd9ecfd41000ef208080b000dfe73fb0401cc0258069efd130986
f2ddfa87fc70fb2d084702a0fc99ebf1fc9f01120123f8d3fa7ffdd4fa3eff87fda609870025f48e
e8d90181fea80064238bf23300ace66ffd3cfe20fd5efcfa183ffe82ff47fea7fa21090cfc74fc70
f3d5002801d5fd58fba8fca2ffadfbe9fdb2fc1df784e6521dea0161fe25fc4cfd8915f600121b00
0551fd6efd75fe2efc41f5baff1ef0690008fa6efc5407030d48fedefc90fd64fdc5fea8fe1a07a9
0d9ffecefe62fd3eec70ff13ff18f52b0112fbabfffb0480fcd5fd55fb09ffb0021b098bff83f4c7
10f7fd0500bdfd04072af671fcf8f686fe10fd070d420132f75a019cfefffaa1fd021094fd0aee8e
fdaafeb2fb88fe95109ce595fd890a75fe39ff1205a8f92bf68c017ffe0ffc41fc8c0eb9fd9df7a0
f47e032dfce9fb90fc72eb60fc790f0000d10050ec49ef96003ffe8cfc5dfdcffd3a033d00f41415
1151fde7fc71faa801b7fa8d026703ef01c9fbd8068bf915125901edff9cfcc5023c0b78fed2064c
0d5cfc47fe81fe13e1a6220e0127f4b801c6ff9a18a0fc270176fdd4fe37ff65fbdc083dffb6035c
1fa2fb8cfea4fe2514e30d76fe091153016afe8219060522ef1f0032fcbafb35018d014cffca0180
0b2901a9ff8eff5b081d190e00b3021201b2fcaaf4d01153fd54005ffd690140028706b1fabfe799
f12efdd5003f0002f74d02d30234244800fbffb4fdaffd8cfd26fd39fd0bfe63fa7c02bffa6304dd
11a2ff2dfef2fe2afbf1171d00e90ca501ebfc6909c1fa98f53d013a00c9fe26fd291a7ffb401c79
127efb76ffbcfd9f01e8173affe40d9cfd84fbc50d7cdf3004c8fcf1ff2f00b9fe590b5e022605d4
04b3fdcfff7200971e1214eeffcd072eff52fbf203b9f3040dd3ff60fd1dfcbafa9afd59fd6afc77
00b4ff41fce9feb927110ab1fc7b1badfcbc006d140eeba5029dfbd0fba200c0fb241848fe1f0ee4
12bafcecfb88fc88fef210d3010c0c8efe05fba91545e995ec9efe7bfda101a2fc230f27feabf79f
ff59fb74fc5ffe92f803f0d302240b5a0045fbfc046306c7fcf3fc5f00770082016ef8f2ffe8f8cb
06f9fdc3ff92fd30081ee398ff460528fd52fdcffa50f40a0bad01befefefe69f843fbc5ffe0f626
08f3fb4afcd0fc1effdff5500026f5a301c0fbaf05fef359fc3a015a00900001fcffecfefab90374
fcf6ffdefc00ff1809cd0d8bfcc5e886fcf6fbaf0897e41ced57016bfda9fe91fe22f1feff56fd62
003f0038ff12fe8406ff0d22fc3405b60064fe8304f1ec4be63efe9f002afcec0000daf4fd2ef513
f281fe5a0132fd3efdde08affd8101c70163feacf90e1e7bfa33018eff70fe42ffbd0a2502ebf887
07c20052fc23ffc3e44cfb6c0183f21bfc6d006d050b0c77068afcf4fe8c00b401b308bd0221fea3
0d81ff5cfcf5fc97f71efd9cfff9fc6eff00fd1e0b9f1adb018efea2fe58fe5dfada0ca6fb69000c
e89afc38ffe9fe64fb6dfc07ffdef2f8fc54ffb5062d1b3af99afc53febd00f000f70c39fd420035
0b47fd7ffee200aff987ef50fe09f97dfd090006015213ee007ffee2ff08008afbf2042cfc05f0c9
edb1fcb6fbc2fc77fa9121fbf9fe006100b9fbbc07c2f291de65fc60febdfbcc0031f9be00ca05f6
08effc500031fe120772134efdbb04c7fcd1029008c6e9bffa39fd6ffe57fd61fd4ffa32036e062d
f91cfd350269fc4106a60f1fffa302c5fd58000c099ff011f96600bbfd070190fc7304c8fdd4fd75
fb30fed0fee5fb4ff7ac0d3100a005d7ffb6fcda0a210309060cfee70014faeb00f6f4a0fca2ff72
fb56fbfc0036fd1d0e13087afdf5028d0217feca12fc00881c85fce8001ffb4000adecff016c03d9
f3510016fac500d0f739fb76fac2f1a100cefd8be858e634fd8b01defc93fd3802effff200600e10
edc8fec00136fdaafbf2fa8e012405cf01b8fc90e744e528f7cafde4ff52ff46fb39041dfbb3037f
f103f931fd56fcb2f76af0c6fe9d0318fc7bfcb4eecadfdd0122fc59ff650199fb6bff180144049d
fe04fc4900ebff2c06d1e2fbfff10143fdb600140348e31e09630047fe90fa7601b9e33bfe3df7c6
0927fa560031011e0b6fe8aafab80326ff6dfda70d18f83502a6ffc1fc81fff50019fa6afe0d0a14
eb58fde00023feaafee70a04fcda0059fea4fcc1ded900c5031cfd390075facdfe20fd17ff73f876
dfabfcc7fd14feb4f02feeb3fd990370fcaffd99f8e6ff97f61afde2015efa8affcd040b0202f78e
fa7ef9f6fefafc4ffa5b0142fc5ff861fd58fe32edee036ffe7b0091fc91fecefe5a0bbf0037f22d
f98bfab1007500cc005c02a7fca5074901cbffb0ff7702100811ffc0fb4dff8b000cfab0fe6ef6e8
0ab9fe5cfde6fd0809be0f2dff0d07dbfdaafc0f104df46615a8fe5efed1faaafe1d06db0128fbfb
fbe9fd94fed901b809bbeff6ffb8c926fc72fe9e03f7a720e95700d0013ffaa0ff31f5adfaeffaba
fcc1fcdcfdd5fcb333451596ff35f7c5003ffe2812d6dc38100f00d6fd5b0097fe52fb91fb040168
f604fe8afd78fee2011ced9bfee10247fd0aff900134ea9cf833fecefdf2ff0b0291f213fab0ec29
f91afe7cfd4dffea025514dafd5d1d2afdaffcf7f96be496e59effe1fb1efff5016feaff0184fc66
f03c0148027c02710f551623ff973aaffd6fff970941bb450f81fc5302a0fd410142f33afe02ed3b
1044032d0070fe56fb8b115901ffda56001afb06f4b309c20f78fe70ff11fd2ffa560465fb650b0a
0487ff7afd7dfda3f9f903d2fd650569fd6bfdf3f99f181df61efbd10112fce700a3e6aafb7cf39f
05c2ff13009dfdebf3ad01b9fcc92294023d005e01440b0af46afc0dfb55fef000f7f487fef5076e
192ffff3fc1100d2f61c0dc6fd97242bfca200db00a7105eebb1ffbefe5c0015fe43087801d002ad
0e660470008bff60f489dba4fc3112ff013301ca13180429ffeafc5ffdd0fd52ff1ff73bfb8ef910
ff08fa6c01fe025501f80505fbaf0d8e021b000f056a0443fbbe018600c7ffcaff04fd0cfc7c0a42
0107ff7efc56fc76ee680469faf80bacfcccff1df48f164508e602090291ff73ff1f00fefd2f00f3
142ffc05fcabfbe60ee30ed9fbca0cf8fd16fcfbf00109b603560055ffdf0258ff5e13a8fc1701ee
0733fbe4fd16fdb60707f9edfe5d068efda9fd3bf3e00f18040a00ccfdcafd5efddf0c60ff080c95
0308fd61febefc7afcbdf84801210cc3011c013206b81361f49ffdd4fddb00c4fd141257005506d4
edd3fc29fef4008df45d04cefb99feffffeb01c0f27406c6ea73fd04fc27feecff31035afe3412d9
f4aafb1800d2febce931ec78ff3b1045012901df03ae04b5e353fbe200f4ff09000bfed9fb791618
022bffe80169fb93f416f7fafe6b026cfcfefedffd37ecd00a66fca9fdddfefd0280ff84021f04a0
ea5ffd7fff7d01a9037ffcadfbe3f7ef0100fe270663fc211bb2ff40fb84fa2efb03ffbffe911ae8
c723016bff7f018410a00c13fc0e0a25ff4efeed104bf95306a6ff3ffbfcfc15fdb014e3faf90d8a
fba8008affa4ff8e00effc31ffa6f6defe05022b00d2f42af46bff940069fe7eff6b004200d30a56
f6ae04ebfa90fe601178fafe016d021bff57015e09020d77fea500bfffbdfe5afc2bebb5fcbb107a
feacfef8ff5dfe5ffb49f68100670a54fc9dfef3155500c01801ff6e00c3fd390192f100fdb50fb3
efe8fe00fe5201f4078cf381fe880ca6fd08fd4bfe66091e11dd0170fa9cfeebffa2ef3efefc02c0
030bfd4efcd202a00306eefafb8a0ef10114fdbff695f2cf02540197fb5bff890264f78a0003fb4d
0aa3fc0ffe61ffc6d62903b7fdcef786ff87011d031fff88eedefc92ff20fdffff9010e1ff710f28
07fbfe3b02a400a3e1ba00760079eba6ff4c0241fc6f0b6e0272fe36ffd6fd91f7412213f8f2060e
0cbdfe9cfd8fff76014e127bfc86bf9bfd59fd74ee2a12360b250116fcf2fd2901470c34fb9b02f3
f98cfcc6ff32fd44112711020049e499fc11fb10eca7fc85f51c00010027febaff970c5ffdd80bfa
fd7900a5011b01cbff5e11fafc3d0a84ff69fda2f86b01020698fc8bfe6700d4fc24fb24fc380425
01e90015fc2bfd47ecebeea2fb3aee13fc13fcc2124afce6eb5d0173fff800b7fc7002b5fbb31665
014fffcafc9efd0a0b61ecc7fdabddd1fe9602b2050ffc3804acffbf0294ff2cfa1c08a1009909fa
0240fcb7ffa3fc7afd76fb470009cc1bfe0efd0908a0eb1ff4d401290090011f02bb0e0dfd4e0b85
ff2afbfdffdbfdcf12fe05f000f30cbffe95fa7601d4f4b0024cfe24fdf4fdfdfc6ef067008e0731
f3b5fc9f0118fe871e5ff5a0fe651ba9005bfd770c51060f046000f301de0112fdadf08dff18f9f6
eff1ff31ffddfd24f67bfaacfda4e8ddffc1fdd117880448fd8effd7fbf5fbf7ff570294fba70e23
fc380461fc95fe02f7ebf5edfca7faa6fec0ff5407630fe2f78f0184fe56ff4efcdc159402b117a8
0fe3fbcbfea6fb81ee3decb8fe26116a0212fe01f32bfc0e0b29012aff3afd05022d0963ff8b1216
0e44ff140151fe8d0594fc3afe5c0433019e002efb6cffd110c4fe2d0007fc2dfe81fb33fb8d0979
0cbe032dfcd302951419f802fe270418fcdf00e802d704ed0607fd31fee7fd6602e9f934ffa310d6
f6abfbe10216ff9a014dffb9ff9efe9a02d3003ff8fcf7c90ae3ff6afd33fd2cfdc605d5fb5c06af
f964fbe4fe4f02a2fac40572fba2076a014cff7cee67f36606ccfbbbfd8300edfdca104ffd5b036e
0405ff2f0006004cf51308f3fb8f0695003e012df134fed51e3cfefdfda4004502d2fb220373f8cf
01ccfe35fe18fe840549fdccff56ef29ff18fafe13b50ee60a12ffc4007bfffcfbdeff27fca9fadf
14b0ff55fc7ffde5182afdc7ff40fc5ffede0073fe05027f0996fca3fb61fe4200630a1f013201e2
e0f8fad4ff6c01e6db7f0c12ffcffbfd00a5fd6ef753fe3f1ce6ffb6004afb9002abf946faba0386
ec09fbd00029fcd2f676f5a1fcddf5e700870170f505ffc5fa0bfd11007200ecfb46fa00ff5e093c
f8a5ff8cfde3024ef2a013dd0120fd98fd2600fd0442fdda07c60207fdbb00dc0074fd0ffdd80739
000000c9ffecfed1117d09ee00bdedf8fcbc008d00e7fe420b10ff31fe77fde3fcf1fb10fe04f70e
feaafe36fcfffe8817aa11700188f9c2fc88fb7209430a66f7c8ff5cfb3bfa60ff8310f100a0f234
07fcfad8011b008b056fe52a0083f193fddbffd1003904b10610ff8d0056fef5ffe6fe6302040b21
03b7ff93fed800f0006df83200e8ec050285fe6dfae2f862027dffd7fbddfffbf9dff90bfc2700ae
0926fa3c0074ff7fef12f7c5fccc0225ff29001cf7ae03bef87c00c30069002cfd1eecd3014dfc24
fd6efefa003ffdd7f40ef0f0fdbb15a5fc65fe56f3b1081af105fc5bfb82fd69fe87e8fe0265f922
fe24fe0e00adfb3afd21ef7dfd8e0196ffecfb85fd39ff2cf8a2ff78018a024300d2f0a60132ee14
fd0ffba300abff3411da0d68f9c1f34901d6fb0aece7193f2102023efdd7fe0b008a07630296fc43
0817fed0fc5ffc5beebdfd26fd660c0e0252009fed9c19f2152500d1fbe2fcccfc8100f40028fbd4
064cfe04fa76ff7bfd1102c5016d2628003bfe3602511f411912fcdf0007fe95fd411260fe31009d
0c01fc54fe310151fda309c3fd1f0476fe33fc2df64c27ae01b9031e00bcffb1fe4a0dbffe530123
0870fc0e007cffd5fe7503f5013ce889fc35fcccf0a0276ffadb02c7fdacff7d0156117efd0f0111
10d1ff2efb05ffe2ff9cff9fffe4f8b700ae0010e200dfc31074003700fb0008fe18fab802c5f78c
fdabfc23fa88faef0d370a1ffea10e14fe2bfe7409f9f8c11c1eff41fcf6fccc02b9f38203710817
ef83fbc1fb43fe5b0b0c0ec20009fe3effa6fd041f48ec500a79fca0fd9afd2afbc2ed9afd2efb0f
008cfc1afcdffa9af5c411edfdf2f990fe0bfd4e1595e5b8fd38fef5faaf0255022403f4fdc1f39a
2042fd40fedc002e06891344fc9cfd12fedefcdcf6e4feadfb89feb3ffbcfeadff6de406fe55fa5c
04e4fe5dfedf00710a3ef555fc560ac4fe95fdf2ddf2f602f72a025ffd44fbc60518fddd029cfe51
f581fa2cff7dfb1903fae228feeff779fe0f0125fe8afefc0845ff4c012efa75fdaa021dfabb1143
f08ff88001dffb3dfde4d17efcf00868feb1fd8f0ba20120f5f200c9fbb7fcb5fb47056e040904fa
04e9fcbbfff3fbdaefa5d894ffdd0492015efcb31045097ff4d3fe3aff54ffbaff2fef35ff45f78f
056eff87ff2aff54117ad96ffe4c034bfed7ffcafcfa0bf1f5b5fd90fe81fe80fe15f26b0185f698
e93dff64fc1ffe9ff4530d7f01130accfcd0006501170fb808f5fcf7ff81fb64feb50b94fbc8f68b
0122fd9b023cfd54f7b0121e013dfe5bfe7afeab05eefe88ffc5fe3cfcfa00b8fdeb1d48fbcf06a7
1a8afafefd48fbebf2cc1b59fe6604adfdca00bb10daf8efe618fccdfec10069fe031b790024f930
047afa14fca0fca509d51137fcd2fc900173fd581f35fde303b3fd5dfe0200b7008c0717fd58f6ed
e25dff9c00f5fcf024b019d4006dfed2febdfb302849fb290784fde800d2fdcafba4fef6fed5ff57
f53f0033ffce00ca146cfc61fcc70f17fe61000af99ef0c4f864fe15fc43fc0002a4070dffcaecc4
0a37fe85ff4cfb9a23ae0141013fe547ff6fff3ff9dbd7350034014d00f2fca9fe53ef810095db72
ff81ffd3fc35fe1a13f407db025cdb23ff7bfeed07b3cba506ac0043fb3efebb004ede2dfc47e8db
df14fabdfd76fd8312d3ff78ff71cb86ffb0fc19fa81ce17182cfee000c60007f902d5a3ff6f08a8
e6d4fae6ff00fa9b114a006700290a19fdabfead0a5fbaafe350019dff1efc0003ccd5e8021aff76
f6a4fde5fd1efc8708a6106403570c11fc9efb52eee30a3ffc79fda8fdb1020401ddf50f0101e03a
0a08fab900b3fd59f660f4540371f4c5ffbfffb8177b07f9fbdafd7ffc690110fc6104c5ff82f0f1
fbbcfdbeff35007ef3f6ed360198fb020109005527fa0f90fed8fd4ffc520037feeb02c7fe34fa03
c279fdcdfe49fecdea31ef78ff0e0b40fda5fd970b290436fe23ffef018100370010f9e0ff2b142c
e057fa57fc28fbc3dea70c31fdd800e60185fdbaf2fd0a6103ecfd11016dffc60190e803fde8ec97
13930098017aff7f0d660962fd19f8e7ff33fa740e73030de300009efcda0023fec7f6790084e30b
03e6021afc79fdb0097108e9fce000a0fe2300e80f2dfe160de3fd77fbe5020dfe670495fe98092e
edf1ff30fb2aff960e9309a8fdcb0a37fc52fcf80f94fbd4f7610080fbc400b7ff1b107bff3a0bac
f49afdd2003afe81edba0d3a015c02f3fe23fc98064b140df6340091fde1004bff26f669009e1214
fa6f0109ffd8ff100616f84cfff7fde0fdf00011fd48160cfd41fc9dfdfa0024008af16dfdf1f310
0905fd7dfd76fe46fb61ebf0fe14f90cfe37fcc7de9e0716f986fd7bfd83011cff52fab1fc9f0483
062ffe1bfa4dff2408500abcfefaf3c1fc26fecbf117ec64f869fe6efe4ffdaafe39144c02e70110
0047fb86fe14fb450b0e0bce01effac00153fdeaf68aded3f3c9fe34ff95fb4c03171afcfe83ecce
06eafe9cfefcfce5eff8fe9e00e004190191fed9f9aff0ccf20efffdfbabff5702a9fdd7fbc60cd3
0dd3f95cffb3ff27e95beaeefb7502a0feed00a2e71403b10369fe3bff64fa22ff330981fb75114e
0245ffe2fb03fe2605d5fda7fd82f9e3fc8ffea3ea02f5c10188ffcfffd3faecfae5fe1a01b0027c
f618fefaf9fefdfe0036fa0efc0efedafe35022ce0de09ebfc4f0299ffe600c0feacfd7802d3fbde
f5a9fca4faebfa98f649f1cffd780088001cfe19e494ffe3006afeb7fdd1fb1b014004c003d8fdfe
00c3fa21fe4f0013ea2c14110036fda80071feb8f07ffdbafa8ffe4dfd02fe1eff69fd6f02bb092d
053bfa1afc9000aefd70f842fa09fc780092fbb1fc2d01b602bd0116fe19fc89ff41fcf5ff810641
f2abfaf00063fe2500cb0b46020aeb2a0217fad2f578ffa507ba00dafbd6fe82fe000420ffaeecd8
10f0fceafbabfab6f3a710cdff79e1a3ffe9fe87048bfc36043f0271fe92fe9efa66eccbfe64f7b5
1b5ffec7fd6afc35eac80f5ffeeff240fe80fff1024ef10aeaa50187fe520189fcd8ea69fd29fe2c
02b3fd680063fcbeef641460ff95fa03ff4efe5505edfdbaf830ff6efc15017cfe15ee9700c1f8ad
fe9efc95fe93ffb006d30fc3fd3b1a9cfc22fe951110f349e65301bc00b3fd13fc82f36901abf07b
f575fc670173fdfe06130b32fa59e75eff6afcfa1013125bf15afd8d00f7fcc1fee401c5fd340086
042afe28002efbe5f2af0c7cfecb02edfff6fd37facc03ce0771019cfb1b0003fe4508b6fcacee62
1052fe90fe9ffe81012b04ecfc8efefdfc81ffb5ff8e06a50d07fc05fbb6007afb200dc6fcc6ea85
f55b0129fa73fbfaee1809a3fc1ffebffc54fc5af458035efee9fe6afc1901adfdf00e17fbf9fe26
fc25fbf7fec5fef0eedf0b43fd3cedeafed9ffb1face043801c7ff9dfd10ff69fd090e9ffee9f1bc
0499fef3fb32ff91f2460473fa2ef162fccffce1f20dfd9304e40001009efb060092f11d00a7fc4a
0510fb4efb24ffb9f92c00b500b1fea6031e019106cc07c216ae01b9fcf5014dfb9903fb01d9f7c6
f998faf5fcf3faf311be0342ff350ce9ff9bfe61e9eb0c090e4fff2efd57fb2cfd6a0367fcc8ed54
f6f2fbbdff9800de04410a7afded02cafedbffd8ea62009df30e023ffeb4fbc900fafc88ffa2ed06
1309fe65fd68000a145e0bdcfa730436fd52fc82e4daf91b0c29019bfcb9fa4401f6fdb4fcc1fce5
f669fd40faadfd2afa0b0b6ffb9bf56b002bfe1de97df30c04cfff73fd62fdfefc44fc7700fee6d9
fb8afa18fbeafc8e05f00158fb7c0ac20207fc85f836f03c1d02fea6fc4efc8cfebb004afbcdfada
ead7fce2fea6fe3801ecfd13fd7f012601b7fb420372f99c0109fc55fe1afdf6fe9a017900eafa7f
f9afff890063007df306f6a0fefa0702fd46fdc00ae9e75ffdb6ff3dfe14ff6ffcbfef79ffacf683
09e9fb320220001c0b3efcfcff88163c0218fc04f7e1f471fc340079fbddfff60075f6b3fcbe062f
f8ec00b9fde3028f0b8313e4faddf3fcff37016f0db5e3ab03410156fbdcfbf8fd1efe0fffe1f952
0057fe12fdb0fec4f56301c3ff35fb0afcadfcfd0361faa50aa5fe22fe620094fe520179fdb3f46d
f821fa11fec40032f8b7ed63fc5a07ccfea2fb5605fbf22ff10dfea2ffb30000fcf10755fecae733
fe49fa52fdf7fc8efea9f5fbfe3dfda2ff8cff75ff2bfed0f26401e2fd7100f2fd6c0fb0011be9ec
fe91fda6fc1d012a0cb5fca7fd590ae2ffbefe3e0a7ff646062fff0dfaebfb6cfbedf93afcd9fb77
fabefd0302d7ffe700dd0333ff45fe34ff11fd6e01a900cffe4101c9010b0239feabff37fe99feab
019aff87fe01feaefe22ff65015b014dff20029701d7fea702a3fde6fe9200520251fea5fe810124
ff6d0308ff51fe2902a7fd0d0361ff99ff8ffc85fe00fd2f012dfe33fe54fd2901ab00fe021afd9d
00c7fe25fe8efe81028601940230022c024f01a4ff6500af02ca01defdbafe0a00fe0159feef003f
fe6f004efe0002b3fca9026afe4c018c0202fe88ff9efb340173fdba0269022d01cf0125021dffb7
032bfe73ff71ff89fe04024bfe4e025e026902e5feab00610416fe570183002002200073fddffc14
01540176ffef0080032e00bdfe79fb64ffb80086feb5ff2201c40144ffab00830152004ffcf5fc8e
fe5c026f02b90138005200fffdb4ff53fe54025a0013fe93feca0295017f00b4fcf9fddffdbf02b5
011f024202e2fd3a01c0053cfd7efc6dfeb9fcedfd73fcc301bbff90fe050272fe5603f802e6fcc3
014dfccdfd26fdc50193fc66028201d8fd94fd55ff4c03bdfd09000702b1032bfe36fd28ffe40383
fc14fe07fe38fd84ff94ffb40120fda201f3fd9dfd86fc48ff10fd06fe0301f30160fcf6fd8bff6d
ffed00cdff39fe17fd5c009ffd4afda302b10080ffb3ffddfedefd0b0135fe1a007c007afe030242
fdfefe00023d0319018b0316fe89fc94002500c2fd6d02e7fec8fe2efe90fe23fefdfc3602e000c9
ff8101c502d800360125ff3a033bfef902bf022e00160228029302da019bfca00052fdc901ef0282
04e1fcf40073fe6801d500acff5e01d901c1fcd6fba40119fd1b026b008ffd88ff6afd2902f6fcd0
fd7efd84007a01420028026afe35fead00b10111fe5ffc90fd06fd390325ffe9fe97ffccfe5c0036
fe6600b3fdd301f2018400d1ff84006b00e800f2fd03014f013301f2fe58ff99fd960042fd73fd3c
00defdbd01b4008a00beff5a0360fe47ff77ff5bfc13002e03deff20fff2fd9702140146fdfd005f
fbb90153fd08ff0d02b9fe22feb4012e00c10215fe8101ec019c007bff8d0364fe82ff3dfd9bfce0
002a032e007001d6ff300143fd4dff5f01bb0102fde6019a004b0031000e02e70219fe85010404fc
025c0221021f0083feb9fda3ffc2fe79ff7dfed201e0fc41fe25ffc0fe4bffaeff06006ffe6cfd14
00910276fd4d0095fd2bfcab0067022903140020040f014b0259026b01c20201fd33feaffe1cfc26
ff98006201050258fe77ff0d024efd560320fee3018bfec4fe20ff51ffeffee902810103001c004c
0030ffbaffad03790109fd6bfdc90248ffe9fe89010d001200cf0317fcacff15fe76fdbb0213feb7
01fd00bb01a301e8fe4f019afc88ffc802f8fe8e025e02f600c7fe2b021b02b0026a01b7fe74014e
04d000f8032701f1052eebb4fd561fcefd6ffc44fc58c189c13b0230fd33ffc2022def8700caf3d2
fdfbfd4d0070fe7fff72068a01e3f3b2fe0effa01465e222ef72ff94fcd8fe26ffeafaa7ff35057f
f73affe000b9ff8603411ad3021eb074fdcefec2124bf203f9bd0205004ffba9fa86ed31fd43f745
f9d2ffde0099ff12088e0ad8fc8711fc023401030984f802021ffca300f6ff250034f4d7fc6cfe1d
09c1fee1fb91fe4507d1f5a6011bf85aff60ffa8ff20f918fa26007efcdffed5ffffff54fd6bfb97
f4310089000a007c01b4d845fd27eaf4ff930060fe2af2fd0aebfc4f0000ffcb02b6feeefd06123a
f078fab1fcf0fe0de98efe1dfb6dc83d00e6fab9ec2004bbf13dfe41fba2ff2ffd6ffe7efb3d02b3
0064f9bffeb9ff4ef1f50ae2ff7003e80160faacfcac0c83fcf0fe99ffdcfd83ff2ef1e2011cfc48
09e7fa86fdcdfbf4f86bfba40092083101dcfadef930044ef432fdc3fd8701a5fc4b07d4ff34eb67
0f28ff13fbbfff0500eafc3bfca2f99401a8faeef6abed7701f9003bfd1200a0ffdd03ef0319e338
06c90154fd65ff41ef81f1f9f93cea20fdc3fffbee84e6d530fdff13fe9aff9b02e801ffff9f075c
11a3fb7b00e8fadaf3baffa3fcf7fa16fcacfd04e8a4071af310fe22fbedfbf8fb77f5fbfe9a0349
164afbddfff9ff28ef510ed8ff68fe20ffa1fe7409940626fd5802150264ff47fef811b402d7eaf1
041efc3a0049ff23ebf3fcd9ff89f94dfd3a000ff8f30533f061017cfe66fd01fff41272fcb7d414
0a97fe2fff33fe2401fdf36efd58016301c2fac6f1edf65ae64e01d5fb3f016500df0353ff6cda9a
0470ff57ff10ff1f0afc14b7fb23fce0ff56fdc30cd9ef9c010200c2fdbcfecefa030885015c117e
01a40027fcc701b5008609e2fadf0a4c0305ff8e07f20a86029afcb4fcc5ff63ff22f2a6fc590f9f
11a900a1ff3efe30e5a8f8e7fcb70efbffc5fcd603df07ad10c7015dfa94ff7bfc6e0374febbfd1f
f426fe1700e5ff5bf8a8f582fda9037cffb1fbb4fc3404930fe1ffebfef9fae4ffb8045f00c0eac5
ffd90013fc19fd490a1709b4002ffe31ffbd0149fe150f220b56fca30043fcff020af425fbb7fc33
0b75fc14fe5a02980d24026ffe640243fe71ff33fef0e8de001dfe7effdefa3bffb716bf04060dc6
073afed5ff4200eff98c05c300f90375feb2fecd03f6f7770667ff49001bfad801fcf9e4fcee05a5
f9720089fbd3fcdef92d051100fc02ee0250fdee0abcf4ba1050fff8fa69fd51fdda03a2fde4041e
f7dcfef9fe0efc9df829082dff540bd1ff6dff4e046cfa0e0b1efd63ff3ffddc01d9fa9dfd3cfb84
12b80082fd3efdf60456f9eefbc80560ff45fcea0a020e1ef972015ffe2eff35feb2fa7dfdd805a5
ff78042804e900a91956062afe39fb8aff04043e0849067b035fec59ee5afe4dffd4ff7d000e0aa5
fe49fadd058bfbb11bf1f7cafdf1fe49010115d0fd2b0a0e04fce2aef7d8fe33004806fe01d7fcc9
00c407320423fcdf0593fe5b005f0c39011c01d0f8adf717fa13c1ebe4caffa3f211fa1d0033fe72
fef0028b13f101b4e8f30d22fbd52127fee700f3f25b0748f3ebe8da01adfe91f7990428fecdfa13
fd9fe906194ffe26e0490b4d00431bac036ef33bfe11dfbe1199e8e9fdb2000ff6b205b6fd7c00a7
0093ffcafb8201c6ff5bfd84fee3ee22ff81134301b2097a0601faa50978ffc00b120c600121ff91
0207ff26f3c7fee60dc5f6c20184ee0efac103e8134e08cc08470220fb9701e00c740a6cfb35fc5e
ff94f21b0126fe3013e4f1cefbe007d2facffe860748e5861541f582f33aff000f5f0ede00b3fd1b
fd46047716e1fd28fe950393000c10c002b6f5a31095fca310e3f444f05afecdfdb8105bfe58021e
fef304d406ebfcdcf8ff037602c413fb0065fdb20c73069709dbeefe058b00b6f828fd6c01700230
fd6f0708fadd0020f40702d50099f629fce100bbf9020824f81c013e103f01610194ee16fd9bfac0
fdd9fb0406c4ffc209fbfa94006cf2d1ff87f871fae3fdbd0252fbe1f937fdea21b3fa24fbf2fe62
fbdde7610702fcf2118a0362ff920b69fd3c01daf02df38606a1f219c81afebc1e8af684003c0970
ff9ae9cb09e5feeefc8b0b5cfba50076000c0425feb1fbba12fef012f33afe58f31207c7fc14090b
fdb80b6f00caff5c0f07fe78fcb9f7dbfdbdf02e041d03c6febe07e81358022fdfc3e628023c02b7
fe5dfb83f369006bf94405f5fd7c0a80fe8ffc45faa90488f574ff490c58fcca0baef3b7fde90b00
fd68056d00cafc100b4108d3ff02fa3bff05f3e0f150036601b7edcaf590001a0fc6fb73ff1001b8
fd2ef7841b0e01b207ca0595ff391a11ffabf3d0fe88f53e07a3fe07eacdfcd9039500fd00be0cc6
00c1f6620425026415241413fe100b1e00caf8aefa9b026609c5f9b7f99aff5abf54fb5eff6bf072
fc7ceb28ff72ffc30048fbca025dc8bb01f0061810bc07d30610124de163fbb8b6d70b1200d1ee30
fe62f350ed3cff86fe0b0c47ff310cdffbe906adfe27157bf33c10f523c9fe56fc4205eefe82f930
fb8208bdee8000210da51551fd980603fc93f9c0f7e8019218c2088a1989fd20f100086dff8a042f
01d50717f3e8fc68fee1faa8fdb50124fbedf51e092feeae26fafef1c669fc73e43b0bf9fe4cfcbb
fc9d02a8009a001610aaf7a5fcfffac4ff7ceadc226601f010560890c320fc90e03ff0b6002af539
fdc2ed41ed22ff110eccfbe8fc3cc12100c4077b3f9101acf4330cf0b2a4fe82cacbfa9bfb960688
00bf0216026d01ef009703fffd06ff09018000b5fcacfb57ff860084fce5fd52ff33ff0a016eff24
00e201af029affa802fe00240323025802b101e901e4013dff13fe56006afeeb038e026b030fffcb
01b902ddffbffd400061fd9ffd7e042b02acfec9fb6304abff9801010244fd370083012302ce00af
fdd0002ffed000af002ffdb3fe5afd2600d002d9ff1e010dfd2b0155fceb00e2fd290285fec2030b
0188fd16ff2a029f02a201f00126ff3b0176ffd0fdf9fe25ff14034c00ebfec702f1fe9effa2fdcc
fd88024a06a30004fb69045bfe83fbd70024f935fb13fd08ff1ef949023cfec501b2034a021e015d
ffdd006300500262ff420042fe0600d50108fd4e0332fcf0fdfffcc6fb2cff7b0334000afd9002b2
ff22002bfe6202d2ffdafd5000bc007202b9fa63ff89000f04d9023c026f00d90259ff1e0314ffb2
0260ff34fce1fdbffeb904b802cafc73028cff8e02700092fcccfe5603d4fd28030bfefcff7c0155
02ef00d103f4ff69ff8f0256020cffe002c2034afbe4fece04bffbc5fcfa028cffb2ff14fd8fffd7
0057ff83033202b7fe4604c2fdb2fc8f012f00ae02b7fff3feb3fd920123ff050092fe70022f00f4
fe7dfcbbff25003104c0fe69ff6d01680229012601a60379ff20fdb3ff5201d20575fb2dfdfbfc00
022b04180057fe66000b00e1ffac02cf03040482012aff5501adfcc5ff53015b03b80246fd450350
fd81fe45ff340187ffa60358ffc202ac0190fd3900f5fef1026100afffb1fcf7fe5bfeb80229fd8d
ff5a02c903af0066fd2f00d90313016501360415015bfe54fdf6001afc16007c024d00e5028300de
02dc027f0289010a0024fdcefd4902bc031800a8fee1fedbff71fca2fe3a0250fcdcfc5800620468
fe1502c2027200bc0350fb9efcf10370fd45fa3902e0024506fa007f03c5ff630125ffda01bf00aa
00c5fc53fe49021d017b03a0fd6bfd21fe32fb41030b033a0266fcd3028802c7ffc1fe90fdd10130
fce3ff0302e4fe6e00c7fe6afe8ffef4feae011cff05fca0fec7fd4bfef10312018bfdc3fe35fccc
feb10168fd9c00c502e8feb0feaa02a9fd53fe05fd4dfe2efda902c001c9ff76005c02c20040020e
01e1fb8cfe6efd37fc88fd5aff99fbc4fdaeff6ffe6301cf014502f0018902c2feeffc69ff6fff5e
002802a1017e01f8fdb4001d0105fd8bfe8302b80022fcc3008bfe74fb2afe71fe81fd6cfe24feb8
fff301e000fbff88fc8601eaffce00ac00a1ff5efda4fd0aff2d03ab00d8fcf5fc11ff37014bfd6f
004c050b00a2028afefc00ebff2802320283034d011cfc130246fd1cffb10197fba8fd38023902a8
00aeffe901f400e7fc47ffd6fcfdfee100bb0385016afd430083016ffca0ffbafe3100bfff2dfe63
fddf14da18f3feedf8c61e1100ca03b90255f12ef82e1163f79bf176fb700109f9d0f2f1fe850a9b
009a2ad7fbc1ffd5e965fc040199e5daff85f26e0af7104dfce1e21b189ffc6b01692484fe36eac1
001205dde4ff00b5fdd0f7a1fe9d0186fd190d05136c19d4f383001c086b019e085e0345fe73f82d
fde1fe10f24dffbb0cf5dcb9ffe9f5f302060bf7090f1236ff7d0ac319e301221058266afe02e7b1
ff19fac6f3e202a51803dcbe000f0589008be1561a2de294f9d5ef10ed8cfe7e183a1677fda30a97
01021aba0435fcaaf890fdc302bff039fe8af61f05a00bb7f7f6122cfe72ff8ef06b14cffdb0024b
fc810fbaeda60016fab809f202d4f88ffc330850146f0c25f37915f51d5cfcd5020d14460083eace
fc20fdcef10ffc5ff2a6f999fd9eefb000430f4a05871004f5f917250d7dfc62ff3a1b240111ec04
ff94fe7bf74efe6616fcffb1fd05f811fce214d7ff9408e0f6130ce51000ff5df9590dedfc0ae435
ff0c0925fa3201822e9b121cfabdec7afe45ef50fd63f2f60e95e6660a05fd6b0029f4760107fad6
fca6f28beeb6fcbceb0ef887014a0638fd6ef1060d040d6002ba211f0bd6fe13f7f7eaf4fce907c6
027bffd5f4ec017cf8ecfd1ffe44020afc8d0b1d04c1089d017e0867061e02330238f83d0025eee8
fc4bfa0debd0fe670902fc39fede0161fc900972081e2184004a0e740795ffadf8a1fe4f010df3bb
fea2147f00cafd331139f28bfabf033f014bf2c2059e11590005fd4afbd500b30ed2f64a00f1ffb3
001e074c03a401551050f72cfdd7f50a0070e6bb0b28feedf400fa0f0107004aecc8caeeffdcfc94
fe77e9f6e869fd25e966fc6701f008ee0116f77110790244e2730d330192ffa501c0eabdfc8104d9
ffdb01220524fc0afe3a00eefb9012a4fce2fa45101712aaf8be05c008f1fddffbdce7d7fdc3fbdd
fe180215f65ffe600340f02dfe8c11c2fe50f5ae14e31bed036503d00a30fee8ff95e8acfd3e08ce
fd1d09d4f4e7fd9e0bc9f131fecb03cffde6eb0f03f2f56df75be4020067fc74055bf412fb9e11e3
0286fc1eff3c020df4b6f851ffe7f644fc2af374106ffb60fa380be6f2e1fbe7f5dce61cffab1750
0064ffc7e6c00200f909fe08018112cdffd3038e19b513d4e03113e3068b013c02d8ee8b00b5fecb
01460626fd9dfef1f3b8fba2ff2f0e1bffb407ae11cf1735e43306490fbbff8705a3eeacfc8bf5f2
fe311279f673fe48feb2fd4ffc0509820015044f0dc01d5e09aafa0a0b2efea2f69aee15fc7c0482
fcd3042ef541007003ed05a5007e0c76fea9ff3efd5bfd9e0d35f883f49afef5d8fcf876fd5c0d35
fe821459f97e00c2fa8008d2fec3fd2c015b1389f744d0fa1222fcafe76ffd9fb78b03e600150e08
ffdf152cf265fd272693231ffcdf07e2fe97f3a0f7e4fd9f0713ef5be2da017d0b781daf00ba3a5e
fc9cfb3c2068ffe00735f876fe0e037b003ef4620bd502ab033fe31c0852fcf005940bf1fc7308f2
005904e8fb42fe34fd9a0189fe13fdeffb21ee47128a007107cde32d0b25ff2ef0e124f4fdd327e3
fced10970b15fc65fe18f5f1fec9fe790023e96e054e09ce074fda991005fc9dfb4e03d60159fe6a
fcff073dea3101290dc0fc1503cc05dd0147ce010a081e55fdc4d81aee93ff7afb08129a0097fe69
004fed8a01fffde50893023effd509f2fcda017e07bbf08d02e2fe4815bafcf9fce213bafd8b0077
fcaff8c90c1ffe8202ef0930fda00186fa9efe29094cf7900ad2f5d8ffa8fcd2f42bf92e006603c1
fe8df2fc04f3fd0606fc0ed2fdbff18ffe6e1514fc0af59b0536fc800598fe88f119081ffc86fac5
fcf1045800e70012f35d0ea9fbe2f6f9fe7fff23014d0545f03cfa02ff810275f978096ffe1bf819
ff57f9f0fd68fc8912a00101030bf3b2fde9f627fe56f16af599f09b0666fe46f0c40de7ffa2faf9
fe93f64edf450035f62fff1b008f105bfc86f54ff43ef615fb4b1b51088effc5fb6ae950ffe1f817
fdb7ec19fa5002070716025bfd6c02cafe141417fe45f57a066601fd0dd6fe62f510f577ffd3fd29
ff79fd24fd3d0082026b096efc3deac3fc180e5afbbaf20210eef5a4ffe401f20994f272fb9ef355
021f0092f924fdbb01caffe7fda6f05bfd301c1806b5f98def0804f009e3fe2e0577fbad007ff792
fccd1012057afcee0d060cedfedf0513fe09fdbc061f044900d3f842fdf2ff0a002cf2c4fcb802e1
ffc80afb064effecfceb09d100aa0ae0001e04d9f308fd13ec3c02f103defcfbf663f068ff69fa4d
013ef9fe0f4dfed20767f756ff13f366faf60a180e9df877fd7dfd1e07ba00c40f95024aff0ffc0c
01aff4a90b95fe7ffea0ff06fe1cea090028ff9a0c28006d016f0c51f1a4ff661a43f8c70007f0d3
fe6afa1df4aa01acfdf70623fe41059efe93ef7b03040c0cfb02077ef4c2fc530761e51cff930154
02041f840247ff02f628eaecff7cfb9ffc20f7b40b5afa840c24fc810015ffb80410e14b010b036b
fe54041df8c6ffe80bb5f7ed008cf857ffac065b063ef36ea47e044ffea502290eac003dfe4c07e9
012303f819a801870b16ef7d0138035dfd9dffb1066de730fce7ee9002280188124afd0ffd720b58
01f2e7c505470197f4540094fd350d30fbd6f13601a7f55ff99410ebf86ffdae253bff45fc030535
016108e5f9b9001aed5c019800061356fda7018709be1d89ef0e0c60febbfdcdf745091cfde6faab
00a702600ae5fd1bf60c00c7001cf7e3018f0e4304c3f1010e680bd90b10fc06ec19132f00ba07f9
ff2506c1e4abfdb3ef710871fda80322fd44efb1091a01b010e427811e100254140f1643fb07fca4
02350282fa140221f575ee77ff790af9fff8f6120efe0714f9a10c2902b20206061a01b6fc24efa5
fc5efc6f087d02ab0c68fba4ff39f9a1fd57f597038f01ed11670bef0912001bf6ab0f35fba4fb9e
fed9ff09fe9e00ed13d109a103440236ffd4e97efb20ff44101101cc014afdbfff350b8501a9fed8
ff2a0fd0ff1f012c06a40110ff1a17aa015cfa8afeac072e09a7f8d4e7fd0161f080ff42fdf3047d
010bf536f89100b2f36f045afde80450fca9f6b7f5b6fc2507d9165b0829ff87f7000078fe2902b2
01a7fadeef51fd9ff8ed03afff220608fba2f3d5fae610acf88808390200fc17f93df4d4ff9e037d
02530a62fe81027c06eaf6ea00a6046ffafef480f8a2fdb000410906fee6fc4306110494fb19084f
fe6c00aaf8befdd00f0812f7fc05fb15fb8af9c8fe2cfebd01bff156f82a000b0fde02fbfc3d09ab
fdf9196d04a8026302b40d3b00461001fc28dd0af5f2e4fee5b9e3ee024001a00276e203fba8fdf7
fc83fa65ed2ffc7afd6f0a1e036d0aa000d90ab80a28f6880b02117af839ff14fd66f228ff06fce4
fd1d00e7ff790275fa2706ecffd6059fff64ff1b090003a9f7a007e9030efcf2fa0ae986fbfafbeb
fe02088306eb00a501b30683faa6eca4ffe410210a87fb1b01d5f2480c19fdcf0baee52efcc3ecf4
fdc616ad0d9bfd7d0bcdfa07ffb2e85501650759fbae0e900746f555f519fee013d2f158fc45fba6
fcc32a6d132f0297faf30d69fd9c12660020e8d109550853f96ff534f7bc01e1fc05f08aff26ef03
014207c81372ff2af41e0a15fe45fd56fbb40de30da0f4ffe9150933fa78fe04efcbee5700e8fa54
0269e0cd11f2ff5e05e802a1ff94efcefdf711e717c9fa74e886010d008a0007ffe7f301ff08f215
00e1fa39080dfd6cfbf2f73dffa6ea86fef70114106afb8af977fb45ea9800be1303f0dffe1afcf3
fe4502d208cefdba07c20b69fc58f7c4fcf8ff5cf80ffa83f651facaf5d900d8073cfb53fbfc06e7
fd2f114a0b55fdccf047f0b1fe46fa37fe7de6d403a0ffed02c5edce0cbcff870236fa6cff84045b
0013109612750099eeaed5b503f0113affd60caf065b0432c7f3ef26e46efc6604d7f6170023f669
fd86f29cfecffd61f966e72502bd0e53ff6b1cdb0d2cec7bcbede744039f009325f0f324014f058d
fd5ce717f54700d8ec1100e6fd530408fc4301fcfdd1fdb5e7f1fd2904d2fc9d0c51109dfe171694
00e90b5ff4d4fcce1c43fd6401bf126efbe22682f4b301831807f7ce1124fceedc240d7bfedef84c
fd7f09c31105007eff340cce0016029cff4720a504b8fff817d8fcfd05a801b0cc6ff979007c1842
ff12fd9900bc01b7030300a800a80030002cff8901920015ffe1fd7bfe57ff6f014ffd760013013a
fec6022d02dffcfd019bfcf802d7fe2c02ed0075fde601c102b8ff350247ff2f00c70279ffb400e0
005801a7ffec0024fe1bff08fffffdfa001e01b2014401b8005cff70ffd9fef70169fce1ff0d01f8
fd4c01e1fed00216fea9ff81010a01250154ff00fdf8ffc8ff6302f800cd01e8fe3affb3fd090140
00a402f5fe65fd44fde1ff00fe4b02f2fcd7fff9fe3c0235fcf5fe5600b6ffb101dffda5fdcafd04
fd0c00d1008102f4fe0c0118fe4d020ffd5bfd270155011e0233ff89fed10088016dfd45ffe7fe7a
012a0117ff0000c600cb01a7ffe7fdc2ff74024afe6aff1601deffe4fff4fda900a7fdcbfd4dfe79
02de014dfeb500740310fea6fea3ff9bfeb0ffdaffcf0217fed000b502b8fceeff9602c8ff36ff16
0122fdd5ffd3fdaefdd9fee302b7fe84fcee0203025effa301eaff3bfdc800d900b4fe5a030f007f
0051fea801250124fcf1015bfe6902c7fe4300ca00a900a7ff91fefd022bfee3ffd2025a01fffeee
011100eb029ffe6800bfff070244ff9d00be0205fd9d006afda0fe3802e1fef6ffc8ff4cfe1b0009
02260167fd46fd80fe07032afe0102aaffbe0300002901f6016bfee0014cfee702370210fde200a7
fddcfd73ff3a01630181001cfdc0fea5ff1902b5fd1aff3001c6ff7dfd2100fcff2b0080009800a5
fdd800e60211fd3bfd08029000910281020bffa00303fd98ff8402e5fe63002effd901610050019b
00f2fdbf00bb02b5fd9bfce800bf01b5ffe2ff77009fff3f0317fd4c028c023301b8fe9effba000a
fd89008a0066fcf0ff7cfe89025603120133ff8effe8ff69ff1c027cfef60182fce100a200b20125
0312fd9c01f2020502e8fdaa01e300f1fd590331010bffee02c5032d0194ff35fe5d00f1fe8afd94
fefd01df02bb0331fd0c0213fee402ae02c1fccefdb2fe3e00a0fcd1feb6fd430093ff67fd0dffce
0323fdd60213ffd7ff530016017c0134fdd0fd17ff0500deff63feb8023dfe99ff4302030186ff3b
02580239fdca031e002101bbffa902e0022aff490047014dfd73fe1002a102a4fe17fe6e0183fe30
0210018a0148fff6ff7aff7d01aafc7401200351ffa20438ff090271fe45fde0fcf6033dfe2a01c6
000d00be01aefd590042ff0effb7fec0fd5efeebffeeff1a01ec029a013702de02cd00380015fd75
0101fe29028302dbfd9a00c2015afe89fd4efd49fcd100ed01cb0308fd04ff56ff3bfd3afdb7ff48
0116fe97ff53018a031000c4fed6ffcc00f0fe2f0214008502fffeff0058ff09009101c300a3003f
031e0000fe44025afdf3fe0e012c00fbfeb9030c003b01c501de01e9013b01da014dff7cfe98016e
fee8e7cd199b0234f70e0632fd2bfe0bfdbb018a0103fdbc0808f53b15f6fddd0c85f949fed2fa14
fc1ffcb0220efe93fcd90177fe73074dfbf5113a00790692fca4f39bf535fe400b2e0848ffd5f4ba
fe5408780d71fd71f84602b3fbabfba20383135bed4914eef5bbf1a71c7eff22097f1dbdfe19fb6d
fd27ffe0fa03fe26ec741b0cffdc13cafe5709c2eb37f38b073a00f8fcc4fd88fd51f575ff470930
fcb3f85c0336fd46fb7b14ea00e1f3fefc521886e57814800790099c0054fc3d065522ac002afde3
fe9aff05007f004305621ba4fc54fb53fdc31bcff8cefb0afdddf21809f5fc44f70ef12bfe21f312
fee1121405490259d4f41057fd2b0096fbf80b95f06604ffedfdf82fe6f2faededbc0506fe9b00b0
010306012115fc5ee9ef08f6fe1d066efeb4f127e9c31084f7220b4eed8ffe38012b172efdb517dd
ffcbfb090f58020912120c79fdfc0c19fcd7e6e8e8eb05260adf07a2eaf0fd6604e5fef10080fd5a
fca303f6ffccfcaa15d40415ff5a1560fe65fdffe194f6e406b50b81ec8aff050d45138efdc60821
0010126d2509fc8112d70763fc91f89efef31819fe34011effaed157f77afda4040a12d5fcfb0d06
ff341c3ffdb70078d8870440fc7fef69ff66fa06f642f52bf455040a0f6a01e2f0121eae0123fdab
00bd07e5ff8ffd1bf3fadfd9fea402ec00d7f83bea88f150ef11182d0d25fc5ffbbe33bfff31028c
fe1212b1feaf0213f87ff13602f311810054f131e6d7e57108f3036700a401cb12b1235ffeff0cc3
0169ed6bf53e0241fd26ff5900021820fb8cfa7bf2e9d0490208eaaf0392fcd218470aed014206eb
fd17f4791f32024ffd01fade0152e0ef012d014cf8aefa722155f37eee5500a800e111c900fee4d0
0145f3f5145efd72f6d5fd49fcace76affccf07bf4e6f04e0b740af4f6ef00aef9cf0176016ed73b
fde4f1d8057dfd1bfefa10acfdbbf2cdff9a10e4ebddf15afda614dbf7a9017dfb7f16680004f579
01b8005af736fffe02f6fcf3f7a00a53fc9910b6fd53eeb5fea0efa1f16b017916d30f1b003410a3
fd25078010ef00c00b330374fe290fadffaffb65dc8bf995f102eca6ffe6fcdc1c59f837ff7106b0
0153fea01704fe410ce5fa24ff20fac9ff9601e5006cfce71eaff23ff04ffb1404a7fc87fcb80bbd
fe2ee89e097ffe6ce9ed09e9fe75ed23ff4a041f0a910b441c5b0bbbef6dfd47f6a1035b0154127f
fd25f07afca70032ee7f11e1fee20272ff601741fad005d707250ebcfd23fb320ca5137cfd750654
fd19049a0d5dfee8f059fee1fc961b69fb1d192dfdc6f871fe5b04de04bcff430a52fdac00bafedb
024910b7080201c10450ff70fcfdfc4afb49151a01f000a5ef550c8a01fcfc381698ee33ffa2018e
fe78f767ee2bff8e0e6bfe24fe4103ed0144ffa203fc0a330a91ff76fd7d006b04a3fe53fb710409
01860986f69e006a0d2dee59ffc9f883ff3bf4810d7b07960489002b0323fd1cff7c013dfc280b71
fba70819e73e02201861f70efdf60a3bfef4fba7071f16230867eb96026aff8bfd1b1076fbf11659
fc530c3ff9bbfcd3fa2afd15ff121986ff85fc38f6db1835fe99e7050855fdd7e3dc0d2bfc020e34
fcd21a8efed0fe20e4e6fb72fd0c20fa016aec72f9fd0a29ff7eee16fec6fda5edcb0427ffd7f438
0265fb7a040c003ff36a0f170125fa66fe4afee1009ff9e402b8fef00098fad0fafff257fe8a0758
ff8efd15076f01881353fec3fe88fdfefca6f25efa791108090dfa27f757ffc0ff8efdb000a90ea6
ff75136d02e3fee414300c8df8acfeb1ffe2eff1ed2a00a40159f7550039ffda0d17fd4100071918
fd620a63016a0225e5ef0e0f030f0c800198effb080e0329056f06b4f85dfbb9f2210263fc431a7b
ffa40e52fba9fde302c002edfe1b062cfd35e00913ae0908f67ef0cbf4e001ae03eefde7ff7c1634
0090075efc2dfbd6f6ae09d6ff4cf878fbbbfa28fb3d033bf6f7073b0327fc7af3d6df2ffe850e4b
ff1103650f1cfc6a09800654ff080b8cfce0e8e3ecc4f50505edf836fcc601ac029de558fbca2dd7
01241213fa180112ebff10ecfb58045b014eef04fbc3ff8904ae05850aa4fef0fd74f6b5ff3128c5
ff1612010dea01bcf4430de6fd44084bfe72067704ca0a95f8c91053f537fd480b93fec0fdec1217
fe380a8603e9ff901010f660fdfb05d3fc83fe76222b1c25f245ffc90120fd4c0ed20426fb7702df
0085084af620fd09f90801adfef91939fbd1fe9602d20a9dda840324074c01a5fcd8f38f001ef8c8
fd820630ff9f0125f1f91072fbcb0830fcd4f924fcc3f953f3730b6403410011fc1afcb100fc04ac
fdb6ef5407bb0022f47718f4fce00431fe1deb0600bcf0d304ba17f708e9ff2ff05407e7fbfcfa75
fed4f45a0810fe2701cb053eff69f8eafdddfbca0acf0b87f86318fcfbe9007df6fc052d00ffef21
fea605c4fd8f024907bffbb2fdf0f4fefff4fb6d0f4816ecff4b172cfeccfd93cdb4021c00edfb95
fd3f1177fb40fdfbeeb3ee49fed7172c0119ec900d401c35ef86149ff2420024f34ef876fd21d704
fe3e0520f9b8fda2fb59fbf0ff3b0067ff4fee7cfbc9fc13d56a0d94f59e017ef3eb0c07fcd7ee6a
fd23faf2f459fc6efbe4f87ffe6cf92dffa7ccf0ee8003fcd89e0e43f925007ae0d001eb00db0ec4
fe95e205eddd00f4fdb205b60002d5a9ffdcd168008b0a5f04cd1553ff12fca9dcfd0d5affbf1f11
00e7f74eecdafc50e13e03cffd22e853fcf70018f217fb85052b231f009201b5d7a9f1affcb008f8
fd8ffd27050cfcb8fcd5002e000ce81fff0f132af848fe8202caf2effc07fc8df4ca058ffb52ff92
fdfa11e00941fe00df00051ffdacfae1fd1c0be1f1b2f3800016077a01eafcb5137402ccfdf40aa3
fe7afe78136afda4e6b410b40130f794fbe10c5207c0ffcafcd30693f6f0fc8c0e7bf97efc15f969
fdb7013709c501cef64e151a0045f98afe39070a08b2f84c05de0f16fc92010018c3fca0fd5af83b
01b4fbce0448024818390d51fff1efc201bef94d12e9f21e084705fe0168fc8009fff960028cf828
ff080da4fbaafef4119108f70115f78dfe1d140af6c4f7f0fa5702e7f830fed6fc760619fdb804e0
006d033cf67dfd7ce40601dafbaef3f8fcccf98e1a370c71fd670489f56ffe7f05e50c8cffd5004a
fcde0afd0326fffeecf1f3e9fc1efd46fcc7f8fd0b5209bf0b2705930817ffcdfe1f0c76fc88fd47
fea8f8ee00e3017c02eef957fe7c051dff9efaf8002e0a08fb98fd3409bd0225056cfcc4fee8f839
fc43032705c40000fb0cfeb700d4fd00fbbbf4c3fe49fe05f46ff5310462000f03c3e6fe01d50340
fff107c6da3f02a102d60e5dfe97d53fffbdf809fd85f164fe9af5fa18a1fde706ba0cdcffddfbca
ff1d0024dda8feace9dff4c8fca2f58aff83f82c0c1fe6a50ab60a54fafafc4c12630b4fff12ea28
fc8cf516f06701a0f6cfcd38fd650639fdeaf4a1096f08b4027e18ba0b01fc7cf6c4fec80134e3a3
00880466efe7ff2c05e0cc69fee20571001a03a9fba5f87afd0d020904b4fd15f4d6fbdf0124fa2d
ff3bfcaf1206ffa1058ce7c4f9edeb9ffd870fe8ea0ceb6df9fc0811eefefc02f9f9f314fc78fcb6
fdd2ec23e99f00670f190381fbc4f015feb9f738f90cf6fbf941ee180f97fb6e1fda0635fe530442
fd5200ecd7790123f169eb23fea50bdafc09f700fa3ef56e084a02f3f6890108032af834025dfb55
fe2f01befb03fe9ffc80a809ffd212d2fcf6030408d3f9c808d8086ef9a9ff4df2cdf3c3fafc0035
010c18da0848000efe45a9e2fcd6fd49fb55fcd00792f637088ff8d8f2daff80f5a5f806fe931cac
fdd717600426fd8ff836f28efd3ced47fe41048aebccfee202cff8e1e5d1fd1ceaa801ddfbc519e8
004cf0e30281fed1080cf694fd97fe93ff44fb2d0d240113eb68fc020921fbbd0251ff4802b8086c
008008d70916004d0b7600fa035c05d3ff570aeb13c40b371d5308b801ae01e2e77a0579ffb8fa18
fd47033200fbfe9703e3f38dfc0014fcfbc52049191800940890f7caf1fbfd58de5b077dfd3d065c
0152074bff9bffcd06730637fd2d040afbd010a00db2e798f713fc38037dfc7ceb60f748fc2efff8
0017ff7611afffccf9bf0c720038ff52ff2812762601e7d3f981ff7de8e0fc88f4a3fc62ffed05cb
00c9f365f77cfc63f2f012f3ffc7ed48fce7e2ac062b219406f1ed9ddabcfc3f00bc133afe6ff0e2
fdd5fad80a3bff96eab01248ff0f3c3c0030015af4b5f63a099a14ffd393fc4e067611bdfdc20eab
0028fdcc1eef01ec22c7fe85004815be00e1f098fbe8f9f4fd5bf4020fd200990bb4d8c6fe95f7a4
003afc36116dfd5e05aa0ee9fca011effe8926081ad2fe4e039f0629f32bfce21cfa079ffc7a0748
fcabff9df4ecfcb416b8120e0017fa3401600236014d00030b56fe8a083ffe6608931c9afe651097
ff19104b1129fe2af5c8fca1005d08b7fd760587fd3dfd8103cbfe2d03f2008e02500242ffcefd73
fe4304980efefcfef3c511fdfd051556fc880c51fce0fee9f476043ffbbcffdffd4d06d60104128d
fc5ffd7f1495fdfdfee70b5a004807f80083058bf427f541f7a608610113ff19092a1772008c0de8
fcd5f4ea019fff56f86519e9ff500398ff4204cbf7bef53308060432ecd002c0fdcafc87fff4fbfd
ff7ffb260b650080fb810ddf03dbef3eff1c01fbfcd008290c5d0a82fa7f020afe5215a70171081d
fee8fa62ffa5fdcbe2a2020dfdd41161fd57feb3ff8fee71f63e0b2f1ceefe2bf0aafa1efd28ebd5
fe4bf9480423fc5a146ffa8f01590b60fe14f90fed560427fcbaf849076a021c06b30a97fb55eeae
01ceebd40d1701520899017b016b0d73fe0d03d8f092fe74f7a8fdb0018b02e7fdc10d23fde0fd10
015af4cafebafe780395fbcefd16f13affb2fca1f775fd80fac0f35bfa20fe8af31115360042f5fc
003de6b30ab7fe730530098502c8e10bfc68f948087cefdef177042901ecfd50f5c20a5901f1ff86
01db12c0f8f1fcbbf2ccf416024913e5fbfdfe320a710952eb0401df083dff6300daf2effc9ae485
fca614c0044bfc4911be0502fcd3f520024802ccf26ff630f597fe14105aff9b041a02a2ffe2ec04
fc7204621483ff170aeaf506010908eaffc7eb6bf7c0ff560b170d63e87600b2061800befe5afcf7
ff2bf9db0777fd98fd730011fc1803ecff6be7c7fe590049fd7cf21c049efc32ee34f6b100580b1a
fdb3e7e3fe5e0068f8fc02ff0216ea140082e4e7fce9fea0ff0f0b23fc8f0104f8e7ea65fe9d170c
fe34073507f0fe91fa60059d014b05b8ff2c0b1102d5052bf98000c50246016b0dedf97c02bf019c
fe3d17ad12cbfdc917101007fe840ee9ffbaf86afe3607100a0ef84207b3ffc909def7a2fd451f7c
fe1a0c171134ffd1ffbe026a00320b42ffdef3030882f88a02e009c2f885fed703b9e002001e22b3
0016fea3103d0078f6e20adffbb80ee501791acdfcbbfd410a930978f3da017afe4fecdbff262125
fd10e79df1680071fbf40587fca4f7d4ff792bd302e2ff79098b120df1f30071e98edd20fbfb1d34
001ff1b3fe69fe800a9100d8ff24e3a0fe9305aefc2207970a37fbe7fe6e02090408197d002a0430
fd8f09200286ffeb08b60907fba8044e00cdfb11ec8304c50d54ea530da0fcf6f6dc0600008f0063
fcc20295142fff3cf0df0a28ff7bf0b900fbf634fe07f304089df3a0f21e005dfcdafdb4fdaaf93e
fff9f7390478feecf3ceffe30020fcab000fee2f0a6cfc7afeec049106dbfebbfb4905a0003d01d7
0070ea6e0cdafe83fab607570000fe7bff53f5fe0dcae296fb61014b06c7fe1bfee50038fe3a04cf
fec80dce07cbfd9a09550ca901bade78ffa100500d5e078b08b2f70cf276014607bc1ffefcc206e6
01d3fcf3043c010bf994fac8fcfaf100ff4c052a1343ff500cbd0805ff6c01c20b461528ff06f49b
fe7809c8106cfc63f292042200cb0094fb4efa780a1603eb02470da2010e0200058e0aacffdee710
007a03cd05df02ab10300f33fffb03a2fbe6f23ffcd7127c02a70ef9075500f3046809cdfb21fb88
ff4d05e609fd00570aaf04590287fc00ff93f78b040811b50662fad90216fd6afc3cf79afe4502c3
fef4fdc3f81400dff412fc17fd37e912fe73ea79e8dbfd1b028a0355ffecfeb71292fe01fd0e0008
fea50310fa4a009c11560054fe90ff43fb6a0e30fc79f4010ae204f2fec7fd5024d4fa93feb3f40f
fce5f967135801840c30fc14fe130eb7fd04fa0ef73809bf06a8fe04f4b6025a02bcf1d9fcd6061a
000ef59cf26fff86fd54fbaefadc0ae900af003efc721c0b037eef2c1273ffea04d5f5d300a0fb31
01550caf01d5fded0b17fb08ff9af723002b06cafd5000b703e4fe220e54fd7afab2ec13fe6a06b5
fc66f60ed540ffc7eb1efaa1012f02c0fe5ee9cfec34011cf6950543ff83015bfe89f60bfcf9061f
00f8fd25f7c9feee0a170af4005915bbfd8d01200402faaa07d3fad5fbd600ba06c9ee47fc85011c
01edeec3ff73018dfca8f778003912b2ffdd05b8080a16570d84f43beeb0013c0d65ff25fb4dfde2
00b4ef28f4a900910250fcf4012df65700e7f736020a0e2a0c9fe9acf190fd3afa8d0129fde1fbfb
ff71f9edf843ff1503230cbdfe60eb0efe0b0362f732f7f5fd6ef924f1c40131f4e9f210fd1cf5ca
fd0eed5ec917fe7efbde10c9023a1364fe6506b5f3a60f30dd570d290699feceffc90332ffdc06de
fea90305e57cfcde03a115fa046c0cfefec100c3f6400ad210d5075206aa013f029708f4fc73fb87
00e715c2fc41009dfbdef5e7fb440eac0065fcdd0fc206e225ac00fbed30009f005b09c9fc53ff4d
ffe915fafd380014f7d4f447001f0f15fbdee69122e10709f93fed4bbd33fd5ff877f223feca0722
008e0baf0f80006f0adcf8f002eaeb1dff9ef4cf1341ff550324e69dc265fe02ee17f28bffe9fea3
fc7d01edf41cfe6f028cf38ffe36f322fd7c03fcedaf00cc036e043c0c75fee4f81bf97efc9bff65
0244fab806e3fd36e7a80c3d012b01a7fde90fbdfc6bfcde03a510fafcf1fe7904e7f27500a7f2dd
ff81036c0aacfe6ff78701f1ffd3f6fdfc3509f9f1f4f5f3fa5d119afa5bfc0406ceffb4ffc7edeb
fd5df66f008b01f3138e0dcc018fe940fd260a28ee34f91cfbcf0312fd550037033e042efd3efa0a
fe2c079100b2fc9e07191308f953f4eafc9c0572ebfdfdeb067d05370093ff41fc74f2d4fee0f56b
00400e4903830131f2350553fe41160cff4a0a85f3210187f039084a0608fc6cf570ffd602ef1804
fd270050eae1017dfe38fb6d007c09f1fe740117055517efffbb02e7028bfdb704e30191fea5f74a
fe7cfe99f23101c10a8aefc1fb5e0571fd5500ebf4ea159ffd1afcfa03e4fe0d0dd8fd84fcddefe9
00a8fa4be070fe380d68ea78fdacf925019f013df85208730850f2faffe1fed20923ede700e7fb62
fcd6085ff01602150a75fae1ff450200012b01fedf9ae898fc5702c1fa9cfef104d4ceb3003bfc56
0193072df0d3fc6a0438fadbff480c3bfb240f540b2f0cf3ffffef98fb27fa93050816d201a3f431
ff5a0189e468fc96f562e711fdefed87fbba055019b320e906cc039e1054ff4aee580f1ffe89e2a5
fec70097f7e6fcb9fbe8d5370164f2300077f53f0adefa6e04160e34151900000106fdf6feb2f710
fe7afffaf3d7fd3d0051e04a0174fb61fb0ef836eac4ede7fd0e058b09aaff8502faef9efcb3ff0c
002b0fd7f9d3fc01025ef557fb0b096dffb3149be641e22dfa22f5daf73dfe8df7e4f3dafb860508
fe22f3fb05e1fdaa0379ee24fc8bfb44ff6f0c0504a4083e1b4f05b1f91d013d08511258fee31bd1
fffcf308fd770043f49df932ffcef0a5fd48128006730aa30d04fa8affbd01baf77902e101b60eb1
00c3ff05025d0175fa92f06f003df9befc7c00800d34080d0c20000afb3afe22f9e9fee40081193c
02730c81051eff270060f100fe090b40013506e30923f444f0e3f857039ffd24fe85ff2fff4018fb
fc8b07af06db01ea0886efa4fd0f023700621181f410ee48f2bc0766f28fff0405b20085fdd40d44
ffa1c13eff45000a029ff68bfeb2060c043405e2f4ea048bd70f00ebfe2ffbec0bb3f82401dd18ad
fc77e651f872ffd3e9eb1896049dff580231065df41efb7704b402a613e2fb8adec90879ff2b0991
fdc1fb140e6f012ff29c0e2a046f0957019c1ce601c1dc4415fbf7ae0cfffe69be640589ff84f436
fba2fc9e18820148fb0806d600db0a570013114f0a63db390619fbfd07a0fc4bd22ff575fdbaf7e9
ffbc0d8a0dd4fc96ec2318edfe8106f101e50f7a16e5e8a3fc8e0074f3b9fdf6d65af135ff15ea49
fcaafe40fc93012bf1e9ef1a00bbef45fdb61506e027039201a7dd201834ffd7ffd5076efe120661
fe900f4a03deffbacd20fb7cfcd9f7b2fd4c1462e505069204caf4910dcb01e1056ceb35ffa7f76e
fb791b630da0029ce0d30a610057fb93fb3c067bffb702b60080002fff4a023316c30954ff15f3b6
0088080a0840fd88ecc401bbf9d100eefc0e072c0476030a116c0017fecaff9805fb13e000eff9a5
01beeb72ed84fd02156109defefbefb4fee7094a0aa8008507f000baf4dfffbf080d073bfd4b0009
fd6007b2efd702421f2fffd801e90166fb7e122af2340528fc0205e8f454fdcd01dafd7f0087129e
fccc2250fd0101ecd182fe75fc58e0b1fbd6001dfd9b0bb40102fa50095501b5fc711c15fea4fcd9
fd4c10ce1564008fe27ae4d30189fa43fbd5f698fd7b049c086606dcf5affbeb06da2980fcacfa0d
fd24f47b118cfd0712f70539ffd001d50058fc7dfef50b3c0b180bceed1f00dc107e122f01be032f
fe5e006af4b5fe731b5b1fc5fe1702b600af02a2f4f8f8980422059b0262fde704250d01fd2cf2d5
01af1a27162b00d0f654fbe40303c1d2fc0f27ed095a0794160bee21126d00c312fd197101a504d9
fcbefa80ef10fc7bc1a9e3abfebcf4a9ff2a099919a40bc001a20017f875fe2cfa5d1610ff08fbd6
fd370251e17cfd42fb04ce5bfd4c080b0111f1a6f320ec73001d064205dcfe74f2c7108e010f0434
fe6d0fc20684fe3a1728e7e201b714c2fd48f3b3fe77e5c8077bf1f4fd060145030405ebfdb7152f
fdc80361f29eff9d044e0f1201860c14fd7fed0df3b6ecfeff23efa301dffbdf0699fe8ffd13f61c
ff37f386fe3cfc7becf0e6c3f954ebaffe2c10cdfbfc0eec0527f91003be0047fa6a06b00059f2c3
ff5bfaeef88afcfc0261ea23ffe0f96e0049fd3e047b08461611fe07ffb6ff16ee390c1ffd60ecb2
0006f6d9db97fd510d23e3fcfd6f0f0b00f9056ae9cd009008a90526067bff63f2f405a50100f0b0
ffba007bed41ffc8100eeeceffcc03f0fb8f067be7dfe0f70192fb58f8a900a809c9fae5fd5909b1
fd0f204911abfd73105ff314fa1a024e013c064de69ffdaeff71f076ee4300c70398ea8ffe950bec
0112e16a066efd54f8e9fe6d0148fffafadefd0effd1f5b710df0cd0ff10fc1cfc29097efcc517db
fe9cf5a6f9cdfc44f7deff51fef0f515fbf61092011008741528052ef9c60063f812ffd5fced0c3b
fd7a041006ffff2c0b69f722007408c5fd0808ee045403260a20fae5ffc50071fa37fbac009effdc
fef3064507f1fd7106f2e64d00ff0727fb7a0f85f1d4f560fdc8fe08086101b10747fa55fbb6f55a
014c0afa019b02210cc70175fd73ff7ffdde14de0164f1e0f5c20bdcf58bfd5f087cea5d00530e16
fd311a0c037efdfefa3dfb09ff6bfe2bfe6af9f5ea50f8b00196f96e0346026cf2a0fdd0fcc909c2
fd8f150c0c00ffaaf8370a32fe1cfc0cffb8fccb0f9e0a270112eedd004dffb7f68f02dcfbeaf5ad
fdfb0cfdfa5bfe1b025806b1fe16f77400da05060af70c4df0ff0f63fb750163fbd7131a00a8ff6e
00a8fb86f57afc630f23fa3f0129efdcfd9d05341333014902d30a42f93cffd0001f149f0074f123
ff68f64ffda300e91c4a0509f9750246ff87046411a7fe3700f3fa2efe51001a0b610d96fe1bf991
fdff13a704f3fc6dfc1f015400210e50fcc50cc1f8eef46effe6065500c2fdb0fc1cdd9d01750320
ff37092ff39dffbceb1606e200d7f97000a20ed201d701e704e5fd3aff5fff60fa16f7eefeaeeb8e
feec0c3ffa5000e9f39ef51eff70f46effa20c1a0bfc0845f829019b0627fc1f09620523fc2ff5f6
fcd5fd8efb9300a40009f1fcfbbafcdcff0e0ad2f3bcf3fdf481007cfedbff0b00fcede0001de9c9
fed2f46cfc0bfc7e0881f688fc62feb0fda300b1f52602fb00a4fb90f52400cd045d0144fcbffd4e
02030a6af72e00cdfe50105dfd700874fec80d2808330b9af9af03e6162200f1f86cfafdfe130432
fc850882f323ffc2e316f35b0099ebeaff7609a50c790dacfdf002590320fe3afebaf90fff2cf182
ff820ac1ee67fd8bfcf7ed8d0087efc2ff3bff540e2b1b180802178e05f6fee805fe094e0005e515
00d504d5eb83ff8a1539eb6f00f20d1dfe250473f913fdb402010472ff4f004703c303b4fd75f804
fc76feb5f8c601a20acde254fcf90556fdbef44e07f4eb1cf44001efe49ffe69ff47dcb7fdb0f7a3
009efafb0f55fef60313fa56fae5f4cafcf5092505e81cb9e5d5fea8091bfc5a030e15e2fdcefe0c
0028ee6608a5feafffceeecbfd27f4a6ffdefc7608ba0b95ff8af807124cfdda068dfec1fe8706ce
fd3cfc06ed36008d0586f4fffde2f03bfd72fe75067d0716fbf4f98613f6fd6efaf2f6d7fb6606d7
fe830450fc5601811493ee4efd3302ab00ebf594fed701d4034afe0d096dfc4507890531fe550716
fed70a3d0039fff4f64fd48b00710675fc940a7bededfc7b0baefff3fd50fd7bf34ff86afb0600a9
fc5bf47f0d0901200babe66002920a70fe41fc6716d91191dad6f1cfee1f014c12a2efd1021502bb
fbb0fb5ef8cf0138003febfb0123081a005004a305900cd40792f2e3083affd80e6ff6e2fef71131
002fffabfa4bfcdb019bf1fbfe3e0b2c003cfe30148e0f80fa48f9391277ff48f250fb3100ac189e
fde41398ff7cffb0071bf9dafeda0f80fdd1f7b101a4e57d04eff93df9dafbb7eaa90005fbff1393
fe2209cc01a6fe3ffd5402defd430171ffbcfea50317e76b00be082af4d5fe2feaf300fafe81f137
fff1fda700b3005604ed00ad0302fd9702bdfef3fe0aff2901b400e40420fd05fc26fdda0084fe8d
fe3bfd82ffd2fd8fff0eff7900300477fe79005a02a3026bfdd802510041fd4601dffd960140ffe5
000cfeb90312ff31004c0168029bfce3ff3dfc110123fe820366fd3ffe80ffd900d1009002820067
ffee00dcfca6fed2019503bd0011ff3200d5fd98fd1f01eb0330003ffdd70252017c011500ca0415
0098022cfe5903220007ff5402f3fd3effa3fe5d051cfd9a0413016901440309fe02fed5fdff025b
fd06016b029efe36fca6fe860285ffe301350272ffc3010afff60354fe5601a8000efefd01550250
027c04e2fe44febbfe5c00810041fc9a0128ffbefdf8fd92ff47ff2c0438fcfe02ba0048ff28028f
0219ff0bfdf60176fd33fd7dfd65001800edfd1afc60013bff8602b8fe2202890049fd5cffa402ad
014701f500baffba00d8fd5bfca4ff5d01a3fae401cb00a0ff420434013c01140292fc8a032102f0
fcfe0351ff26003d0161fd8a020c01d1029c0294ff1ffc7afea1fd64fe9301c9031600cafd80fcf1
005e0406028afd0800e2ff0001a5fbc20043fefcffa90314fe68fb5102c3009e02d5fd68007c037d
012bfde8fe130083ffe30321fd1201930201fd5502380184038afc8cfe7f02f5ff6c00cd02080228
fff302dcffc6fe3afd2f025bfdcefed500b0ff22ffe2fe7203b2fe93ffd102b7fde7fc6f011bfcf0
fe8201b901b80284fd85fd29fe77fe3501fafdbf01cd00280258fd44fdc00216fe160079fd8efe4b
ffbb03e201e6fe1e02b1fd07ff96fe7a0265fcbb028602e6fd99fef201a900eafeeaffd9013c0392
ff53fbd3ff59fef6000001a8ff0bfc49fe2600c901c70100fe58ff16003ffffefe97fe6cff120217
fd0600cf004fff6802e1fc7dfe6cfd950014032b00e4ff47fbfa02cafd3bfd65fefafe5dfd32fda8
ff7503b2002f029efd34faebfc99ff5a012d00fdfe07fef2fef9015cff0dff57014e0025fd98fdf0
fe56fcfcffe8fcee00a4ff2e028b00cbff94ffe70212012a01f9fcdefc3200bffc5e011c02320056
027c012402a6ffecfdb701d6ff6b00160144feacfd6ffd1cfd820039007a015d0325ff6cff0f00c3
02d2049e0012fdc1fde0fec2fcd1fc9d0133fe82fe28fbedffd1fef6fea7ffab02feff360301feef
feb9002800aa0237fdeafe96fe4403a6ff86024afd94fd7cff81ff4401bafeebfec0008f031a02fc
001a007cfc3b0309ffebff81fe70fea8fd2c00f70265ff06011400b901fc0327012202c4ff13fffc
0041039601e2fd720073ff2201310462fd22fd2ffe1e01ccfd6ffe40ffd8031400b00307fd60047e
016e00f300b302aa016601f3fffb03d9fd0efb3b03d8feab0173fb9bff9f02ddffc500f102f0fe1c
fcd206a9fc7cfcc0fe0ffa4b01e4e9070319fc1cf931f6bf02b7c721e3230192046fe5c3ff080b28
fdc5fab9f301fcd100000b5ffe4412d90236ff29156dfac40c18f4e5eadd01cc0c42f4c8ff8918ba
fe170f7810f4fc9b29d3f1f801bc0353fd2df7f80e96f7690c5dfc870446fd0f0b400a3afd590189
fe750b470680ff0f03ee06a3021e00eafc5913ff0fe20cc8f710fff3037e019a0664109a00e80472
0207060f018fff80fe420337ff2f125bff4d0a4ff75111f8050e009d00aafd2be8a312420100eace
02d820b5f98bfcd2f1e1e85a00511d8a00f6dfebd926f5d3fcf90482f4f7010707ddfa7c00901832
ff0a0eba1062fdbbfae2f733fc84055afe580a5afd35f3eafbfdfb15f16efd99f675da8aff540f2c
01df03a101480065f763068f021aeed5fb82f799026df96607dcfbacf991ff3a0f04f916fb221d8c
fd62013dfe4f0043ff54fec5009ff625014b00910671f73ff08ffd67f555024719affe56fcb90a52
fce310ede937fc9cfabdf47dfcdd0e6afe340822fae106b5fd8bf8e1f6e6fff104fb007cfcc10d26
fe0a13bddebbfd8ed87306e1ffc716bfff16ee0afac5ffc8f01506c405cbfd58e6d1e48cfd6d01d1
fcc81f16f32b001ee82f0640fe450467ffd908cb0530006de8d104cf048dfc6cee72f020fc3a05c5
020509a2057dfcb8f32005ea0145eb03fd1208e207d3f1b1edff0cf306f100f80b1b047bfffe064c
0146051ef8fbfe94023707e3ff16fe67fc850f76fef0f906f8b307e3f6bcfea10b050643fea609bd
ffa70405f5ba01e911e50784fc16175dfffafdd8f8210f1106d8f714f8dafdba0772062bfc06f326
00e41624f4cc0104e3afff62fc28134ffedd1a360b4dfc5bc8be168fdc8aff580194e4ba028bf7b5
fe06f55a01a1fda5026a1501fc82f3a1009b09ed017aedcbd0ac1282f395fb930049106700d600c1
fe36eecd03f9fda8f99efc23fcffe947fe8afddd0adafd9cfd900e4f0070fe8011e80db8fcd80a64
0142fe68056001f5fc430232ff7007d000e6ff16ffe20518027810d510d0fadaf9880501fb90ef6a
fd3809b7ffa8fe1f06fa06baff9ffe6efba401d0f9b8fbfffa8305c90aa400a8fd47e924fcf1f027
fec100c70ac40081f4bbe9a5fb06139ffee503dc06250514c9810a69caa901640bb6fc3602ceebff
fc55ea150599ff3509860468ffdb04bbfcee01e6048aee3ab476f8a1fabaff431292fab8fd220147
00eff60500f7fedff80e1008fd69ed4cfb9bf45deabbfdafe36bf7bd2140fc7b019ff759fee50565
fdbeec0301b1ff5bfb2c0630fe19f26f003404b9f878faa7000d026411e1fd43e1e1f308ff7c08d3
fde3f448fd07fdddfdd7f966ffbd00a7fb931250f31af8d207c8122f0c0ffcc9e30bf831fd5d064a
0c98f399fbb1fad4002201c2fb6408cffe44f99f006e0134fca6ff1cfe9cfa481393060efec10d4e
139f08a5fce7ee80ff0cff8efe88fe66fd7fff74fa16ff03ff7e02b8fe9afac71627182efcb6f84a
0689f5fe024eeb56fcdffd5ffab8ec51fdbaeb35110dfebafc1ffd1bfef2f17b0df10ab90157f9af
f849fd6b01c9e5acffaffc55fd34025f01b5e93bf5e801e5fe62fdebff2c03b30466041efd98fc84
146502b80144e7a5fc93fdd5fd1800d4fcbbf2f904befdc4fc2201c10148178f01101428fc6b1561
0cf1fa59fdb6061a016fff46fedb00acfbe5f1fcfce500d4ff7ffe7d0223fb900a9f0d43fc1e02b0
0d9101d5feb61017fc5401fffcc1f710fecef10d02b70291fcd4022cfe2b04bb0efb1b8dfee10316
ff3e05df022d04d901ea0113009df696014bff3c0688fdfefd66004cfd52ff0ff3b50bdffe270658
007701acfff7f1d400b1ffc30178f923ff0808d801890070ff6501d200570cf1fbdb0ade0108f77e
08170c03fe3bede8ff6e0057ffbb1dd7fe77015f1134feb7fe7bfe77fdc5f3120523017afd65fa9f
f6a2f55efd530b89fd63ff47fc21f57ffc880b81f722fd4cfe86ff82fe90fa0a00a50fe2fe4df3bc
fcd4111700710a81fdd4fd0cfcdb0692fcbc1634f890fe6a0205fff90119098b13d91e0400cbffee
f9270d9a0003f9b3ffa6fe52fc71f0c101310d9d0072ffc100f5fef0fd8e136afd0007ce01760545
04f011e5fd9de916fd66009301e1fb37ff0b035404fd0051fced018e01a3034cf9e7061600d1ee51
03eb11b801e5ec6bffdbfdc6011f198200d4f943052a013e00a1fbf40224ea51facffc660243d7b0
fe15fa5efe60fc28fc17ff6a0090f4c1fff00f4efba6ff41fea6ffa4fe3bf4bd0ea405abfea8046f
f4420398ff7ffd7a0084feeafcad0d4cfda20d07fa89fe5ffc56fde4023904110b5d0683fc0af6c4
0251012fff1ffaf3fe34010cffc9f38a029afc8af09100c2feb1fddb00450f87f1a8fed1feec072f
0a950457fd04f1b6fe1201d8ff66facc02ab073fd96f0116ff72016afe620a0d031d00c8fd6af777
ea4efe07fe66fdeeff8e0180ffe40b3bfdbc0d9dd68ffe1bfdb2ff48fd27102ffd791eacfe08e361
f0eeff07003c008cff5efe0dfa7ffeabfd310d78f7ac000f0158fe02fd7c0896077c0423003f0a39
f8f5018dfc6aff630055ff6ffd5b0c43fdaa0b92fd4c018400c3ff9afcdb0a81124b07a1017effc8
f6a4d6b1fd851008026dff47fe7f08340174efae05f3fca5fe4affbafdc50c2010e1e8cefc45fc21
ecc0ba61fcfa1677fd96fca0ff48fef1ffab146206aafcf6fed2fb05fdb4fb5d1782f450ff05064f
f8eec389003b1c060289fde7fb0c001efdac27ad11c7fd6cffe4ff33feeafa330dc5ef19fda70a17
fbb502d7fd0703eb0109fed20126fe45fe2402d901e3005c0258ff39fd9d04c7ffacff4700ed031e
ff03fd6dfd3303e40012fccd00adff34fee3fd4c0350015701c0002d000affe6ff1f02c2feac0083
0051059d001502f20327fce90107fb9cfd85ff5afd9ffd47fe700060fe78001203c8feeffd96fd8c
fe83ff0efcd6ff8302760244011601210091ff5bfee8fdb1fcd10219017d03260006fe69fff9fd17
00c501d9005601f4fe3e014affd30213fea2ff43026bfce802d9027bfd20ff32ff0f035802960200
fe57fecffe53fd97015eff9ffe2d0706012b01ac0319fdeb0165fe4400a6febd02deff780183fecb
01cd048efd55fc5d0318ffc702c3fd090186fe12038801e6002dfd2cfd43ff7c030efe6c0283fde0
fdcd003001ed04d0ff70fcce02ad03bd01c5fed4051f012102d4021e015f0118fb3ef9b200010065
fd1dff96fe5c03f3ffca00f801b6ff91021afcc1006afd5dfd5100e0fddcffaeffeffdd1fe58fe7f
00f20219ffbe007cffe6fdeb0038ffd2fe0cfb4dfcfd0246fe3e00f0ff59fbf8049bfdc1ff1002d4
fe5e029d025905db00b1ff42ff8702b502be02f4046601f3008e0153fd05018bf8f8ff05ffb2024c
0057fd46ffd2fec202c1fe88030e042e0216ff50016e01a0fd0c00edfe4a03a6fa75fce10163fe1a
04d101c4022dfc1c0081032702ab014afffbffda00190028fe62ffc4ffe002c10344fff702d8fa76
faacfd6cfe89fd2f0328015afeacfdd200c00205fe39fffdff69fde6fcd3fe36ffeb01eafe2c028a
00e900eb0070ff0afdc0fdbbfe8a01a302ef021ffee9ff5dfeacfd37fd4b03ff0479fcca008ffb9e
02fe056e01c0031b0041003402b3fe88fee4ff95075001d1fe18fe7ffcde00c4feb4fd24fea2ff74
026cff70029bfe6efcdefd1ffd3804bd008efe67016402ccfce7028fff64ff93fdeafdfa026601ce
ffb8fe0e00c301840017fde100befd9bfe6afd15fe97fe53ffc5fdf4015e0132fe84fa35009bfe72
0009035702b90132fde9fed3fde7fcb4fd20fdd6fe72029c0176ff12feb603a0013c01010269ff3c
003101ee00b4fd75032b009a020b00c8fe3202a3001dfe02fe0bfcfe0246026b014c012a0174001e
fcfaff64fdaffaab0193ffbf01c4051a02c5fc0afdd2ffc0ff2402e6ff820218022500ab01c200a9
013d03230092ff34fed5fde5fd51038efdb1ffac03a8019d01d301eeff2f0018fcd9fb10fd4900e6
fc11042f02e0fc7e022aff8bfcd804dfff1301c20330fea00208fe86009b03dc0008fb62032dfde3
03cb009dfcf8ff6cff10fea0031102b1fe3104780113fed3fd89ffc60185006cff500289fde1fdba
fe52022cfd0ffdd7ff770011fe120654fcfb0162fe39fe5601e70147fd03005800e9fd5a0103014c
f1e2f43d0140f361ffdc0163ff2c1391fce4e4eb03de0198fd1aff1b02b1f0f826f1edcafcfced47
1f4cf652ff74056efb600005fd5be3c7fc3ce6a41eac016801b9fd620146ea5bf7b0f376fc30ea9c
f9c8faccfea5105ffe11fe95fe21fba3feb2ebcf0e9ffcc00036fda7fc9a00d7ed47f12c01a5070a
f774ed35ff200cebfd1dfc48ffc608cffbebf84009bbfdd8ffe6fe91ff720516e770fc75ffb21b45
f3cafb6101791034ff45006701a5d534fce9fa560657ff69fc78fcfafd4506f5f7dcff1dfd2c1a71
070b0156fcfd016afe48ff82fd9eee2bfe68f68d03a4fd980107fb00fd43ee8f0e39f2e8fdd7e823
0098fb14fba30e09fd9101befd1ffa9cff4ffb27fed8fd47fe5000490047f46ded43ebedfc58f1b7
f527fed6feb412bbfd2a026901fdf3eafe78fe6001b8023b002eff83fed2f771e638faeffdc31893
00fd0411faf81b79fe920013fe38f2cefd82ff590658ff72fbf8ff4f023bff6de5eff689ffd3251e
eb8ff7f9ffaf061ffd12fec5ffb5f471ff8103bef3c1ff35fd8d016a025f01eee79409df02412049
21d8fa69fe260605fdc10088ff21dc2afb9106470b78008ffea7fc73fdd4f46e0341f86dfcc1e608
136af5e1face0e0fff23ff7afe6aeb80fdf3f60508e40098fc94feccfe8006dff68af7e1fc88f21a
05ab11cdfd841a07fde001defd2deba1fd3bf0a7061f016bfe0c0080fdc1e6d1f3390978fd16fdca
057df665ff5608de0030fe9fff5c13a4fd1a077609a5fe9effd0fef9ff1cf955e034fb0e001f0bf1
e6a90690ff85f753fe1dfd57fe8eff72fd22009ce92c0074fbc0fbd0feac0c82ea26fe0ffbf40133
052cf2c9fb07f418fe5e016a0082e49200ca017e0689fd44ffbdfc37ff4af85900f51401fe20ed5c
f23cffd8fda6fafefd63fe5afd270875fccdf441075cfe37ff5bfe6b005106170c4dfb62fc4be699
0bd1fb50ff170c1dff39fc99fa3dfe2dfc02f44f03b1fc86fde3fff4ff380569f65b0a8000d4ec0d
04e7fd16fe410583026c009aff770038fbd7049518d80016fe27004efdd4f5e7edf2fbfbff8bff2c
f035fb7fffc7dfa10134ff6a01c9010ffd5606ade36dff5bfe01fc29026914b3f139eb480021fde8
0001110ffc94f56ffe72fec8fdecda09ff14f9cfedd4fcd1fdcdfb6cff77f9c1109c12e4ffe1ff26
005afd62fdebf9bffe4afd37ff1def70fe1eff6f0b5efd1e0191fc4b02320f46064aff03006802a2
12aaf976ff09fa6dfb07fcc8fed1f685fd00f8ed1cb7fc3c003ffce902190a46ef3affa0fe9b0bde
10feee72feb5ecf5feabffc000effa84ff18f9adf286ffb0ff50ff8bfca3fdbff6fd0b4dfffcff36
0857ed4600a2e3550160fdcf0117f431fe45045b12fafed3fd68ff8a00cb1291f90d00c3fe52e443
13f1f4710073fbf4fd17ff46001c0bf60033110ffdb9fe06fd8bfb68015af5a31163fbc5fca7fa2b
0186e3d4fe120bccfc38ff29fc30ef940092fa5d18abfff2fd3300830254f3aef36af081ff7df8c6
01bdfe75fc630674008e00f5fc30f0d9fd1213a20d990095feb20061fd79f78ff934ff35ff2b0672
0c7bf28f00470fd5010c0126fed5f131fee1f02004240280feecfecbff9411a6e286f4c3013bddc2
f68bea99008cf763fdeffcb700340374fd5a0095f92bfd4afd5b014d0058fff6feb60f7a021f05d8
0e58f832fbf80f26fcf8fe5901a1ea9dfc860c6afd79008bfcfefe50fc7efd4415c508afff4bef7f
f72dfb63fc510f390179ffea004917cefda3f796144dfc6f0076fbfbfe93fcebfa93fd01fd42f8f3
fe090d47fd480c73fcc0fda2fce0feb4fdf30379063b00610113fdd7ff10f258f546029ffc66f9d9
fab60162ff58f82501e2fe6eff39ed5dfef404ad0703fcdafcbc0222fc25f86ef8981125012e11b0
fc23fb9e00731047fcddfda3fd3cf542fc0e0067e756013fffddfcb2fc38045cf5a814f8fced1c3b
1630f7b4fe4105f7fe51fcedfc6f04a9fc99f75c011200560179005dfd97f769114707eafcc8edcc
12620709fcbb056d0140004afe861c6a00defc52085dfe0b0064fc6d001a16d60771086501bcf102
f2ebfa1bfdca08a7fd0a01f2fc7a13c6fe630c030458fd39019efbd6019904f6e92d08fefeedf203
059b009bfffa0f1c00a2fefffdafebbd00af0d850325fdf9fe62fe2b0192f768f50cfd0cffbe01c5
092c004cfd3a0053020f00dc024b01a8ff3502fff30ffc46fe73fd4efc5ff494fd9e068bfbf41783
fd4803e5ffc20452fe5b0232fc87feac00f9f827f1b7ffeefd1d0018ffd606401933fbc3fc21e8a7
1bb8f1fbfddc06fb0078fedb01bb11f4fdecf22e160400c3fffa001bfd591482f78700abfc28f510
1533f9a2004703290085fc69fba604c0fcc5eff5017b002c01b9fe0901e5f181d58201a8fe7c029f
16a40b1dfea8f2cbfe38fd03fe700c59fae40b0bf9cffd81fcdcfbc2ffb3fc0ef62ced30fc9011a0
0e760579019edad9fd4d0277fec2059dff2df287eedcfc27fc880054fe1b09eaf873dfd200d1f8d1
1187f38ffe1817d6fba6fddffc6f0890fd04ea920dc802090242fd7401fc078a2264ffa6ff95e310
1a3bf593fc8cfa0201c9ffbffd6404cbfb67dc57145c0061fddcfc5afd38f3cf00560816018bec82
05eae180003de09b01900120001f04790084f9380458fc2700d6fafb0215ff1ded0403eeff38052b
074807110004e95100befe7bff15fd5afc26ebd20e83ffa7fcaeffa3ff7f0682eda0fe8b012405c7
f1b3fe58024dfa500104fc6001930ca6fea2e0640672008bff7c009e02260484f2c9ffd2fc1c182a
f7ae029c01260d4efd6afdf3fdfd0ae102cffeb403f302a20022fb1700e3fed0029dfa030025fb42
04b3fe70fccd1f45fc59fd80fefdfa0301fa06270145ffd5fe76ff7dfcf6f7f203cfe530014d0451
0614fff7011e1e01ff36fe6dfc3fef80fd6df79107470089005e018cff7bffbb0292f082fe2804af
079e029a02cb027600f600290016f780fb070fe91abbfe90ff90014f010d053afdda06ed01c701ce
0a2d024b0055eb9afcc7ffc1fdaff7b5fb990ddd1575017300520099fc5e007012acfa1cfda51587
ff83f65200e20040ff3d0141fd67f8c9fdbd07d50339fcf5ff2afc33fe71052bff11ff71fe6ef90a
09cc03c600340891fc61ff4900920946fb3611bbfc290151015eff9dfd02ff450bb0f77b016ade8e
060a175efd2d0165fcc6fcb5ffc10227fc4516ef081cfe37fde7ffab018e0a25022e1143fe20ec5d
fda40b97fdf8ebc9fc7ffd2afadd00a80090145f00cb006f014c0031ffd30847ffa7163efed11054
01630a3efd8be5f1fe8bfcd0fad003fffbcc0124fe83fd83fe25fd33013c154bf70f00d0fc7a1bb9
f87afb4f02affbbe01f9001cfe8a0466fd350b75ddc2ff6a000afde6fc83ee9013caf547ff12e812
fc57f76bfe8bfbf4ff6afd83001612b7005805ef02ae022ffe2400d0fc50f95405eaf193fdfceb31
fe3ef5b3fce60e4a0011fe1f00c814d7fc5be6890d1d0085ffd1fc49fe96ee7c018afe20fdc5ee8d
03b8f462fd24fed5fc92fdb7013a010100fef4f6f78ffc90ff36fc31fc650a36f7f30075fe8b1511
08f4f50e00a50146fef1fe7b0090ffa2fcd600abe850fc4eff97fe3efebb0620ece4f8c9019108b1
effeed31fede0a66fdc0feebfcd10aebfb08ecb7fc9efd97005fff35fd06050d121afbc5fe89f625
1084faa9fe0414f20097ff53fff611fefeb3eecb068500d6fdd3fbd2ff5ef8a8f60503affdc0f9d2
f97cfef9fd680ef4fd340214fce91d65006000ae0323fdaaffe3fdeffd3cecaaf19b080afcbafef0
05dd06d1fc2df42e003dfd3bfddf1050fddb0c0efb8affca0040feb1fd1900230813e859ff490925
0150008201f2f4d00145ffa600a401eeff990a67ff83019401b5ffa2018bf143e90ee85c0062fd40
1678fcb801f21119fcc40268fce405240059d8590d6cffa0fc82fca701160d9d21f3f50d0102f927
065904cffb51f67ffe2dfe8dfd50f91d01ef08300d1f00df00d6fcb4016e03acde1cf7cd022ff521
fd510dcc0078e48dfc94ffdffb87f40801b01e2e103afce1fe60fed6ff10075beac3ffde00f41c79
060600a10018e90dfc39fd14ffa7ff53fc9e05a5011100b3ffe9ff14fca307e2f749fef2fd8c05dc
03990c8102fbec3900f8fe05fd20fe6cfee6e713003c0174fe33ff0b02520b3df0432388feef0137
005bfedaffebfd6fffef0217017afe800095fe01010effb4fd6bfd17012fffb7fd0cfe61fd4f02d4
0092fddf00170257002b0129fef10106fe4eff67ff62fd2a021aff8d011c00beffc3015201eefda6
fec50209fecefcddff4afd05feb3fdcf006b014901bbfd0202610136fe6bfe31ffd9023001b40148
01daff1b01f8003afee40207016200580166fcf8012dfdd7fffc029cfe6802e301300040fe04fda5
fdf7fd7002ea02f3fe6ffe160232fe6f023502070216fd8f0308ffc0028dfef1ff090199ff62fdfd
fd7dff60fce700ec020401c90081022a025f012ffdc30095fdfbffa6fdc5031f01edff4aff4cfd96
fe7f01f2fd79ff5cfee901b201b0fdcffd1200dc01610326fdff021200f70280029e0025ff6f0085
fff300e6ffad008e02c90212ff8a015302ce00ca004cfce5fdc80299ff8cff76011e0057fcd7fcf0
0324fd5dff0201d8fe79026dfde400fa02bffcd401fdfecaff4a0300fdac0232fe9afcdf015b0096
fd7c01180048ffb2ff0600b8fd1e0198fd8effbc0176018e02fa00c1fcfd02940257fd48ff7ffde4
00e2031e0261fdb6feb2fd34fea9015afef6ff23fe3c00ce029501d402e1fe39fd46fec7fce6feaf
ffbdfde6001afd16fcee00570211ffb5017f00d8ff8e0110fd8a02a60221fd1d0294fd02ff4afe12
028e02c50212fe6cfe1e0305fd1b028001a200dc0112fded0022fe0100fefdf40067028eff3fffe9
0113fd9dfcd5018503010224fe9100e7fd59ffe8fcfbfe2801dbfe27fd61fffdfed100610214ff7c
fd9200bdfd48fe4e02f402d3fe94fe6efcd8021701a0003b02e602b601db00c9ff0afec9fe4e0136
fceaff57fe9b01de0084fdaafef10150ff58ffed023efd81fded01a4ff8efd82015a01f2fe9102c1
ff2b02db002001bffdc9014702a9ff1aff3502ab02c4010b02370103018802ad00b2ff0efd00fdfb
023cffe7fdf5011f01d5002401ac02540001fe89ff4b006800d2ff9501610017ff040031fcd501ae
fdb70270fd2a01330048fec1016e002801ab023a00dcff6affe8ff3eff06013eff7dfd0a01ddff3b
022702b100ccfed10142fcf501c1fe28000e0289004502dc01c7fd570213018d0197fedc01040278
fec002f0ffdafda9fd230287ffaeffcdfdf3fd21ffdd02850008010500490041fcef0037ff62fd76
fe13026b0201fd7cfe58fe8102e1fdd6fff70102fdf3029f032f022502afff99fcf0ff50001fff8a
012dfdb201f601bf008b00eb0104ff88fe8cfce9004efce5032bffbb015101950095fdbdfdb9fd76
fd57003c01c200f201b200c3ff56ffedfe1efd59001f02ad00d0ffe1fe610197fe6e008bffa7fe93
00300235ff4e02db01ecfd5f0331ffa9fe71feb7fd9502d001bdff1802fc02daff21fe1a00fe02f2
e706063dfe47ed2701cdfe92fcb4050afe2afe0df452fcd8fdd4fed6fe44f49bf33afe99fd72070e
eeda056ffd7af774fda80248fec300f7ff24ec4fe8dc000f01f4ff8d018dffaafdea006efd7e037f
f7d202e2fce90b09fd6200f9fa5efdf7007cf846f819fe8e0012fb3000b2fca5f1b5008efc6efe7e
ff9106cefec6015301fefcb0fc13000f00dbfb42e839ff38fd2c0134fd6f0fa102ef0ee2fc95fdbe
f3240985000c04280193fe02fbf714f6fe4ddb660111fd350191fb8401b20e4716ef02a00074ff24
cf110f4cfdcae94900f4fc98ffcd2739fbc80403f816fdd8fc7a010b01f50b86ee85de20ff430ab8
e209f7570047daa9fdd4030cfe221d2000d803fffde6fef5fd48015efc460fdd1053e15501f3114e
f0b5e86cfbb6fa040171fef7ff42fbc200f4f77eefa8002cfcfafd29fcf5e6b00e6af81e001607b8
f99bec27fb5a0b8901dbfe32016bf258fceef2281040fec602a7fef1031de9cc18720398005f0281
f4b1091cfaedfb6efc46fe0bfd740412ff2efa80172fff6afc72fa17012a06071e9bffaa01efe644
e3a4122dfe33e398fe72000afc1b20b8fdfff85302d6003cfe69fc7bff90044ef920d534fd2317a7
da01009bfe510498fdcaff72ff5f122dffb1fb9b20e5fffcfd60fb53ff0bfbe7f5b9e511fdb913a3
d61ef801fc73fe13fe63023300f2f912fb2304f8fffaffbb0193fbc3fe70f650036ef4abfe3a230d
0026e95cffcbfc91feee01bcfb00fcbc0105f888098800a3ffa1fb6ffdc300db103012b2fcf00bea
025df5dcfda616cefe46ffdcfe0bfe9b0064f9b00d76fe4c0071fc38fcb818af178324a6003c11a4
0ec20b1bfe28f61100a5ff3000700b9cfc9502ec1a2efd220212ffb5fceef7c9cf60ef2efd6703b6
02d802f6ffb810d701a70058ff5a0d7f030eed9a06ecfbdbfe2000e9024cf75ffd40fe13fdd80b19
f1b6fa96fd610946fe15012dfd29febb01670ed7f890fdfeff2300ff01711457fc330664ff790e0f
fbc4e6c9ffd0f7fffcaf00ebfaaaf17ffd430733043fff5401cafffbffe80781fc2601a9ffb90879
ec76e9c5fe7309fafd800143fa51fedfff30f891f82102c6fd8300a600b2fa42043efd59fc3611cc
139c0cabfaa3fb0bfdd1fd71fd2af8a2fb79054011f5fda8ffcc00b3feac01daedbdfd2afe9bf065
01e70f1d00a8fd70fd1dff93fc4f02e100c011aa0ea4fbb2fc50fb93fdeff4ade7b00a73ff0201d1
ff5a0524ffddffc3fe5f01f2fdc60e61fc490983ff77fd5dfef201040024f731f3f305620106fb56
074c04d6fc7bf542ff65fd6c0037f32fff09fe6dfdd9001dfecbfacffe1affe0ff8afe01ffcd0116
e44803b400c10b29fd0bfd80fb46f7b4fb550196fc890067fd3afb45ffade6dcfd28fdccff611014
0822f461fb0ffe92fe29fe68016cfa5efb15fd960aaffefd0243fc95fd26fac4ffba0375ff0cf536
12acf4cdff0d10530123ffdcfb970a32fd35f792003ffee3fcd6002f0151efef07ae09ad007a0537
0f7b0236fe2c0746fdc2fe540009fb38fbc1095c18d1fda4fcc1fc68015dfd2a03970868fdcd0507
007beeebfcc9f0e500dcffa7fdd2fbc4ff71fc4c0ef3fec8fd9dfb0f02000b6f08691057fe0e0eef
fe45f8cffbb1f2f0fd6b026dfcd30763ff10fb070e08ff940038002dfe5b034c0162eac5030c1621
1627efb1fe4f088000870092fe2504270042ffea01caffc9025afc0c01bbe95a020f0507fcd9ef8a
23c90fcdfdfb0134fd9ffe1cfd7f0a5cfb970824fe0dfd7b016601f5feadeb48ff650fbdfcf1f211
16171168fc1af3ce016d00abfc4a0fe1fdb210ccf88eff4cfd3eff59fea30431f527141bfc48e680
0b43efe4ff40f2b30216fff4fd980722fd97feb4f7fcfe26fcb4fe38ff700a6af8b0095f016ae823
18aef4880027e3c1004dfe4bfbdc0a7000510535e7c4fc03ffe1febffe6f031f056306350168080f
f752ff11fd6df3ffffd3fdc3fec601d5fb5a1124f56801dafd81006cffb9f32708a7f247fe61e216
0ba6090dfdf8fe96ff56fdbffdca0c15fe7f1cadf75cfcfaff05fe14ffecefb4ed7d007dfd59efbf
f8acfa90ffd6f2d6feaafec1fcab035bfb680cdfe97d0138fe1dfc7efebff9dfeb87ef2f0239cb09
0fd80446fb6cf173fefe022d00e30c5bff2102baff2f0068fc31fff5ffd8e1cdf9450128ffd4e390
f116fbdffb29163d003e0125ff14fc62fce4f90f0237fcd40034fdb7fd29df59fbc2fc5a01c6fb41
f269efc4febbf2500208ffc0feb6ffbafbd010e0f905fb5f00d7fe7cfc560c26fcece7dcfda4011d
f3d2fd5bfbf9f06e0052ffa9fee90b670049eb760cb800bffdf4fd67fe980e8aee21e93dfc98ef39
f8baec0c019ce9ef000a0129fc8c097700daef61e189ff70fffc0077fc95003cf433d3e60051e343
fa6cfe3afb630adb0228fd32fd9f113bff68fcfcee5d02170116fd7900f0f4aef1efd9f9fea9e00d
ebac11e8fb98fc72fc5a01d7fd801649fc270054f99c010fff77fb8dfd6dfdf50474fc7bfee6e82f
0af50fdeffeaf9edfd7bfdd3fd7a01acfccff016045f01affe30fe44026b192524c4fd5aff38fdd8
17f4da280063f6b7fe050131ffd6fcb9fe38e1ea106fff90fc54fe0e00e423170062decb0177060e
1444dccdfec9fe64fd25fd6dfd140e5a0084ec0b1323fd67ff7800b3fea40b67f04bd6300150f54e
fe36f89800ea0fbd0267ff19fe6ef857fec4f720117a02260097fde5ffb013ddff16eb8bfd8ef23c
fd60138dfc1c0adcfe0bfe1c01a1f605fad0e8fa0fb6fe1100ef0060fd331347eaeef2450124d6b4
fd280c7700b7efc2fee6ff750082fab00275f88cf672feed0186fb65008cf6fe0997f9ec0204fd57
01defcccff79f5dcff6b00d9014f035efed5f56af2c80076fd61fddffc590e3dff40f334fe1be7d9
0aed1297006b00aafed90170fd0efacbfc2d05e0ee04fda6fd260211fdaef8bbf7cfeb38fdd0f602
f97a0efbffb906acfdb1fe96fc50d91eff10fe78fe92fcee00fdffc2021702b5f1defcfeff580b4d
f8260f02fdb40219fe32ffcaffcdf44afe57fad5ef3b01fcff7602380221092ff57b0db102271d92
ecceee9bfe2de9e5fdd5fea3fd8dfa92fbaee550fbc301af0162fda5fdf904e8f9df01db01630eaa
fb11eafffa5d0cda005dff0f00cdff9afb4e008f026bfcf1fca5fe7301061552fc8afec2fe84fc76
f9c404e1ff430ac0fd35fe2efc60fdc4fed603bdfb3affd4008dfce4fe94f9a1073af4a6fcdb1160
faf105a4ffe8f6f5fec5009afd5efffdff28fe86077c0071feb4ff08fdd1001ffda80d8ffea311ba
08740a420226f1d7fcc7fd79fd7d021afbfffa45015c008afca0fef0011ef3fa003c11d8fefdfe9a
f0f4ee16fbc3f3b6fdddfca7fdebf854fbdddc830140fdb2fd3dff1b0184fe00ef4c1105008b086c
eab3eef801240a7800f8024cfd6c0303fb6bebcf0cdcff19fd7efcc6017010eaff9b1356026706ca
0b450575fe2cfac5fccc0166fb5202bffd30098c093d025efd8cff4e004414660250f34b000a0b83
10fafe35ff75f4d600f9fcf7027e05d1ff1dfd3e0963fd79fe21ffab019711040a320340fe500f96
0b2816f9fc58fdaf015cff12ffbe069a007ffa5a13fb0100fc69fef3feff2f9002a20470013cd521
030e0faefea511db01190151016de0d6fde3fe4d077efc94fe8efb6afe8e0db0fb991305fc3df34d
0cfe0acefe000a9d01adfcdcff83eb2e006304cc0c12ffac00d5fafb01ff0eff11b20429fe3e025c
12380550006af9bcff1ffd48fd77dbc8fd850eb7ff120182023efdd1fc4f0ba412171630fd330f98
2bb9f681ff6bf625fca8fed5fcf8f673ff480a830a9ffefefecbfd8efcb507c30648057cfdd2fe0d
0a6fece6ffa815ccfced01f40154eee2fcf0155e1adb00b601fd0074ff2709b00ce105a9ff8bdf6d
0ce50e08fc49fa9cfda7fc91ff7be46cff990a190e45fea3fdc3fd2702691242ea4d091efd1e0192
09bc0a46fcf005aefd0afd86fe3f0203fbe30471f540ffaa0092fe28004911e20177064fff270c3e
fef109e5ffba0e78fc71ffddfbfaf8e9fd760569eda5fe16fdcd0076ff9104e1051304e2fec4fc9e
004afa28fde0f996fc1efe62fea709a6fc9405681495ffc0026300d40193f8d6fec20159ff8cfe5f
f348d447fbe9090afd13023900d80012ff0a13320e5efeb7fd3afb90fe5fec7a0583fe25fef6086d
e254e294019efcebfe2d018f003be03dfcf815cb02660189fdc8008401e5db70fa8ddc73009a0815
019c2abf02011619011300acfcf1e2be01d6ffb91743fd21028cfe95fdb50152e0a211040184090e
05f517b8fe22fb050096000201bff610ff50f44f1a5d00ab0075ff78fe380911d85a0259fe70f554
fd32f4940266f731fd7effe0fcc1052cffd7e95e00680041026300a9ff9efda901df1cbcfe0e1530
ff8af553fe5bf134010dfd67fe98e4b1fe13e0a000c6fe59fd8102abfc6506721b61e7aafde2dbf2
eb1a0a4ffd9c04b4010201df027a042901690263f33a0269000101c20134122a1b47e66ffe20e24e
f3cf0b84fe140fe600540159fe33025dfe28fe35f6e5fd1ffcce02c800811a1a098afa28ff68fd7d
eba21d66fe64f54cff0e0023013bf3f5fe750569016802b8fecb01fffdf5ec24e527fb6efd8405d7
f22e1ae200b10353fff1fde7fdbbf0e300610623f059fe160076fe76004fedc4e5a7f916001df396
f2a30dddfdd8eeb6fee1fcb8fdfcf912012ff3e609c3fea3fd55010e0012ffb2e45bfcaefe6af2d1
f5d00883fbb4054cfdb8ff75fc76e249fe8f10f90ccc005efe12fd35010112bc0f901740fe1d08dd
06b5042100410148fce9fc81feca097bfd93f726fdf0fd5cfd56fe25ff2c1023fd6efd66fcb210f6
f7ceffafff2ff73001daff26fc49033dfc3301c6fa58ff230084feadfcaa0d49ebe2f73dffa20f37
ee42fa1afd160289004dfc7bff710845fc5501e7fd6b011e00a7fccdfcbdfac4e3bcf5a7013ef797
de3df07cfdcb1136fef3fdf7fb260b75fe16030bf9b301b7027bff6dfcd1f808fcc20995011ff2ac
070bf802ff47fc0a0219fd1efe7cecd6ff7b00d0eaa0001600a7fec3ff35fb8413890868fd9bf4c2
fc74fb88fc9f062efca100dffb39153bfec0f823fb68ff33fc9e003dfeb8fe6f0a92fc17fd3dfdd5
f701e9d500590b71fd00ffc6fc97002bff24fcdffda8fdfffd86fdf8fe3e12d5f126f506ff0409be
fe0ff37cfe0504d7fddcfed6fb99fdc5fbfc071bfa940202ffa3fec2fde50eef09dcefb901e20eb1
f1b001bc0124fba9ffe1fd15fc8c01c0001307cdda5afe35002c0002fd65ec6afeabe498fe0f0bb2
0fe922010085fbacffecfe65fc7df99600a2f27bf3b1feaeffa1fe59fdbd0696219b06a1fc67f23e
02ed0f7bfef6fd5afe0dffd0fd8a1949013506ab028d00a0fee4ffbcffd400620c6408b3fd7203a4
f3b606f6fcb4fc16fdcd0015fdde025cfb5f05aef055004100780008ff3806aafa03003302030464
f0bd02c4fb6cf809fd0c0221fdf00752fdd601bb065101ceffc3ff38ff98ff1704c7ffb4ff14155b
f1f3f732fd78007bff9efd84ffaaf405fce009361418fed9fdb4ffb501bffa19115a0e03021e0c62
17b0f22efea0f4fb00ddfff6fd2dfbb0fd4ef403fddbfe8cfd6f00170039f4a9143d1303ffaa031d
0471eb86ff3cee9e00f800b3023af430ff3bfea900f5ffe3fcbd01770325084612e70535ff8103e1
045ae2eeff37fc67fee7ff44fd4ff9c3016ffe2d004101e20128fddafcb5f6a4fd3efb0bfd0bfef7
021700a1ff100c64ff66ff8bfb64ee35fe32f751f241010a00a702cffc9b040af0faf24dfde4fab9
069702c4004c0b4d001101d8ff3ae78dfea709cbfc05fc69002600dbffe5099bf9780e51003f01f0
06e8f8f2fde1fa3e009701faff7ffdb200c9e7d4f22501160024fe0d00bbe0a214b625a6014d012a
0134f085fdadffd5fe00fefe02e9029dfd3efa3303b7ff8c01f3fc69fc2c100e05c61f4102121071
f3c8f9d5fddd111cff24002cfef203f1fb12faf0fe32fc80007afc5d001d0f51f16f0e4aff85090d
eef01838fc830b72fe92fd3c005afa47fea6fc9ee674fc8b0108fea2fee3f1aaee581b8ffed41359
07f80e41fe78111dfee60027feeb039dfaca006afd30fda600a2ffe4fe5ae176fba60eddffb11437
0662ee57fe550a47fff9fde602c4e68700b406ecf3ca00ff0115fd06fff6f62015e31bd00063f2c8
00f6027ffdde0614fd06010a002803cffe1d01c91006fe99fce6fb82fd5109a60e6e1693ff4efe50
10b81be800880032fff70098fe890d42ff330b210d0d017afd82fed7fe9d18daf7150f8d010b1455
1671146afb69098afe4201f0fef4fe72fc7704c9f496ff740105fd95ff27f74df5771952fbec0833
060f0acdff08ef27ff2fff5dfeba11d4ffeafe89e2720172fc74fba2fe250861f25f017d01910040
f520fd2afd051a14fc4cfd2bfde0cbb9fdb00b16eeebfd4dff15ff5b0005fa07023713d200defcca
f7d00570fedf08de01e6ff67fcd80270fe950f21f895fc36009dff1e00af12af058d0ea3fcb5f98c
07d0f707fc0cf039fc73020aff3af2fdfe5d09bcf75afcfbfcc2fbc9fec70c88061d047000df09bc
14b7026cfc06edbbff910041fc4ff5c1fda4046be88901fa00f3016d002a19aa05e40472fc38073e
1256fffeffa0eefbfdeaffa8ffaf08cdff820cd1e558003bffb3fdf2ff251d3df9f8048dff95fb84
e518021bfcc8ede0fc23fec8fe9be98afb2703e2e474003afed8007dfdb90bbb085a1697fc5cf647
ecbbf75bfaf20995fed2007b0063f935ff8d0ba5e7d60088fd93fb36fc92f91412ad050200200dc9
f554dc44fee8fdb0fdd2febdfd82f4ec0055fe360831ff68fddf00f0feec05ba0a1f06cd013402ff
03e1d3adffeafa580264fe740170edd5fb0c1bbc0fb8013fff34fb3c0089fe780a53ea25fc3f0381
1219b64cfd560434fcbafc86fc50f092fd3f0d85ea75fe43ff2afef7fdf40117fc58ee80fef210c0
039405940091f65aff6501daff88fdd6fc7907aaed04fe4c0269fc45ffe7fada0943ed8400b4f682
f8740151ffdd049dffdbffe5003307d9ff6e058bef1afd94002ffda2014c0c3a05e3f51eff93fcad
ff7c0977fc3b01a7fd18fd67fc2c0359fe38f9b7fc5affeb0140fc40fd060a150655ffe0fd3e05e8
00b10bf3fcc9fb5502e9012aff4a0064fee3021b0503fcb5008101ddfdc3fccbff4712c8fca80a43
f94a0aeafc8cf8cefd13fc6efa180196fbbaed990013ff3dfd7efc93fd8ffcba02f00dd8021b0aaf
029ce357fb8be977019b029bfc34093cfc41fb0af49d016ffd38ff92028e0fadfdd30712fdacf244
f977ebedfc5b0274fce8ff55fc6f062a00ac0fc8fea9fef10281fbd7fd9513200a6b099401d2f4a9
01db02bcffba02fdfe340070fd6c05aeff5e12d5fa1302defce3ffd4fcb2fc800da3f466025e040f
070d0181ff90fd920039fe4e0036177afe4711bd0669fc3601a7ff000041ee4e0a90f96f01e90894
fb76f1dbfe9d06f70062fc93febb0e3fff9eeced0ddcfbedfe49fec80195002f0482f14001cbf243
ebde0d57fbb9f615020bfe0afe1cfc4cfd05e6daf250003501a1008afd7afd5ef67201cd016e0bce
f2f3f302fcc5ff10fe1aff3afd17fcbbfc5cefd207410168ffb4fe50fef0ff18024cfd3f01310255
fc2cdf46fc8d08ccff2b025cfd0705e1fbead9d00cfefca3fc5dfdc9022e057510b4f36c0244093f
f4dee74c004ff7e201a60096fd72fbb1fd0bf87e0bb000c60231fc78fe4c18e5ff8ae370fd5c0621
f576ed0a004609d30031fe42020602cdfd8afe63067ffc830004fe77fd9e1179f96ce114fd2aef2f
0d2819eefc4e00e3fe8b01bc010af66afdf2fba9105cfe7efd170012001d0495e4acf30002180d72
03ed0881ff850489fdabfe7600aeec46fd6505380b47ffe1fd3d0097fda3d9171380edc4024303b6
fb7c0c45fc0707e20030fd8bfce8edf6ff0702c5095bff72fe79fb70fc5dfdf20c4df99d00d4f62f
fe03fd11fbad031efbcdfebafb22f67a012cff371429fca1fc8ffd8dfeb2ff3e06f7f463021100eb
f805e61dfe9b1087fbf6fdd5fda30ad8fe7804dc0ebefcbeffa20082feb6f90805bf08a6fcc3fa41
eea1127efdaefff8ff480054fe72f182fe44208e0b2ffbb500ebfcbcfd97038aed541e5e00511951
f26e112dff5ef9aeffd60249ff2cd420fd4c0fc201cdfc1effd7fe1bff7ffbff03bc0536ff8f0a3b
01e3fdaaff0106e2fcf2fde8fefddf1e02e60665094cff09fe62fcf4fe67f7840bc101d8feb70102
04f005f0faf2fab30064fca40253fb63025cf8710ca30057fd1eff5f01a5e99906a10d66019ffe85
fe25030d0037eac200ca01e100051024fc21076c04ab00420232fda9010fe771ffb306e2013bf7b9
f460f4b3fde9f085fe7cfc84ff72fa49009edf89f03cfdcf01b8fdaefdc6f8e7fc8eea1101e21201
fe7fef6801a1f0dd028bff240192fad5fdf501e604ddfd81029dff01fe81088dfca4e91efc72fa8d
06bffb8ffdaa10d702affdddffe3efcbfce4eca60144fed6fd95fcd5011d077708fe017101eaf512
02a10322ff100f9dfd68fdbdfe78d879fb1402e1f6bdfcf1fcd4fc3aff8519dd076f00b4fcd2fde6
ee20177600370d1efecc0088fe55da6efd76e95410eb0103ff02fd3e00cf17ed0a200b0f01f91a15
e80a01dcfad0e09cfbd5fe96fe72190bfd4bf39bef4602b4004bffdbfec2fb94e5a3ed3cff5204e6
f407f3e9004dfa30fd38fce4008defd601ed01f713f5feeffce5fc2b018006e2f4a7e449ff95064e
0944fe32fcc3017d00bb0011ff65c4e20177fc56041effb300eefeb0ff4bf74510b8f7fefce3102b
061eff05ffcfff5cfe0e0214fa4de4a6ff58f18d0061fca50091fbbdfe0601d91669004400f7f39f
04920ae0ffa90e8afc9bfc68fd851394fe51e97e1a80fee3013dff4cfe230ccc10441772fc17ec2f
e6cc06a30156ef38fdc5fecdfe7607860181d944051b032dfeaefffefd5004e9e0e0e963fd671df0
e87508adfdd80da0fd54fe22fc69ee190136f818133601550262ff59fc3ef903000a040802041d91
ede6f667ff200512ff89fe04fdc4dc02ff53100902d600e3fc0a002dfd35f61f13b6fd1bfc552264
feb3f32fffa6fec0024a014afde1f1b100b7fe5a08b7fe6e0012ff9bfd18ffd80ff70c47fc8106d7
0131f24601b604700208febefdc004b9003cfb51164b0073fc63fc0b01541b3bf9961c0cfd6800ed
0dabf3cefd7bff94fe76fc5bfddadfdcfe1ffff40ef9015dfe7eff59fd6a0428e5fb02f3ff0b05d5
0718127f012007daff8b0065fa57fe9fff3706ab090e000f005a0167fce002b80e3004a3fc8e04e4
f98606ecff52109a0193029efdd0e3f6fb861898f57d0064fead0276026e0de50b380d24fe352344
1d40f600ffdc0325fde6fc4dfedaf03601080fda0a78fc6efe9cfe3afdf2ff6204650192ff3e08b8
eed3f343ff07136bfeda025dfe1efd1300a3048efd8d00c30288fc80fcabf32ffdab0517fe1cfe5f
fb0007cfff41f4baffeefce2fff2f177ff9d0d3f0224013fffa600a30116fe10ea47129afc80fc36
02571561ffefffbf01defda2fd550a8f00a5043a01c000a50227ffbcfe351043f59a0b4afd70009c
fa141293fbf80acafd47ffb2fb83080efe1e0819eb0c01caff1cfc61fe88031f071501360020f66e
fed007c2fdb2ffa2ff5afdbcfe95f0bffe2d0709f5ebfca1fc41010efdbdf264039405ce00c203e5
f7b70377fc960212feb400eafcb708efff0807bd064f032b00bffb65fe9ff32ffa5eeb2ffc81f7c7
f3ccff43fd48f6a9003aff40000906e3ffd70ba9f68afc82fc770145016cf5770849eb29feb1ed39
0890032afefdfceafe3000ecfd4b0b6efe050021058c01940225fe22fd07ffc9092ee6a2ffe4df2a
f32c0bf7fe141b4401ddff93fa89fe48fb3704d906cdffaeffcffdb5fd57ef08f94df57dfcfbfa86
00240c40fff50f75007efe12fba4f3b2fc54f78904ab0068fdd200da0071071afaebfed1fcd8f45d
ee5e0d5bfd79055dff4a018cfd6be1df0026eefcf698fee9016b032b027003430482096ffc3a174a
0b09f6860040f16d004b0272ff460e6bfc65f373fb9dfe6efc60ff7dfe53003af88af8f6fcddfb71
06fbfff6ffd3f039fd050212fb3901f9fd18ff120da50178fccf0115fd1c0766f6bbf5e30290019a
0a23f8bdfbad00df016cfe6aff4bece4fee3fbdf05d0fc9200e5fb4d018dfe84086ef5a800fe0542
0317fb05fc32011f004900a1fe86033eff42040efd08fce4fc78fd09fe5ffa750b99fbeafc331830
fba70c8ffb42fff50061fce1fde9fd03fe76fc1200fbfd9c00660101003bef6a021a00c3fc8f133b
0a4a11a00031fb33012501fdfe3f0a4ffd8eeca9eda0fe38febbfc7bffe10861ef3ef671feeada50
01fcecc8fbd107630180fcba0030037400a8e50f0837fc69fd53fc16ff7cee94f08efe1700c5f70b
02cfec82fe6e0f0f00c60048fbd60492fe70e726007dfeeffc66ff2cff11f3620a61fdc1fc6c0085
f77df48efb15008a00a0fd26fe0d0872fe27f946003f0044fd0eff9c003efe95fbe4f45efbed0caa
0044e143fb1d02be01d0fe16fd27f5fe0037fbaff8c5ff1d0222fd720036fba4f831efd400ad0bbe
161f0b17ff6900e4ffb500b3fee20cd0fbfdf1f209f0ff48fcc1fd8afc3504a003f806c20013fa74
1c3bf296fc08ffcbfef7fd72fe7cf3e4fdd3fe040df50149ff3afdbe01fbfadf024be3490148feec
0ab106dcfeb40dfb012b00bffe50ec96feccf581057a000c00e6fff700b3ef74028bfd0eff000049
050ff0a3fc4d0cf20007025bfe5b0a2afde5019e1366fd6100c8fbf4fcd2f2cdf3cbf3e8fca0101d
02b5f211fd41fb3401d8feaafe2afff3ff0eee6beac1fe0afd4c00b2fd550971fb43059100afeb04
2202037bfc34f168fd47fefafdb3f1230044e8fb117e00f301bbfd4701930e7403b90cb0fbec10a0
15ff024dfdb404d5fc82014efd8aed3dfe20faff1bb4fe28fe20fdc0fd5afb9506d2ecfdfe1609b4
0cd7fae3fa631b63fafafe6afe91fe71fb81fd3e11adfe0801edfb46015301120513fa65020c0dd3
04eefb19fabe078bfb24020dfd5afb46fcda023e11bdfeedff580026fe2ffb0ffc9ff7f6001cfc56
eea2f81efffaf563fd33ff8bfd0513d8013a016bfc4b0187fc7000570180f834006805cefc11089f
037503d0ff6201b6010f00ab0006fe3f013cfcc8ff8e01e6fd77fdd0fccdfe65fbfcff0403240238
046dff7afdb800f001a802ce0037feb10250fe6bffb7001900f4ff84ffa8fd85ff62fed001c10194
01410089fe100031002b00abfdc8fed3005e016ffdac00aafedfff7a00b9fa7f01130307ff42003a
fc69ff1600d901cb018e02eb0194fb800015fd65fd4402acfea702d0017dfdc0ffe700ccfcdb0079
00f2fe28010b040d0095ff180173ff4b00fffd1c03fd0153fccdff30ff350255fee3fbf1ff7e0102
fe42ffb8febe02c9fdf30219fcfcfe42fee5fdf1020efd75fd3c0086ff3f0060fede01360128fb54
018bfeadffe40185fe72fcfd01520166feccfcb6ff7e015ffff50226fe45fb6bfc1efe1d01ac0357
fe86fec0fd57fe0e029dfdc4031efd78fee1ff110180ff2e02d3ff65ff9e022dfff80144fe39fe7f
ff420090fdc5028d0192ff670072fb41fe98fda101c6fcd6fe77ffa5fee3ff7500c804a70025ffb1
ffc3fda3fd1efe71fcec00ee01e2fff5ff130171fb05fcf9fdc2fed3ff13010301630011fe5601e6
02d40088fe7101dcfe97fda4015400b50197fa61fe4dffe701c3fefafce8fcaefc810508fe560124
0355fefafdb0ffcefcee010800c4ff5efd0902fffe1fffd3fd7b020b01c2fe6c0141fd41fe8800d6
027cffa4019cfcb40317feec000a01f201d4022a0255fcfefd29023bfdc9fef10020022302ad02d0
0013ff56013e0321fda9033000f6fd5501ecfbba03e200c0ffa6fe3e02ae0103fee50224ffb2fe00
02edfc2afe86023d02980295ff2fffe0017b01260267fdc2fe07011801dcfdf7fca5fc0a029dff06
055cfe34001603c102350278fe340005fefafbc7ffb500cdff84006701c20048ff0eff55fd7401ad
007cfcdafd7c015800d6ff3c023a017802b7fe09fea401b5fcf901e9fe8300c1fdd0fbdafcd9039a
00670111fffdfe4cfcea02aa01d6fd48feaa006102f001a3ff04feee028604050231fe6902970075
00e9008dff90ffdd0222fdd3017aff7efea200ad025e02fbfd9600a0fd38ffe00087fc08fe750060
ffb3ff420082ff0b019aff98fd24000bfef2024bfbbd01f70005016eff41fefe012e00f501c6fdfd
00d5ff280157fda200e2fccf01b2ffb2030cfc5b035efe74ff04fd8e022600c3fdf804230160fb88
020700bcffccfc8902cbfe1500c40027fdb6feaa0039001dfee10016000eff710464ff67fd6cffb0
01480202fe20fd37fe7f020c001efb8401f50306029400f8fdb6fd19fcf20261fc28fd1eff3400fd
01d2fbb0fd56018ffec602a3018000d10284fed6ffda021802bffef700f3fe5901cefd98fe3100ae
fe65fdb00346015103100212feabfc0bfd1104a8fb1f00c6013501abfeb6ff68ffaffb06fdbc012a
106edeb7ff4f00980178fe8dfc8e0b20009909c0d616fddb0228fe52fdefc88304bff128fdfbfae4
fea4040afca2105bfce9fc5c027e13f702770060f8f6ff5efe2c00e7fe0ef98b19e3ee3a0152fa06
1def0e32fb9c0b0dff2f0268017505dffed2077f0757fda2009effb9fd0400de1155f0dafe32f539
020a0d3eff270956fe35ff16ffa2fdaefde8fd4e0bd9006afdba012efd810a64066501e6fc4000df
01acf502fc8c102dfe81ffc0fcc0f40cfb95f5491bcf00f8fd2bfe880041fe82fdd90d2cfcd518ca
063ce1e0fdfe00d3fcca0097fcd01cf6ff99144ef8ad000f01060018fd9aecc305a0ffe0ffa3edb0
fc300481ff8cfc34fcde027400daf2a6fe1219c7f93efd7dfcc2fcd20155f95813150b5ffcbfe778
03590518fbb1f5ca0068fe66ff27faf5ff02170af6c0fd92012ffd1e0125fe3df0fb02abfff8e15f
ff790075fd10fdfbfee8fff0fe03fc2f01240f73023afd2e00bffcd700fb0a1804010bf5ff26faf2
1452f2abfff7013dff740217febdfe3efccf06660675ff16fe11fe84fef70caf01c7091dffb70e13
f91ff1dcfbc0ef620088fce4fff9edebfb1612050400ffaefc53fef10118f9660490f4a70122eeb9
fc93f7d6fbc5f68fff8cffb9fd5910c100a41ce2df09fda6ff16fe0b0252ff1d04bef557fe73e742
05fafb6d00c70420019bfd37fcbf0757ff4cff49ec78fc6dff48fba0ffacf074f0f6ed8bfdc7e1c7
f2abfadefd680b3f001efd42fe9001dbffba09d7f94702c4020d0136fd2d00a6f689f470fceaff21
fc67ed0902531190fd5601d7fe490dbd00ef0b1a001200e10153fcb9ffc1edf0f17c0534fc1d2440
019a094cff49f423002ffe7f00a80619fedef3b9db8e017efceefdcefc2f0b450c290fd6014ee5d3
179cf335fbb0ffdfff15ffaf00ee1723fd8800c3ed8c00d4fc51fc950060f6dffc31e9a1fe4a035e
ffdcfbc300eb063b0116ffedff8707cbfdc6f00a03a4005dfc7afce7008bd7c3efdce647fcd9f0a1
024d1049fc6506ca02890154006809d3fcd10169f8b1ff8e0216fd2cffa7e575fb3bf2b1fe3cfd67
fbda128efe8d10acfcd80213fe550806fca0067d04820146011e000efeb7e741ee0fea7f017f0ad6
1aba0b69fb60fd16fb9200e0fdc9f885fc7dd8d9f68e0140ffdcfcdc01da112123bffe21fc1bf69c
0d33fea4fc08ea10ff59ff63fd16181f00f7f457fcfcff2efc55ffebfdcd04a2006c008801a70053
ffb00cbdfb51eb50fceefe3bfe6c0aa8001af9410348ffa1ffff007afc9309d8001cf417fd0df067
0c5c18730047f603ffb40004fadb0a4cfbef073b049f00b9ff13faf1fd8c1484fafbf981fed3ffa4
06e41600004efa80fd8cfe82fe79042600e2f426fe2dfe9a004ffcbffc590b6cf597092f00d1fcfc
f59df40ef587f73afd54fdf4fff6fe47fb2009c411980716fc76006a0309faa6fd700c75fd60fde7
dd1cfffa02fff1680287023efbf200d9febcfd83fc9412f1ffd2ff970b75fbca002e0266182afc9e
ee5d25910ec2f82dfd5afde8014dfb81ff58ff50f09ffef9fcccfe79073ffc7efec708880a0ffe4e
f7ec0fa50f40d49a015cff800013fcfefae816ffe64903240042fc53062ff82b015317380025fd48
06281ef7007cde98fc94ffe6fc88011401f3f816ea62fc05fbaafd070953ff10fc610a42f74bfdb5
f6a00ad4ebe2fec101c8ffc3feb7ff90000f095b07b3090800bafcad0197ff88ff19168c043b0176
fafefec7ffc9f29cfdd20239ffc4fdaffd63131907ca0fd20189fe900046f9e403b50b30022efe63
ef681d03ff2400be0057fcd1fd3bff37fee90518fe03fecfff1ffbec01e6fca8fae7fa22f067ff90
fe2e0bd8f070f61afe0afdc9fe95fc21fe030413f0c8f7ffffc7fe490795fe3afef6f991e753fe2b
0fe01ac9d867fd5e025dfd69fdbcff5a01f60368fa54ffecfff5fe79f6a3feb9fbfcf925d8a8fefc
ff4d044ef34710a5fe66016102bc01b100b607bc02150fc6fed901dd01e3feceff530ac403eefdf1
fa12082defc30336008dfaf9ff35fbd2fec11ccf04530edf012cfd12fdfafd36ff1b00e4fb23fc38
08640977fd71f732fca4ffc6fec2fb6ffffc0d18fe42ff16fe64ff101012fc82faa9f5cbf631ff18
0f39e5b6123bf6f5fc9efd16feb2fcecfffdff59df99f59a005ffcf9fe2aff9cf807f8fcf7e8fd05
fd6402eeec360250fd120124fcbdf827ff67027d0ee718f0fc58012f0341f9dafb1efd61cdddfd9d
071e05e9fb660469fc73fe4400d6ffa0fd6cfceb00d9fd59fd420130ef9efddfff10085bff0d0139
093ffba903730678fc9afbb400d2fdd6fc26fdd00729f935fc78fb3a004c0054ff34084bf08efb76
0e25ff23038decfbfee5fbdefeb3fc1bfca60375fb9803e2fc04fc63093ffcca00800543f0dffca3
0c1be51704a3f3adfcd0ff57fdb3faebfaf0fe1102d00570fbc6fc1cfbabff11fda705131041ff9f
f942f2eb039af1e30118025600890089fc1a09e411ec085e00d1fd120896fc5ffd5ae9b8fcea0397
043efff6fb0fff89fd76fb5d01eafcb0fa06f1ff011c0731fc2f00640532fe4000ed033c0dd30215
0863f05e009bfbb6fea5fdd1fe8cfc45fc7dedf204dc106a0080fd21fd30fc4e01431507f98c00ec
f9d4def309f8fbcaff70fa740131fa89fd0c0271f9a80139fc9efcd2fd88fac2faed1a5d0c40fe97
f485f6890bb30107fdfcff0efce9fc6500c00c53fa2f09b6000cfb0400d5026803c50c121b5901d4
f3aff03e116af95bfffdfd7802c8006afec220ececbfe946ff42fd3f0c39fce0009002d90cd7000c
06ac00dc012303370001ff35ff75ffda019e0290fd5afe3f00d30017024501c70259fca8ff71fded
03f4fee3fe16fbac02e2ff42fed7ffa0010b0368ff3b006dff040252ff6c00abfda1012dfd950327
03a00313ff840389fd6401b40044fe4e02c00299fed6004aff54016cffc2fd78fe56fc43ff17019c
fdb0003cfd9f004502ddfe70fe67ffaffe60fc09fdeefffc00b702c90239fd0bff6a02ac0059fff3
fff7fee800fb00e6fd71fedffdaafe5dfcdd000cfe53fec6fd9efda3fe34018801130178fefb0257
036e0614fa0501a000d8ffbcfd14025b01dd0359010efeb3022a021bfe4e02940291fb5e011effab
ff13ff8d0129fc13fdbcfe4d010300fd02b90484fe06ffe7ff640075ff5cff7300cbfe5aff9b00c4
044afc3b043dfe7dfeb7021302420195fe90008f040aff0d023001e3fd2c02ae002200c6fc4b02e3
0188fb91ffcefdbd02aafd86ff2d011a02cefe4b03bc0086fd7f0201fb85019ffe56023cff28fe45
02ebfceb00c1fd650042fcd601f8fd92fea5fbe6fe51fe15fe7efe94ffef024b02d6ff94ffeb0072
fdd1ff890116ff00021d001bfea10064fed50148014d014b02a6ff6a0288fffffcd1fee10273ff31
ffa504ac04700031fe9ffd05fe81008b01c0f860fb58ff5cfeb0fef004ef0069022e00a8035d01b0
003afde2fcd4fe1f01d50253015dfe80fce501df00f404bc009d0116ff10fe7afe12fdd301edfe57
0298fb8800c601f7fe500270fdb70332019afc3003cefde0ff7e0136fea100fb02b60438037102c6
fb7e01feff7602dc013a0316fe25fe6d020602f8fb3d03e900caffc7ff3600a3fd0aff28fbdf018d
008000e601defc8001fffd2dffd60147001afa8afccdfa5601ec00f7fd8afec9fefe038c020101ce
fd9001e20257ff4c02b7fde302adfe9402eefd7cff6400320121020902e8fe1a0050fe98fb54fd71
0464face01c4fcb3011e03230286fcd2031afc3a0257007e025d0033fd4302cf005f0131ff23feef
037503cb0446fd1dff50fe030312fdfdfefb01e1ff6b005bfdc3ffb0fbd000e2fcd600db01980158
0293fdcf01820027ffc4024a0225fe310216ff2efd4afe5101bf019efd90ff33ff60ff66032a0122
fef206cbfa8d019e02d200c302b7020cfd4701ebfeb00385ff3a0203007802eafe9d070201560278
047ffffd02d802e30232fe44ffae003ffdd3fc4b020f04c5fd42005dfa86ff2cfcedfcff02860183
fe54ff06fd1d0221fce3fed3fef5026202a5ffc7fbd201b8ffe9fed1021f020fff3a00280273025a
ff7f01cafec504b2ff5cff9d013afddffd050336016d05630249fdd1feb80320fde20107fffa02de
fd9effd7006602750158018ffe8f004a0084feb60175fe0800f1fe3000f502fdff980090fe250044
ec71eb62fa8dced5002efdee00e1fdacfedd020d0b8effaafcab00ffee70fd16007e0c2f0162ffac
eafaf67df150f71dfc1efe8a009b0071fdd5fc0f027f09400135fd430427fd1c01ddf6def03cfe6e
f6df04bd02050341fc4fffcefbb7ffe6fb5afeb814e2fa17025301b9094700e7fb3ff125f4dcfb5a
164e1bf51bde066c01e9fcdd000e0135fe3af9491e5d0ff0fdfb00bc11fbfba3fd89f1bdfa43fcdc
f62d0a7926baf20201e4ff8afdfbfb0ffdc4ec080d7e2a69fc51fcff10eefb43fe3af019ff7102e2
ea73fb88f5b305ef0042fce2fd290003ff3d1a431672efc4fc2c020507760284faf10bdcfacafe19
fd53fd9e09b3071afde6fdb800fb01d1fae2fd4a0452f8e6ff77fcc7030efdb2fe36024a0780ffaa
fd600c70fb9301aefea0fd3cfee9fbfa0064f1cb052cfe88fffb0001009cfa1f008c089e0374fe47
f80b031d0932f462fbd9fef1fe9cfe9efde2fde506ec035e016efd1c0c39fc0dfce3f8af075cfeb4
f0b4f8c31d410e47fff00011fe9ffe74fefb065306f416d4014bffdd0e72046bfc85f63efc5dfdcb
e522dd2de5c5f312ff2cfd4bfd0cfe7100b6ff13224bff7c0153ff53229ffc9afc51085bfdb9fcd7
03b5f311f18d0925019f003cfc32fd51fc410a5e0433f2ddfe8502d10bb1fc8dfcc4068fff88fd47
f9defd52015a00540081fcd5fe410014fc96050607b5f88affa0fa850965f9bbff87038dfea9fec1
fe7108f90336ee9cff8bfcc7fff0fe50fa57fe060dbf04cdffc000b00e46fc810021f8e9ecacff75
f4a404b60a7d10edfed9fdcf005bfb51fd3f04ed03200dacfcdffdb013f8fabafb33efca0751ff44
f375efeb0b600076fe9f0190fedbffdf01fcfb460342dfaefece01751080fe6d0032081f025cff16
f77b0342ffdfff48fd82fe27fd2effedfe23ff7a0a44f8050065fff205dbfe27020efca701d4022f
f6acfad60bb5f13efe7dfb45ffdbfab3fa9601a507aef5d4fc60fba4ff0bfacb00beffb3fa93fc26
045bf01afdd9fab800b1fe05feb5fe81fed207190d0a016c0225ffc2fa76fdebfea3f4b2fa97ffff
f01c1a0d023207d3fe7d01a0faf2017bfc8f030e1eec121cfd8dfe810923fddf01aef5ecfa540135
f20d034cf8e9e3ea00d7fee10205fb44fb47fc72e9b8db3d01b701240295fd57fa0f0339ff36006c
fd09e73d084afa00feaffc9bfdbcfc7bfc2903fb0769e3ef007f00ba0589fc1ffcf4f8510e1bfea1
1807e557123c083efd71fb67fc08fb59fd10f5df1cee04fcfdbbfc69048ffe94fd65d7ab12af0024
fc35d80bf3f40585fc48021a01b0fbb8fd54fca5175e220bfd8300ac06c9fe4efe91f5cb0f67fdc3
0802f3d0f35d15d8fe34ff44fcdefca8fefd1314fe532038fe29010c089603e9feb0faf9034cfd7c
0a770faef0fffd26fc84ffbcffd00046ff380c821a4c10c7008dfe9be3b2045dfedfed321d73fd70
ebde0b6a06cbfcfdff37fc78fc77fcd7fdb7f2e8febdf4d6fc58ff760e46fede0093066a00de022b
f379ebe8e122faf2026c0149fef9fc890099fafd092301d5fcc5fff2f71af99b0005e9cfe988fec7
f73f0634fc3ada9c0076ffa5011e001d00dc0a9d0b8c0875fed0fc091d9ffff4fd5902c6dca1ff10
fd560f5e11acbaedff7ffcbcfe520187ff6af21624d6fec9fff2ff69045efe5bfb5502bdf0b7fc9d
f2c90619e26ff8ed0170fd1afeed025dfdb50cf90547f71afbdcfc680b3b003afc20017cfbf60135
fcb00a48ec6ff901011201f4fc6afc2efabd0e3bf6550050ffe7fb77f87a011afdaafd20007a0121
07fe0198ee90ffe9fe90fe3afd8afbd1fb24fff6f892fe8b0161fc120444fcf2fc4dfbeb0815fefb
0219fc510165f6c3ffe50129fcd2ff4aface026f0de808870199fab1f68901a2f8b4166e057c003a
f5900f3f10a0fcc8fee6ff2efe420088fef80db9185611d6fcac00a30d66ffb0fb3c12d6090ffe39
fa38ec3ee56900cf01af0163fdedfdcbfceafdd9f9a5fa69fc910009063ffc6afc4f00560440feea
ee3307ff069f010a0179fdd102c1fc77fbf30a93f2dbf907023dffba0ebd01acffab0b5304f100d3
1208fb80fb70fde3fd28faaefcedff2e01d7f8d2069bfee5fecbfb7dfcecf8e001c502c8fcef009e
137e08b805460c990214ff25fde6fb30fc33f9d2f6710336017a0032f85efbc9fbab001f0d9bfe33
f11921a600cf181efd78ffd901ccff28fdfff42800290798023cfcb3062dfe46fc6c03e9074e0228
f769f1800cce05ccfc9effc8016cfa76fe37fd050238f1feffadfb030b36fdd3fea701900cb0fdbe
f5dce9ab0089f35cfcfbff31fec2ff1401f402b4f90aeb1dffdbfad20b9702db00f91b630823fded
0399ec5af58600b8fc04fd230006fbb4ff16fed4fda6e3affd93ff2af738f9a6004209ce12b4fdc8
086f02b406cff990fee8feb4fd46fb9400620615fdcffc86fdd3fb78fb27039afd64f827fbe8fb77
f817189015f11033fd72012efccbfba500ed0824047426e2fd09fee20d73fd6dfef2ffcef242fdfd
05f9f35af05416b501af01a3fd84fc5bfe1e00b807cfe59bfc38fe3cf807fa7dfbbb0346f8cc036e
0133f017019e03d3006bff210181ffc0fb6e0db21b63f33dffb8fe460d2a026ffdba083a04c1fcb6
1775f954193efd0702abff48fb5dfb51fffefa810aaffaeefbd4ffbedf1a00d8fec80c370690003b
055a061404b0f3df02a2fc76013dfaacfad907280b300d28ff68feb0f64901b2fe18f776f2b3fdc0
095e17fbf920fa98fdbf010c006dfecbfb9ff1f3133320faff0cfc3bf86bfc72ffd4ff02de07fe43
f7a60f66ff5bffab005dff260241ffcdff33194114eafc4c012c01e7f15f0489f90efb68ebf8fc26
fcdffc08f9cdffe1021dfce9009d00a0ff6d117214f0fb7b005afe10fa83ffbefe4ef444013c0065
0de4fb66ee06f4050136fb820052fdd8fb8606c4014d1587fd02fc8c0039fbd9fd02f047fcb2fc06
f9f4fd51026cfb89ffe7000aff5bfcedffd1093ffe9d0867003bfb780b2c0117fcd3fe87f092009f
e99922ee1330e848fde601ddfff1f9e500530b34ff241295fc99fdea0888fe81f9b7f5f90264fcbe
00ddfd45e3310419ffd100530278fd1dff0a128c0bc1f306fe4efcc4f922fcbbfeb2f89b0401fbc2
02e2fab6d9960d4a01acfc5901b40065fdb00e840fb203c8007d003ef914faf5fe18fe0ffdc8fbb2
06c7049bec95f77efc67fe240202ff83fef3054708a8006ffd4dfb3cff62fa86fdb4ecc9f911fd04
fa94fde1f812f84bfe8afdfb00d8fbeffec009850cc5fbe9fc5eff1c04afff5ffc50007bfad6ffea
e235128a11c8f425feb60126009af954fd661fa11407f1d3fcf4017103020052f9a2f88dfb65fd1d
015604f1f69e0d8efd810128ffec00ffffd403e20a04e7af010afd9d06a3ff4cff4ffc03f186fd46
fe060267031e08b1fdbefee5fcdc012cfcbdf72103df03e4fe8b007ffe11035400420242f964fe11
f01502defa340441fde0ff60fd16fd66fc9eeef9ff8910a3fb9dffcefe41feb1fcd7143b080a018d
f75501cb0fba0205fe38faa3fc8dfdddfbaf0385005cff1d01aaff750c70ff41fcd604fb0133fb9f
e83109fbf6e609e0fc82fe0d01e9fff2fe5c150f0d06e72c014fff42f66d00d9fc9e02fef2a4fe2c
fec20a65078cf166017effa3fe1b0017012904ca04eef4fa0032fe6802bcff4d0116f8ccff55fda2
f0fdf07ef77107b001f2fcf6fdd8fd49fe67f0c5073bf7feffffffc4f5f3ffd0fbe712d90d3902be
033ef0be01ab1096fd79ffec010eff10fbfcf146fa4bfa50fe37fb09fb33fc92fa6e06300d750072
fee400c802280924fceefe08fc78fc1dfd7e09c2f964e811fc80000ff9a6042afb9df7010b0800e4
03ac11f5fb090ecafeb701e4fe9400de0063ff8800221494fce2fedcf2bbfc0202150b3ee89efe68
fc8befe3fb62ef7aff4bfe22ff67ff9cfbcb0f150509f7d8fe3bfe5b03b502bffb57055915200135
fd970322040bfa220124fe790160fec1fc61f2f0012d1191fc33002207affa3c007cf9241df4fc3a
01ae0e120367fcd7026cfda3fd7bfe5efa89f99b022c10ea01420093f5a9fcadf8caede7166e0089
050c096001edf4cb0171fcc5018a002dfe24f46e04fdf55f00fd006bfd85fb60fc78f07107a3fe64
f8e2f2c7f6f103e8ff21ff12fdedfe74ff1ef5950a9c1445016cfe6d06dbf9c9f8e20da10ebffea3
01b1033300c702f1008dfdb1ff2fffa7feaffd32fd9c021301bfff30030dfd32fdd50229fe90fcd1
00270267feb5fd880106fdcdfea4ff0e0329fd7200ff01bd00beffca00aafe09fe03ff89fccd003a
fe63fe57fe70fd63fce5ffb9ff4002c4fe03ff22fdcb00d1fedffe8a00b0fee3021d009cfeebfdc6
fe82ff57fe0a02ee01a8005f00e5fe56011800f20126ff0e01db0302fd2a004a0275ff62ff3001f5
000c021bfd72fda7fe210187ff5c031800520329017dff60fd3f0202029cfda80324ff6500d6012c
fe82020e01f700c1002e0296ffe201b3fe3a026a02ba026efdb8ff5dff22fdf0ff190097ffa001b0
ff7f031602f7029101ac024bff6cfed0ff9d00470237012afe12fe1f011300fbff11011800740071
ff6dff02002600d6023301a0022bfe2dfcd7fcd9ff31ffe9ff85ff2900adfffc026cfe6c00380200
01e802fe01d5fd1b0220010c006afd22001fff32000b014e01e3025e012efe4cfde0fd68029700b2
fe27005c0189fcd000c9ff4bfd29003f0259fd9bff7afd95fde902ac0212feaeffebfe8d005802b0
fdd30141004cfe5bfe750293ffcaffdcfeaefe3d02b3fffbfe64ff17ff64ff6f00cafd3ffd9e0008
fffc024bffbd0229000e01fbfe70003a025c02ad013e0327fed10068fd4e0020fe0ffe5aff29ff4c
00c202c6035f00fe0079fe2800750161fe54ff5c00defe83fd3d01700266012b012b00d8020c01fc
010cfda2fcdf01f8026502f8fd960288fd6fff0f0149ff8a025affc8fe570292ffb700a2ff4ffe7a
012a001700aeff7800cfffb4fea0fdc702c5fd7c00b1fde5fff2fd38feeffde90013020400e4fefe
fedafd650163ffa6015effe40186000efd1dfe22fedefd1400ff010aff43fdd902a800cdfd41fed5
fd04ff0d00d20066fdd3fe44fd20fe1102cf0299013a01caffd202aafd3d01d6fecbff7f02310239
fd0afe35fe06024f0053fdf101f2fdfffdf5fe62fe98feaafd04fd32feb10039fe9902bd0278fe6f
023202f60207ffb9017c02a3fec6fe5e01cd0193fe40fdea01f0fd3e0249032efcf2fed6feb8fdbf
009e008efd79fd0c0057fda100a2002dff6e0322fef000f7ffbbfef2ffd902d501e402e4fd450169
ff18fc2aff4bff5700e901dcfcf0013602b301f300640040fd73fe55fe8fffaffe8efdc2ff0c02bc
00c4032a01fdfcfd006bfff1ff7e00baff3dfce2fdaefd81fcd100040104010902d4fec3ff2afdb0
ff4dfe53fe4d01fffecb0258014a02ffff38fdc1fdd3fe95ff2bfd16022ffcfcfe550013fe2d02c7
ff6f0322fdb10106019fff93ffb6019c00effd3802920165fe2402a0fd77ff60fd51fcdb00f10197
fd3efde2ff6ffcfb022ffd6bfde502570154ff72fd9ffece0258ff65fd63ff460233fe26fcdcfeec
03f10993f51d061cfd85fe5cfeb2fb01fe08e317f7abfed9ff940056f162fdd5fc5c03e902a5fd6c
168c15f0122e075b01aefe2b004dfcdffc90ea0ef64a0f0dfc80fccaf626fa6dfd52f96af8deff7f
149e009814991109fed7fe37fec1ff62fe46da55ef360439fbd0ff5dff3cfcb2fc14f0b804380242
0e9000b7eee80b80ff12fe62fca4fd96025fe4b3ede8f21e0207010c1268f92bfa0aef2f018101c8
ffd6fff2d9f50c8dfec0fc2efc3efb14fb6102b7f34af4b90005ff61e2effbcafdb0fa8bf239fd42
12d3045e108a13080165fc71fe3cfc49fa00ed96e22bf092fee1fe22fc09f9b6ff39e0f5f4edff33
0a060cb304381caffef4fb6cffe7feeafa73024e0335fb3ffba4fe7ef894fcb1fdb8e777f3b60220
1382fea51c9b0f9c00f1fd81fea5003efc7a06dd12760bfb013efe11ff32ffeefc9e04e6f98afcc7
22c3f2e005431b5d000affe70016fbb3fd75f7d404a9f8a3fb6301b8dc27046c05f505c7f1620066
1872e40ef049011d005ffb360065fd6ffa7b1f9ff5f0e2f9fef6006ce7b0fe560211fbf4feaffe44
0a0a106a187a004d00cbfb94ff0afb27fa710202e1ec1d6dff9ffdf5e39efa5eff15025b070d0196
0d7204340046009a01a3fdf2013effa5fccc0b8c090113e50065fc25e8c8fb23fd02f296008fff79
ff10fc6e0ceff958fedc016c009bfa5ffdacfc5e174f01ba020e0064f012fd91fcf81b8a0a33fddb
1337f9a4048f0f60012eff6afd620060fc7df91a01e5f761fe6100390f05019fffccf966fce00040
1b2edd7a03f501c6ff6cfd84feabff34fea5f8cff25cd38cfe04fdb3fb8fff21f8f7f900147effaf
0a4b0f8af266fb16fd8efb97fea4fd03fc0f282ef15200e6ffd5027bdbd1fd9afe610f24efed0044
fb2b0e7df78605da0124007fff0f01bbfbab1928eeb00959fc99fcbf0856fc8afab20f38f927016f
ff5706f1f3020a4f00e701b901780195fd3cfcdf0137099d0325fc0b12daff7ffe80023ef1b6fdef
fbc40a6cf511fdff0195fdf8ff23023ef9e6e44aff050500ff9effe805d6ff60fffd05c1fb4f0343
f6000541fdbcfe7efd22ffa1fe3efe59f9e6e90df3cacd0afe2f01cd0020ff6e0059fd330a62fcbc
fbbff2de1d3e09880166fbf900bdfc2bfa8a183af7ddf7c5ffeb0094ff43fab4fcf5fb6a036500ca
f9ad0c7f0a5016d50026fe32fd7cf844fe7bf4d1ed3cfbe5021efd2af9ecfe0dfdc6f33ff4d30010
fa750606eed2069101e8fcf20137fc2dfe55f783f40402ce00bc02ce0e32fc79fe89088afd2401f7
f8e8f7b8fe83f4cdfc06fceffc8ffc42004d040ce919fe8fff0f004708b5fcfbfe6d12ddfe270327
f4c2fb35fe1b11e1fbbcfd95fd04ff540095fc48e7c9efddfce9fefa04a7fb73fe9df28bffd5fb30
03c807a7052610a2fd96fc0d01e4fd69ffef0a0e0ba8f847009effdef017fc9cfc00fd0f05b00032
fb5bf2690035f8f5fffeff3afd0bfefbfc9a1e700bc407e7008eff5aff0c0136facd10eb11fd0318
ef8e14ff1544f9440091ffa4fc6ffc9802261f350e31f7b0ff960015fdfffe48fdb9094a025000d4
d807134005ebeb8901cafd87fe52fecaff2b1f6bf660f3fcff40fbd3ff49fe06fdbd0f10007dfc62
e2460d7303bdeb40fc2cfb850035ff00ff2e2494fc0b1365ff52ffac1f19fda8fabc153d085200b2
fdd1f72dee9e0365026bfeb3ff42ff7cff18009e00de0097fb60fee1fc65ff8001f4094801640081
0bf8f5790854f27bff68fc8afff2ffa5fe551db1fa95fd8001e9fd5b0beeff9d042619410e3fff45
06820af20ab206ddfe92fa9f00f1fc59fe8303dff557ebccfbedfc260d6cff58f9f71720094c017a
05eb155ffa12fff001c3fec4fc51fb5cfeb20f95faccf8c5016cfe270d310006fde70bb2015dfe24
f3670d49ed5a062dfe40ffcefde2fe76fea2fc7d090d0aa8fef0ffac0e14f7e9ff9b1ffaf2ca0122
0c43f86efeb005ee008efec6fcd3fd29fd8af8c6fd02fedefbcdfca90bc3fc8ffe08f2cafc7600f0
1314e4c809840489fdd0fa66ff83fd950194ef1b0d6906f0fca3fbc10861007202b5ff990fb1fddf
13dd0a9a1327153afed3000000b5fc20fe0ff4e301b1fa0cfd13fbbe1b6a0044ff5907d4f45302ab
f7d80244ecde108c01d1ffd101d3fa9efcb1fd2b0837eb4dff99faf71539fa3effc80734ed82fcad
fab01a6aee9d1b23fdc2fec4fe2e027a005eef07f2f5f774fb7b0036f0ecf8b1fccbf20bd0a0fd9a
fbbe02830a64eb5dfc10ff04001bfc650012fea1f94efb8afc6f00b4ffd7fcecfed5f9edf1100047
00e3f1eb02fced0efec4fccffbedff2e0046f56b03100d06ffeffc960d4efbd5ff1af658f4e50262
05f0ff1d003b07b8fd6ffc3100c5f822fec3087501910799fe5dfd1b055802b1fcd10689f7b3ff2e
f730f856e91b107600cdfe0900e4fa17fdd60a3404c3db91fe3efeec0eb3fd4ffc82efc7e9e9fd72
dbe81844eb0ff1560210faf8ff5afabaff3001a70ed9e42dff7a001207a20009fe0bf4d6e9520374
f9a71cfc0544d071fefdfdacfd3dfd02fd5c0ce804100016fb4afe3c0b1efee401dee9d0f78cff07
faa30b4218b5c10f01a2ffdf006aff99fbcb10520ab3227f0015fe591440fe63fdaf0cc40917ffbd
e3251517fb3fd25c0073fc37fb84fdd1ffbe1674fbdd0c290055000f0349fb48fbb2009a061cfe36
f0b9fab30959e6f4002efadefce0fcdbfd9b0f79fdb8ee68fd0efc220da6fe7900e1fbf3fe61fff9
053d0634ffcde92101bffdd900abfe13fb4908e21f11fc5cfef1ff751a80fe8dfe23fbe3fa340188
086f17360083f630fee7fde6fcc10387fec9fb3af938fb2dfdc2fd75032afdf6ff4009de0b3a034c
f4c7075102de07f6fec4022301220170ff1d025be651eb8ffe6dfe460454ff1901cbfdecfe4afb95
0051026d10620c3ffd810082fc4bfcfef9e7f8e30a60fad9003cfb6b1105ff52fc73f20a0bfafcf4
07960606097f0675fd46ff38fc7c01b5fe36e9affa58f8f8fd71fe060df202d10182e7e0fc40fd36
12190bad128804e1fca5fa53005fffea0260f04b0f010c9801e7fdac0946fdb5fba7f53bf967ff5a
fd9ffd0cf785fe06ff2efcedfdfd0074fec006a6ec8cfc79fc49007b0b91fcd6fa5b079804a8027f
e1d80761eca80c5b00b50098fcc6022dfba9ff88fafdeb7bff8efdc9fc83fcea005ceb44fee500cd
fc3801c30c4af390fe1bfdc8013ff992fae907b701e7004a00d0fe1f0244fa23fb10e9cff893fc94
171002c2f71ffecb00f3fd8d0219fa57fc80f98a07f40bd7fdd5fdd1f4d80285fa85f83ef652002c
04bf0edbec3d090ffd75ff49fd73fc32fd4ef000f5120d1b01ec0148ecb4fd36f9e1ee190529fd32
f8fef059eafa0ac3010d0073009dff52fd98ff85f8edee950089019ce935fd4dfd940fecff52fc7c
ee5005f2e826f825fd89fde0fe2effd6fd6304730afaeffdfc1effcaec4bff0bffe2fb60f0fcfb00
0bbc03210783ff230132fc96fc1e0065ffb8f923178cf6740146008bf44efeeafe750e18f1ea01f6
01dafd3605d6f4610067fd8700300071fd71e21c05641853fd9ffb40e946f86f016308aa0734002c
0a50d488001c00ae01e2fcce0117fc5f0120ecf3f60d16bdfe58ff3b000ffec900570bfa13c6fb3f
fca6f627f4aafd94fdf400cbfddafe96fc280abe100901af0172fd18d7010410fc1e0ec508affca0
0a660cb9fd5bf524fda7fbae009f012afc28025114b0ffee00f9fd00e7ea0597fc1f00c4f4fbfbe9
f6b208a70eb6fdb1fc520146fe14fb19fe8fec010cd70c39faed0086f9040277007ef8aa0105fc47
0de4fc562243005500acfe97feda0056fd03f9b906591d53fdf0fcae033efd69fd1df8ba18d102b9
0d7ed4030121e037023f021a01660123ff29001ffc571e04fd1901840a7cf927fbc5f513fe290212
05f4ebbf0c4df51eff08fd63000ffab5fdd5f411f004096bfdd2fc5ef7f3fea2f7b7f507f088fe6d
01b8f8f7f989fb94fcf1fca6ff43fb97ff0afbebeff304040174fbf802b7fd8cfbb6fc63fbebff63
f30fe961071fff4f00bafd67fddcf97aff5ef7acfa670c73fb6800750d21fe96fc2d00c4110bfe92
07f1e1d607840783fff2feacfcd2f911fd85025802e703e7fd1ffc2505fbfe490075053e0ceefef9
00bbe919faa300890158ff1ffc82fad9feb9107defabf3edfbf3fea5fb1bfbb1faebeaf9e448ff3a
229904a2ff11e5c80083fd08005dffe9008ae7bd087a0ce4010c0179ee15ffff020a13d80886017b
197a02e6fb16f280fef001b60041fff5fe46e196fb4af7abfb8afe06ff0bfd060177f299ea69fd4f
2999eb080357ff1c028b013c0118ff33fd1bf36fdc2d1448fd93fc82fcaafbdb00d5e0d9e652fbe8
337ffdcafec7065cfff3fd41fde3019dff9b019bfee0f4fbfd0afd0bfb75fa9500231887e59eff01
12381097201cc6d00244fcce0158fe8302170474fcb3f8d5ff460085f659008f01ca0b49e6cbff86
0cb10d94da4503c30287006602190378fd7f076f0599f99c01240010192affb8f7e80796f32f006a
1b5b108f0d86fce60094fd350069fcaefe74fef50896fa87fbe5ffb4064a0234fc43e842efbeff15
1a11f4a204ddef0600500097fe74fe39fbfdf83cffe0f794018bfde8fb42fbc5fda3ece6f0d4feb4
09560f17047af3b0006afdf40136ff40ff19f95efb7fe5fe01910053001af9c2fc5cf66ef4e50028
17b50837f96cf943fdb200a80268fb52fd54084bfecef36402bf01dc0671ff49f8870ca8ed1e0060
fbcefd33f1d406c00229fc79019203c6013d11a7098b09a601210016fe40fc8dfb47fcd105fafebb
fb8e1b3a0d35fd4d0047fd92ffb1ffc6fea10702075006bcfc8bffb0ff7efc6d013802a2ee66fc70
0dce028200acf2950019fe15ffa7fafcff260ee6e7bb0071fdd800da0439f9f000b1077806560087
1790fe8008b30865fc6afcad01aafa6dfb9b0ceaf7fb0579ff8b00d9fabeffd7fb0f04dd1970fc09
1afd174fe4590c06fd8d01bdffa5fcb0fc181a80ec60fe510066fcdefca50312f976f4390677fede
f4720a710fa7f7e8001701690194faab0173f4d4ed15fb9200050016ff12ff0afa31083109e8fdd6
004f0e0a169f04a6fdc501f0fdc5fd54fd35f48cfd59058efcb6fb060dfefe7a032311cc0a99fc90
12f0eb850972facf00ccfddffceefbe8fd8b07eef305eb150020fe87f67cf975fee50db1046dff19
10d005ad06bffae3fdaafe8a0124ff82ff4dfc8deabaea5efe03faedfc25fe73fde107d21a79fbb5
ff3b1c1de55607c2fefcfdfdfdd7ff85000108cfe2690f1f01cffd42ffd5010701e7f3690e96011f
e9e9024ff88a039e0073fedbffc1fd040106fa8bf732ef07ff40fc0422460368fb430d6f13da0303
0210f3c60dd50ad0008100990270fbc30134fb2bf8d1ff7300e300b615eafe200006138e032b014e
027af782f8a9120d0133ff26fcc3fc13fdc5f7520976e4660054ff23042800f4ff4b099300edff39
f486ffeef65b15d40247fd75fcd100bfff6f09a9f687eb420087fb96f1210289fd19090afb930174
ff71fee5f1e21e70fca3ff86fcbbfc9cfde4f8d807560781fc3c00920832fbc3fef8fec2e67efe11
c21702d9d350e3cf01430060ffb402a6fe420b1102e70b15fe6ffee61820fe8afabc0175195a0333
bd3508650096f5ff0192ff5dfc7c0046fca3060beba1f923fd9500341501fd24027f0ca50b2d020e
dba70a21f60beec000eeffd600b0fd8cfb77f138ed4cf9c6fdcdfd1a170fff11fdeafd7f1aff015e
fe0d0efa08220238fc93fefc0156ffd7fe9ff6e9fbd70fd9fc36ffdb10a2ff8efd8cfa54fa58fd69
059e058b027c0dad00e4ff56fefdfc5dff07f195fb9503e9ffc6fec80567ffe7fa9bf329077c011e
ca5cff65d207f507fd71025bfe5cfff60116141800290ccdfcccfdd9106cfdbcfcdb1d9400a8ffe7
d4de01f3e9e4fc0affbafea401f7fc30006607e8fd80f90e00ddfd05066e0301ffcd0eecfccefced
f70a0d38e81cf240fdd2fff000b20000ffbafac1f5c2f528ff05fdfdf77bfa770196f093eda1fc69
ff3d0851ff46eeebfd37ff10018a014fff0bf66e044d029cff4c00f1fb4dfd89f9aee264f110ffcf
f43f11e3ff471637fec3002efcf6fe7e0033ffb6f6130f8a01b40112f5e8fca0ff62e20e03150004
eb7cf776e0b4046d0240fe9300c3fff5ff4d180614b6094201bcfd1c0805047bfac410e408be0267
edb710ebdb2801e7001cfed3ffe40000009f0a74073c0ea0ffc7fc1b065f0097ff19f1b5f12b033e
06cf12bbf287ffa5ffa20000018bfc33fac3016cfbc3fd8a0132fd3c031efb31ff3101ace3f1ffd4
03fbf0610b90e9bf00e5fd620042fabafcf8fcd80b71fdbffdf90014f3f5fe2afb33f36efd6cfe5f
fdc8fe2407f0050600f801d2fdedfcea0059fe8f11880d5e00f7ff920ca4fbeeff2ffc91fe6ffea7
02a7fe2aebc8fecf0278fd390156faca0044fcf10c12f52efe300035fed7fd17fcb400e1fdaa01d6
035906d9ee3ced84fdc1fc460218fc24fddffcd2085ef11dfecf001ff91b02cbfc83fc78f7a7fc9d
0bdaeebd001bfb92ffd2fe040089fe2efd67fe63176de9a1fe98fbe8f9e4fe89ff1ff917f92dfc13
10e6e2521576fa440168ff6afe09fc25fedb04e0138009ccfff4fcc6f031fdf2fd40026f1862fd63
05cce6e20c37087d0247fc7bfcff00a3fbcc1e8821cb17a8fe00fba7042ffbbafc56040b0a9503a2
0acef5c7e3a4f3eefccfff7e0093fb83ffb8f132fb580291ff6b012df0c30018fc5bf9f0f7fc0085
0c82eaf800b8fdd2fff8f9e9fd59feea01d3ec30f7af0b49fe2efe7d0ab5fbd2fe4508a40cd00214
fb95d959106c0205fef5fd72fdd1fca2fc0afbd905770a9101b6ff0b0a420335fda70d820e35fd58
1a56d5d80968021dfc8e0080fb65fd33fc0a0ad008e404beffab0057047b04e7fdf2fc9f1d9402e1
1693ecc3004b041e02330007020d015efb690c3506cf04b4ff08ff0209bafec30104f39bf7c7fdd3
03b607690bc21071fed0ff0cff8c02c4fc0f2306f565fc2aff4c00990e4dffc60008041e10f5fc37
0f5703d109720fbc01bdfd17fd56ffc1fb041326fb51f9f9fc7f02120427ff0fffdcf0ba04cf000b
0f6afc01086809e1fbeafc7eff3cfc50fcdc149b001ef8a1ffa5fc06f7ccfe0d0122fe3a08d7fd14
06dbf79a055b0856fed3ffe0019cfc9afa390f3cfe07ff34fcfdff5efceaffddfdeefd7e0e370083
f79b0b6200de0ef6fd1bfc03fc94fa23018a26f4077a123dff02fcf30b91fa8100a1f74d045bfbeb
088ffb33f0b80946fc05fe69fda9faad01caeda8f6e2f229fb6a014018b802e2ff4c01a90464fd53
007cfc69f46108c2fe6c002bfd7efe30ff2503e8f3dff9b3fbacff2bfb170237fa2701a2041aff70
0358fd37fd180c1cfce6fc56fbdcff5efd02f915fd4bf0fa0158000ff7330154ffca12230750005e
fde3f1abfc761015018ffcfffb38fe06fe47f795ff7efe8ffd7bfecb014efcfdfcb800d006a2fc7a
f3e1f878e9c20c8c0051fedc0083f96dfe5f03bb00cfffe60056ffc5ffeefffaf9b8e323151cfe20
15a2fbaf096d07c800f3ff0b026c01140139e00bf0def30b00f8fe20e3a702e40104f41feefaff55
fc060b8a08f503b901f2fcaefe56013cfd5fedd4f4540343fedcfe54c2030345f9df0d140188fdd3
fef8028c0a9f00b7fc0cfd99fd74fe22faaff0c8fc28049d009afafee44403c20233154c16b502ee
f22c0cc404ee0324fe19ffdbfeacff33fb9cf4760960089601a70031f98ffee6033e0c651808fcb1
f7b9e801fbf2f46b011ffb0dfd4b01ccfd30ee8bffd8f650fb95fbf1063c003bfe02f3a40b7402c3
09651d070390070b007800410127002400c904b107baf96e0161fd73ec5eff3c01ecdddde2b8fe6a
025c071a095b0211ffabfd23fe9b009ffe6cefb1efde06b8ff2cfd56ed81ff5df6e4fd430984ff3b
fe340dc8f7000d41fd87fee8fcacfcaffae9f895fdcc127f014c01cafda4feedffab037d0a8cfeb7
022500edfee2ffa7fceafe2bfb88fbb30129022eff7603600076010de889fea3fca80d8cedb80067
012eec59fd6e0632fdadfd14fd18fe46fd66fcbdf596ef8c0172037101befa8bfab1f58afebd0009
09c502f6f0fdf99dfd37fc260008fe54fe71f393070ff67ffcccfdb608abfec0f7f0d761166cfc99
028bf8e5f059051b0057ff5a0033fde5fea1f6ddeae00b270158ffebf3dc0021f7e2e09405c8fdc8
00ffebdefc7c06cdfe34fb10fc51ff99ff430ccaf5210648fc7ffeba05b1fcfafaf0e813fcf6fb27
000ff458fe3d1052ff66fd67fe21fde5ffddfe9bfb71fb05fe90010dfc46fa86fda908fa0936fe49
f310bbbdf9c41980ff8d01fdff3bfc1bfb1a01daf2e4e109fda9fd100b250158fe9e01870e3afd5c
fddc07ce02f0fdf2023ffc9ffc32fd4500feff82f30b0aa6fe6bfad4f009fb29ffe1fd35158bfd60
f94e03cd18b22053fdc7021e002efe47fdfcf95cebd9f170ff5e01e5ee4d01ce0121f03a1a88fd9e
0aba0cfa2468109bfd49fed6ffc2ffbcff81fb0efd50fa55fda4fcd600a8047bfdd1080c105a0078
2647fa8f0e88fd18fec3ff0e012b02c2fdf5f859f587020dff3100aaf9bb00a605e30a6703e3feb5
214f12b70884f608fc4300cb00bdfe61fed9e1be0479199cfda0ff12f152031403100007f5c00152
0aca0c9408000933fe54fdbbfe980249fdd2ee40e516005afdaa0029f8c7fc1300c501b21d6c0032
0b7d0b8ef72713a3fcd4ff21fe2efe94fdf6fd1eff1b04f3fd8e009df1cd02d2feaafa53fe9efe68
1fd50cee0eb007f80108fbc10149fb95ffd6e8e00d65052f018601e1f8b101adff55f5b0f5d2ffc2
19a7fc1e06f00a2affdcfc390150fd90fbb4fc0c097b04f2fd7e0256eab5006702980180f325fd48
13b002de0dfa081efef5fdabfc61fd57013f0931fbfa02ebfde5fda8f2a1fd96fdb0e488e95e00fe
0b6b02a4f0eeee31ffd8fd77fefe006101d20b68ee741488fccaff97d10cfcf5fdc2119306c900f2
ebb70c4fece00349ffca01a901e7fe83fdf60c8ef5a405ae01b2fdd9cd4bfd69febdeca0f1f1fcd1
0793f2860431fc990194fdc7018efd4efa82f86b13c806aafc14fc08f76bfb4df840fe6c04040072
038d1348fcb30e6afb74fef5ff2ffbc0fd21e4afff8e1975fe1afc23fbcdfef9f9f5f7a80faa012a
1064fde50511fdcbfd3dfc650182fadcfc2bf359f8cd026dfdcbfe840e070197fd06e90c0d31fd59
f5acf5d7f479ff59fbd0fcf3fc5c03ae01361acdfbc5f2b2fd09012fbca90008ffd205b0f81aff7d
fd2e017608780cd20196018b012000ea009616edfa65fe5afd5c0120e673031c01ee02f8f17cfd5f
00e3f65906ccfd56fdbe0256fdfcfd5dfcdaf7a0f5501687fbe9fbfd065b00e2fe16022feece01f3
02aefee2092d0256feb5fdfb019f00510030eefff9e71d0d02d3ff9e0f2dfe59fe0f01f3fb86fdc9
ffdf04d509b4fcccfe61fd7dfef0002bfad8da0de46bfc2efe6ffc4313be0053ff0bf7790742023e
fe4dffbd0b440638ff45016ffda7ff39fece14f8f356ee8cfedffd8c0144fd3d00cc003efe62fd56
f80b08af07f302c70083002bff1cfa58ffd3fbdbfb25f24b0022ffa5e680fef9ffcbfd50f0bdffb2
04ccfe1e038b067bfebbfef00054fa6a000dfd19ee4806e4fef4fe7cfe6afdf1003aefbbf95cfc85
027ffe9e105bfb2bfef2fe07fe34fc40ffcc00e5eaf50d13fe10009603f0fb03feb3facc0545fc91
eec6f3230203ff05fe9bfc32ffe4fe3afb29f1aff07b0350fc690143097dfa5bffe9fa3001740166
fbc1fcf5fcf9f556ff32005b001fffbd00f22878faa6fc16ffa0fe6401dd00c4fed7fcf40384fd8c
012bf55b1631f30dfd61019afbd9021bfbe00875fdc904bdfc55fd000fa400e200b6f7a6ff2000c8
0c8402d4fea9081cfcb7fb04fc2dfc6bfec0f9f8101bf9a60186fbb50749ff1aff46fa71fc08fd02
1bf212f2030d007bfc3afd99fe61fe1afcb9f577160e011bfefc009e11acfdecffa2efdffe3bfc21
1b1b135022290821024efe73fd62fe5d0058ff6b0a1c0eb7ffc800250d91fcaefbd5ebb7fb3afcea
ed60fb0b1070027e01520174009e0269fd8f0715eccfeebc006502160e960090fdc60f93f989fb4c
0965fa5704650abffe1afe7cff82fd58fb23f2f5e78a006a00f100710174fb96fdebfcd80a220010
12f6f25900f40b96fb96fa77ff81fff2fc0dfa62feb0fb73fe30fbcef327f868faf614160ac8feb5
0b37ff41ff51faccfce6fc4cfcceffc7fe41eb820745077700e4fe5efa5e006bf913f3920408007f
104e06ce125df8dbff3dfeb8ff35f8a1fb610911f55d1516fe20019c0472fc57fa93efb002e5fc38
fe6be92ff9d7f9abfbf601cbfdfefdf7fdffe541e82fec9b009afc990615fd99012b042ffc020131
ffe1f90f07310b3d01a501d2fe47ff9dfe0af466ed41f1cefe98fdcaf3fd00eefee5fe0a00aa02c3
f475fd7911bb0196ff9dfba8fef10082fc02ebd60da9f8fcfe90faf1ee2cfa44fcf9066302ddfde8
eb7704ce0afeffdeff6a003ffd68ff86fbf4eaa6fcaa0b7efc12fb17f214fe29ff25fb380a1102c4
f431fe180a7ee84c0153013cff5f018dfe75f4a1ff30fbde0184fc13f748ff27fda2f8bc0fd2fd65
e23301b2fc10056cff4ffe6100ddff7afd13f028f8c0f038ff9cfec7fc0203e4fc730e9600e2025c
049be75f04d2f97cff68fc5002aafeadfa4bf136f891f0cefc49fedaebb20023fc5703b3fa8f01c7
0256f4a103260549fcdafa110054fdfafb91e4c3f44e09f1ff10fb8bf432fe8d022c05ec13c8018c
ff5f105c0667fe21ffab00c2ffc7fecfff03ea7cf7b50930fdca024bf6fcfb03fe5902dc1bc8fec7
08c40eb50286e9a3fc920162011dff5bff8dfd380626e585fdf4fca3fea9fdc6fd53f34bfa72ff4f
f857f709198fe76fff0a01920014fcd1fb72fa3e0804ff1e0079ff27f673ffe2fc38f267fdb6fe79
0a33fd030d88fe5801a4fa97fdd4fce3fd44e70d01ecfec6fe0500c5f051fec4f9fcf0f8ffd0fdbc
0703ff8a057a04f000bf0197fc50fa7afe49ec81f3122111fc28fe16fb0a00b4ff0bf99815d8fba1
047203b2fa6aed4b026dff38fe0dfa42fbd4f507faa1135900e6fe8e0513ff88fa18efae1306fc56
fa071145fbd6fcd2fdd90081fbd7fcf7ff6b077400920e72ff02fe21f2710013fa17fa5ff7f60041
02b3fb2f00f901b4fd1bfe82fd83007502e3022302bc01faffcefe32fb18021b0176ff55034a02a0
02b4018d01f0fd7bfe50fd0f0250fee8fed002eafd7bfe36017bfd80006400f1ff2a019002130212
fff402b2fd75011afe21fe8f00c100dd029cff1f00fdfd81fe73fe68009b00cefd9afe31fda80164
fb7cfdceff850361030d020402edfef302a1ff13ffb8fbd002dd02eeff8e020d0056fe3a01ca01f1
ff3fffcd0147003500f900c8fd8fffe6fe1cffe803c9ff53fd58fefd013102cf020b0116fcc7ffca
feba004f01920092fe54feb2009afce6032efeaffe57fb760288011c0060005201b8fe81fd48fe0d
0147ffd8fec8027000e7fdf20109021c0332fb86fee60003fd9cff0aff3afe83ffb90123ff92ff0d
fd050009ff10035e009302e0020d0207fd4101450468fd6500ecfd20fe44ff12fd8700effc2a004c
fc50fddb01090001fec400e5016201eeffa3004500c902be02c001aaffa5ffeeff38014a032dfee0
ff5802db026305c4fd4f02fc0330026cfe78011e0201fd950004014b01720306ff08004900b6fe4b
0114fd48fdd80035023b00dc00db0041ff3d005c00d5ff39fdbc02aa015a0035fe7902d5ff42008d
01f9fdcb000b00f40308ff33ffc5fd0b028efc750024035f0349ff03013502d1002a012601cffd10
00c9ff5dfecf019500c8fcff0158ff9e029efe330128fec5fe6b004002da016d032800e4ff14fe69
01c7045afe4d00c6fe3701e6fdbdff480278fdaffe44fe890100026d00cd000e01be0139fdbd0043
fe46ff6d033800c8fd8aff9302c0fe42fe99029d010200f501affcefffecfe3f01630389fed3fe04
fed4fd910026fb51fe7702e6ffe2fe9901550224fb2afb6fff17fd62ff75011c00e40293032cfde9
feef01bc015bff96ff1601aafdb0023e020100e9fc7001c9ffaa0015fe240016ff9d0244fcc10134
013b017c020e027afd0b00760290fd91ff26fe1300110044004eff720030fde101090001fcf5fda0
0102004c0096fea201930080ff78029dfd39fc7eff5ffb22029cfd560067fd58ff5e0162fec70118
013c0114fdf4013bff73ff2fffeffda4fe03fe1ffe6dffa1fd540219ffe5005f005c017a012401f7
fe03fc2800baff90ff9ffefdff700303ff0ffcf0016e02c502a4ff5b01c4023b014900f3016bfdfa
00aa01ba033601b2032aff35022afe8aff3800eb005c020efd12fe57ffcdfd61fea6028800d801b8
01bbfcddfe1700eefdcafd5702b1007a030eff200376003d012eff4001a0022efddafea801b40222
01a502f002ba01a3fe44fd87feacfe35ff1a025902a202ae028afe62ffa7ffe5fe21fe54fdbffd16
ff3a014500c0ffb20320ffd70127033c0195fd5a017dffda019b0194050f00b90059010d02e20318
0313ffc0085f021a01a6fe6f01d6fdd1fdaa41f0ebf60c2bfc4b012bfefafc0cfdaf0ab9206aff23
117b0b350a8ff9c8fd5f0199fd5e05bd01f40ce712321637fd35017cff8f006afb01ffa1fd91fe36
198604070533f0eaffc1ffe9011801dafcfd0630efeefacdff43fea00565fce9ff8908fff827002d
14ee03330904f2d7fcf3ff70fb3afdddffe7104dff28014c0006fbb8f74a01560348fc02f7a3fd24
f7670ee1fca2debf01c6fda7fe5dfd52006013990d9800f800fffc93fd0cfe79000e00b2fcbbfcaa
fea9031102480181ff7afe330286fcf2009b23ed1a0ef8affd06038e180e023cfe7c10c6f5c9010a
07b5041705f703a1fefffe11014cfe38002d192af86d003cff41fd94058cfe5efe58e647067aff96
123101a1f82a0939fc8800f1fcccfe11fceb0f7affb30aad011ffe56faab03490203fba50588ff5b
0d51f8b1ff09042801eff9fdfe44fc22fdd1fbdd19b2dec2fc730055049afb45fd4a087b04f6ff8c
0af306b506eb03d6fd2c00deffd000af009e06771810e9f6fd9dfb390fc5fc67fe800121fee5ffc8
02430c82dfec0629fddf01dbfe850000ff3000992026e5b1fbf901bd0213fe2dfc16f460ffab0073
028000b61059f992ff9effaeff49fb1dfdec01a6f36ef6df008cfc31ec060059fac5f9beffa4fcec
f992100800f30b4e019bff9dfe5d0234fdcff387f0220a1afe69fbb0f1dffdd900d9104d1ce3ffbe
03f0050517f01effff0fffb6ff75ff38ffa80417f7c3f934fdd4ff2b0d6ffb68fd2307011787fc52
f11c0def04700d20fc89fb2cfc5efedbff34010d14ade1d50167ff610895fa3efb2a0206067dfaa1
fe3a0429021bf825fecefe8e00d7fd54001e0204fdc6f224025d002306c3fc21fc58012df4950166
0025f4600285faa8fd14fe60fdaafce4003fe8faed4e0027fe3100bbec05fc61fcf20cfcf6a8fdf0
ff110269fd1e0370fdb4ff7fffe4fb05fac9f6f4f0b904df005bff76ec4c02e60025ffc909180298
f7f70462fb370c2dfcd2ffbffc4ffe12ff7701130b0ef292fcd8faf5fdbefc81fe3004240e43fdcd
f7ae082febc50e9efe2d0316fcc1fda3fcb7027a0426fbf1feddff20058002e700edfa6bfa66feb3
f4190980040ae91bfce600b901c0f9e4ffb322f601a5040cfe28ff721d3bfd4afd5f0ca0fce7feee
f6bd0b45003fe6e2feed02860148faeefeb3fde3ef15fe6dfeea00e80553fa98fbf6089b17f90154
f8560a14f580f485011aff96fc2601e6014afac502e2fb52fc80fea9f63700fffe2b0f111608ff1c
03a4feb10153fa04ff47fc5b012ffc52fa6c027a078f05ee005f00d5f2e7fd23f76606ab0582ff51
f3d30b3aefc6066fff68fffcff770074fe2df865069113dafd2afe0c11caf7fffd5dff540125fe1c
0153e41b03af00c8ff080120fd350c76fb240007fe33007301490d74ff9bfe3112edfd83fe5e01a4
0140ffe3f189fff0fcf3fb3a026ff0dcfaff0031fdfcffa7037ffd85ff5401eb0fc8fd01f290feb8
00e10ed6ee87fbfafc64fc4afd47fc17fb82fc67019ffdc600afe7b6fe2c12b805e10a4d02530095
01ac123cfeeb011e022cfd05ffa8fffbf395fe1efd50fca4fbb7eaecff5de0cb0155f86e037c003b
fc1d037bff64fce600ec0181fe95f8ce0916fe2eff3efe9efd1afc36005edf97eb6608d5fe6d031d
fd02dd9401feff9afe14fe17fec1feb401d80088fe41fbaa0141007afe9f0bb7089f09c4f8d102ad
fd8501e8f9e8fcadfc7dfda801f9fcd2f28c0135fc86fcfb017afd05fd9efdde02de079df0a4feb1
01020820fed9fc41fdbcfd1300880406f3aafda3ff30fba2fd25f0ca00c6f5780560027407abff9c
01ca13b1071ffc710281fd7cfd1b11af0879fe93fcfdfac2fe1cf4a5fd7efc79f7acffb811680105
ffa2016cffcc0059fdc9fc720088147e1738fde902a8f9a7fdeb147efccd0709c7d2e939163ffe7d
fc7eff34063cfbf5ffd4fc26fdd9f378ec6a0120ffbffee9fe0105cdfdbafad9f68b0a32ecb300ae
fdc9ed0f0f6dfd92fc79ff23fce90596f7b9fee0fed80017fd28f9a701f0f4ce0461fd88eb2f006e
0028fc79226c0165fd67fcc4fca504b0d577fc9b002e01ac009013a2fc29f7f801a1ee57e1b7015d
fd9615c00677000aff09fe5f02081e6bf9f1001900e300e0fe7009bc01031b11f68afb73f056fcf8
fc840bb309890050fc9efc2a019f0f01138c002ffdaafeccfd141badff480944d839f5c1f5e0019b
015601a404b900e500e8fff2fde705f7ffc8fe2aff50fd4efd1cff88007af32ffa1e0866fb5bff9d
0085f7ff0574fe36fc9ffff6ffd908c5f88c01e3ff58fdae00dc026bfc47fef7027efa670001ff42
ff3cf38f11abfcbbfeda007efd740821de6b018d016000250122093eff7f06d9feb808c6f2e8fcc0
fc9e09660359fccbff5affa6fe3501ef0600fe9cfde3fd46feac091cff830e36f30c0dace7c7fdba
ff920315172d0082fcd2005cfeaa08ef18ac0073ff04ff09fd050316fc7df37d0118f89ce749ff9b
fc06fcadf8d1ffe1ffe6fcb500a8fcc60360fcdeff25fd74fde3f02afdacfef2119013d0f3bafd15
fd97f2eb0196fef0003afe11fd9afcbffd9000960158fed3fc6befd3009d10b9fc1ce7c2135cfc3f
fd34f9fff0b00188fce6fe38fcdb0d30063afcbaff6a008afb58dc20fe1f007bec47e5d6075afe85
ff82fc08f56701cffdd1013600841f661508fddffeadfc710086e5790147f6d60336fcbd0d04ff9f
005af0840b7a0238ff8d00e70215039810ac02b4fdd7fb44fd48dc28fc4af20006ea077029c80223
fd40005aff7ffd53033101eefe72fdb400f3fdaa00f50283025a02e6ff1eff5c030cfea90284fffa
ffc1fd98025a0234fff1027a029000f3ff5e024a030fffdbfefc025afe58014ffd25feedfcac01b3
026afd95025efd15fcdf01cbfdb201cdfea5fd3f01f40021ff3802590054005afec5ff6ffb7efedf
ff8201a1fd9cfdb0ff62fec3025cfeb802b5fd6bffebfee7ffbcff73018b01c501f002e0ffa60139
028100210080fd2c014fff05fedb009a02b0fe6dfe25fd16fea5fffc0007fcb1fff8fecc008a024e
ffa002b3ff5d0265fd3dff7cfef70154fffaffe6fee701ab00ccfd4800fefe71fc7d02e0035f0008
016eff95fdb702ddfffd00a00068fdcefe10fd5600c7024800c900f4fe42fd76fb3afd68033501bb
fd45012ffe66fd300313012dfce201a9feef01ed01f80113006afc4a019cfe02fdec0082fe96fde8
fe5a02e7ff76fff8fd80fdf602a3fd920208fe4f014600cdfe5dfe830269fcf8026cff8bffe7ff71
febfff86fc6700de02e00057fec902eaffa4ff2401b7fe030174fc88003aff56fc37ff69015efcdc
fd6301c400920132fed2012ffdbcfb1e0023fe3cffeffebefd07fb95020800b30047fdd9fffb00ce
fe8a01befc270113fddbfdc3fd35ff6efe76fd29fdf702de008dff15fcdfff4dfe98001affa8023b
008afee506150053fe75fd55fd23fd98fd970227021b0215ff860285009cfdc805dbff62fbb3fed4
fd1002ceff79fd18fe5d015100dff9adfd5702aa032dfd49fdd4faa702e4fc8ffba4044c015501f8
01fcff830430000b0062027101d7fe1afd4dfee8fe07fe0aff2ffbb000b4fed9ff77037dfd0900b2
006cfdeffc7efdaefde301fdfe48018cff65fdce02c9ff35009efd42fda1083afcbc0129024e0268
02e502b4fef8fe76fd14025402310266fd8e01effd7a001dfefdf9affea1ff53f93efbbb007ffcd2
fd1c0018fd80025e007a00cbfe82fde3ffee0301fefffcf302fd011b0115fea90147fe590206024b
ff84ff3ffe9300f7fe3ffe4bfd12fd24fedb02b0ff90fd8bfe9700b6fd48f9e4017f0144fbe9016c
ff7afff7fffffce7002b015e0119fe5ffdaa01a802bffcebff4000f4fdc1fe5dfdeeff54fcf10110
01eb006e026affc3fecdfdd701fa0507feb3fce8005dfeba0312fd7400e8fdfefb37fa69fd21014a
0008032b0155fe8effba011401f901cd034fff04026aff810289fd6202bef9b1fdddff1cfb53ff08
0073001e016c018701a7027c017502f9fc82fdc90180008601b3fd67fd0b028b00de01fb00940275
fe16ffb900df02960038fe69002efdd301acfff301e0fffafd61ff41021effb5fc97fec4feb601a5
ff7e008b030d00d400a3fe5dfe91ff43fd080212fdfe02c1ffe7fcff02c8feb003a300a4fee200ee
00f5f3b1fac7fc37fe5002e6021e01e0d6c3007b0075fce1fe73069e0063fce513ebf05109fffd03
ffcbf6c90ec3fde4fd63fce6ffe10cbbebc8fb5fffd3fec4fc66f50c0151fa0905e7f41aee5d0004
ffc201e80667fefafe76fb2dfda7fa75ed64fd18ff85fb7dfda1e3e20362078bf002fed8faa0fbcc
0041fd7be918fce5ffeafe1a024a1462fcbdfd0cfcbaf986fe39f754fee8fabed0fc1c3aefdcff8c
fdcafd44e2b9fcbf003a006bff390c171b4901d3ffd4fae0fecefb1300aff041b81e0b5cf804012d
ff14fb7300cdfcb4fea5feafffc503a7f570fc09ff610042fecd093501ca0ece09d80380140000ac
fe6bf4cffe33fbe8fcbefcaefde10fa8e524fc0c002afc99fb49f50200090b74fc1dfdcdfdb4ffe3
fcbff72aeecbfcec021fffe2fe2b1504f7a3feb7fcb4fe3efcf6eefe01ad0350ef45f2f4e57cff4c
0243f3e0de7201770268fb8a0169053ffb5bfdd1fdb9fd86fe4df399ff7804eafbf7f8260ae80101
0072fe1cf80afbf20278fff4feb9139cf891fd19fcdcff71fd850acf0025f189c87a0bc404b9fd54
0246df1b0dbcfee8ff9e0054fbf0054f051afedf02290347fd59013dffa800c40039fbe81103010f
fc1ddd42031dff10fd4dfde1ff8604abf0b1fc31fe76fd470069fd61ff23ffbafb2ef7cb0109fe85
01b7fc3f0706fc70fd7cfd5d0128fdf7dc44000101e10187fcb50d26ff670055f1ececf70b70006d
fe94fc460007ffa8006ffbd8fd380dcfffb1fd39fec7fbecfd4d09e4fd4fff90f25aee7a209dfb94
fe61fbb0f5fffc35fd64fd3d008e0ba3faa700c6001ffc10fe601fb20246f8e4e407ef200d7afcf3
01d6fe2ef7e80180ff37fe5cfc56f94dfcfafd31ff7dffb401a10ce3010500f4fb19eb521388fea5
01180523fef2fc14000eff38ff83fb4ef311fd09fdd9002afe200203012ff924f953f8d511f80161
ff13fc9df327fcd5ff81fc93fec300bfdcacffe5fcaf00d8fde411bcfd42f4a7fbd3ea361e67fdcf
fc20fbb603b1fc51fe0dff1efe9ffcf8ed5300710170fec1fc59085efdbef9be0a07e2820e47fe16
feaaff86fe72fe470163020c0093fe98044800aa00c2fee9fda3179400ebdc0309e8efe4110afce3
fd79019801d9ff04feb7fd99019af6d2e9030085001aff12fe51060c00e2f11e05fe006a1519fd1f
01a5fbf2fd11ffdefceaffc0fd55f943ee09009c014cfe0afec71f9d0027f5490518f39d0a9efee9
ff9de9dbf92dfc6601170021fed3e06cf501fbb90219fcdafeb80adfff8c08d70caae9cb0b51fc6a
021100ed0c0bfec5fdbdfe3000a0e8990455fc8dfe1bfcfbfdd7f81afca1f1a2fa75ebe015b3fc00
00d4fb27fdb3fdb9fed70263febff49900aefac0fc76fdc8fcd00ba800d6eef21d4a02581da6fff7
0048f8571e78fc0f00ebfcc0fd4dd10a157efc500058fc1dfe7fefc9fce8de563690e44ef9dfff04
ff08e9ca0602fdabfe5f0004fe91ee7a0858fd70ff0cfab3fb3a035efdfa125d2843fcdf0580ffe6
022fe0e31c64fe300299002cfd32e829ff070071fcc50030ff53fb88fe381e000eddfcd20311fcac
fdd1f08ed277fe9bfe17fd2e0230f229f370000e0109fa4affb8fc3dfe950cb51044f7b2066eff79
fdf8d917fe0bffddfdf7fdf3fd51ee8ded00ff53fca5fa5cfd2b015701ccec8f030b0db1145cfe7c
fdfff522edf0014bfcecff28004ef76301fb015bfc53fae7fda4f6e00227f9f1160e0e3a07c4029d
fce8fc1802900042fe2200c6fe18f7bbf49101780283fb69ff7ef9a3fef80693fdd5f41dff24fb52
00fde5150d9a012e019bfd82012cfde0e5c8017f0257fd87fb9ff260fc520257f9ddf44402220011
fe16f3670ee8fe12028dfc7a00cff84cfa6700fcfec5fa20fbade7ac00e708bff8bbee33dfd6fb4b
0262fb8304f8fffffdc8fc30fe14f5d501eaff73fcfefbbafcd5f771fcb0da9ded141677f5a8fcd6
fd6cea12f3dffb8dfc8bff26fdc6fba40500fd7a0162ff4501120563fdd6fd2d11db109905010185
fdc0e12700dcfd11fce400c0fc7e053cf62900c7fda6ff2cfe54f1effe13ffe30b6c0520f658fc6d
ffa9f85ffebafe82fe7dfe56fd42fe25f6500015ff38fe8effed00630276048502d1e81cffc2fb62
fefbf79c029a00affe27021500e60eba05fffe7d0074fe15fc48f889fcb2f982fb590066fae6fdd7
ff3dfde4ec43fcf4fdb30047fce3ff301764fce0fe7d0058fc43049bfda6e151eaccf9d71854023c
fc600eb9ff16fe33015f01eefcca0ad700ee01e0fe35fcac00c8fc53ff550c67ff600f44f8090252
0201e2f807cffc9efec7fdf9ffc60a60007a0081fce9012a00ec09d3fc970742fb66fcfefbdffceb
fd2bebf2f9f4fe74fe3dff73fc7f0e15f134fc59fdd4fbb0fe0e12ff01fcfb48fb4ed759019cfb92
016ef64a010afb95025cfde5fe37fc0d09940214fddafc38fbc6082e011ed2b8fb2ee86e03a3fe57
ff8c08a402d0fbbdfe72fdf2fb1ff7611bce0179fca6fc1dff311658fcaae4c2039311dcf62dfe3e
01e808a0ebe9feb9ff4b001cfd790639fcf30212ff4ffd77007812a700c30c9ef6111772f71bfe3f
fe7c199b08fe019301a1ffe7fc64fa0b067efc8efdf9fe9fff1c25b20103f7bd02cd0100fd82fc9f
ffc2fded09f2fd5fffe0fc1cfc1d0443f9fdfd23fd9e0060002cfdf6ff37ece5ffe1fe9b0fcaff7e
001cf14f02fbfcf2fde9fe55fccf070cf40b0107fe76fb0afd9002d5019b07541b18e8841804fdee
fd5414140dddfddafc7c01de01500045f4b90001004efcb00044fd10ffcce83819881341f0c7fe76
fe34df700453ff52fcf6fce8fd4afc4a0f40fdc30247fb77ff17f4d7fe70f3a6f31303dcf4ed00e2
fe3ddd3600e40126fff5015f0243faa90414fc6c01a3fe87fff9f992ffb1019afe80f38df2d9fdf1
003ccb0ff676fb9700e0fbf7fd0bf4e208bb0112fd95fc9afb6aff86fccd11f5f8c2f089f75cfe5e
00bcdb60c884009bfc41018fff61033cfd19fdabfcb9feb3fc90fd1e019d1d710449f9a2f84000fb
02fc0164e35200160242fdc2ff1417d50a26fe44026afcd8ffc5e6e6fe5e298cfdbeeafc0468fea9
fff3f3841a0b01e5ffd7fcf7fe0eff63001c017bfef7fcf7ff90f48e00e6f36303dafae5f69200bd
fda1f23c076afc5efc7800c1fdddf4c50a84fe4002aafdf2fda505420214fceb09c4f95bfc5aff00
fff4f23f110dfd900072fb7afcc7e4a4f72ffc69fcb7ff0cfd8ef67ffe2c0eb802950b18fe0e00eb
fc2fe96c03c0ffe900aa00cbfd91f52301effc8cfd770034fcfcfc96fff50424feb4f2ad042afe82
fe4107f1eda5fca1fdd3fe3dfc85f89bff0f01ebfea0020afda31983fc22f213f0290f3afaee0124
ff05021203d7fdbafd39006cfe13fd1dfdc1fef50103ffc0fd75f693ff99f8a3ff1b0a4701590199
fc1cfbff0a74fe0b0219fc63fc40fa74f159fd7a015cfdca01adfed2ff1906f5fdbf05e00a37fbb2
fc6df32602ed00ebfd5dfeeefc92fab601f702310201013bfdd2f1eafcd609a20de1fd6a0207fe10
ffebfa4c04b0ff04fc3bff7d00a8fea8119cfeb00215fc51ff29fd87fe7ada5b01f00b4200d9ff83
fc810f63034301ccfd5dfe350082f7360c50fcc6ff87fc9bfd2e1603ff96cd90ff4606fe0dee0084
ffd7fecff824fbcbffc90082fc77f945f1660084ff67fdf10185f7a2fc58ffc706b4178100d6ff43
fcf8f757f4d5fe76fcb0fc0efeeb064e1130020ffe15fc4f003408d101a0faaa00270df308a2fda0
fdd6fd09fccdfdf5fdc4fe94fe48ff2fffacff7e01b70057fe9b02e00178ff26152e0129fd4dfd07
015604a9f2bcfe9dfd19fc840133fe570a4d026cfc6aff2ffc26fd9bff46e7280e5c04eaf390feec
feb20e26fa2f0158fc50fef4ff98ef4ffb4a01d9ff1702bffdf8135b00dad331ff650bb9e4e70197
fd0f2774d0c6fbccff02fcf0fe4b1269e4eefe570193fbfafe2806a5016df46cfdf003a3ff01fd88
ff3a1927f759fd540235ffd1fbed05a219170018fda600b8fde107f3fed6fa650397049102a002c6
ffbff9c708c3fc1200fdff15fec7e193fe9a0295fe5bfca9fee809f7fd8405bafbf20b74ff9efccf
fd670cd6176a01a1fc44fe33017cd3eb01e1fc7e00be017f0080f977fff2ea63126cfaf4f458fda1
fd400ae910de00cffdbafcf0fe26c49bf90101c00183feb4feb90824fe65c2f4011e1658ec5afe98
0023fefefe3801b902bffed400c6fd5f024afeac0226fe95fff801fcfe8a0275031dff1cff28fda8
ff3901270008fd5902d70326ffb3ffa4fe700182ff000040fede010002d9ff710107009e00e00284
00f1fd1f0170ffb7fee9fe67ff1c0143fe5eff110115ff43002600e9fe8801e2fd020071010a0250
fd1cfe3efd22fe640068fce1017cffd8feecfe4c02bf02cb017eff44fd36fe3aff970243fd55fff1
fe6d01d7024700b2fdbe003b001b02bb01c9fe8ffcd20185026601a702cb001efd5efda001c1fda1
fd1b032dfdf8ff32015f01e5004bfed1ff7bff8d022901d8ff9bffd200ad009e0215fd1401ea0294
fe35fe1902cbff6501460009fe7f00a5005f00bdfe690059fd79ff4dff70ff7300b801c802ee01de
0292ff3101b2ff6001a5fe2200d2fec901a800ce02e3022501a002bf00ecfea3fdbe0213fe5f0289
014eff690147fce7fefb00900034fd14029efce700570031003bfffc00d201b502d4000dffbb00da
02a002e6ffcd02e101b0ff8fff24fea802620154ff6ffd2cfe4cfe38008102200050ff15fce0ff84
020efd0d0198fdbf01bbfd8f020efe560242ff5afe25fd66feab0163027701c502920124ff71018d
fd45ffa0fde9004dfe5600f400b0fe8202ecfd77fea1fcceffd6fe43fd1400d8fd2e02fdff04032d
fec1feabfe3a009501ad01b2feb102fa008cfce2025c014ffdb700fa01d702770211fea80035fde5
ff78016ffd410320feb9fd2dfffbfff20211fe3eff86016cff3bfe2d029102870203fdaa0262ff77
0259fef4feccfff0fdde0123ff5a00d402b2fdde01d30228024effc1000002360151ff19fe01fe1b
ff9802adfd2ffd82fecefe63fd69014702d101f3fd540305002600a501aa0057ff0c028fffc80240
0082fcfeff97fe34ff660255027f0294ffb7fdabfd9bfd57fd70ffe6fe50ff32ffc60040fe24fe42
0013fd8ffd99fe640243ffd3fea4fd2afdcf022b0261fd4bff2ffd1001d1010301fc02b7004a0308
0324fe780265014cff3a02fefd6000fdfeb200de02ad0257024c002efe510329002efff7020d0106
004bfcfb024202a2ff9bfce4feda010101adfd0101d1ff1b0032009f00f3011afdd4024a00a30113
fe710005ff3202e8fd0bfd49fceaff54029efef3020001f0fe2a021b001b006a03b101d0ff730154
01fdfccf01ea02e0013ffd2afd48ffaf002e01cb019d00c9fcf8fee100c2fe2d01b9fdcc0138008a
032d00ddfebbff910116fd130310fe9f00f3fd3dff5dfe9c0090ffc90297013402dfffa0008701b6
fd8ffd61022d01eeffab0013fedafea9fe390320fd02014b0169ff16fefc00e4fdb4fd0d0029ffc1
ffa6ff190215feb6fdefffadfe19fe0f01c0fffc0006017dfdd00175ffd600c80213fdfc01430046
02fa07dbf07dfd1bff600004fae1f6a10596fd480222fce4ff7bf2cbfe7fffbc07c104d7fddcfce7
fd9cf450f7020019ffd8fc5dfd9802d0f0030002fce4fea7ff7b05d3febe0607f520f8090912fd65
01dd0f2af10afd090082fc2cfc73ff70ff57fcc4fcfd02d6ff78119dfc8ff4630bf9094011db00f1
00e11801f52aff6aff73fbb9fc7005eb0f2fffd5fcc4030301bd0312fd2f08561d21fea8fa66fd52
017911c5f5dffd75fea7ff57fbed205002ef00beffeefdb0ff761d9501980f7c0f2ee903f6e1fb3b
fd8efc34d31aff65ff44fe54fecb194a1618fe5a0028fe7cfd12f30dfff30fede72bfa55de3dfb9d
ffb2034f1245fc2201ef007efc920b7102fffdd3fc710068fe7cf5dcfd302068f8fffb3cfb6c0061
019a060602740032ff5900a6fe43070c0afd007dfeecfa74fe1018b1fbcc113cff8a138510a1fd1a
ff92f588f07eff4302bc00d8fd82fe86ffd3007efd0dfcfb01f1129a01fc0a681e60fa8d151e0092
01d5f752ec2cfd90ff8dfdc900060c1c076cfda100e8012a00891667fd170f0f2fdcfebced40fe24
00e30500026afc9a0074feceff8a028e1b75008afd7dfe1f00cffea5fe51fef1f5eef10cf7dbff94
016e078b0ac4fd5cfd2ffd5ffb24f56c2a55ffd6fd61fda50306f210fd25fb06150e1944f592fed8
02e60a42082ffe69fffffea5ff91f41806ad008ffd520159fdaaeaa801ecf124f92d04def6580028
fe000a4a04ff000cfe77fc7b01b0f4f0f867fd32fd2eff13fdee086d038bf6e601450632f532fc59
fccadd21e3b8fd05fe74fcb4007801f3ebb1fcd6fd89fc48fd7bed0dff211425155a20f5f840fd7c
00ed13a50abe00e9fc84003efc78fce6fdefff6d0156fd37fb59f46bfe47ea4df603e597f207011a
026c09b4fcf4fd6efcd50025fdf505911bfaff35fd49fc11fd99eb0afd3bf2e7157a19beed16fffa
ff89015fe3a4019e0307012bfc7d079e0273fcb9ffb2fb8fff0df448fc9512ff0c26fbf1ee2f00aa
ff590eba0640fd97fdd90090ff40052ff9cffc0701affee401cdfcac007008b7004c07c6d8e600c9
fcf3f966dcf7fba40181ffd1fce0fdd70919fb8effd0fcf300fcfde6ffe70d28fb1b10a2ea2afc4f
fc5c0db9097bfc3cfe1dfe6ffd58fcd50117fe0800eeff71fd1014afff5cf5460c3af266009ffbfc
fc0704ab00b20022fe4cfe6bfdecefb90cd20008024aff93ffc40405fcb7f709173806930c620157
00000492f9db010efd3fff82fb8e024bfcf600790075fe83017bff40fd5c0b750782ffd609fd00c5
fd0306ba02e200790076faeffbd8098504d3fcb5fe97fe6ffc3f025301a50ec912f50b1cf800fe05
fcc9f8ecf7ecfc84fca2ffce0093ec07fd3a01a5ffe60187fe9e01cd013af87c17c30e8f0f3dfd2f
0002c8581ac3febafef8fe3afce9ffb60e61fee7fd08fead017b02c5fc2209ce00e0f5b506850034
fc970163fb44fd8801d500cbfc97fba41e14015601d9fc0cfccbf7efff7b094a0a7f1ae30a81fcdf
fc5c0e9bf086ffe0fd8cfbb0fb4bdbd6faf9026fff67fecbfc7e055a02000aec1589102b02f5ffb3
ffc5f2a6090afbccffb4fe7dfe5000b2eac1fd6f00d8fce301f5f49700b8128c2731f973f85ffd2c
017403ba01310143fc4eff2bfd9d02ef09400108feea00a1fbcfeb37ff100b09f4b8020bf127ffcc
00e1e99106d40150fda3017bfd06056b0247ffd6ff93019efd51123bfd4907d80002080203f8012e
fe02e8012143fba50232010dfe00f23e19fffdfd009afe48fc46125501a60dbd0cc110bb20c60017
ff74ffe90b160067fe80004cff59fcf507e4feffff3cff76fee213bdfcaf034f05dd153a0bcffea5
00fd04bb029b006cff42fc4bfb5404eef662fcd00202f9a3fd50e311fcf2e7b10e43fb14f395fd65
02601518e981002efc7afe9cfe6efa170a7ffff5fc6cf9f7fcd509c60241e83605240ab1f66eff04
fdab00380bd1ff27ff62fbd2fd4bfb21f48201a9fcd9021bfdf61406007f0732f6ef09b3057bfc7f
fddcf5b419b7fdd7ffccff56fdb60c5ae3bd00f7002aff77fec41cf6fd9e02601723ffa7134b017d
01d8f5841229feaffde7fc9d01240a93f754fcb9fdccfdb5fe740ada019801c50edc0d01063afc02
ff5f03cafc33ff6f00f2fcb8fb6a06640be9fd26ffd6fd98fcaffe0300dd17c50dc504e4008afcdf
fc94ff40fd0afc22fff700abfd68fd72024e004a028100bdfd65103b01faea06fbc10a4205d9fbac
fef9f9a9ff21fd250055017cfdb10ad1ea91020201cfff46faf0068e022e0bfa004708c0042ffcd1
0114012c0c37ff7dfdf2fefffc3706dee303fe09fdb500d4fafa1849017d0131039ff4fa0a3bfdff
fc6cedacf9edffca012d0295ff6b0b5edf2dfcebfe2efd79fb502029003900defb9f007afcef0077
fdb8fdce0d0902cb0005fea1fb32074d0413fe2afe38faa4fd6201a5fd15f832228be7d2f974fbeb
fcb4017df35d0160003efe4d00a803f515defed5fc67ff8200e619000276f5780f92027f0bacfd25
fc2e10d4edb3fdf70276002c012f0b6710e70099fe1bfd55ff90048101eceecef999f0b4f6010167
fde5fdadf94efe2e0133fee6fb3506140169fc9f0039fe720199fdb6ff22fcf8f2d7fa980307fcc9
0006f7e3fe36fe2e0100feddfde71ec516c6014c012cfc25005df733fe22e9f50229eff01c03fbd7
004d0711fdbbff470017fe9dfb34133c196cfec5017bfa8cfceaed71ff9ae33cfa8ce4b7135bfba7
fd570564fddfff6dfe75fc9ffe760b1815aafe4300d7fd77fea0ffc4007ef6491511e8311e4ffd3f
fdb7040d0b31fffafdc8fd58ff130e980ea80219fed1ffe4fe2d0852fcb31518faa01325fcca0147
fdfa036c03c4fd2fff2100f700e50e9ff7e4fc7e00bafbb2fcfc0284ff4d06b0e0ce0563f8eefbca
fd88f9110ced015dfe4afff0fd4305fe0612fc9cfd09fa4cfeabffd9fe5af618edd0ffe3fdf4fc79
fe61eb36ffbd017f022bfbd60153f5c5fb19000bfe9ff97dfd89f54c003cf947de9e07d7f593fdfe
ff09fe50fbcc00d0fd8300fffc3c0bb4f4450062018cfc61fd9f12e20191fac8de54fee80263fca5
fd570415f02402f9fca4003cfda312b9fef9fc97ff01002cfd6e0390fef108f5fa39eceb1055fdcc
fd65f2690723fe36ffb801c001320a9b0393ff7efe69ff980144f2be014f11f9deadf64f0e15fdb8
01c8ffd30582fda3fedcfc51fdbef567f4cafcc20069fc61ff6300260082055be77b049f0301fccd
fe5206d40e9afe4dfd67fd06fc29ecbef7d7febcfecafe1ffb9a0999ff4303abf679fc2701bd018b
00ca061e0cd7fdd1fca6fd66fb7902e30f7bfd1dfde9fa0d018c1707fdf2076200c2deedf515fd50
ff3a153cfe19fdf7fea5fe6bfe19fd55ec95fd45feb8fd0efe100844fefc003c0d52e36b028effe9
fcd9f9fb0710029e0274fc9cfe69fe80ec1efed1ff4df9ab0164f31500bcea33f6e4dfd6fbb9004d
0217f8680313ff66fc3cfeddfb37fe5be4c3ffe60040ffbffc9607cbfc55013f018decf50c6afc58
0085ff4804270097ffacfc5eface036cede1fdc7002afc2efc48230f01a2050e0676fd2507860164
fc8b00681842fe1f025afcfefee41a9d10ffffb9feaeff3afbc7235efd790c9a0a1b01bbe98ffe1e
01d600d10ecefecefcbcfc5bff8d065001f300a5fc7501e2fd6b079dfeb614b005eaf545edc0ff52
00b608750da6fdae01f5fd1ffb3910880d5efedefe230566fd12057001baf6a4eb76fabc0107ff0c
008afc870669fe7a0021fe8600fd13aaf61bfe20016701c4fdcf08a0fc34010af850ff7ffe3cff3f
fd22fbd6fda5ffeb026ffcb000a1091bf5b50031fced00b4fbef0b6a01d008c10220f10cf2d90093
000affc606e8ffe9fc5ffd67fb8906e30292012701e2fc9efe96fee0fc86fec5054c056e0d45fe14
fd12016d073000afff24fcdd0141eb8b10d9fd450277fd61fe1c06e7fbe7088cff3ef2db070502ff
fdb6001301abfd210076fe6bfe33eded09aafc82010bfb71ffbf033f01cafb7cfa7a00f910e0003f
01df1407ed7efbfe0032fc04fb89ed6301880214ff18fd2d00e709eafefbfc0df7a2ffd1035bfd47
fcdc07c1f8d8fc33fdf4fc56fcaefe59fc83fe39ff8bfee7fe04040cfd2df6d3fc89ff54f9c9fdfd
004cf9a90221010dffcaff2cfe3afbe8f2ec0016fcdafb83000aec54fd79106c0e59fe7322f9ff15
00d6ef5cfb03fe99ff16fcd200faf910d606fd980096fff6fd07ed18ffcbc83111e103bffb8cfeda
fd78e3ba00eefe97ff52fdfd0277fbee04e3fd16ff63fbb0fd5f0f3afc4deffd1e12da522455fd6c
fe0ffd312613fc5efd1efed3ff0bfa21dee500cbff22fdbc009afe7f0098154e151dd6c0241c0150
ff5f101c0d1cfbf5fd8bffd4fe1afa1ce616ffa9fccdfdebfec000e5fdfa142917c6d9c6f590fe35
fd720183c951fc9b00b10165fccb176111eafebbfe23fc87fd96f76d0169ca3ee3bfe0eef4210215
fed6eee4122bfc4201c100a2fedd1477f3b2fed4feb700a3fbafe8cffdcff50a078df20af7940203
0175e8b204adff120249fd4cfe7e037bf978005bfc6bfe95fb41fbeb00f821ca063c0249fb9300b9
fc4bf43b08adfc05fd26010a00300da0dc43fdaffde4fc9eff900a9bff2a10dfee47f6a3f9e7fb2e
fc0f059801d5fcca01420078fc73fad7117ffeadfcc4fbc6fbcd0c45ffd0145c061cef67f086ff16
ff1bfc51f7f1fb88fe47fc2d025115db0ba7fde6ff56f9fcfb3705410173082ce097e9b2f5ffffac
fc370274f254fd2bff06fde600edf83fde6efec7fdceffebfc5bf17a01dfffe1e8bcf5f3ef2f0069
fdcdf655fca701e5fcfc0087ffbbf55de6c1fee7fd17fd34fee8f92f011f0dbb071bf0d7f3d7fcf6
00c80af60e03fc5b0034fc94fb35f236e6220078fcccfa01fce10572012a03730c460cd5f55dfc9a
fe0303b210d4fe36fe5effadfc6b01d9fcdf01890077fe37fe67096a00d509ecf9da0fcbda7cfdae
febe0617f63cfc50ff7cfc30ffe1004d14efffa000b2fce9fc94ee93fe6a1f310df6f89efa0afea8
00a8effde06100f3ffa4009c0182204a078bffb1ff9e00dc010bfcb9fdabf3b610110b2508ab0308
fd30eb5f07d500e800c7019000a519b50855fea1fe0efc16fcd3f30afcf309220b75fe4f0455ff6a
feccef8bfe9c007300aafe8afcd0035bf9170165fd03fe4bfefaf06b00b1fc42049df69f11aefd20
004ce662ff51009ffcaffeb1ff612077fc74010dff10ffeefe8af5b9fe4dfe51ef8d107be92efd8d
ffa3f882ef6afe45fc6b01c4008d162a20e0012c029bfa47fc00f304ff3114b10811f6a10092fd35
0001047eeb60fcde00b3fd5401110f74fecefe8afdfb0091fe220a3ffdc3ffa10de51cb10525ffd1
01d908c5f9bf00a10129ff7bfd250916e86fff0001ec0165fe5e0140fe7f0e3cfdeff7fcfb74fef6
012107c7f647fcfb005cfac4005cedc6f76f02b1fe360055fecef437fce6fc81f333d938077efe0e
fe04fd38f823fc2afe54012600d9067b1a5a022200b3ff8b00f2ed05fc92fe50f388f24e0514ff62
008e03700bd5fcacfd24fd7aff71001c0fa0016900d1fc1eff12f1bcff56054c0d4a102f052c01d8
ff10e9f9eb16fc20fea0feff0208ff24f5d401d3fde90033fe21f9cfffa40e4f213f0fc60348fed7
003919dcf134fd7700710033feb2eece0d53fd0a005ffd73fe4fe72d0127138e0ab70898ff92fb91
023808f5fef6fd72028efc4bfef505c4f9b8ff1bfe88ffa0008af90effec0da0f42b1285ffdafe18
00e103f3f8c7fedc0254fc3b005f07840e48015dff79faa000b6ee44fdbaf7bde4bd0db9fadefe83
0031f0010b0dff1ffd02fd53fe4eff330d40020cfe3dfefafd42f29901bdd90aeb1f0a9e11f20005
021bfce9009cfbb3feb30200017604b5fee801d1fd680036fefb1a99fe8a13110f4511da1208fe29
01420755ed5f00f5fc37fe1efd2004610964fdd0fe9a0215fc5dfe1cff24f7aafefdfa41f0effc10
fea903bdf4c40101fe16003800ee0697ebdaff9efe16fe16fc83f627fd01f4c3fa9f033aeaa1fd85
02330de304befc22fd8cfd7101720ea6e8a0fefefca0fc4ffccd0867fe30ec52e00808311557000a
fc13fe3308ccfbc0ff70fdf4fd9bff5c07cb0190ff2ffc88fead07ea0185eb26dd6cec021603fd6a
ffe0f79b15dc006101aa01f7fd45fff3f441fff80238011ffc19103ffcf20da80ecf136910940162
fe6ee4d2109dffb201c5feebfe071957f4be0292fdd7fcf8fecbf322fed1ed150b3ff58cebdafcf0
0157ef810a98fea8003bfb0efc3a0005e03bfdd7ff96fdb7fe7f006cffa00846fd55e336e153fffd
fc7e0f400d53ffd1026900ddfcccf7e3cb1cfcbc01cbfd58015315b100e1f541f43af65ce9f8ff85
fce813380cb700f1fd4f0103fcac04181410febf0064fafbfdeb03ac0251ffbdfc36f92ee85401f0
fc140b020da701a701f4fef1009f06f5fe60fce400d50110feaefc34ff700b9b0134f4630584feb0
017bf8080a7001ac0141fea8fb311180f0fe0022fda5004cff38eb56022bf7a6f1b6eae7f096019d
011203780390fec7fd2cfe23007d09c0bd1dfd57fe4401f601a50c62fcd6faa9ffe1e2d7fa0ffb5f
00c0010e1071fe72022aff1b010ff037ea6afee400f3fe5bfe591a0f0158f84efcf500fcf0d3ff0a
ff0811610ccd0091ffcffd3b007cfa870aa5ffbdfddeff28fd44fc62fef0e81a0d0dff21f859feeb
fe31f7ad08fafbdffffdfdcd0023f806f2d9ffe2fdf3fccefe49f8cafc900510004cf8720d4a0146
fd36f6b4f846ff96ff12016bfe570000072bfc9c0255005701c1fc3b001111a7f7c6ef700d24fe3e
fe53051becda012c013bffb5ffbe094fc3d7fef7ff76000000520793002e0ceaf7d0ed58f669fdfd
fd7ae19bf182005dffd2feb9fcad083c0ae4fda4fe1ffaedfc58fd3eff6ef9c1e8f50df621870083
fcad08ee1754008b00ec00cffd6207b10df401990241fde2fc12f04a008effa8f7df0b1219ecfe7e
ffb4fb3910a7fcbafe8502f00125ff100ab3fdce0100fdb900031435ff591340f5d508200200fbc8
fda2fa4709920072fe38fb13fe0707e5fc59ffa60035fbc100fafcd70195ff34f0e10c4ef64cfe8d
02dcf9c1054dffd8fc7efaccfb93022df3600104ff4dfbb6feba0286014dfbecf67cff41ffc0007e
00c3f451f78afea2017bff7ffe95ff36f873fd150147ff7ffe50f937fd1d040af69af9acfb3bfd85
030ffdeafbf2ffe2ff4802b2fb640d7608a201050100fc21fd3e05c5fdf416fcf78ff23d09c40172
024d11a4f1bffda5015800effc781d83fea9fdccfe29003502d2034100f0037dffb9fac108e4fdea
01e5f93ef9f8fcfd0019ff1a01250446ff25ff1cff44fc0001a9efb3fcbffd33e5b00160f9d6fb77
fc5afe48fd11fd6c0188feedfd91f41206a1ff6dfe69ffc8fc5905de01ffff9b055302af07e6fbb1
fc42fe8c018efc38fe85fafa008ef870116d0136ff8ffdbafe73122ffcf2f7320d42fa0902ce0020
fd4103a6fc51fd58fddafd18ffd3095e18ddfd23fc66fe5afca02056fd6d043f1169f2ebfc64fe8e
fc5c1124ee11fcc2fdc702b00160f639035e0012ffe9fa71feb2eaaffdb30990f9f0ded7f966010e
01790636fe85fea30149004afd7b089a0bc0feaf0154ff1c0029e7bdfefbf486fab8ff0f0513ff8f
fc7bf75afe67fd22fcf1fd75ff27037a049cffba0167ff81ff1bfb0e00d2f360093efdca1b8dfd2f
fddaf14b019cfd16fde3fc0bffb0fd6aff580130fcddffd100ab0038fe60f289184b03980a63fc2c
fea8f5c30b6bfb8b019afdab00a6054e058ffe6cffebfda2fd59fb84fe08f72710a314c8eceefd64
00b3efc9f377ffaf010200c0fd1bf71500ce008dfc5ffe0dff7e014ffd45fe86e025ecf2f580fc2b
009f0004ed10fe37fceffdc9001ef0f3fae1fc0d0203ff65feaef5efff13f6fa06f00938f7510092
01a80ca4f2d4ff5afd9ffd6ffc05f911f324ffcf004702b00138f206fec6f3f6015f14c8f7ccfdcc
fdb20ef9f6e5ff3aff3bfb52fbbc0405039ffdd5fea5fefffe3df5d2fe44eff809490dc1fb2a0117
fc4bf67bfbeefedd007c01affb9ef184de45fe05fe320159ffe5ea2efd09fbbc08f5fe760fcfffde
017303ed0858fe2cfe89ff5afbd0fc371134ffbafeec013efe440c92fd76f11604600804021cfede
018efe1ff5cdff5d007a0025fdfbd98a0bd3008cfeaeff58fb570ae1fdf003b80d5c0ca9f4c4fde6
01ae094ef594ff96fde800ed0290b2e60181fb1a01130060fc300942fd1df64d1488060bf65cfcb3
fdb30cfd0122fc39fd24ff0efe24c65306f8fe1bfbe0fb13fe3dfe2c002dee8dfff30608fb57fd5e
010202c10319017dff40fd66fd70ac9001f800c1ff0dff31fc1ff8d9fd20eea80eb80f091225fced
0212fd9df890017d01a9005efde317a211f1fe25fd74ffd6fc5c030aff4d0282ef24ebae0f2bfbc0
fe210660e9d5fb8cfff6ffa2ff2a0e46e4a501c3feb00074005bfcedfe7c005de9bef3fd0c70fdb2
fe54f9adf16500c2fe7afecefb40ee0fee3cfe94fdfbff70006e0a22fd520c20ca1913dafac6fb8e
fc17f42ffec8fe68010ffd84fc3400f3efe8fe5ffe38fe38ffe70053fea802d6ddda0e7801270023
fe5d13e5f727ffa4ff72fd15fc5d267eeecbfe67ff17fb92fdbd1a75ff3efd5bf9c3f666f390fca5
fce6fff9fa260192feed00f900c109970efeff7fffaffd0f016003bafc3a0ccacbccece60491fc11
fd8cfaaf09eaff84fc880001fc3d0cf00273fe6800fafb77025df84900e1f9cfdf5f0591f856fe5a
fc50fc70064d0033fe2afda1fc7cf3e4eb0a00160224fe4dff4d002b01fa0177f23efe9e0a1cfc31
fec0f58ce52ffd81fffffd8b015d02390017fdc6fcd5f9c4fbbb0ca9ff010ddefc89f66d10fdfc1e
010cf7cdf7c60109fc96fd47004d0bcdf3a7fd5cfff4fa8ffd2014d7ff3b271cfd4bfb1d095fff0c
fe021520fd2afcdcfd14fd9cfbc704691316fcb0febcfd2cfdf6eac700c7fd8effb2d357f419fd32
fdba03c9fec8fd91fe4cfd9eff190510ffbaffedfd43fc9300cbea5b009ef673f23b0b37e3ebfcf2
fd87022110c9fc37003cfe660288fc79f258fe64fbc6fef8049bfda9000af6cdf48e071aef050124
ff520d03069afb8dfd380279fd4a099af469fd66fc60fceafb8803c2fc850de8ea6cf1b8fa8200f1
fe3007c5f0c8ffa3fdb2fee0ff420faa099d0075004dfbddfe381554009f0cf9e769fb2cee08012e
010704a500e0fe2ffd86fe6101420327f669ff8afe37ffaefe030b80fbd1f36ff976e15ff44dfb4a
fd4700480e41fd00fe7bfe94fdcc058bfa6dfd1d01f1029c0144f5d6fdb7edd506a905defed9fd3a
fd50fbf108b5ff72ff38ffa901600ae5e8d2021fff4ffd9e01c301e4feec0bed0d5107170807ff9a
fe6f0b6f089efbaeff1efffbffb205a5ece2fe580017fc3afef8173fff1f20bb0156fd83ee7cfd98
fc530afbfd5a0060fe2401a2ffeefde40681fcfb0026fcf100d10a2d02ec081ffd22ff19ff2a0059
fe260245080c0063ffd50054fb0403cf0923029bfc99003affe4013c017df8640be3099e0d73fd01
ffb007df053efcd5fe8ffda3fd7aefd2fc78fff40070fd5702a8002fff72f6de0133f7cb0b82003e
01f602bff6f5fd93fc3d00bbfb7aec69fd67ff2dfde0fe94fcdf04e3009304b1effa0417086afd28
fdc2fcc4f039fef5fc9a005fff22f6670123fcbe003f01adfb9b0a93fea1122a0b2d03ddfd0e0187
fe660b0cfb5dfec7fe12fe4900c4e70d037d005eff110387ffec0a9e0175fa58066a01680d9ffd82
fc52f8830b52fbfb023b012701f90bba08e3fc23fdff004afc650f1701cd004ef85cecc50199ffcf
00e4f992114b00edfd91fc3fff500d6def9c01b3fe91fd24ff9cfd8dfc37fedded9cfc8b06cafbe7
002cf8671517014201c4fc22fe6502e8e52602660010fceafde902fc01d4008ee23309a4fc59ff20
fd97f752fe08ff8bfc59fcabfe330239ec28fe3300dff937fdc7084f0168100af1c40016fd41fd87
013a0c54e1e5fff90007fe50017d0dbffeaeff940245feaaffa411ca01e811fce9c3fd5e0119ff7e
feb2018df578fd5ffe14ffcefc8616b2f8820246fe43fb89fea60d3cfd1409950d360ffa0fcefdc1
011aeddfedcafda700230090fd140315f2430193fd9dfe9101e3fbeb02920d60fcb7085df33bfeaf
0163f839f3bdff620231fbab0056f842fbfbffb6fccafbd90035fb1ffe7ff22303740684fa0dfcd0
0149f53d0193fc31028900aefc85f88303b9011300c0fef8ff0afd5cfc41f2fa007204900054fece
fcb40114f5e1fd7afc99027a0099167b1399fe85fd5afdd3fe9f1048fd851f32e8d0f84bf985fce2
0193fa94e954fed7fee1027bfd8112b80c45019bfccafaac0120fc2ffca709740823fc0a1a2ffd0a
fd000207ee08fd2dfe41fec3fb4e0869fcb7fc1c0043feeafe6cf731fcea085c05ec089b07abfda8
0140eaf3f7d100a5fec8fb2f001b09bb04f7fca1fc8702ddfde2f34d00b8f8cf0279f6ebf5e7fc73
ff4df6bf0148fc3c0178fdc7ff0c09050978fed4fe71facbffaf0077005ff9860856f7d903c2fd8b
fd93f018041efbd00266012cfb8e1754fdfa01f0fcfbfb87002c163cff33eec4102906e80b9efd87
00fc02ca14df009dfd69fd73fd090cc4f3a8fc530173fe5700c304bffddc0b01ebd901190ccdfd8c
fd19faee0c0700c4fdfefdacffa7f8f2009b019900a003e300edfe9b007d075df5ee12c70818fcad
fe61f7bdfd8dff68fd0c01620013017508ad0215003c0195fdf5ee81feb6fa50ff310799092cfbd0
fee8fdc3f597fcac003a0021002b0fb4fa44fe3eff370131007bf43b026002b8088dfd320e2ffccc
ff71096af379015a001d0174fe200400f89401b0fd17fce1fd4dfe4000cde7c20e9bec540a270116
fdce062cfcd6fd13ff450233fe20d0a3f01afbd5fdacff32fd411a290150e37feb37f41609ebfc77
fc2cf84205ccfcebfe5400b4fe90e4bffdeb024afd59ff1ffeab0a91fe6f029ef145122108b2fe22
01b7f6630171fe5e0091fe24fbe8f15a08b301e901ebfb5ffe99f7eefc3cf669f530069a0233fdfa
fd1d052d0ab2ff3bfed7fcb4fdf1f35400f2003aff470051fb03f690006ef146fd56fe40082cff8b
fdae00cb0657fc22ffcdfe5fff10fd40e36902240045fbe4fd1bff48ff35f0a8fce7072d076f0124
fe670087ff9102da0241fe9402f8fd71fde2ff9d0198ffb6fe5d03930243fc7bffdbff5c0037010f
032b022b005efef50304005e0311fff3ff1800cf02010189ff5200f00327fff703d7042a02e000f1
024ffcc2ff460121ff45ffbdfd7b0065fec6fe3dfd6afec3feb0053b004300b900e300de0483fd7f
00f3ff3f01850004ffb200d3ffc900f1fe16ff3afe4400d9ff3c00e3ff9bff60fe0bff8202deff24
ff04febf02930160ff07ff58032c02aafcbbff7d02ccfebcffa0fc670138026cfc9ffe20fea801df
fec9fcd70227015502a501f2fdcbff0ffce100c3fd56fe98fe2d01130279fd6c00cb011f04430179
00f3fd34fded004100590229009203a200ac0036fe2cfe3a020ffb81ff69febf0045fe9c02aafdf5
fd1601e300fdfe14ffb0003002e50085fe6cfda3fdb5fe67fde6fee7fef4014c025cfe160157ff6b
fec2024efce002e2024e0207ff6001b701a400ae01fa01ff011fff73feaefd5a01d9fe1bffecfcd6
031bfdcf034eff45fed0ff6401ffffe401f601830121fe32fd0200ea00a2029ffda3ffda007d014e
fe41fe4afb0efe8900b2006aff280253023a02e8fcf7ff2ffcdc02b2ffacfd8fffa3052503b4fdff
fd9cfffa012bfe8e000a0187ff02ffc9fe17023efe69ff89fe41fc7b0317fd1bfe220108026b00e6
fdcdfee4fe8cfda2fea90218fed2fe5701f00235fdea02f0ff9b028102ba03120322fe4dff1efe24
025c01fefc3c02aefcf100c1012e04d4fe98feef0037feee026303dcfed4008cfac2fdaffff00314
fe6afeecfe740079ffcf0225030d016f00b8fec9002dff99018503e8027400bb026b015e00b601ce
fd7b0085fd0f02f4fce0fcdcfe5604c1fe74015401ba0174008cfd17ff0a0419fbd301c5fe46fd29
02c002b6fee802370143ffa2ff8dff4b00ac031901ac002502ab03450073ffae014900ae019f01dd
fd7bfe98fdd5028b02ed0331ff24017cff28ff0500abff00fe5cff53fdfb024ffe8403fe01790022
fe87fd68ff4afe6900ef007400080471fddc0327fd43fed2fda203c901bbff430273fe970485022a
fe67fd01fe47020bfda2febffdf3ffc80320fd5c01e1ff4dfd8f02140117fd290274ff520099ff68
01020078ff89013effe000c2031c02a7002dff8ffed500e101cd02f0ffcffc06ff18022bfea30199
025bff0a025efd94fcf8021cfe3700730283ff8502cefe5dff1b013c001dfebefeaa0252ff7c0324
02cb02bf01eb00e30034fdd2fd820255014bff3d02d001d8fd1ffd8dfec1ffb504ac00cfff86ff9d
01a2023400a201c7024900fb0031ff0cfee30059030afe07fec4fdd0fed001d8ff6fffcf02bcfdfe
01aa00f202df013c00c90077fd1101f0fe4fff39fe13fcfcfddd0011ff07fff20097009bff33ffe1
017cf5fd1da8ff0afdf301deff1822f007c8009f002cfefefacff8c7ff522778f72406a80b790270
fd86e4420719fbb00126fccf01300a32060900c00274ff4a005e0310002cedd6fa7009a4002ffe47
fdac02fb034dff93ffafffdf02e2ebd51202fd760228fc95fe6ef67101a518bd16da0867f98e009c
fe48f129f058fee8fe97fda0fee50118f767006bfe64f919fd5aef52fd7b1c18fbfdf952ed7c0011
ff14ef77ea720120fe25fcc4fff10d10f8a8008a0019fd7cfd95e52e016d0e9d1224f717f2aa01c2
fd0bf2e8268ffcbb00640296fcce14600da6fac901bc02ddffc0fab1ffd7109110b51b9a1601003b
fe9dec8b1985ff50fe55ff710265fcbd03defce0019afcfbfda900af0034087e060502fc081cfe26
fcd4e3fb08f8fe1100bffc950136ffc007bbfdf4fff7fadafcb8f58bff800dce0481084306bcfc8e
fcade915ed67017bff91fc9e0028e90ff8a0007d01f9ff7900d1f85cfd7703c20a210883f677fdac
fcb2f89be7aeff6bff9f01d802d301aaff93ff5e01faf9d00142e186fdff048af8090871edebff84
0104dfe81076fe610128fd9c01ec1b13fcb500d2fe29fcffffdef16efeba29da19320ac9056800a6
01c0171e080000960120fcf5fd5dfb45ffc6fc6701acfce4fc7dee89fe88188ff91012a20103fcdb
ff62fad3013ffc900012fe25ff3b09240425ff41ff9afd62fbacf667fe4c084203ee10f606bc00a5
01dbe534f53bffec0266ff2d010afc1105cdfef20132fe5d012af0e4012fee51094c15d0f8d80106
fe040c9fdbfcfe4eff9cfdfbfd83ee041127020600f3fbb4fff3ef86fe56fab9efbf134a11090123
fe88f894c93900de009a01fcfe5920f6f204fe57fff1fe07fff1f5a6013c1a14febc09c5135500f2
01abf1e8e85bfbff021bff9afd1c0ee305750060fc7afc51ff8bfe7302530570005a0d62ffe7fd40
01b6efe203e000a8fe1dfbeffe25ff2d0bc3fe4afee100a4ffad0292fe6dfd5d049afc190048fc4c
fc53ff8ffb8701a301d8fc440029fbecf5fcff7afceeff77fd96051f0170f7b300f90074fd0e010c
00b911b0f70f0185ff5dfcebfe430e16115a01f001eafd9f01d305fa00dd0a370192fe8cfcf00071
ff19fe4fe5d20079fd11ffc7001e189bf445ff40017901e2fe590ddf01acf97eef8d03990c410209
fef9fe05f8e1ff97fef1021201f8166608500015002ffa52fd9c032301e9f7dee8ac104400bf023b
fc2e0445ff68fffa0263ff14fec2085f0e38fe8e022ffe51fefb07d9fd7df2b8fa9ef3fff456fbeb
fe7dfafdfc17feb2fc5ffd5600570a3ef831fe31fcdf0137fea80323007adb860ccbe55ef552fd81
023a0c0103cdfd1a02cf0108fd020b65f920fd02ffe20044fbfc04cd0296edcd11aff060f1bfff4a
014604d6f2ab12c4f906026cf956fabdf778044f06a80a2ef7f300fb065ff53c06fefca808b00ab6
02a205fbff1f05f303ebfa44fea6fad8010f00c70370045701b9ffb3fb34ff59039001a901670031
0784fa59f8fe090b1196fce4105517ffe426fe900035044602b6fd5902840844f9a5026a064ae9d9
0f33fc610b75f87b0d8efd430a49ef99fe3e025e08a9fd0ef6ddf865f24703d00c17f282ff32f1ed
fef50431ff8a053c018dfc4f03d6035406bd0417ff33046a032503c9fd77ff420127fac9fae20185
05580726022f0462fd3aff3605c20665f2bc0f321144f8a3fdc704670314fb64fb0000831d10fbe8
fc05f8b100c6025904ca00a003c3f966047b00860451fb76fe51fcb4fb7a04a8f978fe99039c03df
fc39016f03f9fd2bfdcffcd80077022cfcdbffe40051ffa00127f9fcfc2b003d002c056e053e02ef
03611d0806b1fb2c062d05c0060ee650022606790ea90c76f3fff63709a5168dfed2f973f3331891
fb9effc1fb4dfb7a0136037902ba01d6f923fbaefd86002504f1013202cfff5dfbb3062ffbfefdd3
0317fd52fef40084fdad0342fa6efe3a01f701f1fc7c020dfcdb014f048f00ebfc0005a9027b01c4
ed6df74e05f6f88c05e1fca3ff3a0bf7f75505c5e4fffb88097bfc351d83fa87ea9ff5fd19aaefe1
01ddfd7fff5102c7052ff870ffe2fbf8faffffe101a803fafd8100810225fd18fe4903910090038a
fddf00b3fabf000dfee5fb8cffabfba5fff101c6032efd84fef1fc3bfd1afbfefd62fd1afb7b0122
06b70662f419ff4eeddafdf0048d06f9fca2e8edf8a40937de7a00dedf7cfab503560e230081ec73
08ea0b4a039209cb12710678012ddd6af2ddf5ba0f28fb71fec0fcba07c6fa57edd9ff1fea310625
0410056605b7fcc8d34012f2f9671630fcc3fac80c19e84b027efa90e3f7018ae9c7fa20026cefa0
fb22f7f8054e033803f801e6015a00d1fbe6020000a804c80270ffc00b6b03d0050a042605280293
f6a7e752047207690f02ea970b4c03660262f18cfd75e836076ff8e10904f90f045dff0c137cfd93
0515fa72fcf2020f00b404b304c7fef30384005aff7bfcfefe9e039f028e01ba000c016c02f40119
d65d024807bfe85bffd60d54068f1c430c6f00980d2e0701f78800aa1f070b3c035af8d9fbaf00bf
ff4903b7036cffc20274fed204bb02ec033102abfeaa05c101e40333f9430361ff6dff39063d02a0
f42cfa5afba705a010ccfb0a0f48fa95f79cf452f73ee4c20ff6f89b050e1b6316d8043d0204fcb6
017b013ff95a067a00b4fbec0343fb8806c40005012001a90767039d00abfd55ff85fa1203d20446
ff8f01db039efd1901c5f684fdac046c058c0310fcfb0825facb01cffccfffd4fff400d6ff0cfcb0
02b1fac4fd2ffe8bff25fb13ff6ffd02046c0190022703750114f9f8fba7fb3f04bd008f02940631
fbd0fd6fff8b03b2ffaa042bfe2d02d1ff14ffa102d1fc20fd1bffce03defb13018affe9fa520258
f6ea076309fe0ed6fccefbd610b70608e953e564e2f5f048f20df90b0b25ff72fc5a0117070bfaa9
e90deca8203812c6f1b002c622fb00e408450e26008201a7dcb8ff6612000222feda0797e991052f
ff8c111215b2ff49e7ed0790ef5905f7139af8d612e9ea97f264fb670750079912bcfd20ea4806d6
042a0309faf4fceb001304260217fd38fc79faeffdbc00f200f804ee04e8f90e043eff90fd1bfaa9
040efd71fd0b0318fe96fcaf00e3026e066c0135fc23fc6afbeffbcb0380fecefb7f050dfdbd034b
1ae70bcaf7d9fc921552039814cfe47a0276f96bf6a416f2f8f60325fb5009a50467fbee0a6e1b08
f8b902350203ff7bfcaafc8b0227fe97fea8fc88fcdd05090431ffee06aeffe9019d02b8fed8fadc
0bf903230210057e1a780f191c270f64ff3e00caf3ef0c03f8f7fc58ea7b0e06ff0402b3062d04d1
0cd3ef4804f1f86f0ced22911594f41a187ef38ebeb7fdf20c3601e1fed9f98800a508da1d6d069b
014b02440108ffe301ac04fcfdd802280281012f04c0fb57fc62017bffbdff56fc9704f9042cfce9
0666ff82fe2c0349fd0f04c20046fe40ff6202f101f2fc07ffddfef0fe110264fdf0facbfe9afced
fad5f9fb021cfba3057dfd4802e006bdfe7f01bdfcd50384fe9d0212ffd2fc15007f06c5fe32fee5
0b86046f00f0f18defb20655f403eedb0ce2fc41f3330542ffedffdd071407a2f96cfe2dff28eeda
0130134ff5c0f8f216affe1c01621308fbf51077f234f41ff88a0114fed8fd680ee3fe30f667fca3
f9a8fc97fc4c0055035bfd1800a9fbd8fee4fbc30133006afed6ff5303b1050402f7fbf6048e0388
f229094fd42f09b20231e89efaf4f304002fedccfd13f7abfb8f005211d0fef3f09d0f50fcef1656
faba0c19eecc015bf2f5fe9405b3faaa0f1e109910d8e7a0144ffdee135be413e8f30677287408d1
fce1fc1c047fff78fce9ffa7ff5eff8f044201d3ffa4fd93faf9029305c4fc67fc8bfee7ff96fff1
f007085d067d1881fadb00d206f609000fa5fdc9f47fead5f95afea9039af2f5f1030c7bfab11013
08c91426ff7f0a03050ceb46ec29f24c001b063af582024704edfb08f057fff305cef965feac0698
e17dfb1ffd28fdc5fa6b0e6b058d11fc0575f2c30910f233fefdf7702adb0d94f87307fe1a7f10fb
00760623fb5c0533f527fd0e0630080702d8d82ff464f4640947fd9fea6eedbffb8319ff07bffa70
0b371c75077ef057fd61f919ffe40262f839023bf0cdf19e11f7ff5ced81fafe0eb00721f3e0df9e
07c90444fe5efd44e8a3f466f99eff4af578183f04471325fc2b0006e457f6d2ee01ee32f2650817
02bafdadf98cfd430051fd46ff9bfb230357028bfabc039b01f905b105b6feacfc99fa1bf973ffdb
09b4f6c3094ef44ce54fe77a191b043ef1e9f1e1ed9afacd0efffeacf4be065412d2fd890c960e4a
fe760015f977ff78fbd1fd0afbd70667ffcb0034fae5fc8cfda4014b086cf9e80101fa5dff8bfd1f
f6dcdb9c0955da75c0e60a9cedfa0b850dfdd57cfe13048fe44c039c1557119ef7560f35fe760bf7
043613180636ff2a12f9fbf2f89706a301200199ffe3fddbfd50ff0df9e8fba111a70db1fc39fca5
0401038f0542fd980245045dfc10fd4901f1ff0efdcbff51fa5afdb6035c0469fa56fc6cff54009d
e196fadcfd44fc58090406a105c9077d0e88f447de1a0950ffeef9a514f5fd89fb0210b3f7dc0cf7
16500c25019500bc0624ec3c0122ff120eca07d0ffdc01ad0126f9a5eb8afe9602b4f28cf720f281
0489fbf10129fdd50316ff9603ca0124ffc8fcbafdb302de0037fa8f04ce0197033f05f501a90455
efdafe890310e8beecc5f867038fe9a50169df730f05069610ac013bfa7beb39f5d305e5ff9d06b7
040f04dffc96fae5fb89006001080037fcb1fb85fe82fc3102c40368ff51feadfb3c04bffba7fe15
e7b1edbe0bec09d3f3bde32eedfdfdacdbc0f8141756eae11095fb60090d03880511ffdaec6409bd
0563f5d609400762105a0470f3e900f2fa18042808bfee37005bfbd40a59037a147afcb7f3b005b1
098df0b21387f94a01860cb603c1ff1d078a1bacf393f6f302a8ffdd04630145f6acec70ee401221
f9a5024a0341ff8efc48fc4b0457fce9fd61fe4cfd60fc7b00a4fe31025bff83066b00ebff04fc67
010ef9cf0226fcff010702520578001cfeb0fa9dfe99fe6ffae1ff1003de01a704eb00b0019e0553
0219000e0134fab80249fdddfd9702840214ff05fe84018cfca7ff15ffca02e8016004f90486fbd4
fec4fbd6f99cf9cc013afb0a04dc03a2ff21fb7a044901e10150fba6faecfd29faa4ff5dffdc00dc
f9920a97002f051611c314240c0dda51fd7bffdd0a34e3d50871fd4efa96f6fd0776f2e8ed6910eb
10d4f826f2a6e6daf51fec54fce70791ec60e065097a1d70fa8dfb90f328ffe30694060004170cec
03190271feedfc07fe9b0175ffaefd96fafefd7102cc04eb0157ff3e018d01ac06b3003304bb00d3
ee36ea0407b8197b01fe21a7f74714850221f11e077df967086c012b12900041fbd0f6e3f809025c
05f9fcf704c2fdefff79fe52fc9bfe94fe5903740096fc29fc6a0407fdae007cfb340317fae10773
01e1fadf03a103530247ffacfdbb00c5fa6a00b502ce029bfece0382051d04820067fd82fc7b013e
04c105350425fff1011bfb88fd8f036afca8fcb9fa2f03d70394fb1702880661fdcafbcefd2703cd
1404134cec3bfe730b29f3bafd49f55df282039c0604fc41fb9afc71f471012b13a90e0906e7fb3b
03e2fbceffc9fd6b01070202fa06025ffdb2fbfffc6ffb85fdd9fc1602a4fb180279fb0ff9ee00f7
f237f003e8c704860178f6f800db012f1932d353ff70fe4902460458fcb8f6380c83010ef9af1460
080d08dc0180185a0fbf09cefc0807890b6e0e6ae87f0c830326f84bf087df7405d3fcb40025ec69
001c02be04adfd74fe4002db04780569052401b000e4fd59fa97ff76017704b8feca0383fd35fcf0
fab6f77e03220071fc85ff2cf506f90ffbb30363f5cb04a9edfdfd94fe04e9a7feae0cacfa06f605
0008fed807ce084ff96af6100ddf0359da2704a9f94df018fe6d01e10afefb910016ffb009a7ee0d
fdbb001afc00f6d0fec5005908f508f8fe5dfef3012eff9903b1046e0310fb51039a01b9fd23fc2b
040e05070126fbc8faf8fb7bff02017e00e7007cfefc03410098fd38fba4fef6ff2afb81fa470013
f9e5edca045bfa1cf912051de33804910fe9076bf875112ef629f8c4f7f316a9165ed87ff0300153
04dd0438043b0074fefa0543fdc2003301a1024f00cdfa9a0429fd6c037affdcfbfdfd950054fbaf
fecbf9d805b901ec003b036d01e10296fd2c054f051cfd94015afdf6040a06a4fd120494fca9f978
0b9c05c6faeefdaef9a3f8e8fb22fb86fdb3ff1d016cfc3605bbfc92f1cfe092f0ecfe1609effd15
047c00e9060a034afd2300a7e2fcf3f415d9f4e1071505b2f84602b4eea0fe77fb171578f780f7af
0840ea00034811f3fb94ffc9eb96069a0005fc05ee70f595f5ebf78407210b2be27d07b7e47bf34b
03a90495fa7804ea00f8009d0360f9a3fc9eff46fc8afe0e0233fd5b053ef892fc000126fe4ffdcd
fbb301ddfa46fa17ff7dfd9c0202fd92ffe5070a01b60417020bfdd6fd50fd01fe72038b016eff7b
fe0c031104c0fac800f8fb38fec9f9b305950279ffed00cc01aefa60fdc4fb6305b40474035dfffc
010702f501120527fc8dfe9b0530047f0248fc67fd64009a00c10257027d00b1fe48008000a5fdd7
ffd102df0087fd58fbd2fd9402d8043804520214015ffe720436fb0afbd4ff77023c03270585014d
fb0b0c3ee49c00eeef41eefae07f024e14eff080f6b80c5bfd8d02af04b70b9ff2cb0c30fce7fefc
17f5fb38fe86db9b00600c551122f767f2d3f4f1e027161d1628fbc4f288e3360d9ef56d00b7fbc4
ea6b05540288fa570b1cf7ad03fb08ad0421dd86ce1506680926fd5f0e480d3ff274096006b7fa1b
01c20bccf67eed89f6f104ad17f1d475073df6c1ff181241f351fa81fb310d56eafaf7d200270f11
fd03fb2f06880228fa8b0058fe8904cc032bfc990220004cf9480316066406870497029b00e502a8
184e0f88f1defcbcf480e0c2e87c0280e1c409d3fa7f04c5ed94fb71df780b41fdc4ecfffad0e8c7
04edf39d007805bde95de70cf1540b510a85092bef6d13d30bb7fd35126a01140c04e50417000606
032cf0190c5309dced3a16e104ea0db8dbdb05630acfd9fce7e7fd2104720dac0f2edabce8c5069d
e5e0edcd0e1f010b0f04e21c12a2ea2bed230ddeeb5e05470d07f96b0c7d06aafe5fe7c1fd220c3e
ff4cfe9b0279fcd60004fca5fbd1fc6c007905fd02e6009efc60fb25038801550449ff08ff4cfd5a
f5def069e70aff13fd11058ce14bfa871dd9fae4010cf872f242f7ecf7affda3f233f03ef66af77e
fdca0159069bffe6fceb034902ca0332003efcbcff1304a5faadfc8c0322054504cb046e03e8f92f
fcaffc6d016e0242ff1b00f50259fce5ff4cfcc2fe07fee0047b052a070a0603ffb1ff37ff43fe2d
02800221023d045afbf4fe5d04f70207ffa2048cfac6ffe9faf402affa72052afd9f004ffab4030d
035afe33fbe0feacfab7017ffeac0224f9e800f3033b02a6fc540364feae04edfe22fc1bff5105ba
f651e56511f50f78fb5e075f10bc0a60f680012fdc310efdfb8c00621398e1ccf7bd12090464feb3
fa2f0d0109f8e6af1b53e7cff4c4096e07a007b1f90210c71304011302fb07ba05bc0dde04faead2
fbf601ec039d02980634fcbd0204040dff12fe86fbfe0594f9990361fd0c00bc0194fe7104f0fd7d
ffbdfd97067503d800f80410fe48045a00a601d6fbd4046902f0fcc20611001703400333009ffa2a
01e8fc2bfbf7fe9af9a3007502b1fe9702940415024e0289fe30fe27032602f804e300ccfb4dffb5
fda302edfcde0460fe8d005f0024fd7f0583031dfa930431fd81fe9cff98fd19fd59021a043effb2
1d1904990d6307eeef28057af086f4470575ffba070a0af7e51cfb58f83d0684ecb30f2b017f0376
f934f1eb0301f65e0ab0f4e4feca0294e0c3fa6405c8f5a708040567f4d1fb10f588f55b08090c49
027b039803adfb6c0111fa7bf965faebfa4100c3ff21fd1ffd68ff88ffb2008d03de02ff008601d2
0d9d0d1e055af13c010d08d8038700e107bdfadc047d121c0d9efe5cf688d28af57b010f04d1fa4a
ffce04ea046efe53fdedfa5effd4faec031304acfaa8fe990361044afb5bfe5ffd89019202d305bf
039903cefd1d179e0548ed55fd3efd3cf751fec70b150be6f6beedc6f39e0e9d066df9ccea1f05b1
e245fb75e9640d8efa3506c1da4f0dd1f4e9fb72fce2053cf4e50c490a6bff88f567f8dd13d0e7e0
fec7fab3fe1e0482fd5f0151fda6fddbfda9ff8004f5fbcbfeefff870417054efc2bfe61023402a3
153e094af99b0d1e0889ef2a04b9020ceee00069099b08a7059f0a2005aff896f826fac9f9e0105c
00cb01a20a10046ffbdc052705caffd8011902d4062dff3c02520816fb11fc6bfb530318031bfb72
fcb9ffa205e5ff5e03aefc18fa8701c8fd3afe0700ff030d03be03f9017b042d000c04acfc8affca
0fe5fdcb037ee57d0fd9fbcaef3d05f00897f9d3f4c3039dfe22f8ef098bf33604c8015e02d111df
003afa79058900c3fc7efd99fd430012fed4fa55ff5dfc82055c0306fb94f8ee045afecbfeea02f5
fd7902ba0196032afd46fdfb01ae0035030efcf9fbed054b0294ff7bfd29fcd1062aff11fa39fdee
dbd2f317f810fd650601e36bfe3bf9d9f42ffcd3194d023fee0a1d08f86b1acaf878fce6e9540b8a
003102100337fc58fe84fcbdfc7403c8ff3c049ffb53fbb0055afaf70193fe51f9b604fc027103af
fe66018dfbc4027fff34048a02a20219fde9f9c702f6fd25fd64fa9b0073005a04cbfb0f049701b8
01a3fff5ea15faaa02a112a6033f047e075ef90711690408eb6c029bf47ff1a4094ff800f8fa0231
020e0bdcfcbf1844021a123b05a9f398fd80fc4201d1e347f48af7a9fc36016afa13ff2ff59109a9
edaa0abef7fff5c1f1baf8e90f91f3e8000400a3f69afb4af3f4f8a2e8cefb870657fc4cfb760740
01e5fb04fc70041205aa0223019cfa3cfc1b0026fad702e1fb6aff180457fe6aff520572fbacff32
076dedf61d450480f89a030afa8ee9aee68efb0def2a061c10b0027d02090a4b0f87036504abf136
fee3fbe6029afff50608fd35038c03bafc0ffcddfd34f9470530fd76fdb7fd87fc57fca4fe4e044e
e7f5119debf013ef0833f0fef20b07d5ec0afa21f064f8d80e36113608380adefd1e021e00a90f55
f90f002e02590102fd160570fe57063806070214fd2afc510144febf01f60533fcf6020a0342fe8a
0391f0c0f581007cf8f800980358fcc20b38fbbd0f0a05a905ac00ccec09f528f0cbfa93fcb5f9ee
02fbfdb2ff5dfa2fffb4006506c6f7df083305c9050e033606b5ff61fadf0100fff30366066300ac
fd27fe0cfe6afffefbc80470feb8ffc6fd3d02070692010ff9cffd61faed0117fdaefd19f787fefd
01c8f9e7fec40654fb94ffbd04f7fc64fdc700700277faf10211ff93042ffbd202ca017fff660558
fe3500ce00dd0069033b02e9fe34fd77001cfc18ffb200c6fa27fd26fded02e6fbac00700227fedb
e6ca065f0815f3490cebf227026b0545065403d00344fbca011ffdbaf3ea022519690259e92a07f0
e6f1f3910a9e048afc98f8d60022fe92fbd60158f31715cb06f8fcdbe45cf524f15efd1b03b2f17a
04d9035dfba107fc0cf7f76ee8a10d7d18690187091af9c5daa9f647f1f9decd0a0afa38f94109ca
ff4cffd30130fc3d009f0235fa0902c6fda1ffe0fff3fd67002ffe8d01d50113fb2e055f0529fbe7
053600d4ff7c03d6042dfc9504adfe08fb74fd9afc02064cffd104fdfc73fde5003800c6fe68fb47
08b8fdb0ff620f21118ff1d2f5f210d8eb73fee6009512e6015ffa10f4da1187027302beef430de4
0619fb32fe0fff4603c3ff920072fb34034a022c04a1fe33f94e0334fc9cfe91000efdbffcf8ff96
0251f9e807c7f5fa095bffd3e6bf12d1ef89006300c71e08fb960988fdac02bfed29030ff8fb05b0
00f102191092eb19f266141b0779e3880fb1fbe8f93112d8e91de5defe88f98dfe6ffdfc08e0066b
001101f4fb06ffd5013203b100c6fbf7fd58029efe43fe66ff81f9affa88ff60038404eefc6805b1
fddc0308fee9fde7ffd507d3fa6400ebfc7ffb67f8ca03f0fd6bfaf101e4fe82ffcb007606660443
03d9fc4b0782fec80078f9a3fa17fd13fd38027aff66ff2802ac028efde509f3feaeff01fd0301ec
f1b6f3dffa4ffb0cfe870899f4fe059b0aa9f8c003f100fb136af0f200a100f3edad03b0f6f7f4e7
0d37f9210c3ef7071838f989f722f722dc95f9e4fb17ff1d00ccf73e09e3e640f265f9e4fd600631
ff75fe8800e70403fd33fd8501c703640325019201dd017dfe60048c037c06ce0479fab5fff3ff40
093f0916141d045ef312050403f006bbfe6ffbc602e0ffcb17def15ce69fe4600471fd4bf0c1f638
fcb8fca6f28be907ff45fac1090df7e8051afdf601c2db2f09a9f40e107b0b8608cb029f0edd06b9
fe8efac4fa930403fde806190477fc3a00eb04d60438fb36003cfb9efcd6023dffaefd970514fc8e
02e3f8dd0d2aecfff2250bda06b7f2c1ed090102dcf0138de89603d0ffe904330a99fc2ffd46f29d
06880616fb7e04360364faa1e1410e8ffc6a016bfe9f0c20f85d042df366fd27004c02b4eda9e9f2
fd4307010a53ea840d4c05961c10037bf43bfd09eebb0743f1bff10903b80e9f0729fb5bf798f0d3
ee90fa0e0a12f41beb9303e41774f5650e3801e506dff7d9e3b410fb0191140a0736ff85009706f9
06c508dd0b5907ecf17fede6f31716c9e20ffa9d0697e255f23f05b8ffe909f6f418fc33011608d7
18bb02edfcf4f8d6f137fcecfae4ff0205c6010d05cdfdd613a812b5009cfe4015b7fe8c03b30a47
00b5ff31fef304abfa0d03ab02ecfd1702fc0453ffd6014efec7005bfe1100850606fdd202a6000c
f3a70c02f763155019a4068ae78aed4f1462f9ea0075f057f5cc0253ef6017d3ffdefa23fa15084c
01f4035efb9805cdfd1600e30345ff37007b03adfd2afc3f0395fc270354fd88fb0cfed10220fc81
fc180d60f3cafbfb0f18f0a9102804add6590401f630fdb8efe9d6f6f91002a1f84cff54f7540850
09ad0c37161fff86fee81631e7ec1f080056fc30f8710feff60a094d05daf397fea0fdca1b8ce9bf
02530303055cfeb80136032c022efe32fc71fb9afb4d0366ffabfdad017dfaaafd72fca203cb0025
11fcf4c906610e31f9daf39ee592050df2a2fd2df7e1e9a4f48e0838fac60593f5d5fadd14f40186
fcd5e4b01488f6aae8ed09cd0983e21302b80085fef4020107460a15fa7f0bdbf4ccfc8c0aedf82b
feb3fd0efba5fff3fbcffcd3fc8f0534f9a2feae01a60369039a050c0034fb25fdbfffff028601bf
08ae03b300a8f001c15217e60b57f644e3f8fb45feade029fffd04edf8b915e412eefa61005c0697
ff00fbf3043bfe07ff840303fb3600fc029dfee0fe8d010afc67fd95fade03aa069f04adfd99fbdc
099dfc08fc810318f9eb01160aafeea0e8ca02a3f3350382f979013afb38ff510dbaf9a3f6cd08d3
1261df78063513380284102ddf82fd921ca8feb5e522fd10eacb107eee850e13f33900b40dba1380
0b9dde34dc290e0700db0dba1ac301c9fa7ff90cdc300f70eeaf0d5cf77f083fff2afb8c07140f22
0212fa2002ddfcf305a60568fe9afb7aff89fb61fd15052c056bf9a00299feacfd2704d5024d010b
fba6002404f2fcb3051001dd00fdfbebfadbfb4403f801fafde5fe3002c6037801b702e0fc2d0079
fb3f00c1016bfc5101f401fafff6042000810024053402b70169006dfc2afd21ffef04cafafc035e
052ffc24012c01f9041cffd2007400ad00c002d6022bfdd4fc3705fd04a9fe6d0390007a060805fd
0293004f0414f587f34f05730b81f6811558fadafc8404e500b7f1eefbfbfda0f082f89200ba1168
fd4e027008e700560ae6f6d1f40407d1f46a028805e6005d0009dfba1bbc084510f5f8ad01b10461
02b502bbfcbb05a3023ffda9fa2aff870077fad1fbf5fe58ff61ff4b013102290650feb3ffae04dd
090e0142f33a23f0f9ce014dffc20526055600fb049e064ad0070761df551a6bfd49028808d40051
00e5ff7efb1e004901abfbcffd1bfdbdff83fde0fa75033204fe019d0522ff8a00c6ff13fbecfc91
fdb0ff590198038705af05400014fe6404dafc4a015efced026d02e3fe9efddb01e2fb6bfdd40438
010af9cc0480fd1405bbffb3045dff29021f055dffb6fe93fe22fd1400cafa9cfd96fc58ff2f0433
049d13bd0b0bff7c1189f8eef72502cefead03901187f38e0c2e06e3089cfa0302a8fe920e15dea8
fe1cfb2b01a9006b0696068afe46fc58ff33052704f704900448fb68fcdf046b049403790415fd34
04adfa3202cff8e7f7ecfe79f5bb0a61fff7fcd2ea2f1db70468f9ddf811fa68f89803510b0e0d9f
faa706f5053205af075d0648db90fff40790002ff480f61102bd082efefdefeff40d027b13e80018
fec501b0fa21fd5dfc8cfc8cff590539fc270319ff14019dfd9e033dfcad02fb0152fdeafdf5000c
0b400197fe67fa4211b81a7e05defd181321fc1bfcb50499ecdb00bbf452c5e90813fe8e0325fdd1
fc71159a01320214f046001a0bfc0d47f697004def00fda7fdea0b300e71f6730532fac40dacf81d
024f06ceff26fee1ffaffea80004fdadfdf203ecffdafd20fa9a0035fbd7fee1012e003e05d700eb
06df00f901a9f87404befcc90072feba0038014a0205fe2cfe4901a8ffcf04bf0691fc81f81b011d
084dfb79f3d3fb720d9cf2b7f31d0743f8f0f9eefaf8f8b2fafe0dace51af7f1edd6fe0efcb702ed
01a2fe8bfa19040b01c804860525004f04ccfaeeff8504befecd04e8fa1dff90feff049700f2015f
fcb300270095fcfffa1afb2803a7ff63ff19fd3607400357045afcf102bfffa30641fb63f937f969
04a6f344dbf6f5d1e454f9a1fab7f9f31217ffe80bf0f9afee7607aef9300ecdf943fffaf0f90c03
0901fd10f3420181fd4903b2ff5105cefa5afe030f2f0d59ac8c03cdea960c50060d009308410dc4
dc79068d120508c9f676014e047cef520a3bfcd919d4f396f6b0e3b5f0860887101bfd1deca20310
00c10028fbcc015f057bfdbe02b4fdbf0206fdebfe6bff350027fe82fa5dfdc3f93afd31fe91fc77
0735fffb020f0461ffd602310175ffed0617ff0dfc0bfd3b057904f9fe71ff4a018e00b0046cfc8f
fdf800e7034000ec054500a4fb23fb0afe20fb9cfe7705ef03af0178053c01930212fd1ffba001b9
00ec03d0fd2100a3ff01fc210251fcedfdb3ff8504e8fcc3fc7c0015fae8048dfd600345015f016a
026b00e7fb480503fb46ff86fbe9faa0f940fa75fd21ffcafe9ffc3bfb0cfea6ffea01c103f701b2
ff2511611946020007daf111075e070fea7dfa160ff901d7182af71afc6703da208bfe1001a7022d
01f5f6c90db4fc54f8040416f400fe0310c7012d0f3d04f9f8f1157afa6f0b5405fcf9660e61fecf
edddfd14faae06bbdeb2f486fc36ffbce5bafeee023909a31952ee39fac5f809eca400f4e355f108
0093038bf8bceda6041c0c0602c411b80ad4f9b30ea6ff6801aefbfefd72035312d9fba303df0d1d
037a006f01e000f9ff42fe2a0275fbfa0601fbd1fd7bfb1cffdcfb43fb79fd31ffe500d0fb86fd8c
02ec072c000607feef75fa56e90803430001fb261066fe11fa1100f40d0ce907f6dafc60097bfce8
0fcbfd87f72704a80291ff49fa980829f678faae0190fcc0f6a004300f10f1a7f3cdfb4efc8cfafd
12b4efd40aa210cd11dd089a03c6fb7af7b10061f7abf4d51399fee00e6bec7b118bfaa2091200c6
f2bf042701dafc210264043f0e68ec760b8efe1c0c72ef6402d1dce80d8de720ee39018500e0df53
03c8013304980412033a028803980549ff5e0216fc4ffa26fe1c00bf02fbfb47fcf1ffb30030fca0
ee9c01f8f573ffbc001cfb98044c1143f9fdff73eb00f97d15ca044502eefe6e0475f9f016610537
fa43018e0232fd88ff3bfcaa02df05b8fd9d0594fcb00135ff7606cf008905fdfc15fb39ff5afd57
fef4fe0a0304004b08a206270268fea7fac30316057001cefbd30810fce2fc1704560563fff1fa40
fe8103f5fc5dff94fd4e03eafeba026601ba00590445030901ce0336ff9bfa68002a00b7fc1afcf4
032ffbc50057fbb4fd8c0476052c0327fbeefe30fd1f044aff8a00fefb84033900d3fcb6fe51fe25
fc5a073f03550d64166afdb00266f9c4038bfec60178fd82f06e0fe20e27fd56fd7f0153fc28ec78
f264f591f5da1133f915fd90006fe8cafd3cfb3df5aa0491080c0715fd5b0769de8ff912e8fae866
06680312fe15fd0d0257fd28fff8007dfed5fa6efcb9fd21ff6901cd058cfd0705eb017802b7fde2
0381ff1e0156011dfc0600be03a6015f010500470135fea7fae90337fca6fbb3fa4c05c6023efe38
009afc30fd9b0156ffcdfe0dfa2eff4005c3002a02d202cbfcaffb7c018b0576ff3301c3fdd9062e
fcdeff71026b0180053cff8bfbfb003e02b9fd2c00cf0012fdc1ff26fc7d006c006200d6fc5c0186
0d08110cf8b4f3ddffe8fdccd5320b64e7d4fa200b530553055cf506092603870b6400f601ef096d
ff84faf20a23151bf5961dd217deeb081ee2ffb609f6f056e12deee70aceff3901b70280047a09e8
0114fd51ff380179064003bafc2c00cbfec2049902cc0383fe000498fa62032402f3fbc7052ffb6b
db63ff5bfed9ede3e86bf9210ed7f9090431f73dfb2e0473f353f6d10fc70dc906f2fb82f878ff96
0114fe55fa8dfc3efab4fc450240039afc3a028efc37fc5bffe8014500c6f9eefdcb008afdb1fddf
09700893055af1df0cf7069b0a920063100bff5ffaa2f1900b59e0bedc17f66701db0096fee4fd10
02a5ec43f82a021a09a9f0d4f6fbf8860e78164001e60650100ff476f16bf1e50acafd5eff0500ec
fd0003c9ff6800b106aefac70191fa75ffbefb020341ffec032a00ccfe42fe9a0033fbfafc9efeb2
008c05ddff3810c7f61cf4d0fcbc046a014f0788fa0c04940aa40006fbf709a10b3dfa04fc8a052a
fc93fff7fd52fc0403b0fb3e0043fe5bf9fbfff50444015f023d007aff8dfd550475fba8fb76fbaf
fd4b0543fc46fa28fb9c04790405fccaff06fc1bfc43fe5dfd57018b00dbff0b01f3001dfd43013b
19e7f91b0243ff38041c0d4611f3f9f315f8f20a118a0297eae7ff100c05fbed0111006301f2fc48
f9130521fe7800f2fbcdfb18fd0002c804ff0249fc27fdb90546faf7fcf205bbfb95050efe1f04c1
03aa021afeed03e2feb1fba80437faa6011201e0fef6020a003e036d0294fe61ff14fcfefad9fb4f
fe7409720bbc030efc71f6fe0d18f7e8fc17146cfc67085af894e8bc0d7d08befe81fb500126fb65
fddef7f4fd86fed0fd1c0462012efca7f8dafdf1ff99f99cfd4f024ff960f8d40019ff28045fff0f
fe530222fe49fcbf0122feabfdba02adfd32fca8fb08fa8efb94fd02fc4802b1fb1c00dc037ffc84
02990e3c04dae5daf8d4079e03a8fcbdf2b701b815a4007a0c250688fe0d0420ff5ffecbfbc803c5
fc1afd5afd5bfc9b0d6ff078fa46ff9211b3fe3eeba7df53ec90f938e64cedb5c420f9fdfc04fce7
063c0d90f711fc33ed64fbadee78fc4f01b903550328f95813530e67023df226f73cf947f6cb04dc
00f3008bfcbdfb8e07f0019dfa09fb64ffeffb1c008cffa9fe96ffcafbbeff15fe1afc16ff1603b1
fd71f3b60778eac310b4fffef591fc17f6f4f9a502061d3eff00f015fe9f1611096bf943fbeafe6e
fb7a0473fd64f9d10225fd1c03a30188fc31fb8b03f0f7eb0332fdaafe2c04470354051efcb9fcd8
0aa000eaf7230aed1398f470fcee028ffdaa14090b53f076f307ee9402000be5f0fd02d0ff9afdbc
0b1ffdfa019dfa48fda001b6fbb2fd1e051f0213fd90fb8c0526026dfd9dfb780409fe6f059d0468
09500ef2fcd4070df5590d65e8dafc10f87bf0600edafd7209cdea36fd7b02d904cdfc33002ffe36
05c3006401ed0526fdb7003103c90168fc28fcbcffd2fb1e01c8ff6efe020226fd4ff9e303ac00a6
029ffd690183fd2805cdfe37017dfe0cfca400c20842fbcb039d09570109feff079ffbdf0307fb0a
03e2010c010afc2efee6ff6b0126fe250222fc8afaefff32ff4dfdaffeaa0360fc16fe8905c1fd83
fd7d0288fcb7fe52fad303acfdcbfaedff2dfe00ff47fcf402e3001dff93fd02fc77fea3fc6400e6
f040047c0319e0aa03c000f70deafbf8005a1221ff4203a809be07470e35e80513b9ff03fc6bfc57
073ef32a050e05e60376e4e6191bfc4ed4e203e6f92a0934f89a1361f32d0460146efc22fd80f9d4
fab0139b0d400ad9f8d8fe4af52302b4f27709dfeeda051c106b196b0275fa91efd3026f01d7f9eb
03b8fb9602b7fe9801dcfacd0268fc0604f803eb03dffd03fe0efddfff55fd51010800c0052dff36
0169012a018afc8e0127fbaef97503c00034fcda0392ff7c0027016e01bcfcc10431fc53faaefcd5
05a3f696ffb8008df83803eb0c75fc8a229a04f3fba00118e19300d21552083c08cbf843ff3bfe90
fae3f983faddfb2a044902eafe75fad00033061d03a00179fbf5097afff2ffddfe29029dfc68021f
fb46010bf83cf6aaf0dcfbf9fe5bfe55f811fb03fa350ba3fe7ee341f44aecbe096afb7a03070076
0ae2fea9f7660e070ab41110ec61fb490939d4f605cddd4705b0fbe90689f379f704012dfcf401b9
faccfe86fc43fcc5ff6c03d2fa93021cf9b9fe370029fcdbfb75032afb93fb15ff1e048bfacafa6b
fb7efcacfcf1fc6efd070166fcf9fd76ff4dffd9fa810408ff0cfcc7043902fbfc6a03c703e8fdf5
00ebfd7d0580011cf7e6f8ca06a7fc1400c4fc86fa7dfc81034f0038030f02fd066a03c0050304b0
079f003df5c403ea1197f4ebedf2f7c01744f3af06a5035c079feff8e3f4f08bf9c0f8ddfc96f6dc
089fdc86e6e0fc47e1d7fd62fb6801a3f5bc01f7f602f9abf6b3010e07a00605fd14f981ff060079
fe07fda001f0052bfbe402b5fe55fe6cff08fc3904a7006eff7701ac00fdffc90357fdba01e902fc
ea1b02f0fa2b19c5efd3f5b5e336ff090642e57c0be5093ff11102a5d2c7fb1df72afc30ff59ffe2
fda3106c0fa600c70ef0f3a6eb82fb501391f25002b1f367f94102bcf37de453f068007afa3ff6d3
fa20fc85fd77016902a202eafbea03f1fcb8039e02d004e3fb69002403ceff05fdcd0458ffd3fee2
ee3d0331ec51ff9ff5cef2b5f6b2f8c0fd77f640c82911460103e11b0c7bfec70692fed3fb3f005e
eabddf80f4abeebf0cbe0952fb30fe5401b917e9139b09cefe82029304b5fef2fd65f90bf85d025a
ffca14a6eeb708bfd9d8d64c10ef0218004f0b61e2500ac6f3fa01930e2c1cd2fb6efa14ffcffeb3
fb0e152f08c616f2feac06b1f88efc0b0d2b0fe306c6fd360a59efeafbf81eb711fc00060163f9f6
0e01ffd80143029b0e2c046700e1f98e0a76fed900b2feb00d0df2bbe96702f80b49fd67fc1700b0
0e80f62310f7029706c61aeaf7f8fa39fd37f5a0fd8e0ff8f9b71abdeb7c0016fe15fbafffdbf8f9
ff02fde2031e00e104a202a9004cfad708a7028cff5a015c0088fa1704a9fb5cfda8023d037c0381
07b7f885f240171cef31e5ab000b01be11e80a6ad0af03e202220aa41b2a045d0944fbf4fb6cff1a
fc1dfba8007a01c2030f044d0144025ffb8407aefaabffb9fdb9016bfb0302f5feb2fe2efcea05cb
0609107d01690812ee43fbec103a0123fda100aefa6bfe50e98302acf5540c7ff1f5fa2af85ffcda
f076fb390d290c7f0b770ff1ee51fc27fe8ff814e5300d1a017fda33fee1016fff04fa59fdf3ff08
0441fbadfdeeff4d0352038afdb4037bfd3efa3afeca033f050a0531fbd6fc2bfb2cff3d04d6fdbc
0eb50e250438094f0c3507f9fd82034ae983deceeafcf01ff7490a86d84bfbcf0ed7fd5afa20fa78
f63a050ef4ff092610841259073cf8ce037efa91e655f1e40dc2fee4041f0965e7cffa87fe66f941
0197fb54fc18002a03fffb5cf9e5fac2fc3205e7008e057504c500f6fc3b0035fe7d01bdfc06fe2a
f92c099e0070fbeaff47ff65e656f868f6aaf6f5ebf9ec84fc67f2c6d14afc7803aff76ffe43fb7c
01e8fb6d00630285ffb1fc16ff00fb1ffdc90131fdf40032fc44fda5043dfc9ffddcfd59fff8ffe1
ed520bf3ef4c04da0c9c0658e819fa93fa98fa6e0dee05910b9ee43df9b009a711a3fe39ff2af900
0ca6dfbe08fc0869f945f8c2fce80275f88eee49e46dfda0f8e7006404f3f684dfa501890182fcac
fbe2e92604b4f140112df3a7114c028d01c9f3620bc5028f0b71f786080e0568f22bff66f685f783
015bfd39019304ed041bfd75fa6300cf0157ff9a028a00d20218ff0c0478fe92fe52fb5402be0239
0256fb7d0309fb2c058301c7fe87fa400067029602f9fd06fc1305cd035a04e703960093fefffffa
0431fbf4fd4601eb01ea01290514011fff86fb320404048cfed30226fd4002fafccbfe02fe5e0461
03ce05f8fa960205fbff01bf0209007a021f0439fe2dfcc80085fa500098021004b2ffef0022fc6c
fb9ffac1eec8fd87f7ffff46f607fc09f17bf870fe10fe2df89d02c8f52fee27fd67fd09fe8df6de
fa28f902f1de01bcf6a2f9501134f7f108330644fa7a03f9f8eff71bfc2b080e1811fd84feb400a5
0209033b009cfd74fd5cff1bf9c0fe95032603d503cb06c5fa19fd7c073b0548067403c6fd3302a1
e81def010d4904a601a3f6a4ee40f6a1fcf50ce2fe42f66a0760f55609650df0e976fb2700d0fe28
02b4036a01e900e502670141fff7fccefc23fa24ff8f0409061a042700e802c8ff01ffa001820172
02c7037bfa56fd0900aafd00fc1a03befaa1fbb5fe3b02f1fa6f0052fbd9fa61fcecfc71ff93fdf1
024d0117f9bcfd0bff2cfe53029e014cff35ffcb03cd035dfb7601e903fafbc201e2ff9a01fa0073
eacff39dfb5cef1ffecd0581ecd4ff070909fee8f9e3fbefff7cf944f864f56706560207fdb7f898
fe2f01e2ff9702d301bd0139ffa30030f9d4fe1305260251fb03015c01260565fae2017000420282
13bf010b1fd4f4f7f459e6bb0b85f755108509f614731025f875096bf70bfb2ce8cffecefb94fff4
16faf6ae08e9d44af7220d2c059a02ab086a0324fa2c0cee03f403c6fb4b04adebaffa99f9d6fa83
042c0251006e012fff92fe1fff62fe77fd3404b300ddfdf3000f02bcfe48ffe5ff37fcf7fd59fc12
f9ed07def6b60ab3f4d012dff4a0fc490132fb70ec4204440987fa6ffb17fea9ecfffb1e0061f836
ff12053ef61900cbf771f6300896014aec41125f0005e32f19a9fcfbea37d918fbf5fe43f94ffbae
ff1900bbfcb9063ffb5cfcb7fd2cfdd200d3fbfcf6dbfc7cfee304fffab5014405640565fadffa42
fe60fff8fb4e074501d8065502bf027205f3038b0514fc3c015ffcb600650054ffd8031101620491
0501fbbc04d1f847076e1a7eebe7f6b2f82306f40fb30976169501770b11057df9270237fea4f746
fad402fdfc3a011a062aff8702effd37ff40fb5dfcbd037a01eafba4feebfcc3fb6d025105bb03be
fba002ce02f0034ffbd3fe7f0332fa68fe9afef4fb90fcd30632fd540493fcde0188fc1c02460083
fafe15d3ff05f799e73ef746106efd90058e0918d8710bfd096ef3e901c818780a2b01acfe0dfcb6
f006f858040afcb70f630312fb32fcbef9e7ff47fcb923f9fe44f9cc0bc300c20e84f9f0fb5cff5c
04b900ef0525eeae13d80ce6f625f985f5710790095ae82e0aea0532c8e2fbc5ec1bf7c1f91700c6
ffa10761fb44081a0037fd24fe3bfe98009b0138013ffa47fca503cf044e031cfac1ffac0397016d
0013003c0354057dfd97fcb6f932fd82fef2fe7cfd2cff4dfb96fc6b01b40304007cffb8fecbfd8e
fcfbff9c027a0298ffcafaa7027e038ffbfffdbffad5fd4cfac90409ff00fbb8fede0338fccbfa3d
0173fa29055d0056ff56fc8df9a301aefb07ffd80324fe8703ec0219fdf1fcedfd83fa7ffc3bffba
006f02600516035e028801c5fd9c030cfba9fa7bfe4bfb80001b03330035fbae00750381016dfaf4
f9a3e0a705f4fdd6f97f107efe520051fea30aeff64808160906f28bfb0d08edf572ff5ffdc50009
ecd30c63f38113aeff14f411facdfa93fd25eefe0572f923fd7a152e031412cf01c0f954fdfff88f
10c511ed1adc05700751e33c0105fa090bca0e2cf794f3a707d80465ef4014abe3b7fd93012a0266
0ef6efb2e108019d05edf9b507c801ed0eb2ee1e06810473f1d516fd0faf0a5cfb71fdfdf9cafc28
0599058ffe01067e009cfa5a04d4fc7204bcfd4efca104410574ffd105680276068d001601d202e3
ed8aed490ab2046e05e202ec0abaf7aeed57086f0a8cfd101b410b5b0ee1f4c50cc2f97cf9c0fe99
01c4fbed03770a01f5ddf403e5a4ff2cf7f4fdf5e75e00ea08c3ebb2fea0031a105803920041fe93
ffca115f0233fedefe21117e0203003be54dffaa12140bdefe01f98d0c39fdaf13f2fad9fe25f379
ee59016ff3571f970056fc4de6e30240e12cd8e5fe5ef378054914fe0d09f9ffffa3f8d70125f96a
fcf20250fcfaff6aff32f9e00079fcb70028ff5cfc6e0053f9ddfe0b01ea01b1fe5800cc05d0fb9a
0d3cfcf10d34f20b000a00451bedfd47f6d805831df906be1b3a06440a83fcfce032fbb4fc6af9a8
007ffa7f04f30202009fff57ffe6fa5e0485065d058f023cfdebfdbf0336fc1cfce6fd22010402b6
052b068904c600f8048500eaf9a105d0fe36f935fd67ffa800510146f8a60022ffc8fde6043205a3
fc5cfa02fbd003410409fe99fcdbff1304e3fe220117fdccfb87faa400be0518fccdfa5401470141
0326fca4033304cf040efeb2036503e3fe73feda010ffc3afebe0238047d051bff87fb5cfc12fc4a
fc33fad90bc5162af98cec03fcf6fd310540f488d97df277e1d9f8f0f17c0af2fc03022cff84fe99
1347f3bffcb6df8c1127fb360462f6c2fbe316030d62d441fac3143df07ce7d1f51bff91002ef8c2
f8ec01cafe31fb58fdb0fedc044403d40230fc29016203ad01e7fa69fe60f9d8fed7fd60fa3dfaa3
fd460389f9f3ff8c04ee0125047dfbf5fdc7fc8ffc3affd4fbd700b1fc67fbdb00a8fd14fb560212
0325fa19fb3afe30ffbffb86fef10434f9fa026f01130285fcd2fcc0027b01f5fbf301fdfaf6fdfa
fba1fad002bbfcb2fc42019b045b0313ff96ff66fc0a01b30069fb8cfff3fcc8ff9b0312fc1fff21
15bc0d1c1337103deba5fa3d0726fba6090b11ebf99e0695f3dbf4de05ad0e6303fefd3bfa94017c
0127f241fc1f0f25f0e90a76106fffd5f97f0b4f007ad61f0084fa8bffc3124a0967fc96fa8103ec
fd3d03f5ffa00430fe7303290321fd690144fef2012202acffec034d056ffd0601b6fd1bfcaafb4a
11dcf79d01c7fa7d012af533fe02fbbf06ee1237fa4ff411034cf386076bf9fe00d8ff72d97cf958
fd67fc450328fcd7ff5d01cffc4bfed1fb5d01adfe54fe68feb2014dfac6fdf303620118019e04a7
fbbb05acecc6f84e1dc61a20fb3c011409f0035f0c7a0b19e183f1d4ee2f0813e165ffe80853fe62
fb17f89405bbfdd4ffb9fe85f528f9591185fb9f13a4f6d5f4af063e02a6eb4804ebee30ef06ddae
0180fad5fe6603c1fa49ff31fd04fba500dbfe03feae04d203e3ffcf06ae03e6f8be0443001b0583
06c8096b03f7fd680168080512e6fc11fe12f265fcadfde1fe95004006000c030ad30546fc1f0d30
0139fabefb1a036efc10fefffc97fcc10506003a0161016f04f7ffec045204bcf86f046bff38fe82
fd0ffcaa04bdfa96017302e10005fb830539fb38fef105b9faff02c2ff9ffff3fac3fe01f957040b
f649043bf6a2fdc701120a2c0480fa3cf1d7ec5f043007b0ff5e0cef1bf600a502aeeb70fa65086d
fee70350ff7f0397fb22fc0200560628fd87019ffd52050dfcc5fef9015d025902c1ff37fdf4021c
0682fe73faf3fc8d00810099fe580484fb89002502b0ff7bfdf4fd54ff1cfb28fa9bfdadfc24fe5f
fbd41ad6f31cfd4e141bee30095cfee70d1cec6afb5ce18bfbf5f490e51c0abbf1eaf9eaf6c3197b
fb07fd18fcad03d9fc2602c3fdc2faf8fe2803000074ffc9fac50389ff090533016e0183fdc5fb27
0550fefe026302ca0008019b05fcfdfcfc980469fa5401a503400256030afa67fa90fd210159031d
0ac9086eeba7fa08065bfaf1f661f95a03270bccf9d906abf844f3db0c02e443e943f388f41d02a9
db810d9502a1033c0708f2dafec900bcfd7ff8beeb7af524fc431d9cf6710a470601098d0cc4fb82
dbad0da2f546f675f9f0f440fc81fe17fcc0eeebfd2bfc06fd7af0aae629f9370b551a4bfb1f0f38
00e103c00104fc9d00f4034704c2fd53fd370257039cfd4afc100618fc0407aff8fbfbb506b7fd52
e7b6072ff03af6ee07edfe9417f1f9e907cff8f509470d8dd6a4068cf16e146cf7db0629f81b13e8
f85f0417040c059e037c04a2ff1804f8057b0067027901fdfd6a06acfd37008505a3fed40236fe68
f6adf843092cfc4cfe75fa8f13c80175fc99fd71e47bdd32ed2a07c5ff9510c00306ef04117b01d1
0409fb79fe41fb92ff04fd9301a3fb210349fea60045048f0259fdc406daff80fcc2004401ccff58
f21bffbbf042fa0d0a83f4f2064c0144ee3105c4fa890af504e7fa4de98deb0208c20e6c05bafc3c
009c00fefa29ff49016bfb500434fe2cff12fcd2013ff51c0348029dfc3f07040176046f037b056b
fd1b05c1f9b50028fe25012bfeb3ff6202acfb79fc5b07c3fbaaff07f88bff34fec0fe95ffb6fe2f
006303000089046f025101bb057602e8fbabfc0602c2fc0a04660410ff9efde7fc0ef9f7f9d5febe
fdbe004703f402e8fd2502750375fb6d03d9fdc0fe19fbb7050bfea504430279043d042501300423
0fb3059800adfdea0883d68cfb90fe5ffffd09ea0b9b00e907c40338e363039af7761145ea7d0314
f1b40b99f9a2ff2df8a5dc80060c00e8189cf4530f2311cbe0ff0df5fa9bf0f7fa5de4820138f96f
f52a064afedd07fa10e9e70b061b003bfdaffae5f9ad0466fbe4d7f710a604dfe6bd074c0ad90b85
042ff9ecfe4dfc7cfbbaf9d103b40441f9e8fe8403cbfb48fd05fe0ffe46fb4c0494f988049d02e4
fd0bfee8fa440555fbd2fafefb1004f2fbb7006a01edfbda00260053ff87051200d70324045dff7d
0eb612020c6a017ff79b0b4a017cfe80fe26e372ec290306f9f2f7940c6c0e06f4f4e468f9100dc0
00d1033b024c003701aefc6b011e03100229fe5b051801a7036bfe1bfd8b0360fb11022704440630
060403d51814f85d04160be2fc43f93d0d2f03fa0e92fd0e084a0945f4280546f795ddaf1158dbda
0331f13004aa0109f681007be8d6faf407740c64129515fdf76fe2f7ee5f0a1603b80750177f2021
fd38fa68fc1c04aa005efe49fb7df9e203f502eafb7dfd25fbebfc56feaa0387fbbffe9a021dfee8
032cfab701ccfbcd0025037d053e0177fa99fd900589fb730342fe2ffce2fd42f90000d107e100d9
066efe75046307a206e107fc033905fefe90ff85058c02e6fb20ff4b05f9028bfaae01410126fa8d
0266fe18f791fb80fc3505fdf1ccfba7f426ffeb180119a2d15d041eda43df7ae4cb14610bf9e701
ff46f349fe29f5dd02f6f55503d6ff72fccd1a5be644014af56f0490fc19ffb812cbfffa0fa71e4f
00e5fb740297fe1cfd52fc7c03b1026b05d10162026906e5fd150145fbecfb8bfce6fcff061a059b
f77efff60174fc15f20b0eec00c20163ddd811030b1803c703d705e91716dd72f591fc1f0c7ef569
138800ff0274023c012e1290fbe7fff4ebbdff880779021c06020455fe92fa6421a7154b0549ff80
00e2fd35004900d204f4024f0105fd3bfbb1fd15021b00dc0022033004e900dd020afeb2055efef7
0d3909d4fab0f8fef56b0c0c22270323fd7cf90f066710d6fde3fdf20c11f599fe7f05a50079f062
030d12abfff3ffa6ef3dec4b014b0409fe89faa4feb3fbd90a7108f715a8ea5afae2f02de542e6e1
03c1f89e00e6f690ee931aa908a8fa8afcc50426ff31ff54fde6047d0b13f8360beafc35f99309fe
060016610764ffd40133049df971fa5bfd4b00dbf429f44d050cfe420206f7c7080afb16e54e051e
f31103df0e20fe18131903270222f91e11fe0a1e02caee2ef522f91bfede0c0ff681f992ffc70116
fbab098af139ff3b0d4fe8730977fea605a7f6620ad71009f5fcfc7f039507a3f07cfe1812a0ecb7
feeefcdb0015fe29fd80fe50fe840490faf6024f038402b5039702f90165fc85fdde05f7ff7804f4
f980e11e1dd1f5fcfd6403b5002f00ff014304d5053df5f209291a9cf92d020500dd1d54fa5cfd65
0462fd05ff6dfce1fb2e04480161fa97fcf7ff3b00cdfd8dff7706b7fed2ff32fd650120ffcb020e
f4950d61fbd3fb39db2c1256091dfd820cf0ec51f6090e3ae66b044c0420f7e0fb2c08100961f8c6
fd16e2720ccffd5ff3e017760b21fd4afe24f6eb0f9eeab011550ef0111d03360945f556f4300267
02c2ff37045bfafc00b60035fb8c0599fe1903c4000a00f501940276fe54fafdff3afe5cfc45fe48
ff2cf739f3a303e8ed72ff56feccfcd70fb9fc4dec75f8b5eeb7f13d01b2090feeb0f2c80691ff36
0dc9f647ff4cfaecfe4ef5dd07bff9b9eeb31300ecb50424f58a12880f11fc91fa5302b3f75df572
02fffe69030e00cbfee1008bfb4102030384fed6ff6efba2fc340237fe8203aa03bd01e400d20336
fcc6f45216ca047ffd4d08e0d52bfe0d07840551f0a0f6b91765e6f1f55bffbaf750081916e1eba2
fa740441fc7bfe360424fb8dfaa7fdb401cd043efdceffb0fb87fd67fb1702ddff50041a04cefbef
fea5f7e8128cfa9e0cee029207c7fcd9e8a2023cf906ecfe0a75fdf40c9a13eff1442988fa5df0e2
04bde281fc5c025efe4f04ad0aa3fcabf712f59a1734f21e0a590d270cd7f9cf09a0effb08d610eb
0a9c0373fb38fa410834f931eb84028ced4cfdf10a75fe090b421038fe5cff11f43d029010ea0063
ff9a02750568fad9fefcfbf30440011afbca030bff25fb3a045df9e2039802fb05430159fdef037f
03a2ff3ffd43fdaefbf7f9ddfeb9fd6cfc4102cf036efee7024b035102b7031b019606d4fd18fe56
ff26fbddff20003300c4fae304a8fba0f9f0fc0e012ffc8401ab007304e9fffafd1afcd2fedafdcb
fc15fd4e000afd2df9c5fef0fea7fc5bfbb5fa56fff3fef8fbc3fddf0407022600fc056c02bafe08
f8b6ee14f7f8f65a1514e83afb4afc9b0061111f0d9e1041004fffb9f811ff1fe6fcfcf4066b0cbe
f5ecf1f6ff72fb20fefefeb7f772005a02fefb9deb6de57806ef074bf304f1eb01cc062604f0f1eb
fd77fccbfa49facffb6bfdce006b023904bd05fe0383fb45fa6e058bff51015b0190fcf9faadfd30
ff42f7e0f7e70114f5f713d30d4a018e1923fdb3004100dcf7710943f845e5ef0e8a03ceffc10907
fc7d0305021b0333fbe3fa9cfff7036ffd9dfdc8035e0271032000a5001c02300164fbc7ff55fe59
0064062afe58fb30fac6039cfdddfb56f9eafc05040a03eefaa8008102ef0177fb21fd30fd93055d
fbf700d7fe8cfd08056804a500ecfb25fdfafdb4fcac0234fbf1042901c60598fe46001001e1019d
0a26fadffc70fe1801edf4a307eafbf8ee8bffec11800735f882052009600ea4ff34ff03014ee56a
ff10ffd3fc2d04b6fe3303eafe0ffe07001e043bfb21fa6004b6fd7f043efd29fba8023dfb48fb20
fdfd165b04d1ffacf4bbf518133ffa48fc33f754e5e5fb391572026d00d32521e525038b05800319
f84ce53a017ff7a40abaf24be718fbd5f98a0a1e08b20b80f1d2094b17dc0aa1077308e608ba0de0
fb63ff26034905060671ff3f00dd00fa0157042d01bdfdf7ffd203fdff4efce9016bfe38fc1cfd49
10e10700e66ffcae0e27f900036dfbf52188fc1005b20cf6e57cfd28eccbdedcfd310afb0be1fd06
fb1efd1c0b1ff7d508a40dfbfd13f94002b211d3fe60140ae765eaa7fc32e9b30f48f0af07770444
0509001dfba20294fdd402380343fd070108ff4805bafebb055a0170fcc10499fd05ffc0fe82fd1f
f9a1feb5070aff9700c400b6031503b904ba07390121042805f9ff91f6f4fcf9fc6c0a73fbe6f837
03aee8b7115600f0f6f213240c3802e1ff2ff74ff6aceb9e069e051f032ae05904050ae7f36ae70c
fed8006d03a7fc66007dfaad00ebfe2602d3000ffbee063d03160596f9d90154f9a4facbfb48050e
05bb011eff08fa38fce6fc8a0600037fff1cfa82fbabfeaf001801d5fe7d01dd0213048a0189fe7a
f928fad5f1660003f9ddf16cea2afbb0f92bff62dd7fdd380f6df58dfbe6e580e596f115f1c3efa0
ff6707740b80fa78f10c17e8fe6ff8a5ff270c99f9690637fa2000f4f750f9d109b9021a012dfb32
fcfdebe6019e00ebf6f507b8e49fffaafd32fed7e9e707d905790550ea9defeffaa508800157d2ad
07660044ff200398fdf8013a02c0fbf200bf0719000402a0fe620589fc09faf605c902baff3cf6ae
065002f2ff0dfb5bfd55febd03f5024ffe7dfd850453fd5904c8009efda1f9c2074ffd9d025af9f7
0354029500e4fd11fb98018702e5fca2fb43045f03ad02f00019002701a7fc7d05680163ff5301ec
fc4ffc28fb20036602b4051bfe27ff160345fbb2031d06c802b6fd32034d03290430033203dafc8e
0090fd920109fefbfcf9feb903c8fc5401e7037104d40159ffc1004efd62054dfac9fc5ffe4bfbd9
02490a7b0d4cf95de91ffa700d39fbb70040eb160379fc1d08ce0483061af31e04370a9ff845db68
0d4bfcc00488f9ee083b0234eb52f7fd0d47fbbbf71305cee9860479eead09d6fc72f9d016b902c3
1033f99c03b303041a08063e1575004afef50359f472008a0add01cb0fdef9e3f564fe87f57bdcea
fd97fd74015cfd82dfd5f594f736fae605a700acf1b91296efce0b99f084f83a0299ef4efeba066d
0354ffe603a202f302bb05e4fe2804c1056a022af9c4fe0904f203f3fc45facc04940380039efa7c
f92b0786ff82fe8b01c809bcf78f02760a95161301acf0aa0740eb2207d4029700d60276f227f253
17cf0f9b194bf63ae1aa0fbf2022ff290c89f8f90372ff5b08c1f9610f28f06617390b5cfa21e7fc
e2cde43ad990010610dc0674fe2afe1ae67d09fa06eff9280ccbf5e4f32203dc015d0934fdbd06b0
08bbfcfaf7b2f915fedc03a70ac4fac7022407a914a8fcf609c5f9de06d308d4136009960b2de8ad
fcc1052700eb050ffef7fdb90317fa1f04d00220fde20097ff4e04fafeb4045a0084fcfbfcb5ff4a
0882f60a07b6fba1eb9dda5cfcacf8b9fc560bb50277ebfb0019ecc7fe8a0bc506a10157f803f418
ff56f8edfcedfd57ffb60019fc69043c018cff0602fdfb8e00d8fc260458fdf4fb4003660128fc9f
065c017202be00c906a102a20138fb3502e1fc63fecffc67039dfd9aff89fa57034bfd910076fd42
03770011029700ddfe20046b05860488fb7b01710213fedc0438fd76fadb05a40112000a04b9fdc5
fd27fb69014f0537fb240124028504730222ffabff8c04f50279ffc400b000f900240332fdec031b
fda40b3fde430210f5a00b3e021ffe550e72df9ecc4efe2702161636fad00733e9dbfbd4148c0c2b
0cae0096fd4ffc680253f34fee25fefff96e099af486015cf783f79ffecbff5a17faffdbed7bedd7
fbc10747053efafb03890370027cfc63fb2ef9b90080013202a4fe7102420364fa15fe12fd6703e7
030d042d022a025efc64057b002905d604e4fe9a02ce041703f9ffe2fe5f034301ed01b6fd45fbe3
0446ff8c0306fdd70330fad5ff1afb81fd21fbb0fc6302be02c2059dfaa7fb2c00e50378fe89050c
fca5ff17ff0ffe63037cfbd40283fe930134043204a10079faaefe0c02c4fee7fbd90321008efd57
fb1afd950aadf95bfa78f4e5013dfb7a0d2309cdec660e1f05b515b5f09cf533e214fe01ee800578
fa8116adf8c4029eef2711a2080efe5fea8c059404bcf69fffa1097afeca09a70cbd145606680f1f
ff50031cfead058efb56fabf025203b0037004cb0331fcb5ffbfff97fd68fdf703f1021cfd1c03e1
0000000000000000000000000000000000000000000000000000000000000000ff1af97bfc0d0416
0000000000000000000000000000000000000000000000000000000000000000043cfc31fd96fb00
000000000000000000000000000000000000000000000000000000000000000002a0f2a0fda30479
000000000000000000000000000000000000000000000000000000000000000014780b8dfe5df145
0000000000000000000000000000000000000000000000000000000000000000fd4e009e02570106
0000000000000000000000000000000000000000000000000000000000000000f768019a014fff3e
0000000000000000000000000000000000000000000000000000000000000000ff65064ffba4fedb
0000000000000000000000000000000000000000000000000000000000000000fd4e0219ff8dfe8e
0000000000000000000000000000000000000000000000000000000000000000ff5fe2b8004fedb5
0000000000000000000000000000000000000000000000000000000000000000004d054ffb7ffd81
0000000000000000000000000000000000000000000000000000000000000000fc62006cfe6a052c
00000000000000000000000000000000000000000000000000000000000000000aa1dcb0fd950074
0000000000000000000000000000000000000000000000000000000000000000fb2f04aa052bffab
0000000000000000000000000000000000000000000000000000000000000000ff02ff46feb4051f
0000000000000000000000000000000000000000000000000000000000000000e36de5a7fdf400d1
0000000000000000000000000000000000000000000000000000000000000000f1fffdecf9f60736
000000000000000000000000000000000000000000000000000000000000000001feee77fb73f1d2
0000000000000000000000000000000000000000000000000000000000000000fe2df935fb450006
0000000000000000000000000000000000000000000000000000000000000000032ffd8804610b1d
0000000000000000000000000000000000000000000000000000000000000000fb81fd640197fef5
0000000000000000000000000000000000000000000000000000000000000000f2be059efa071551
0000000000000000000000000000000000000000000000000000000000000000fe86ffe80547ff3b
0000000000000000000000000000000000000000000000000000000000000000e4741584feb90e91
0000000000000000000000000000000000000000000000000000000000000000fe57063c05c4fcee
00000000000000000000000000000000000000000000000000000000000000000212029dfdc503e9
0000000000000000000000000000000000000000000000000000000000000000036c06abfa7efa32
000000000000000000000000000000000000000000000000000000000000000005b7fb6efae80029
0000000000000000000000000000000000000000000000000000000000000000d9eae2fd00a3f1f3
000000000000000000000000000000000000000000000000000000000000000000e615b5feda04f0
000000000000000000000000000000000000000000000000000000000000000010fdf2cdfa12f48d
0000000000000000000000000000000000000000000000000000000000000000fe4e05feff0ffa93
00000000000000000000000000000000000000000000000000000000000000000260fc1afcb0fccc
0000000000000000000000000000000000000000000000000000000000000000094ce323fd71f00c
00000000000000000000000000000000000000000000000000000000000000000064041f028800b3
000000000000000000000000000000000000000000000000000000000000000007c50eef0027fea9
00000000000000000000000000000000000000000000000000000000000000000dd9141afc42ee11
0000000000000000000000000000000000000000000000000000000000000000fda3fa6600bbfefc
000000000000000000000000000000000000000000000000000000000000000002dffe20ff260175
00000000000000000000000000000000000000000000000000000000000000000101fe7afcb30170
0000000000000000000000000000000000000000000000000000000000000000fede184ff9360918
0000000000000000000000000000000000000000000000000000000000000000ef87da79f8410e59
0000000000000000000000000000000000000000000000000000000000000000feb5fcab00a20275
0000000000000000000000000000000000000000000000000000000000000000019b0e5cfdec03d6
0000000000000000000000000000000000000000000000000000000000000000f4241663fdecf99f
000000000000000000000000000000000000000000000000000000000000000002b807d704a3027b
000000000000000000000000000000000000000000000000000000000000000001aa0a1f0096f03b
00000000000000000000000000000000000000000000000000000000000000000220f84402aefbb4
0000000000000000000000000000000000000000000000000000000000000000000902e0ff19f680
0000000000000000000000000000000000000000000000000000000000000000e27f01c5ff85007e
0000000000000000000000000000000000000000000000000000000000000000fd86f389ffa7f1bb
00000000000000000000000000000000000000000000000000000000000000001228ef74f9880874
0000000000000000000000000000000000000000000000000000000000000000fc96fac902c101ed
000000000000000000000000000000000000000000000000000000000000000001d3f310033a0cfd
0000000000000000000000000000000000000000000000000000000000000000fef40389fbcefb49
000000000000000000000000000000000000000000000000000000000000000011a7ef37f8ad0406
0000000000000000000000000000000000000000000000000000000000000000109ff994fa18fd19
000000000000000000000000000000000000000000000000000000000000000004b7fe4bff40fbc2
000000000000000000000000000000000000000000000000000000000000000006f90520fc3f1214
000000000000000000000000000000000000000000000000000000000000000003f4fc7afa760bed
0000000000000000000000000000000000000000000000000000000000000000fa3afcf002ad05a2
0000000000000000000000000000000000000000000000000000000000000000123f048e00ddf82a
0000000000000000000000000000000000000000000000000000000000000000fffa0299ffb60370
000000000000000000000000000000000000000000000000000000000000000009ee0748ff550d9a
0000000000000000000000000000000000000000000000000000000000000000ef8cfccdfdce0c26
0000000000000000000000000000000000000000000000000000000000000000fbd30658fbc10682
0000000000000000000000000000000000000000000000000000000000000000fd41046d01b1fb3c
000000000000000000000000000000000000000000000000000000000000000004f8ffb8fcc9fad2
0000000000000000000000000000000000000000000000000000000000000000f9af00acfe6ffd2e
0000000000000000000000000000000000000000000000000000000000000000022d01e3fde2fa33
00000000000000000000000000000000000000000000000000000000000000000675eb54f899e654
000000000000000000000000000000000000000000000000000000000000000016580fd9fb640f58
0000000000000000000000000000000000000000000000000000000000000000ff2a01c501dffefb
0000000000000000000000000000000000000000000000000000000000000000f3d5fe34032d0a83
0000000000000000000000000000000000000000000000000000000000000000fc94fce102b7fad5
000000000000000000000000000000000000000000000000000000000000000005c004bd05ac0462
0000000000000000000000000000000000000000000000000000000000000000006a045d05a0fd38
00000000000000000000000000000000000000000000000000000000000000001644f742faceee1d
0000000000000000000000000000000000000000000000000000000000000000fd3cfe35fcb10292
0000000000000000000000000000000000000000000000000000000000000000ea9cebb9f9900b94
0000000000000000000000000000000000000000000000000000000000000000ee36fa52fa49032b
000000000000000000000000000000000000000000000000000000000000000002fd05db05ce04cf
0000000000000000000000000000000000000000000000000000000000000000fe57feb9fbe8f8bc
000000000000000000000000000000000000000000000000000000000000000000f8fbbcfa9d023c
0000000000000000000000000000000000000000000000000000000000000000f6e400adfa42052f
0000000000000000000000000000000000000000000000000000000000000000fefafecbfea00695
0000000000000000000000000000000000000000000000000000000000000000ff92059afec6f96d
000000000000000000000000000000000000000000000000000000000000000001910498033c0425
00000000000000000000000000000000000000000000000000000000000000000443fcaf02b60690
0000000000000000000000000000000000000000000000000000000000000000cf1cd645fc85fc74
0000000000000000000000000000000000000000000000000000000000000000fb30f2ee010c0275
0000000000000000000000000000000000000000000000000000000000000000f9851575f81108c2
000000000000000000000000000000000000000000000000000000000000000000c9feef05010258
0000000000000000000000000000000000000000000000000000000000000000031a05fe03f0fac0
0000000000000000000000000000000000000000000000000000000000000000014703af01e9fac4
0000000000000000000000000000000000000000000000000000000000000000fff1ffa60111ff01
0000000000000000000000000000000000000000000000000000000000000000fb9206750521fc28
000000000000000000000000000000000000000000000000000000000000000006eff987fcb4ff8e
0000000000000000000000000000000000000000000000000000000000000000facb07b9fbaa0347
0000000000000000000000000000000000000000000000000000000000000000d9350edefc341049
00000000000000000000000000000000000000000000000000000000000000000365080dfacaf8d2
00000000000000000000000000000000000000000000000000000000000000000155fe630532fca7
0000000000000000000000000000000000000000000000000000000000000000109a031ef8b1070d
00000000000000000000000000000000000000000000000000000000000000000ed40f54ff7d09f4
000000000000000000000000000000000000000000000000000000000000000004f6e6e001b30c2e
0000000000000000000000000000000000000000000000000000000000000000015b082cfe1dfcc4
0000000000000000000000000000000000000000000000000000000000000000054cfee101220264
0000000000000000000000000000000000000000000000000000000000000000022d00d3fb00e836
0000000000000000000000000000000000000000000000000000000000000000051afd81fe2103d8
0000000000000000000000000000000000000000000000000000000000000000fd1afb3604ea058d
0000000000000000000000000000000000000000000000000000000000000000fd9b050004d70186
00000000000000000000000000000000000000000000000000000000000000000513ffa804a8f9e8
000000000000000000000000000000000000000000000000000000000000000013fcf25d053806e3
0000000000000000000000000000000000000000000000000000000000000000f987116eff64f9ba
0000000000000000000000000000000000000000000000000000000000000000030ffc62fd7001c0
000000000000000000000000000000000000000000000000000000000000000003cc04b8041302a9
0000000000000000000000000000000000000000000000000000000000000000fc810198fcf5fcb0
0000000000000000000000000000000000000000000000000000000000000000faddfa35fd980300
00000000000000000000000000000000000000000000000000000000000000000328e93201e41377
0000000000000000000000000000000000000000000000000000000000000000052116ccfe8c108f
0000000000000000000000000000000000000000000000000000000000000000fcf503ebfbd1ff8f
0135199001b9e825f14a0f77fa0913a4fcb9e5fd0a8f021be0edfafd05e1028ef43c103fec03f48a
0c500a92e1e902bd13b70c77f7d1c5d20178edbf0e55000c032bf7efee2803f110a22145ea75f731
0434e5d0f88aff0afabcff8cf7d7f94a098ac74003c60e04ffc70aa0dd41e7a4fee5d017f2aaecc2
074ef9250df8f6f4f5b9eb36f15c10d808990d5afd6fe92112a7feda1276f752fa02fc270860034d
0ad5fc3701630a88dd18fc13ff1c13df09c5f1bada5600eaf56efd16ec15012cfedc182ae8590048
038ff4b62007f1ebe30cef7ef792e59a0e04cb1bfd400bb0f3dbe49ceed0edd8e884f5a5f877f229
f9250667052cff9efae6002df9d1feb70542faaeff91ffc6f7e3035b013cfefafef4f9e5f8ff0093
08d3fc6701f803d20345f6d815aeee5102f5fb32eb55f8c3fab3044113f502c501c2ef22f17af91c
0c18edc90137f5a80bf9f6a903d2fdc2f586fa19fba1fa62d9eff4e610340168ef7000a02042017c
ea24de24fa4ce307f2f6fde90bfcd6e603cee2acdee1e29106a9dbe5eeedf4f9f546ff4efff4fa61
0a2e0511f9791873eb990938008de38c011eeaaf0d610182f18d08fd1121fb13107af4eb0b70025c
0bb40527fe79077b0b4606b0fa920041f412f2e4f765ee3af3a6f843ef47eab21f58ea5906fcea66
058b03cceb31f083073ae849f93803b90afff4620e190a01016fd483e9f2fe0eec8be805fc0ee9e5
1283f1adf2c5d7a6fb51f3c9ebb1d4950b9afff8116109b6fadfecb51616faef12a9fa8f0dadf3e2
f167eef000befc98dd980349ee89dcb80870f186042305950d8fcfdc150e0348fd3afcc10b40e2c7
0e82ea0ff6d100a90831f521eb640c79f2060caaedc0f38905c0fbe110200130d27304cbd5f026b1
05e612dcff8df739ec48f5630a960014effc028af44eecb00ba30201ea5dfef5ec07019e1645e287
fb07f8b5fc63074fe15ffb220b2ffa5003670824012101ab0dc2fa60d9b3f41c0acaeb1506bdefad
ebff0e8bf5cf117efd56f8e5e456e0fef6ffe942f9270357ff71153b171f05b9f4240222edef0866
e1f70517296009eef017e89fee95f14df48f0207fbd9ef37fae30692e83ef469fe10f5450a2e00a3
e2ad0c7dd6ca01f9fdd3fa9206fb09ff0ac1f0a50a620b800b92f1f0f8d8e3d60d6dfb07faec074a
fd96eda10cd2011b0a1df68ae9c8e17205d10d2901e40b88f6d8fa040897043ff93bf9c21653e458
0110fdd2fb29fd87fca8fc8bfc5efddd0170f970f88cfb16fc460330fb230005fce90018fee6fb57
f5d10580f576f83cf5c908c3ee3adfeef8c7e99e08940dd3f0e5fe78e5bc0505056f05b4f9a2213a
f5f1f4c7f83fe3d003f9ff2408fedc540566f1cffd35109ae1b4e572dfb5fcb9ef100eb8e780eb0c
efe8d237eff0e778edc3e09ef18bda83fe200265dd59c08fda5cd162cb0bfe63dea2024ecc19ebd7
f7b104780bf2d86bfefef9b706edff5705de0052055201f1083cf70fedd8ee9c0877f23f0f9e0e62
e0c9ff13f18dd9e6f6e00b731253123ef0c2dfb6f569073bf424dd5fd4e8ef80076cfb2e015ffb55
0917fd15fab5fc7fe031106dfd531848e84cef24f755fac705d10079fe780660006f09ab137403d2
0606ef9ce7690e820223ed7cfffa1b39ec08f567f5adf3cee7250874e024ef070ad8fdf3ed6209dd
fb0f059b0280f8dc01c100f500bdfde7ff19ffaa0350012afbec02f30237fe60fe0b00fe0270f79e
eede023aede4f481d963041cf8c1f70ff7a811fc0ece09b5ef93fc6700432ba9f31b1818edf8eaa5
f1ebf1b401b504c9fcba0b4b03eb04d6ff23ec4be45005cd046e051905db07730698058100bb0976
ee04e6b318c8e47ded00cb26e2870584e105ef700497e2e1daa0dcdf0452f77de5dddfb3ec62df78
0a8010fb05c603e70b33eafff36dec0cf1cf0f300023f493fe7308c60886ff89dbadf6d8fd6df94e
f03bed64f73cf2c1e722ee3efddeef7e0050ef2dd376fd45049a0bd1eb0ff678eaaf11eefd36178d
e2a318a5fe57efaff3f9df04141d0bfe07b10911eca7080f06ecf8b5fa64f2baed90017fe650fd15
0a400347f15e00cafbd50131eabdee6700740f15076c0179e297e8e3010811dffdbb0f06ef2df5f4
f20bff0af6420bf5e9fe087b05f0e7d00620e9830591081beb2a09f40000076dfe76fcecf34a02c7
fdc10569f40fed47df83e67bf2fbe91c0f0201c9efea06910aa50758ff6909f8f01400b90007ef10
f734f46cfb17f97cfff1fd9eff1bfb430208f87efd44f562fd3ffca4f3f7f66cfabdf4dfef4bf79c
fd5bf9adfafdf97cfc360096f9be042f05ef0373fb29f8b40486fc74045ef895fda40253fe9afde0
fdfb01a7ffc20505030d0476f8bbfceafaf0013af7d0fcef02230181fd5001b7fa44f934fae1f99a
f8f80999f1980c740d4be92bf978ec460704ed9ef2390c7a07c5fd9efef90813249304a7ec56f0af
f2cd0913df240543f05209dff29eebdeec6cd51d0f17de22f9970e4f0279f49efe6dfc8006340cd2
f057e5dbe45c1359ef77fea3ec0cfa69f974de2fff4c005adf6c23e2e81907d3f99ff897f2c5f2e6
197ff459f0e5ee4bf33ce7e9f5fbf4f6d9b4003d147a1214fc66f2eb00cdeddcf53bfd65fb82f536
e50cf2c002fafb65ff3af66e0ba609c3f28513b7e508eeff071df0b0e2d504d70033031903ecfd77
18bdfe0cec45095b12f70dc3ebc3ee010a97fd84ea7ee978dc3ffd49f09f09170803060c1349fad2
dd9ff631f390f582de3affe2e9931d6ad82d0caa09aef44ce527038ef1490da5f0f8d6f8e6b5f094
f203f2eef1db05b302960acc0f0a0548d82fdf24eeb0f0420cddfc9ce3f006e3fb1afcf5f9b709f3
fe4b131bff6b08f10ba0063bfc00009fffdbdd9414dcf7bde93a07e006bff115f60bfcd7080302cc
f95cf6caf951f74df9a3fe18f5d7fc7ef24ffb87fb36fd5cee84f520fe52fb3af699faa4f60bfb02
f9cf002d07e416e502c3fe5a09c90c2ffa00d502fe55f88109540020fdf1d3c302b2d132f307f990
e39dff420ca6f5abf90ee2deffd40d5b018f0069ea8ee6c6ec281290eb4706bde9c2faed05a00089
01790e4c1063faf4011ceb2407ad0b9fec6202e1ea45f08df00f064100fbeee6ee04d3bbfb01f191
00b1f6c1f5e1084bfaaef468f29e0b1a08d9e993031c06c924f419f0ee59f06bfc860b76e9791167
e5270c1701d9006906b3fffc07cb0319f34ae6e10541f1d40f090bc5e1fff6230bfcda9c0d230718
f148fc1cefeefd15f0cefb79e8c9cdf90e4bee33045204fee04a10c20425ff8c01a4eee8ed7ee521
05a9e7baef3ceb801279fb88fdc9eca00bc4d72208a40e23f8c9f60c0eacf8481254f62ef00c082e
0be7fb110904cb8ce514fc24168317cce46fff7ffcc9fa05fd4ced5eea81044bfba8fd57280ff2a7
01d5f9b9f96a0144ff61e9f0cf13a4060e15f0c4057e0be705d0f551ff330292dd2c0174fd18eb3e
f68b1677feffeaeedcd1f5800ab2e68ff9360ceb0e37f4aef281f5d403580136f962fb18fd6cf5b4
0240f77106430a4c0d91f0c9f1b0fbc8f6c0f7750bd7fd51eb88fd6311b8d641f8c9e376e230fa3f
03900e2efccacb76fb0fe92c0364e2dfcb080ddcf941f325e5a5fbee09220c880008de87f5a9e6dc
00a208f1014df3eb07faff2bfd1dd622ebbf014ce4d6f478db77f4b10de01577147cfb9802820059
034a06190a5bfa4d0cf40e230775f2b2f4dc0fa0ffe7f60afe79047d0689f979f74813d0fd44038b
0f35efefd6dcf770e295f83df0a3f918ea8ce5c2df31f615f675fd06d80dfbc5f2afe98bde1afaef
12d6e648ebde1d60f5b4f811091ecead07f0ead3f6ec07d502790a76f12cf6abf159e2a3fe0cf534
0ec4e18106a5004c0b530d52efeafcfced7c07db15ccf86eef42f863fdbd045a0b2ae5d9e8c21227
ff89f477f0880b0afa73f707f53400ac07aa0b480403f8790d2b032a04e3ed85ed9ff3dfff0ef491
fb14f81e0ccdefa7f4d7100f062ae8e004940532eb4308ec042cebc7e5d0fb83071bff7ce8e00db5
fcbbf9a7fc7afe8c019f0383fb72028afc7efa31fccf02b9fccc016cfc3afac0fc3f0435ffdc0450
06bad95a14b5fc7c0c6400e2fa1df77705721375f12201b7e7dce3f112beffbffdc10dacede1e272
d813f8a4f1bcf4ad11a606910144f2970f59f4c2ddf512b2e61cece6ea1fff9f00bf019cf44beb0b
17bbf7caf022f064f956ff3cf67b0f5fff58fb0efa02f5740794f5cb061cf1281b43fbd0fdadfd36
0347013cf3e8f0d3fcccfca0fe03fadaf988f565f7e5facdf940fe92f20efccffbf3f074fbe900de
db3c079b098c0e4c0974086309db0629f8b0f7b9e54ffa0cea92ff56f92f0208ffa505fbf449fdcb
052a0ab0fe09ef9cd48305f206e418f7fc2aff8c1ae3f267cec6fd15087603e4fc24ef03f0410819
eea4e844f82efa1b0bf008d1e3f0f016faece4ebfd3bf941133e040801570599ff8ff2f40ef8ffa5
fb5ee849f28de599ebcafb0b08580a6a05d91716fa05026606d9fd62f18eeacbf67bfa1df9c3ef61
025cffc60044048302fffbd205a5019e034b037900c2f8fa025205bffb4204fafc4cfee6f85002a2
0358048b0504f65713080dd9fb411012d42dfc24e976d8770b38ff13048e1223fcb4fd36daff054c
ffade940099ff6800145e11518cdf48c043cfcdace5cfdaaff0eecc8fcbb1404ed09fdadf491ee3f
00000000000000000000000000000000000000000000000000000000dff5f79fe6710c0dfaca0572
00000000000000000000000000000000000000000000000000000000e02600e3f6a605d8fc7e00fe
00000000000000000000000000000000000000000000000000000000ffe50de1f61be30b0746033e
00000000000000000000000000000000000000000000000000000000ce6ae28fecd7fea3f576fe1c
00000000000000000000000000000000000000000000000000000000f725f040eed5f6dafeb4f6e4
00000000000000000000000000000000000000000000000000000000e3360864d42bf992ff56feec
00000000000000000000000000000000000000000000000000000000fd71f7c70012fe6d052ffae7
0000000000000000000000000000000000000000000000000000000000de094b0e89f3c3fa56d99c
0000000000000000000000000000000000000000000000000000000019c1fe931b9702d5eb49e010
00000000000000000000000000000000000000000000000000000000a3c6d17ed245f3eef65213ae
00000000000000000000000000000000000000000000000000000000144bfa130c83d0f6fbf0030e
00000000000000000000000000000000000000000000000000000000fdf0efc6edcbf5240675f918
0000000000000000000000000000000000000000000000000000000002bffba7d55f06140631177b
00000000000000000000000000000000000000000000000000000000ea0ae7faf2d4fa3cedd8dd66
00000000000000000000000000000000000000000000000000000000f3eed188ee64f756de91f0f3
00000000000000000000000000000000000000000000000000000000ef66fed6054efcc5f6ddfb5d
00000000000000000000000000000000000000000000000000000000fd9c14b202800bff047ffd94
000000000000000000000000000000000000000000000000000000000bf0ef0214d1fa9000bef833
00000000000000000000000000000000000000000000000000000000036ef83ae636fd69ec43e71d
00000000000000000000000000000000000000000000000000000000f78efde5f872e60bcd8105ee
000000000000000000000000000000000000000000000000000000000590edfc00990a82ed84fcac
00000000000000000000000000000000000000000000000000000000f699fc700d8eea48fdcdf9cf
00000000000000000000000000000000000000000000000000000000ff25009bfc48f8f4fb230080
000000000000000000000000000000000000000000000000000000000629f695ffc7f81100080022
00000000000000000000000000000000000000000000000000000000d753f8c8f91ee51324890ad6
00000000000000000000000000000000000000000000000000000000e71ec994dec3f33ae9620597
00000000000000000000000000000000000000000000000000000000feecf979f8b7ffdfe77ee850
00000000000000000000000000000000000000000000000000000000fef0cd1ff43a127afa7d0465
0000000000000000000000000000000000000000000000000000000015a2fe41ecacd1d501f80646
00000000000000000000000000000000000000000000000000000000073408d308bb039efe280ee0
00000000000000000000000000000000000000000000000000000000f7f4f9d10156011d02cf00a3
000000000000000000000000000000000000000000000000000000000538fd80fa6a062df0e7f500
00000000000000000000000000000000000000000000000000000000dfdbc630e5e9fa59f706daa9
00000000000000000000000000000000000000000000000000000000de0b024f09dbe7d10cf9f18c
00000000000000000000000000000000000000000000000000000000ffcb06d0f60ee7d3ed66e294
00000000000000000000000000000000000000000000000000000000ed3403a3e837f5d703c108a5
00000000000000000000000000000000000000000000000000000000c91ef4d906b9fd58f790f84e
000000000000000000000000000000000000000000000000000000000641f2e80936041bf1500498
00000000000000000000000000000000000000000000000000000000e5c4f8f4d0e8010e04e21121
000000000000000000000000000000000000000000000000000000001362ee99fa010eba082fdbc6
00000000000000000000000000000000000000000000000000000000fd3df44df745004a03aefe91
000000000000000000000000000000000000000000000000000000000263fe78f9d50090001c005e
00000000000000000000000000000000000000000000000000000000fa55fdcdfdc20310fe24027f
00000000000000000000000000000000000000000000000000000000e1fc098cfcc4f2d0f450e6f7
00000000000000000000000000000000000000000000000000000000f6cf0dfcea80f27200c60f57
00000000000000000000000000000000000000000000000000000000f186e87d065f09eaf93bf37c
00000000000000000000000000000000000000000000000000000000ea1bee9df3c0007dee5512cc
00000000000000000000000000000000000000000000000000000000ea88fbf60889180c08300219
00000000000000000000000000000000000000000000000000000000ec1705c0ed8f009de411f889
00000000000000000000000000000000000000000000000000000000efff0fbde163ec55021affe0
00000000000000000000000000000000000000000000000000000000df3e04abe8d21891fceb06e1
00000000000000000000000000000000000000000000000000000000fffde44f0b8bcf9dea5fe7b4
000000000000000000000000000000000000000000000000000000000338fb44f7240109f468f85c
00000000000000000000000000000000000000000000000000000000f00ff83d0248113e0040f5ba
00000000000000000000000000000000000000000000000000000000137f058e0ab5099bf5bf0dfb
00000000000000000000000000000000000000000000000000000000fe38fdd817ca02770268faa4
0000000000000000000000000000000000000000000000000000000007551618f21bfb4ce35ce826
000000000000000000000000000000000000000000000000000000000dd509f3fc62fb08f8d4f722
00000000000000000000000000000000000000000000000000000000049f162e06a8f17d11c40b79
00000000000000000000000000000000000000000000000000000000eb39f851e955ff06f5fcfd61
00000000000000000000000000000000000000000000000000000000e057d036cc2bf2e9f2cced24
0000000000000000000000000000000000000000000000000000000003bb0580145df7e5d7d4ea27
00000000000000000000000000000000000000000000000000000000ed2d035d1d3e04531347119d
00000000000000000000000000000000000000000000000000000000f18f04a2f859118e12b3e81a
00000000000000000000000000000000000000000000000000000000dcd4f0d3cefc157305980159
00000000000000000000000000000000000000000000000000000000e0cbfa9811f7d83cebbbf6fa
00000000000000000000000000000000000000000000000000000000ff51eed0fbabd9e8e873ebc7
00000000000000000000000000000000000000000000000000000000d5130722d852ffbdf25f0e7d
000000000000000000000000000000000000000000000000000000000a4dfca5fb84f5f20199f3e9
00000000000000000000000000000000000000000000000000000000fe680e290908f2e20db7f47b
000000000000000000000000000000000000000000000000000000000902107205dd11c1fe6603a7
000000000000000000000000000000000000000000000000000000000567f597fc92e08400c40a2d
00000000000000000000000000000000000000000000000000000000f88403c101fa017703330153
0000000000000000000000000000000000000000000000000000000000d9eaa905d2dfba0bbefe93
00000000000000000000000000000000000000000000000000000000cee3f92ce7fef20308b8f8b3
00000000000000000000000000000000000000000000000000000000fa6311c90936df80ea0b0ad7
00000000000000000000000000000000000000000000000000000000fdbcf564f9e6fe1ff92af480
000000000000000000000000000000000000000000000000000000000944f42ae8cc08fdf6e3f46e
00000000000000000000000000000000000000000000000000000000077a0287f3860949034b048e
000000000000000000000000000000000000000000000000000000000fe103a1f862e77e06810dbf
0000000000000000000000000000000000000000000000000000000017cc0bb9067af3a1031b0464
00000000000000000000000000000000000000000000000000000000fea6fc28f9f10625ff5dfbd3
00000000000000000000000000000000000000000000000000000000da640bcce1b311f9f064fef2
00000000000000000000000000000000000000000000000000000000152bef3af021eb61f141f434
